<?xml version="1.0" encoding="UTF-8"?>
<gpx version="1.1" creator="unburnt" xmlns="http://www.topografix.com/GPX/1/1">
  <metadata><name>PCT - California Section G</name><copyright author="OpenStreetMap contributors"><license>https://opendatacommons.org/licenses/odbl/</license></copyright></metadata>
  <trk><name>PCT - California Section G</name>
    <trkseg>
      <trkpt lat="35.662931" lon="-118.026482"/>
      <trkpt lat="35.662928" lon="-118.026393"/>
      <trkpt lat="35.662948" lon="-118.026309"/>
      <trkpt lat="35.662966" lon="-118.026237"/>
      <trkpt lat="35.662970" lon="-118.025971"/>
      <trkpt lat="35.662996" lon="-118.025767"/>
      <trkpt lat="35.663011" lon="-118.025687"/>
      <trkpt lat="35.663005" lon="-118.025628"/>
      <trkpt lat="35.662971" lon="-118.025470"/>
      <trkpt lat="35.662992" lon="-118.025298"/>
      <trkpt lat="35.663005" lon="-118.025224"/>
      <trkpt lat="35.663024" lon="-118.025167"/>
      <trkpt lat="35.663091" lon="-118.025056"/>
      <trkpt lat="35.663162" lon="-118.024957"/>
      <trkpt lat="35.663429" lon="-118.024810"/>
      <trkpt lat="35.663565" lon="-118.024766"/>
      <trkpt lat="35.663630" lon="-118.024739"/>
      <trkpt lat="35.663727" lon="-118.024686"/>
      <trkpt lat="35.663808" lon="-118.024644"/>
      <trkpt lat="35.663867" lon="-118.024586"/>
      <trkpt lat="35.663892" lon="-118.024518"/>
      <trkpt lat="35.663867" lon="-118.024411"/>
      <trkpt lat="35.663825" lon="-118.024304"/>
      <trkpt lat="35.663777" lon="-118.024212"/>
      <trkpt lat="35.663705" lon="-118.024125"/>
      <trkpt lat="35.663636" lon="-118.024020"/>
      <trkpt lat="35.663510" lon="-118.023810"/>
      <trkpt lat="35.663425" lon="-118.023588"/>
      <trkpt lat="35.663363" lon="-118.023363"/>
      <trkpt lat="35.663358" lon="-118.023281"/>
      <trkpt lat="35.663363" lon="-118.023207"/>
      <trkpt lat="35.663413" lon="-118.023046"/>
      <trkpt lat="35.663472" lon="-118.022941"/>
      <trkpt lat="35.663519" lon="-118.022849"/>
      <trkpt lat="35.663621" lon="-118.022676"/>
      <trkpt lat="35.663667" lon="-118.022574"/>
      <trkpt lat="35.663697" lon="-118.022479"/>
      <trkpt lat="35.663717" lon="-118.022400"/>
      <trkpt lat="35.663720" lon="-118.022312"/>
      <trkpt lat="35.663711" lon="-118.022226"/>
      <trkpt lat="35.663698" lon="-118.022113"/>
      <trkpt lat="35.663660" lon="-118.021865"/>
      <trkpt lat="35.663616" lon="-118.021543"/>
      <trkpt lat="35.663635" lon="-118.021394"/>
      <trkpt lat="35.663677" lon="-118.021054"/>
      <trkpt lat="35.663735" lon="-118.020822"/>
      <trkpt lat="35.663774" lon="-118.020610"/>
      <trkpt lat="35.663857" lon="-118.020403"/>
      <trkpt lat="35.663976" lon="-118.020041"/>
      <trkpt lat="35.664020" lon="-118.019818"/>
      <trkpt lat="35.664312" lon="-118.019373"/>
      <trkpt lat="35.664447" lon="-118.019122"/>
      <trkpt lat="35.664573" lon="-118.018871"/>
      <trkpt lat="35.664859" lon="-118.018502"/>
      <trkpt lat="35.665152" lon="-118.018036"/>
      <trkpt lat="35.665730" lon="-118.016778"/>
      <trkpt lat="35.665763" lon="-118.016729"/>
      <trkpt lat="35.665808" lon="-118.016718"/>
      <trkpt lat="35.666294" lon="-118.016688"/>
      <trkpt lat="35.666463" lon="-118.016650"/>
      <trkpt lat="35.666650" lon="-118.016646"/>
      <trkpt lat="35.666795" lon="-118.016635"/>
      <trkpt lat="35.666882" lon="-118.016655"/>
      <trkpt lat="35.666963" lon="-118.016680"/>
      <trkpt lat="35.667053" lon="-118.016692"/>
      <trkpt lat="35.667105" lon="-118.016681"/>
      <trkpt lat="35.667142" lon="-118.016643"/>
      <trkpt lat="35.667176" lon="-118.016591"/>
      <trkpt lat="35.667314" lon="-118.016370"/>
      <trkpt lat="35.667428" lon="-118.016228"/>
      <trkpt lat="35.667622" lon="-118.016035"/>
      <trkpt lat="35.667763" lon="-118.015929"/>
      <trkpt lat="35.667862" lon="-118.015864"/>
      <trkpt lat="35.668107" lon="-118.015732"/>
      <trkpt lat="35.668341" lon="-118.015637"/>
      <trkpt lat="35.668545" lon="-118.015589"/>
      <trkpt lat="35.668739" lon="-118.015544"/>
      <trkpt lat="35.669013" lon="-118.015539"/>
      <trkpt lat="35.669096" lon="-118.015540"/>
      <trkpt lat="35.669215" lon="-118.015554"/>
      <trkpt lat="35.669290" lon="-118.015567"/>
      <trkpt lat="35.669368" lon="-118.015588"/>
      <trkpt lat="35.669496" lon="-118.015639"/>
      <trkpt lat="35.669596" lon="-118.015683"/>
      <trkpt lat="35.669744" lon="-118.015786"/>
      <trkpt lat="35.669804" lon="-118.015839"/>
      <trkpt lat="35.669891" lon="-118.015899"/>
      <trkpt lat="35.669930" lon="-118.015930"/>
      <trkpt lat="35.669957" lon="-118.015965"/>
      <trkpt lat="35.670062" lon="-118.016047"/>
      <trkpt lat="35.670189" lon="-118.016130"/>
      <trkpt lat="35.670231" lon="-118.016157"/>
      <trkpt lat="35.670255" lon="-118.016155"/>
      <trkpt lat="35.670282" lon="-118.016142"/>
      <trkpt lat="35.670345" lon="-118.016090"/>
      <trkpt lat="35.670511" lon="-118.015968"/>
      <trkpt lat="35.670602" lon="-118.015896"/>
      <trkpt lat="35.670775" lon="-118.015818"/>
      <trkpt lat="35.671034" lon="-118.015752"/>
      <trkpt lat="35.671088" lon="-118.015744"/>
      <trkpt lat="35.671134" lon="-118.015750"/>
      <trkpt lat="35.671167" lon="-118.015765"/>
      <trkpt lat="35.671473" lon="-118.015952"/>
      <trkpt lat="35.671544" lon="-118.015984"/>
      <trkpt lat="35.671600" lon="-118.016037"/>
      <trkpt lat="35.671795" lon="-118.016188"/>
      <trkpt lat="35.671933" lon="-118.016409"/>
      <trkpt lat="35.672080" lon="-118.016617"/>
      <trkpt lat="35.672201" lon="-118.016820"/>
      <trkpt lat="35.671919" lon="-118.016619"/>
      <trkpt lat="35.671627" lon="-118.016485"/>
      <trkpt lat="35.671521" lon="-118.016453"/>
      <trkpt lat="35.671442" lon="-118.016456"/>
      <trkpt lat="35.671325" lon="-118.016437"/>
      <trkpt lat="35.671315" lon="-118.016450"/>
      <trkpt lat="35.671503" lon="-118.016625"/>
      <trkpt lat="35.671900" lon="-118.017138"/>
      <trkpt lat="35.671873" lon="-118.017149"/>
      <trkpt lat="35.671530" lon="-118.016993"/>
      <trkpt lat="35.671224" lon="-118.016890"/>
      <trkpt lat="35.671184" lon="-118.016897"/>
      <trkpt lat="35.671207" lon="-118.016928"/>
      <trkpt lat="35.671571" lon="-118.017140"/>
      <trkpt lat="35.671778" lon="-118.017360"/>
      <trkpt lat="35.671584" lon="-118.017267"/>
      <trkpt lat="35.671281" lon="-118.017210"/>
      <trkpt lat="35.671283" lon="-118.017235"/>
      <trkpt lat="35.671479" lon="-118.017349"/>
      <trkpt lat="35.671685" lon="-118.017535"/>
      <trkpt lat="35.671753" lon="-118.017657"/>
      <trkpt lat="35.671802" lon="-118.017774"/>
      <trkpt lat="35.671810" lon="-118.017947"/>
      <trkpt lat="35.671978" lon="-118.018230"/>
      <trkpt lat="35.672226" lon="-118.018499"/>
      <trkpt lat="35.672315" lon="-118.018490"/>
      <trkpt lat="35.672452" lon="-118.018462"/>
      <trkpt lat="35.672518" lon="-118.018424"/>
      <trkpt lat="35.672714" lon="-118.018219"/>
      <trkpt lat="35.672767" lon="-118.018197"/>
      <trkpt lat="35.672938" lon="-118.018035"/>
      <trkpt lat="35.673048" lon="-118.017913"/>
      <trkpt lat="35.673098" lon="-118.017901"/>
      <trkpt lat="35.673362" lon="-118.017967"/>
      <trkpt lat="35.673553" lon="-118.018132"/>
      <trkpt lat="35.673740" lon="-118.018220"/>
      <trkpt lat="35.673856" lon="-118.018221"/>
      <trkpt lat="35.674274" lon="-118.018130"/>
      <trkpt lat="35.674776" lon="-118.018102"/>
      <trkpt lat="35.675197" lon="-118.018134"/>
      <trkpt lat="35.675564" lon="-118.018200"/>
      <trkpt lat="35.675652" lon="-118.018185"/>
      <trkpt lat="35.676239" lon="-118.018246"/>
      <trkpt lat="35.676443" lon="-118.018166"/>
      <trkpt lat="35.677056" lon="-118.017533"/>
      <trkpt lat="35.677257" lon="-118.016810"/>
      <trkpt lat="35.677623" lon="-118.016097"/>
      <trkpt lat="35.677665" lon="-118.015922"/>
      <trkpt lat="35.677542" lon="-118.014115"/>
      <trkpt lat="35.677920" lon="-118.013253"/>
      <trkpt lat="35.677862" lon="-118.012877"/>
      <trkpt lat="35.677968" lon="-118.012718"/>
      <trkpt lat="35.677978" lon="-118.012543"/>
      <trkpt lat="35.677908" lon="-118.012193"/>
      <trkpt lat="35.678073" lon="-118.011957"/>
      <trkpt lat="35.678132" lon="-118.011767"/>
      <trkpt lat="35.678154" lon="-118.011218"/>
      <trkpt lat="35.678200" lon="-118.010953"/>
      <trkpt lat="35.678170" lon="-118.010527"/>
      <trkpt lat="35.678313" lon="-118.009945"/>
      <trkpt lat="35.678493" lon="-118.009718"/>
      <trkpt lat="35.678583" lon="-118.009388"/>
      <trkpt lat="35.678752" lon="-118.009110"/>
      <trkpt lat="35.678870" lon="-118.008993"/>
      <trkpt lat="35.679400" lon="-118.008737"/>
      <trkpt lat="35.679590" lon="-118.008462"/>
      <trkpt lat="35.680020" lon="-118.007488"/>
      <trkpt lat="35.680072" lon="-118.006908"/>
      <trkpt lat="35.680162" lon="-118.006753"/>
      <trkpt lat="35.680310" lon="-118.006668"/>
      <trkpt lat="35.680463" lon="-118.006653"/>
      <trkpt lat="35.681050" lon="-118.006752"/>
      <trkpt lat="35.681433" lon="-118.006992"/>
      <trkpt lat="35.681710" lon="-118.007058"/>
      <trkpt lat="35.682468" lon="-118.006840"/>
      <trkpt lat="35.682602" lon="-118.006752"/>
      <trkpt lat="35.682942" lon="-118.006408"/>
      <trkpt lat="35.683217" lon="-118.005977"/>
      <trkpt lat="35.683949" lon="-118.006082"/>
      <trkpt lat="35.684333" lon="-118.006200"/>
      <trkpt lat="35.684559" lon="-118.006210"/>
      <trkpt lat="35.685185" lon="-118.006342"/>
      <trkpt lat="35.685545" lon="-118.006685"/>
      <trkpt lat="35.685688" lon="-118.007022"/>
      <trkpt lat="35.685882" lon="-118.007317"/>
      <trkpt lat="35.686098" lon="-118.007528"/>
      <trkpt lat="35.686358" lon="-118.007677"/>
      <trkpt lat="35.686675" lon="-118.007712"/>
      <trkpt lat="35.687135" lon="-118.007348"/>
      <trkpt lat="35.687283" lon="-118.007163"/>
      <trkpt lat="35.687597" lon="-118.005565"/>
      <trkpt lat="35.687922" lon="-118.005275"/>
      <trkpt lat="35.688017" lon="-118.005128"/>
      <trkpt lat="35.688008" lon="-118.004957"/>
      <trkpt lat="35.687573" lon="-118.003837"/>
      <trkpt lat="35.687602" lon="-118.003692"/>
      <trkpt lat="35.687958" lon="-118.003013"/>
      <trkpt lat="35.687837" lon="-118.002723"/>
      <trkpt lat="35.687627" lon="-118.002470"/>
      <trkpt lat="35.687162" lon="-118.002150"/>
      <trkpt lat="35.687138" lon="-118.001757"/>
      <trkpt lat="35.687020" lon="-118.001422"/>
      <trkpt lat="35.686765" lon="-117.999947"/>
      <trkpt lat="35.686728" lon="-117.997602"/>
      <trkpt lat="35.686622" lon="-117.997280"/>
      <trkpt lat="35.686472" lon="-117.997022"/>
      <trkpt lat="35.686395" lon="-117.996675"/>
      <trkpt lat="35.686468" lon="-117.996115"/>
      <trkpt lat="35.686729" lon="-117.995331"/>
      <trkpt lat="35.686912" lon="-117.994559"/>
      <trkpt lat="35.687054" lon="-117.994315"/>
      <trkpt lat="35.687207" lon="-117.994096"/>
      <trkpt lat="35.687383" lon="-117.993981"/>
      <trkpt lat="35.687618" lon="-117.993937"/>
      <trkpt lat="35.688159" lon="-117.994044"/>
      <trkpt lat="35.688829" lon="-117.993872"/>
      <trkpt lat="35.689508" lon="-117.993733"/>
      <trkpt lat="35.690963" lon="-117.993850"/>
      <trkpt lat="35.691547" lon="-117.993570"/>
      <trkpt lat="35.691618" lon="-117.993407"/>
      <trkpt lat="35.691962" lon="-117.993000"/>
      <trkpt lat="35.692143" lon="-117.992682"/>
      <trkpt lat="35.692583" lon="-117.991477"/>
      <trkpt lat="35.692470" lon="-117.990890"/>
      <trkpt lat="35.692600" lon="-117.989885"/>
      <trkpt lat="35.693175" lon="-117.989233"/>
      <trkpt lat="35.693462" lon="-117.988722"/>
      <trkpt lat="35.693708" lon="-117.986908"/>
      <trkpt lat="35.693795" lon="-117.986762"/>
      <trkpt lat="35.694292" lon="-117.986290"/>
      <trkpt lat="35.694760" lon="-117.986130"/>
      <trkpt lat="35.695220" lon="-117.986280"/>
      <trkpt lat="35.695598" lon="-117.986560"/>
      <trkpt lat="35.695898" lon="-117.986593"/>
      <trkpt lat="35.696035" lon="-117.986555"/>
      <trkpt lat="35.696285" lon="-117.986318"/>
      <trkpt lat="35.696628" lon="-117.986152"/>
      <trkpt lat="35.696740" lon="-117.986048"/>
      <trkpt lat="35.697280" lon="-117.985193"/>
      <trkpt lat="35.697458" lon="-117.984563"/>
      <trkpt lat="35.697637" lon="-117.984190"/>
      <trkpt lat="35.698202" lon="-117.983718"/>
      <trkpt lat="35.698375" lon="-117.983410"/>
      <trkpt lat="35.698478" lon="-117.983313"/>
      <trkpt lat="35.698598" lon="-117.983372"/>
      <trkpt lat="35.698883" lon="-117.983345"/>
      <trkpt lat="35.698987" lon="-117.983217"/>
      <trkpt lat="35.699378" lon="-117.983112"/>
      <trkpt lat="35.699585" lon="-117.982903"/>
      <trkpt lat="35.699722" lon="-117.982838"/>
      <trkpt lat="35.699807" lon="-117.982545"/>
      <trkpt lat="35.699772" lon="-117.982163"/>
      <trkpt lat="35.699817" lon="-117.982023"/>
      <trkpt lat="35.700069" lon="-117.981666"/>
      <trkpt lat="35.700528" lon="-117.981798"/>
      <trkpt lat="35.701140" lon="-117.981872"/>
      <trkpt lat="35.702178" lon="-117.981570"/>
      <trkpt lat="35.702592" lon="-117.982670"/>
      <trkpt lat="35.702977" lon="-117.983302"/>
      <trkpt lat="35.703030" lon="-117.983592"/>
      <trkpt lat="35.703025" lon="-117.984422"/>
      <trkpt lat="35.703067" lon="-117.984540"/>
      <trkpt lat="35.703463" lon="-117.985058"/>
      <trkpt lat="35.703548" lon="-117.985772"/>
      <trkpt lat="35.703672" lon="-117.985947"/>
      <trkpt lat="35.703655" lon="-117.986201"/>
      <trkpt lat="35.703738" lon="-117.986455"/>
      <trkpt lat="35.704390" lon="-117.986963"/>
      <trkpt lat="35.704578" lon="-117.987233"/>
      <trkpt lat="35.704680" lon="-117.987680"/>
      <trkpt lat="35.705077" lon="-117.988063"/>
      <trkpt lat="35.705603" lon="-117.987983"/>
      <trkpt lat="35.705807" lon="-117.988142"/>
      <trkpt lat="35.706060" lon="-117.988617"/>
      <trkpt lat="35.706317" lon="-117.988768"/>
      <trkpt lat="35.706570" lon="-117.988460"/>
      <trkpt lat="35.706720" lon="-117.988418"/>
      <trkpt lat="35.707217" lon="-117.988610"/>
      <trkpt lat="35.707458" lon="-117.988633"/>
      <trkpt lat="35.707550" lon="-117.988577"/>
      <trkpt lat="35.707617" lon="-117.988348"/>
      <trkpt lat="35.707638" lon="-117.987792"/>
      <trkpt lat="35.707728" lon="-117.987440"/>
      <trkpt lat="35.707818" lon="-117.987293"/>
      <trkpt lat="35.708187" lon="-117.987175"/>
      <trkpt lat="35.708277" lon="-117.987075"/>
      <trkpt lat="35.708548" lon="-117.985855"/>
      <trkpt lat="35.708703" lon="-117.985552"/>
      <trkpt lat="35.708930" lon="-117.985330"/>
      <trkpt lat="35.709787" lon="-117.984825"/>
      <trkpt lat="35.709888" lon="-117.984715"/>
      <trkpt lat="35.710027" lon="-117.984427"/>
      <trkpt lat="35.710098" lon="-117.984330"/>
      <trkpt lat="35.710162" lon="-117.984308"/>
      <trkpt lat="35.710257" lon="-117.984310"/>
      <trkpt lat="35.710598" lon="-117.984523"/>
      <trkpt lat="35.710735" lon="-117.984795"/>
      <trkpt lat="35.710622" lon="-117.985425"/>
      <trkpt lat="35.710610" lon="-117.985852"/>
      <trkpt lat="35.710843" lon="-117.986897"/>
      <trkpt lat="35.710870" lon="-117.987008"/>
      <trkpt lat="35.710835" lon="-117.987099"/>
      <trkpt lat="35.710492" lon="-117.987560"/>
      <trkpt lat="35.710480" lon="-117.987988"/>
      <trkpt lat="35.710398" lon="-117.988570"/>
      <trkpt lat="35.710353" lon="-117.988577"/>
      <trkpt lat="35.710495" lon="-117.989703"/>
      <trkpt lat="35.710682" lon="-117.990248"/>
      <trkpt lat="35.711113" lon="-117.990503"/>
      <trkpt lat="35.711257" lon="-117.990492"/>
      <trkpt lat="35.711623" lon="-117.990137"/>
      <trkpt lat="35.711738" lon="-117.990197"/>
      <trkpt lat="35.711980" lon="-117.990750"/>
      <trkpt lat="35.712225" lon="-117.991137"/>
      <trkpt lat="35.712858" lon="-117.991038"/>
      <trkpt lat="35.712995" lon="-117.991088"/>
      <trkpt lat="35.713267" lon="-117.991608"/>
      <trkpt lat="35.713465" lon="-117.991740"/>
      <trkpt lat="35.713767" lon="-117.991663"/>
      <trkpt lat="35.714140" lon="-117.991722"/>
      <trkpt lat="35.714270" lon="-117.991690"/>
      <trkpt lat="35.715662" lon="-117.990708"/>
      <trkpt lat="35.715950" lon="-117.990623"/>
      <trkpt lat="35.715993" lon="-117.991365"/>
      <trkpt lat="35.716083" lon="-117.991613"/>
      <trkpt lat="35.716193" lon="-117.991740"/>
      <trkpt lat="35.716370" lon="-117.992393"/>
      <trkpt lat="35.716523" lon="-117.992672"/>
      <trkpt lat="35.716588" lon="-117.992998"/>
      <trkpt lat="35.716782" lon="-117.993145"/>
      <trkpt lat="35.717062" lon="-117.993130"/>
      <trkpt lat="35.717747" lon="-117.992637"/>
      <trkpt lat="35.718155" lon="-117.992407"/>
      <trkpt lat="35.718427" lon="-117.992335"/>
      <trkpt lat="35.718572" lon="-117.992363"/>
      <trkpt lat="35.718778" lon="-117.993077"/>
      <trkpt lat="35.718770" lon="-117.993245"/>
      <trkpt lat="35.718853" lon="-117.993558"/>
      <trkpt lat="35.719137" lon="-117.994115"/>
      <trkpt lat="35.719058" lon="-117.994447"/>
      <trkpt lat="35.719083" lon="-117.994605"/>
      <trkpt lat="35.719168" lon="-117.994743"/>
      <trkpt lat="35.719208" lon="-117.995077"/>
      <trkpt lat="35.719118" lon="-117.995393"/>
      <trkpt lat="35.719272" lon="-117.995682"/>
      <trkpt lat="35.719757" lon="-117.996040"/>
      <trkpt lat="35.720178" lon="-117.995900"/>
      <trkpt lat="35.720775" lon="-117.995917"/>
      <trkpt lat="35.721093" lon="-117.995868"/>
      <trkpt lat="35.721248" lon="-117.995948"/>
      <trkpt lat="35.721612" lon="-117.996277"/>
      <trkpt lat="35.721722" lon="-117.996438"/>
      <trkpt lat="35.721757" lon="-117.996838"/>
      <trkpt lat="35.721828" lon="-117.997000"/>
      <trkpt lat="35.721735" lon="-117.997540"/>
      <trkpt lat="35.721882" lon="-117.998047"/>
      <trkpt lat="35.721985" lon="-117.998125"/>
      <trkpt lat="35.722140" lon="-117.998127"/>
      <trkpt lat="35.722418" lon="-117.998020"/>
      <trkpt lat="35.722755" lon="-117.998052"/>
      <trkpt lat="35.722885" lon="-117.997958"/>
      <trkpt lat="35.723302" lon="-117.998015"/>
      <trkpt lat="35.723355" lon="-117.998343"/>
      <trkpt lat="35.723337" lon="-117.998718"/>
      <trkpt lat="35.723443" lon="-117.999047"/>
      <trkpt lat="35.723708" lon="-117.999197"/>
      <trkpt lat="35.723820" lon="-117.999342"/>
      <trkpt lat="35.724233" lon="-117.999480"/>
      <trkpt lat="35.724798" lon="-118.000003"/>
      <trkpt lat="35.724997" lon="-118.000312"/>
      <trkpt lat="35.725313" lon="-118.001028"/>
      <trkpt lat="35.725817" lon="-118.001332"/>
      <trkpt lat="35.726047" lon="-118.001620"/>
      <trkpt lat="35.726557" lon="-118.002528"/>
      <trkpt lat="35.726933" lon="-118.002822"/>
      <trkpt lat="35.727238" lon="-118.002978"/>
      <trkpt lat="35.728142" lon="-118.003697"/>
      <trkpt lat="35.727710" lon="-118.003623"/>
      <trkpt lat="35.727565" lon="-118.003728"/>
      <trkpt lat="35.727387" lon="-118.003987"/>
      <trkpt lat="35.727675" lon="-118.003903"/>
      <trkpt lat="35.727807" lon="-118.003963"/>
      <trkpt lat="35.728328" lon="-118.004358"/>
      <trkpt lat="35.729208" lon="-118.004737"/>
      <trkpt lat="35.729427" lon="-118.004948"/>
      <trkpt lat="35.729348" lon="-118.004945"/>
      <trkpt lat="35.729223" lon="-118.004832"/>
      <trkpt lat="35.728540" lon="-118.004847"/>
      <trkpt lat="35.727963" lon="-118.004790"/>
      <trkpt lat="35.727810" lon="-118.004840"/>
      <trkpt lat="35.727412" lon="-118.005207"/>
      <trkpt lat="35.727132" lon="-118.005352"/>
      <trkpt lat="35.727060" lon="-118.005518"/>
      <trkpt lat="35.726932" lon="-118.006275"/>
      <trkpt lat="35.726800" lon="-118.006373"/>
      <trkpt lat="35.726885" lon="-118.006957"/>
      <trkpt lat="35.726925" lon="-118.006980"/>
      <trkpt lat="35.726953" lon="-118.006780"/>
      <trkpt lat="35.726905" lon="-118.006625"/>
      <trkpt lat="35.726933" lon="-118.006523"/>
      <trkpt lat="35.727085" lon="-118.006505"/>
      <trkpt lat="35.727365" lon="-118.005847"/>
      <trkpt lat="35.727632" lon="-118.005745"/>
      <trkpt lat="35.727860" lon="-118.005570"/>
      <trkpt lat="35.728040" lon="-118.005785"/>
      <trkpt lat="35.728497" lon="-118.005948"/>
      <trkpt lat="35.728870" lon="-118.006287"/>
      <trkpt lat="35.729073" lon="-118.006290"/>
      <trkpt lat="35.729155" lon="-118.006417"/>
      <trkpt lat="35.729185" lon="-118.006615"/>
      <trkpt lat="35.729420" lon="-118.006850"/>
      <trkpt lat="35.730215" lon="-118.007088"/>
      <trkpt lat="35.730578" lon="-118.008017"/>
      <trkpt lat="35.730743" lon="-118.008203"/>
      <trkpt lat="35.730917" lon="-118.008827"/>
      <trkpt lat="35.731355" lon="-118.009333"/>
      <trkpt lat="35.731392" lon="-118.009747"/>
      <trkpt lat="35.731490" lon="-118.010047"/>
      <trkpt lat="35.731602" lon="-118.010192"/>
      <trkpt lat="35.731975" lon="-118.011545"/>
      <trkpt lat="35.731960" lon="-118.011750"/>
      <trkpt lat="35.731612" lon="-118.012403"/>
      <trkpt lat="35.731985" lon="-118.013082"/>
      <trkpt lat="35.732190" lon="-118.013633"/>
      <trkpt lat="35.732395" lon="-118.013770"/>
      <trkpt lat="35.732505" lon="-118.013482"/>
      <trkpt lat="35.732625" lon="-118.012702"/>
      <trkpt lat="35.732665" lon="-118.012808"/>
      <trkpt lat="35.732648" lon="-118.013180"/>
      <trkpt lat="35.732687" lon="-118.013373"/>
      <trkpt lat="35.733040" lon="-118.014497"/>
      <trkpt lat="35.733163" lon="-118.015298"/>
      <trkpt lat="35.733278" lon="-118.015592"/>
      <trkpt lat="35.733285" lon="-118.015083"/>
      <trkpt lat="35.733395" lon="-118.014592"/>
      <trkpt lat="35.733408" lon="-118.014185"/>
      <trkpt lat="35.733317" lon="-118.013082"/>
      <trkpt lat="35.734422" lon="-118.012982"/>
      <trkpt lat="35.734522" lon="-118.012852"/>
      <trkpt lat="35.734850" lon="-118.011790"/>
      <trkpt lat="35.734972" lon="-118.011742"/>
      <trkpt lat="35.735052" lon="-118.011837"/>
      <trkpt lat="35.735310" lon="-118.012007"/>
      <trkpt lat="35.735422" lon="-118.012335"/>
      <trkpt lat="35.735625" lon="-118.012595"/>
      <trkpt lat="35.735667" lon="-118.012720"/>
      <trkpt lat="35.736012" lon="-118.012837"/>
      <trkpt lat="35.736227" lon="-118.013015"/>
      <trkpt lat="35.736362" lon="-118.012995"/>
      <trkpt lat="35.736595" lon="-118.012743"/>
      <trkpt lat="35.737052" lon="-118.013483"/>
      <trkpt lat="35.737440" lon="-118.013463"/>
      <trkpt lat="35.737572" lon="-118.013880"/>
      <trkpt lat="35.737825" lon="-118.013968"/>
      <trkpt lat="35.737827" lon="-118.014165"/>
      <trkpt lat="35.738078" lon="-118.014312"/>
      <trkpt lat="35.738143" lon="-118.014483"/>
      <trkpt lat="35.738262" lon="-118.014617"/>
      <trkpt lat="35.738777" lon="-118.015037"/>
      <trkpt lat="35.738925" lon="-118.015093"/>
      <trkpt lat="35.739032" lon="-118.015235"/>
      <trkpt lat="35.739170" lon="-118.015290"/>
      <trkpt lat="35.739270" lon="-118.015687"/>
      <trkpt lat="35.739390" lon="-118.015795"/>
      <trkpt lat="35.739738" lon="-118.015765"/>
      <trkpt lat="35.739870" lon="-118.015652"/>
      <trkpt lat="35.740144" lon="-118.015566"/>
      <trkpt lat="35.740265" lon="-118.015535"/>
      <trkpt lat="35.740305" lon="-118.015710"/>
      <trkpt lat="35.740420" lon="-118.015812"/>
      <trkpt lat="35.740445" lon="-118.015980"/>
      <trkpt lat="35.740464" lon="-118.016276"/>
      <trkpt lat="35.740398" lon="-118.016567"/>
      <trkpt lat="35.740233" lon="-118.017138"/>
      <trkpt lat="35.740357" lon="-118.017297"/>
      <trkpt lat="35.740690" lon="-118.017357"/>
      <trkpt lat="35.740988" lon="-118.017587"/>
      <trkpt lat="35.741142" lon="-118.017633"/>
      <trkpt lat="35.741303" lon="-118.017560"/>
      <trkpt lat="35.741465" lon="-118.017572"/>
      <trkpt lat="35.741498" lon="-118.018140"/>
      <trkpt lat="35.741798" lon="-118.018480"/>
      <trkpt lat="35.741862" lon="-118.018553"/>
      <trkpt lat="35.742002" lon="-118.018650"/>
      <trkpt lat="35.742333" lon="-118.018553"/>
      <trkpt lat="35.742689" lon="-118.018619"/>
      <trkpt lat="35.742626" lon="-118.018864"/>
      <trkpt lat="35.742492" lon="-118.019417"/>
      <trkpt lat="35.742672" lon="-118.019997"/>
      <trkpt lat="35.742713" lon="-118.020407"/>
      <trkpt lat="35.742673" lon="-118.020592"/>
      <trkpt lat="35.742755" lon="-118.020652"/>
      <trkpt lat="35.743019" lon="-118.020446"/>
      <trkpt lat="35.743213" lon="-118.020295"/>
      <trkpt lat="35.743178" lon="-118.020448"/>
      <trkpt lat="35.743217" lon="-118.020607"/>
      <trkpt lat="35.743317" lon="-118.020607"/>
      <trkpt lat="35.743418" lon="-118.020525"/>
      <trkpt lat="35.743477" lon="-118.020690"/>
      <trkpt lat="35.743478" lon="-118.020865"/>
      <trkpt lat="35.743208" lon="-118.021409"/>
      <trkpt lat="35.743090" lon="-118.021697"/>
      <trkpt lat="35.743130" lon="-118.022350"/>
      <trkpt lat="35.743146" lon="-118.022421"/>
      <trkpt lat="35.743097" lon="-118.022465"/>
      <trkpt lat="35.742890" lon="-118.022812"/>
      <trkpt lat="35.742887" lon="-118.022927"/>
      <trkpt lat="35.742935" lon="-118.023465"/>
      <trkpt lat="35.742878" lon="-118.023709"/>
      <trkpt lat="35.743205" lon="-118.025048"/>
      <trkpt lat="35.743508" lon="-118.025523"/>
      <trkpt lat="35.743673" lon="-118.025518"/>
      <trkpt lat="35.743593" lon="-118.025880"/>
      <trkpt lat="35.743595" lon="-118.026077"/>
      <trkpt lat="35.743650" lon="-118.026247"/>
      <trkpt lat="35.743540" lon="-118.026547"/>
      <trkpt lat="35.743420" lon="-118.027147"/>
      <trkpt lat="35.743462" lon="-118.027433"/>
      <trkpt lat="35.743899" lon="-118.028479"/>
      <trkpt lat="35.743982" lon="-118.028813"/>
      <trkpt lat="35.744117" lon="-118.029067"/>
      <trkpt lat="35.744418" lon="-118.029568"/>
      <trkpt lat="35.744568" lon="-118.029785"/>
      <trkpt lat="35.744782" lon="-118.029985"/>
      <trkpt lat="35.744922" lon="-118.030078"/>
      <trkpt lat="35.745358" lon="-118.030150"/>
      <trkpt lat="35.745502" lon="-118.030204"/>
      <trkpt lat="35.745595" lon="-118.030312"/>
      <trkpt lat="35.745772" lon="-118.030342"/>
      <trkpt lat="35.745938" lon="-118.030347"/>
      <trkpt lat="35.746073" lon="-118.030235"/>
      <trkpt lat="35.746253" lon="-118.030272"/>
      <trkpt lat="35.746375" lon="-118.030218"/>
      <trkpt lat="35.746453" lon="-118.030183"/>
      <trkpt lat="35.746465" lon="-118.030260"/>
      <trkpt lat="35.746393" lon="-118.030693"/>
      <trkpt lat="35.746272" lon="-118.031045"/>
      <trkpt lat="35.746097" lon="-118.031247"/>
      <trkpt lat="35.745297" lon="-118.031855"/>
      <trkpt lat="35.745133" lon="-118.032193"/>
      <trkpt lat="35.745082" lon="-118.032585"/>
      <trkpt lat="35.745207" lon="-118.033165"/>
      <trkpt lat="35.745402" lon="-118.033485"/>
      <trkpt lat="35.745555" lon="-118.033457"/>
      <trkpt lat="35.745835" lon="-118.033287"/>
      <trkpt lat="35.745963" lon="-118.033342"/>
      <trkpt lat="35.745998" lon="-118.033482"/>
      <trkpt lat="35.746228" lon="-118.033775"/>
      <trkpt lat="35.746507" lon="-118.033859"/>
      <trkpt lat="35.746688" lon="-118.033913"/>
      <trkpt lat="35.747057" lon="-118.033853"/>
      <trkpt lat="35.747127" lon="-118.033925"/>
      <trkpt lat="35.747507" lon="-118.034847"/>
      <trkpt lat="35.747625" lon="-118.034937"/>
      <trkpt lat="35.748820" lon="-118.037135"/>
      <trkpt lat="35.749107" lon="-118.037433"/>
      <trkpt lat="35.749255" lon="-118.037805"/>
      <trkpt lat="35.749415" lon="-118.037653"/>
      <trkpt lat="35.749880" lon="-118.037642"/>
      <trkpt lat="35.750113" lon="-118.037722"/>
      <trkpt lat="35.750337" lon="-118.037905"/>
      <trkpt lat="35.750830" lon="-118.038033"/>
      <trkpt lat="35.751212" lon="-118.038060"/>
      <trkpt lat="35.751405" lon="-118.037998"/>
      <trkpt lat="35.751528" lon="-118.038022"/>
      <trkpt lat="35.751653" lon="-118.038125"/>
      <trkpt lat="35.751792" lon="-118.038128"/>
      <trkpt lat="35.752028" lon="-118.037938"/>
      <trkpt lat="35.752097" lon="-118.037590"/>
      <trkpt lat="35.752027" lon="-118.037313"/>
      <trkpt lat="35.752090" lon="-118.036885"/>
      <trkpt lat="35.752065" lon="-118.036622"/>
      <trkpt lat="35.751898" lon="-118.036237"/>
      <trkpt lat="35.752065" lon="-118.036027"/>
      <trkpt lat="35.752490" lon="-118.035658"/>
      <trkpt lat="35.752668" lon="-118.035383"/>
      <trkpt lat="35.752857" lon="-118.034948"/>
      <trkpt lat="35.752903" lon="-118.034497"/>
      <trkpt lat="35.753350" lon="-118.034100"/>
      <trkpt lat="35.753747" lon="-118.033942"/>
      <trkpt lat="35.753908" lon="-118.033265"/>
      <trkpt lat="35.753970" lon="-118.033169"/>
      <trkpt lat="35.753987" lon="-118.033143"/>
      <trkpt lat="35.754083" lon="-118.033165"/>
      <trkpt lat="35.754283" lon="-118.033672"/>
      <trkpt lat="35.754497" lon="-118.033888"/>
      <trkpt lat="35.754422" lon="-118.034243"/>
      <trkpt lat="35.754598" lon="-118.035358"/>
      <trkpt lat="35.754692" lon="-118.035615"/>
      <trkpt lat="35.754922" lon="-118.036243"/>
      <trkpt lat="35.755010" lon="-118.036375"/>
      <trkpt lat="35.755247" lon="-118.036558"/>
      <trkpt lat="35.755522" lon="-118.036507"/>
      <trkpt lat="35.755787" lon="-118.036348"/>
      <trkpt lat="35.756158" lon="-118.035987"/>
      <trkpt lat="35.756267" lon="-118.035945"/>
      <trkpt lat="35.756328" lon="-118.036025"/>
      <trkpt lat="35.756257" lon="-118.036560"/>
      <trkpt lat="35.756270" lon="-118.036773"/>
      <trkpt lat="35.756715" lon="-118.036872"/>
      <trkpt lat="35.756930" lon="-118.036727"/>
      <trkpt lat="35.757198" lon="-118.036705"/>
      <trkpt lat="35.758027" lon="-118.036385"/>
      <trkpt lat="35.758012" lon="-118.036499"/>
      <trkpt lat="35.757913" lon="-118.037268"/>
      <trkpt lat="35.757975" lon="-118.037987"/>
      <trkpt lat="35.757853" lon="-118.038500"/>
      <trkpt lat="35.757823" lon="-118.039015"/>
      <trkpt lat="35.757938" lon="-118.039135"/>
      <trkpt lat="35.758065" lon="-118.039175"/>
      <trkpt lat="35.758527" lon="-118.039157"/>
      <trkpt lat="35.758683" lon="-118.039207"/>
      <trkpt lat="35.759297" lon="-118.039875"/>
      <trkpt lat="35.759526" lon="-118.040221"/>
      <trkpt lat="35.759978" lon="-118.040645"/>
      <trkpt lat="35.760128" lon="-118.040713"/>
      <trkpt lat="35.760670" lon="-118.040773"/>
      <trkpt lat="35.760803" lon="-118.040897"/>
      <trkpt lat="35.760952" lon="-118.040952"/>
      <trkpt lat="35.761523" lon="-118.041870"/>
      <trkpt lat="35.761755" lon="-118.042833"/>
      <trkpt lat="35.761530" lon="-118.043415"/>
      <trkpt lat="35.761960" lon="-118.042957"/>
      <trkpt lat="35.761750" lon="-118.043565"/>
      <trkpt lat="35.761640" lon="-118.043727"/>
      <trkpt lat="35.761273" lon="-118.044685"/>
      <trkpt lat="35.761277" lon="-118.045233"/>
      <trkpt lat="35.761422" lon="-118.044430"/>
      <trkpt lat="35.761782" lon="-118.043968"/>
      <trkpt lat="35.761937" lon="-118.043862"/>
      <trkpt lat="35.762572" lon="-118.042637"/>
      <trkpt lat="35.762597" lon="-118.042997"/>
      <trkpt lat="35.762722" lon="-118.042778"/>
      <trkpt lat="35.762873" lon="-118.042642"/>
      <trkpt lat="35.762920" lon="-118.042430"/>
      <trkpt lat="35.762392" lon="-118.040992"/>
      <trkpt lat="35.762263" lon="-118.040818"/>
      <trkpt lat="35.762617" lon="-118.040465"/>
      <trkpt lat="35.762973" lon="-118.040360"/>
      <trkpt lat="35.763590" lon="-118.039950"/>
      <trkpt lat="35.763708" lon="-118.039777"/>
      <trkpt lat="35.763873" lon="-118.039193"/>
      <trkpt lat="35.764138" lon="-118.038992"/>
      <trkpt lat="35.764477" lon="-118.038578"/>
      <trkpt lat="35.764565" lon="-118.038390"/>
      <trkpt lat="35.764505" lon="-118.037725"/>
      <trkpt lat="35.764352" lon="-118.037603"/>
      <trkpt lat="35.764162" lon="-118.037553"/>
      <trkpt lat="35.763805" lon="-118.037563"/>
      <trkpt lat="35.763442" lon="-118.037506"/>
      <trkpt lat="35.763378" lon="-118.037398"/>
      <trkpt lat="35.763468" lon="-118.037198"/>
      <trkpt lat="35.763532" lon="-118.036587"/>
      <trkpt lat="35.763630" lon="-118.036307"/>
      <trkpt lat="35.763612" lon="-118.036085"/>
      <trkpt lat="35.763530" lon="-118.035908"/>
      <trkpt lat="35.763412" lon="-118.035792"/>
      <trkpt lat="35.763670" lon="-118.035248"/>
      <trkpt lat="35.763797" lon="-118.035085"/>
      <trkpt lat="35.763727" lon="-118.034882"/>
      <trkpt lat="35.763768" lon="-118.034740"/>
      <trkpt lat="35.764207" lon="-118.034403"/>
      <trkpt lat="35.764687" lon="-118.034122"/>
      <trkpt lat="35.765062" lon="-118.033685"/>
      <trkpt lat="35.764922" lon="-118.033550"/>
      <trkpt lat="35.764430" lon="-118.033275"/>
      <trkpt lat="35.764352" lon="-118.033085"/>
      <trkpt lat="35.764288" lon="-118.032678"/>
      <trkpt lat="35.764353" lon="-118.032613"/>
      <trkpt lat="35.764525" lon="-118.032612"/>
      <trkpt lat="35.764670" lon="-118.032495"/>
      <trkpt lat="35.764900" lon="-118.032165"/>
      <trkpt lat="35.764955" lon="-118.031930"/>
      <trkpt lat="35.765057" lon="-118.031745"/>
      <trkpt lat="35.765400" lon="-118.031622"/>
      <trkpt lat="35.765522" lon="-118.031462"/>
      <trkpt lat="35.765088" lon="-118.030745"/>
      <trkpt lat="35.764730" lon="-118.030553"/>
      <trkpt lat="35.764522" lon="-118.030268"/>
      <trkpt lat="35.764563" lon="-118.030212"/>
      <trkpt lat="35.764732" lon="-118.030255"/>
      <trkpt lat="35.765058" lon="-118.029780"/>
      <trkpt lat="35.765408" lon="-118.029567"/>
      <trkpt lat="35.765585" lon="-118.029527"/>
      <trkpt lat="35.765668" lon="-118.029335"/>
      <trkpt lat="35.765653" lon="-118.028875"/>
      <trkpt lat="35.765748" lon="-118.028708"/>
      <trkpt lat="35.765555" lon="-118.028330"/>
      <trkpt lat="35.765500" lon="-118.028096"/>
      <trkpt lat="35.765463" lon="-118.027938"/>
      <trkpt lat="35.765857" lon="-118.028170"/>
      <trkpt lat="35.766510" lon="-118.028420"/>
      <trkpt lat="35.766805" lon="-118.028383"/>
      <trkpt lat="35.766913" lon="-118.028455"/>
      <trkpt lat="35.767070" lon="-118.028468"/>
      <trkpt lat="35.767205" lon="-118.028333"/>
      <trkpt lat="35.767322" lon="-118.028337"/>
      <trkpt lat="35.767290" lon="-118.028767"/>
      <trkpt lat="35.767628" lon="-118.028945"/>
      <trkpt lat="35.767880" lon="-118.029253"/>
      <trkpt lat="35.768047" lon="-118.029203"/>
      <trkpt lat="35.768387" lon="-118.028722"/>
      <trkpt lat="35.768660" lon="-118.028515"/>
      <trkpt lat="35.768978" lon="-118.027903"/>
      <trkpt lat="35.769033" lon="-118.027935"/>
      <trkpt lat="35.769027" lon="-118.028033"/>
      <trkpt lat="35.768995" lon="-118.028560"/>
      <trkpt lat="35.768780" lon="-118.029175"/>
      <trkpt lat="35.768657" lon="-118.030175"/>
      <trkpt lat="35.768540" lon="-118.030280"/>
      <trkpt lat="35.768478" lon="-118.030493"/>
      <trkpt lat="35.768593" lon="-118.030878"/>
      <trkpt lat="35.768503" lon="-118.031057"/>
      <trkpt lat="35.768552" lon="-118.031272"/>
      <trkpt lat="35.768670" lon="-118.031353"/>
      <trkpt lat="35.768962" lon="-118.031138"/>
      <trkpt lat="35.768980" lon="-118.031665"/>
      <trkpt lat="35.769042" lon="-118.031850"/>
      <trkpt lat="35.769170" lon="-118.032010"/>
      <trkpt lat="35.769342" lon="-118.031972"/>
      <trkpt lat="35.769517" lon="-118.031407"/>
      <trkpt lat="35.769657" lon="-118.031298"/>
      <trkpt lat="35.769822" lon="-118.031317"/>
      <trkpt lat="35.770540" lon="-118.030925"/>
      <trkpt lat="35.770697" lon="-118.030892"/>
      <trkpt lat="35.771098" lon="-118.030562"/>
      <trkpt lat="35.771203" lon="-118.030573"/>
      <trkpt lat="35.771290" lon="-118.030478"/>
      <trkpt lat="35.771435" lon="-118.030448"/>
      <trkpt lat="35.771752" lon="-118.030185"/>
      <trkpt lat="35.771810" lon="-118.030313"/>
      <trkpt lat="35.771865" lon="-118.030103"/>
      <trkpt lat="35.772177" lon="-118.030282"/>
      <trkpt lat="35.772597" lon="-118.030195"/>
      <trkpt lat="35.773410" lon="-118.029797"/>
      <trkpt lat="35.773820" lon="-118.029428"/>
      <trkpt lat="35.773887" lon="-118.029568"/>
      <trkpt lat="35.773835" lon="-118.029707"/>
      <trkpt lat="35.773575" lon="-118.030405"/>
      <trkpt lat="35.773673" lon="-118.030532"/>
      <trkpt lat="35.773928" lon="-118.030558"/>
      <trkpt lat="35.774053" lon="-118.030308"/>
      <trkpt lat="35.774363" lon="-118.030273"/>
      <trkpt lat="35.774620" lon="-118.029943"/>
      <trkpt lat="35.774673" lon="-118.029772"/>
      <trkpt lat="35.774770" lon="-118.029740"/>
      <trkpt lat="35.774880" lon="-118.029600"/>
      <trkpt lat="35.774965" lon="-118.029587"/>
      <trkpt lat="35.775820" lon="-118.029932"/>
      <trkpt lat="35.776035" lon="-118.030108"/>
      <trkpt lat="35.776030" lon="-118.030523"/>
      <trkpt lat="35.775918" lon="-118.030572"/>
      <trkpt lat="35.776050" lon="-118.030683"/>
      <trkpt lat="35.776333" lon="-118.030775"/>
      <trkpt lat="35.776350" lon="-118.030697"/>
      <trkpt lat="35.776250" lon="-118.030335"/>
      <trkpt lat="35.776395" lon="-118.030005"/>
      <trkpt lat="35.776425" lon="-118.029715"/>
      <trkpt lat="35.776188" lon="-118.029488"/>
      <trkpt lat="35.776122" lon="-118.029358"/>
      <trkpt lat="35.776127" lon="-118.028990"/>
      <trkpt lat="35.776552" lon="-118.028188"/>
      <trkpt lat="35.776787" lon="-118.027957"/>
      <trkpt lat="35.776777" lon="-118.027773"/>
      <trkpt lat="35.776893" lon="-118.027515"/>
      <trkpt lat="35.776966" lon="-118.027293"/>
      <trkpt lat="35.776909" lon="-118.027185"/>
      <trkpt lat="35.776443" lon="-118.027312"/>
      <trkpt lat="35.776233" lon="-118.027188"/>
      <trkpt lat="35.776080" lon="-118.027003"/>
      <trkpt lat="35.776008" lon="-118.026713"/>
      <trkpt lat="35.776030" lon="-118.026555"/>
      <trkpt lat="35.776277" lon="-118.026070"/>
      <trkpt lat="35.776254" lon="-118.025986"/>
      <trkpt lat="35.776075" lon="-118.025944"/>
      <trkpt lat="35.775833" lon="-118.025370"/>
      <trkpt lat="35.775825" lon="-118.025103"/>
      <trkpt lat="35.775747" lon="-118.024995"/>
      <trkpt lat="35.775702" lon="-118.025042"/>
      <trkpt lat="35.775692" lon="-118.025163"/>
      <trkpt lat="35.775669" lon="-118.025211"/>
      <trkpt lat="35.775414" lon="-118.025742"/>
      <trkpt lat="35.775300" lon="-118.025860"/>
      <trkpt lat="35.775188" lon="-118.025942"/>
      <trkpt lat="35.774788" lon="-118.025876"/>
      <trkpt lat="35.774475" lon="-118.026182"/>
      <trkpt lat="35.774137" lon="-118.026370"/>
      <trkpt lat="35.773689" lon="-118.026510"/>
      <trkpt lat="35.773115" lon="-118.026552"/>
      <trkpt lat="35.773062" lon="-118.026393"/>
      <trkpt lat="35.772870" lon="-118.025397"/>
      <trkpt lat="35.772867" lon="-118.024950"/>
      <trkpt lat="35.772793" lon="-118.024650"/>
      <trkpt lat="35.772792" lon="-118.024342"/>
      <trkpt lat="35.772968" lon="-118.023765"/>
      <trkpt lat="35.773172" lon="-118.023345"/>
      <trkpt lat="35.773265" lon="-118.022650"/>
      <trkpt lat="35.773547" lon="-118.022258"/>
      <trkpt lat="35.773593" lon="-118.021932"/>
      <trkpt lat="35.773442" lon="-118.021672"/>
      <trkpt lat="35.773412" lon="-118.021520"/>
      <trkpt lat="35.773422" lon="-118.021365"/>
      <trkpt lat="35.773550" lon="-118.021075"/>
      <trkpt lat="35.773428" lon="-118.020998"/>
      <trkpt lat="35.773168" lon="-118.020445"/>
      <trkpt lat="35.773152" lon="-118.020225"/>
      <trkpt lat="35.773255" lon="-118.020042"/>
      <trkpt lat="35.773293" lon="-118.019792"/>
      <trkpt lat="35.773223" lon="-118.019718"/>
      <trkpt lat="35.771882" lon="-118.019500"/>
      <trkpt lat="35.771528" lon="-118.019497"/>
      <trkpt lat="35.771477" lon="-118.019387"/>
      <trkpt lat="35.771562" lon="-118.018965"/>
      <trkpt lat="35.771577" lon="-118.018513"/>
      <trkpt lat="35.771643" lon="-118.018408"/>
      <trkpt lat="35.771915" lon="-118.018348"/>
      <trkpt lat="35.772353" lon="-118.018152"/>
      <trkpt lat="35.772485" lon="-118.017930"/>
      <trkpt lat="35.772810" lon="-118.017612"/>
      <trkpt lat="35.772893" lon="-118.017282"/>
      <trkpt lat="35.772813" lon="-118.016770"/>
      <trkpt lat="35.772873" lon="-118.016625"/>
      <trkpt lat="35.773358" lon="-118.016295"/>
      <trkpt lat="35.773522" lon="-118.015993"/>
      <trkpt lat="35.773840" lon="-118.015610"/>
      <trkpt lat="35.773927" lon="-118.015328"/>
      <trkpt lat="35.774063" lon="-118.015078"/>
      <trkpt lat="35.773835" lon="-118.015017"/>
      <trkpt lat="35.773487" lon="-118.014673"/>
      <trkpt lat="35.772788" lon="-118.014363"/>
      <trkpt lat="35.772582" lon="-118.014198"/>
      <trkpt lat="35.772240" lon="-118.013733"/>
      <trkpt lat="35.772262" lon="-118.013462"/>
      <trkpt lat="35.772552" lon="-118.013783"/>
      <trkpt lat="35.773145" lon="-118.013947"/>
      <trkpt lat="35.773648" lon="-118.013892"/>
      <trkpt lat="35.773985" lon="-118.013933"/>
      <trkpt lat="35.773872" lon="-118.013772"/>
      <trkpt lat="35.773435" lon="-118.013458"/>
      <trkpt lat="35.773473" lon="-118.013425"/>
      <trkpt lat="35.773885" lon="-118.013510"/>
      <trkpt lat="35.774355" lon="-118.013725"/>
      <trkpt lat="35.774755" lon="-118.013820"/>
      <trkpt lat="35.774977" lon="-118.014160"/>
      <trkpt lat="35.775387" lon="-118.014445"/>
      <trkpt lat="35.775545" lon="-118.014838"/>
      <trkpt lat="35.775457" lon="-118.014962"/>
      <trkpt lat="35.775445" lon="-118.015077"/>
      <trkpt lat="35.775530" lon="-118.015283"/>
      <trkpt lat="35.775517" lon="-118.015378"/>
      <trkpt lat="35.775425" lon="-118.015490"/>
      <trkpt lat="35.775345" lon="-118.015912"/>
      <trkpt lat="35.775203" lon="-118.015923"/>
      <trkpt lat="35.774945" lon="-118.016717"/>
      <trkpt lat="35.774695" lon="-118.016885"/>
      <trkpt lat="35.774522" lon="-118.017353"/>
      <trkpt lat="35.774492" lon="-118.017657"/>
      <trkpt lat="35.774677" lon="-118.017768"/>
      <trkpt lat="35.775010" lon="-118.017855"/>
      <trkpt lat="35.775662" lon="-118.018227"/>
      <trkpt lat="35.775867" lon="-118.018817"/>
      <trkpt lat="35.775815" lon="-118.019218"/>
      <trkpt lat="35.776197" lon="-118.019718"/>
      <trkpt lat="35.776250" lon="-118.019860"/>
      <trkpt lat="35.776280" lon="-118.019845"/>
      <trkpt lat="35.776243" lon="-118.019612"/>
      <trkpt lat="35.776275" lon="-118.019578"/>
      <trkpt lat="35.776442" lon="-118.019792"/>
      <trkpt lat="35.776577" lon="-118.019697"/>
      <trkpt lat="35.776868" lon="-118.019715"/>
      <trkpt lat="35.777025" lon="-118.019652"/>
      <trkpt lat="35.777355" lon="-118.019373"/>
      <trkpt lat="35.777598" lon="-118.019382"/>
      <trkpt lat="35.777703" lon="-118.019280"/>
      <trkpt lat="35.777832" lon="-118.019022"/>
      <trkpt lat="35.778010" lon="-118.018889"/>
      <trkpt lat="35.778075" lon="-118.018840"/>
      <trkpt lat="35.778202" lon="-118.018895"/>
      <trkpt lat="35.778332" lon="-118.019197"/>
      <trkpt lat="35.778628" lon="-118.019580"/>
      <trkpt lat="35.779052" lon="-118.019498"/>
      <trkpt lat="35.779188" lon="-118.019565"/>
      <trkpt lat="35.779313" lon="-118.019860"/>
      <trkpt lat="35.779657" lon="-118.020392"/>
      <trkpt lat="35.779645" lon="-118.020745"/>
      <trkpt lat="35.779683" lon="-118.020927"/>
      <trkpt lat="35.779763" lon="-118.021002"/>
      <trkpt lat="35.779802" lon="-118.020720"/>
      <trkpt lat="35.779905" lon="-118.020978"/>
      <trkpt lat="35.780187" lon="-118.021232"/>
      <trkpt lat="35.780588" lon="-118.021412"/>
      <trkpt lat="35.780688" lon="-118.021548"/>
      <trkpt lat="35.780800" lon="-118.021895"/>
      <trkpt lat="35.780977" lon="-118.022103"/>
      <trkpt lat="35.781262" lon="-118.022222"/>
      <trkpt lat="35.781530" lon="-118.022218"/>
      <trkpt lat="35.781973" lon="-118.022332"/>
      <trkpt lat="35.782088" lon="-118.022260"/>
      <trkpt lat="35.782147" lon="-118.022028"/>
      <trkpt lat="35.782287" lon="-118.020213"/>
      <trkpt lat="35.782458" lon="-118.019738"/>
      <trkpt lat="35.782582" lon="-118.018297"/>
      <trkpt lat="35.782522" lon="-118.017792"/>
      <trkpt lat="35.782547" lon="-118.017253"/>
      <trkpt lat="35.782507" lon="-118.017073"/>
      <trkpt lat="35.782225" lon="-118.016627"/>
      <trkpt lat="35.782283" lon="-118.016170"/>
      <trkpt lat="35.782177" lon="-118.015352"/>
      <trkpt lat="35.782037" lon="-118.014892"/>
      <trkpt lat="35.781675" lon="-118.014623"/>
      <trkpt lat="35.781672" lon="-118.014063"/>
      <trkpt lat="35.781617" lon="-118.013695"/>
      <trkpt lat="35.781423" lon="-118.013222"/>
      <trkpt lat="35.781287" lon="-118.013138"/>
      <trkpt lat="35.780325" lon="-118.012873"/>
      <trkpt lat="35.780123" lon="-118.012345"/>
      <trkpt lat="35.780035" lon="-118.012225"/>
      <trkpt lat="35.780017" lon="-118.012145"/>
      <trkpt lat="35.779942" lon="-118.011817"/>
      <trkpt lat="35.780007" lon="-118.011552"/>
      <trkpt lat="35.780235" lon="-118.011413"/>
      <trkpt lat="35.780877" lon="-118.010187"/>
      <trkpt lat="35.780765" lon="-118.009488"/>
      <trkpt lat="35.780623" lon="-118.009028"/>
      <trkpt lat="35.780288" lon="-118.008592"/>
      <trkpt lat="35.780228" lon="-118.008432"/>
      <trkpt lat="35.780605" lon="-118.007450"/>
      <trkpt lat="35.780485" lon="-118.007023"/>
      <trkpt lat="35.780505" lon="-118.006752"/>
      <trkpt lat="35.780423" lon="-118.006467"/>
      <trkpt lat="35.780515" lon="-118.005808"/>
      <trkpt lat="35.780623" lon="-118.005470"/>
      <trkpt lat="35.780550" lon="-118.004742"/>
      <trkpt lat="35.780453" lon="-118.004425"/>
      <trkpt lat="35.780462" lon="-118.004235"/>
      <trkpt lat="35.780517" lon="-118.004002"/>
      <trkpt lat="35.780860" lon="-118.003313"/>
      <trkpt lat="35.780862" lon="-118.002763"/>
      <trkpt lat="35.780948" lon="-118.002630"/>
      <trkpt lat="35.781032" lon="-118.002312"/>
      <trkpt lat="35.781138" lon="-118.002222"/>
      <trkpt lat="35.781255" lon="-118.002157"/>
      <trkpt lat="35.781383" lon="-118.002190"/>
      <trkpt lat="35.781627" lon="-118.002393"/>
      <trkpt lat="35.782275" lon="-118.002698"/>
      <trkpt lat="35.783115" lon="-118.002813"/>
      <trkpt lat="35.783878" lon="-118.003287"/>
      <trkpt lat="35.784237" lon="-118.003967"/>
      <trkpt lat="35.784620" lon="-118.004358"/>
      <trkpt lat="35.785058" lon="-118.005285"/>
      <trkpt lat="35.785535" lon="-118.005982"/>
      <trkpt lat="35.786198" lon="-118.006650"/>
      <trkpt lat="35.786283" lon="-118.006848"/>
      <trkpt lat="35.786723" lon="-118.007183"/>
      <trkpt lat="35.787140" lon="-118.007603"/>
      <trkpt lat="35.787567" lon="-118.007730"/>
      <trkpt lat="35.788257" lon="-118.007632"/>
      <trkpt lat="35.788552" lon="-118.007647"/>
      <trkpt lat="35.788792" lon="-118.007737"/>
      <trkpt lat="35.789023" lon="-118.007732"/>
      <trkpt lat="35.790383" lon="-118.008095"/>
      <trkpt lat="35.790992" lon="-118.008452"/>
      <trkpt lat="35.791745" lon="-118.008763"/>
      <trkpt lat="35.792032" lon="-118.008957"/>
      <trkpt lat="35.792363" lon="-118.008888"/>
      <trkpt lat="35.792503" lon="-118.008930"/>
      <trkpt lat="35.793287" lon="-118.009535"/>
      <trkpt lat="35.793550" lon="-118.009813"/>
      <trkpt lat="35.793852" lon="-118.009918"/>
      <trkpt lat="35.793997" lon="-118.010028"/>
      <trkpt lat="35.794558" lon="-118.010758"/>
      <trkpt lat="35.795003" lon="-118.011067"/>
      <trkpt lat="35.795345" lon="-118.011532"/>
      <trkpt lat="35.795507" lon="-118.011628"/>
      <trkpt lat="35.796030" lon="-118.011667"/>
      <trkpt lat="35.796860" lon="-118.011935"/>
      <trkpt lat="35.797187" lon="-118.011843"/>
      <trkpt lat="35.797400" lon="-118.011507"/>
      <trkpt lat="35.797877" lon="-118.009967"/>
      <trkpt lat="35.797975" lon="-118.009857"/>
      <trkpt lat="35.798788" lon="-118.009620"/>
      <trkpt lat="35.799197" lon="-118.009340"/>
      <trkpt lat="35.799490" lon="-118.008892"/>
      <trkpt lat="35.800030" lon="-118.008928"/>
      <trkpt lat="35.800655" lon="-118.008850"/>
      <trkpt lat="35.800808" lon="-118.008908"/>
      <trkpt lat="35.801072" lon="-118.009128"/>
      <trkpt lat="35.801398" lon="-118.009183"/>
      <trkpt lat="35.802023" lon="-118.009817"/>
      <trkpt lat="35.802468" lon="-118.009910"/>
      <trkpt lat="35.802658" lon="-118.010168"/>
      <trkpt lat="35.803027" lon="-118.010158"/>
      <trkpt lat="35.803133" lon="-118.010212"/>
      <trkpt lat="35.803327" lon="-118.010567"/>
      <trkpt lat="35.803495" lon="-118.010753"/>
      <trkpt lat="35.803527" lon="-118.010888"/>
      <trkpt lat="35.803498" lon="-118.011035"/>
      <trkpt lat="35.803562" lon="-118.011208"/>
      <trkpt lat="35.803535" lon="-118.011513"/>
      <trkpt lat="35.803583" lon="-118.011662"/>
      <trkpt lat="35.804100" lon="-118.012023"/>
      <trkpt lat="35.804402" lon="-118.012575"/>
      <trkpt lat="35.804672" lon="-118.013423"/>
      <trkpt lat="35.804927" lon="-118.013655"/>
      <trkpt lat="35.805073" lon="-118.013733"/>
      <trkpt lat="35.805227" lon="-118.013690"/>
      <trkpt lat="35.805285" lon="-118.013538"/>
      <trkpt lat="35.805268" lon="-118.013298"/>
      <trkpt lat="35.805308" lon="-118.013127"/>
      <trkpt lat="35.805402" lon="-118.012957"/>
      <trkpt lat="35.805505" lon="-118.012803"/>
      <trkpt lat="35.805907" lon="-118.012452"/>
      <trkpt lat="35.805995" lon="-118.012305"/>
      <trkpt lat="35.806065" lon="-118.011770"/>
      <trkpt lat="35.806060" lon="-118.011570"/>
      <trkpt lat="35.805967" lon="-118.011192"/>
      <trkpt lat="35.805987" lon="-118.011062"/>
      <trkpt lat="35.806250" lon="-118.011238"/>
      <trkpt lat="35.806462" lon="-118.011530"/>
      <trkpt lat="35.806500" lon="-118.011697"/>
      <trkpt lat="35.806432" lon="-118.012310"/>
      <trkpt lat="35.806468" lon="-118.012396"/>
      <trkpt lat="35.806483" lon="-118.012432"/>
      <trkpt lat="35.806625" lon="-118.012415"/>
      <trkpt lat="35.806842" lon="-118.012123"/>
      <trkpt lat="35.806990" lon="-118.012020"/>
      <trkpt lat="35.807147" lon="-118.011998"/>
      <trkpt lat="35.807497" lon="-118.012073"/>
      <trkpt lat="35.808257" lon="-118.012400"/>
      <trkpt lat="35.808430" lon="-118.012397"/>
      <trkpt lat="35.808820" lon="-118.012687"/>
      <trkpt lat="35.809438" lon="-118.012910"/>
      <trkpt lat="35.809723" lon="-118.013327"/>
      <trkpt lat="35.809982" lon="-118.013555"/>
      <trkpt lat="35.810032" lon="-118.013742"/>
      <trkpt lat="35.810137" lon="-118.013898"/>
      <trkpt lat="35.810427" lon="-118.014060"/>
      <trkpt lat="35.811197" lon="-118.014872"/>
      <trkpt lat="35.811433" lon="-118.014993"/>
      <trkpt lat="35.811703" lon="-118.015223"/>
      <trkpt lat="35.811997" lon="-118.015182"/>
      <trkpt lat="35.811957" lon="-118.015057"/>
      <trkpt lat="35.811808" lon="-118.014997"/>
      <trkpt lat="35.811325" lon="-118.014498"/>
      <trkpt lat="35.810933" lon="-118.013692"/>
      <trkpt lat="35.810732" lon="-118.013132"/>
      <trkpt lat="35.810450" lon="-118.012872"/>
      <trkpt lat="35.810303" lon="-118.012798"/>
      <trkpt lat="35.809700" lon="-118.011792"/>
      <trkpt lat="35.809432" lon="-118.011517"/>
      <trkpt lat="35.809145" lon="-118.011328"/>
      <trkpt lat="35.808973" lon="-118.011113"/>
      <trkpt lat="35.808920" lon="-118.011047"/>
      <trkpt lat="35.809213" lon="-118.010873"/>
      <trkpt lat="35.809310" lon="-118.010720"/>
      <trkpt lat="35.809457" lon="-118.010612"/>
      <trkpt lat="35.809757" lon="-118.010610"/>
      <trkpt lat="35.810232" lon="-118.010435"/>
      <trkpt lat="35.810455" lon="-118.010122"/>
      <trkpt lat="35.810757" lon="-118.009905"/>
      <trkpt lat="35.810928" lon="-118.009547"/>
      <trkpt lat="35.810970" lon="-118.009337"/>
      <trkpt lat="35.810937" lon="-118.008928"/>
      <trkpt lat="35.811062" lon="-118.008567"/>
      <trkpt lat="35.811313" lon="-118.008313"/>
      <trkpt lat="35.811648" lon="-118.008313"/>
      <trkpt lat="35.812220" lon="-118.009670"/>
      <trkpt lat="35.812433" lon="-118.010007"/>
      <trkpt lat="35.812702" lon="-118.010255"/>
      <trkpt lat="35.813017" lon="-118.010390"/>
      <trkpt lat="35.813087" lon="-118.010535"/>
      <trkpt lat="35.813263" lon="-118.010577"/>
      <trkpt lat="35.813645" lon="-118.010827"/>
      <trkpt lat="35.814123" lon="-118.011385"/>
      <trkpt lat="35.814675" lon="-118.011820"/>
      <trkpt lat="35.815268" lon="-118.012550"/>
      <trkpt lat="35.815532" lon="-118.012750"/>
      <trkpt lat="35.815735" lon="-118.013057"/>
      <trkpt lat="35.816015" lon="-118.013307"/>
      <trkpt lat="35.816090" lon="-118.013462"/>
      <trkpt lat="35.816168" lon="-118.014003"/>
      <trkpt lat="35.816397" lon="-118.014285"/>
      <trkpt lat="35.816412" lon="-118.014692"/>
      <trkpt lat="35.816678" lon="-118.015218"/>
      <trkpt lat="35.816913" lon="-118.015530"/>
      <trkpt lat="35.817235" lon="-118.016267"/>
      <trkpt lat="35.817347" lon="-118.016648"/>
      <trkpt lat="35.817757" lon="-118.016935"/>
      <trkpt lat="35.818090" lon="-118.016988"/>
      <trkpt lat="35.818828" lon="-118.016702"/>
      <trkpt lat="35.818871" lon="-118.016719"/>
      <trkpt lat="35.818917" lon="-118.016737"/>
      <trkpt lat="35.818620" lon="-118.017613"/>
      <trkpt lat="35.818440" lon="-118.017947"/>
      <trkpt lat="35.818390" lon="-118.018362"/>
      <trkpt lat="35.818008" lon="-118.019037"/>
      <trkpt lat="35.817947" lon="-118.019237"/>
      <trkpt lat="35.817968" lon="-118.019412"/>
      <trkpt lat="35.818122" lon="-118.019530"/>
      <trkpt lat="35.818082" lon="-118.019913"/>
      <trkpt lat="35.818120" lon="-118.020383"/>
      <trkpt lat="35.818252" lon="-118.020497"/>
      <trkpt lat="35.818292" lon="-118.020862"/>
      <trkpt lat="35.818420" lon="-118.021030"/>
      <trkpt lat="35.818653" lon="-118.021173"/>
      <trkpt lat="35.818595" lon="-118.021577"/>
      <trkpt lat="35.818627" lon="-118.021767"/>
      <trkpt lat="35.818788" lon="-118.022353"/>
      <trkpt lat="35.818967" lon="-118.022718"/>
      <trkpt lat="35.819112" lon="-118.022787"/>
      <trkpt lat="35.819162" lon="-118.022972"/>
      <trkpt lat="35.819143" lon="-118.023363"/>
      <trkpt lat="35.819275" lon="-118.023767"/>
      <trkpt lat="35.819412" lon="-118.023873"/>
      <trkpt lat="35.819578" lon="-118.023847"/>
      <trkpt lat="35.819623" lon="-118.024000"/>
      <trkpt lat="35.819660" lon="-118.024168"/>
      <trkpt lat="35.819445" lon="-118.024908"/>
      <trkpt lat="35.819497" lon="-118.025100"/>
      <trkpt lat="35.819628" lon="-118.025208"/>
      <trkpt lat="35.819708" lon="-118.026007"/>
      <trkpt lat="35.819777" lon="-118.026208"/>
      <trkpt lat="35.819882" lon="-118.026355"/>
      <trkpt lat="35.820325" lon="-118.026565"/>
      <trkpt lat="35.820768" lon="-118.027110"/>
      <trkpt lat="35.820893" lon="-118.027672"/>
      <trkpt lat="35.821077" lon="-118.027988"/>
      <trkpt lat="35.821122" lon="-118.028387"/>
      <trkpt lat="35.821530" lon="-118.028985"/>
      <trkpt lat="35.821748" lon="-118.029080"/>
      <trkpt lat="35.821853" lon="-118.029187"/>
      <trkpt lat="35.822067" lon="-118.029662"/>
      <trkpt lat="35.822208" lon="-118.029698"/>
      <trkpt lat="35.822307" lon="-118.029985"/>
      <trkpt lat="35.822407" lon="-118.030040"/>
      <trkpt lat="35.822778" lon="-118.030677"/>
    </trkseg>
    <trkseg>
      <trkpt lat="35.662931" lon="-118.026482"/>
      <trkpt lat="35.663005" lon="-118.026756"/>
      <trkpt lat="35.663000" lon="-118.026859"/>
      <trkpt lat="35.662950" lon="-118.026941"/>
    </trkseg>
    <trkseg>
      <trkpt lat="35.822778" lon="-118.030677"/>
      <trkpt lat="35.822808" lon="-118.031048"/>
      <trkpt lat="35.822912" lon="-118.031212"/>
      <trkpt lat="35.823140" lon="-118.031433"/>
      <trkpt lat="35.823405" lon="-118.031918"/>
      <trkpt lat="35.823568" lon="-118.031903"/>
      <trkpt lat="35.823638" lon="-118.032035"/>
      <trkpt lat="35.823698" lon="-118.032382"/>
      <trkpt lat="35.823608" lon="-118.032525"/>
      <trkpt lat="35.823655" lon="-118.032692"/>
      <trkpt lat="35.823832" lon="-118.032753"/>
      <trkpt lat="35.823947" lon="-118.032865"/>
      <trkpt lat="35.824073" lon="-118.033248"/>
      <trkpt lat="35.824197" lon="-118.033333"/>
      <trkpt lat="35.824387" lon="-118.033612"/>
      <trkpt lat="35.824752" lon="-118.033915"/>
      <trkpt lat="35.824812" lon="-118.034188"/>
      <trkpt lat="35.824932" lon="-118.034305"/>
      <trkpt lat="35.825118" lon="-118.034807"/>
      <trkpt lat="35.825500" lon="-118.035388"/>
      <trkpt lat="35.825593" lon="-118.035783"/>
      <trkpt lat="35.825852" lon="-118.036278"/>
      <trkpt lat="35.826090" lon="-118.036528"/>
      <trkpt lat="35.826233" lon="-118.036578"/>
      <trkpt lat="35.826250" lon="-118.036942"/>
      <trkpt lat="35.826637" lon="-118.037193"/>
      <trkpt lat="35.827542" lon="-118.038527"/>
      <trkpt lat="35.827900" lon="-118.038635"/>
      <trkpt lat="35.827977" lon="-118.038755"/>
      <trkpt lat="35.827962" lon="-118.038953"/>
      <trkpt lat="35.828213" lon="-118.039175"/>
      <trkpt lat="35.828362" lon="-118.039492"/>
      <trkpt lat="35.828318" lon="-118.039665"/>
      <trkpt lat="35.828428" lon="-118.039778"/>
      <trkpt lat="35.828679" lon="-118.039845"/>
      <trkpt lat="35.828928" lon="-118.039838"/>
      <trkpt lat="35.829082" lon="-118.039772"/>
      <trkpt lat="35.829505" lon="-118.039400"/>
      <trkpt lat="35.829631" lon="-118.039395"/>
      <trkpt lat="35.829720" lon="-118.039265"/>
      <trkpt lat="35.829818" lon="-118.039258"/>
      <trkpt lat="35.829942" lon="-118.039333"/>
      <trkpt lat="35.830187" lon="-118.039598"/>
      <trkpt lat="35.830327" lon="-118.039620"/>
      <trkpt lat="35.830942" lon="-118.039420"/>
      <trkpt lat="35.831045" lon="-118.039533"/>
      <trkpt lat="35.831188" lon="-118.039582"/>
      <trkpt lat="35.831528" lon="-118.039583"/>
      <trkpt lat="35.831655" lon="-118.039680"/>
      <trkpt lat="35.831820" lon="-118.039720"/>
      <trkpt lat="35.832133" lon="-118.040123"/>
      <trkpt lat="35.832042" lon="-118.040432"/>
      <trkpt lat="35.832035" lon="-118.040623"/>
      <trkpt lat="35.832198" lon="-118.041203"/>
      <trkpt lat="35.832307" lon="-118.041363"/>
      <trkpt lat="35.832445" lon="-118.041432"/>
      <trkpt lat="35.832610" lon="-118.041405"/>
      <trkpt lat="35.832902" lon="-118.041257"/>
      <trkpt lat="35.833042" lon="-118.041362"/>
      <trkpt lat="35.833200" lon="-118.041365"/>
      <trkpt lat="35.833593" lon="-118.041090"/>
      <trkpt lat="35.833705" lon="-118.041207"/>
      <trkpt lat="35.833897" lon="-118.041127"/>
      <trkpt lat="35.834137" lon="-118.040928"/>
      <trkpt lat="35.834275" lon="-118.040895"/>
      <trkpt lat="35.834472" lon="-118.041163"/>
      <trkpt lat="35.834393" lon="-118.041363"/>
      <trkpt lat="35.834393" lon="-118.041594"/>
      <trkpt lat="35.834337" lon="-118.041707"/>
      <trkpt lat="35.834375" lon="-118.041892"/>
      <trkpt lat="35.834540" lon="-118.041943"/>
      <trkpt lat="35.834551" lon="-118.042206"/>
      <trkpt lat="35.834660" lon="-118.042292"/>
      <trkpt lat="35.834724" lon="-118.042389"/>
      <trkpt lat="35.834924" lon="-118.042946"/>
      <trkpt lat="35.834938" lon="-118.043220"/>
      <trkpt lat="35.834815" lon="-118.043577"/>
      <trkpt lat="35.834900" lon="-118.043707"/>
      <trkpt lat="35.834990" lon="-118.043843"/>
      <trkpt lat="35.835328" lon="-118.043960"/>
      <trkpt lat="35.835664" lon="-118.043946"/>
      <trkpt lat="35.835777" lon="-118.043999"/>
    </trkseg>
    <trkseg>
      <trkpt lat="35.899417" lon="-118.110223"/>
      <trkpt lat="35.899367" lon="-118.110095"/>
      <trkpt lat="35.899326" lon="-118.109961"/>
      <trkpt lat="35.899290" lon="-118.109877"/>
      <trkpt lat="35.899226" lon="-118.109819"/>
      <trkpt lat="35.899130" lon="-118.109773"/>
      <trkpt lat="35.899087" lon="-118.109733"/>
      <trkpt lat="35.899069" lon="-118.109693"/>
      <trkpt lat="35.899032" lon="-118.109644"/>
      <trkpt lat="35.898943" lon="-118.109583"/>
      <trkpt lat="35.898913" lon="-118.109564"/>
      <trkpt lat="35.898878" lon="-118.109559"/>
      <trkpt lat="35.898780" lon="-118.109518"/>
      <trkpt lat="35.898694" lon="-118.109517"/>
      <trkpt lat="35.898604" lon="-118.109516"/>
      <trkpt lat="35.898476" lon="-118.109465"/>
      <trkpt lat="35.898409" lon="-118.109414"/>
      <trkpt lat="35.898320" lon="-118.109314"/>
      <trkpt lat="35.898211" lon="-118.109226"/>
      <trkpt lat="35.898052" lon="-118.109154"/>
      <trkpt lat="35.897905" lon="-118.109103"/>
      <trkpt lat="35.897809" lon="-118.109027"/>
      <trkpt lat="35.897674" lon="-118.108976"/>
      <trkpt lat="35.897563" lon="-118.108834"/>
      <trkpt lat="35.897505" lon="-118.108789"/>
      <trkpt lat="35.897468" lon="-118.108773"/>
      <trkpt lat="35.897333" lon="-118.108740"/>
      <trkpt lat="35.897157" lon="-118.108738"/>
      <trkpt lat="35.897109" lon="-118.108730"/>
      <trkpt lat="35.896999" lon="-118.108687"/>
      <trkpt lat="35.896862" lon="-118.108620"/>
      <trkpt lat="35.896753" lon="-118.108537"/>
      <trkpt lat="35.896749" lon="-118.108513"/>
      <trkpt lat="35.896773" lon="-118.108480"/>
      <trkpt lat="35.896788" lon="-118.108443"/>
      <trkpt lat="35.896801" lon="-118.108368"/>
      <trkpt lat="35.896790" lon="-118.108250"/>
      <trkpt lat="35.896744" lon="-118.108110"/>
      <trkpt lat="35.896716" lon="-118.108059"/>
      <trkpt lat="35.896627" lon="-118.107753"/>
      <trkpt lat="35.896540" lon="-118.107515"/>
      <trkpt lat="35.896475" lon="-118.107394"/>
      <trkpt lat="35.896470" lon="-118.107372"/>
      <trkpt lat="35.896425" lon="-118.107297"/>
      <trkpt lat="35.896321" lon="-118.107163"/>
      <trkpt lat="35.896295" lon="-118.107107"/>
      <trkpt lat="35.896266" lon="-118.107010"/>
      <trkpt lat="35.896110" lon="-118.106780"/>
      <trkpt lat="35.896082" lon="-118.106721"/>
      <trkpt lat="35.896071" lon="-118.106635"/>
      <trkpt lat="35.896036" lon="-118.106501"/>
      <trkpt lat="35.896034" lon="-118.106386"/>
      <trkpt lat="35.896001" lon="-118.106176"/>
      <trkpt lat="35.895999" lon="-118.106120"/>
      <trkpt lat="35.896036" lon="-118.106026"/>
      <trkpt lat="35.896034" lon="-118.105868"/>
      <trkpt lat="35.896064" lon="-118.105728"/>
      <trkpt lat="35.896079" lon="-118.105586"/>
      <trkpt lat="35.896114" lon="-118.105380"/>
      <trkpt lat="35.896114" lon="-118.105334"/>
      <trkpt lat="35.896064" lon="-118.105144"/>
      <trkpt lat="35.896077" lon="-118.105058"/>
      <trkpt lat="35.896077" lon="-118.104991"/>
      <trkpt lat="35.896043" lon="-118.104857"/>
      <trkpt lat="35.895999" lon="-118.104752"/>
      <trkpt lat="35.895945" lon="-118.104650"/>
      <trkpt lat="35.895871" lon="-118.104588"/>
      <trkpt lat="35.895825" lon="-118.104537"/>
      <trkpt lat="35.895721" lon="-118.104497"/>
      <trkpt lat="35.895508" lon="-118.104486"/>
      <trkpt lat="35.895471" lon="-118.104473"/>
      <trkpt lat="35.895412" lon="-118.104484"/>
      <trkpt lat="35.895341" lon="-118.104481"/>
      <trkpt lat="35.895310" lon="-118.104457"/>
      <trkpt lat="35.895299" lon="-118.104438"/>
      <trkpt lat="35.895293" lon="-118.104395"/>
      <trkpt lat="35.895297" lon="-118.104285"/>
      <trkpt lat="35.895273" lon="-118.104114"/>
      <trkpt lat="35.895252" lon="-118.104033"/>
      <trkpt lat="35.895171" lon="-118.103819"/>
      <trkpt lat="35.895113" lon="-118.103690"/>
      <trkpt lat="35.894993" lon="-118.103489"/>
      <trkpt lat="35.894945" lon="-118.103384"/>
      <trkpt lat="35.894813" lon="-118.103207"/>
      <trkpt lat="35.894726" lon="-118.103127"/>
      <trkpt lat="35.894702" lon="-118.103092"/>
      <trkpt lat="35.894704" lon="-118.103068"/>
      <trkpt lat="35.894730" lon="-118.103035"/>
      <trkpt lat="35.894774" lon="-118.103009"/>
      <trkpt lat="35.894908" lon="-118.102958"/>
      <trkpt lat="35.895037" lon="-118.102880"/>
      <trkpt lat="35.895193" lon="-118.102831"/>
      <trkpt lat="35.895241" lon="-118.102797"/>
      <trkpt lat="35.895317" lon="-118.102713"/>
      <trkpt lat="35.895358" lon="-118.102617"/>
      <trkpt lat="35.895375" lon="-118.102544"/>
      <trkpt lat="35.895375" lon="-118.102435"/>
      <trkpt lat="35.895345" lon="-118.102298"/>
      <trkpt lat="35.895315" lon="-118.102220"/>
      <trkpt lat="35.895288" lon="-118.102177"/>
      <trkpt lat="35.895275" lon="-118.102134"/>
      <trkpt lat="35.895212" lon="-118.102043"/>
      <trkpt lat="35.895158" lon="-118.101922"/>
      <trkpt lat="35.895139" lon="-118.101756"/>
      <trkpt lat="35.895139" lon="-118.101662"/>
      <trkpt lat="35.895123" lon="-118.101493"/>
      <trkpt lat="35.895123" lon="-118.101448"/>
      <trkpt lat="35.895143" lon="-118.101378"/>
      <trkpt lat="35.895176" lon="-118.101083"/>
      <trkpt lat="35.895210" lon="-118.100916"/>
      <trkpt lat="35.895217" lon="-118.100713"/>
      <trkpt lat="35.895236" lon="-118.100651"/>
      <trkpt lat="35.895256" lon="-118.100530"/>
      <trkpt lat="35.895254" lon="-118.100482"/>
      <trkpt lat="35.895265" lon="-118.100412"/>
      <trkpt lat="35.895293" lon="-118.100300"/>
      <trkpt lat="35.895312" lon="-118.100101"/>
      <trkpt lat="35.895312" lon="-118.099935"/>
      <trkpt lat="35.895295" lon="-118.099779"/>
      <trkpt lat="35.895288" lon="-118.099642"/>
      <trkpt lat="35.895271" lon="-118.099554"/>
      <trkpt lat="35.895236" lon="-118.099444"/>
      <trkpt lat="35.895158" lon="-118.099264"/>
      <trkpt lat="35.895143" lon="-118.099248"/>
      <trkpt lat="35.895097" lon="-118.099152"/>
      <trkpt lat="35.895071" lon="-118.099117"/>
      <trkpt lat="35.894869" lon="-118.098722"/>
      <trkpt lat="35.894800" lon="-118.098618"/>
      <trkpt lat="35.894730" lon="-118.098553"/>
      <trkpt lat="35.894708" lon="-118.098492"/>
      <trkpt lat="35.894704" lon="-118.098446"/>
      <trkpt lat="35.894647" lon="-118.098315"/>
      <trkpt lat="35.894493" lon="-118.098060"/>
      <trkpt lat="35.894415" lon="-118.097888"/>
      <trkpt lat="35.894337" lon="-118.097759"/>
      <trkpt lat="35.894204" lon="-118.097419"/>
      <trkpt lat="35.894174" lon="-118.097376"/>
      <trkpt lat="35.894017" lon="-118.097207"/>
      <trkpt lat="35.893985" lon="-118.097153"/>
      <trkpt lat="35.893898" lon="-118.096928"/>
      <trkpt lat="35.893848" lon="-118.096850"/>
      <trkpt lat="35.893759" lon="-118.096775"/>
      <trkpt lat="35.893657" lon="-118.096705"/>
      <trkpt lat="35.893624" lon="-118.096692"/>
      <trkpt lat="35.893520" lon="-118.096609"/>
      <trkpt lat="35.893442" lon="-118.096504"/>
      <trkpt lat="35.893357" lon="-118.096282"/>
      <trkpt lat="35.893255" lon="-118.096088"/>
      <trkpt lat="35.893205" lon="-118.095957"/>
      <trkpt lat="35.893111" lon="-118.095767"/>
      <trkpt lat="35.893066" lon="-118.095627"/>
      <trkpt lat="35.892974" lon="-118.095415"/>
      <trkpt lat="35.892792" lon="-118.095147"/>
      <trkpt lat="35.892646" lon="-118.094889"/>
      <trkpt lat="35.892583" lon="-118.094804"/>
      <trkpt lat="35.892555" lon="-118.094780"/>
      <trkpt lat="35.892518" lon="-118.094729"/>
      <trkpt lat="35.892327" lon="-118.094546"/>
      <trkpt lat="35.892203" lon="-118.094493"/>
      <trkpt lat="35.892105" lon="-118.094487"/>
      <trkpt lat="35.892068" lon="-118.094495"/>
      <trkpt lat="35.892034" lon="-118.094517"/>
      <trkpt lat="35.891942" lon="-118.094552"/>
      <trkpt lat="35.891890" lon="-118.094552"/>
      <trkpt lat="35.891760" lon="-118.094546"/>
      <trkpt lat="35.891705" lon="-118.094533"/>
      <trkpt lat="35.891603" lon="-118.094527"/>
      <trkpt lat="35.891566" lon="-118.094511"/>
      <trkpt lat="35.891542" lon="-118.094482"/>
      <trkpt lat="35.891512" lon="-118.094425"/>
      <trkpt lat="35.891490" lon="-118.094305"/>
      <trkpt lat="35.891510" lon="-118.094055"/>
      <trkpt lat="35.891503" lon="-118.093900"/>
      <trkpt lat="35.891486" lon="-118.093811"/>
      <trkpt lat="35.891442" lon="-118.093675"/>
      <trkpt lat="35.891390" lon="-118.093452"/>
      <trkpt lat="35.891338" lon="-118.093283"/>
      <trkpt lat="35.891319" lon="-118.093152"/>
      <trkpt lat="35.891308" lon="-118.093015"/>
      <trkpt lat="35.891308" lon="-118.092905"/>
      <trkpt lat="35.891382" lon="-118.092741"/>
      <trkpt lat="35.891384" lon="-118.092720"/>
      <trkpt lat="35.891384" lon="-118.092588"/>
      <trkpt lat="35.891351" lon="-118.092478"/>
      <trkpt lat="35.891321" lon="-118.092411"/>
      <trkpt lat="35.891269" lon="-118.092325"/>
      <trkpt lat="35.890995" lon="-118.091998"/>
      <trkpt lat="35.890973" lon="-118.091961"/>
      <trkpt lat="35.890934" lon="-118.091918"/>
      <trkpt lat="35.890871" lon="-118.091816"/>
      <trkpt lat="35.890795" lon="-118.091631"/>
      <trkpt lat="35.890749" lon="-118.091483"/>
      <trkpt lat="35.890730" lon="-118.091446"/>
      <trkpt lat="35.890636" lon="-118.091349"/>
      <trkpt lat="35.890539" lon="-118.091290"/>
      <trkpt lat="35.890432" lon="-118.091252"/>
      <trkpt lat="35.890419" lon="-118.091239"/>
      <trkpt lat="35.890384" lon="-118.091161"/>
      <trkpt lat="35.890282" lon="-118.090689"/>
      <trkpt lat="35.890254" lon="-118.090603"/>
      <trkpt lat="35.890241" lon="-118.090534"/>
      <trkpt lat="35.890219" lon="-118.090488"/>
      <trkpt lat="35.890119" lon="-118.090359"/>
      <trkpt lat="35.890100" lon="-118.090319"/>
      <trkpt lat="35.890089" lon="-118.090228"/>
      <trkpt lat="35.890054" lon="-118.090150"/>
      <trkpt lat="35.890013" lon="-118.090024"/>
      <trkpt lat="35.890006" lon="-118.089836"/>
      <trkpt lat="35.889989" lon="-118.089726"/>
      <trkpt lat="35.889854" lon="-118.089343"/>
      <trkpt lat="35.889850" lon="-118.089278"/>
      <trkpt lat="35.889817" lon="-118.089152"/>
      <trkpt lat="35.889817" lon="-118.089107"/>
      <trkpt lat="35.889841" lon="-118.089016"/>
      <trkpt lat="35.889834" lon="-118.088879"/>
      <trkpt lat="35.889861" lon="-118.088817"/>
      <trkpt lat="35.889895" lon="-118.088686"/>
      <trkpt lat="35.889902" lon="-118.088549"/>
      <trkpt lat="35.889878" lon="-118.088431"/>
      <trkpt lat="35.889867" lon="-118.088264"/>
      <trkpt lat="35.889830" lon="-118.088101"/>
      <trkpt lat="35.889834" lon="-118.088082"/>
      <trkpt lat="35.889802" lon="-118.087964"/>
      <trkpt lat="35.889778" lon="-118.087771"/>
      <trkpt lat="35.889761" lon="-118.087712"/>
      <trkpt lat="35.889754" lon="-118.087586"/>
      <trkpt lat="35.889765" lon="-118.087543"/>
      <trkpt lat="35.889830" lon="-118.087470"/>
      <trkpt lat="35.889848" lon="-118.087463"/>
      <trkpt lat="35.889906" lon="-118.087465"/>
      <trkpt lat="35.889989" lon="-118.087484"/>
      <trkpt lat="35.890067" lon="-118.087484"/>
      <trkpt lat="35.890145" lon="-118.087449"/>
      <trkpt lat="35.890289" lon="-118.087438"/>
      <trkpt lat="35.890328" lon="-118.087428"/>
      <trkpt lat="35.890392" lon="-118.087396"/>
      <trkpt lat="35.890436" lon="-118.087374"/>
      <trkpt lat="35.890499" lon="-118.087361"/>
      <trkpt lat="35.890652" lon="-118.087363"/>
      <trkpt lat="35.890760" lon="-118.087347"/>
      <trkpt lat="35.890825" lon="-118.087315"/>
      <trkpt lat="35.890882" lon="-118.087259"/>
      <trkpt lat="35.890921" lon="-118.087178"/>
      <trkpt lat="35.890932" lon="-118.087114"/>
      <trkpt lat="35.890934" lon="-118.086980"/>
      <trkpt lat="35.890908" lon="-118.086749"/>
      <trkpt lat="35.890908" lon="-118.086441"/>
      <trkpt lat="35.890893" lon="-118.086255"/>
      <trkpt lat="35.890895" lon="-118.086116"/>
      <trkpt lat="35.890886" lon="-118.086062"/>
      <trkpt lat="35.890882" lon="-118.085896"/>
      <trkpt lat="35.890832" lon="-118.085695"/>
      <trkpt lat="35.890797" lon="-118.085614"/>
      <trkpt lat="35.890780" lon="-118.085496"/>
      <trkpt lat="35.890788" lon="-118.085322"/>
      <trkpt lat="35.890814" lon="-118.085191"/>
      <trkpt lat="35.890817" lon="-118.085124"/>
      <trkpt lat="35.890843" lon="-118.085043"/>
      <trkpt lat="35.890841" lon="-118.084976"/>
      <trkpt lat="35.890828" lon="-118.084952"/>
      <trkpt lat="35.890786" lon="-118.084909"/>
      <trkpt lat="35.890645" lon="-118.084810"/>
      <trkpt lat="35.890519" lon="-118.084732"/>
      <trkpt lat="35.890460" lon="-118.084710"/>
      <trkpt lat="35.890412" lon="-118.084678"/>
      <trkpt lat="35.890317" lon="-118.084643"/>
      <trkpt lat="35.890195" lon="-118.084585"/>
      <trkpt lat="35.890161" lon="-118.084563"/>
      <trkpt lat="35.890074" lon="-118.084485"/>
      <trkpt lat="35.890026" lon="-118.084413"/>
      <trkpt lat="35.889965" lon="-118.084094"/>
      <trkpt lat="35.889937" lon="-118.083986"/>
      <trkpt lat="35.889897" lon="-118.083903"/>
      <trkpt lat="35.889885" lon="-118.083828"/>
      <trkpt lat="35.889885" lon="-118.083782"/>
      <trkpt lat="35.889902" lon="-118.083742"/>
      <trkpt lat="35.889939" lon="-118.083689"/>
      <trkpt lat="35.890008" lon="-118.083651"/>
      <trkpt lat="35.890091" lon="-118.083622"/>
      <trkpt lat="35.890189" lon="-118.083525"/>
      <trkpt lat="35.890287" lon="-118.083386"/>
      <trkpt lat="35.890299" lon="-118.083348"/>
      <trkpt lat="35.890469" lon="-118.083080"/>
      <trkpt lat="35.890508" lon="-118.082997"/>
      <trkpt lat="35.890526" lon="-118.082873"/>
      <trkpt lat="35.890519" lon="-118.082613"/>
      <trkpt lat="35.890493" lon="-118.082535"/>
      <trkpt lat="35.890486" lon="-118.082482"/>
      <trkpt lat="35.890450" lon="-118.082401"/>
      <trkpt lat="35.890380" lon="-118.082297"/>
      <trkpt lat="35.890147" lon="-118.081878"/>
      <trkpt lat="35.890106" lon="-118.081790"/>
      <trkpt lat="35.889837" lon="-118.081063"/>
      <trkpt lat="35.889780" lon="-118.080969"/>
      <trkpt lat="35.889752" lon="-118.080947"/>
      <trkpt lat="35.889700" lon="-118.080931"/>
      <trkpt lat="35.889437" lon="-118.080926"/>
      <trkpt lat="35.889383" lon="-118.080905"/>
      <trkpt lat="35.889319" lon="-118.080894"/>
      <trkpt lat="35.889209" lon="-118.080840"/>
      <trkpt lat="35.889091" lon="-118.080736"/>
      <trkpt lat="35.888976" lon="-118.080591"/>
      <trkpt lat="35.888878" lon="-118.080500"/>
      <trkpt lat="35.888676" lon="-118.080282"/>
      <trkpt lat="35.888602" lon="-118.080220"/>
      <trkpt lat="35.888576" lon="-118.080188"/>
      <trkpt lat="35.888461" lon="-118.080100"/>
      <trkpt lat="35.888355" lon="-118.080044"/>
      <trkpt lat="35.888109" lon="-118.079856"/>
      <trkpt lat="35.887935" lon="-118.079767"/>
      <trkpt lat="35.887890" lon="-118.079719"/>
      <trkpt lat="35.887866" lon="-118.079681"/>
      <trkpt lat="35.887779" lon="-118.079598"/>
      <trkpt lat="35.887742" lon="-118.079491"/>
      <trkpt lat="35.887735" lon="-118.079421"/>
      <trkpt lat="35.887655" lon="-118.079333"/>
      <trkpt lat="35.887653" lon="-118.079284"/>
      <trkpt lat="35.887720" lon="-118.079140"/>
      <trkpt lat="35.887898" lon="-118.078917"/>
      <trkpt lat="35.888096" lon="-118.078700"/>
      <trkpt lat="35.888103" lon="-118.078678"/>
      <trkpt lat="35.888142" lon="-118.078630"/>
      <trkpt lat="35.888246" lon="-118.078464"/>
      <trkpt lat="35.888335" lon="-118.078332"/>
      <trkpt lat="35.888366" lon="-118.078300"/>
      <trkpt lat="35.888387" lon="-118.078262"/>
      <trkpt lat="35.888392" lon="-118.078241"/>
      <trkpt lat="35.888390" lon="-118.078171"/>
      <trkpt lat="35.888374" lon="-118.078128"/>
      <trkpt lat="35.888340" lon="-118.078077"/>
      <trkpt lat="35.888294" lon="-118.078043"/>
      <trkpt lat="35.888018" lon="-118.077938"/>
      <trkpt lat="35.887918" lon="-118.077879"/>
      <trkpt lat="35.887792" lon="-118.077820"/>
      <trkpt lat="35.887635" lon="-118.077766"/>
      <trkpt lat="35.887496" lon="-118.077664"/>
      <trkpt lat="35.887433" lon="-118.077608"/>
      <trkpt lat="35.887299" lon="-118.077423"/>
      <trkpt lat="35.887259" lon="-118.077337"/>
      <trkpt lat="35.887240" lon="-118.077203"/>
      <trkpt lat="35.887244" lon="-118.077088"/>
      <trkpt lat="35.887275" lon="-118.076913"/>
      <trkpt lat="35.887292" lon="-118.076752"/>
      <trkpt lat="35.887292" lon="-118.076683"/>
      <trkpt lat="35.887270" lon="-118.076546"/>
      <trkpt lat="35.887149" lon="-118.076251"/>
      <trkpt lat="35.887079" lon="-118.076127"/>
      <trkpt lat="35.886986" lon="-118.076001"/>
      <trkpt lat="35.886966" lon="-118.075988"/>
      <trkpt lat="35.886701" lon="-118.075594"/>
      <trkpt lat="35.886660" lon="-118.075556"/>
      <trkpt lat="35.886586" lon="-118.075516"/>
      <trkpt lat="35.886336" lon="-118.075473"/>
      <trkpt lat="35.886308" lon="-118.075473"/>
      <trkpt lat="35.886199" lon="-118.075502"/>
      <trkpt lat="35.886069" lon="-118.075511"/>
      <trkpt lat="35.885808" lon="-118.075567"/>
      <trkpt lat="35.885754" lon="-118.075564"/>
      <trkpt lat="35.885684" lon="-118.075527"/>
      <trkpt lat="35.885619" lon="-118.075473"/>
      <trkpt lat="35.885593" lon="-118.075441"/>
      <trkpt lat="35.885549" lon="-118.075344"/>
      <trkpt lat="35.885528" lon="-118.075092"/>
      <trkpt lat="35.885536" lon="-118.074888"/>
      <trkpt lat="35.885567" lon="-118.074730"/>
      <trkpt lat="35.885567" lon="-118.074593"/>
      <trkpt lat="35.885591" lon="-118.074108"/>
      <trkpt lat="35.885588" lon="-118.074030"/>
      <trkpt lat="35.885562" lon="-118.073866"/>
      <trkpt lat="35.885523" lon="-118.073724"/>
      <trkpt lat="35.885460" lon="-118.073590"/>
      <trkpt lat="35.885402" lon="-118.073499"/>
      <trkpt lat="35.885202" lon="-118.073236"/>
      <trkpt lat="35.885017" lon="-118.073062"/>
      <trkpt lat="35.884917" lon="-118.073027"/>
      <trkpt lat="35.884856" lon="-118.072976"/>
      <trkpt lat="35.884850" lon="-118.072954"/>
      <trkpt lat="35.884845" lon="-118.072834"/>
      <trkpt lat="35.884817" lon="-118.072700"/>
      <trkpt lat="35.884737" lon="-118.072418"/>
      <trkpt lat="35.884647" lon="-118.072227"/>
      <trkpt lat="35.884484" lon="-118.071984"/>
      <trkpt lat="35.884332" lon="-118.071812"/>
      <trkpt lat="35.884187" lon="-118.071699"/>
      <trkpt lat="35.884143" lon="-118.071653"/>
      <trkpt lat="35.883967" lon="-118.071404"/>
      <trkpt lat="35.883887" lon="-118.071318"/>
      <trkpt lat="35.883750" lon="-118.071246"/>
      <trkpt lat="35.883676" lon="-118.071181"/>
      <trkpt lat="35.883463" lon="-118.070948"/>
      <trkpt lat="35.883398" lon="-118.070894"/>
      <trkpt lat="35.883354" lon="-118.070841"/>
      <trkpt lat="35.883276" lon="-118.070768"/>
      <trkpt lat="35.883102" lon="-118.070661"/>
      <trkpt lat="35.883013" lon="-118.070616"/>
      <trkpt lat="35.882866" lon="-118.070519"/>
      <trkpt lat="35.882739" lon="-118.070455"/>
      <trkpt lat="35.882666" lon="-118.070433"/>
      <trkpt lat="35.882566" lon="-118.070425"/>
      <trkpt lat="35.882455" lon="-118.070444"/>
      <trkpt lat="35.881977" lon="-118.070455"/>
      <trkpt lat="35.881877" lon="-118.070433"/>
      <trkpt lat="35.881818" lon="-118.070406"/>
      <trkpt lat="35.881661" lon="-118.070380"/>
      <trkpt lat="35.881459" lon="-118.070412"/>
      <trkpt lat="35.881303" lon="-118.070409"/>
      <trkpt lat="35.881162" lon="-118.070465"/>
      <trkpt lat="35.881081" lon="-118.070479"/>
      <trkpt lat="35.881010" lon="-118.070511"/>
      <trkpt lat="35.880916" lon="-118.070581"/>
      <trkpt lat="35.880879" lon="-118.070597"/>
      <trkpt lat="35.880842" lon="-118.070597"/>
      <trkpt lat="35.880814" lon="-118.070538"/>
      <trkpt lat="35.880820" lon="-118.070337"/>
      <trkpt lat="35.880792" lon="-118.070245"/>
      <trkpt lat="35.880718" lon="-118.070135"/>
      <trkpt lat="35.880688" lon="-118.070109"/>
      <trkpt lat="35.880627" lon="-118.070025"/>
      <trkpt lat="35.880562" lon="-118.069918"/>
      <trkpt lat="35.880442" lon="-118.069768"/>
      <trkpt lat="35.880253" lon="-118.069556"/>
      <trkpt lat="35.880086" lon="-118.069427"/>
      <trkpt lat="35.880049" lon="-118.069411"/>
      <trkpt lat="35.880012" lon="-118.069371"/>
      <trkpt lat="35.880001" lon="-118.069347"/>
      <trkpt lat="35.879919" lon="-118.069258"/>
      <trkpt lat="35.879888" lon="-118.069232"/>
      <trkpt lat="35.879838" lon="-118.069210"/>
      <trkpt lat="35.879795" lon="-118.069175"/>
      <trkpt lat="35.879734" lon="-118.069079"/>
      <trkpt lat="35.879693" lon="-118.069028"/>
      <trkpt lat="35.879560" lon="-118.068912"/>
      <trkpt lat="35.879501" lon="-118.068821"/>
      <trkpt lat="35.879462" lon="-118.068743"/>
      <trkpt lat="35.879427" lon="-118.068703"/>
      <trkpt lat="35.879340" lon="-118.068633"/>
      <trkpt lat="35.879243" lon="-118.068577"/>
      <trkpt lat="35.879213" lon="-118.068570"/>
      <trkpt lat="35.879112" lon="-118.068550"/>
      <trkpt lat="35.878951" lon="-118.068547"/>
      <trkpt lat="35.878717" lon="-118.068518"/>
      <trkpt lat="35.878645" lon="-118.068491"/>
      <trkpt lat="35.878591" lon="-118.068459"/>
      <trkpt lat="35.878497" lon="-118.068392"/>
      <trkpt lat="35.878400" lon="-118.068303"/>
      <trkpt lat="35.878363" lon="-118.068247"/>
      <trkpt lat="35.878202" lon="-118.067947"/>
      <trkpt lat="35.878054" lon="-118.067770"/>
      <trkpt lat="35.878006" lon="-118.067625"/>
      <trkpt lat="35.878004" lon="-118.067601"/>
      <trkpt lat="35.877889" lon="-118.067324"/>
      <trkpt lat="35.877856" lon="-118.067266"/>
      <trkpt lat="35.877732" lon="-118.067059"/>
      <trkpt lat="35.877702" lon="-118.067029"/>
      <trkpt lat="35.877615" lon="-118.066909"/>
      <trkpt lat="35.877569" lon="-118.066858"/>
      <trkpt lat="35.877389" lon="-118.066544"/>
      <trkpt lat="35.877324" lon="-118.066447"/>
      <trkpt lat="35.877306" lon="-118.066434"/>
      <trkpt lat="35.877243" lon="-118.066412"/>
      <trkpt lat="35.877132" lon="-118.066396"/>
      <trkpt lat="35.876943" lon="-118.066388"/>
      <trkpt lat="35.876859" lon="-118.066375"/>
      <trkpt lat="35.876802" lon="-118.066383"/>
      <trkpt lat="35.876587" lon="-118.066469"/>
      <trkpt lat="35.876554" lon="-118.066509"/>
      <trkpt lat="35.876520" lon="-118.066616"/>
      <trkpt lat="35.876483" lon="-118.066699"/>
      <trkpt lat="35.876339" lon="-118.066941"/>
      <trkpt lat="35.876085" lon="-118.067330"/>
      <trkpt lat="35.876055" lon="-118.067389"/>
      <trkpt lat="35.875981" lon="-118.067461"/>
      <trkpt lat="35.875894" lon="-118.067512"/>
      <trkpt lat="35.875746" lon="-118.067563"/>
      <trkpt lat="35.875307" lon="-118.067539"/>
      <trkpt lat="35.875166" lon="-118.067512"/>
      <trkpt lat="35.875066" lon="-118.067477"/>
      <trkpt lat="35.874981" lon="-118.067432"/>
      <trkpt lat="35.874883" lon="-118.067397"/>
      <trkpt lat="35.874731" lon="-118.067314"/>
      <trkpt lat="35.874681" lon="-118.067271"/>
      <trkpt lat="35.874633" lon="-118.067206"/>
      <trkpt lat="35.874611" lon="-118.067139"/>
      <trkpt lat="35.874596" lon="-118.067123"/>
      <trkpt lat="35.874518" lon="-118.067070"/>
      <trkpt lat="35.874477" lon="-118.067059"/>
      <trkpt lat="35.874387" lon="-118.066973"/>
      <trkpt lat="35.874274" lon="-118.066925"/>
      <trkpt lat="35.874257" lon="-118.066906"/>
      <trkpt lat="35.874168" lon="-118.066874"/>
      <trkpt lat="35.874127" lon="-118.066877"/>
      <trkpt lat="35.874092" lon="-118.066901"/>
      <trkpt lat="35.874005" lon="-118.066995"/>
      <trkpt lat="35.873966" lon="-118.067000"/>
      <trkpt lat="35.873927" lon="-118.066984"/>
      <trkpt lat="35.873911" lon="-118.066965"/>
      <trkpt lat="35.873861" lon="-118.066791"/>
      <trkpt lat="35.873755" lon="-118.066662"/>
      <trkpt lat="35.873672" lon="-118.066587"/>
      <trkpt lat="35.873562" lon="-118.066530"/>
      <trkpt lat="35.873446" lon="-118.066480"/>
      <trkpt lat="35.873333" lon="-118.066450"/>
      <trkpt lat="35.873283" lon="-118.066396"/>
      <trkpt lat="35.873177" lon="-118.066236"/>
      <trkpt lat="35.873149" lon="-118.066179"/>
      <trkpt lat="35.872996" lon="-118.066024"/>
      <trkpt lat="35.872890" lon="-118.065981"/>
      <trkpt lat="35.872699" lon="-118.065986"/>
      <trkpt lat="35.872640" lon="-118.065975"/>
      <trkpt lat="35.872577" lon="-118.065943"/>
      <trkpt lat="35.872527" lon="-118.065865"/>
      <trkpt lat="35.872510" lon="-118.065820"/>
      <trkpt lat="35.872440" lon="-118.065726"/>
      <trkpt lat="35.872312" lon="-118.065640"/>
      <trkpt lat="35.872181" lon="-118.065578"/>
      <trkpt lat="35.871990" lon="-118.065530"/>
      <trkpt lat="35.871797" lon="-118.065535"/>
      <trkpt lat="35.871660" lon="-118.065562"/>
      <trkpt lat="35.871627" lon="-118.065578"/>
      <trkpt lat="35.871564" lon="-118.065578"/>
      <trkpt lat="35.871436" lon="-118.065530"/>
      <trkpt lat="35.871366" lon="-118.065476"/>
      <trkpt lat="35.871188" lon="-118.065289"/>
      <trkpt lat="35.871145" lon="-118.065232"/>
      <trkpt lat="35.871136" lon="-118.065206"/>
      <trkpt lat="35.870958" lon="-118.064986"/>
      <trkpt lat="35.870927" lon="-118.064935"/>
      <trkpt lat="35.870767" lon="-118.064830"/>
      <trkpt lat="35.870636" lon="-118.064707"/>
      <trkpt lat="35.870597" lon="-118.064623"/>
      <trkpt lat="35.870564" lon="-118.064527"/>
      <trkpt lat="35.870499" lon="-118.064433"/>
      <trkpt lat="35.870399" lon="-118.064237"/>
      <trkpt lat="35.870054" lon="-118.063744"/>
      <trkpt lat="35.869823" lon="-118.063430"/>
      <trkpt lat="35.869734" lon="-118.063331"/>
      <trkpt lat="35.869636" lon="-118.063242"/>
      <trkpt lat="35.869515" lon="-118.063164"/>
      <trkpt lat="35.869454" lon="-118.063148"/>
      <trkpt lat="35.869412" lon="-118.063119"/>
      <trkpt lat="35.869317" lon="-118.063036"/>
      <trkpt lat="35.869265" lon="-118.062966"/>
      <trkpt lat="35.869258" lon="-118.062918"/>
      <trkpt lat="35.869276" lon="-118.062834"/>
      <trkpt lat="35.869299" lon="-118.062770"/>
      <trkpt lat="35.869343" lon="-118.062690"/>
      <trkpt lat="35.869349" lon="-118.062590"/>
      <trkpt lat="35.869393" lon="-118.062360"/>
      <trkpt lat="35.869397" lon="-118.062258"/>
      <trkpt lat="35.869388" lon="-118.062156"/>
      <trkpt lat="35.869373" lon="-118.062108"/>
      <trkpt lat="35.869349" lon="-118.062065"/>
      <trkpt lat="35.869328" lon="-118.061979"/>
      <trkpt lat="35.869310" lon="-118.061957"/>
      <trkpt lat="35.869245" lon="-118.061823"/>
      <trkpt lat="35.869160" lon="-118.061727"/>
      <trkpt lat="35.869143" lon="-118.061678"/>
      <trkpt lat="35.869088" lon="-118.061593"/>
      <trkpt lat="35.869069" lon="-118.061491"/>
      <trkpt lat="35.869056" lon="-118.061472"/>
      <trkpt lat="35.869004" lon="-118.061437"/>
      <trkpt lat="35.868923" lon="-118.061410"/>
      <trkpt lat="35.868860" lon="-118.061348"/>
      <trkpt lat="35.868821" lon="-118.061281"/>
      <trkpt lat="35.868817" lon="-118.061206"/>
      <trkpt lat="35.868706" lon="-118.060638"/>
      <trkpt lat="35.868671" lon="-118.060407"/>
      <trkpt lat="35.868623" lon="-118.060318"/>
      <trkpt lat="35.868582" lon="-118.060265"/>
      <trkpt lat="35.868508" lon="-118.060209"/>
      <trkpt lat="35.868419" lon="-118.060115"/>
      <trkpt lat="35.868306" lon="-118.060031"/>
      <trkpt lat="35.868299" lon="-118.059954"/>
      <trkpt lat="35.868265" lon="-118.059833"/>
      <trkpt lat="35.868226" lon="-118.059782"/>
      <trkpt lat="35.868189" lon="-118.059771"/>
      <trkpt lat="35.868126" lon="-118.059774"/>
      <trkpt lat="35.868086" lon="-118.059785"/>
      <trkpt lat="35.868039" lon="-118.059817"/>
      <trkpt lat="35.867806" lon="-118.059777"/>
      <trkpt lat="35.867719" lon="-118.059787"/>
      <trkpt lat="35.867632" lon="-118.059871"/>
      <trkpt lat="35.867534" lon="-118.060037"/>
      <trkpt lat="35.867406" lon="-118.060233"/>
      <trkpt lat="35.867391" lon="-118.060276"/>
      <trkpt lat="35.867297" lon="-118.060442"/>
      <trkpt lat="35.867232" lon="-118.060490"/>
      <trkpt lat="35.867095" lon="-118.060552"/>
      <trkpt lat="35.866998" lon="-118.060563"/>
      <trkpt lat="35.866954" lon="-118.060584"/>
      <trkpt lat="35.866915" lon="-118.060592"/>
      <trkpt lat="35.866895" lon="-118.060605"/>
      <trkpt lat="35.866852" lon="-118.060678"/>
      <trkpt lat="35.866804" lon="-118.060804"/>
      <trkpt lat="35.866787" lon="-118.060919"/>
      <trkpt lat="35.866780" lon="-118.061134"/>
      <trkpt lat="35.866739" lon="-118.061212"/>
      <trkpt lat="35.866717" lon="-118.061276"/>
      <trkpt lat="35.866715" lon="-118.061370"/>
      <trkpt lat="35.866732" lon="-118.061408"/>
      <trkpt lat="35.866776" lon="-118.061450"/>
      <trkpt lat="35.866817" lon="-118.061526"/>
      <trkpt lat="35.866854" lon="-118.061571"/>
      <trkpt lat="35.867017" lon="-118.061708"/>
      <trkpt lat="35.867041" lon="-118.061772"/>
      <trkpt lat="35.867037" lon="-118.061880"/>
      <trkpt lat="35.867006" lon="-118.061933"/>
      <trkpt lat="35.866893" lon="-118.062040"/>
      <trkpt lat="35.866872" lon="-118.062070"/>
      <trkpt lat="35.866626" lon="-118.062260"/>
      <trkpt lat="35.866587" lon="-118.062327"/>
      <trkpt lat="35.866537" lon="-118.062486"/>
      <trkpt lat="35.866422" lon="-118.062802"/>
      <trkpt lat="35.866417" lon="-118.062939"/>
      <trkpt lat="35.866400" lon="-118.063084"/>
      <trkpt lat="35.866376" lon="-118.063188"/>
      <trkpt lat="35.866324" lon="-118.063336"/>
      <trkpt lat="35.866311" lon="-118.063403"/>
      <trkpt lat="35.866313" lon="-118.063492"/>
      <trkpt lat="35.866380" lon="-118.063620"/>
      <trkpt lat="35.866415" lon="-118.063701"/>
      <trkpt lat="35.866432" lon="-118.063762"/>
      <trkpt lat="35.866437" lon="-118.063797"/>
      <trkpt lat="35.866426" lon="-118.063859"/>
      <trkpt lat="35.866400" lon="-118.063940"/>
      <trkpt lat="35.866411" lon="-118.064041"/>
      <trkpt lat="35.866402" lon="-118.064133"/>
      <trkpt lat="35.866435" lon="-118.064184"/>
      <trkpt lat="35.866445" lon="-118.064253"/>
      <trkpt lat="35.866441" lon="-118.064323"/>
      <trkpt lat="35.866401" lon="-118.064457"/>
      <trkpt lat="35.866398" lon="-118.064468"/>
      <trkpt lat="35.866363" lon="-118.064532"/>
      <trkpt lat="35.866267" lon="-118.064629"/>
      <trkpt lat="35.866132" lon="-118.064731"/>
      <trkpt lat="35.866080" lon="-118.064817"/>
      <trkpt lat="35.866059" lon="-118.064878"/>
      <trkpt lat="35.866052" lon="-118.064921"/>
      <trkpt lat="35.866026" lon="-118.064956"/>
      <trkpt lat="35.866013" lon="-118.064996"/>
      <trkpt lat="35.866004" lon="-118.065042"/>
      <trkpt lat="35.866000" lon="-118.065275"/>
      <trkpt lat="35.865965" lon="-118.065404"/>
      <trkpt lat="35.865961" lon="-118.065455"/>
      <trkpt lat="35.865937" lon="-118.065517"/>
      <trkpt lat="35.865926" lon="-118.065584"/>
      <trkpt lat="35.865872" lon="-118.065755"/>
      <trkpt lat="35.865791" lon="-118.065895"/>
      <trkpt lat="35.865741" lon="-118.065962"/>
      <trkpt lat="35.865696" lon="-118.066007"/>
      <trkpt lat="35.865674" lon="-118.066048"/>
      <trkpt lat="35.865654" lon="-118.066176"/>
      <trkpt lat="35.865637" lon="-118.066187"/>
      <trkpt lat="35.865576" lon="-118.066324"/>
      <trkpt lat="35.865454" lon="-118.066396"/>
      <trkpt lat="35.865404" lon="-118.066437"/>
      <trkpt lat="35.865361" lon="-118.066480"/>
      <trkpt lat="35.865309" lon="-118.066549"/>
      <trkpt lat="35.865293" lon="-118.066598"/>
      <trkpt lat="35.865285" lon="-118.066759"/>
      <trkpt lat="35.865274" lon="-118.066775"/>
      <trkpt lat="35.865202" lon="-118.066823"/>
      <trkpt lat="35.865163" lon="-118.066839"/>
      <trkpt lat="35.865133" lon="-118.067037"/>
      <trkpt lat="35.865102" lon="-118.067094"/>
      <trkpt lat="35.865048" lon="-118.067123"/>
      <trkpt lat="35.865009" lon="-118.067123"/>
      <trkpt lat="35.864989" lon="-118.067113"/>
      <trkpt lat="35.864956" lon="-118.067080"/>
      <trkpt lat="35.864900" lon="-118.066995"/>
      <trkpt lat="35.864826" lon="-118.066933"/>
      <trkpt lat="35.864696" lon="-118.066887"/>
      <trkpt lat="35.864657" lon="-118.066887"/>
      <trkpt lat="35.864591" lon="-118.066935"/>
      <trkpt lat="35.864544" lon="-118.066922"/>
      <trkpt lat="35.864491" lon="-118.066890"/>
      <trkpt lat="35.864091" lon="-118.066442"/>
      <trkpt lat="35.863980" lon="-118.066337"/>
      <trkpt lat="35.863848" lon="-118.066257"/>
      <trkpt lat="35.863761" lon="-118.066193"/>
      <trkpt lat="35.863650" lon="-118.066085"/>
      <trkpt lat="35.863611" lon="-118.066061"/>
      <trkpt lat="35.863481" lon="-118.065938"/>
      <trkpt lat="35.863411" lon="-118.065887"/>
      <trkpt lat="35.863278" lon="-118.065825"/>
      <trkpt lat="35.863218" lon="-118.065806"/>
      <trkpt lat="35.863118" lon="-118.065788"/>
      <trkpt lat="35.863033" lon="-118.065785"/>
      <trkpt lat="35.862924" lon="-118.065761"/>
      <trkpt lat="35.862848" lon="-118.065763"/>
      <trkpt lat="35.862826" lon="-118.065774"/>
      <trkpt lat="35.862765" lon="-118.065771"/>
      <trkpt lat="35.862668" lon="-118.065737"/>
      <trkpt lat="35.862533" lon="-118.065669"/>
      <trkpt lat="35.862348" lon="-118.065538"/>
      <trkpt lat="35.862250" lon="-118.065455"/>
      <trkpt lat="35.862159" lon="-118.065404"/>
      <trkpt lat="35.862085" lon="-118.065369"/>
      <trkpt lat="35.861944" lon="-118.065318"/>
      <trkpt lat="35.861787" lon="-118.065278"/>
      <trkpt lat="35.861750" lon="-118.065257"/>
      <trkpt lat="35.861529" lon="-118.065061"/>
      <trkpt lat="35.861470" lon="-118.064994"/>
      <trkpt lat="35.861361" lon="-118.064897"/>
      <trkpt lat="35.861287" lon="-118.064852"/>
      <trkpt lat="35.861155" lon="-118.064827"/>
      <trkpt lat="35.861085" lon="-118.064792"/>
      <trkpt lat="35.861020" lon="-118.064725"/>
      <trkpt lat="35.860981" lon="-118.064669"/>
      <trkpt lat="35.860709" lon="-118.064489"/>
      <trkpt lat="35.860561" lon="-118.064409"/>
      <trkpt lat="35.860503" lon="-118.064396"/>
      <trkpt lat="35.860422" lon="-118.064396"/>
      <trkpt lat="35.860231" lon="-118.064323"/>
      <trkpt lat="35.860142" lon="-118.064307"/>
      <trkpt lat="35.860107" lon="-118.064283"/>
      <trkpt lat="35.859987" lon="-118.064151"/>
      <trkpt lat="35.859592" lon="-118.063693"/>
      <trkpt lat="35.859448" lon="-118.063559"/>
      <trkpt lat="35.859344" lon="-118.063475"/>
      <trkpt lat="35.859255" lon="-118.063424"/>
      <trkpt lat="35.859124" lon="-118.063325"/>
      <trkpt lat="35.859007" lon="-118.063272"/>
      <trkpt lat="35.858972" lon="-118.063248"/>
      <trkpt lat="35.858922" lon="-118.063234"/>
      <trkpt lat="35.858881" lon="-118.063226"/>
      <trkpt lat="35.858740" lon="-118.063229"/>
      <trkpt lat="35.858642" lon="-118.063248"/>
      <trkpt lat="35.858496" lon="-118.063312"/>
      <trkpt lat="35.858294" lon="-118.063339"/>
      <trkpt lat="35.858253" lon="-118.063355"/>
      <trkpt lat="35.858205" lon="-118.063387"/>
      <trkpt lat="35.858164" lon="-118.063395"/>
      <trkpt lat="35.858105" lon="-118.063384"/>
      <trkpt lat="35.857931" lon="-118.063301"/>
      <trkpt lat="35.857870" lon="-118.063299"/>
      <trkpt lat="35.857831" lon="-118.063309"/>
      <trkpt lat="35.857801" lon="-118.063333"/>
      <trkpt lat="35.857796" lon="-118.063382"/>
      <trkpt lat="35.857805" lon="-118.063398"/>
      <trkpt lat="35.857859" lon="-118.063430"/>
      <trkpt lat="35.857885" lon="-118.063457"/>
      <trkpt lat="35.857887" lon="-118.063503"/>
      <trkpt lat="35.857887" lon="-118.063510"/>
      <trkpt lat="35.857879" lon="-118.063529"/>
      <trkpt lat="35.857835" lon="-118.063561"/>
      <trkpt lat="35.857733" lon="-118.063591"/>
      <trkpt lat="35.857579" lon="-118.063658"/>
      <trkpt lat="35.857483" lon="-118.063717"/>
      <trkpt lat="35.857422" lon="-118.063776"/>
      <trkpt lat="35.857283" lon="-118.063966"/>
      <trkpt lat="35.857133" lon="-118.064146"/>
      <trkpt lat="35.856974" lon="-118.064385"/>
      <trkpt lat="35.856901" lon="-118.064441"/>
      <trkpt lat="35.856757" lon="-118.064471"/>
      <trkpt lat="35.856716" lon="-118.064465"/>
      <trkpt lat="35.856542" lon="-118.064484"/>
      <trkpt lat="35.856342" lon="-118.064476"/>
      <trkpt lat="35.856068" lon="-118.064409"/>
      <trkpt lat="35.855959" lon="-118.064398"/>
      <trkpt lat="35.855892" lon="-118.064396"/>
      <trkpt lat="35.855829" lon="-118.064382"/>
      <trkpt lat="35.855668" lon="-118.064312"/>
      <trkpt lat="35.855648" lon="-118.064294"/>
      <trkpt lat="35.855594" lon="-118.064269"/>
      <trkpt lat="35.855548" lon="-118.064235"/>
      <trkpt lat="35.855444" lon="-118.064176"/>
      <trkpt lat="35.855329" lon="-118.064133"/>
      <trkpt lat="35.855244" lon="-118.064135"/>
      <trkpt lat="35.855133" lon="-118.064178"/>
      <trkpt lat="35.855005" lon="-118.064170"/>
      <trkpt lat="35.854838" lon="-118.064100"/>
      <trkpt lat="35.854629" lon="-118.063991"/>
      <trkpt lat="35.854479" lon="-118.063956"/>
      <trkpt lat="35.854422" lon="-118.063931"/>
      <trkpt lat="35.854355" lon="-118.063880"/>
      <trkpt lat="35.854307" lon="-118.063829"/>
      <trkpt lat="35.854248" lon="-118.063792"/>
      <trkpt lat="35.854168" lon="-118.063762"/>
      <trkpt lat="35.854018" lon="-118.063733"/>
      <trkpt lat="35.853968" lon="-118.063690"/>
      <trkpt lat="35.853929" lon="-118.063639"/>
      <trkpt lat="35.853772" lon="-118.063545"/>
      <trkpt lat="35.853690" lon="-118.063548"/>
      <trkpt lat="35.853479" lon="-118.063596"/>
      <trkpt lat="35.853324" lon="-118.063593"/>
      <trkpt lat="35.853144" lon="-118.063607"/>
      <trkpt lat="35.853105" lon="-118.063620"/>
      <trkpt lat="35.852959" lon="-118.063717"/>
      <trkpt lat="35.852900" lon="-118.063746"/>
      <trkpt lat="35.852744" lon="-118.063878"/>
      <trkpt lat="35.852613" lon="-118.063972"/>
      <trkpt lat="35.852576" lon="-118.063988"/>
      <trkpt lat="35.852555" lon="-118.063988"/>
      <trkpt lat="35.852457" lon="-118.063964"/>
      <trkpt lat="35.852381" lon="-118.063918"/>
      <trkpt lat="35.852318" lon="-118.063859"/>
      <trkpt lat="35.852229" lon="-118.063749"/>
      <trkpt lat="35.852192" lon="-118.063690"/>
      <trkpt lat="35.852146" lon="-118.063492"/>
      <trkpt lat="35.852148" lon="-118.063465"/>
      <trkpt lat="35.852120" lon="-118.063417"/>
      <trkpt lat="35.851998" lon="-118.063274"/>
      <trkpt lat="35.851920" lon="-118.063213"/>
      <trkpt lat="35.851850" lon="-118.063175"/>
      <trkpt lat="35.851809" lon="-118.063178"/>
      <trkpt lat="35.851733" lon="-118.063215"/>
      <trkpt lat="35.851611" lon="-118.063315"/>
      <trkpt lat="35.851553" lon="-118.063309"/>
      <trkpt lat="35.851514" lon="-118.063293"/>
      <trkpt lat="35.851461" lon="-118.063250"/>
      <trkpt lat="35.851403" lon="-118.063172"/>
      <trkpt lat="35.851363" lon="-118.063100"/>
      <trkpt lat="35.851268" lon="-118.062840"/>
      <trkpt lat="35.851229" lon="-118.062783"/>
      <trkpt lat="35.850998" lon="-118.062523"/>
      <trkpt lat="35.850959" lon="-118.062467"/>
      <trkpt lat="35.850820" lon="-118.062303"/>
      <trkpt lat="35.850748" lon="-118.062199"/>
      <trkpt lat="35.850716" lon="-118.062113"/>
      <trkpt lat="35.850707" lon="-118.061987"/>
      <trkpt lat="35.850685" lon="-118.061922"/>
      <trkpt lat="35.850650" lon="-118.061861"/>
      <trkpt lat="35.850537" lon="-118.061727"/>
      <trkpt lat="35.850483" lon="-118.061686"/>
      <trkpt lat="35.850398" lon="-118.061606"/>
      <trkpt lat="35.850370" lon="-118.061568"/>
      <trkpt lat="35.850337" lon="-118.061499"/>
      <trkpt lat="35.850261" lon="-118.061265"/>
      <trkpt lat="35.850150" lon="-118.061064"/>
      <trkpt lat="35.850098" lon="-118.060994"/>
      <trkpt lat="35.850035" lon="-118.060887"/>
      <trkpt lat="35.849948" lon="-118.060710"/>
      <trkpt lat="35.849805" lon="-118.060380"/>
      <trkpt lat="35.849702" lon="-118.060219"/>
      <trkpt lat="35.849652" lon="-118.060160"/>
      <trkpt lat="35.849555" lon="-118.060091"/>
      <trkpt lat="35.849409" lon="-118.060005"/>
      <trkpt lat="35.849342" lon="-118.059948"/>
      <trkpt lat="35.849263" lon="-118.059911"/>
      <trkpt lat="35.849194" lon="-118.059860"/>
      <trkpt lat="35.849137" lon="-118.059833"/>
      <trkpt lat="35.848989" lon="-118.059702"/>
      <trkpt lat="35.848918" lon="-118.059651"/>
      <trkpt lat="35.848763" lon="-118.059576"/>
      <trkpt lat="35.848674" lon="-118.059511"/>
      <trkpt lat="35.848579" lon="-118.059420"/>
      <trkpt lat="35.848524" lon="-118.059342"/>
      <trkpt lat="35.848504" lon="-118.059297"/>
      <trkpt lat="35.848452" lon="-118.059216"/>
      <trkpt lat="35.848407" lon="-118.059168"/>
      <trkpt lat="35.848335" lon="-118.059125"/>
      <trkpt lat="35.848274" lon="-118.059120"/>
      <trkpt lat="35.848194" lon="-118.059130"/>
      <trkpt lat="35.848133" lon="-118.059181"/>
      <trkpt lat="35.848120" lon="-118.059203"/>
      <trkpt lat="35.848028" lon="-118.059463"/>
      <trkpt lat="35.847985" lon="-118.059538"/>
      <trkpt lat="35.847935" lon="-118.059605"/>
      <trkpt lat="35.847837" lon="-118.059696"/>
      <trkpt lat="35.847755" lon="-118.059742"/>
      <trkpt lat="35.847633" lon="-118.059739"/>
      <trkpt lat="35.847611" lon="-118.059734"/>
      <trkpt lat="35.847563" lon="-118.059702"/>
      <trkpt lat="35.847463" lon="-118.059624"/>
      <trkpt lat="35.847357" lon="-118.059517"/>
      <trkpt lat="35.847318" lon="-118.059487"/>
      <trkpt lat="35.847272" lon="-118.059433"/>
      <trkpt lat="35.847215" lon="-118.059401"/>
      <trkpt lat="35.847017" lon="-118.059334"/>
      <trkpt lat="35.846907" lon="-118.059254"/>
      <trkpt lat="35.846780" lon="-118.059144"/>
      <trkpt lat="35.846652" lon="-118.059010"/>
      <trkpt lat="35.846511" lon="-118.058830"/>
      <trkpt lat="35.846424" lon="-118.058741"/>
      <trkpt lat="35.846346" lon="-118.058629"/>
      <trkpt lat="35.846315" lon="-118.058535"/>
      <trkpt lat="35.846274" lon="-118.058449"/>
      <trkpt lat="35.846261" lon="-118.058398"/>
      <trkpt lat="35.846237" lon="-118.058355"/>
      <trkpt lat="35.846235" lon="-118.058275"/>
      <trkpt lat="35.846246" lon="-118.058202"/>
      <trkpt lat="35.846241" lon="-118.058076"/>
      <trkpt lat="35.846189" lon="-118.057717"/>
      <trkpt lat="35.846191" lon="-118.057585"/>
      <trkpt lat="35.846222" lon="-118.057524"/>
      <trkpt lat="35.846346" lon="-118.057459"/>
      <trkpt lat="35.846385" lon="-118.057416"/>
      <trkpt lat="35.846385" lon="-118.057363"/>
      <trkpt lat="35.846343" lon="-118.057250"/>
      <trkpt lat="35.846283" lon="-118.057180"/>
      <trkpt lat="35.845928" lon="-118.056952"/>
      <trkpt lat="35.845878" lon="-118.056907"/>
      <trkpt lat="35.845774" lon="-118.056786"/>
      <trkpt lat="35.845559" lon="-118.056464"/>
      <trkpt lat="35.845506" lon="-118.056370"/>
      <trkpt lat="35.845404" lon="-118.056180"/>
      <trkpt lat="35.845372" lon="-118.056105"/>
      <trkpt lat="35.845282" lon="-118.055947"/>
      <trkpt lat="35.845200" lon="-118.055753"/>
      <trkpt lat="35.845178" lon="-118.055681"/>
      <trkpt lat="35.845152" lon="-118.055643"/>
      <trkpt lat="35.845115" lon="-118.055619"/>
      <trkpt lat="35.845076" lon="-118.055609"/>
      <trkpt lat="35.845011" lon="-118.055558"/>
      <trkpt lat="35.844924" lon="-118.055445"/>
      <trkpt lat="35.844854" lon="-118.055375"/>
      <trkpt lat="35.844674" lon="-118.055381"/>
      <trkpt lat="35.844572" lon="-118.055359"/>
      <trkpt lat="35.844393" lon="-118.055306"/>
      <trkpt lat="35.844280" lon="-118.055257"/>
      <trkpt lat="35.844230" lon="-118.055220"/>
      <trkpt lat="35.844211" lon="-118.055214"/>
      <trkpt lat="35.843976" lon="-118.055021"/>
      <trkpt lat="35.843858" lon="-118.054876"/>
      <trkpt lat="35.843741" lon="-118.054769"/>
      <trkpt lat="35.843486" lon="-118.054434"/>
      <trkpt lat="35.843430" lon="-118.054385"/>
      <trkpt lat="35.843343" lon="-118.054284"/>
      <trkpt lat="35.843306" lon="-118.054254"/>
      <trkpt lat="35.843247" lon="-118.054104"/>
      <trkpt lat="35.843215" lon="-118.053997"/>
      <trkpt lat="35.843102" lon="-118.053731"/>
      <trkpt lat="35.843036" lon="-118.053471"/>
      <trkpt lat="35.842954" lon="-118.053299"/>
      <trkpt lat="35.842930" lon="-118.053227"/>
      <trkpt lat="35.842932" lon="-118.053128"/>
      <trkpt lat="35.842967" lon="-118.053015"/>
      <trkpt lat="35.842973" lon="-118.052934"/>
      <trkpt lat="35.842962" lon="-118.052875"/>
      <trkpt lat="35.842936" lon="-118.052798"/>
      <trkpt lat="35.842915" lon="-118.052663"/>
      <trkpt lat="35.842884" lon="-118.052575"/>
      <trkpt lat="35.842832" lon="-118.052468"/>
      <trkpt lat="35.842793" lon="-118.052411"/>
      <trkpt lat="35.842686" lon="-118.052307"/>
      <trkpt lat="35.842660" lon="-118.052242"/>
      <trkpt lat="35.842665" lon="-118.052140"/>
      <trkpt lat="35.842678" lon="-118.052068"/>
      <trkpt lat="35.842675" lon="-118.051950"/>
      <trkpt lat="35.842621" lon="-118.051843"/>
      <trkpt lat="35.842569" lon="-118.051768"/>
      <trkpt lat="35.842430" lon="-118.051601"/>
      <trkpt lat="35.842286" lon="-118.051449"/>
      <trkpt lat="35.842273" lon="-118.051430"/>
      <trkpt lat="35.842254" lon="-118.051371"/>
      <trkpt lat="35.842247" lon="-118.051282"/>
      <trkpt lat="35.842258" lon="-118.051178"/>
      <trkpt lat="35.842317" lon="-118.051051"/>
      <trkpt lat="35.842330" lon="-118.051009"/>
      <trkpt lat="35.842334" lon="-118.050958"/>
      <trkpt lat="35.842328" lon="-118.050880"/>
      <trkpt lat="35.842297" lon="-118.050791"/>
      <trkpt lat="35.842282" lon="-118.050778"/>
      <trkpt lat="35.842243" lon="-118.050775"/>
      <trkpt lat="35.842169" lon="-118.050797"/>
      <trkpt lat="35.842104" lon="-118.050791"/>
      <trkpt lat="35.842039" lon="-118.050746"/>
      <trkpt lat="35.841956" lon="-118.050722"/>
      <trkpt lat="35.841917" lon="-118.050722"/>
      <trkpt lat="35.841880" lon="-118.050697"/>
      <trkpt lat="35.841764" lon="-118.050550"/>
      <trkpt lat="35.841601" lon="-118.050416"/>
      <trkpt lat="35.841560" lon="-118.050343"/>
      <trkpt lat="35.841575" lon="-118.050263"/>
      <trkpt lat="35.841623" lon="-118.050153"/>
      <trkpt lat="35.841614" lon="-118.050107"/>
      <trkpt lat="35.841601" lon="-118.050089"/>
      <trkpt lat="35.841547" lon="-118.050054"/>
      <trkpt lat="35.841486" lon="-118.050032"/>
      <trkpt lat="35.841349" lon="-118.050024"/>
      <trkpt lat="35.841317" lon="-118.049992"/>
      <trkpt lat="35.841297" lon="-118.049984"/>
      <trkpt lat="35.841147" lon="-118.050062"/>
      <trkpt lat="35.841088" lon="-118.050059"/>
      <trkpt lat="35.841036" lon="-118.050024"/>
      <trkpt lat="35.840986" lon="-118.049938"/>
      <trkpt lat="35.840964" lon="-118.049882"/>
      <trkpt lat="35.840949" lon="-118.049802"/>
      <trkpt lat="35.840930" lon="-118.049756"/>
      <trkpt lat="35.840871" lon="-118.049544"/>
      <trkpt lat="35.840866" lon="-118.049442"/>
      <trkpt lat="35.840897" lon="-118.049348"/>
      <trkpt lat="35.840893" lon="-118.049324"/>
      <trkpt lat="35.840875" lon="-118.049313"/>
      <trkpt lat="35.840840" lon="-118.049313"/>
      <trkpt lat="35.840688" lon="-118.049415"/>
      <trkpt lat="35.840647" lon="-118.049415"/>
      <trkpt lat="35.840608" lon="-118.049402"/>
      <trkpt lat="35.840580" lon="-118.049364"/>
      <trkpt lat="35.840571" lon="-118.049351"/>
      <trkpt lat="35.840556" lon="-118.049305"/>
      <trkpt lat="35.840534" lon="-118.049160"/>
      <trkpt lat="35.840436" lon="-118.048882"/>
      <trkpt lat="35.840251" lon="-118.048503"/>
      <trkpt lat="35.840210" lon="-118.048399"/>
      <trkpt lat="35.840184" lon="-118.048300"/>
      <trkpt lat="35.840162" lon="-118.048088"/>
      <trkpt lat="35.840136" lon="-118.048021"/>
      <trkpt lat="35.840112" lon="-118.047991"/>
      <trkpt lat="35.840058" lon="-118.047948"/>
      <trkpt lat="35.839964" lon="-118.047838"/>
      <trkpt lat="35.839895" lon="-118.047734"/>
      <trkpt lat="35.839888" lon="-118.047712"/>
      <trkpt lat="35.839834" lon="-118.047626"/>
      <trkpt lat="35.839805" lon="-118.047559"/>
      <trkpt lat="35.839727" lon="-118.047468"/>
      <trkpt lat="35.839692" lon="-118.047441"/>
      <trkpt lat="35.839588" lon="-118.047393"/>
      <trkpt lat="35.839421" lon="-118.047291"/>
      <trkpt lat="35.839251" lon="-118.047262"/>
      <trkpt lat="35.839171" lon="-118.047237"/>
      <trkpt lat="35.839134" lon="-118.047216"/>
      <trkpt lat="35.839097" lon="-118.047149"/>
      <trkpt lat="35.839060" lon="-118.047007"/>
      <trkpt lat="35.839031" lon="-118.046940"/>
      <trkpt lat="35.838992" lon="-118.046886"/>
      <trkpt lat="35.838983" lon="-118.046857"/>
      <trkpt lat="35.838986" lon="-118.046755"/>
      <trkpt lat="35.839005" lon="-118.046586"/>
      <trkpt lat="35.838975" lon="-118.046443"/>
      <trkpt lat="35.838934" lon="-118.046344"/>
      <trkpt lat="35.838886" lon="-118.046264"/>
      <trkpt lat="35.838866" lon="-118.046216"/>
      <trkpt lat="35.838860" lon="-118.046167"/>
      <trkpt lat="35.838816" lon="-118.046036"/>
      <trkpt lat="35.838805" lon="-118.045982"/>
      <trkpt lat="35.838781" lon="-118.045942"/>
      <trkpt lat="35.838757" lon="-118.045872"/>
      <trkpt lat="35.838751" lon="-118.045789"/>
      <trkpt lat="35.838716" lon="-118.045642"/>
      <trkpt lat="35.838618" lon="-118.045422"/>
      <trkpt lat="35.838586" lon="-118.045301"/>
      <trkpt lat="35.838588" lon="-118.045204"/>
      <trkpt lat="35.838601" lon="-118.045153"/>
      <trkpt lat="35.838601" lon="-118.045070"/>
      <trkpt lat="35.838570" lon="-118.044866"/>
      <trkpt lat="35.838546" lon="-118.044534"/>
      <trkpt lat="35.838549" lon="-118.044426"/>
      <trkpt lat="35.838599" lon="-118.044201"/>
      <trkpt lat="35.838603" lon="-118.044059"/>
      <trkpt lat="35.838597" lon="-118.043960"/>
      <trkpt lat="35.838568" lon="-118.043828"/>
      <trkpt lat="35.838533" lon="-118.043721"/>
      <trkpt lat="35.838501" lon="-118.043654"/>
      <trkpt lat="35.838320" lon="-118.043378"/>
      <trkpt lat="35.838229" lon="-118.043254"/>
      <trkpt lat="35.838199" lon="-118.043187"/>
      <trkpt lat="35.838172" lon="-118.043150"/>
      <trkpt lat="35.838068" lon="-118.043053"/>
      <trkpt lat="35.838014" lon="-118.043024"/>
      <trkpt lat="35.837933" lon="-118.042989"/>
      <trkpt lat="35.837768" lon="-118.042957"/>
      <trkpt lat="35.837679" lon="-118.042954"/>
      <trkpt lat="35.837620" lon="-118.042967"/>
      <trkpt lat="35.837481" lon="-118.043018"/>
      <trkpt lat="35.837407" lon="-118.043032"/>
      <trkpt lat="35.837231" lon="-118.043109"/>
      <trkpt lat="35.837016" lon="-118.043292"/>
      <trkpt lat="35.836907" lon="-118.043413"/>
      <trkpt lat="35.836868" lon="-118.043477"/>
      <trkpt lat="35.836818" lon="-118.043633"/>
      <trkpt lat="35.836770" lon="-118.043729"/>
      <trkpt lat="35.836657" lon="-118.043869"/>
      <trkpt lat="35.836592" lon="-118.043936"/>
      <trkpt lat="35.836457" lon="-118.044110"/>
      <trkpt lat="35.836309" lon="-118.044241"/>
      <trkpt lat="35.836274" lon="-118.044263"/>
      <trkpt lat="35.836144" lon="-118.044314"/>
      <trkpt lat="35.836074" lon="-118.044335"/>
      <trkpt lat="35.836033" lon="-118.044338"/>
      <trkpt lat="35.835974" lon="-118.044322"/>
      <trkpt lat="35.835913" lon="-118.044292"/>
      <trkpt lat="35.835874" lon="-118.044263"/>
      <trkpt lat="35.835842" lon="-118.044214"/>
      <trkpt lat="35.835818" lon="-118.044102"/>
      <trkpt lat="35.835777" lon="-118.043999"/>
    </trkseg>
    <trkseg>
      <trkpt lat="36.023594" lon="-118.134138"/>
      <trkpt lat="36.023356" lon="-118.134433"/>
      <trkpt lat="36.023065" lon="-118.134670"/>
      <trkpt lat="36.022923" lon="-118.134718"/>
      <trkpt lat="36.022510" lon="-118.134722"/>
      <trkpt lat="36.022491" lon="-118.134685"/>
      <trkpt lat="36.022503" lon="-118.134502"/>
      <trkpt lat="36.022402" lon="-118.134302"/>
      <trkpt lat="36.021893" lon="-118.133842"/>
      <trkpt lat="36.021300" lon="-118.133655"/>
      <trkpt lat="36.020546" lon="-118.133674"/>
      <trkpt lat="36.020402" lon="-118.133563"/>
      <trkpt lat="36.020087" lon="-118.133530"/>
      <trkpt lat="36.019752" lon="-118.133578"/>
      <trkpt lat="36.019561" lon="-118.133656"/>
      <trkpt lat="36.019386" lon="-118.133637"/>
      <trkpt lat="36.019238" lon="-118.133588"/>
      <trkpt lat="36.018878" lon="-118.133617"/>
      <trkpt lat="36.018680" lon="-118.133663"/>
      <trkpt lat="36.017927" lon="-118.133690"/>
      <trkpt lat="36.017557" lon="-118.133640"/>
      <trkpt lat="36.017427" lon="-118.133577"/>
      <trkpt lat="36.017337" lon="-118.133447"/>
      <trkpt lat="36.017350" lon="-118.133257"/>
      <trkpt lat="36.017308" lon="-118.133098"/>
      <trkpt lat="36.016957" lon="-118.132843"/>
      <trkpt lat="36.016533" lon="-118.132317"/>
      <trkpt lat="36.016505" lon="-118.132185"/>
      <trkpt lat="36.016287" lon="-118.132070"/>
      <trkpt lat="36.016239" lon="-118.132030"/>
      <trkpt lat="36.016195" lon="-118.131982"/>
      <trkpt lat="36.016138" lon="-118.131939"/>
      <trkpt lat="36.016038" lon="-118.131765"/>
      <trkpt lat="36.015691" lon="-118.131726"/>
      <trkpt lat="36.015209" lon="-118.131472"/>
      <trkpt lat="36.015042" lon="-118.131383"/>
      <trkpt lat="36.014720" lon="-118.131295"/>
      <trkpt lat="36.014492" lon="-118.131458"/>
      <trkpt lat="36.014040" lon="-118.131940"/>
      <trkpt lat="36.013886" lon="-118.132017"/>
      <trkpt lat="36.013733" lon="-118.132036"/>
      <trkpt lat="36.013597" lon="-118.132120"/>
      <trkpt lat="36.013503" lon="-118.132235"/>
      <trkpt lat="36.013413" lon="-118.132397"/>
      <trkpt lat="36.013340" lon="-118.132570"/>
      <trkpt lat="36.013463" lon="-118.132910"/>
      <trkpt lat="36.013472" lon="-118.133001"/>
      <trkpt lat="36.013442" lon="-118.133093"/>
      <trkpt lat="36.013388" lon="-118.133187"/>
      <trkpt lat="36.013302" lon="-118.133090"/>
      <trkpt lat="36.013233" lon="-118.133125"/>
      <trkpt lat="36.013237" lon="-118.133530"/>
      <trkpt lat="36.013140" lon="-118.133599"/>
      <trkpt lat="36.012937" lon="-118.133550"/>
      <trkpt lat="36.012820" lon="-118.133680"/>
      <trkpt lat="36.012698" lon="-118.133692"/>
      <trkpt lat="36.012654" lon="-118.133647"/>
      <trkpt lat="36.012660" lon="-118.133505"/>
      <trkpt lat="36.012567" lon="-118.133388"/>
      <trkpt lat="36.012240" lon="-118.133302"/>
      <trkpt lat="36.011835" lon="-118.133055"/>
      <trkpt lat="36.011630" lon="-118.133363"/>
      <trkpt lat="36.011493" lon="-118.133658"/>
      <trkpt lat="36.011288" lon="-118.134407"/>
      <trkpt lat="36.011065" lon="-118.134887"/>
      <trkpt lat="36.010960" lon="-118.135010"/>
      <trkpt lat="36.010710" lon="-118.135100"/>
      <trkpt lat="36.010833" lon="-118.135610"/>
      <trkpt lat="36.010757" lon="-118.135980"/>
      <trkpt lat="36.010643" lon="-118.136107"/>
      <trkpt lat="36.010519" lon="-118.136158"/>
      <trkpt lat="36.010195" lon="-118.136207"/>
      <trkpt lat="36.010033" lon="-118.136120"/>
      <trkpt lat="36.009894" lon="-118.136077"/>
      <trkpt lat="36.009783" lon="-118.135983"/>
      <trkpt lat="36.009683" lon="-118.135865"/>
      <trkpt lat="36.009577" lon="-118.135900"/>
      <trkpt lat="36.009478" lon="-118.136013"/>
      <trkpt lat="36.009380" lon="-118.136313"/>
      <trkpt lat="36.009295" lon="-118.136458"/>
      <trkpt lat="36.009160" lon="-118.136568"/>
      <trkpt lat="36.008978" lon="-118.136651"/>
      <trkpt lat="36.008437" lon="-118.136667"/>
      <trkpt lat="36.008050" lon="-118.136566"/>
      <trkpt lat="36.007750" lon="-118.136365"/>
      <trkpt lat="36.007598" lon="-118.136426"/>
      <trkpt lat="36.007453" lon="-118.136388"/>
      <trkpt lat="36.007269" lon="-118.136271"/>
      <trkpt lat="36.007060" lon="-118.136177"/>
      <trkpt lat="36.006743" lon="-118.136158"/>
      <trkpt lat="36.006123" lon="-118.135987"/>
      <trkpt lat="36.005594" lon="-118.135976"/>
      <trkpt lat="36.005335" lon="-118.135898"/>
      <trkpt lat="36.004873" lon="-118.135884"/>
      <trkpt lat="36.004647" lon="-118.135954"/>
      <trkpt lat="36.004220" lon="-118.136250"/>
      <trkpt lat="36.003863" lon="-118.136649"/>
      <trkpt lat="36.003238" lon="-118.137258"/>
      <trkpt lat="36.003163" lon="-118.137395"/>
      <trkpt lat="36.002770" lon="-118.139415"/>
      <trkpt lat="36.002250" lon="-118.141318"/>
      <trkpt lat="36.002113" lon="-118.141394"/>
      <trkpt lat="36.001135" lon="-118.141415"/>
      <trkpt lat="36.000874" lon="-118.141564"/>
      <trkpt lat="36.000794" lon="-118.141565"/>
      <trkpt lat="36.000501" lon="-118.141391"/>
      <trkpt lat="36.000212" lon="-118.141333"/>
      <trkpt lat="35.998663" lon="-118.141344"/>
      <trkpt lat="35.998619" lon="-118.141345"/>
      <trkpt lat="35.998367" lon="-118.141364"/>
      <trkpt lat="35.998337" lon="-118.141367"/>
      <trkpt lat="35.998010" lon="-118.141318"/>
      <trkpt lat="35.997008" lon="-118.141306"/>
      <trkpt lat="35.996341" lon="-118.141635"/>
      <trkpt lat="35.996145" lon="-118.141678"/>
      <trkpt lat="35.995680" lon="-118.141545"/>
      <trkpt lat="35.995193" lon="-118.141583"/>
      <trkpt lat="35.993973" lon="-118.142123"/>
      <trkpt lat="35.993712" lon="-118.142484"/>
      <trkpt lat="35.993132" lon="-118.143428"/>
      <trkpt lat="35.992954" lon="-118.143625"/>
      <trkpt lat="35.992743" lon="-118.143935"/>
      <trkpt lat="35.992577" lon="-118.144458"/>
      <trkpt lat="35.992263" lon="-118.145000"/>
      <trkpt lat="35.991728" lon="-118.146668"/>
      <trkpt lat="35.991458" lon="-118.147101"/>
      <trkpt lat="35.991160" lon="-118.147311"/>
      <trkpt lat="35.990758" lon="-118.147302"/>
      <trkpt lat="35.990302" lon="-118.147164"/>
      <trkpt lat="35.990100" lon="-118.147000"/>
      <trkpt lat="35.989822" lon="-118.146828"/>
      <trkpt lat="35.988997" lon="-118.146833"/>
      <trkpt lat="35.988828" lon="-118.146739"/>
      <trkpt lat="35.988473" lon="-118.146757"/>
      <trkpt lat="35.988285" lon="-118.146672"/>
      <trkpt lat="35.987960" lon="-118.146362"/>
      <trkpt lat="35.987582" lon="-118.146238"/>
      <trkpt lat="35.987459" lon="-118.146227"/>
      <trkpt lat="35.987400" lon="-118.146195"/>
      <trkpt lat="35.987291" lon="-118.146222"/>
      <trkpt lat="35.986989" lon="-118.146232"/>
      <trkpt lat="35.986704" lon="-118.146337"/>
      <trkpt lat="35.986653" lon="-118.146361"/>
      <trkpt lat="35.986292" lon="-118.146342"/>
      <trkpt lat="35.986076" lon="-118.146468"/>
      <trkpt lat="35.985907" lon="-118.146518"/>
      <trkpt lat="35.985675" lon="-118.146738"/>
      <trkpt lat="35.985403" lon="-118.147112"/>
      <trkpt lat="35.985126" lon="-118.147586"/>
      <trkpt lat="35.984910" lon="-118.148178"/>
      <trkpt lat="35.984939" lon="-118.148480"/>
      <trkpt lat="35.984897" lon="-118.148563"/>
      <trkpt lat="35.984760" lon="-118.148567"/>
      <trkpt lat="35.984739" lon="-118.148619"/>
      <trkpt lat="35.984717" lon="-118.148676"/>
      <trkpt lat="35.984763" lon="-118.149150"/>
      <trkpt lat="35.984737" lon="-118.149290"/>
      <trkpt lat="35.984533" lon="-118.149850"/>
      <trkpt lat="35.984372" lon="-118.150165"/>
      <trkpt lat="35.983758" lon="-118.150925"/>
      <trkpt lat="35.983498" lon="-118.151422"/>
      <trkpt lat="35.983328" lon="-118.152002"/>
      <trkpt lat="35.983150" lon="-118.152228"/>
      <trkpt lat="35.983107" lon="-118.152466"/>
      <trkpt lat="35.983037" lon="-118.152513"/>
      <trkpt lat="35.982935" lon="-118.152528"/>
      <trkpt lat="35.982813" lon="-118.152493"/>
      <trkpt lat="35.982652" lon="-118.152403"/>
      <trkpt lat="35.982573" lon="-118.152479"/>
      <trkpt lat="35.982517" lon="-118.152611"/>
      <trkpt lat="35.981952" lon="-118.153053"/>
      <trkpt lat="35.981778" lon="-118.153085"/>
      <trkpt lat="35.981503" lon="-118.153235"/>
      <trkpt lat="35.981140" lon="-118.153595"/>
      <trkpt lat="35.981077" lon="-118.153718"/>
      <trkpt lat="35.980455" lon="-118.154209"/>
      <trkpt lat="35.980194" lon="-118.154370"/>
      <trkpt lat="35.979985" lon="-118.154560"/>
      <trkpt lat="35.979669" lon="-118.154692"/>
      <trkpt lat="35.979367" lon="-118.154675"/>
      <trkpt lat="35.979138" lon="-118.154783"/>
      <trkpt lat="35.978868" lon="-118.154813"/>
      <trkpt lat="35.978692" lon="-118.154740"/>
      <trkpt lat="35.978514" lon="-118.154756"/>
      <trkpt lat="35.978314" lon="-118.154651"/>
      <trkpt lat="35.978037" lon="-118.154746"/>
      <trkpt lat="35.977822" lon="-118.154790"/>
      <trkpt lat="35.977500" lon="-118.154772"/>
      <trkpt lat="35.976963" lon="-118.155034"/>
      <trkpt lat="35.976773" lon="-118.155175"/>
      <trkpt lat="35.976518" lon="-118.155275"/>
      <trkpt lat="35.976081" lon="-118.155616"/>
      <trkpt lat="35.975933" lon="-118.155660"/>
      <trkpt lat="35.975641" lon="-118.155680"/>
      <trkpt lat="35.975388" lon="-118.155864"/>
      <trkpt lat="35.975057" lon="-118.156039"/>
      <trkpt lat="35.974928" lon="-118.156020"/>
      <trkpt lat="35.974854" lon="-118.155959"/>
      <trkpt lat="35.974770" lon="-118.155966"/>
      <trkpt lat="35.974674" lon="-118.156080"/>
      <trkpt lat="35.974395" lon="-118.156092"/>
      <trkpt lat="35.974047" lon="-118.155770"/>
      <trkpt lat="35.973868" lon="-118.155481"/>
      <trkpt lat="35.973737" lon="-118.155372"/>
      <trkpt lat="35.973591" lon="-118.155427"/>
      <trkpt lat="35.973549" lon="-118.155719"/>
      <trkpt lat="35.973402" lon="-118.155757"/>
      <trkpt lat="35.973296" lon="-118.155733"/>
      <trkpt lat="35.973132" lon="-118.155566"/>
      <trkpt lat="35.972902" lon="-118.155633"/>
      <trkpt lat="35.972705" lon="-118.155658"/>
      <trkpt lat="35.972630" lon="-118.155512"/>
      <trkpt lat="35.972575" lon="-118.155357"/>
      <trkpt lat="35.972418" lon="-118.155210"/>
      <trkpt lat="35.972130" lon="-118.154987"/>
      <trkpt lat="35.972028" lon="-118.154880"/>
      <trkpt lat="35.971898" lon="-118.154343"/>
      <trkpt lat="35.971817" lon="-118.154268"/>
      <trkpt lat="35.971633" lon="-118.154199"/>
      <trkpt lat="35.971472" lon="-118.154070"/>
      <trkpt lat="35.971179" lon="-118.154006"/>
      <trkpt lat="35.970540" lon="-118.153328"/>
      <trkpt lat="35.969618" lon="-118.152790"/>
      <trkpt lat="35.969567" lon="-118.152677"/>
      <trkpt lat="35.969605" lon="-118.152453"/>
      <trkpt lat="35.969567" lon="-118.152401"/>
      <trkpt lat="35.969495" lon="-118.152424"/>
      <trkpt lat="35.969269" lon="-118.152557"/>
      <trkpt lat="35.969043" lon="-118.152626"/>
      <trkpt lat="35.968818" lon="-118.152632"/>
      <trkpt lat="35.968645" lon="-118.152704"/>
      <trkpt lat="35.968273" lon="-118.152637"/>
      <trkpt lat="35.967983" lon="-118.152627"/>
      <trkpt lat="35.967393" lon="-118.152392"/>
      <trkpt lat="35.967057" lon="-118.152150"/>
      <trkpt lat="35.966745" lon="-118.152113"/>
      <trkpt lat="35.966553" lon="-118.152188"/>
      <trkpt lat="35.966372" lon="-118.152172"/>
      <trkpt lat="35.966106" lon="-118.152106"/>
      <trkpt lat="35.965822" lon="-118.151967"/>
      <trkpt lat="35.965645" lon="-118.151828"/>
      <trkpt lat="35.965505" lon="-118.151673"/>
      <trkpt lat="35.965337" lon="-118.151292"/>
      <trkpt lat="35.965205" lon="-118.151163"/>
      <trkpt lat="35.965147" lon="-118.151155"/>
      <trkpt lat="35.965044" lon="-118.151125"/>
      <trkpt lat="35.964835" lon="-118.151253"/>
      <trkpt lat="35.964475" lon="-118.151332"/>
      <trkpt lat="35.964300" lon="-118.151213"/>
      <trkpt lat="35.964175" lon="-118.151192"/>
      <trkpt lat="35.964061" lon="-118.151404"/>
      <trkpt lat="35.963915" lon="-118.151572"/>
      <trkpt lat="35.963172" lon="-118.151862"/>
      <trkpt lat="35.962998" lon="-118.151882"/>
      <trkpt lat="35.962630" lon="-118.151737"/>
      <trkpt lat="35.961907" lon="-118.151787"/>
      <trkpt lat="35.961537" lon="-118.151678"/>
      <trkpt lat="35.961087" lon="-118.151273"/>
      <trkpt lat="35.960963" lon="-118.151231"/>
      <trkpt lat="35.960822" lon="-118.151289"/>
      <trkpt lat="35.960420" lon="-118.150808"/>
      <trkpt lat="35.960230" lon="-118.150733"/>
      <trkpt lat="35.959589" lon="-118.150685"/>
      <trkpt lat="35.958777" lon="-118.150530"/>
      <trkpt lat="35.958407" lon="-118.150528"/>
      <trkpt lat="35.958130" lon="-118.150604"/>
      <trkpt lat="35.957867" lon="-118.150612"/>
      <trkpt lat="35.957280" lon="-118.150512"/>
      <trkpt lat="35.956707" lon="-118.150583"/>
      <trkpt lat="35.956548" lon="-118.150483"/>
      <trkpt lat="35.956377" lon="-118.150492"/>
      <trkpt lat="35.956208" lon="-118.150597"/>
      <trkpt lat="35.955877" lon="-118.150400"/>
      <trkpt lat="35.955498" lon="-118.150260"/>
      <trkpt lat="35.954947" lon="-118.150260"/>
      <trkpt lat="35.954765" lon="-118.150315"/>
      <trkpt lat="35.954458" lon="-118.150542"/>
      <trkpt lat="35.954278" lon="-118.150555"/>
      <trkpt lat="35.954190" lon="-118.150775"/>
      <trkpt lat="35.954058" lon="-118.151482"/>
      <trkpt lat="35.953852" lon="-118.151883"/>
      <trkpt lat="35.953562" lon="-118.152223"/>
      <trkpt lat="35.953384" lon="-118.152242"/>
      <trkpt lat="35.953329" lon="-118.152070"/>
      <trkpt lat="35.953195" lon="-118.152010"/>
      <trkpt lat="35.953088" lon="-118.151891"/>
      <trkpt lat="35.952936" lon="-118.152144"/>
      <trkpt lat="35.952907" lon="-118.152352"/>
      <trkpt lat="35.952749" lon="-118.152542"/>
      <trkpt lat="35.952374" lon="-118.152502"/>
      <trkpt lat="35.952223" lon="-118.152618"/>
      <trkpt lat="35.952003" lon="-118.152625"/>
      <trkpt lat="35.951673" lon="-118.152355"/>
      <trkpt lat="35.951464" lon="-118.152054"/>
      <trkpt lat="35.951409" lon="-118.151841"/>
      <trkpt lat="35.951177" lon="-118.151660"/>
      <trkpt lat="35.950283" lon="-118.151747"/>
      <trkpt lat="35.950123" lon="-118.151702"/>
      <trkpt lat="35.949788" lon="-118.151458"/>
      <trkpt lat="35.949057" lon="-118.151405"/>
      <trkpt lat="35.948713" lon="-118.151312"/>
      <trkpt lat="35.948360" lon="-118.151303"/>
      <trkpt lat="35.948012" lon="-118.151295"/>
      <trkpt lat="35.947832" lon="-118.151255"/>
      <trkpt lat="35.946650" lon="-118.150675"/>
      <trkpt lat="35.946386" lon="-118.150650"/>
      <trkpt lat="35.945456" lon="-118.151024"/>
      <trkpt lat="35.945016" lon="-118.151228"/>
      <trkpt lat="35.944637" lon="-118.151519"/>
      <trkpt lat="35.944494" lon="-118.151509"/>
      <trkpt lat="35.944276" lon="-118.151712"/>
      <trkpt lat="35.944201" lon="-118.151732"/>
      <trkpt lat="35.944125" lon="-118.151701"/>
      <trkpt lat="35.944023" lon="-118.151759"/>
      <trkpt lat="35.943916" lon="-118.151748"/>
      <trkpt lat="35.943802" lon="-118.151942"/>
      <trkpt lat="35.943609" lon="-118.152086"/>
      <trkpt lat="35.943438" lon="-118.152312"/>
      <trkpt lat="35.943370" lon="-118.152360"/>
      <trkpt lat="35.943160" lon="-118.152302"/>
      <trkpt lat="35.942885" lon="-118.152306"/>
      <trkpt lat="35.942706" lon="-118.152413"/>
      <trkpt lat="35.942445" lon="-118.152709"/>
      <trkpt lat="35.942367" lon="-118.152725"/>
      <trkpt lat="35.942252" lon="-118.152650"/>
      <trkpt lat="35.942048" lon="-118.152700"/>
      <trkpt lat="35.942008" lon="-118.152635"/>
      <trkpt lat="35.941940" lon="-118.152549"/>
      <trkpt lat="35.941696" lon="-118.152468"/>
      <trkpt lat="35.941517" lon="-118.152209"/>
      <trkpt lat="35.941489" lon="-118.152028"/>
      <trkpt lat="35.941359" lon="-118.151882"/>
      <trkpt lat="35.941192" lon="-118.151868"/>
      <trkpt lat="35.941133" lon="-118.151809"/>
      <trkpt lat="35.941160" lon="-118.151665"/>
      <trkpt lat="35.941048" lon="-118.151502"/>
      <trkpt lat="35.940850" lon="-118.151422"/>
      <trkpt lat="35.940743" lon="-118.151257"/>
      <trkpt lat="35.940573" lon="-118.151170"/>
      <trkpt lat="35.940440" lon="-118.151000"/>
      <trkpt lat="35.940099" lon="-118.150891"/>
      <trkpt lat="35.940008" lon="-118.150835"/>
      <trkpt lat="35.939915" lon="-118.150803"/>
      <trkpt lat="35.939799" lon="-118.150746"/>
      <trkpt lat="35.939624" lon="-118.150685"/>
      <trkpt lat="35.939517" lon="-118.150623"/>
      <trkpt lat="35.939276" lon="-118.150527"/>
      <trkpt lat="35.939122" lon="-118.150521"/>
      <trkpt lat="35.938835" lon="-118.150583"/>
      <trkpt lat="35.938768" lon="-118.150583"/>
      <trkpt lat="35.938688" lon="-118.150570"/>
      <trkpt lat="35.938629" lon="-118.150545"/>
      <trkpt lat="35.938512" lon="-118.150516"/>
      <trkpt lat="35.938368" lon="-118.150519"/>
      <trkpt lat="35.938214" lon="-118.150494"/>
      <trkpt lat="35.938153" lon="-118.150502"/>
      <trkpt lat="35.938080" lon="-118.150537"/>
      <trkpt lat="35.937873" lon="-118.150540"/>
      <trkpt lat="35.937834" lon="-118.150529"/>
      <trkpt lat="35.937702" lon="-118.150521"/>
      <trkpt lat="35.937658" lon="-118.150500"/>
      <trkpt lat="35.937576" lon="-118.150433"/>
      <trkpt lat="35.937474" lon="-118.150315"/>
      <trkpt lat="35.937454" lon="-118.150301"/>
      <trkpt lat="35.937374" lon="-118.150194"/>
      <trkpt lat="35.937324" lon="-118.150148"/>
      <trkpt lat="35.937272" lon="-118.150122"/>
      <trkpt lat="35.937235" lon="-118.150122"/>
      <trkpt lat="35.937217" lon="-118.150132"/>
      <trkpt lat="35.937157" lon="-118.150218"/>
      <trkpt lat="35.937109" lon="-118.150240"/>
      <trkpt lat="35.937070" lon="-118.150221"/>
      <trkpt lat="35.936994" lon="-118.150135"/>
      <trkpt lat="35.936961" lon="-118.150116"/>
      <trkpt lat="35.936796" lon="-118.150084"/>
      <trkpt lat="35.936740" lon="-118.150054"/>
      <trkpt lat="35.936677" lon="-118.150047"/>
      <trkpt lat="35.936572" lon="-118.150054"/>
      <trkpt lat="35.936542" lon="-118.150089"/>
      <trkpt lat="35.936518" lon="-118.150146"/>
      <trkpt lat="35.936477" lon="-118.150194"/>
      <trkpt lat="35.936394" lon="-118.150240"/>
      <trkpt lat="35.936336" lon="-118.150240"/>
      <trkpt lat="35.936212" lon="-118.150207"/>
      <trkpt lat="35.936114" lon="-118.150165"/>
      <trkpt lat="35.936088" lon="-118.150162"/>
      <trkpt lat="35.936032" lon="-118.150186"/>
      <trkpt lat="35.935990" lon="-118.150186"/>
      <trkpt lat="35.935953" lon="-118.150167"/>
      <trkpt lat="35.935884" lon="-118.150100"/>
      <trkpt lat="35.935645" lon="-118.150004"/>
      <trkpt lat="35.935619" lon="-118.150006"/>
      <trkpt lat="35.935550" lon="-118.150044"/>
      <trkpt lat="35.935487" lon="-118.150122"/>
      <trkpt lat="35.935415" lon="-118.150162"/>
      <trkpt lat="35.935315" lon="-118.150159"/>
      <trkpt lat="35.935239" lon="-118.150119"/>
      <trkpt lat="35.935091" lon="-118.150063"/>
      <trkpt lat="35.934950" lon="-118.150052"/>
      <trkpt lat="35.934807" lon="-118.150012"/>
      <trkpt lat="35.934661" lon="-118.149912"/>
      <trkpt lat="35.934564" lon="-118.149816"/>
      <trkpt lat="35.934544" lon="-118.149808"/>
      <trkpt lat="35.934479" lon="-118.149749"/>
      <trkpt lat="35.934299" lon="-118.149513"/>
      <trkpt lat="35.934253" lon="-118.149427"/>
      <trkpt lat="35.934162" lon="-118.149322"/>
      <trkpt lat="35.934073" lon="-118.149274"/>
      <trkpt lat="35.934038" lon="-118.149244"/>
      <trkpt lat="35.933979" lon="-118.149220"/>
      <trkpt lat="35.933869" lon="-118.149151"/>
      <trkpt lat="35.933812" lon="-118.149126"/>
      <trkpt lat="35.933649" lon="-118.149100"/>
      <trkpt lat="35.933508" lon="-118.149118"/>
      <trkpt lat="35.933452" lon="-118.149175"/>
      <trkpt lat="35.933434" lon="-118.149287"/>
      <trkpt lat="35.933408" lon="-118.149330"/>
      <trkpt lat="35.933345" lon="-118.149387"/>
      <trkpt lat="35.933304" lon="-118.149389"/>
      <trkpt lat="35.933187" lon="-118.149338"/>
      <trkpt lat="35.933074" lon="-118.149263"/>
      <trkpt lat="35.932878" lon="-118.149172"/>
      <trkpt lat="35.932737" lon="-118.149140"/>
      <trkpt lat="35.932657" lon="-118.149135"/>
      <trkpt lat="35.932555" lon="-118.149100"/>
      <trkpt lat="35.932466" lon="-118.149019"/>
      <trkpt lat="35.932331" lon="-118.148952"/>
      <trkpt lat="35.932255" lon="-118.148931"/>
      <trkpt lat="35.932179" lon="-118.148885"/>
      <trkpt lat="35.932068" lon="-118.148783"/>
      <trkpt lat="35.932012" lon="-118.148764"/>
      <trkpt lat="35.931953" lon="-118.148770"/>
      <trkpt lat="35.931853" lon="-118.148813"/>
      <trkpt lat="35.931768" lon="-118.148899"/>
      <trkpt lat="35.931710" lon="-118.148990"/>
      <trkpt lat="35.931599" lon="-118.149092"/>
      <trkpt lat="35.931486" lon="-118.149132"/>
      <trkpt lat="35.931427" lon="-118.149126"/>
      <trkpt lat="35.931349" lon="-118.149100"/>
      <trkpt lat="35.931271" lon="-118.149097"/>
      <trkpt lat="35.931173" lon="-118.149065"/>
      <trkpt lat="35.931073" lon="-118.149046"/>
      <trkpt lat="35.930941" lon="-118.148960"/>
      <trkpt lat="35.930900" lon="-118.148944"/>
      <trkpt lat="35.930861" lon="-118.148947"/>
      <trkpt lat="35.930787" lon="-118.149041"/>
      <trkpt lat="35.930743" lon="-118.149084"/>
      <trkpt lat="35.930702" lon="-118.149188"/>
      <trkpt lat="35.930646" lon="-118.149250"/>
      <trkpt lat="35.930585" lon="-118.149333"/>
      <trkpt lat="35.930513" lon="-118.149408"/>
      <trkpt lat="35.930494" lon="-118.149451"/>
      <trkpt lat="35.930444" lon="-118.149518"/>
      <trkpt lat="35.930405" lon="-118.149598"/>
      <trkpt lat="35.930361" lon="-118.149666"/>
      <trkpt lat="35.930274" lon="-118.149743"/>
      <trkpt lat="35.930092" lon="-118.149821"/>
      <trkpt lat="35.930044" lon="-118.149851"/>
      <trkpt lat="35.929922" lon="-118.149851"/>
      <trkpt lat="35.929842" lon="-118.149829"/>
      <trkpt lat="35.929716" lon="-118.149773"/>
      <trkpt lat="35.929681" lon="-118.149749"/>
      <trkpt lat="35.929612" lon="-118.149668"/>
      <trkpt lat="35.929553" lon="-118.149540"/>
      <trkpt lat="35.929512" lon="-118.149483"/>
      <trkpt lat="35.929492" lon="-118.149470"/>
      <trkpt lat="35.929434" lon="-118.149459"/>
      <trkpt lat="35.929334" lon="-118.149462"/>
      <trkpt lat="35.929303" lon="-118.149475"/>
      <trkpt lat="35.929195" lon="-118.149558"/>
      <trkpt lat="35.929093" lon="-118.149615"/>
      <trkpt lat="35.929015" lon="-118.149615"/>
      <trkpt lat="35.928960" lon="-118.149582"/>
      <trkpt lat="35.928934" lon="-118.149548"/>
      <trkpt lat="35.928767" lon="-118.149419"/>
      <trkpt lat="35.928741" lon="-118.149387"/>
      <trkpt lat="35.928687" lon="-118.149344"/>
      <trkpt lat="35.928591" lon="-118.149304"/>
      <trkpt lat="35.928428" lon="-118.149301"/>
      <trkpt lat="35.928376" lon="-118.149290"/>
      <trkpt lat="35.928230" lon="-118.149199"/>
      <trkpt lat="35.927944" lon="-118.149078"/>
      <trkpt lat="35.927870" lon="-118.149030"/>
      <trkpt lat="35.927829" lon="-118.149014"/>
      <trkpt lat="35.927763" lon="-118.148963"/>
      <trkpt lat="35.927640" lon="-118.148955"/>
      <trkpt lat="35.927590" lon="-118.148941"/>
      <trkpt lat="35.927527" lon="-118.148955"/>
      <trkpt lat="35.927462" lon="-118.149000"/>
      <trkpt lat="35.927307" lon="-118.149033"/>
      <trkpt lat="35.927268" lon="-118.149078"/>
      <trkpt lat="35.927251" lon="-118.149084"/>
      <trkpt lat="35.927021" lon="-118.149084"/>
      <trkpt lat="35.926910" lon="-118.148990"/>
      <trkpt lat="35.926884" lon="-118.148952"/>
      <trkpt lat="35.926830" lon="-118.148821"/>
      <trkpt lat="35.926814" lon="-118.148751"/>
      <trkpt lat="35.926797" lon="-118.148708"/>
      <trkpt lat="35.926719" lon="-118.148641"/>
      <trkpt lat="35.926510" lon="-118.148569"/>
      <trkpt lat="35.926324" lon="-118.148464"/>
      <trkpt lat="35.926193" lon="-118.148408"/>
      <trkpt lat="35.926128" lon="-118.148389"/>
      <trkpt lat="35.925978" lon="-118.148373"/>
      <trkpt lat="35.925917" lon="-118.148354"/>
      <trkpt lat="35.925817" lon="-118.148349"/>
      <trkpt lat="35.925774" lon="-118.148330"/>
      <trkpt lat="35.925691" lon="-118.148311"/>
      <trkpt lat="35.925602" lon="-118.148325"/>
      <trkpt lat="35.925572" lon="-118.148349"/>
      <trkpt lat="35.925481" lon="-118.148381"/>
      <trkpt lat="35.925381" lon="-118.148392"/>
      <trkpt lat="35.925333" lon="-118.148381"/>
      <trkpt lat="35.925253" lon="-118.148327"/>
      <trkpt lat="35.925190" lon="-118.148268"/>
      <trkpt lat="35.925018" lon="-118.148067"/>
      <trkpt lat="35.924927" lon="-118.147920"/>
      <trkpt lat="35.924860" lon="-118.147831"/>
      <trkpt lat="35.924840" lon="-118.147758"/>
      <trkpt lat="35.924788" lon="-118.147654"/>
      <trkpt lat="35.924753" lon="-118.147563"/>
      <trkpt lat="35.924707" lon="-118.147517"/>
      <trkpt lat="35.924688" lon="-118.147506"/>
      <trkpt lat="35.924668" lon="-118.147509"/>
      <trkpt lat="35.924642" lon="-118.147541"/>
      <trkpt lat="35.924636" lon="-118.147584"/>
      <trkpt lat="35.924671" lon="-118.147734"/>
      <trkpt lat="35.924675" lon="-118.147780"/>
      <trkpt lat="35.924744" lon="-118.148043"/>
      <trkpt lat="35.924747" lon="-118.148131"/>
      <trkpt lat="35.924821" lon="-118.148268"/>
      <trkpt lat="35.924862" lon="-118.148381"/>
      <trkpt lat="35.924883" lon="-118.148494"/>
      <trkpt lat="35.924881" lon="-118.148649"/>
      <trkpt lat="35.924899" lon="-118.148711"/>
      <trkpt lat="35.924897" lon="-118.148799"/>
      <trkpt lat="35.924868" lon="-118.148909"/>
      <trkpt lat="35.924827" lon="-118.148995"/>
      <trkpt lat="35.924769" lon="-118.149140"/>
      <trkpt lat="35.924751" lon="-118.149234"/>
      <trkpt lat="35.924720" lon="-118.149279"/>
      <trkpt lat="35.924683" lon="-118.149304"/>
      <trkpt lat="35.924624" lon="-118.149372"/>
      <trkpt lat="35.924628" lon="-118.149441"/>
      <trkpt lat="35.924650" lon="-118.149581"/>
      <trkpt lat="35.924651" lon="-118.149631"/>
      <trkpt lat="35.924624" lon="-118.149739"/>
      <trkpt lat="35.924607" lon="-118.149761"/>
      <trkpt lat="35.924588" lon="-118.149760"/>
      <trkpt lat="35.924425" lon="-118.149556"/>
      <trkpt lat="35.924370" lon="-118.149468"/>
      <trkpt lat="35.924233" lon="-118.149373"/>
      <trkpt lat="35.924168" lon="-118.149361"/>
      <trkpt lat="35.923948" lon="-118.149369"/>
      <trkpt lat="35.923870" lon="-118.149359"/>
      <trkpt lat="35.923750" lon="-118.149329"/>
      <trkpt lat="35.923613" lon="-118.149282"/>
      <trkpt lat="35.923497" lon="-118.149219"/>
      <trkpt lat="35.923445" lon="-118.149173"/>
      <trkpt lat="35.923393" lon="-118.149057"/>
      <trkpt lat="35.923174" lon="-118.148889"/>
      <trkpt lat="35.923087" lon="-118.148755"/>
      <trkpt lat="35.923033" lon="-118.148616"/>
      <trkpt lat="35.923018" lon="-118.148558"/>
      <trkpt lat="35.923017" lon="-118.148485"/>
      <trkpt lat="35.923026" lon="-118.148429"/>
      <trkpt lat="35.923086" lon="-118.148320"/>
      <trkpt lat="35.923105" lon="-118.148236"/>
      <trkpt lat="35.923107" lon="-118.148190"/>
      <trkpt lat="35.923133" lon="-118.148105"/>
      <trkpt lat="35.923217" lon="-118.147897"/>
      <trkpt lat="35.923248" lon="-118.147777"/>
      <trkpt lat="35.923290" lon="-118.147689"/>
      <trkpt lat="35.923296" lon="-118.147651"/>
      <trkpt lat="35.923366" lon="-118.147551"/>
      <trkpt lat="35.923429" lon="-118.147427"/>
      <trkpt lat="35.923448" lon="-118.147337"/>
      <trkpt lat="35.923503" lon="-118.147186"/>
      <trkpt lat="35.923507" lon="-118.147130"/>
      <trkpt lat="35.923529" lon="-118.147052"/>
      <trkpt lat="35.923551" lon="-118.147006"/>
      <trkpt lat="35.923642" lon="-118.146727"/>
      <trkpt lat="35.923673" lon="-118.146665"/>
      <trkpt lat="35.923686" lon="-118.146595"/>
      <trkpt lat="35.923695" lon="-118.146306"/>
      <trkpt lat="35.923743" lon="-118.146135"/>
      <trkpt lat="35.923765" lon="-118.146075"/>
      <trkpt lat="35.923827" lon="-118.145952"/>
      <trkpt lat="35.923873" lon="-118.145728"/>
      <trkpt lat="35.923971" lon="-118.145574"/>
      <trkpt lat="35.924013" lon="-118.145495"/>
      <trkpt lat="35.924061" lon="-118.145347"/>
      <trkpt lat="35.924100" lon="-118.145177"/>
      <trkpt lat="35.924116" lon="-118.145003"/>
      <trkpt lat="35.924098" lon="-118.144899"/>
      <trkpt lat="35.924080" lon="-118.144848"/>
      <trkpt lat="35.923981" lon="-118.144693"/>
      <trkpt lat="35.923829" lon="-118.144345"/>
      <trkpt lat="35.923758" lon="-118.144126"/>
      <trkpt lat="35.923719" lon="-118.143977"/>
      <trkpt lat="35.923653" lon="-118.143839"/>
      <trkpt lat="35.923582" lon="-118.143578"/>
      <trkpt lat="35.923587" lon="-118.143509"/>
      <trkpt lat="35.923609" lon="-118.143448"/>
      <trkpt lat="35.923848" lon="-118.143151"/>
      <trkpt lat="35.923859" lon="-118.143118"/>
      <trkpt lat="35.923862" lon="-118.143071"/>
      <trkpt lat="35.923844" lon="-118.143030"/>
      <trkpt lat="35.923594" lon="-118.142665"/>
      <trkpt lat="35.923513" lon="-118.142552"/>
      <trkpt lat="35.923467" lon="-118.142503"/>
      <trkpt lat="35.923247" lon="-118.142186"/>
      <trkpt lat="35.923164" lon="-118.142084"/>
      <trkpt lat="35.922962" lon="-118.141876"/>
      <trkpt lat="35.922882" lon="-118.141815"/>
      <trkpt lat="35.922838" lon="-118.141792"/>
      <trkpt lat="35.922769" lon="-118.141707"/>
      <trkpt lat="35.922670" lon="-118.141606"/>
      <trkpt lat="35.922554" lon="-118.141518"/>
      <trkpt lat="35.922483" lon="-118.141490"/>
      <trkpt lat="35.922362" lon="-118.141394"/>
      <trkpt lat="35.922347" lon="-118.141363"/>
      <trkpt lat="35.922301" lon="-118.141166"/>
      <trkpt lat="35.922265" lon="-118.141065"/>
      <trkpt lat="35.922213" lon="-118.141003"/>
      <trkpt lat="35.922159" lon="-118.140962"/>
      <trkpt lat="35.922051" lon="-118.140912"/>
      <trkpt lat="35.922038" lon="-118.140895"/>
      <trkpt lat="35.922013" lon="-118.140800"/>
      <trkpt lat="35.921948" lon="-118.140621"/>
      <trkpt lat="35.921924" lon="-118.140582"/>
      <trkpt lat="35.921891" lon="-118.140503"/>
      <trkpt lat="35.921843" lon="-118.140429"/>
      <trkpt lat="35.921734" lon="-118.140232"/>
      <trkpt lat="35.921561" lon="-118.139865"/>
      <trkpt lat="35.921515" lon="-118.139784"/>
      <trkpt lat="35.921464" lon="-118.139752"/>
      <trkpt lat="35.921407" lon="-118.139733"/>
      <trkpt lat="35.921268" lon="-118.139704"/>
      <trkpt lat="35.921141" lon="-118.139696"/>
      <trkpt lat="35.921057" lon="-118.139717"/>
      <trkpt lat="35.920799" lon="-118.139820"/>
      <trkpt lat="35.920760" lon="-118.139822"/>
      <trkpt lat="35.920733" lon="-118.139790"/>
      <trkpt lat="35.920662" lon="-118.139602"/>
      <trkpt lat="35.920585" lon="-118.139448"/>
      <trkpt lat="35.920508" lon="-118.139264"/>
      <trkpt lat="35.920483" lon="-118.139225"/>
      <trkpt lat="35.920465" lon="-118.139161"/>
      <trkpt lat="35.920469" lon="-118.139124"/>
      <trkpt lat="35.920511" lon="-118.139068"/>
      <trkpt lat="35.920685" lon="-118.138906"/>
      <trkpt lat="35.920767" lon="-118.138803"/>
      <trkpt lat="35.920776" lon="-118.138761"/>
      <trkpt lat="35.920772" lon="-118.138663"/>
      <trkpt lat="35.920703" lon="-118.138552"/>
      <trkpt lat="35.920610" lon="-118.138451"/>
      <trkpt lat="35.920508" lon="-118.138374"/>
      <trkpt lat="35.920384" lon="-118.138226"/>
      <trkpt lat="35.920166" lon="-118.138033"/>
      <trkpt lat="35.919991" lon="-118.137834"/>
      <trkpt lat="35.919833" lon="-118.137700"/>
      <trkpt lat="35.919736" lon="-118.137601"/>
      <trkpt lat="35.919714" lon="-118.137566"/>
      <trkpt lat="35.919594" lon="-118.137475"/>
      <trkpt lat="35.919436" lon="-118.137389"/>
      <trkpt lat="35.919245" lon="-118.137373"/>
      <trkpt lat="35.919169" lon="-118.137376"/>
      <trkpt lat="35.919014" lon="-118.137333"/>
      <trkpt lat="35.918795" lon="-118.137338"/>
      <trkpt lat="35.918697" lon="-118.137274"/>
      <trkpt lat="35.918654" lon="-118.137177"/>
      <trkpt lat="35.918634" lon="-118.137067"/>
      <trkpt lat="35.918636" lon="-118.136912"/>
      <trkpt lat="35.918628" lon="-118.136772"/>
      <trkpt lat="35.918636" lon="-118.136724"/>
      <trkpt lat="35.918630" lon="-118.136686"/>
      <trkpt lat="35.918647" lon="-118.136571"/>
      <trkpt lat="35.918660" lon="-118.136378"/>
      <trkpt lat="35.918658" lon="-118.136287"/>
      <trkpt lat="35.918632" lon="-118.136185"/>
      <trkpt lat="35.918584" lon="-118.136056"/>
      <trkpt lat="35.918547" lon="-118.136002"/>
      <trkpt lat="35.918506" lon="-118.135959"/>
      <trkpt lat="35.918291" lon="-118.135815"/>
      <trkpt lat="35.917950" lon="-118.135718"/>
      <trkpt lat="35.917492" lon="-118.135662"/>
      <trkpt lat="35.917283" lon="-118.135665"/>
      <trkpt lat="35.917183" lon="-118.135675"/>
      <trkpt lat="35.916981" lon="-118.135672"/>
      <trkpt lat="35.916940" lon="-118.135665"/>
      <trkpt lat="35.916875" lon="-118.135624"/>
      <trkpt lat="35.916781" lon="-118.135520"/>
      <trkpt lat="35.916723" lon="-118.135361"/>
      <trkpt lat="35.916736" lon="-118.135265"/>
      <trkpt lat="35.916779" lon="-118.135131"/>
      <trkpt lat="35.916807" lon="-118.135069"/>
      <trkpt lat="35.916883" lon="-118.134946"/>
      <trkpt lat="35.916949" lon="-118.134857"/>
      <trkpt lat="35.916979" lon="-118.134798"/>
      <trkpt lat="35.916999" lon="-118.134710"/>
      <trkpt lat="35.917001" lon="-118.134578"/>
      <trkpt lat="35.916990" lon="-118.134533"/>
      <trkpt lat="35.916923" lon="-118.134374"/>
      <trkpt lat="35.916864" lon="-118.134278"/>
      <trkpt lat="35.916705" lon="-118.134109"/>
      <trkpt lat="35.916566" lon="-118.133988"/>
      <trkpt lat="35.916512" lon="-118.133926"/>
      <trkpt lat="35.916453" lon="-118.133782"/>
      <trkpt lat="35.916377" lon="-118.133436"/>
      <trkpt lat="35.916364" lon="-118.133339"/>
      <trkpt lat="35.916362" lon="-118.133114"/>
      <trkpt lat="35.916345" lon="-118.132910"/>
      <trkpt lat="35.916377" lon="-118.132757"/>
      <trkpt lat="35.916379" lon="-118.132695"/>
      <trkpt lat="35.916480" lon="-118.132430"/>
      <trkpt lat="35.916545" lon="-118.132293"/>
      <trkpt lat="35.916562" lon="-118.132229"/>
      <trkpt lat="35.916568" lon="-118.132164"/>
      <trkpt lat="35.916562" lon="-118.132143"/>
      <trkpt lat="35.916536" lon="-118.132108"/>
      <trkpt lat="35.916445" lon="-118.132041"/>
      <trkpt lat="35.916349" lon="-118.132006"/>
      <trkpt lat="35.916149" lon="-118.131885"/>
      <trkpt lat="35.916117" lon="-118.131874"/>
      <trkpt lat="35.916043" lon="-118.131874"/>
      <trkpt lat="35.916026" lon="-118.131867"/>
      <trkpt lat="35.915982" lon="-118.131829"/>
      <trkpt lat="35.915910" lon="-118.131794"/>
      <trkpt lat="35.915865" lon="-118.131762"/>
      <trkpt lat="35.915854" lon="-118.131746"/>
      <trkpt lat="35.915854" lon="-118.131722"/>
      <trkpt lat="35.915939" lon="-118.131330"/>
      <trkpt lat="35.915934" lon="-118.131228"/>
      <trkpt lat="35.915965" lon="-118.131003"/>
      <trkpt lat="35.915969" lon="-118.130895"/>
      <trkpt lat="35.915926" lon="-118.130853"/>
      <trkpt lat="35.915895" lon="-118.130837"/>
      <trkpt lat="35.915700" lon="-118.130842"/>
      <trkpt lat="35.915635" lon="-118.130879"/>
      <trkpt lat="35.915556" lon="-118.130890"/>
      <trkpt lat="35.915482" lon="-118.130890"/>
      <trkpt lat="35.915374" lon="-118.130858"/>
      <trkpt lat="35.915256" lon="-118.130842"/>
      <trkpt lat="35.915122" lon="-118.130777"/>
      <trkpt lat="35.915048" lon="-118.130761"/>
      <trkpt lat="35.914887" lon="-118.130676"/>
      <trkpt lat="35.914809" lon="-118.130665"/>
      <trkpt lat="35.914705" lon="-118.130622"/>
      <trkpt lat="35.914596" lon="-118.130606"/>
      <trkpt lat="35.914379" lon="-118.130541"/>
      <trkpt lat="35.914366" lon="-118.130499"/>
      <trkpt lat="35.914379" lon="-118.130402"/>
      <trkpt lat="35.914392" lon="-118.130359"/>
      <trkpt lat="35.914444" lon="-118.130252"/>
      <trkpt lat="35.914522" lon="-118.130043"/>
      <trkpt lat="35.914570" lon="-118.129973"/>
      <trkpt lat="35.914609" lon="-118.129892"/>
      <trkpt lat="35.914666" lon="-118.129715"/>
      <trkpt lat="35.914679" lon="-118.129629"/>
      <trkpt lat="35.914679" lon="-118.129544"/>
      <trkpt lat="35.914631" lon="-118.129479"/>
      <trkpt lat="35.914574" lon="-118.129458"/>
      <trkpt lat="35.914461" lon="-118.129447"/>
      <trkpt lat="35.914383" lon="-118.129447"/>
      <trkpt lat="35.914279" lon="-118.129506"/>
      <trkpt lat="35.914096" lon="-118.129533"/>
      <trkpt lat="35.914049" lon="-118.129549"/>
      <trkpt lat="35.913636" lon="-118.129538"/>
      <trkpt lat="35.913536" lon="-118.129576"/>
      <trkpt lat="35.913501" lon="-118.129603"/>
      <trkpt lat="35.913462" lon="-118.129619"/>
      <trkpt lat="35.913362" lon="-118.129694"/>
      <trkpt lat="35.913328" lon="-118.129705"/>
      <trkpt lat="35.913228" lon="-118.129774"/>
      <trkpt lat="35.913154" lon="-118.129807"/>
      <trkpt lat="35.913084" lon="-118.129849"/>
      <trkpt lat="35.913023" lon="-118.129903"/>
      <trkpt lat="35.912915" lon="-118.130026"/>
      <trkpt lat="35.912850" lon="-118.130075"/>
      <trkpt lat="35.912828" lon="-118.130107"/>
      <trkpt lat="35.912706" lon="-118.130230"/>
      <trkpt lat="35.912611" lon="-118.130381"/>
      <trkpt lat="35.912493" lon="-118.130520"/>
      <trkpt lat="35.912472" lon="-118.130557"/>
      <trkpt lat="35.912437" lon="-118.130584"/>
      <trkpt lat="35.912320" lon="-118.130600"/>
      <trkpt lat="35.912298" lon="-118.130587"/>
      <trkpt lat="35.912261" lon="-118.130536"/>
      <trkpt lat="35.912244" lon="-118.130442"/>
      <trkpt lat="35.912150" lon="-118.130389"/>
      <trkpt lat="35.912141" lon="-118.130370"/>
      <trkpt lat="35.912139" lon="-118.130346"/>
      <trkpt lat="35.912159" lon="-118.130311"/>
      <trkpt lat="35.912176" lon="-118.130249"/>
      <trkpt lat="35.912194" lon="-118.129992"/>
      <trkpt lat="35.912194" lon="-118.129831"/>
      <trkpt lat="35.912148" lon="-118.129632"/>
      <trkpt lat="35.912122" lon="-118.129576"/>
      <trkpt lat="35.912044" lon="-118.129479"/>
      <trkpt lat="35.911978" lon="-118.129436"/>
      <trkpt lat="35.911889" lon="-118.129418"/>
      <trkpt lat="35.911855" lon="-118.129402"/>
      <trkpt lat="35.911794" lon="-118.129353"/>
      <trkpt lat="35.911774" lon="-118.129291"/>
      <trkpt lat="35.911766" lon="-118.129200"/>
      <trkpt lat="35.911729" lon="-118.129080"/>
      <trkpt lat="35.911692" lon="-118.129018"/>
      <trkpt lat="35.911629" lon="-118.128967"/>
      <trkpt lat="35.911555" lon="-118.128943"/>
      <trkpt lat="35.911292" lon="-118.128908"/>
      <trkpt lat="35.911142" lon="-118.128908"/>
      <trkpt lat="35.911083" lon="-118.128889"/>
      <trkpt lat="35.910986" lon="-118.128876"/>
      <trkpt lat="35.910938" lon="-118.128846"/>
      <trkpt lat="35.910884" lon="-118.128787"/>
      <trkpt lat="35.910877" lon="-118.128769"/>
      <trkpt lat="35.910873" lon="-118.128702"/>
      <trkpt lat="35.910890" lon="-118.128640"/>
      <trkpt lat="35.910897" lon="-118.128554"/>
      <trkpt lat="35.910884" lon="-118.128487"/>
      <trkpt lat="35.910827" lon="-118.128323"/>
      <trkpt lat="35.910784" lon="-118.128256"/>
      <trkpt lat="35.910714" lon="-118.128211"/>
      <trkpt lat="35.910610" lon="-118.128208"/>
      <trkpt lat="35.910506" lon="-118.128173"/>
      <trkpt lat="35.910449" lon="-118.128168"/>
      <trkpt lat="35.910204" lon="-118.128090"/>
      <trkpt lat="35.910154" lon="-118.128004"/>
      <trkpt lat="35.910060" lon="-118.127932"/>
      <trkpt lat="35.910010" lon="-118.127873"/>
      <trkpt lat="35.909999" lon="-118.127830"/>
      <trkpt lat="35.909999" lon="-118.127765"/>
      <trkpt lat="35.909991" lon="-118.127747"/>
      <trkpt lat="35.909900" lon="-118.127642"/>
      <trkpt lat="35.909750" lon="-118.127537"/>
      <trkpt lat="35.909721" lon="-118.127489"/>
      <trkpt lat="35.909721" lon="-118.127422"/>
      <trkpt lat="35.909730" lon="-118.127403"/>
      <trkpt lat="35.909795" lon="-118.127331"/>
      <trkpt lat="35.909941" lon="-118.127122"/>
      <trkpt lat="35.910004" lon="-118.127006"/>
      <trkpt lat="35.910019" lon="-118.126963"/>
      <trkpt lat="35.910026" lon="-118.126888"/>
      <trkpt lat="35.910036" lon="-118.126848"/>
      <trkpt lat="35.910052" lon="-118.126593"/>
      <trkpt lat="35.910021" lon="-118.126470"/>
      <trkpt lat="35.909976" lon="-118.126427"/>
      <trkpt lat="35.909876" lon="-118.126384"/>
      <trkpt lat="35.909763" lon="-118.126381"/>
      <trkpt lat="35.909673" lon="-118.126352"/>
      <trkpt lat="35.909652" lon="-118.126336"/>
      <trkpt lat="35.909637" lon="-118.126304"/>
      <trkpt lat="35.909634" lon="-118.126253"/>
      <trkpt lat="35.909647" lon="-118.126210"/>
      <trkpt lat="35.909717" lon="-118.126033"/>
      <trkpt lat="35.909765" lon="-118.125936"/>
      <trkpt lat="35.909791" lon="-118.125770"/>
      <trkpt lat="35.909784" lon="-118.125681"/>
      <trkpt lat="35.909771" lon="-118.125638"/>
      <trkpt lat="35.909780" lon="-118.125574"/>
      <trkpt lat="35.909806" lon="-118.125536"/>
      <trkpt lat="35.909826" lon="-118.125526"/>
      <trkpt lat="35.909917" lon="-118.125515"/>
      <trkpt lat="35.909991" lon="-118.125488"/>
      <trkpt lat="35.910125" lon="-118.125429"/>
      <trkpt lat="35.910280" lon="-118.125341"/>
      <trkpt lat="35.910395" lon="-118.125306"/>
      <trkpt lat="35.910516" lon="-118.125244"/>
      <trkpt lat="35.910582" lon="-118.125204"/>
      <trkpt lat="35.910638" lon="-118.125134"/>
      <trkpt lat="35.910645" lon="-118.125113"/>
      <trkpt lat="35.910645" lon="-118.125043"/>
      <trkpt lat="35.910634" lon="-118.125003"/>
      <trkpt lat="35.910610" lon="-118.124971"/>
      <trkpt lat="35.910475" lon="-118.124708"/>
      <trkpt lat="35.910230" lon="-118.124319"/>
      <trkpt lat="35.910156" lon="-118.124115"/>
      <trkpt lat="35.910132" lon="-118.124010"/>
      <trkpt lat="35.910130" lon="-118.123943"/>
      <trkpt lat="35.910156" lon="-118.123887"/>
      <trkpt lat="35.910193" lon="-118.123841"/>
      <trkpt lat="35.910210" lon="-118.123796"/>
      <trkpt lat="35.910251" lon="-118.123734"/>
      <trkpt lat="35.910251" lon="-118.123710"/>
      <trkpt lat="35.910269" lon="-118.123670"/>
      <trkpt lat="35.910284" lon="-118.123605"/>
      <trkpt lat="35.910291" lon="-118.123538"/>
      <trkpt lat="35.910291" lon="-118.123511"/>
      <trkpt lat="35.910269" lon="-118.123431"/>
      <trkpt lat="35.910258" lon="-118.123415"/>
      <trkpt lat="35.910175" lon="-118.123356"/>
      <trkpt lat="35.909973" lon="-118.123310"/>
      <trkpt lat="35.909797" lon="-118.123230"/>
      <trkpt lat="35.909760" lon="-118.123187"/>
      <trkpt lat="35.909671" lon="-118.123109"/>
      <trkpt lat="35.909554" lon="-118.123045"/>
      <trkpt lat="35.909519" lon="-118.122996"/>
      <trkpt lat="35.909491" lon="-118.122846"/>
      <trkpt lat="35.909539" lon="-118.122645"/>
      <trkpt lat="35.909554" lon="-118.122532"/>
      <trkpt lat="35.909582" lon="-118.122425"/>
      <trkpt lat="35.909597" lon="-118.122334"/>
      <trkpt lat="35.909600" lon="-118.122248"/>
      <trkpt lat="35.909550" lon="-118.122109"/>
      <trkpt lat="35.909415" lon="-118.121923"/>
      <trkpt lat="35.909254" lon="-118.121760"/>
      <trkpt lat="35.909246" lon="-118.121741"/>
      <trkpt lat="35.909176" lon="-118.121677"/>
      <trkpt lat="35.909102" lon="-118.121669"/>
      <trkpt lat="35.909033" lon="-118.121701"/>
      <trkpt lat="35.908974" lon="-118.121714"/>
      <trkpt lat="35.908918" lon="-118.121712"/>
      <trkpt lat="35.908872" lon="-118.121690"/>
      <trkpt lat="35.908770" lon="-118.121663"/>
      <trkpt lat="35.908692" lon="-118.121653"/>
      <trkpt lat="35.908520" lon="-118.121572"/>
      <trkpt lat="35.908383" lon="-118.121556"/>
      <trkpt lat="35.908324" lon="-118.121537"/>
      <trkpt lat="35.908288" lon="-118.121492"/>
      <trkpt lat="35.908266" lon="-118.121409"/>
      <trkpt lat="35.908261" lon="-118.121266"/>
      <trkpt lat="35.908248" lon="-118.121229"/>
      <trkpt lat="35.908201" lon="-118.121140"/>
      <trkpt lat="35.908192" lon="-118.121097"/>
      <trkpt lat="35.908122" lon="-118.120910"/>
      <trkpt lat="35.908075" lon="-118.120840"/>
      <trkpt lat="35.908009" lon="-118.120789"/>
      <trkpt lat="35.907844" lon="-118.120773"/>
      <trkpt lat="35.907701" lon="-118.120733"/>
      <trkpt lat="35.907479" lon="-118.120617"/>
      <trkpt lat="35.907360" lon="-118.120523"/>
      <trkpt lat="35.907351" lon="-118.120505"/>
      <trkpt lat="35.907312" lon="-118.120464"/>
      <trkpt lat="35.907262" lon="-118.120432"/>
      <trkpt lat="35.907175" lon="-118.120424"/>
      <trkpt lat="35.907101" lon="-118.120494"/>
      <trkpt lat="35.906995" lon="-118.120722"/>
      <trkpt lat="35.906962" lon="-118.120837"/>
      <trkpt lat="35.906951" lon="-118.120987"/>
      <trkpt lat="35.906965" lon="-118.121089"/>
      <trkpt lat="35.907006" lon="-118.121199"/>
      <trkpt lat="35.907045" lon="-118.121457"/>
      <trkpt lat="35.907058" lon="-118.121505"/>
      <trkpt lat="35.907106" lon="-118.121607"/>
      <trkpt lat="35.907134" lon="-118.121709"/>
      <trkpt lat="35.907182" lon="-118.121784"/>
      <trkpt lat="35.907256" lon="-118.121929"/>
      <trkpt lat="35.907264" lon="-118.121977"/>
      <trkpt lat="35.907208" lon="-118.122041"/>
      <trkpt lat="35.907132" lon="-118.122060"/>
      <trkpt lat="35.906997" lon="-118.122068"/>
      <trkpt lat="35.906958" lon="-118.122063"/>
      <trkpt lat="35.906825" lon="-118.122007"/>
      <trkpt lat="35.906632" lon="-118.121996"/>
      <trkpt lat="35.906613" lon="-118.122004"/>
      <trkpt lat="35.906549" lon="-118.122063"/>
      <trkpt lat="35.906515" lon="-118.122149"/>
      <trkpt lat="35.906515" lon="-118.122251"/>
      <trkpt lat="35.906556" lon="-118.122425"/>
      <trkpt lat="35.906556" lon="-118.122540"/>
      <trkpt lat="35.906543" lon="-118.122557"/>
      <trkpt lat="35.906486" lon="-118.122578"/>
      <trkpt lat="35.906298" lon="-118.122591"/>
      <trkpt lat="35.906202" lon="-118.122613"/>
      <trkpt lat="35.906132" lon="-118.122648"/>
      <trkpt lat="35.906043" lon="-118.122768"/>
      <trkpt lat="35.905959" lon="-118.122905"/>
      <trkpt lat="35.905824" lon="-118.123289"/>
      <trkpt lat="35.905811" lon="-118.123305"/>
      <trkpt lat="35.905770" lon="-118.123324"/>
      <trkpt lat="35.905711" lon="-118.123313"/>
      <trkpt lat="35.905663" lon="-118.123289"/>
      <trkpt lat="35.905687" lon="-118.123160"/>
      <trkpt lat="35.905615" lon="-118.122913"/>
      <trkpt lat="35.905565" lon="-118.122852"/>
      <trkpt lat="35.905515" lon="-118.122752"/>
      <trkpt lat="35.905448" lon="-118.122575"/>
      <trkpt lat="35.905324" lon="-118.122358"/>
      <trkpt lat="35.905300" lon="-118.122326"/>
      <trkpt lat="35.905185" lon="-118.122264"/>
      <trkpt lat="35.905111" lon="-118.122251"/>
      <trkpt lat="35.905018" lon="-118.122251"/>
      <trkpt lat="35.904966" lon="-118.122237"/>
      <trkpt lat="35.904914" lon="-118.122149"/>
      <trkpt lat="35.904868" lon="-118.122092"/>
      <trkpt lat="35.904781" lon="-118.122020"/>
      <trkpt lat="35.904772" lon="-118.121974"/>
      <trkpt lat="35.904733" lon="-118.121899"/>
      <trkpt lat="35.904733" lon="-118.121878"/>
      <trkpt lat="35.904751" lon="-118.121840"/>
      <trkpt lat="35.904820" lon="-118.121781"/>
      <trkpt lat="35.904874" lon="-118.121717"/>
      <trkpt lat="35.904933" lon="-118.121620"/>
      <trkpt lat="35.905003" lon="-118.121457"/>
      <trkpt lat="35.905016" lon="-118.121331"/>
      <trkpt lat="35.905005" lon="-118.121285"/>
      <trkpt lat="35.904896" lon="-118.121089"/>
      <trkpt lat="35.904812" lon="-118.120979"/>
      <trkpt lat="35.904701" lon="-118.120859"/>
      <trkpt lat="35.904644" lon="-118.120805"/>
      <trkpt lat="35.904581" lon="-118.120759"/>
      <trkpt lat="35.904507" lon="-118.120749"/>
      <trkpt lat="35.904488" lon="-118.120754"/>
      <trkpt lat="35.904299" lon="-118.120912"/>
      <trkpt lat="35.904175" lon="-118.120963"/>
      <trkpt lat="35.904077" lon="-118.120974"/>
      <trkpt lat="35.903877" lon="-118.120971"/>
      <trkpt lat="35.903773" lon="-118.121009"/>
      <trkpt lat="35.903753" lon="-118.121006"/>
      <trkpt lat="35.903701" lon="-118.120950"/>
      <trkpt lat="35.903671" lon="-118.120928"/>
      <trkpt lat="35.903554" lon="-118.120910"/>
      <trkpt lat="35.903434" lon="-118.120920"/>
      <trkpt lat="35.903273" lon="-118.120979"/>
      <trkpt lat="35.903212" lon="-118.121041"/>
      <trkpt lat="35.903069" lon="-118.121242"/>
      <trkpt lat="35.902993" lon="-118.121299"/>
      <trkpt lat="35.902741" lon="-118.121618"/>
      <trkpt lat="35.902674" lon="-118.121671"/>
      <trkpt lat="35.902615" lon="-118.121736"/>
      <trkpt lat="35.902580" lon="-118.121757"/>
      <trkpt lat="35.902541" lon="-118.121768"/>
      <trkpt lat="35.902513" lon="-118.121744"/>
      <trkpt lat="35.902485" lon="-118.121677"/>
      <trkpt lat="35.902454" lon="-118.121572"/>
      <trkpt lat="35.902395" lon="-118.121438"/>
      <trkpt lat="35.902356" lon="-118.121363"/>
      <trkpt lat="35.902307" lon="-118.121304"/>
      <trkpt lat="35.902226" lon="-118.121250"/>
      <trkpt lat="35.902206" lon="-118.121245"/>
      <trkpt lat="35.902022" lon="-118.121226"/>
      <trkpt lat="35.901946" lon="-118.121245"/>
      <trkpt lat="35.901907" lon="-118.121245"/>
      <trkpt lat="35.901796" lon="-118.121186"/>
      <trkpt lat="35.901722" lon="-118.121132"/>
      <trkpt lat="35.901657" lon="-118.121097"/>
      <trkpt lat="35.901579" lon="-118.121038"/>
      <trkpt lat="35.901529" lon="-118.120985"/>
      <trkpt lat="35.901359" lon="-118.120856"/>
      <trkpt lat="35.901201" lon="-118.120703"/>
      <trkpt lat="35.901190" lon="-118.120684"/>
      <trkpt lat="35.901003" lon="-118.120545"/>
      <trkpt lat="35.900855" lon="-118.120381"/>
      <trkpt lat="35.900768" lon="-118.120309"/>
      <trkpt lat="35.900462" lon="-118.120102"/>
      <trkpt lat="35.900371" lon="-118.119998"/>
      <trkpt lat="35.900332" lon="-118.119923"/>
      <trkpt lat="35.900323" lon="-118.119880"/>
      <trkpt lat="35.900329" lon="-118.119861"/>
      <trkpt lat="35.900451" lon="-118.119848"/>
      <trkpt lat="35.900531" lon="-118.119829"/>
      <trkpt lat="35.900638" lon="-118.119794"/>
      <trkpt lat="35.900688" lon="-118.119767"/>
      <trkpt lat="35.900805" lon="-118.119732"/>
      <trkpt lat="35.900899" lon="-118.119687"/>
      <trkpt lat="35.901114" lon="-118.119617"/>
      <trkpt lat="35.901177" lon="-118.119561"/>
      <trkpt lat="35.901227" lon="-118.119499"/>
      <trkpt lat="35.901261" lon="-118.119437"/>
      <trkpt lat="35.901274" lon="-118.119394"/>
      <trkpt lat="35.901266" lon="-118.119322"/>
      <trkpt lat="35.901235" lon="-118.119223"/>
      <trkpt lat="35.901185" lon="-118.119153"/>
      <trkpt lat="35.900957" lon="-118.118987"/>
      <trkpt lat="35.900905" lon="-118.118925"/>
      <trkpt lat="35.900849" lon="-118.118818"/>
      <trkpt lat="35.900766" lon="-118.118587"/>
      <trkpt lat="35.900738" lon="-118.118453"/>
      <trkpt lat="35.900733" lon="-118.118359"/>
      <trkpt lat="35.900718" lon="-118.118319"/>
      <trkpt lat="35.900679" lon="-118.118147"/>
      <trkpt lat="35.900631" lon="-118.118024"/>
      <trkpt lat="35.900599" lon="-118.117981"/>
      <trkpt lat="35.900573" lon="-118.117895"/>
      <trkpt lat="35.900488" lon="-118.117785"/>
      <trkpt lat="35.900479" lon="-118.117739"/>
      <trkpt lat="35.900488" lon="-118.117538"/>
      <trkpt lat="35.900510" lon="-118.117471"/>
      <trkpt lat="35.900553" lon="-118.117471"/>
      <trkpt lat="35.900568" lon="-118.117458"/>
      <trkpt lat="35.900577" lon="-118.117369"/>
      <trkpt lat="35.900564" lon="-118.117302"/>
      <trkpt lat="35.900566" lon="-118.117055"/>
      <trkpt lat="35.900544" lon="-118.116720"/>
      <trkpt lat="35.900536" lon="-118.116674"/>
      <trkpt lat="35.900512" lon="-118.116618"/>
      <trkpt lat="35.900479" lon="-118.116570"/>
      <trkpt lat="35.900471" lon="-118.116530"/>
      <trkpt lat="35.900508" lon="-118.116481"/>
      <trkpt lat="35.900527" lon="-118.116441"/>
      <trkpt lat="35.900536" lon="-118.116393"/>
      <trkpt lat="35.900538" lon="-118.116162"/>
      <trkpt lat="35.900718" lon="-118.115706"/>
      <trkpt lat="35.900757" lon="-118.115652"/>
      <trkpt lat="35.900925" lon="-118.115497"/>
      <trkpt lat="35.900957" lon="-118.115457"/>
      <trkpt lat="35.901012" lon="-118.115365"/>
      <trkpt lat="35.901033" lon="-118.115307"/>
      <trkpt lat="35.901051" lon="-118.115170"/>
      <trkpt lat="35.901003" lon="-118.115020"/>
      <trkpt lat="35.900929" lon="-118.114848"/>
      <trkpt lat="35.900886" lon="-118.114700"/>
      <trkpt lat="35.900849" lon="-118.114620"/>
      <trkpt lat="35.900773" lon="-118.114518"/>
      <trkpt lat="35.900768" lon="-118.114499"/>
      <trkpt lat="35.900718" lon="-118.114440"/>
      <trkpt lat="35.900679" lon="-118.114370"/>
      <trkpt lat="35.900662" lon="-118.114309"/>
      <trkpt lat="35.900579" lon="-118.114105"/>
      <trkpt lat="35.900581" lon="-118.113984"/>
      <trkpt lat="35.900573" lon="-118.113826"/>
      <trkpt lat="35.900612" lon="-118.113598"/>
      <trkpt lat="35.900618" lon="-118.113507"/>
      <trkpt lat="35.900614" lon="-118.113442"/>
      <trkpt lat="35.900577" lon="-118.113340"/>
      <trkpt lat="35.900566" lon="-118.113257"/>
      <trkpt lat="35.900605" lon="-118.113180"/>
      <trkpt lat="35.900607" lon="-118.113134"/>
      <trkpt lat="35.900588" lon="-118.113043"/>
      <trkpt lat="35.900588" lon="-118.112949"/>
      <trkpt lat="35.900621" lon="-118.112788"/>
      <trkpt lat="35.900612" lon="-118.112766"/>
      <trkpt lat="35.900579" lon="-118.112715"/>
      <trkpt lat="35.900510" lon="-118.112646"/>
      <trkpt lat="35.900451" lon="-118.112643"/>
      <trkpt lat="35.900292" lon="-118.112603"/>
      <trkpt lat="35.900129" lon="-118.112498"/>
      <trkpt lat="35.899975" lon="-118.112485"/>
      <trkpt lat="35.899923" lon="-118.112466"/>
      <trkpt lat="35.899819" lon="-118.112404"/>
      <trkpt lat="35.899697" lon="-118.112319"/>
      <trkpt lat="35.899578" lon="-118.112206"/>
      <trkpt lat="35.899508" lon="-118.112072"/>
      <trkpt lat="35.899482" lon="-118.111978"/>
      <trkpt lat="35.899480" lon="-118.111704"/>
      <trkpt lat="35.899517" lon="-118.111492"/>
      <trkpt lat="35.899523" lon="-118.111423"/>
      <trkpt lat="35.899519" lon="-118.111353"/>
      <trkpt lat="35.899536" lon="-118.111246"/>
      <trkpt lat="35.899578" lon="-118.111071"/>
      <trkpt lat="35.899586" lon="-118.110913"/>
      <trkpt lat="35.899569" lon="-118.110806"/>
      <trkpt lat="35.899547" lon="-118.110741"/>
      <trkpt lat="35.899532" lon="-118.110621"/>
      <trkpt lat="35.899462" lon="-118.110438"/>
      <trkpt lat="35.899447" lon="-118.110323"/>
      <trkpt lat="35.899417" lon="-118.110223"/>
    </trkseg>
    <trkseg>
      <trkpt lat="36.023594" lon="-118.134138"/>
      <trkpt lat="36.023732" lon="-118.134109"/>
      <trkpt lat="36.023785" lon="-118.134038"/>
      <trkpt lat="36.023918" lon="-118.133930"/>
      <trkpt lat="36.023996" lon="-118.133822"/>
      <trkpt lat="36.024403" lon="-118.133330"/>
      <trkpt lat="36.024943" lon="-118.132911"/>
      <trkpt lat="36.025029" lon="-118.132868"/>
      <trkpt lat="36.025189" lon="-118.132851"/>
      <trkpt lat="36.025279" lon="-118.132847"/>
      <trkpt lat="36.025351" lon="-118.132858"/>
      <trkpt lat="36.025422" lon="-118.132906"/>
      <trkpt lat="36.025515" lon="-118.132947"/>
      <trkpt lat="36.025735" lon="-118.133057"/>
      <trkpt lat="36.025799" lon="-118.133135"/>
      <trkpt lat="36.025971" lon="-118.133376"/>
      <trkpt lat="36.026021" lon="-118.133425"/>
      <trkpt lat="36.026063" lon="-118.133440"/>
      <trkpt lat="36.026128" lon="-118.133432"/>
      <trkpt lat="36.026293" lon="-118.133366"/>
      <trkpt lat="36.026543" lon="-118.133255"/>
      <trkpt lat="36.026745" lon="-118.133198"/>
      <trkpt lat="36.027015" lon="-118.133130"/>
      <trkpt lat="36.027350" lon="-118.133017"/>
      <trkpt lat="36.027550" lon="-118.132983"/>
      <trkpt lat="36.027777" lon="-118.132955"/>
      <trkpt lat="36.027855" lon="-118.132910"/>
      <trkpt lat="36.027915" lon="-118.132902"/>
      <trkpt lat="36.027978" lon="-118.132904"/>
      <trkpt lat="36.028054" lon="-118.132894"/>
      <trkpt lat="36.028182" lon="-118.132819"/>
      <trkpt lat="36.028381" lon="-118.132708"/>
      <trkpt lat="36.028500" lon="-118.132664"/>
      <trkpt lat="36.028810" lon="-118.132639"/>
      <trkpt lat="36.028946" lon="-118.132622"/>
      <trkpt lat="36.029035" lon="-118.132596"/>
      <trkpt lat="36.029278" lon="-118.132577"/>
      <trkpt lat="36.029403" lon="-118.132596"/>
      <trkpt lat="36.029557" lon="-118.132668"/>
      <trkpt lat="36.029651" lon="-118.132719"/>
      <trkpt lat="36.029740" lon="-118.132727"/>
      <trkpt lat="36.029844" lon="-118.132719"/>
      <trkpt lat="36.029905" lon="-118.132738"/>
      <trkpt lat="36.029961" lon="-118.132786"/>
      <trkpt lat="36.030043" lon="-118.132929"/>
      <trkpt lat="36.030106" lon="-118.133006"/>
      <trkpt lat="36.030202" lon="-118.133111"/>
      <trkpt lat="36.030323" lon="-118.133234"/>
      <trkpt lat="36.030410" lon="-118.133309"/>
      <trkpt lat="36.030495" lon="-118.133369"/>
      <trkpt lat="36.030599" lon="-118.133393"/>
      <trkpt lat="36.031041" lon="-118.133458"/>
      <trkpt lat="36.031288" lon="-118.133465"/>
      <trkpt lat="36.031609" lon="-118.133449"/>
      <trkpt lat="36.031774" lon="-118.133425"/>
      <trkpt lat="36.031911" lon="-118.133395"/>
      <trkpt lat="36.032152" lon="-118.133371"/>
      <trkpt lat="36.032288" lon="-118.133296"/>
      <trkpt lat="36.032598" lon="-118.133038"/>
      <trkpt lat="36.032876" lon="-118.132786"/>
      <trkpt lat="36.033106" lon="-118.132545"/>
      <trkpt lat="36.033312" lon="-118.132365"/>
      <trkpt lat="36.033349" lon="-118.132288"/>
      <trkpt lat="36.033416" lon="-118.132204"/>
      <trkpt lat="36.033473" lon="-118.132172"/>
      <trkpt lat="36.033605" lon="-118.132167"/>
      <trkpt lat="36.033776" lon="-118.132180"/>
      <trkpt lat="36.033920" lon="-118.132199"/>
      <trkpt lat="36.034076" lon="-118.132301"/>
      <trkpt lat="36.034245" lon="-118.132540"/>
      <trkpt lat="36.034442" lon="-118.132872"/>
      <trkpt lat="36.034494" lon="-118.132934"/>
      <trkpt lat="36.034613" lon="-118.132964"/>
      <trkpt lat="36.034657" lon="-118.133006"/>
      <trkpt lat="36.034683" lon="-118.133071"/>
      <trkpt lat="36.034681" lon="-118.133197"/>
      <trkpt lat="36.034718" lon="-118.133256"/>
      <trkpt lat="36.035080" lon="-118.133449"/>
      <trkpt lat="36.035240" lon="-118.133545"/>
      <trkpt lat="36.035567" lon="-118.133632"/>
      <trkpt lat="36.036336" lon="-118.133793"/>
      <trkpt lat="36.036633" lon="-118.133849"/>
      <trkpt lat="36.036963" lon="-118.133980"/>
      <trkpt lat="36.037337" lon="-118.134069"/>
      <trkpt lat="36.037399" lon="-118.134050"/>
      <trkpt lat="36.037423" lon="-118.134051"/>
      <trkpt lat="36.037449" lon="-118.134060"/>
      <trkpt lat="36.037583" lon="-118.134066"/>
      <trkpt lat="36.038195" lon="-118.133969"/>
      <trkpt lat="36.038359" lon="-118.133926"/>
      <trkpt lat="36.038528" lon="-118.133932"/>
      <trkpt lat="36.039022" lon="-118.133843"/>
      <trkpt lat="36.039383" lon="-118.133755"/>
      <trkpt lat="36.039604" lon="-118.133723"/>
      <trkpt lat="36.040296" lon="-118.133494"/>
      <trkpt lat="36.040639" lon="-118.133448"/>
      <trkpt lat="36.040978" lon="-118.133319"/>
      <trkpt lat="36.041006" lon="-118.133329"/>
      <trkpt lat="36.041142" lon="-118.133327"/>
      <trkpt lat="36.041233" lon="-118.133285"/>
      <trkpt lat="36.041370" lon="-118.133189"/>
      <trkpt lat="36.041474" lon="-118.133154"/>
      <trkpt lat="36.041725" lon="-118.133039"/>
      <trkpt lat="36.042257" lon="-118.132853"/>
      <trkpt lat="36.042439" lon="-118.132848"/>
      <trkpt lat="36.042500" lon="-118.132845"/>
      <trkpt lat="36.042707" lon="-118.132952"/>
      <trkpt lat="36.042823" lon="-118.133057"/>
      <trkpt lat="36.042918" lon="-118.133181"/>
      <trkpt lat="36.043035" lon="-118.133309"/>
      <trkpt lat="36.043135" lon="-118.133307"/>
      <trkpt lat="36.043283" lon="-118.133272"/>
      <trkpt lat="36.043397" lon="-118.133253"/>
      <trkpt lat="36.043643" lon="-118.133315"/>
      <trkpt lat="36.043846" lon="-118.133318"/>
      <trkpt lat="36.043914" lon="-118.133299"/>
      <trkpt lat="36.044050" lon="-118.133224"/>
      <trkpt lat="36.044176" lon="-118.133165"/>
      <trkpt lat="36.044222" lon="-118.133165"/>
      <trkpt lat="36.044313" lon="-118.133226"/>
      <trkpt lat="36.044404" lon="-118.133280"/>
      <trkpt lat="36.044504" lon="-118.133293"/>
      <trkpt lat="36.044686" lon="-118.133224"/>
      <trkpt lat="36.044996" lon="-118.133152"/>
      <trkpt lat="36.045173" lon="-118.133030"/>
      <trkpt lat="36.045438" lon="-118.132730"/>
      <trkpt lat="36.045634" lon="-118.132543"/>
      <trkpt lat="36.046163" lon="-118.132043"/>
      <trkpt lat="36.046685" lon="-118.131499"/>
      <trkpt lat="36.046823" lon="-118.131330"/>
      <trkpt lat="36.046861" lon="-118.131133"/>
      <trkpt lat="36.046908" lon="-118.131065"/>
      <trkpt lat="36.046910" lon="-118.131024"/>
      <trkpt lat="36.046952" lon="-118.130936"/>
      <trkpt lat="36.047023" lon="-118.130816"/>
      <trkpt lat="36.047099" lon="-118.130712"/>
      <trkpt lat="36.047373" lon="-118.130442"/>
      <trkpt lat="36.047611" lon="-118.130313"/>
      <trkpt lat="36.047793" lon="-118.130300"/>
      <trkpt lat="36.047919" lon="-118.130273"/>
      <trkpt lat="36.048054" lon="-118.130233"/>
      <trkpt lat="36.048177" lon="-118.130161"/>
      <trkpt lat="36.048304" lon="-118.130058"/>
      <trkpt lat="36.048798" lon="-118.129545"/>
      <trkpt lat="36.048856" lon="-118.129514"/>
      <trkpt lat="36.049046" lon="-118.129544"/>
      <trkpt lat="36.049129" lon="-118.129528"/>
      <trkpt lat="36.049244" lon="-118.129450"/>
      <trkpt lat="36.049329" lon="-118.129426"/>
      <trkpt lat="36.049493" lon="-118.129259"/>
      <trkpt lat="36.049677" lon="-118.129227"/>
      <trkpt lat="36.049785" lon="-118.129107"/>
      <trkpt lat="36.050309" lon="-118.129115"/>
      <trkpt lat="36.050398" lon="-118.129124"/>
      <trkpt lat="36.050494" lon="-118.129173"/>
      <trkpt lat="36.050902" lon="-118.129461"/>
      <trkpt lat="36.051068" lon="-118.129737"/>
      <trkpt lat="36.051307" lon="-118.130034"/>
      <trkpt lat="36.051853" lon="-118.130465"/>
      <trkpt lat="36.051909" lon="-118.130452"/>
      <trkpt lat="36.052044" lon="-118.130609"/>
      <trkpt lat="36.052595" lon="-118.130681"/>
      <trkpt lat="36.053328" lon="-118.130746"/>
      <trkpt lat="36.053704" lon="-118.130694"/>
      <trkpt lat="36.053825" lon="-118.130686"/>
      <trkpt lat="36.053948" lon="-118.130643"/>
    </trkseg>
    <trkseg>
      <trkpt lat="36.053948" lon="-118.130643"/>
      <trkpt lat="36.054324" lon="-118.130547"/>
      <trkpt lat="36.054394" lon="-118.130516"/>
      <trkpt lat="36.054454" lon="-118.130521"/>
    </trkseg>
    <trkseg>
      <trkpt lat="36.054454" lon="-118.130521"/>
      <trkpt lat="36.054491" lon="-118.130527"/>
      <trkpt lat="36.054522" lon="-118.130503"/>
      <trkpt lat="36.054550" lon="-118.130434"/>
      <trkpt lat="36.054606" lon="-118.130228"/>
      <trkpt lat="36.054681" lon="-118.130136"/>
      <trkpt lat="36.054756" lon="-118.130128"/>
      <trkpt lat="36.054810" lon="-118.130165"/>
      <trkpt lat="36.054873" lon="-118.130207"/>
      <trkpt lat="36.054949" lon="-118.130190"/>
      <trkpt lat="36.055020" lon="-118.130159"/>
      <trkpt lat="36.055097" lon="-118.130112"/>
      <trkpt lat="36.055238" lon="-118.130100"/>
      <trkpt lat="36.055434" lon="-118.130130"/>
      <trkpt lat="36.055663" lon="-118.130139"/>
      <trkpt lat="36.055700" lon="-118.130140"/>
      <trkpt lat="36.055807" lon="-118.130134"/>
      <trkpt lat="36.055852" lon="-118.130120"/>
      <trkpt lat="36.055912" lon="-118.130123"/>
      <trkpt lat="36.056024" lon="-118.130092"/>
      <trkpt lat="36.056077" lon="-118.130040"/>
      <trkpt lat="36.056171" lon="-118.129977"/>
      <trkpt lat="36.056253" lon="-118.129957"/>
      <trkpt lat="36.056353" lon="-118.129993"/>
      <trkpt lat="36.056469" lon="-118.130059"/>
      <trkpt lat="36.056542" lon="-118.130116"/>
      <trkpt lat="36.056655" lon="-118.130162"/>
      <trkpt lat="36.056912" lon="-118.130289"/>
      <trkpt lat="36.057090" lon="-118.130436"/>
      <trkpt lat="36.057297" lon="-118.130550"/>
      <trkpt lat="36.057512" lon="-118.130696"/>
      <trkpt lat="36.057720" lon="-118.130778"/>
      <trkpt lat="36.057817" lon="-118.130800"/>
      <trkpt lat="36.057922" lon="-118.130811"/>
      <trkpt lat="36.058083" lon="-118.130794"/>
      <trkpt lat="36.058146" lon="-118.130779"/>
      <trkpt lat="36.058253" lon="-118.130735"/>
      <trkpt lat="36.058582" lon="-118.130639"/>
      <trkpt lat="36.058653" lon="-118.130659"/>
      <trkpt lat="36.058715" lon="-118.130710"/>
      <trkpt lat="36.058768" lon="-118.130716"/>
      <trkpt lat="36.058816" lon="-118.130688"/>
      <trkpt lat="36.058874" lon="-118.130598"/>
      <trkpt lat="36.058974" lon="-118.130543"/>
      <trkpt lat="36.059060" lon="-118.130470"/>
      <trkpt lat="36.059148" lon="-118.130385"/>
      <trkpt lat="36.059253" lon="-118.130331"/>
      <trkpt lat="36.059369" lon="-118.130300"/>
      <trkpt lat="36.059598" lon="-118.130278"/>
      <trkpt lat="36.059642" lon="-118.130292"/>
      <trkpt lat="36.059685" lon="-118.130340"/>
      <trkpt lat="36.059816" lon="-118.130390"/>
      <trkpt lat="36.059895" lon="-118.130425"/>
      <trkpt lat="36.059929" lon="-118.130429"/>
      <trkpt lat="36.059963" lon="-118.130423"/>
      <trkpt lat="36.059980" lon="-118.130394"/>
      <trkpt lat="36.060006" lon="-118.130360"/>
      <trkpt lat="36.060103" lon="-118.130316"/>
      <trkpt lat="36.060452" lon="-118.130296"/>
      <trkpt lat="36.060852" lon="-118.130250"/>
      <trkpt lat="36.061030" lon="-118.130198"/>
      <trkpt lat="36.061353" lon="-118.130183"/>
      <trkpt lat="36.061475" lon="-118.130166"/>
      <trkpt lat="36.061610" lon="-118.130114"/>
      <trkpt lat="36.061784" lon="-118.130057"/>
      <trkpt lat="36.061995" lon="-118.130008"/>
      <trkpt lat="36.062107" lon="-118.130000"/>
      <trkpt lat="36.062227" lon="-118.129968"/>
      <trkpt lat="36.062381" lon="-118.129876"/>
      <trkpt lat="36.062555" lon="-118.129780"/>
      <trkpt lat="36.062700" lon="-118.129740"/>
      <trkpt lat="36.063003" lon="-118.129713"/>
      <trkpt lat="36.063288" lon="-118.129605"/>
      <trkpt lat="36.063522" lon="-118.129557"/>
      <trkpt lat="36.063675" lon="-118.129554"/>
      <trkpt lat="36.063783" lon="-118.129475"/>
      <trkpt lat="36.063864" lon="-118.129454"/>
      <trkpt lat="36.064083" lon="-118.129458"/>
      <trkpt lat="36.064251" lon="-118.129435"/>
      <trkpt lat="36.064301" lon="-118.129402"/>
      <trkpt lat="36.064436" lon="-118.129359"/>
      <trkpt lat="36.064928" lon="-118.129310"/>
      <trkpt lat="36.065030" lon="-118.129321"/>
      <trkpt lat="36.065165" lon="-118.129305"/>
      <trkpt lat="36.065318" lon="-118.129332"/>
      <trkpt lat="36.065745" lon="-118.129287"/>
      <trkpt lat="36.065868" lon="-118.129298"/>
      <trkpt lat="36.066129" lon="-118.129412"/>
      <trkpt lat="36.066235" lon="-118.129452"/>
      <trkpt lat="36.066471" lon="-118.129485"/>
      <trkpt lat="36.066539" lon="-118.129498"/>
      <trkpt lat="36.066612" lon="-118.129533"/>
      <trkpt lat="36.066949" lon="-118.129746"/>
      <trkpt lat="36.067084" lon="-118.129777"/>
      <trkpt lat="36.067237" lon="-118.129839"/>
      <trkpt lat="36.067482" lon="-118.129815"/>
      <trkpt lat="36.067748" lon="-118.129760"/>
      <trkpt lat="36.068206" lon="-118.129635"/>
      <trkpt lat="36.068406" lon="-118.129536"/>
      <trkpt lat="36.068551" lon="-118.129501"/>
      <trkpt lat="36.068677" lon="-118.129442"/>
      <trkpt lat="36.068794" lon="-118.129402"/>
      <trkpt lat="36.068954" lon="-118.129360"/>
      <trkpt lat="36.069121" lon="-118.129289"/>
      <trkpt lat="36.069264" lon="-118.129206"/>
      <trkpt lat="36.069559" lon="-118.129109"/>
      <trkpt lat="36.069724" lon="-118.129031"/>
      <trkpt lat="36.069826" lon="-118.128978"/>
      <trkpt lat="36.070057" lon="-118.128747"/>
      <trkpt lat="36.070149" lon="-118.128712"/>
      <trkpt lat="36.070329" lon="-118.128742"/>
      <trkpt lat="36.070534" lon="-118.128717"/>
      <trkpt lat="36.071424" lon="-118.128271"/>
      <trkpt lat="36.071578" lon="-118.128147"/>
      <trkpt lat="36.071644" lon="-118.128122"/>
      <trkpt lat="36.071721" lon="-118.128131"/>
      <trkpt lat="36.071770" lon="-118.128106"/>
      <trkpt lat="36.071800" lon="-118.128062"/>
      <trkpt lat="36.071836" lon="-118.128022"/>
      <trkpt lat="36.071960" lon="-118.127908"/>
      <trkpt lat="36.072085" lon="-118.127835"/>
      <trkpt lat="36.072200" lon="-118.127741"/>
      <trkpt lat="36.072370" lon="-118.127629"/>
      <trkpt lat="36.072437" lon="-118.127603"/>
      <trkpt lat="36.072559" lon="-118.127610"/>
      <trkpt lat="36.072614" lon="-118.127606"/>
      <trkpt lat="36.072683" lon="-118.127570"/>
      <trkpt lat="36.072784" lon="-118.127478"/>
      <trkpt lat="36.072875" lon="-118.127427"/>
      <trkpt lat="36.073038" lon="-118.127363"/>
      <trkpt lat="36.073193" lon="-118.127352"/>
      <trkpt lat="36.073249" lon="-118.127309"/>
      <trkpt lat="36.073315" lon="-118.127238"/>
      <trkpt lat="36.073417" lon="-118.127162"/>
      <trkpt lat="36.073505" lon="-118.127105"/>
      <trkpt lat="36.073557" lon="-118.127095"/>
      <trkpt lat="36.073632" lon="-118.127146"/>
      <trkpt lat="36.073665" lon="-118.127150"/>
      <trkpt lat="36.073707" lon="-118.127140"/>
      <trkpt lat="36.073737" lon="-118.127124"/>
      <trkpt lat="36.073767" lon="-118.127088"/>
      <trkpt lat="36.073807" lon="-118.127009"/>
      <trkpt lat="36.073862" lon="-118.126923"/>
      <trkpt lat="36.073931" lon="-118.126828"/>
      <trkpt lat="36.073996" lon="-118.126805"/>
      <trkpt lat="36.074046" lon="-118.126807"/>
      <trkpt lat="36.074092" lon="-118.126828"/>
      <trkpt lat="36.074116" lon="-118.126884"/>
      <trkpt lat="36.074156" lon="-118.126898"/>
      <trkpt lat="36.074221" lon="-118.126898"/>
      <trkpt lat="36.074277" lon="-118.126869"/>
      <trkpt lat="36.074513" lon="-118.126803"/>
      <trkpt lat="36.074640" lon="-118.126820"/>
      <trkpt lat="36.074767" lon="-118.126802"/>
      <trkpt lat="36.074833" lon="-118.126812"/>
      <trkpt lat="36.074895" lon="-118.126836"/>
      <trkpt lat="36.074952" lon="-118.126844"/>
      <trkpt lat="36.074981" lon="-118.126836"/>
      <trkpt lat="36.075012" lon="-118.126816"/>
      <trkpt lat="36.075045" lon="-118.126772"/>
      <trkpt lat="36.075082" lon="-118.126703"/>
      <trkpt lat="36.075114" lon="-118.126670"/>
      <trkpt lat="36.075241" lon="-118.126656"/>
      <trkpt lat="36.075358" lon="-118.126557"/>
      <trkpt lat="36.075384" lon="-118.126556"/>
      <trkpt lat="36.075427" lon="-118.126576"/>
      <trkpt lat="36.075450" lon="-118.126616"/>
      <trkpt lat="36.075474" lon="-118.126643"/>
      <trkpt lat="36.075598" lon="-118.126682"/>
      <trkpt lat="36.075656" lon="-118.126722"/>
      <trkpt lat="36.075724" lon="-118.126797"/>
      <trkpt lat="36.075773" lon="-118.126869"/>
      <trkpt lat="36.075832" lon="-118.126939"/>
      <trkpt lat="36.075890" lon="-118.126987"/>
      <trkpt lat="36.075977" lon="-118.127022"/>
      <trkpt lat="36.076015" lon="-118.127018"/>
      <trkpt lat="36.076062" lon="-118.127020"/>
      <trkpt lat="36.076140" lon="-118.127061"/>
      <trkpt lat="36.076215" lon="-118.127081"/>
      <trkpt lat="36.076290" lon="-118.127060"/>
      <trkpt lat="36.076377" lon="-118.127018"/>
      <trkpt lat="36.076484" lon="-118.126929"/>
      <trkpt lat="36.076507" lon="-118.126868"/>
      <trkpt lat="36.076468" lon="-118.126568"/>
      <trkpt lat="36.076509" lon="-118.126489"/>
      <trkpt lat="36.076561" lon="-118.126440"/>
      <trkpt lat="36.076592" lon="-118.126436"/>
      <trkpt lat="36.076648" lon="-118.126454"/>
      <trkpt lat="36.076777" lon="-118.126512"/>
      <trkpt lat="36.076815" lon="-118.126507"/>
      <trkpt lat="36.076846" lon="-118.126497"/>
      <trkpt lat="36.076871" lon="-118.126454"/>
      <trkpt lat="36.076886" lon="-118.126371"/>
      <trkpt lat="36.076901" lon="-118.126317"/>
      <trkpt lat="36.076987" lon="-118.126177"/>
      <trkpt lat="36.077002" lon="-118.126123"/>
      <trkpt lat="36.077008" lon="-118.125962"/>
      <trkpt lat="36.077038" lon="-118.125898"/>
      <trkpt lat="36.077165" lon="-118.125771"/>
      <trkpt lat="36.077174" lon="-118.125707"/>
      <trkpt lat="36.077172" lon="-118.125610"/>
      <trkpt lat="36.077175" lon="-118.125485"/>
      <trkpt lat="36.077191" lon="-118.125443"/>
      <trkpt lat="36.077217" lon="-118.125421"/>
      <trkpt lat="36.077318" lon="-118.125429"/>
      <trkpt lat="36.077349" lon="-118.125422"/>
      <trkpt lat="36.077376" lon="-118.125405"/>
      <trkpt lat="36.077393" lon="-118.125367"/>
      <trkpt lat="36.077393" lon="-118.125299"/>
      <trkpt lat="36.077420" lon="-118.125196"/>
      <trkpt lat="36.077463" lon="-118.125125"/>
      <trkpt lat="36.077535" lon="-118.125097"/>
      <trkpt lat="36.077611" lon="-118.125105"/>
      <trkpt lat="36.077648" lon="-118.125097"/>
      <trkpt lat="36.077679" lon="-118.125075"/>
      <trkpt lat="36.077722" lon="-118.125020"/>
      <trkpt lat="36.077779" lon="-118.124869"/>
      <trkpt lat="36.077823" lon="-118.124792"/>
      <trkpt lat="36.077859" lon="-118.124741"/>
      <trkpt lat="36.077896" lon="-118.124729"/>
      <trkpt lat="36.077936" lon="-118.124679"/>
      <trkpt lat="36.077966" lon="-118.124622"/>
      <trkpt lat="36.077990" lon="-118.124545"/>
      <trkpt lat="36.078032" lon="-118.124505"/>
      <trkpt lat="36.078101" lon="-118.124473"/>
      <trkpt lat="36.078172" lon="-118.124430"/>
      <trkpt lat="36.078255" lon="-118.124366"/>
      <trkpt lat="36.078423" lon="-118.124174"/>
      <trkpt lat="36.078514" lon="-118.124091"/>
      <trkpt lat="36.078619" lon="-118.124020"/>
      <trkpt lat="36.078714" lon="-118.123996"/>
      <trkpt lat="36.078835" lon="-118.123920"/>
      <trkpt lat="36.078878" lon="-118.123911"/>
      <trkpt lat="36.078905" lon="-118.123911"/>
      <trkpt lat="36.078928" lon="-118.123927"/>
    </trkseg>
    <trkseg>
      <trkpt lat="36.078928" lon="-118.123927"/>
      <trkpt lat="36.078983" lon="-118.124222"/>
    </trkseg>
    <trkseg>
      <trkpt lat="36.078983" lon="-118.124222"/>
      <trkpt lat="36.079030" lon="-118.124253"/>
      <trkpt lat="36.079088" lon="-118.124273"/>
      <trkpt lat="36.079270" lon="-118.124277"/>
      <trkpt lat="36.079387" lon="-118.124327"/>
      <trkpt lat="36.079439" lon="-118.124337"/>
      <trkpt lat="36.079497" lon="-118.124328"/>
      <trkpt lat="36.079547" lon="-118.124295"/>
      <trkpt lat="36.079651" lon="-118.124194"/>
      <trkpt lat="36.079706" lon="-118.124166"/>
      <trkpt lat="36.079859" lon="-118.124143"/>
      <trkpt lat="36.079989" lon="-118.124084"/>
      <trkpt lat="36.080087" lon="-118.124058"/>
      <trkpt lat="36.080366" lon="-118.124091"/>
      <trkpt lat="36.080470" lon="-118.124096"/>
      <trkpt lat="36.080585" lon="-118.124080"/>
      <trkpt lat="36.080646" lon="-118.124021"/>
      <trkpt lat="36.080821" lon="-118.123946"/>
      <trkpt lat="36.081370" lon="-118.123812"/>
      <trkpt lat="36.081608" lon="-118.123726"/>
      <trkpt lat="36.081946" lon="-118.123654"/>
      <trkpt lat="36.082028" lon="-118.123657"/>
      <trkpt lat="36.082124" lon="-118.123694"/>
      <trkpt lat="36.082267" lon="-118.123788"/>
      <trkpt lat="36.082495" lon="-118.123916"/>
      <trkpt lat="36.082662" lon="-118.123973"/>
      <trkpt lat="36.082868" lon="-118.124082"/>
      <trkpt lat="36.082950" lon="-118.124158"/>
      <trkpt lat="36.083158" lon="-118.124426"/>
      <trkpt lat="36.083219" lon="-118.124485"/>
      <trkpt lat="36.083290" lon="-118.124541"/>
      <trkpt lat="36.083425" lon="-118.124600"/>
      <trkpt lat="36.083566" lon="-118.124624"/>
      <trkpt lat="36.083830" lon="-118.124691"/>
      <trkpt lat="36.084145" lon="-118.124735"/>
      <trkpt lat="36.084257" lon="-118.124702"/>
      <trkpt lat="36.084426" lon="-118.124624"/>
      <trkpt lat="36.084524" lon="-118.124592"/>
      <trkpt lat="36.084617" lon="-118.124598"/>
      <trkpt lat="36.084690" lon="-118.124575"/>
      <trkpt lat="36.084777" lon="-118.124555"/>
      <trkpt lat="36.085072" lon="-118.124450"/>
      <trkpt lat="36.085198" lon="-118.124378"/>
      <trkpt lat="36.085313" lon="-118.124346"/>
      <trkpt lat="36.085419" lon="-118.124321"/>
      <trkpt lat="36.085490" lon="-118.124286"/>
      <trkpt lat="36.085599" lon="-118.124270"/>
      <trkpt lat="36.085712" lon="-118.124225"/>
      <trkpt lat="36.085807" lon="-118.124126"/>
      <trkpt lat="36.085865" lon="-118.124080"/>
      <trkpt lat="36.085941" lon="-118.124067"/>
      <trkpt lat="36.086011" lon="-118.124026"/>
      <trkpt lat="36.086067" lon="-118.123967"/>
      <trkpt lat="36.086132" lon="-118.123949"/>
      <trkpt lat="36.086212" lon="-118.123949"/>
      <trkpt lat="36.086280" lon="-118.123927"/>
      <trkpt lat="36.086362" lon="-118.123860"/>
      <trkpt lat="36.086559" lon="-118.123855"/>
      <trkpt lat="36.086644" lon="-118.123841"/>
      <trkpt lat="36.086726" lon="-118.123806"/>
      <trkpt lat="36.086824" lon="-118.123731"/>
      <trkpt lat="36.086951" lon="-118.123645"/>
      <trkpt lat="36.087051" lon="-118.123632"/>
      <trkpt lat="36.087112" lon="-118.123613"/>
      <trkpt lat="36.087166" lon="-118.123552"/>
      <trkpt lat="36.087238" lon="-118.123536"/>
      <trkpt lat="36.087281" lon="-118.123552"/>
      <trkpt lat="36.087316" lon="-118.123594"/>
      <trkpt lat="36.087365" lon="-118.123589"/>
      <trkpt lat="36.087418" lon="-118.123568"/>
      <trkpt lat="36.087513" lon="-118.123573"/>
      <trkpt lat="36.087550" lon="-118.123645"/>
      <trkpt lat="36.087590" lon="-118.123682"/>
      <trkpt lat="36.087682" lon="-118.123739"/>
      <trkpt lat="36.087777" lon="-118.123742"/>
      <trkpt lat="36.088105" lon="-118.123782"/>
      <trkpt lat="36.088157" lon="-118.123763"/>
      <trkpt lat="36.088202" lon="-118.123715"/>
      <trkpt lat="36.088232" lon="-118.123675"/>
      <trkpt lat="36.088285" lon="-118.123660"/>
      <trkpt lat="36.088402" lon="-118.123734"/>
      <trkpt lat="36.088558" lon="-118.123847"/>
      <trkpt lat="36.088675" lon="-118.123924"/>
      <trkpt lat="36.088781" lon="-118.123986"/>
      <trkpt lat="36.088863" lon="-118.124026"/>
      <trkpt lat="36.088926" lon="-118.124016"/>
      <trkpt lat="36.088982" lon="-118.123978"/>
      <trkpt lat="36.089039" lon="-118.123973"/>
      <trkpt lat="36.089171" lon="-118.123970"/>
      <trkpt lat="36.089280" lon="-118.123953"/>
      <trkpt lat="36.089366" lon="-118.123949"/>
      <trkpt lat="36.089464" lon="-118.123914"/>
      <trkpt lat="36.089540" lon="-118.123895"/>
      <trkpt lat="36.089618" lon="-118.123903"/>
      <trkpt lat="36.089695" lon="-118.123978"/>
      <trkpt lat="36.089739" lon="-118.124013"/>
      <trkpt lat="36.089802" lon="-118.124045"/>
      <trkpt lat="36.089933" lon="-118.124045"/>
      <trkpt lat="36.089988" lon="-118.124056"/>
      <trkpt lat="36.090051" lon="-118.124040"/>
      <trkpt lat="36.090105" lon="-118.123983"/>
      <trkpt lat="36.090244" lon="-118.123949"/>
      <trkpt lat="36.090339" lon="-118.123874"/>
      <trkpt lat="36.090498" lon="-118.123770"/>
      <trkpt lat="36.090573" lon="-118.123801"/>
      <trkpt lat="36.090645" lon="-118.123814"/>
      <trkpt lat="36.090710" lon="-118.123814"/>
      <trkpt lat="36.090807" lon="-118.123769"/>
      <trkpt lat="36.090899" lon="-118.123756"/>
      <trkpt lat="36.091061" lon="-118.123686"/>
      <trkpt lat="36.091100" lon="-118.123621"/>
      <trkpt lat="36.091143" lon="-118.123538"/>
      <trkpt lat="36.091211" lon="-118.123482"/>
      <trkpt lat="36.091345" lon="-118.123442"/>
      <trkpt lat="36.091473" lon="-118.123439"/>
      <trkpt lat="36.091627" lon="-118.123383"/>
      <trkpt lat="36.091679" lon="-118.123372"/>
      <trkpt lat="36.091735" lon="-118.123387"/>
      <trkpt lat="36.091776" lon="-118.123385"/>
      <trkpt lat="36.091844" lon="-118.123310"/>
      <trkpt lat="36.091935" lon="-118.123136"/>
      <trkpt lat="36.092000" lon="-118.123050"/>
      <trkpt lat="36.092067" lon="-118.122994"/>
      <trkpt lat="36.092169" lon="-118.122929"/>
      <trkpt lat="36.092381" lon="-118.122750"/>
      <trkpt lat="36.092494" lon="-118.122613"/>
      <trkpt lat="36.092635" lon="-118.122487"/>
      <trkpt lat="36.092702" lon="-118.122417"/>
      <trkpt lat="36.092765" lon="-118.122307"/>
      <trkpt lat="36.092899" lon="-118.121905"/>
      <trkpt lat="36.092958" lon="-118.121765"/>
      <trkpt lat="36.093066" lon="-118.121626"/>
      <trkpt lat="36.093229" lon="-118.121454"/>
      <trkpt lat="36.093350" lon="-118.121309"/>
      <trkpt lat="36.093491" lon="-118.121097"/>
      <trkpt lat="36.093519" lon="-118.121009"/>
      <trkpt lat="36.093521" lon="-118.120816"/>
      <trkpt lat="36.093532" lon="-118.120757"/>
      <trkpt lat="36.093569" lon="-118.120722"/>
      <trkpt lat="36.093616" lon="-118.120714"/>
      <trkpt lat="36.093655" lon="-118.120692"/>
      <trkpt lat="36.093686" lon="-118.120617"/>
      <trkpt lat="36.093694" lon="-118.120537"/>
      <trkpt lat="36.093740" lon="-118.120478"/>
      <trkpt lat="36.093796" lon="-118.120419"/>
      <trkpt lat="36.093892" lon="-118.120261"/>
      <trkpt lat="36.093972" lon="-118.120094"/>
      <trkpt lat="36.094072" lon="-118.119928"/>
      <trkpt lat="36.094135" lon="-118.119807"/>
      <trkpt lat="36.094165" lon="-118.119713"/>
      <trkpt lat="36.094164" lon="-118.119547"/>
      <trkpt lat="36.094176" lon="-118.119493"/>
      <trkpt lat="36.094207" lon="-118.119484"/>
      <trkpt lat="36.094248" lon="-118.119518"/>
      <trkpt lat="36.094279" lon="-118.119548"/>
      <trkpt lat="36.094299" lon="-118.119597"/>
      <trkpt lat="36.094319" lon="-118.119668"/>
      <trkpt lat="36.094343" lon="-118.119908"/>
      <trkpt lat="36.094366" lon="-118.119971"/>
      <trkpt lat="36.094402" lon="-118.120019"/>
      <trkpt lat="36.094453" lon="-118.120059"/>
      <trkpt lat="36.094510" lon="-118.120078"/>
      <trkpt lat="36.094628" lon="-118.120071"/>
      <trkpt lat="36.094788" lon="-118.120070"/>
      <trkpt lat="36.095003" lon="-118.120003"/>
      <trkpt lat="36.095164" lon="-118.119893"/>
      <trkpt lat="36.095213" lon="-118.119833"/>
      <trkpt lat="36.095306" lon="-118.119689"/>
      <trkpt lat="36.095349" lon="-118.119662"/>
      <trkpt lat="36.095423" lon="-118.119640"/>
      <trkpt lat="36.095566" lon="-118.119636"/>
      <trkpt lat="36.095608" lon="-118.119601"/>
      <trkpt lat="36.095662" lon="-118.119530"/>
      <trkpt lat="36.095709" lon="-118.119493"/>
      <trkpt lat="36.095754" lon="-118.119479"/>
      <trkpt lat="36.095987" lon="-118.119503"/>
      <trkpt lat="36.096077" lon="-118.119592"/>
      <trkpt lat="36.096137" lon="-118.119644"/>
      <trkpt lat="36.096358" lon="-118.119754"/>
      <trkpt lat="36.096482" lon="-118.119784"/>
      <trkpt lat="36.096550" lon="-118.119841"/>
      <trkpt lat="36.096612" lon="-118.119908"/>
      <trkpt lat="36.096668" lon="-118.119990"/>
      <trkpt lat="36.096725" lon="-118.120051"/>
      <trkpt lat="36.096752" lon="-118.120122"/>
      <trkpt lat="36.096764" lon="-118.120266"/>
      <trkpt lat="36.096767" lon="-118.120408"/>
      <trkpt lat="36.096773" lon="-118.120506"/>
      <trkpt lat="36.096770" lon="-118.120576"/>
      <trkpt lat="36.096750" lon="-118.120652"/>
      <trkpt lat="36.096723" lon="-118.120725"/>
      <trkpt lat="36.096614" lon="-118.120806"/>
      <trkpt lat="36.096566" lon="-118.120833"/>
      <trkpt lat="36.096528" lon="-118.120979"/>
      <trkpt lat="36.096529" lon="-118.121033"/>
      <trkpt lat="36.096551" lon="-118.121069"/>
      <trkpt lat="36.096579" lon="-118.121096"/>
      <trkpt lat="36.096676" lon="-118.121103"/>
      <trkpt lat="36.096788" lon="-118.121120"/>
      <trkpt lat="36.096888" lon="-118.121146"/>
      <trkpt lat="36.096952" lon="-118.121189"/>
      <trkpt lat="36.096990" lon="-118.121242"/>
      <trkpt lat="36.097047" lon="-118.121283"/>
      <trkpt lat="36.097109" lon="-118.121300"/>
      <trkpt lat="36.097213" lon="-118.121304"/>
      <trkpt lat="36.097241" lon="-118.121292"/>
      <trkpt lat="36.097275" lon="-118.121164"/>
      <trkpt lat="36.097331" lon="-118.121077"/>
      <trkpt lat="36.097391" lon="-118.120997"/>
      <trkpt lat="36.097508" lon="-118.120863"/>
      <trkpt lat="36.097579" lon="-118.120763"/>
      <trkpt lat="36.097658" lon="-118.120677"/>
      <trkpt lat="36.097731" lon="-118.120641"/>
      <trkpt lat="36.097793" lon="-118.120629"/>
      <trkpt lat="36.097908" lon="-118.120631"/>
      <trkpt lat="36.098032" lon="-118.120721"/>
      <trkpt lat="36.098087" lon="-118.120785"/>
      <trkpt lat="36.098112" lon="-118.120836"/>
      <trkpt lat="36.098143" lon="-118.120944"/>
      <trkpt lat="36.098173" lon="-118.120951"/>
      <trkpt lat="36.098208" lon="-118.120951"/>
      <trkpt lat="36.098236" lon="-118.120923"/>
      <trkpt lat="36.098292" lon="-118.120821"/>
      <trkpt lat="36.098430" lon="-118.120645"/>
      <trkpt lat="36.098512" lon="-118.120576"/>
      <trkpt lat="36.098596" lon="-118.120459"/>
      <trkpt lat="36.098663" lon="-118.120417"/>
      <trkpt lat="36.098748" lon="-118.120403"/>
      <trkpt lat="36.098806" lon="-118.120428"/>
      <trkpt lat="36.098920" lon="-118.120439"/>
      <trkpt lat="36.099008" lon="-118.120424"/>
      <trkpt lat="36.099047" lon="-118.120396"/>
      <trkpt lat="36.099085" lon="-118.120387"/>
      <trkpt lat="36.099154" lon="-118.120405"/>
      <trkpt lat="36.099229" lon="-118.120462"/>
      <trkpt lat="36.099272" lon="-118.120468"/>
      <trkpt lat="36.099367" lon="-118.120436"/>
      <trkpt lat="36.099435" lon="-118.120395"/>
      <trkpt lat="36.099510" lon="-118.120326"/>
      <trkpt lat="36.099649" lon="-118.120168"/>
      <trkpt lat="36.099685" lon="-118.120104"/>
      <trkpt lat="36.099759" lon="-118.120011"/>
      <trkpt lat="36.099830" lon="-118.119959"/>
      <trkpt lat="36.099937" lon="-118.119912"/>
      <trkpt lat="36.100050" lon="-118.119849"/>
      <trkpt lat="36.100165" lon="-118.119798"/>
      <trkpt lat="36.100617" lon="-118.119756"/>
      <trkpt lat="36.100692" lon="-118.119700"/>
      <trkpt lat="36.100687" lon="-118.119681"/>
      <trkpt lat="36.100664" lon="-118.119666"/>
      <trkpt lat="36.100623" lon="-118.119577"/>
      <trkpt lat="36.100651" lon="-118.119517"/>
      <trkpt lat="36.100635" lon="-118.119265"/>
      <trkpt lat="36.100656" lon="-118.119208"/>
      <trkpt lat="36.100688" lon="-118.119172"/>
      <trkpt lat="36.100777" lon="-118.119174"/>
      <trkpt lat="36.100875" lon="-118.119206"/>
      <trkpt lat="36.100928" lon="-118.119202"/>
      <trkpt lat="36.100955" lon="-118.119184"/>
      <trkpt lat="36.100982" lon="-118.119127"/>
      <trkpt lat="36.101029" lon="-118.119046"/>
      <trkpt lat="36.101101" lon="-118.119003"/>
      <trkpt lat="36.101162" lon="-118.118984"/>
      <trkpt lat="36.101256" lon="-118.118981"/>
      <trkpt lat="36.101316" lon="-118.118989"/>
      <trkpt lat="36.101357" lon="-118.119035"/>
      <trkpt lat="36.101376" lon="-118.119047"/>
      <trkpt lat="36.101407" lon="-118.119032"/>
    </trkseg>
    <trkseg>
      <trkpt lat="36.101407" lon="-118.119032"/>
      <trkpt lat="36.101449" lon="-118.118961"/>
      <trkpt lat="36.101485" lon="-118.118900"/>
    </trkseg>
    <trkseg>
      <trkpt lat="36.101485" lon="-118.118900"/>
      <trkpt lat="36.101517" lon="-118.118891"/>
      <trkpt lat="36.101590" lon="-118.118873"/>
      <trkpt lat="36.101682" lon="-118.118941"/>
      <trkpt lat="36.101861" lon="-118.119031"/>
      <trkpt lat="36.101964" lon="-118.119052"/>
      <trkpt lat="36.102089" lon="-118.119070"/>
      <trkpt lat="36.102189" lon="-118.119071"/>
      <trkpt lat="36.102239" lon="-118.119086"/>
      <trkpt lat="36.102295" lon="-118.119116"/>
      <trkpt lat="36.102416" lon="-118.119133"/>
      <trkpt lat="36.102485" lon="-118.119133"/>
      <trkpt lat="36.102537" lon="-118.119110"/>
      <trkpt lat="36.102610" lon="-118.119105"/>
      <trkpt lat="36.102783" lon="-118.119106"/>
      <trkpt lat="36.102901" lon="-118.119129"/>
      <trkpt lat="36.102973" lon="-118.119067"/>
      <trkpt lat="36.103013" lon="-118.119057"/>
      <trkpt lat="36.103050" lon="-118.119067"/>
      <trkpt lat="36.103093" lon="-118.119119"/>
      <trkpt lat="36.103199" lon="-118.119184"/>
      <trkpt lat="36.103273" lon="-118.119212"/>
      <trkpt lat="36.103315" lon="-118.119206"/>
      <trkpt lat="36.103360" lon="-118.119179"/>
      <trkpt lat="36.103373" lon="-118.119137"/>
      <trkpt lat="36.103395" lon="-118.119115"/>
      <trkpt lat="36.103412" lon="-118.119071"/>
      <trkpt lat="36.103410" lon="-118.119044"/>
      <trkpt lat="36.103397" lon="-118.119014"/>
      <trkpt lat="36.103389" lon="-118.118984"/>
      <trkpt lat="36.103392" lon="-118.118948"/>
      <trkpt lat="36.103437" lon="-118.118893"/>
      <trkpt lat="36.103464" lon="-118.118844"/>
      <trkpt lat="36.103473" lon="-118.118803"/>
      <trkpt lat="36.103473" lon="-118.118769"/>
      <trkpt lat="36.103456" lon="-118.118702"/>
      <trkpt lat="36.103452" lon="-118.118647"/>
      <trkpt lat="36.103517" lon="-118.118511"/>
      <trkpt lat="36.103536" lon="-118.118485"/>
      <trkpt lat="36.103561" lon="-118.118477"/>
      <trkpt lat="36.103688" lon="-118.118473"/>
      <trkpt lat="36.103754" lon="-118.118459"/>
      <trkpt lat="36.103789" lon="-118.118447"/>
      <trkpt lat="36.103867" lon="-118.118456"/>
      <trkpt lat="36.103921" lon="-118.118475"/>
      <trkpt lat="36.103952" lon="-118.118479"/>
      <trkpt lat="36.103986" lon="-118.118464"/>
      <trkpt lat="36.104035" lon="-118.118464"/>
      <trkpt lat="36.104066" lon="-118.118470"/>
      <trkpt lat="36.104088" lon="-118.118459"/>
      <trkpt lat="36.104107" lon="-118.118433"/>
      <trkpt lat="36.104162" lon="-118.118382"/>
      <trkpt lat="36.104203" lon="-118.118378"/>
      <trkpt lat="36.104253" lon="-118.118393"/>
      <trkpt lat="36.104418" lon="-118.118403"/>
      <trkpt lat="36.104472" lon="-118.118389"/>
      <trkpt lat="36.104503" lon="-118.118396"/>
      <trkpt lat="36.104616" lon="-118.118362"/>
      <trkpt lat="36.104652" lon="-118.118343"/>
      <trkpt lat="36.104698" lon="-118.118339"/>
      <trkpt lat="36.104757" lon="-118.118348"/>
      <trkpt lat="36.104789" lon="-118.118349"/>
      <trkpt lat="36.104826" lon="-118.118335"/>
      <trkpt lat="36.105023" lon="-118.118224"/>
      <trkpt lat="36.105057" lon="-118.118176"/>
      <trkpt lat="36.105073" lon="-118.118126"/>
      <trkpt lat="36.105105" lon="-118.118097"/>
      <trkpt lat="36.105134" lon="-118.118085"/>
      <trkpt lat="36.105203" lon="-118.118092"/>
      <trkpt lat="36.105251" lon="-118.118062"/>
      <trkpt lat="36.105284" lon="-118.118034"/>
      <trkpt lat="36.105299" lon="-118.118032"/>
      <trkpt lat="36.105311" lon="-118.118039"/>
      <trkpt lat="36.105322" lon="-118.118069"/>
      <trkpt lat="36.105341" lon="-118.118099"/>
      <trkpt lat="36.105376" lon="-118.118109"/>
      <trkpt lat="36.105509" lon="-118.118075"/>
      <trkpt lat="36.105554" lon="-118.118049"/>
      <trkpt lat="36.105579" lon="-118.118022"/>
      <trkpt lat="36.105609" lon="-118.117976"/>
      <trkpt lat="36.105630" lon="-118.117964"/>
      <trkpt lat="36.105667" lon="-118.117959"/>
      <trkpt lat="36.105719" lon="-118.117990"/>
      <trkpt lat="36.105848" lon="-118.118023"/>
      <trkpt lat="36.106023" lon="-118.117998"/>
      <trkpt lat="36.106094" lon="-118.118004"/>
      <trkpt lat="36.106139" lon="-118.118017"/>
      <trkpt lat="36.106260" lon="-118.118032"/>
      <trkpt lat="36.106323" lon="-118.118028"/>
      <trkpt lat="36.106351" lon="-118.118019"/>
      <trkpt lat="36.106372" lon="-118.118027"/>
      <trkpt lat="36.106438" lon="-118.118028"/>
      <trkpt lat="36.106530" lon="-118.118003"/>
      <trkpt lat="36.106613" lon="-118.118051"/>
      <trkpt lat="36.106634" lon="-118.118065"/>
      <trkpt lat="36.106645" lon="-118.118084"/>
      <trkpt lat="36.106645" lon="-118.118104"/>
      <trkpt lat="36.106640" lon="-118.118129"/>
      <trkpt lat="36.106610" lon="-118.118167"/>
      <trkpt lat="36.106550" lon="-118.118291"/>
      <trkpt lat="36.106524" lon="-118.118317"/>
      <trkpt lat="36.106478" lon="-118.118340"/>
      <trkpt lat="36.106469" lon="-118.118362"/>
      <trkpt lat="36.106494" lon="-118.118406"/>
      <trkpt lat="36.106497" lon="-118.118431"/>
      <trkpt lat="36.106483" lon="-118.118485"/>
      <trkpt lat="36.106486" lon="-118.118513"/>
      <trkpt lat="36.106524" lon="-118.118561"/>
      <trkpt lat="36.106574" lon="-118.118577"/>
      <trkpt lat="36.106630" lon="-118.118604"/>
      <trkpt lat="36.106710" lon="-118.118606"/>
      <trkpt lat="36.106762" lon="-118.118596"/>
      <trkpt lat="36.106820" lon="-118.118606"/>
      <trkpt lat="36.106848" lon="-118.118621"/>
      <trkpt lat="36.106897" lon="-118.118636"/>
      <trkpt lat="36.106936" lon="-118.118665"/>
      <trkpt lat="36.107063" lon="-118.118711"/>
      <trkpt lat="36.107121" lon="-118.118739"/>
      <trkpt lat="36.107207" lon="-118.118758"/>
      <trkpt lat="36.107234" lon="-118.118769"/>
      <trkpt lat="36.107254" lon="-118.118830"/>
      <trkpt lat="36.107289" lon="-118.118878"/>
      <trkpt lat="36.107327" lon="-118.118952"/>
      <trkpt lat="36.107367" lon="-118.118978"/>
      <trkpt lat="36.107399" lon="-118.118991"/>
      <trkpt lat="36.107413" lon="-118.119002"/>
      <trkpt lat="36.107421" lon="-118.119025"/>
      <trkpt lat="36.107416" lon="-118.119099"/>
      <trkpt lat="36.107415" lon="-118.119198"/>
      <trkpt lat="36.107451" lon="-118.119275"/>
      <trkpt lat="36.107478" lon="-118.119357"/>
      <trkpt lat="36.107498" lon="-118.119394"/>
      <trkpt lat="36.107535" lon="-118.119411"/>
      <trkpt lat="36.107593" lon="-118.119386"/>
      <trkpt lat="36.107642" lon="-118.119397"/>
      <trkpt lat="36.107683" lon="-118.119413"/>
      <trkpt lat="36.107703" lon="-118.119446"/>
      <trkpt lat="36.107710" lon="-118.119478"/>
      <trkpt lat="36.107700" lon="-118.119508"/>
      <trkpt lat="36.107618" lon="-118.119587"/>
      <trkpt lat="36.107589" lon="-118.119628"/>
      <trkpt lat="36.107560" lon="-118.119685"/>
      <trkpt lat="36.107512" lon="-118.119725"/>
      <trkpt lat="36.107396" lon="-118.119766"/>
      <trkpt lat="36.107248" lon="-118.119839"/>
      <trkpt lat="36.107227" lon="-118.119857"/>
      <trkpt lat="36.107217" lon="-118.119882"/>
      <trkpt lat="36.107219" lon="-118.119922"/>
      <trkpt lat="36.107239" lon="-118.119986"/>
      <trkpt lat="36.107254" lon="-118.120057"/>
      <trkpt lat="36.107259" lon="-118.120135"/>
      <trkpt lat="36.107275" lon="-118.120208"/>
      <trkpt lat="36.107266" lon="-118.120222"/>
      <trkpt lat="36.107275" lon="-118.120309"/>
      <trkpt lat="36.107288" lon="-118.120362"/>
      <trkpt lat="36.107282" lon="-118.120408"/>
      <trkpt lat="36.107249" lon="-118.120482"/>
      <trkpt lat="36.107242" lon="-118.120542"/>
      <trkpt lat="36.107256" lon="-118.120604"/>
      <trkpt lat="36.107272" lon="-118.120640"/>
      <trkpt lat="36.107271" lon="-118.120686"/>
      <trkpt lat="36.107244" lon="-118.120788"/>
      <trkpt lat="36.107242" lon="-118.120869"/>
      <trkpt lat="36.107258" lon="-118.120972"/>
      <trkpt lat="36.107247" lon="-118.121061"/>
      <trkpt lat="36.107210" lon="-118.121252"/>
      <trkpt lat="36.107212" lon="-118.121321"/>
      <trkpt lat="36.107148" lon="-118.121583"/>
      <trkpt lat="36.107095" lon="-118.121767"/>
      <trkpt lat="36.107088" lon="-118.121820"/>
      <trkpt lat="36.107098" lon="-118.121867"/>
      <trkpt lat="36.107090" lon="-118.121965"/>
      <trkpt lat="36.107098" lon="-118.122055"/>
      <trkpt lat="36.107083" lon="-118.122157"/>
      <trkpt lat="36.107079" lon="-118.122252"/>
      <trkpt lat="36.107109" lon="-118.122346"/>
      <trkpt lat="36.107112" lon="-118.122398"/>
      <trkpt lat="36.107105" lon="-118.122425"/>
      <trkpt lat="36.107107" lon="-118.122580"/>
      <trkpt lat="36.107124" lon="-118.122666"/>
      <trkpt lat="36.107170" lon="-118.122755"/>
      <trkpt lat="36.107291" lon="-118.123087"/>
      <trkpt lat="36.107383" lon="-118.123183"/>
      <trkpt lat="36.107448" lon="-118.123206"/>
      <trkpt lat="36.107521" lon="-118.123260"/>
      <trkpt lat="36.107561" lon="-118.123319"/>
      <trkpt lat="36.107666" lon="-118.123400"/>
      <trkpt lat="36.107754" lon="-118.123420"/>
      <trkpt lat="36.107816" lon="-118.123425"/>
      <trkpt lat="36.107924" lon="-118.123418"/>
      <trkpt lat="36.108100" lon="-118.123448"/>
      <trkpt lat="36.108359" lon="-118.123367"/>
      <trkpt lat="36.108484" lon="-118.123182"/>
      <trkpt lat="36.108511" lon="-118.123102"/>
      <trkpt lat="36.108616" lon="-118.122941"/>
      <trkpt lat="36.108638" lon="-118.122858"/>
      <trkpt lat="36.108681" lon="-118.122871"/>
      <trkpt lat="36.108688" lon="-118.122861"/>
      <trkpt lat="36.108694" lon="-118.122823"/>
      <trkpt lat="36.108702" lon="-118.122812"/>
      <trkpt lat="36.108721" lon="-118.122820"/>
      <trkpt lat="36.108775" lon="-118.122880"/>
      <trkpt lat="36.108787" lon="-118.122886"/>
      <trkpt lat="36.108813" lon="-118.122882"/>
      <trkpt lat="36.108862" lon="-118.122924"/>
      <trkpt lat="36.108872" lon="-118.122923"/>
      <trkpt lat="36.108900" lon="-118.122851"/>
      <trkpt lat="36.108923" lon="-118.122803"/>
      <trkpt lat="36.108960" lon="-118.122758"/>
      <trkpt lat="36.109002" lon="-118.122722"/>
      <trkpt lat="36.109029" lon="-118.122720"/>
      <trkpt lat="36.109052" lon="-118.122693"/>
      <trkpt lat="36.109099" lon="-118.122558"/>
      <trkpt lat="36.109121" lon="-118.122471"/>
      <trkpt lat="36.109147" lon="-118.122433"/>
      <trkpt lat="36.109173" lon="-118.122412"/>
      <trkpt lat="36.109317" lon="-118.122395"/>
      <trkpt lat="36.109345" lon="-118.122385"/>
      <trkpt lat="36.109366" lon="-118.122359"/>
      <trkpt lat="36.109374" lon="-118.122334"/>
      <trkpt lat="36.109425" lon="-118.122306"/>
      <trkpt lat="36.109504" lon="-118.122292"/>
      <trkpt lat="36.109541" lon="-118.122274"/>
      <trkpt lat="36.109583" lon="-118.122277"/>
      <trkpt lat="36.109605" lon="-118.122287"/>
      <trkpt lat="36.109650" lon="-118.122281"/>
      <trkpt lat="36.109670" lon="-118.122270"/>
      <trkpt lat="36.109718" lon="-118.122260"/>
      <trkpt lat="36.109741" lon="-118.122266"/>
      <trkpt lat="36.109842" lon="-118.122313"/>
      <trkpt lat="36.109887" lon="-118.122322"/>
      <trkpt lat="36.110018" lon="-118.122374"/>
      <trkpt lat="36.110312" lon="-118.122380"/>
      <trkpt lat="36.110336" lon="-118.122365"/>
      <trkpt lat="36.110369" lon="-118.122361"/>
      <trkpt lat="36.110392" lon="-118.122348"/>
      <trkpt lat="36.110400" lon="-118.122350"/>
      <trkpt lat="36.110400" lon="-118.122370"/>
      <trkpt lat="36.110387" lon="-118.122390"/>
      <trkpt lat="36.110380" lon="-118.122425"/>
      <trkpt lat="36.110329" lon="-118.122484"/>
      <trkpt lat="36.110087" lon="-118.122677"/>
      <trkpt lat="36.109874" lon="-118.122862"/>
      <trkpt lat="36.109831" lon="-118.122883"/>
      <trkpt lat="36.109794" lon="-118.122916"/>
      <trkpt lat="36.109749" lon="-118.122998"/>
      <trkpt lat="36.109721" lon="-118.123042"/>
      <trkpt lat="36.109693" lon="-118.123074"/>
      <trkpt lat="36.109665" lon="-118.123150"/>
      <trkpt lat="36.109659" lon="-118.123199"/>
      <trkpt lat="36.109668" lon="-118.123288"/>
      <trkpt lat="36.109653" lon="-118.123509"/>
      <trkpt lat="36.109658" lon="-118.123585"/>
      <trkpt lat="36.109668" lon="-118.123628"/>
      <trkpt lat="36.109682" lon="-118.123669"/>
      <trkpt lat="36.109700" lon="-118.123693"/>
      <trkpt lat="36.109728" lon="-118.123710"/>
      <trkpt lat="36.109769" lon="-118.123722"/>
      <trkpt lat="36.109970" lon="-118.123744"/>
      <trkpt lat="36.110000" lon="-118.123743"/>
      <trkpt lat="36.110033" lon="-118.123728"/>
      <trkpt lat="36.110122" lon="-118.123626"/>
      <trkpt lat="36.110228" lon="-118.123538"/>
      <trkpt lat="36.110247" lon="-118.123532"/>
      <trkpt lat="36.110290" lon="-118.123576"/>
      <trkpt lat="36.110373" lon="-118.123687"/>
      <trkpt lat="36.110411" lon="-118.123747"/>
      <trkpt lat="36.110468" lon="-118.123820"/>
      <trkpt lat="36.110529" lon="-118.123935"/>
      <trkpt lat="36.110538" lon="-118.123963"/>
      <trkpt lat="36.110558" lon="-118.124000"/>
      <trkpt lat="36.110587" lon="-118.124032"/>
      <trkpt lat="36.110647" lon="-118.124123"/>
      <trkpt lat="36.110694" lon="-118.124178"/>
      <trkpt lat="36.110753" lon="-118.124236"/>
      <trkpt lat="36.110827" lon="-118.124272"/>
      <trkpt lat="36.110877" lon="-118.124266"/>
      <trkpt lat="36.111014" lon="-118.124230"/>
      <trkpt lat="36.111093" lon="-118.124197"/>
      <trkpt lat="36.111271" lon="-118.124100"/>
      <trkpt lat="36.111412" lon="-118.124048"/>
      <trkpt lat="36.111459" lon="-118.124027"/>
      <trkpt lat="36.111864" lon="-118.123918"/>
      <trkpt lat="36.112000" lon="-118.123872"/>
      <trkpt lat="36.112190" lon="-118.123787"/>
      <trkpt lat="36.112274" lon="-118.123773"/>
      <trkpt lat="36.112295" lon="-118.123773"/>
      <trkpt lat="36.112317" lon="-118.123788"/>
      <trkpt lat="36.112335" lon="-118.123834"/>
      <trkpt lat="36.112354" lon="-118.123917"/>
      <trkpt lat="36.112389" lon="-118.123965"/>
      <trkpt lat="36.112463" lon="-118.124026"/>
      <trkpt lat="36.112588" lon="-118.124118"/>
      <trkpt lat="36.112655" lon="-118.124150"/>
      <trkpt lat="36.112680" lon="-118.124150"/>
      <trkpt lat="36.112699" lon="-118.124139"/>
      <trkpt lat="36.112723" lon="-118.124138"/>
      <trkpt lat="36.112751" lon="-118.124146"/>
      <trkpt lat="36.112817" lon="-118.124154"/>
      <trkpt lat="36.112845" lon="-118.124145"/>
      <trkpt lat="36.112856" lon="-118.124134"/>
      <trkpt lat="36.112864" lon="-118.124108"/>
      <trkpt lat="36.112949" lon="-118.123933"/>
      <trkpt lat="36.112971" lon="-118.123918"/>
      <trkpt lat="36.112994" lon="-118.123917"/>
      <trkpt lat="36.113017" lon="-118.123920"/>
      <trkpt lat="36.113076" lon="-118.123945"/>
      <trkpt lat="36.113099" lon="-118.123958"/>
      <trkpt lat="36.113116" lon="-118.123985"/>
      <trkpt lat="36.113132" lon="-118.124035"/>
      <trkpt lat="36.113137" lon="-118.124158"/>
      <trkpt lat="36.113141" lon="-118.124192"/>
      <trkpt lat="36.113152" lon="-118.124216"/>
      <trkpt lat="36.113168" lon="-118.124237"/>
      <trkpt lat="36.113360" lon="-118.124393"/>
      <trkpt lat="36.113386" lon="-118.124434"/>
      <trkpt lat="36.113402" lon="-118.124492"/>
      <trkpt lat="36.113404" lon="-118.124530"/>
      <trkpt lat="36.113392" lon="-118.124613"/>
      <trkpt lat="36.113362" lon="-118.124662"/>
      <trkpt lat="36.113352" lon="-118.124694"/>
      <trkpt lat="36.113351" lon="-118.124794"/>
      <trkpt lat="36.113358" lon="-118.124823"/>
      <trkpt lat="36.113388" lon="-118.124868"/>
      <trkpt lat="36.113426" lon="-118.124905"/>
      <trkpt lat="36.113459" lon="-118.124926"/>
      <trkpt lat="36.113500" lon="-118.124936"/>
      <trkpt lat="36.113603" lon="-118.124986"/>
      <trkpt lat="36.113689" lon="-118.125000"/>
      <trkpt lat="36.113714" lon="-118.124993"/>
      <trkpt lat="36.113732" lon="-118.124980"/>
      <trkpt lat="36.113757" lon="-118.124952"/>
      <trkpt lat="36.113779" lon="-118.124958"/>
      <trkpt lat="36.113802" lon="-118.124989"/>
      <trkpt lat="36.113807" lon="-118.125021"/>
      <trkpt lat="36.113821" lon="-118.125052"/>
      <trkpt lat="36.113890" lon="-118.125172"/>
      <trkpt lat="36.113901" lon="-118.125206"/>
      <trkpt lat="36.113916" lon="-118.125399"/>
      <trkpt lat="36.113931" lon="-118.125435"/>
      <trkpt lat="36.113953" lon="-118.125472"/>
      <trkpt lat="36.114020" lon="-118.125521"/>
      <trkpt lat="36.114100" lon="-118.125594"/>
      <trkpt lat="36.114145" lon="-118.125630"/>
      <trkpt lat="36.114224" lon="-118.125762"/>
      <trkpt lat="36.114295" lon="-118.125814"/>
      <trkpt lat="36.114406" lon="-118.125928"/>
      <trkpt lat="36.114433" lon="-118.125949"/>
      <trkpt lat="36.114467" lon="-118.125960"/>
      <trkpt lat="36.114529" lon="-118.125975"/>
      <trkpt lat="36.114619" lon="-118.125984"/>
      <trkpt lat="36.114642" lon="-118.126002"/>
      <trkpt lat="36.114660" lon="-118.126028"/>
      <trkpt lat="36.114704" lon="-118.126053"/>
      <trkpt lat="36.114734" lon="-118.126085"/>
      <trkpt lat="36.114775" lon="-118.126113"/>
      <trkpt lat="36.114872" lon="-118.126163"/>
      <trkpt lat="36.114927" lon="-118.126170"/>
      <trkpt lat="36.114998" lon="-118.126168"/>
      <trkpt lat="36.115010" lon="-118.126178"/>
      <trkpt lat="36.115019" lon="-118.126204"/>
      <trkpt lat="36.115017" lon="-118.126248"/>
      <trkpt lat="36.114995" lon="-118.126288"/>
      <trkpt lat="36.114985" lon="-118.126326"/>
      <trkpt lat="36.114965" lon="-118.126371"/>
      <trkpt lat="36.114929" lon="-118.126418"/>
      <trkpt lat="36.114824" lon="-118.126528"/>
      <trkpt lat="36.114805" lon="-118.126562"/>
      <trkpt lat="36.114799" lon="-118.126586"/>
      <trkpt lat="36.114797" lon="-118.126630"/>
      <trkpt lat="36.114781" lon="-118.126684"/>
      <trkpt lat="36.114730" lon="-118.126819"/>
      <trkpt lat="36.114714" lon="-118.126852"/>
      <trkpt lat="36.114724" lon="-118.126926"/>
      <trkpt lat="36.114718" lon="-118.126962"/>
      <trkpt lat="36.114720" lon="-118.127020"/>
      <trkpt lat="36.114743" lon="-118.127118"/>
      <trkpt lat="36.114760" lon="-118.127167"/>
      <trkpt lat="36.114783" lon="-118.127206"/>
      <trkpt lat="36.114809" lon="-118.127238"/>
      <trkpt lat="36.114888" lon="-118.127307"/>
      <trkpt lat="36.114945" lon="-118.127339"/>
      <trkpt lat="36.114991" lon="-118.127375"/>
      <trkpt lat="36.115036" lon="-118.127388"/>
      <trkpt lat="36.115145" lon="-118.127402"/>
      <trkpt lat="36.115200" lon="-118.127414"/>
      <trkpt lat="36.115239" lon="-118.127432"/>
      <trkpt lat="36.115262" lon="-118.127434"/>
      <trkpt lat="36.115368" lon="-118.127405"/>
      <trkpt lat="36.115436" lon="-118.127393"/>
      <trkpt lat="36.115508" lon="-118.127424"/>
      <trkpt lat="36.115568" lon="-118.127441"/>
      <trkpt lat="36.115628" lon="-118.127501"/>
      <trkpt lat="36.115660" lon="-118.127558"/>
      <trkpt lat="36.115683" lon="-118.127574"/>
      <trkpt lat="36.115724" lon="-118.127594"/>
      <trkpt lat="36.115740" lon="-118.127600"/>
      <trkpt lat="36.115752" lon="-118.127597"/>
      <trkpt lat="36.115763" lon="-118.127604"/>
      <trkpt lat="36.115770" lon="-118.127642"/>
      <trkpt lat="36.115744" lon="-118.127776"/>
      <trkpt lat="36.115749" lon="-118.127871"/>
      <trkpt lat="36.115738" lon="-118.127919"/>
      <trkpt lat="36.115737" lon="-118.127957"/>
      <trkpt lat="36.115738" lon="-118.127993"/>
      <trkpt lat="36.115753" lon="-118.128050"/>
      <trkpt lat="36.115773" lon="-118.128077"/>
      <trkpt lat="36.115876" lon="-118.128178"/>
      <trkpt lat="36.115909" lon="-118.128192"/>
      <trkpt lat="36.115953" lon="-118.128200"/>
      <trkpt lat="36.115998" lon="-118.128200"/>
      <trkpt lat="36.116053" lon="-118.128191"/>
      <trkpt lat="36.116287" lon="-118.128277"/>
      <trkpt lat="36.116368" lon="-118.128338"/>
      <trkpt lat="36.116430" lon="-118.128408"/>
      <trkpt lat="36.116466" lon="-118.128432"/>
      <trkpt lat="36.116507" lon="-118.128469"/>
      <trkpt lat="36.116548" lon="-118.128516"/>
      <trkpt lat="36.116599" lon="-118.128554"/>
      <trkpt lat="36.116636" lon="-118.128602"/>
      <trkpt lat="36.116647" lon="-118.128609"/>
      <trkpt lat="36.116658" lon="-118.128602"/>
      <trkpt lat="36.116747" lon="-118.128613"/>
      <trkpt lat="36.116779" lon="-118.128608"/>
      <trkpt lat="36.116893" lon="-118.128654"/>
      <trkpt lat="36.116948" lon="-118.128702"/>
      <trkpt lat="36.116979" lon="-118.128709"/>
      <trkpt lat="36.117062" lon="-118.128718"/>
      <trkpt lat="36.117176" lon="-118.128741"/>
      <trkpt lat="36.117380" lon="-118.128760"/>
      <trkpt lat="36.117418" lon="-118.128772"/>
      <trkpt lat="36.117455" lon="-118.128778"/>
      <trkpt lat="36.117524" lon="-118.128769"/>
      <trkpt lat="36.117633" lon="-118.128732"/>
      <trkpt lat="36.117679" lon="-118.128695"/>
      <trkpt lat="36.117698" lon="-118.128692"/>
      <trkpt lat="36.117717" lon="-118.128704"/>
      <trkpt lat="36.117728" lon="-118.128734"/>
      <trkpt lat="36.117745" lon="-118.128807"/>
      <trkpt lat="36.117809" lon="-118.128937"/>
      <trkpt lat="36.117852" lon="-118.128975"/>
      <trkpt lat="36.117888" lon="-118.128986"/>
      <trkpt lat="36.117898" lon="-118.129003"/>
      <trkpt lat="36.117899" lon="-118.129025"/>
      <trkpt lat="36.117871" lon="-118.129050"/>
      <trkpt lat="36.117817" lon="-118.129074"/>
      <trkpt lat="36.117778" lon="-118.129102"/>
      <trkpt lat="36.117771" lon="-118.129165"/>
      <trkpt lat="36.117798" lon="-118.129212"/>
      <trkpt lat="36.117848" lon="-118.129281"/>
      <trkpt lat="36.117879" lon="-118.129353"/>
      <trkpt lat="36.117958" lon="-118.129434"/>
      <trkpt lat="36.118095" lon="-118.129587"/>
      <trkpt lat="36.118127" lon="-118.129637"/>
      <trkpt lat="36.118155" lon="-118.129650"/>
      <trkpt lat="36.118199" lon="-118.129679"/>
      <trkpt lat="36.118256" lon="-118.129699"/>
      <trkpt lat="36.118403" lon="-118.129712"/>
      <trkpt lat="36.118590" lon="-118.129708"/>
      <trkpt lat="36.118652" lon="-118.129679"/>
      <trkpt lat="36.118680" lon="-118.129675"/>
      <trkpt lat="36.118706" lon="-118.129696"/>
      <trkpt lat="36.118734" lon="-118.129738"/>
      <trkpt lat="36.118784" lon="-118.129788"/>
      <trkpt lat="36.118804" lon="-118.129790"/>
      <trkpt lat="36.118829" lon="-118.129778"/>
      <trkpt lat="36.118859" lon="-118.129778"/>
      <trkpt lat="36.118899" lon="-118.129824"/>
      <trkpt lat="36.118933" lon="-118.129833"/>
      <trkpt lat="36.118958" lon="-118.129881"/>
      <trkpt lat="36.119002" lon="-118.129923"/>
      <trkpt lat="36.119142" lon="-118.130027"/>
      <trkpt lat="36.119165" lon="-118.130052"/>
      <trkpt lat="36.119175" lon="-118.130081"/>
      <trkpt lat="36.119186" lon="-118.130097"/>
      <trkpt lat="36.119251" lon="-118.130140"/>
      <trkpt lat="36.119304" lon="-118.130167"/>
      <trkpt lat="36.119390" lon="-118.130197"/>
      <trkpt lat="36.119445" lon="-118.130198"/>
      <trkpt lat="36.119723" lon="-118.130128"/>
      <trkpt lat="36.119787" lon="-118.130183"/>
      <trkpt lat="36.119871" lon="-118.130232"/>
      <trkpt lat="36.119955" lon="-118.130268"/>
      <trkpt lat="36.119987" lon="-118.130263"/>
      <trkpt lat="36.120020" lon="-118.130264"/>
      <trkpt lat="36.120077" lon="-118.130287"/>
      <trkpt lat="36.120132" lon="-118.130339"/>
      <trkpt lat="36.120166" lon="-118.130356"/>
      <trkpt lat="36.120212" lon="-118.130360"/>
      <trkpt lat="36.120293" lon="-118.130408"/>
      <trkpt lat="36.120453" lon="-118.130539"/>
      <trkpt lat="36.120497" lon="-118.130564"/>
      <trkpt lat="36.120545" lon="-118.130572"/>
      <trkpt lat="36.120583" lon="-118.130586"/>
      <trkpt lat="36.120634" lon="-118.130629"/>
      <trkpt lat="36.120674" lon="-118.130682"/>
      <trkpt lat="36.120727" lon="-118.130715"/>
      <trkpt lat="36.120766" lon="-118.130728"/>
      <trkpt lat="36.120834" lon="-118.130786"/>
      <trkpt lat="36.120870" lon="-118.130831"/>
      <trkpt lat="36.121099" lon="-118.130856"/>
      <trkpt lat="36.121145" lon="-118.130881"/>
      <trkpt lat="36.121233" lon="-118.130957"/>
      <trkpt lat="36.121292" lon="-118.130996"/>
      <trkpt lat="36.121401" lon="-118.131042"/>
      <trkpt lat="36.121509" lon="-118.131081"/>
      <trkpt lat="36.121582" lon="-118.131095"/>
      <trkpt lat="36.121637" lon="-118.131143"/>
      <trkpt lat="36.121734" lon="-118.131246"/>
      <trkpt lat="36.121782" lon="-118.131314"/>
      <trkpt lat="36.121815" lon="-118.131351"/>
      <trkpt lat="36.121860" lon="-118.131390"/>
      <trkpt lat="36.121930" lon="-118.131427"/>
      <trkpt lat="36.122015" lon="-118.131441"/>
      <trkpt lat="36.122149" lon="-118.131441"/>
      <trkpt lat="36.122217" lon="-118.131471"/>
      <trkpt lat="36.122296" lon="-118.131515"/>
      <trkpt lat="36.122353" lon="-118.131573"/>
      <trkpt lat="36.122490" lon="-118.131680"/>
      <trkpt lat="36.122538" lon="-118.131703"/>
      <trkpt lat="36.122599" lon="-118.131718"/>
      <trkpt lat="36.122674" lon="-118.131778"/>
      <trkpt lat="36.122827" lon="-118.131970"/>
      <trkpt lat="36.122872" lon="-118.132063"/>
      <trkpt lat="36.122931" lon="-118.132115"/>
      <trkpt lat="36.122979" lon="-118.132140"/>
      <trkpt lat="36.123046" lon="-118.132119"/>
      <trkpt lat="36.123096" lon="-118.132114"/>
      <trkpt lat="36.123161" lon="-118.132122"/>
      <trkpt lat="36.123211" lon="-118.132111"/>
      <trkpt lat="36.123620" lon="-118.132170"/>
      <trkpt lat="36.123662" lon="-118.132184"/>
      <trkpt lat="36.123700" lon="-118.132210"/>
      <trkpt lat="36.123733" lon="-118.132255"/>
      <trkpt lat="36.123767" lon="-118.132352"/>
      <trkpt lat="36.123799" lon="-118.132394"/>
      <trkpt lat="36.123850" lon="-118.132398"/>
      <trkpt lat="36.123938" lon="-118.132445"/>
      <trkpt lat="36.123981" lon="-118.132437"/>
      <trkpt lat="36.124011" lon="-118.132451"/>
      <trkpt lat="36.124068" lon="-118.132504"/>
      <trkpt lat="36.124127" lon="-118.132542"/>
      <trkpt lat="36.124154" lon="-118.132582"/>
      <trkpt lat="36.124181" lon="-118.132635"/>
      <trkpt lat="36.124231" lon="-118.132677"/>
      <trkpt lat="36.124263" lon="-118.132715"/>
      <trkpt lat="36.124329" lon="-118.132760"/>
      <trkpt lat="36.124384" lon="-118.132772"/>
      <trkpt lat="36.124547" lon="-118.132866"/>
      <trkpt lat="36.124583" lon="-118.132913"/>
      <trkpt lat="36.124735" lon="-118.132971"/>
      <trkpt lat="36.124946" lon="-118.133091"/>
      <trkpt lat="36.125023" lon="-118.133130"/>
      <trkpt lat="36.125235" lon="-118.133273"/>
      <trkpt lat="36.125333" lon="-118.133326"/>
      <trkpt lat="36.125368" lon="-118.133317"/>
      <trkpt lat="36.125413" lon="-118.133312"/>
      <trkpt lat="36.125475" lon="-118.133330"/>
      <trkpt lat="36.125576" lon="-118.133335"/>
      <trkpt lat="36.125695" lon="-118.133332"/>
      <trkpt lat="36.125748" lon="-118.133353"/>
      <trkpt lat="36.125801" lon="-118.133397"/>
      <trkpt lat="36.125839" lon="-118.133417"/>
      <trkpt lat="36.125874" lon="-118.133424"/>
      <trkpt lat="36.125929" lon="-118.133418"/>
      <trkpt lat="36.125994" lon="-118.133402"/>
      <trkpt lat="36.126017" lon="-118.133389"/>
      <trkpt lat="36.126040" lon="-118.133387"/>
      <trkpt lat="36.126070" lon="-118.133409"/>
      <trkpt lat="36.126089" lon="-118.133443"/>
      <trkpt lat="36.126115" lon="-118.133509"/>
      <trkpt lat="36.126137" lon="-118.133546"/>
      <trkpt lat="36.126149" lon="-118.133603"/>
      <trkpt lat="36.126168" lon="-118.133643"/>
      <trkpt lat="36.126177" lon="-118.133713"/>
      <trkpt lat="36.126212" lon="-118.133811"/>
      <trkpt lat="36.126231" lon="-118.133853"/>
      <trkpt lat="36.126250" lon="-118.133880"/>
      <trkpt lat="36.126289" lon="-118.133912"/>
      <trkpt lat="36.126322" lon="-118.133924"/>
      <trkpt lat="36.126359" lon="-118.133926"/>
      <trkpt lat="36.126441" lon="-118.133915"/>
      <trkpt lat="36.126528" lon="-118.133912"/>
      <trkpt lat="36.126590" lon="-118.133905"/>
      <trkpt lat="36.126728" lon="-118.133932"/>
      <trkpt lat="36.126929" lon="-118.133947"/>
      <trkpt lat="36.127033" lon="-118.133913"/>
      <trkpt lat="36.127124" lon="-118.133873"/>
      <trkpt lat="36.127175" lon="-118.133859"/>
      <trkpt lat="36.127235" lon="-118.133866"/>
      <trkpt lat="36.127515" lon="-118.133814"/>
      <trkpt lat="36.127572" lon="-118.133822"/>
      <trkpt lat="36.127624" lon="-118.133807"/>
      <trkpt lat="36.127679" lon="-118.133782"/>
      <trkpt lat="36.127741" lon="-118.133723"/>
      <trkpt lat="36.127772" lon="-118.133732"/>
      <trkpt lat="36.127805" lon="-118.133751"/>
      <trkpt lat="36.127844" lon="-118.133762"/>
      <trkpt lat="36.128017" lon="-118.133723"/>
      <trkpt lat="36.128097" lon="-118.133727"/>
      <trkpt lat="36.128155" lon="-118.133716"/>
      <trkpt lat="36.128209" lon="-118.133696"/>
      <trkpt lat="36.128270" lon="-118.133660"/>
      <trkpt lat="36.128305" lon="-118.133650"/>
      <trkpt lat="36.128364" lon="-118.133656"/>
      <trkpt lat="36.128402" lon="-118.133674"/>
      <trkpt lat="36.128455" lon="-118.133711"/>
      <trkpt lat="36.128510" lon="-118.133743"/>
      <trkpt lat="36.128563" lon="-118.133765"/>
      <trkpt lat="36.128594" lon="-118.133771"/>
      <trkpt lat="36.128625" lon="-118.133767"/>
      <trkpt lat="36.128703" lon="-118.133775"/>
      <trkpt lat="36.128744" lon="-118.133796"/>
      <trkpt lat="36.128802" lon="-118.133807"/>
      <trkpt lat="36.128913" lon="-118.133814"/>
      <trkpt lat="36.128975" lon="-118.133802"/>
      <trkpt lat="36.129025" lon="-118.133775"/>
      <trkpt lat="36.129075" lon="-118.133739"/>
      <trkpt lat="36.129196" lon="-118.133675"/>
      <trkpt lat="36.129225" lon="-118.133668"/>
      <trkpt lat="36.129380" lon="-118.133708"/>
      <trkpt lat="36.129440" lon="-118.133729"/>
      <trkpt lat="36.129488" lon="-118.133765"/>
      <trkpt lat="36.129537" lon="-118.133823"/>
      <trkpt lat="36.129596" lon="-118.133905"/>
      <trkpt lat="36.129628" lon="-118.133916"/>
      <trkpt lat="36.129671" lon="-118.133920"/>
      <trkpt lat="36.129708" lon="-118.133933"/>
      <trkpt lat="36.129994" lon="-118.134148"/>
      <trkpt lat="36.130069" lon="-118.134198"/>
      <trkpt lat="36.130229" lon="-118.134287"/>
      <trkpt lat="36.130320" lon="-118.134349"/>
      <trkpt lat="36.130457" lon="-118.134382"/>
      <trkpt lat="36.130516" lon="-118.134407"/>
      <trkpt lat="36.130560" lon="-118.134414"/>
      <trkpt lat="36.130604" lon="-118.134398"/>
      <trkpt lat="36.130688" lon="-118.134405"/>
      <trkpt lat="36.130769" lon="-118.134422"/>
      <trkpt lat="36.130910" lon="-118.134421"/>
      <trkpt lat="36.130933" lon="-118.134435"/>
      <trkpt lat="36.130992" lon="-118.134539"/>
      <trkpt lat="36.131100" lon="-118.134630"/>
      <trkpt lat="36.131181" lon="-118.134710"/>
      <trkpt lat="36.131279" lon="-118.134833"/>
      <trkpt lat="36.131404" lon="-118.134911"/>
      <trkpt lat="36.131456" lon="-118.134960"/>
      <trkpt lat="36.131493" lon="-118.135016"/>
      <trkpt lat="36.131571" lon="-118.135099"/>
      <trkpt lat="36.131607" lon="-118.135155"/>
      <trkpt lat="36.131633" lon="-118.135180"/>
      <trkpt lat="36.131744" lon="-118.135263"/>
      <trkpt lat="36.131814" lon="-118.135294"/>
      <trkpt lat="36.131907" lon="-118.135351"/>
      <trkpt lat="36.132034" lon="-118.135438"/>
      <trkpt lat="36.132294" lon="-118.135657"/>
      <trkpt lat="36.132401" lon="-118.135732"/>
      <trkpt lat="36.132610" lon="-118.135817"/>
      <trkpt lat="36.132710" lon="-118.135849"/>
      <trkpt lat="36.132802" lon="-118.135911"/>
      <trkpt lat="36.132853" lon="-118.135923"/>
      <trkpt lat="36.132898" lon="-118.135945"/>
      <trkpt lat="36.132931" lon="-118.135982"/>
      <trkpt lat="36.133001" lon="-118.136032"/>
      <trkpt lat="36.133107" lon="-118.136089"/>
      <trkpt lat="36.133176" lon="-118.136147"/>
      <trkpt lat="36.133291" lon="-118.136232"/>
      <trkpt lat="36.133620" lon="-118.136460"/>
      <trkpt lat="36.133641" lon="-118.136468"/>
      <trkpt lat="36.133677" lon="-118.136444"/>
      <trkpt lat="36.133698" lon="-118.136448"/>
      <trkpt lat="36.133747" lon="-118.136444"/>
      <trkpt lat="36.133769" lon="-118.136447"/>
      <trkpt lat="36.133783" lon="-118.136461"/>
      <trkpt lat="36.133778" lon="-118.136511"/>
      <trkpt lat="36.133791" lon="-118.136561"/>
      <trkpt lat="36.133803" lon="-118.136594"/>
      <trkpt lat="36.133830" lon="-118.136614"/>
      <trkpt lat="36.133869" lon="-118.136632"/>
      <trkpt lat="36.133890" lon="-118.136650"/>
      <trkpt lat="36.133900" lon="-118.136678"/>
      <trkpt lat="36.133915" lon="-118.136702"/>
      <trkpt lat="36.133952" lon="-118.136727"/>
      <trkpt lat="36.134081" lon="-118.136797"/>
      <trkpt lat="36.134125" lon="-118.136830"/>
      <trkpt lat="36.134225" lon="-118.136900"/>
      <trkpt lat="36.134315" lon="-118.136957"/>
      <trkpt lat="36.134355" lon="-118.136982"/>
      <trkpt lat="36.134433" lon="-118.137048"/>
      <trkpt lat="36.134623" lon="-118.137173"/>
      <trkpt lat="36.134692" lon="-118.137210"/>
      <trkpt lat="36.134817" lon="-118.137263"/>
      <trkpt lat="36.134833" lon="-118.137270"/>
      <trkpt lat="36.134974" lon="-118.137373"/>
      <trkpt lat="36.135115" lon="-118.137456"/>
      <trkpt lat="36.135258" lon="-118.137485"/>
      <trkpt lat="36.135566" lon="-118.137799"/>
      <trkpt lat="36.135838" lon="-118.138041"/>
      <trkpt lat="36.136262" lon="-118.138222"/>
      <trkpt lat="36.136497" lon="-118.138443"/>
      <trkpt lat="36.136713" lon="-118.138585"/>
      <trkpt lat="36.136962" lon="-118.138668"/>
      <trkpt lat="36.137041" lon="-118.138745"/>
      <trkpt lat="36.137167" lon="-118.138840"/>
      <trkpt lat="36.137213" lon="-118.138849"/>
      <trkpt lat="36.137224" lon="-118.138890"/>
      <trkpt lat="36.137298" lon="-118.138943"/>
      <trkpt lat="36.137338" lon="-118.138950"/>
      <trkpt lat="36.137459" lon="-118.139059"/>
      <trkpt lat="36.137478" lon="-118.139186"/>
      <trkpt lat="36.137515" lon="-118.139237"/>
      <trkpt lat="36.137556" lon="-118.139251"/>
      <trkpt lat="36.137588" lon="-118.139235"/>
      <trkpt lat="36.137667" lon="-118.139233"/>
      <trkpt lat="36.137718" lon="-118.139239"/>
      <trkpt lat="36.137745" lon="-118.139291"/>
      <trkpt lat="36.137845" lon="-118.139365"/>
      <trkpt lat="36.137873" lon="-118.139421"/>
      <trkpt lat="36.137927" lon="-118.139424"/>
      <trkpt lat="36.137961" lon="-118.139449"/>
      <trkpt lat="36.138011" lon="-118.139444"/>
      <trkpt lat="36.138078" lon="-118.139486"/>
      <trkpt lat="36.138120" lon="-118.139488"/>
      <trkpt lat="36.138292" lon="-118.139560"/>
      <trkpt lat="36.138377" lon="-118.139634"/>
      <trkpt lat="36.138549" lon="-118.139664"/>
      <trkpt lat="36.138602" lon="-118.139699"/>
      <trkpt lat="36.138691" lon="-118.139728"/>
      <trkpt lat="36.138824" lon="-118.139847"/>
      <trkpt lat="36.138977" lon="-118.139932"/>
      <trkpt lat="36.139125" lon="-118.140023"/>
      <trkpt lat="36.139211" lon="-118.140078"/>
      <trkpt lat="36.139259" lon="-118.140138"/>
      <trkpt lat="36.139342" lon="-118.140204"/>
      <trkpt lat="36.139400" lon="-118.140235"/>
      <trkpt lat="36.139447" lon="-118.140272"/>
      <trkpt lat="36.139554" lon="-118.140376"/>
      <trkpt lat="36.139617" lon="-118.140461"/>
      <trkpt lat="36.139648" lon="-118.140527"/>
      <trkpt lat="36.139679" lon="-118.140571"/>
      <trkpt lat="36.139715" lon="-118.140597"/>
      <trkpt lat="36.139764" lon="-118.140615"/>
      <trkpt lat="36.139892" lon="-118.140736"/>
      <trkpt lat="36.139923" lon="-118.140770"/>
      <trkpt lat="36.139940" lon="-118.140808"/>
      <trkpt lat="36.139991" lon="-118.140869"/>
      <trkpt lat="36.140018" lon="-118.140947"/>
      <trkpt lat="36.140051" lon="-118.140978"/>
      <trkpt lat="36.140063" lon="-118.141008"/>
      <trkpt lat="36.140087" lon="-118.141025"/>
      <trkpt lat="36.140125" lon="-118.141082"/>
      <trkpt lat="36.140150" lon="-118.141146"/>
      <trkpt lat="36.140214" lon="-118.141178"/>
      <trkpt lat="36.140243" lon="-118.141199"/>
      <trkpt lat="36.140369" lon="-118.141382"/>
      <trkpt lat="36.140742" lon="-118.141788"/>
      <trkpt lat="36.140801" lon="-118.141880"/>
      <trkpt lat="36.141058" lon="-118.142071"/>
      <trkpt lat="36.141189" lon="-118.142227"/>
      <trkpt lat="36.141388" lon="-118.142440"/>
      <trkpt lat="36.141505" lon="-118.142606"/>
      <trkpt lat="36.141623" lon="-118.142741"/>
      <trkpt lat="36.141765" lon="-118.142893"/>
      <trkpt lat="36.141907" lon="-118.143004"/>
      <trkpt lat="36.142034" lon="-118.143058"/>
      <trkpt lat="36.142199" lon="-118.143113"/>
      <trkpt lat="36.142348" lon="-118.143185"/>
      <trkpt lat="36.142458" lon="-118.143281"/>
      <trkpt lat="36.142678" lon="-118.143400"/>
      <trkpt lat="36.142843" lon="-118.143499"/>
      <trkpt lat="36.142941" lon="-118.143584"/>
      <trkpt lat="36.143078" lon="-118.143658"/>
      <trkpt lat="36.143145" lon="-118.143700"/>
      <trkpt lat="36.143211" lon="-118.143714"/>
      <trkpt lat="36.143259" lon="-118.143746"/>
      <trkpt lat="36.143294" lon="-118.143790"/>
      <trkpt lat="36.143319" lon="-118.143846"/>
      <trkpt lat="36.143372" lon="-118.143923"/>
      <trkpt lat="36.143447" lon="-118.143975"/>
      <trkpt lat="36.143617" lon="-118.144080"/>
      <trkpt lat="36.143804" lon="-118.144235"/>
      <trkpt lat="36.143902" lon="-118.144311"/>
      <trkpt lat="36.143994" lon="-118.144375"/>
      <trkpt lat="36.144110" lon="-118.144485"/>
      <trkpt lat="36.144317" lon="-118.144663"/>
      <trkpt lat="36.144475" lon="-118.144779"/>
      <trkpt lat="36.144579" lon="-118.144813"/>
      <trkpt lat="36.144639" lon="-118.144854"/>
      <trkpt lat="36.144710" lon="-118.144866"/>
      <trkpt lat="36.144791" lon="-118.144891"/>
      <trkpt lat="36.144833" lon="-118.144915"/>
      <trkpt lat="36.144873" lon="-118.144960"/>
      <trkpt lat="36.144945" lon="-118.144996"/>
      <trkpt lat="36.145121" lon="-118.145083"/>
      <trkpt lat="36.145339" lon="-118.145162"/>
      <trkpt lat="36.145471" lon="-118.145162"/>
      <trkpt lat="36.145534" lon="-118.145143"/>
      <trkpt lat="36.145577" lon="-118.145162"/>
      <trkpt lat="36.146004" lon="-118.145178"/>
      <trkpt lat="36.146200" lon="-118.145190"/>
      <trkpt lat="36.146346" lon="-118.145205"/>
      <trkpt lat="36.146437" lon="-118.145227"/>
      <trkpt lat="36.146533" lon="-118.145240"/>
      <trkpt lat="36.146883" lon="-118.145253"/>
      <trkpt lat="36.147023" lon="-118.145320"/>
      <trkpt lat="36.147271" lon="-118.145406"/>
      <trkpt lat="36.147509" lon="-118.145479"/>
      <trkpt lat="36.147693" lon="-118.145565"/>
      <trkpt lat="36.147773" lon="-118.145589"/>
      <trkpt lat="36.147815" lon="-118.145581"/>
      <trkpt lat="36.147894" lon="-118.145586"/>
      <trkpt lat="36.147992" lon="-118.145642"/>
      <trkpt lat="36.148271" lon="-118.145779"/>
      <trkpt lat="36.148782" lon="-118.146098"/>
      <trkpt lat="36.149133" lon="-118.146230"/>
      <trkpt lat="36.149281" lon="-118.146274"/>
      <trkpt lat="36.149452" lon="-118.146354"/>
      <trkpt lat="36.149545" lon="-118.146391"/>
      <trkpt lat="36.149656" lon="-118.146470"/>
      <trkpt lat="36.149752" lon="-118.146557"/>
      <trkpt lat="36.149894" lon="-118.146667"/>
      <trkpt lat="36.150010" lon="-118.146764"/>
      <trkpt lat="36.150102" lon="-118.146805"/>
      <trkpt lat="36.150188" lon="-118.146871"/>
      <trkpt lat="36.150280" lon="-118.146960"/>
      <trkpt lat="36.150416" lon="-118.147036"/>
      <trkpt lat="36.150575" lon="-118.147106"/>
      <trkpt lat="36.151374" lon="-118.147528"/>
      <trkpt lat="36.151781" lon="-118.147391"/>
      <trkpt lat="36.152260" lon="-118.147146"/>
      <trkpt lat="36.152463" lon="-118.147130"/>
      <trkpt lat="36.152512" lon="-118.147130"/>
      <trkpt lat="36.152931" lon="-118.147136"/>
      <trkpt lat="36.152991" lon="-118.147167"/>
      <trkpt lat="36.153290" lon="-118.147217"/>
      <trkpt lat="36.153459" lon="-118.147186"/>
      <trkpt lat="36.153611" lon="-118.147269"/>
      <trkpt lat="36.153850" lon="-118.147295"/>
      <trkpt lat="36.153963" lon="-118.147197"/>
      <trkpt lat="36.154080" lon="-118.147235"/>
      <trkpt lat="36.154401" lon="-118.147231"/>
      <trkpt lat="36.154568" lon="-118.147162"/>
      <trkpt lat="36.154721" lon="-118.147179"/>
      <trkpt lat="36.154782" lon="-118.147210"/>
      <trkpt lat="36.154825" lon="-118.147215"/>
      <trkpt lat="36.154945" lon="-118.147105"/>
      <trkpt lat="36.155097" lon="-118.147180"/>
      <trkpt lat="36.155144" lon="-118.147164"/>
      <trkpt lat="36.155225" lon="-118.147164"/>
      <trkpt lat="36.155365" lon="-118.147121"/>
      <trkpt lat="36.155422" lon="-118.147132"/>
      <trkpt lat="36.155611" lon="-118.147034"/>
      <trkpt lat="36.155760" lon="-118.146983"/>
      <trkpt lat="36.155862" lon="-118.146957"/>
      <trkpt lat="36.155942" lon="-118.146983"/>
      <trkpt lat="36.156093" lon="-118.146942"/>
      <trkpt lat="36.156297" lon="-118.146787"/>
      <trkpt lat="36.156350" lon="-118.146712"/>
      <trkpt lat="36.156377" lon="-118.146570"/>
      <trkpt lat="36.156450" lon="-118.146570"/>
      <trkpt lat="36.156578" lon="-118.146527"/>
      <trkpt lat="36.156681" lon="-118.146533"/>
      <trkpt lat="36.156850" lon="-118.146410"/>
      <trkpt lat="36.156918" lon="-118.146312"/>
      <trkpt lat="36.157015" lon="-118.146330"/>
      <trkpt lat="36.157162" lon="-118.146292"/>
      <trkpt lat="36.157363" lon="-118.146435"/>
      <trkpt lat="36.157597" lon="-118.146470"/>
      <trkpt lat="36.157742" lon="-118.146452"/>
      <trkpt lat="36.157936" lon="-118.146314"/>
      <trkpt lat="36.157998" lon="-118.146220"/>
      <trkpt lat="36.158032" lon="-118.146129"/>
      <trkpt lat="36.158068" lon="-118.146086"/>
      <trkpt lat="36.158135" lon="-118.146022"/>
      <trkpt lat="36.158236" lon="-118.145835"/>
      <trkpt lat="36.158319" lon="-118.145780"/>
      <trkpt lat="36.158363" lon="-118.145734"/>
      <trkpt lat="36.158407" lon="-118.145601"/>
      <trkpt lat="36.158440" lon="-118.145571"/>
      <trkpt lat="36.158530" lon="-118.145571"/>
      <trkpt lat="36.158687" lon="-118.145643"/>
      <trkpt lat="36.158796" lon="-118.145614"/>
      <trkpt lat="36.158967" lon="-118.145503"/>
      <trkpt lat="36.159051" lon="-118.145404"/>
      <trkpt lat="36.159127" lon="-118.145264"/>
      <trkpt lat="36.159435" lon="-118.144859"/>
      <trkpt lat="36.159726" lon="-118.144494"/>
      <trkpt lat="36.159842" lon="-118.144328"/>
      <trkpt lat="36.159957" lon="-118.144138"/>
      <trkpt lat="36.159979" lon="-118.143997"/>
      <trkpt lat="36.160013" lon="-118.143890"/>
      <trkpt lat="36.160040" lon="-118.143826"/>
      <trkpt lat="36.160055" lon="-118.143810"/>
      <trkpt lat="36.160076" lon="-118.143812"/>
      <trkpt lat="36.160094" lon="-118.143851"/>
      <trkpt lat="36.160095" lon="-118.143998"/>
      <trkpt lat="36.160172" lon="-118.144136"/>
      <trkpt lat="36.160215" lon="-118.144300"/>
      <trkpt lat="36.160276" lon="-118.144457"/>
      <trkpt lat="36.160344" lon="-118.144545"/>
      <trkpt lat="36.160415" lon="-118.144580"/>
      <trkpt lat="36.160477" lon="-118.144585"/>
      <trkpt lat="36.160539" lon="-118.144579"/>
      <trkpt lat="36.160689" lon="-118.144443"/>
      <trkpt lat="36.160782" lon="-118.144417"/>
      <trkpt lat="36.160892" lon="-118.144335"/>
      <trkpt lat="36.160945" lon="-118.144316"/>
      <trkpt lat="36.161018" lon="-118.144323"/>
      <trkpt lat="36.161083" lon="-118.144323"/>
      <trkpt lat="36.161170" lon="-118.144290"/>
      <trkpt lat="36.161216" lon="-118.144304"/>
      <trkpt lat="36.161272" lon="-118.144378"/>
      <trkpt lat="36.161351" lon="-118.144438"/>
      <trkpt lat="36.161388" lon="-118.144422"/>
      <trkpt lat="36.161459" lon="-118.144414"/>
      <trkpt lat="36.161554" lon="-118.144422"/>
      <trkpt lat="36.161622" lon="-118.144410"/>
      <trkpt lat="36.161717" lon="-118.144422"/>
      <trkpt lat="36.161897" lon="-118.144465"/>
      <trkpt lat="36.162030" lon="-118.144470"/>
      <trkpt lat="36.162322" lon="-118.144447"/>
      <trkpt lat="36.162558" lon="-118.144465"/>
      <trkpt lat="36.162765" lon="-118.144443"/>
      <trkpt lat="36.162826" lon="-118.144420"/>
      <trkpt lat="36.162966" lon="-118.144423"/>
      <trkpt lat="36.163036" lon="-118.144438"/>
      <trkpt lat="36.163129" lon="-118.144438"/>
      <trkpt lat="36.163423" lon="-118.144380"/>
      <trkpt lat="36.163465" lon="-118.144362"/>
      <trkpt lat="36.163549" lon="-118.144327"/>
      <trkpt lat="36.163660" lon="-118.144302"/>
      <trkpt lat="36.163834" lon="-118.144337"/>
      <trkpt lat="36.163958" lon="-118.144345"/>
      <trkpt lat="36.163998" lon="-118.144332"/>
      <trkpt lat="36.164051" lon="-118.144256"/>
      <trkpt lat="36.164068" lon="-118.144201"/>
      <trkpt lat="36.164098" lon="-118.144186"/>
      <trkpt lat="36.164135" lon="-118.144195"/>
      <trkpt lat="36.164149" lon="-118.144213"/>
      <trkpt lat="36.164190" lon="-118.144235"/>
      <trkpt lat="36.164262" lon="-118.144218"/>
      <trkpt lat="36.164492" lon="-118.144079"/>
      <trkpt lat="36.164534" lon="-118.144060"/>
      <trkpt lat="36.164639" lon="-118.144044"/>
      <trkpt lat="36.164699" lon="-118.144069"/>
      <trkpt lat="36.164808" lon="-118.144136"/>
      <trkpt lat="36.164900" lon="-118.144180"/>
      <trkpt lat="36.164963" lon="-118.144218"/>
      <trkpt lat="36.165086" lon="-118.144223"/>
      <trkpt lat="36.165118" lon="-118.144214"/>
      <trkpt lat="36.165131" lon="-118.144177"/>
      <trkpt lat="36.165135" lon="-118.144107"/>
      <trkpt lat="36.165178" lon="-118.144018"/>
      <trkpt lat="36.165244" lon="-118.143830"/>
      <trkpt lat="36.165334" lon="-118.143678"/>
      <trkpt lat="36.165395" lon="-118.143608"/>
      <trkpt lat="36.165480" lon="-118.143435"/>
      <trkpt lat="36.165587" lon="-118.143326"/>
      <trkpt lat="36.165638" lon="-118.143243"/>
      <trkpt lat="36.165632" lon="-118.143127"/>
      <trkpt lat="36.165632" lon="-118.143045"/>
      <trkpt lat="36.165789" lon="-118.142851"/>
      <trkpt lat="36.165824" lon="-118.142770"/>
      <trkpt lat="36.165841" lon="-118.142713"/>
      <trkpt lat="36.165825" lon="-118.142628"/>
      <trkpt lat="36.165852" lon="-118.142585"/>
      <trkpt lat="36.165923" lon="-118.142577"/>
      <trkpt lat="36.166024" lon="-118.142514"/>
      <trkpt lat="36.166143" lon="-118.142466"/>
      <trkpt lat="36.166248" lon="-118.142416"/>
      <trkpt lat="36.166300" lon="-118.142345"/>
      <trkpt lat="36.166374" lon="-118.142272"/>
      <trkpt lat="36.166458" lon="-118.142216"/>
      <trkpt lat="36.166579" lon="-118.142166"/>
      <trkpt lat="36.166769" lon="-118.142127"/>
      <trkpt lat="36.166875" lon="-118.142174"/>
      <trkpt lat="36.166933" lon="-118.142189"/>
      <trkpt lat="36.167015" lon="-118.142174"/>
      <trkpt lat="36.167109" lon="-118.142189"/>
      <trkpt lat="36.167243" lon="-118.142167"/>
      <trkpt lat="36.167569" lon="-118.141960"/>
      <trkpt lat="36.167733" lon="-118.141876"/>
      <trkpt lat="36.167788" lon="-118.141828"/>
      <trkpt lat="36.167817" lon="-118.141750"/>
      <trkpt lat="36.167822" lon="-118.141653"/>
      <trkpt lat="36.167817" lon="-118.141580"/>
      <trkpt lat="36.167869" lon="-118.141306"/>
      <trkpt lat="36.167915" lon="-118.140865"/>
      <trkpt lat="36.167936" lon="-118.140774"/>
      <trkpt lat="36.167968" lon="-118.140683"/>
      <trkpt lat="36.167981" lon="-118.140568"/>
      <trkpt lat="36.167972" lon="-118.140453"/>
      <trkpt lat="36.168007" lon="-118.140360"/>
      <trkpt lat="36.168077" lon="-118.140223"/>
      <trkpt lat="36.168132" lon="-118.140150"/>
      <trkpt lat="36.168227" lon="-118.140155"/>
      <trkpt lat="36.168271" lon="-118.140140"/>
      <trkpt lat="36.168302" lon="-118.140096"/>
      <trkpt lat="36.168336" lon="-118.140032"/>
      <trkpt lat="36.168469" lon="-118.139881"/>
      <trkpt lat="36.168613" lon="-118.139766"/>
      <trkpt lat="36.168839" lon="-118.139562"/>
      <trkpt lat="36.168852" lon="-118.139517"/>
      <trkpt lat="36.168910" lon="-118.139458"/>
      <trkpt lat="36.168996" lon="-118.139417"/>
      <trkpt lat="36.169089" lon="-118.139401"/>
      <trkpt lat="36.169229" lon="-118.139328"/>
      <trkpt lat="36.169362" lon="-118.139241"/>
      <trkpt lat="36.169452" lon="-118.139202"/>
      <trkpt lat="36.169526" lon="-118.139190"/>
      <trkpt lat="36.169587" lon="-118.139162"/>
      <trkpt lat="36.169745" lon="-118.139035"/>
      <trkpt lat="36.169925" lon="-118.138852"/>
      <trkpt lat="36.170103" lon="-118.138733"/>
      <trkpt lat="36.170261" lon="-118.138607"/>
      <trkpt lat="36.170386" lon="-118.138557"/>
      <trkpt lat="36.170466" lon="-118.138517"/>
      <trkpt lat="36.170517" lon="-118.138475"/>
      <trkpt lat="36.170707" lon="-118.138288"/>
      <trkpt lat="36.170783" lon="-118.138199"/>
      <trkpt lat="36.170827" lon="-118.138108"/>
      <trkpt lat="36.170834" lon="-118.138056"/>
      <trkpt lat="36.170780" lon="-118.137912"/>
      <trkpt lat="36.170742" lon="-118.137757"/>
      <trkpt lat="36.170701" lon="-118.137637"/>
      <trkpt lat="36.170681" lon="-118.137542"/>
      <trkpt lat="36.170531" lon="-118.137319"/>
      <trkpt lat="36.170280" lon="-118.136570"/>
      <trkpt lat="36.170193" lon="-118.136280"/>
      <trkpt lat="36.170146" lon="-118.136194"/>
      <trkpt lat="36.170079" lon="-118.136130"/>
      <trkpt lat="36.170017" lon="-118.136114"/>
      <trkpt lat="36.169977" lon="-118.136098"/>
      <trkpt lat="36.169952" lon="-118.136031"/>
      <trkpt lat="36.169836" lon="-118.135907"/>
      <trkpt lat="36.169778" lon="-118.135829"/>
      <trkpt lat="36.169633" lon="-118.135718"/>
      <trkpt lat="36.169637" lon="-118.135697"/>
      <trkpt lat="36.169737" lon="-118.135695"/>
      <trkpt lat="36.169795" lon="-118.135725"/>
      <trkpt lat="36.169924" lon="-118.135816"/>
      <trkpt lat="36.170021" lon="-118.135906"/>
      <trkpt lat="36.170102" lon="-118.135929"/>
      <trkpt lat="36.170377" lon="-118.135985"/>
      <trkpt lat="36.170779" lon="-118.136122"/>
      <trkpt lat="36.171355" lon="-118.136350"/>
      <trkpt lat="36.171543" lon="-118.136374"/>
      <trkpt lat="36.171705" lon="-118.136358"/>
      <trkpt lat="36.171947" lon="-118.136251"/>
      <trkpt lat="36.172005" lon="-118.136233"/>
      <trkpt lat="36.172080" lon="-118.136234"/>
      <trkpt lat="36.172150" lon="-118.136291"/>
      <trkpt lat="36.172187" lon="-118.136307"/>
      <trkpt lat="36.172239" lon="-118.136269"/>
      <trkpt lat="36.172288" lon="-118.136275"/>
      <trkpt lat="36.172308" lon="-118.136340"/>
      <trkpt lat="36.172397" lon="-118.136456"/>
      <trkpt lat="36.172460" lon="-118.136605"/>
      <trkpt lat="36.172502" lon="-118.136629"/>
      <trkpt lat="36.172661" lon="-118.136707"/>
      <trkpt lat="36.172772" lon="-118.136747"/>
      <trkpt lat="36.172864" lon="-118.136733"/>
      <trkpt lat="36.172933" lon="-118.136737"/>
      <trkpt lat="36.172972" lon="-118.136786"/>
      <trkpt lat="36.172998" lon="-118.136826"/>
      <trkpt lat="36.173022" lon="-118.136831"/>
      <trkpt lat="36.173074" lon="-118.136812"/>
      <trkpt lat="36.173091" lon="-118.136767"/>
      <trkpt lat="36.173102" lon="-118.136700"/>
      <trkpt lat="36.173148" lon="-118.136637"/>
      <trkpt lat="36.173283" lon="-118.136529"/>
      <trkpt lat="36.173366" lon="-118.136379"/>
      <trkpt lat="36.173628" lon="-118.136145"/>
      <trkpt lat="36.173692" lon="-118.136090"/>
      <trkpt lat="36.174132" lon="-118.135608"/>
      <trkpt lat="36.174193" lon="-118.135568"/>
      <trkpt lat="36.174409" lon="-118.135541"/>
      <trkpt lat="36.174504" lon="-118.135474"/>
      <trkpt lat="36.174788" lon="-118.135093"/>
      <trkpt lat="36.175197" lon="-118.134822"/>
      <trkpt lat="36.175264" lon="-118.134822"/>
      <trkpt lat="36.175312" lon="-118.134798"/>
      <trkpt lat="36.175381" lon="-118.134686"/>
      <trkpt lat="36.175470" lon="-118.134629"/>
      <trkpt lat="36.175669" lon="-118.134589"/>
      <trkpt lat="36.175714" lon="-118.134557"/>
      <trkpt lat="36.175762" lon="-118.134542"/>
      <trkpt lat="36.175814" lon="-118.134531"/>
      <trkpt lat="36.175837" lon="-118.134508"/>
      <trkpt lat="36.175999" lon="-118.134394"/>
      <trkpt lat="36.176091" lon="-118.134296"/>
      <trkpt lat="36.176230" lon="-118.134191"/>
      <trkpt lat="36.176292" lon="-118.134164"/>
      <trkpt lat="36.176390" lon="-118.134178"/>
      <trkpt lat="36.176460" lon="-118.134211"/>
      <trkpt lat="36.176523" lon="-118.134227"/>
      <trkpt lat="36.176633" lon="-118.134240"/>
      <trkpt lat="36.176681" lon="-118.134272"/>
      <trkpt lat="36.176707" lon="-118.134337"/>
      <trkpt lat="36.176712" lon="-118.134375"/>
      <trkpt lat="36.176723" lon="-118.134401"/>
      <trkpt lat="36.176874" lon="-118.134726"/>
      <trkpt lat="36.176904" lon="-118.134817"/>
      <trkpt lat="36.176910" lon="-118.134891"/>
      <trkpt lat="36.176907" lon="-118.134958"/>
      <trkpt lat="36.176898" lon="-118.134993"/>
      <trkpt lat="36.176904" lon="-118.135011"/>
      <trkpt lat="36.176973" lon="-118.135046"/>
      <trkpt lat="36.177005" lon="-118.135091"/>
      <trkpt lat="36.177047" lon="-118.135105"/>
      <trkpt lat="36.177133" lon="-118.135147"/>
      <trkpt lat="36.177190" lon="-118.135178"/>
      <trkpt lat="36.177224" lon="-118.135206"/>
      <trkpt lat="36.177253" lon="-118.135235"/>
      <trkpt lat="36.177323" lon="-118.135339"/>
      <trkpt lat="36.177352" lon="-118.135367"/>
      <trkpt lat="36.177406" lon="-118.135402"/>
      <trkpt lat="36.177502" lon="-118.135475"/>
      <trkpt lat="36.177530" lon="-118.135521"/>
      <trkpt lat="36.177555" lon="-118.135551"/>
      <trkpt lat="36.177589" lon="-118.135558"/>
      <trkpt lat="36.177631" lon="-118.135554"/>
      <trkpt lat="36.177675" lon="-118.135574"/>
      <trkpt lat="36.177704" lon="-118.135620"/>
      <trkpt lat="36.177717" lon="-118.135664"/>
      <trkpt lat="36.177721" lon="-118.135703"/>
      <trkpt lat="36.177731" lon="-118.135734"/>
      <trkpt lat="36.177753" lon="-118.135742"/>
      <trkpt lat="36.177778" lon="-118.135726"/>
      <trkpt lat="36.177891" lon="-118.135711"/>
      <trkpt lat="36.177921" lon="-118.135695"/>
      <trkpt lat="36.177962" lon="-118.135694"/>
      <trkpt lat="36.177982" lon="-118.135699"/>
      <trkpt lat="36.178003" lon="-118.135722"/>
      <trkpt lat="36.178028" lon="-118.135784"/>
      <trkpt lat="36.178044" lon="-118.135801"/>
      <trkpt lat="36.178065" lon="-118.135799"/>
      <trkpt lat="36.178072" lon="-118.135780"/>
      <trkpt lat="36.178101" lon="-118.135751"/>
      <trkpt lat="36.178180" lon="-118.135715"/>
      <trkpt lat="36.178235" lon="-118.135677"/>
      <trkpt lat="36.178289" lon="-118.135633"/>
      <trkpt lat="36.178396" lon="-118.135593"/>
      <trkpt lat="36.178568" lon="-118.135544"/>
      <trkpt lat="36.178630" lon="-118.135515"/>
      <trkpt lat="36.178725" lon="-118.135424"/>
      <trkpt lat="36.178929" lon="-118.135300"/>
      <trkpt lat="36.179170" lon="-118.135200"/>
      <trkpt lat="36.179229" lon="-118.135170"/>
      <trkpt lat="36.179253" lon="-118.135118"/>
      <trkpt lat="36.179256" lon="-118.135063"/>
      <trkpt lat="36.179291" lon="-118.134961"/>
      <trkpt lat="36.179313" lon="-118.134879"/>
      <trkpt lat="36.179320" lon="-118.134807"/>
      <trkpt lat="36.179358" lon="-118.134660"/>
      <trkpt lat="36.179379" lon="-118.134550"/>
      <trkpt lat="36.179404" lon="-118.134453"/>
      <trkpt lat="36.179440" lon="-118.134360"/>
      <trkpt lat="36.179486" lon="-118.134274"/>
      <trkpt lat="36.179511" lon="-118.134244"/>
      <trkpt lat="36.179529" lon="-118.134192"/>
      <trkpt lat="36.179605" lon="-118.134066"/>
      <trkpt lat="36.179625" lon="-118.134007"/>
      <trkpt lat="36.179657" lon="-118.133938"/>
      <trkpt lat="36.179727" lon="-118.133820"/>
      <trkpt lat="36.179786" lon="-118.133711"/>
      <trkpt lat="36.179856" lon="-118.133520"/>
      <trkpt lat="36.179965" lon="-118.133332"/>
      <trkpt lat="36.180037" lon="-118.133243"/>
      <trkpt lat="36.180207" lon="-118.133076"/>
      <trkpt lat="36.180288" lon="-118.133018"/>
      <trkpt lat="36.180458" lon="-118.132862"/>
      <trkpt lat="36.180568" lon="-118.132732"/>
      <trkpt lat="36.180619" lon="-118.132662"/>
      <trkpt lat="36.180656" lon="-118.132620"/>
      <trkpt lat="36.180717" lon="-118.132582"/>
      <trkpt lat="36.180813" lon="-118.132542"/>
      <trkpt lat="36.181129" lon="-118.132397"/>
      <trkpt lat="36.181467" lon="-118.132193"/>
      <trkpt lat="36.181511" lon="-118.132147"/>
      <trkpt lat="36.181582" lon="-118.132097"/>
      <trkpt lat="36.181637" lon="-118.132043"/>
      <trkpt lat="36.181723" lon="-118.131919"/>
      <trkpt lat="36.181753" lon="-118.131885"/>
      <trkpt lat="36.181841" lon="-118.131834"/>
      <trkpt lat="36.181942" lon="-118.131787"/>
      <trkpt lat="36.182001" lon="-118.131738"/>
      <trkpt lat="36.182073" lon="-118.131651"/>
      <trkpt lat="36.182125" lon="-118.131580"/>
      <trkpt lat="36.182209" lon="-118.131447"/>
      <trkpt lat="36.182230" lon="-118.131423"/>
      <trkpt lat="36.182259" lon="-118.131413"/>
      <trkpt lat="36.182285" lon="-118.131390"/>
      <trkpt lat="36.182322" lon="-118.131366"/>
      <trkpt lat="36.182393" lon="-118.131367"/>
      <trkpt lat="36.182411" lon="-118.131356"/>
      <trkpt lat="36.182417" lon="-118.131323"/>
      <trkpt lat="36.182429" lon="-118.131290"/>
      <trkpt lat="36.182448" lon="-118.131258"/>
      <trkpt lat="36.182454" lon="-118.131211"/>
      <trkpt lat="36.182435" lon="-118.130987"/>
      <trkpt lat="36.182389" lon="-118.130793"/>
      <trkpt lat="36.182345" lon="-118.130527"/>
      <trkpt lat="36.182198" lon="-118.130092"/>
      <trkpt lat="36.182171" lon="-118.129959"/>
      <trkpt lat="36.182160" lon="-118.129928"/>
      <trkpt lat="36.182085" lon="-118.129827"/>
      <trkpt lat="36.182070" lon="-118.129747"/>
      <trkpt lat="36.182054" lon="-118.129477"/>
      <trkpt lat="36.182065" lon="-118.129402"/>
      <trkpt lat="36.182036" lon="-118.129171"/>
      <trkpt lat="36.181987" lon="-118.129059"/>
      <trkpt lat="36.181970" lon="-118.129025"/>
      <trkpt lat="36.181954" lon="-118.128946"/>
      <trkpt lat="36.181960" lon="-118.128914"/>
    </trkseg>
    <trkseg>
      <trkpt lat="36.181960" lon="-118.128914"/>
      <trkpt lat="36.182078" lon="-118.128709"/>
    </trkseg>
    <trkseg>
      <trkpt lat="36.182078" lon="-118.128709"/>
      <trkpt lat="36.182139" lon="-118.128609"/>
      <trkpt lat="36.182352" lon="-118.128366"/>
      <trkpt lat="36.182566" lon="-118.128283"/>
      <trkpt lat="36.182646" lon="-118.128290"/>
    </trkseg>
    <trkseg>
      <trkpt lat="36.182646" lon="-118.128290"/>
      <trkpt lat="36.182793" lon="-118.128398"/>
      <trkpt lat="36.182981" lon="-118.128549"/>
      <trkpt lat="36.183097" lon="-118.128630"/>
      <trkpt lat="36.183221" lon="-118.128699"/>
      <trkpt lat="36.183378" lon="-118.128758"/>
      <trkpt lat="36.183611" lon="-118.128822"/>
      <trkpt lat="36.183738" lon="-118.128866"/>
      <trkpt lat="36.183900" lon="-118.128969"/>
    </trkseg>
    <trkseg>
      <trkpt lat="36.183900" lon="-118.128969"/>
      <trkpt lat="36.183950" lon="-118.128986"/>
      <trkpt lat="36.184014" lon="-118.128984"/>
      <trkpt lat="36.184058" lon="-118.128991"/>
      <trkpt lat="36.184141" lon="-118.129025"/>
      <trkpt lat="36.184209" lon="-118.129041"/>
      <trkpt lat="36.184297" lon="-118.129092"/>
      <trkpt lat="36.184445" lon="-118.129218"/>
      <trkpt lat="36.184500" lon="-118.129279"/>
      <trkpt lat="36.184621" lon="-118.129434"/>
      <trkpt lat="36.184764" lon="-118.129564"/>
      <trkpt lat="36.184810" lon="-118.129596"/>
      <trkpt lat="36.184872" lon="-118.129672"/>
      <trkpt lat="36.184943" lon="-118.129746"/>
      <trkpt lat="36.185043" lon="-118.129858"/>
      <trkpt lat="36.185134" lon="-118.130018"/>
      <trkpt lat="36.185163" lon="-118.130063"/>
      <trkpt lat="36.185204" lon="-118.130110"/>
      <trkpt lat="36.185388" lon="-118.130270"/>
      <trkpt lat="36.185512" lon="-118.130346"/>
      <trkpt lat="36.185634" lon="-118.130483"/>
      <trkpt lat="36.185660" lon="-118.130521"/>
      <trkpt lat="36.185680" lon="-118.130530"/>
      <trkpt lat="36.185702" lon="-118.130555"/>
      <trkpt lat="36.185760" lon="-118.130569"/>
      <trkpt lat="36.185807" lon="-118.130594"/>
      <trkpt lat="36.185840" lon="-118.130619"/>
      <trkpt lat="36.185852" lon="-118.130646"/>
      <trkpt lat="36.185854" lon="-118.130687"/>
      <trkpt lat="36.185850" lon="-118.130763"/>
      <trkpt lat="36.185855" lon="-118.130828"/>
      <trkpt lat="36.185887" lon="-118.130871"/>
      <trkpt lat="36.185943" lon="-118.130907"/>
      <trkpt lat="36.185984" lon="-118.130953"/>
      <trkpt lat="36.186096" lon="-118.131144"/>
      <trkpt lat="36.186146" lon="-118.131282"/>
      <trkpt lat="36.186161" lon="-118.131319"/>
      <trkpt lat="36.186191" lon="-118.131362"/>
      <trkpt lat="36.186359" lon="-118.131501"/>
      <trkpt lat="36.186396" lon="-118.131555"/>
      <trkpt lat="36.186428" lon="-118.131611"/>
      <trkpt lat="36.186453" lon="-118.131693"/>
      <trkpt lat="36.186475" lon="-118.131781"/>
      <trkpt lat="36.186597" lon="-118.131981"/>
      <trkpt lat="36.186664" lon="-118.132184"/>
      <trkpt lat="36.186730" lon="-118.132283"/>
      <trkpt lat="36.186735" lon="-118.132306"/>
      <trkpt lat="36.186731" lon="-118.132326"/>
      <trkpt lat="36.186713" lon="-118.132340"/>
      <trkpt lat="36.186698" lon="-118.132369"/>
      <trkpt lat="36.186675" lon="-118.132463"/>
      <trkpt lat="36.186685" lon="-118.132624"/>
      <trkpt lat="36.186709" lon="-118.132824"/>
      <trkpt lat="36.186749" lon="-118.132955"/>
      <trkpt lat="36.186817" lon="-118.133134"/>
      <trkpt lat="36.186865" lon="-118.133315"/>
      <trkpt lat="36.186907" lon="-118.133442"/>
      <trkpt lat="36.186946" lon="-118.133507"/>
      <trkpt lat="36.187009" lon="-118.133590"/>
      <trkpt lat="36.187089" lon="-118.133659"/>
      <trkpt lat="36.187134" lon="-118.133687"/>
      <trkpt lat="36.187201" lon="-118.133715"/>
      <trkpt lat="36.187340" lon="-118.133742"/>
      <trkpt lat="36.187355" lon="-118.133761"/>
      <trkpt lat="36.187382" lon="-118.133822"/>
      <trkpt lat="36.187428" lon="-118.133875"/>
      <trkpt lat="36.187455" lon="-118.133920"/>
      <trkpt lat="36.187474" lon="-118.133962"/>
      <trkpt lat="36.187497" lon="-118.133992"/>
      <trkpt lat="36.187538" lon="-118.134030"/>
      <trkpt lat="36.187585" lon="-118.134087"/>
      <trkpt lat="36.187678" lon="-118.134180"/>
      <trkpt lat="36.187718" lon="-118.134187"/>
      <trkpt lat="36.187781" lon="-118.134235"/>
      <trkpt lat="36.187805" lon="-118.134240"/>
      <trkpt lat="36.187956" lon="-118.134197"/>
      <trkpt lat="36.188042" lon="-118.134177"/>
      <trkpt lat="36.188084" lon="-118.134153"/>
      <trkpt lat="36.188203" lon="-118.134120"/>
      <trkpt lat="36.188239" lon="-118.134103"/>
      <trkpt lat="36.188297" lon="-118.134067"/>
      <trkpt lat="36.188330" lon="-118.134057"/>
      <trkpt lat="36.188363" lon="-118.134067"/>
      <trkpt lat="36.188466" lon="-118.134079"/>
      <trkpt lat="36.188495" lon="-118.134095"/>
      <trkpt lat="36.188583" lon="-118.134091"/>
      <trkpt lat="36.188689" lon="-118.134093"/>
      <trkpt lat="36.188763" lon="-118.134086"/>
      <trkpt lat="36.188837" lon="-118.134093"/>
      <trkpt lat="36.188901" lon="-118.134087"/>
      <trkpt lat="36.188977" lon="-118.134095"/>
      <trkpt lat="36.189022" lon="-118.134088"/>
      <trkpt lat="36.189059" lon="-118.134094"/>
      <trkpt lat="36.189106" lon="-118.134137"/>
      <trkpt lat="36.189151" lon="-118.134166"/>
      <trkpt lat="36.189366" lon="-118.134234"/>
      <trkpt lat="36.189411" lon="-118.134277"/>
      <trkpt lat="36.189434" lon="-118.134319"/>
      <trkpt lat="36.189460" lon="-118.134351"/>
      <trkpt lat="36.189488" lon="-118.134362"/>
      <trkpt lat="36.189537" lon="-118.134431"/>
      <trkpt lat="36.189542" lon="-118.134471"/>
      <trkpt lat="36.189533" lon="-118.134515"/>
      <trkpt lat="36.189538" lon="-118.134571"/>
      <trkpt lat="36.189591" lon="-118.134658"/>
      <trkpt lat="36.189767" lon="-118.134781"/>
      <trkpt lat="36.189798" lon="-118.134813"/>
      <trkpt lat="36.189871" lon="-118.134871"/>
      <trkpt lat="36.189907" lon="-118.134873"/>
      <trkpt lat="36.189951" lon="-118.134863"/>
      <trkpt lat="36.190085" lon="-118.134903"/>
      <trkpt lat="36.190126" lon="-118.134925"/>
      <trkpt lat="36.190179" lon="-118.134937"/>
      <trkpt lat="36.190252" lon="-118.134923"/>
      <trkpt lat="36.190312" lon="-118.134894"/>
      <trkpt lat="36.190356" lon="-118.134879"/>
      <trkpt lat="36.190469" lon="-118.134881"/>
      <trkpt lat="36.190512" lon="-118.134897"/>
      <trkpt lat="36.190572" lon="-118.134903"/>
      <trkpt lat="36.190626" lon="-118.134887"/>
      <trkpt lat="36.190788" lon="-118.134887"/>
      <trkpt lat="36.190829" lon="-118.134881"/>
      <trkpt lat="36.190854" lon="-118.134862"/>
      <trkpt lat="36.190983" lon="-118.134875"/>
      <trkpt lat="36.191071" lon="-118.134853"/>
      <trkpt lat="36.191156" lon="-118.134797"/>
      <trkpt lat="36.191226" lon="-118.134770"/>
      <trkpt lat="36.191358" lon="-118.134785"/>
      <trkpt lat="36.191464" lon="-118.134779"/>
      <trkpt lat="36.191506" lon="-118.134769"/>
      <trkpt lat="36.191558" lon="-118.134725"/>
      <trkpt lat="36.191623" lon="-118.134703"/>
      <trkpt lat="36.191692" lon="-118.134689"/>
      <trkpt lat="36.191706" lon="-118.134667"/>
      <trkpt lat="36.191726" lon="-118.134650"/>
      <trkpt lat="36.191747" lon="-118.134655"/>
      <trkpt lat="36.191754" lon="-118.134666"/>
      <trkpt lat="36.191754" lon="-118.134701"/>
      <trkpt lat="36.191763" lon="-118.134732"/>
      <trkpt lat="36.191785" lon="-118.134757"/>
      <trkpt lat="36.191825" lon="-118.134781"/>
      <trkpt lat="36.191974" lon="-118.134798"/>
      <trkpt lat="36.192043" lon="-118.134790"/>
      <trkpt lat="36.192101" lon="-118.134814"/>
      <trkpt lat="36.192179" lon="-118.134813"/>
      <trkpt lat="36.192213" lon="-118.134825"/>
      <trkpt lat="36.192242" lon="-118.134823"/>
      <trkpt lat="36.192296" lon="-118.134806"/>
      <trkpt lat="36.192396" lon="-118.134785"/>
      <trkpt lat="36.192462" lon="-118.134761"/>
      <trkpt lat="36.192535" lon="-118.134750"/>
      <trkpt lat="36.192562" lon="-118.134755"/>
      <trkpt lat="36.192582" lon="-118.134768"/>
      <trkpt lat="36.192641" lon="-118.134833"/>
      <trkpt lat="36.192800" lon="-118.134853"/>
      <trkpt lat="36.192950" lon="-118.134895"/>
      <trkpt lat="36.192962" lon="-118.134933"/>
      <trkpt lat="36.192957" lon="-118.134958"/>
      <trkpt lat="36.192942" lon="-118.134987"/>
      <trkpt lat="36.192942" lon="-118.135076"/>
      <trkpt lat="36.192921" lon="-118.135115"/>
      <trkpt lat="36.192911" lon="-118.135143"/>
      <trkpt lat="36.192912" lon="-118.135163"/>
      <trkpt lat="36.192979" lon="-118.135314"/>
      <trkpt lat="36.192974" lon="-118.135384"/>
      <trkpt lat="36.192997" lon="-118.135459"/>
      <trkpt lat="36.193024" lon="-118.135521"/>
      <trkpt lat="36.193043" lon="-118.135589"/>
      <trkpt lat="36.193065" lon="-118.135625"/>
      <trkpt lat="36.193084" lon="-118.135638"/>
      <trkpt lat="36.193102" lon="-118.135645"/>
      <trkpt lat="36.193211" lon="-118.135649"/>
      <trkpt lat="36.193238" lon="-118.135677"/>
      <trkpt lat="36.193243" lon="-118.135699"/>
      <trkpt lat="36.193237" lon="-118.135713"/>
      <trkpt lat="36.193220" lon="-118.135728"/>
      <trkpt lat="36.193193" lon="-118.135820"/>
      <trkpt lat="36.193197" lon="-118.135895"/>
      <trkpt lat="36.193196" lon="-118.135965"/>
      <trkpt lat="36.193187" lon="-118.136048"/>
      <trkpt lat="36.193187" lon="-118.136092"/>
      <trkpt lat="36.193191" lon="-118.136127"/>
      <trkpt lat="36.193205" lon="-118.136160"/>
      <trkpt lat="36.193232" lon="-118.136193"/>
      <trkpt lat="36.193269" lon="-118.136220"/>
      <trkpt lat="36.193302" lon="-118.136228"/>
      <trkpt lat="36.193366" lon="-118.136257"/>
      <trkpt lat="36.193482" lon="-118.136321"/>
      <trkpt lat="36.193531" lon="-118.136336"/>
      <trkpt lat="36.193574" lon="-118.136371"/>
      <trkpt lat="36.193713" lon="-118.136440"/>
      <trkpt lat="36.193791" lon="-118.136487"/>
      <trkpt lat="36.193948" lon="-118.136548"/>
      <trkpt lat="36.194093" lon="-118.136622"/>
      <trkpt lat="36.194160" lon="-118.136669"/>
      <trkpt lat="36.194369" lon="-118.136721"/>
      <trkpt lat="36.194414" lon="-118.136715"/>
      <trkpt lat="36.194491" lon="-118.136728"/>
      <trkpt lat="36.194538" lon="-118.136730"/>
      <trkpt lat="36.194599" lon="-118.136721"/>
      <trkpt lat="36.194634" lon="-118.136702"/>
      <trkpt lat="36.194721" lon="-118.136625"/>
      <trkpt lat="36.194870" lon="-118.136535"/>
      <trkpt lat="36.195130" lon="-118.136306"/>
      <trkpt lat="36.195211" lon="-118.136242"/>
      <trkpt lat="36.195240" lon="-118.136212"/>
      <trkpt lat="36.195286" lon="-118.136207"/>
      <trkpt lat="36.195377" lon="-118.136220"/>
      <trkpt lat="36.195427" lon="-118.136214"/>
      <trkpt lat="36.195456" lon="-118.136208"/>
      <trkpt lat="36.195474" lon="-118.136194"/>
      <trkpt lat="36.195493" lon="-118.136164"/>
      <trkpt lat="36.195518" lon="-118.136161"/>
      <trkpt lat="36.195570" lon="-118.136291"/>
      <trkpt lat="36.195668" lon="-118.136436"/>
      <trkpt lat="36.195696" lon="-118.136471"/>
      <trkpt lat="36.195722" lon="-118.136491"/>
      <trkpt lat="36.195805" lon="-118.136524"/>
      <trkpt lat="36.195829" lon="-118.136538"/>
      <trkpt lat="36.195852" lon="-118.136567"/>
      <trkpt lat="36.195891" lon="-118.136673"/>
      <trkpt lat="36.195922" lon="-118.136719"/>
      <trkpt lat="36.195952" lon="-118.136759"/>
      <trkpt lat="36.195984" lon="-118.136790"/>
      <trkpt lat="36.196045" lon="-118.136837"/>
      <trkpt lat="36.196085" lon="-118.136853"/>
      <trkpt lat="36.196130" lon="-118.136857"/>
      <trkpt lat="36.196310" lon="-118.136825"/>
      <trkpt lat="36.196413" lon="-118.136817"/>
      <trkpt lat="36.196468" lon="-118.136822"/>
      <trkpt lat="36.196494" lon="-118.136819"/>
      <trkpt lat="36.196561" lon="-118.136790"/>
      <trkpt lat="36.196603" lon="-118.136759"/>
      <trkpt lat="36.196664" lon="-118.136737"/>
      <trkpt lat="36.196688" lon="-118.136719"/>
      <trkpt lat="36.196704" lon="-118.136697"/>
      <trkpt lat="36.196708" lon="-118.136647"/>
      <trkpt lat="36.196729" lon="-118.136567"/>
      <trkpt lat="36.196754" lon="-118.136495"/>
      <trkpt lat="36.196778" lon="-118.136362"/>
      <trkpt lat="36.196775" lon="-118.136312"/>
      <trkpt lat="36.196784" lon="-118.136276"/>
      <trkpt lat="36.196811" lon="-118.136268"/>
      <trkpt lat="36.196849" lon="-118.136232"/>
      <trkpt lat="36.196895" lon="-118.136169"/>
      <trkpt lat="36.196914" lon="-118.136138"/>
      <trkpt lat="36.196937" lon="-118.136088"/>
      <trkpt lat="36.196961" lon="-118.136057"/>
      <trkpt lat="36.197027" lon="-118.136052"/>
      <trkpt lat="36.197057" lon="-118.136038"/>
      <trkpt lat="36.197166" lon="-118.136011"/>
      <trkpt lat="36.197291" lon="-118.135973"/>
      <trkpt lat="36.197304" lon="-118.135965"/>
      <trkpt lat="36.197329" lon="-118.135968"/>
      <trkpt lat="36.197341" lon="-118.135974"/>
      <trkpt lat="36.197348" lon="-118.136004"/>
      <trkpt lat="36.197349" lon="-118.136049"/>
      <trkpt lat="36.197367" lon="-118.136088"/>
      <trkpt lat="36.197405" lon="-118.136123"/>
      <trkpt lat="36.197454" lon="-118.136143"/>
      <trkpt lat="36.197534" lon="-118.136149"/>
      <trkpt lat="36.197643" lon="-118.136143"/>
      <trkpt lat="36.197680" lon="-118.136132"/>
      <trkpt lat="36.197707" lon="-118.136118"/>
      <trkpt lat="36.197743" lon="-118.136131"/>
      <trkpt lat="36.197825" lon="-118.136174"/>
      <trkpt lat="36.197842" lon="-118.136190"/>
      <trkpt lat="36.197857" lon="-118.136213"/>
      <trkpt lat="36.197937" lon="-118.136265"/>
      <trkpt lat="36.198062" lon="-118.136363"/>
      <trkpt lat="36.198132" lon="-118.136409"/>
      <trkpt lat="36.198185" lon="-118.136426"/>
      <trkpt lat="36.198210" lon="-118.136446"/>
      <trkpt lat="36.198247" lon="-118.136526"/>
      <trkpt lat="36.198274" lon="-118.136574"/>
      <trkpt lat="36.198298" lon="-118.136602"/>
      <trkpt lat="36.198312" lon="-118.136642"/>
      <trkpt lat="36.198341" lon="-118.136696"/>
      <trkpt lat="36.198364" lon="-118.136733"/>
      <trkpt lat="36.198395" lon="-118.136756"/>
      <trkpt lat="36.198473" lon="-118.136786"/>
      <trkpt lat="36.198528" lon="-118.136799"/>
      <trkpt lat="36.198653" lon="-118.136867"/>
      <trkpt lat="36.198707" lon="-118.136863"/>
      <trkpt lat="36.198791" lon="-118.136876"/>
      <trkpt lat="36.198883" lon="-118.136864"/>
      <trkpt lat="36.198932" lon="-118.136872"/>
      <trkpt lat="36.198957" lon="-118.136891"/>
      <trkpt lat="36.198990" lon="-118.136944"/>
      <trkpt lat="36.199015" lon="-118.137004"/>
      <trkpt lat="36.199064" lon="-118.137059"/>
      <trkpt lat="36.199109" lon="-118.137093"/>
      <trkpt lat="36.199148" lon="-118.137113"/>
      <trkpt lat="36.199210" lon="-118.137131"/>
      <trkpt lat="36.199301" lon="-118.137141"/>
      <trkpt lat="36.199464" lon="-118.137191"/>
      <trkpt lat="36.199565" lon="-118.137229"/>
      <trkpt lat="36.199636" lon="-118.137227"/>
      <trkpt lat="36.199672" lon="-118.137218"/>
      <trkpt lat="36.199706" lon="-118.137195"/>
      <trkpt lat="36.199740" lon="-118.137197"/>
      <trkpt lat="36.199790" lon="-118.137216"/>
      <trkpt lat="36.199885" lon="-118.137266"/>
      <trkpt lat="36.199931" lon="-118.137307"/>
      <trkpt lat="36.200032" lon="-118.137375"/>
      <trkpt lat="36.200191" lon="-118.137505"/>
      <trkpt lat="36.200276" lon="-118.137583"/>
      <trkpt lat="36.200313" lon="-118.137607"/>
      <trkpt lat="36.200381" lon="-118.137633"/>
      <trkpt lat="36.200445" lon="-118.137636"/>
      <trkpt lat="36.200502" lon="-118.137645"/>
      <trkpt lat="36.200537" lon="-118.137660"/>
      <trkpt lat="36.200571" lon="-118.137692"/>
      <trkpt lat="36.200624" lon="-118.137722"/>
      <trkpt lat="36.200651" lon="-118.137732"/>
      <trkpt lat="36.200676" lon="-118.137727"/>
      <trkpt lat="36.200697" lon="-118.137740"/>
      <trkpt lat="36.200726" lon="-118.137749"/>
      <trkpt lat="36.200807" lon="-118.137765"/>
      <trkpt lat="36.200910" lon="-118.137775"/>
      <trkpt lat="36.201019" lon="-118.137775"/>
      <trkpt lat="36.201124" lon="-118.137784"/>
      <trkpt lat="36.201205" lon="-118.137799"/>
      <trkpt lat="36.201272" lon="-118.137822"/>
      <trkpt lat="36.201500" lon="-118.137848"/>
      <trkpt lat="36.201713" lon="-118.137867"/>
      <trkpt lat="36.201948" lon="-118.137868"/>
      <trkpt lat="36.202000" lon="-118.137881"/>
      <trkpt lat="36.202118" lon="-118.137952"/>
      <trkpt lat="36.202249" lon="-118.138044"/>
      <trkpt lat="36.202396" lon="-118.138092"/>
      <trkpt lat="36.202478" lon="-118.138113"/>
      <trkpt lat="36.202581" lon="-118.138114"/>
      <trkpt lat="36.202663" lon="-118.138049"/>
      <trkpt lat="36.202682" lon="-118.138038"/>
      <trkpt lat="36.202705" lon="-118.138050"/>
      <trkpt lat="36.202766" lon="-118.138044"/>
      <trkpt lat="36.202841" lon="-118.138046"/>
      <trkpt lat="36.202880" lon="-118.138022"/>
      <trkpt lat="36.202933" lon="-118.138005"/>
      <trkpt lat="36.203041" lon="-118.137991"/>
      <trkpt lat="36.203132" lon="-118.137966"/>
      <trkpt lat="36.203260" lon="-118.137918"/>
      <trkpt lat="36.203402" lon="-118.137872"/>
      <trkpt lat="36.203523" lon="-118.137853"/>
      <trkpt lat="36.203841" lon="-118.137875"/>
      <trkpt lat="36.203953" lon="-118.137840"/>
      <trkpt lat="36.204047" lon="-118.137832"/>
      <trkpt lat="36.204161" lon="-118.137850"/>
      <trkpt lat="36.204299" lon="-118.137888"/>
      <trkpt lat="36.204570" lon="-118.137895"/>
      <trkpt lat="36.204777" lon="-118.137879"/>
      <trkpt lat="36.204927" lon="-118.137836"/>
      <trkpt lat="36.205013" lon="-118.137806"/>
      <trkpt lat="36.205138" lon="-118.137703"/>
      <trkpt lat="36.205183" lon="-118.137658"/>
      <trkpt lat="36.205286" lon="-118.137608"/>
      <trkpt lat="36.205460" lon="-118.137549"/>
      <trkpt lat="36.205720" lon="-118.137399"/>
      <trkpt lat="36.206145" lon="-118.137213"/>
      <trkpt lat="36.206390" lon="-118.137121"/>
      <trkpt lat="36.206538" lon="-118.137074"/>
      <trkpt lat="36.206744" lon="-118.136964"/>
      <trkpt lat="36.207014" lon="-118.136869"/>
      <trkpt lat="36.207112" lon="-118.136830"/>
      <trkpt lat="36.207242" lon="-118.136838"/>
      <trkpt lat="36.207396" lon="-118.136818"/>
      <trkpt lat="36.207501" lon="-118.136775"/>
      <trkpt lat="36.207616" lon="-118.136713"/>
      <trkpt lat="36.207807" lon="-118.136633"/>
      <trkpt lat="36.207979" lon="-118.136613"/>
      <trkpt lat="36.208192" lon="-118.136608"/>
      <trkpt lat="36.208260" lon="-118.136611"/>
      <trkpt lat="36.208363" lon="-118.136582"/>
      <trkpt lat="36.208410" lon="-118.136552"/>
      <trkpt lat="36.208444" lon="-118.136524"/>
      <trkpt lat="36.208464" lon="-118.136528"/>
      <trkpt lat="36.208472" lon="-118.136550"/>
      <trkpt lat="36.208488" lon="-118.136630"/>
      <trkpt lat="36.208539" lon="-118.136751"/>
      <trkpt lat="36.208561" lon="-118.136791"/>
      <trkpt lat="36.208658" lon="-118.136838"/>
      <trkpt lat="36.208718" lon="-118.136854"/>
      <trkpt lat="36.208773" lon="-118.136851"/>
      <trkpt lat="36.208829" lon="-118.136831"/>
      <trkpt lat="36.208895" lon="-118.136835"/>
      <trkpt lat="36.209129" lon="-118.136889"/>
      <trkpt lat="36.209455" lon="-118.136934"/>
      <trkpt lat="36.209684" lon="-118.136941"/>
      <trkpt lat="36.209866" lon="-118.136983"/>
      <trkpt lat="36.210035" lon="-118.137000"/>
      <trkpt lat="36.210225" lon="-118.136973"/>
      <trkpt lat="36.210428" lon="-118.136963"/>
      <trkpt lat="36.211026" lon="-118.136973"/>
      <trkpt lat="36.211267" lon="-118.136991"/>
      <trkpt lat="36.211438" lon="-118.137028"/>
      <trkpt lat="36.211663" lon="-118.137101"/>
      <trkpt lat="36.211765" lon="-118.137138"/>
      <trkpt lat="36.211862" lon="-118.137209"/>
      <trkpt lat="36.211956" lon="-118.137345"/>
      <trkpt lat="36.212023" lon="-118.137393"/>
      <trkpt lat="36.212166" lon="-118.137425"/>
      <trkpt lat="36.212288" lon="-118.137492"/>
      <trkpt lat="36.212376" lon="-118.137570"/>
      <trkpt lat="36.212478" lon="-118.137657"/>
      <trkpt lat="36.212621" lon="-118.137694"/>
      <trkpt lat="36.212764" lon="-118.137714"/>
      <trkpt lat="36.212847" lon="-118.137707"/>
      <trkpt lat="36.212925" lon="-118.137649"/>
      <trkpt lat="36.213030" lon="-118.137511"/>
      <trkpt lat="36.213093" lon="-118.137456"/>
      <trkpt lat="36.213175" lon="-118.137441"/>
      <trkpt lat="36.213283" lon="-118.137462"/>
      <trkpt lat="36.213345" lon="-118.137522"/>
      <trkpt lat="36.213490" lon="-118.137590"/>
      <trkpt lat="36.213543" lon="-118.137589"/>
      <trkpt lat="36.213589" lon="-118.137563"/>
      <trkpt lat="36.213693" lon="-118.137494"/>
      <trkpt lat="36.213874" lon="-118.137401"/>
      <trkpt lat="36.214044" lon="-118.137393"/>
      <trkpt lat="36.214196" lon="-118.137399"/>
      <trkpt lat="36.214338" lon="-118.137457"/>
      <trkpt lat="36.214472" lon="-118.137525"/>
      <trkpt lat="36.214614" lon="-118.137541"/>
      <trkpt lat="36.215088" lon="-118.137555"/>
      <trkpt lat="36.215235" lon="-118.137572"/>
      <trkpt lat="36.215421" lon="-118.137644"/>
      <trkpt lat="36.215727" lon="-118.137751"/>
      <trkpt lat="36.215882" lon="-118.137834"/>
      <trkpt lat="36.215956" lon="-118.137901"/>
      <trkpt lat="36.216207" lon="-118.138170"/>
      <trkpt lat="36.216378" lon="-118.138242"/>
      <trkpt lat="36.216560" lon="-118.138272"/>
      <trkpt lat="36.216811" lon="-118.138253"/>
      <trkpt lat="36.216947" lon="-118.138210"/>
      <trkpt lat="36.217324" lon="-118.138019"/>
      <trkpt lat="36.217580" lon="-118.137942"/>
      <trkpt lat="36.217856" lon="-118.137904"/>
      <trkpt lat="36.218228" lon="-118.137788"/>
      <trkpt lat="36.218442" lon="-118.137849"/>
      <trkpt lat="36.218641" lon="-118.137907"/>
      <trkpt lat="36.218711" lon="-118.137891"/>
      <trkpt lat="36.218810" lon="-118.137730"/>
      <trkpt lat="36.218959" lon="-118.137636"/>
      <trkpt lat="36.219133" lon="-118.137456"/>
      <trkpt lat="36.219225" lon="-118.137333"/>
      <trkpt lat="36.219574" lon="-118.137193"/>
      <trkpt lat="36.219814" lon="-118.137032"/>
      <trkpt lat="36.220050" lon="-118.136925"/>
      <trkpt lat="36.220314" lon="-118.136633"/>
      <trkpt lat="36.220520" lon="-118.136058"/>
      <trkpt lat="36.220702" lon="-118.135828"/>
      <trkpt lat="36.220865" lon="-118.135708"/>
      <trkpt lat="36.220935" lon="-118.135576"/>
      <trkpt lat="36.221030" lon="-118.135530"/>
      <trkpt lat="36.221488" lon="-118.135425"/>
      <trkpt lat="36.221678" lon="-118.135485"/>
      <trkpt lat="36.221814" lon="-118.135466"/>
      <trkpt lat="36.221865" lon="-118.135412"/>
      <trkpt lat="36.222037" lon="-118.135440"/>
      <trkpt lat="36.222439" lon="-118.135332"/>
      <trkpt lat="36.222514" lon="-118.135377"/>
      <trkpt lat="36.222816" lon="-118.135600"/>
      <trkpt lat="36.223454" lon="-118.135935"/>
      <trkpt lat="36.223685" lon="-118.135997"/>
      <trkpt lat="36.223943" lon="-118.135973"/>
      <trkpt lat="36.224396" lon="-118.135868"/>
      <trkpt lat="36.224605" lon="-118.135742"/>
      <trkpt lat="36.225077" lon="-118.135301"/>
      <trkpt lat="36.225367" lon="-118.135074"/>
      <trkpt lat="36.225659" lon="-118.134712"/>
      <trkpt lat="36.225793" lon="-118.134583"/>
      <trkpt lat="36.225907" lon="-118.134471"/>
      <trkpt lat="36.226029" lon="-118.134393"/>
      <trkpt lat="36.226102" lon="-118.134393"/>
      <trkpt lat="36.226135" lon="-118.134366"/>
      <trkpt lat="36.226141" lon="-118.134305"/>
      <trkpt lat="36.226115" lon="-118.134235"/>
      <trkpt lat="36.225992" lon="-118.133945"/>
      <trkpt lat="36.225962" lon="-118.133798"/>
      <trkpt lat="36.225967" lon="-118.133743"/>
      <trkpt lat="36.226006" lon="-118.133714"/>
      <trkpt lat="36.226098" lon="-118.133690"/>
      <trkpt lat="36.226179" lon="-118.133705"/>
      <trkpt lat="36.226245" lon="-118.133741"/>
      <trkpt lat="36.226332" lon="-118.133779"/>
      <trkpt lat="36.226533" lon="-118.133948"/>
      <trkpt lat="36.226656" lon="-118.134066"/>
      <trkpt lat="36.226777" lon="-118.134058"/>
      <trkpt lat="36.226853" lon="-118.134044"/>
      <trkpt lat="36.226969" lon="-118.134184"/>
      <trkpt lat="36.227041" lon="-118.134256"/>
      <trkpt lat="36.227099" lon="-118.134331"/>
      <trkpt lat="36.227128" lon="-118.134467"/>
      <trkpt lat="36.227183" lon="-118.134612"/>
      <trkpt lat="36.227198" lon="-118.134698"/>
      <trkpt lat="36.227271" lon="-118.134842"/>
      <trkpt lat="36.227311" lon="-118.134837"/>
      <trkpt lat="36.227363" lon="-118.134762"/>
      <trkpt lat="36.227369" lon="-118.134630"/>
      <trkpt lat="36.227303" lon="-118.134409"/>
      <trkpt lat="36.227277" lon="-118.134195"/>
      <trkpt lat="36.227351" lon="-118.133674"/>
      <trkpt lat="36.227327" lon="-118.133545"/>
      <trkpt lat="36.227240" lon="-118.133454"/>
      <trkpt lat="36.227108" lon="-118.133339"/>
      <trkpt lat="36.226959" lon="-118.133218"/>
      <trkpt lat="36.226835" lon="-118.133015"/>
      <trkpt lat="36.226793" lon="-118.132896"/>
      <trkpt lat="36.226741" lon="-118.132655"/>
      <trkpt lat="36.226773" lon="-118.132435"/>
      <trkpt lat="36.226775" lon="-118.132360"/>
      <trkpt lat="36.226743" lon="-118.132288"/>
      <trkpt lat="36.226677" lon="-118.132182"/>
      <trkpt lat="36.226667" lon="-118.132062"/>
      <trkpt lat="36.226684" lon="-118.131909"/>
      <trkpt lat="36.226628" lon="-118.131765"/>
      <trkpt lat="36.226565" lon="-118.131683"/>
      <trkpt lat="36.226429" lon="-118.131464"/>
      <trkpt lat="36.226342" lon="-118.131402"/>
      <trkpt lat="36.226165" lon="-118.131360"/>
      <trkpt lat="36.226027" lon="-118.131247"/>
      <trkpt lat="36.225868" lon="-118.131068"/>
      <trkpt lat="36.225806" lon="-118.131008"/>
      <trkpt lat="36.225682" lon="-118.130992"/>
      <trkpt lat="36.225596" lon="-118.130965"/>
      <trkpt lat="36.225522" lon="-118.130885"/>
      <trkpt lat="36.225423" lon="-118.130768"/>
      <trkpt lat="36.225401" lon="-118.130614"/>
      <trkpt lat="36.225317" lon="-118.130364"/>
      <trkpt lat="36.225280" lon="-118.130171"/>
      <trkpt lat="36.225200" lon="-118.129936"/>
      <trkpt lat="36.225073" lon="-118.129668"/>
      <trkpt lat="36.224925" lon="-118.129552"/>
      <trkpt lat="36.224637" lon="-118.129353"/>
      <trkpt lat="36.224443" lon="-118.129294"/>
      <trkpt lat="36.224342" lon="-118.129210"/>
      <trkpt lat="36.224178" lon="-118.129032"/>
      <trkpt lat="36.224116" lon="-118.128820"/>
      <trkpt lat="36.223998" lon="-118.128453"/>
      <trkpt lat="36.223990" lon="-118.128361"/>
      <trkpt lat="36.224038" lon="-118.128264"/>
      <trkpt lat="36.224287" lon="-118.127893"/>
      <trkpt lat="36.224348" lon="-118.127838"/>
      <trkpt lat="36.224486" lon="-118.127983"/>
      <trkpt lat="36.224683" lon="-118.128023"/>
      <trkpt lat="36.224949" lon="-118.127972"/>
      <trkpt lat="36.225131" lon="-118.127913"/>
      <trkpt lat="36.225228" lon="-118.127843"/>
      <trkpt lat="36.225271" lon="-118.127650"/>
      <trkpt lat="36.225271" lon="-118.127551"/>
      <trkpt lat="36.225337" lon="-118.127415"/>
      <trkpt lat="36.225445" lon="-118.127406"/>
      <trkpt lat="36.225659" lon="-118.127441"/>
      <trkpt lat="36.225832" lon="-118.127419"/>
      <trkpt lat="36.226176" lon="-118.127406"/>
      <trkpt lat="36.226550" lon="-118.127417"/>
      <trkpt lat="36.226719" lon="-118.127409"/>
      <trkpt lat="36.226810" lon="-118.127409"/>
      <trkpt lat="36.227078" lon="-118.127446"/>
      <trkpt lat="36.227530" lon="-118.127564"/>
      <trkpt lat="36.227652" lon="-118.127741"/>
      <trkpt lat="36.227698" lon="-118.127831"/>
      <trkpt lat="36.227732" lon="-118.127983"/>
      <trkpt lat="36.227742" lon="-118.128110"/>
      <trkpt lat="36.227712" lon="-118.128200"/>
      <trkpt lat="36.227713" lon="-118.128237"/>
      <trkpt lat="36.227736" lon="-118.128237"/>
      <trkpt lat="36.227777" lon="-118.128186"/>
      <trkpt lat="36.227852" lon="-118.128032"/>
      <trkpt lat="36.227879" lon="-118.127972"/>
      <trkpt lat="36.227893" lon="-118.127895"/>
      <trkpt lat="36.227915" lon="-118.127882"/>
      <trkpt lat="36.227935" lon="-118.127883"/>
      <trkpt lat="36.227954" lon="-118.127945"/>
      <trkpt lat="36.227992" lon="-118.128007"/>
      <trkpt lat="36.228052" lon="-118.128036"/>
      <trkpt lat="36.228160" lon="-118.128067"/>
      <trkpt lat="36.228246" lon="-118.128079"/>
      <trkpt lat="36.228354" lon="-118.128058"/>
      <trkpt lat="36.228410" lon="-118.128017"/>
      <trkpt lat="36.228480" lon="-118.127993"/>
      <trkpt lat="36.228533" lon="-118.128031"/>
      <trkpt lat="36.228588" lon="-118.128035"/>
      <trkpt lat="36.228638" lon="-118.127998"/>
      <trkpt lat="36.228660" lon="-118.127959"/>
      <trkpt lat="36.228766" lon="-118.127890"/>
      <trkpt lat="36.228809" lon="-118.127787"/>
      <trkpt lat="36.228832" lon="-118.127666"/>
      <trkpt lat="36.228876" lon="-118.127514"/>
      <trkpt lat="36.228895" lon="-118.127466"/>
      <trkpt lat="36.228933" lon="-118.127437"/>
      <trkpt lat="36.229018" lon="-118.127403"/>
      <trkpt lat="36.229083" lon="-118.127431"/>
      <trkpt lat="36.229178" lon="-118.127488"/>
      <trkpt lat="36.229249" lon="-118.127472"/>
      <trkpt lat="36.229307" lon="-118.127431"/>
      <trkpt lat="36.229357" lon="-118.127359"/>
      <trkpt lat="36.229394" lon="-118.127240"/>
      <trkpt lat="36.229400" lon="-118.127154"/>
      <trkpt lat="36.229424" lon="-118.126942"/>
      <trkpt lat="36.229431" lon="-118.126908"/>
      <trkpt lat="36.229461" lon="-118.126892"/>
      <trkpt lat="36.229507" lon="-118.126928"/>
      <trkpt lat="36.229550" lon="-118.126941"/>
      <trkpt lat="36.229605" lon="-118.126980"/>
      <trkpt lat="36.229650" lon="-118.127050"/>
      <trkpt lat="36.229812" lon="-118.127413"/>
      <trkpt lat="36.229925" lon="-118.127744"/>
      <trkpt lat="36.229938" lon="-118.127807"/>
      <trkpt lat="36.229942" lon="-118.127859"/>
      <trkpt lat="36.229931" lon="-118.127904"/>
      <trkpt lat="36.229912" lon="-118.127925"/>
      <trkpt lat="36.229912" lon="-118.127956"/>
      <trkpt lat="36.230010" lon="-118.127940"/>
      <trkpt lat="36.230086" lon="-118.127937"/>
      <trkpt lat="36.230135" lon="-118.127891"/>
      <trkpt lat="36.230213" lon="-118.127788"/>
      <trkpt lat="36.230282" lon="-118.127519"/>
      <trkpt lat="36.230279" lon="-118.127398"/>
      <trkpt lat="36.230196" lon="-118.127171"/>
      <trkpt lat="36.230175" lon="-118.127088"/>
      <trkpt lat="36.230190" lon="-118.127049"/>
      <trkpt lat="36.230199" lon="-118.127012"/>
      <trkpt lat="36.230196" lon="-118.126966"/>
      <trkpt lat="36.230179" lon="-118.126910"/>
      <trkpt lat="36.230190" lon="-118.126878"/>
      <trkpt lat="36.230221" lon="-118.126857"/>
      <trkpt lat="36.230277" lon="-118.126844"/>
      <trkpt lat="36.230303" lon="-118.126821"/>
      <trkpt lat="36.230312" lon="-118.126766"/>
      <trkpt lat="36.230317" lon="-118.126545"/>
      <trkpt lat="36.230336" lon="-118.126513"/>
      <trkpt lat="36.230425" lon="-118.126438"/>
      <trkpt lat="36.230510" lon="-118.126409"/>
      <trkpt lat="36.230566" lon="-118.126336"/>
      <trkpt lat="36.230577" lon="-118.126244"/>
      <trkpt lat="36.230594" lon="-118.126183"/>
      <trkpt lat="36.230634" lon="-118.126124"/>
      <trkpt lat="36.230743" lon="-118.125939"/>
      <trkpt lat="36.230752" lon="-118.125890"/>
      <trkpt lat="36.230742" lon="-118.125818"/>
      <trkpt lat="36.230675" lon="-118.125695"/>
      <trkpt lat="36.230644" lon="-118.125650"/>
      <trkpt lat="36.230629" lon="-118.125603"/>
      <trkpt lat="36.230627" lon="-118.125518"/>
      <trkpt lat="36.230615" lon="-118.125410"/>
      <trkpt lat="36.230619" lon="-118.125338"/>
      <trkpt lat="36.230606" lon="-118.125294"/>
      <trkpt lat="36.230593" lon="-118.125228"/>
      <trkpt lat="36.230589" lon="-118.125152"/>
      <trkpt lat="36.230596" lon="-118.124980"/>
      <trkpt lat="36.230612" lon="-118.124906"/>
      <trkpt lat="36.230604" lon="-118.124839"/>
      <trkpt lat="36.230590" lon="-118.124771"/>
      <trkpt lat="36.230566" lon="-118.124710"/>
      <trkpt lat="36.230514" lon="-118.124635"/>
      <trkpt lat="36.230513" lon="-118.124540"/>
      <trkpt lat="36.230522" lon="-118.124505"/>
      <trkpt lat="36.230506" lon="-118.124443"/>
      <trkpt lat="36.230522" lon="-118.124348"/>
      <trkpt lat="36.230517" lon="-118.124240"/>
      <trkpt lat="36.230487" lon="-118.124189"/>
      <trkpt lat="36.230446" lon="-118.124029"/>
      <trkpt lat="36.230463" lon="-118.123881"/>
      <trkpt lat="36.230459" lon="-118.123751"/>
      <trkpt lat="36.230440" lon="-118.123637"/>
      <trkpt lat="36.230435" lon="-118.123506"/>
      <trkpt lat="36.230410" lon="-118.123298"/>
      <trkpt lat="36.230402" lon="-118.123203"/>
      <trkpt lat="36.230382" lon="-118.123082"/>
      <trkpt lat="36.230397" lon="-118.123018"/>
      <trkpt lat="36.230471" lon="-118.122801"/>
      <trkpt lat="36.230512" lon="-118.122707"/>
      <trkpt lat="36.230517" lon="-118.122645"/>
      <trkpt lat="36.230530" lon="-118.122600"/>
      <trkpt lat="36.230575" lon="-118.122532"/>
      <trkpt lat="36.230648" lon="-118.122511"/>
      <trkpt lat="36.230686" lon="-118.122530"/>
      <trkpt lat="36.230688" lon="-118.122608"/>
      <trkpt lat="36.230705" lon="-118.122646"/>
      <trkpt lat="36.230730" lon="-118.122661"/>
      <trkpt lat="36.230806" lon="-118.122648"/>
      <trkpt lat="36.230948" lon="-118.122451"/>
      <trkpt lat="36.230959" lon="-118.122405"/>
      <trkpt lat="36.231022" lon="-118.122328"/>
      <trkpt lat="36.231070" lon="-118.122208"/>
      <trkpt lat="36.231154" lon="-118.122031"/>
      <trkpt lat="36.231206" lon="-118.121956"/>
      <trkpt lat="36.231296" lon="-118.121839"/>
      <trkpt lat="36.231358" lon="-118.121795"/>
      <trkpt lat="36.231417" lon="-118.121773"/>
      <trkpt lat="36.231484" lon="-118.121772"/>
      <trkpt lat="36.231528" lon="-118.121804"/>
      <trkpt lat="36.231558" lon="-118.121871"/>
      <trkpt lat="36.231565" lon="-118.121992"/>
      <trkpt lat="36.231563" lon="-118.122031"/>
      <trkpt lat="36.231525" lon="-118.122084"/>
      <trkpt lat="36.231503" lon="-118.122098"/>
      <trkpt lat="36.231489" lon="-118.122122"/>
      <trkpt lat="36.231492" lon="-118.122149"/>
      <trkpt lat="36.231516" lon="-118.122166"/>
      <trkpt lat="36.231598" lon="-118.122154"/>
      <trkpt lat="36.231626" lon="-118.122127"/>
      <trkpt lat="36.231721" lon="-118.122144"/>
      <trkpt lat="36.231847" lon="-118.122090"/>
      <trkpt lat="36.231901" lon="-118.122058"/>
      <trkpt lat="36.231992" lon="-118.122047"/>
      <trkpt lat="36.232027" lon="-118.122012"/>
      <trkpt lat="36.232036" lon="-118.121976"/>
      <trkpt lat="36.232022" lon="-118.121907"/>
      <trkpt lat="36.232022" lon="-118.121839"/>
      <trkpt lat="36.232038" lon="-118.121787"/>
      <trkpt lat="36.232097" lon="-118.121787"/>
      <trkpt lat="36.232166" lon="-118.121807"/>
      <trkpt lat="36.232383" lon="-118.121853"/>
      <trkpt lat="36.232450" lon="-118.121875"/>
      <trkpt lat="36.232570" lon="-118.121990"/>
      <trkpt lat="36.232629" lon="-118.122034"/>
      <trkpt lat="36.232664" lon="-118.122035"/>
      <trkpt lat="36.232678" lon="-118.122021"/>
      <trkpt lat="36.232684" lon="-118.121983"/>
      <trkpt lat="36.232687" lon="-118.121910"/>
      <trkpt lat="36.232702" lon="-118.121863"/>
      <trkpt lat="36.232713" lon="-118.121799"/>
      <trkpt lat="36.232751" lon="-118.121677"/>
      <trkpt lat="36.232758" lon="-118.121631"/>
      <trkpt lat="36.232734" lon="-118.121551"/>
      <trkpt lat="36.232738" lon="-118.121451"/>
      <trkpt lat="36.232706" lon="-118.121317"/>
      <trkpt lat="36.232669" lon="-118.121207"/>
      <trkpt lat="36.232610" lon="-118.121153"/>
      <trkpt lat="36.232483" lon="-118.121163"/>
      <trkpt lat="36.232485" lon="-118.121096"/>
      <trkpt lat="36.232506" lon="-118.121068"/>
      <trkpt lat="36.232511" lon="-118.121030"/>
      <trkpt lat="36.232478" lon="-118.120934"/>
      <trkpt lat="36.232457" lon="-118.120808"/>
      <trkpt lat="36.232507" lon="-118.120720"/>
      <trkpt lat="36.232578" lon="-118.120553"/>
      <trkpt lat="36.232608" lon="-118.120459"/>
      <trkpt lat="36.232617" lon="-118.120309"/>
      <trkpt lat="36.232681" lon="-118.120082"/>
      <trkpt lat="36.232825" lon="-118.119713"/>
      <trkpt lat="36.232866" lon="-118.119559"/>
      <trkpt lat="36.232859" lon="-118.119503"/>
      <trkpt lat="36.232911" lon="-118.119464"/>
      <trkpt lat="36.232950" lon="-118.119443"/>
      <trkpt lat="36.232980" lon="-118.119452"/>
      <trkpt lat="36.233050" lon="-118.119518"/>
      <trkpt lat="36.233069" lon="-118.119515"/>
      <trkpt lat="36.233112" lon="-118.119394"/>
      <trkpt lat="36.233266" lon="-118.119213"/>
      <trkpt lat="36.233330" lon="-118.119184"/>
      <trkpt lat="36.233588" lon="-118.119115"/>
      <trkpt lat="36.233647" lon="-118.119071"/>
      <trkpt lat="36.233698" lon="-118.118996"/>
      <trkpt lat="36.233776" lon="-118.118917"/>
      <trkpt lat="36.233824" lon="-118.118902"/>
      <trkpt lat="36.233885" lon="-118.118914"/>
      <trkpt lat="36.233975" lon="-118.118893"/>
      <trkpt lat="36.234109" lon="-118.118780"/>
      <trkpt lat="36.234140" lon="-118.118716"/>
      <trkpt lat="36.234229" lon="-118.118651"/>
      <trkpt lat="36.234227" lon="-118.118582"/>
      <trkpt lat="36.234273" lon="-118.118598"/>
      <trkpt lat="36.234350" lon="-118.118725"/>
      <trkpt lat="36.234382" lon="-118.118742"/>
      <trkpt lat="36.234433" lon="-118.118628"/>
      <trkpt lat="36.234457" lon="-118.118556"/>
      <trkpt lat="36.234512" lon="-118.118517"/>
      <trkpt lat="36.234565" lon="-118.118473"/>
      <trkpt lat="36.234589" lon="-118.118418"/>
      <trkpt lat="36.234657" lon="-118.118352"/>
      <trkpt lat="36.234712" lon="-118.118237"/>
      <trkpt lat="36.234811" lon="-118.118066"/>
      <trkpt lat="36.234867" lon="-118.117877"/>
      <trkpt lat="36.234936" lon="-118.117726"/>
      <trkpt lat="36.235014" lon="-118.117593"/>
      <trkpt lat="36.235045" lon="-118.117564"/>
      <trkpt lat="36.235077" lon="-118.117573"/>
      <trkpt lat="36.235142" lon="-118.117624"/>
      <trkpt lat="36.235220" lon="-118.117643"/>
      <trkpt lat="36.235250" lon="-118.117635"/>
      <trkpt lat="36.235275" lon="-118.117593"/>
      <trkpt lat="36.235341" lon="-118.117531"/>
      <trkpt lat="36.235412" lon="-118.117518"/>
      <trkpt lat="36.235458" lon="-118.117497"/>
      <trkpt lat="36.235513" lon="-118.117432"/>
      <trkpt lat="36.235555" lon="-118.117334"/>
      <trkpt lat="36.235653" lon="-118.117257"/>
      <trkpt lat="36.235714" lon="-118.117247"/>
      <trkpt lat="36.235757" lon="-118.117277"/>
      <trkpt lat="36.235800" lon="-118.117285"/>
      <trkpt lat="36.235864" lon="-118.117278"/>
      <trkpt lat="36.235961" lon="-118.117207"/>
      <trkpt lat="36.236040" lon="-118.117168"/>
      <trkpt lat="36.236138" lon="-118.117140"/>
      <trkpt lat="36.236256" lon="-118.117161"/>
      <trkpt lat="36.236426" lon="-118.117216"/>
      <trkpt lat="36.236753" lon="-118.117372"/>
      <trkpt lat="36.237061" lon="-118.117366"/>
      <trkpt lat="36.237173" lon="-118.117436"/>
      <trkpt lat="36.237212" lon="-118.117415"/>
      <trkpt lat="36.237301" lon="-118.117307"/>
      <trkpt lat="36.237458" lon="-118.117280"/>
      <trkpt lat="36.237625" lon="-118.117318"/>
      <trkpt lat="36.237829" lon="-118.117420"/>
      <trkpt lat="36.237948" lon="-118.117501"/>
      <trkpt lat="36.238043" lon="-118.117584"/>
      <trkpt lat="36.238203" lon="-118.117742"/>
      <trkpt lat="36.238988" lon="-118.118175"/>
      <trkpt lat="36.239198" lon="-118.118163"/>
      <trkpt lat="36.239462" lon="-118.117948"/>
      <trkpt lat="36.239815" lon="-118.117773"/>
      <trkpt lat="36.240087" lon="-118.117677"/>
      <trkpt lat="36.240228" lon="-118.117699"/>
      <trkpt lat="36.240430" lon="-118.117637"/>
      <trkpt lat="36.240624" lon="-118.117648"/>
      <trkpt lat="36.240843" lon="-118.117698"/>
      <trkpt lat="36.241295" lon="-118.117962"/>
      <trkpt lat="36.241701" lon="-118.118348"/>
      <trkpt lat="36.241814" lon="-118.118504"/>
      <trkpt lat="36.241913" lon="-118.118624"/>
      <trkpt lat="36.241963" lon="-118.118707"/>
      <trkpt lat="36.242145" lon="-118.118930"/>
      <trkpt lat="36.242391" lon="-118.119142"/>
      <trkpt lat="36.242480" lon="-118.119241"/>
      <trkpt lat="36.242530" lon="-118.119303"/>
      <trkpt lat="36.242605" lon="-118.119367"/>
      <trkpt lat="36.242709" lon="-118.119416"/>
      <trkpt lat="36.243107" lon="-118.119743"/>
      <trkpt lat="36.243183" lon="-118.119831"/>
      <trkpt lat="36.243432" lon="-118.120000"/>
      <trkpt lat="36.243559" lon="-118.120113"/>
      <trkpt lat="36.243765" lon="-118.120330"/>
      <trkpt lat="36.243843" lon="-118.120381"/>
      <trkpt lat="36.244001" lon="-118.120462"/>
      <trkpt lat="36.244310" lon="-118.120682"/>
      <trkpt lat="36.244647" lon="-118.120928"/>
      <trkpt lat="36.244945" lon="-118.121197"/>
      <trkpt lat="36.245072" lon="-118.121242"/>
      <trkpt lat="36.245134" lon="-118.121296"/>
      <trkpt lat="36.245303" lon="-118.121508"/>
      <trkpt lat="36.245623" lon="-118.121797"/>
      <trkpt lat="36.246062" lon="-118.122259"/>
      <trkpt lat="36.246259" lon="-118.122495"/>
      <trkpt lat="36.246484" lon="-118.122774"/>
      <trkpt lat="36.246679" lon="-118.122978"/>
      <trkpt lat="36.246745" lon="-118.123077"/>
      <trkpt lat="36.246800" lon="-118.123208"/>
      <trkpt lat="36.246852" lon="-118.123418"/>
      <trkpt lat="36.247110" lon="-118.123938"/>
      <trkpt lat="36.247180" lon="-118.124061"/>
      <trkpt lat="36.247267" lon="-118.124139"/>
      <trkpt lat="36.247336" lon="-118.124217"/>
      <trkpt lat="36.247397" lon="-118.124351"/>
      <trkpt lat="36.247503" lon="-118.124533"/>
      <trkpt lat="36.247645" lon="-118.124655"/>
      <trkpt lat="36.247845" lon="-118.124913"/>
      <trkpt lat="36.248258" lon="-118.125480"/>
      <trkpt lat="36.248528" lon="-118.125839"/>
      <trkpt lat="36.248732" lon="-118.126177"/>
      <trkpt lat="36.248807" lon="-118.126416"/>
      <trkpt lat="36.248963" lon="-118.126620"/>
      <trkpt lat="36.249125" lon="-118.126730"/>
      <trkpt lat="36.249238" lon="-118.126730"/>
      <trkpt lat="36.249430" lon="-118.126647"/>
      <trkpt lat="36.249560" lon="-118.126572"/>
      <trkpt lat="36.249670" lon="-118.126491"/>
      <trkpt lat="36.249835" lon="-118.126315"/>
      <trkpt lat="36.249915" lon="-118.126269"/>
      <trkpt lat="36.250118" lon="-118.126250"/>
      <trkpt lat="36.250246" lon="-118.126258"/>
      <trkpt lat="36.250406" lon="-118.126250"/>
      <trkpt lat="36.250624" lon="-118.126196"/>
      <trkpt lat="36.250990" lon="-118.126164"/>
      <trkpt lat="36.251184" lon="-118.126175"/>
      <trkpt lat="36.251303" lon="-118.126161"/>
      <trkpt lat="36.251427" lon="-118.126073"/>
      <trkpt lat="36.251931" lon="-118.125606"/>
      <trkpt lat="36.252167" lon="-118.125425"/>
      <trkpt lat="36.252618" lon="-118.124997"/>
      <trkpt lat="36.253042" lon="-118.124622"/>
      <trkpt lat="36.253192" lon="-118.124375"/>
      <trkpt lat="36.253373" lon="-118.124233"/>
      <trkpt lat="36.253553" lon="-118.124110"/>
      <trkpt lat="36.253677" lon="-118.124008"/>
      <trkpt lat="36.253797" lon="-118.123927"/>
      <trkpt lat="36.253946" lon="-118.123774"/>
      <trkpt lat="36.254126" lon="-118.123670"/>
      <trkpt lat="36.254517" lon="-118.123479"/>
      <trkpt lat="36.254786" lon="-118.123385"/>
      <trkpt lat="36.255113" lon="-118.123200"/>
      <trkpt lat="36.255300" lon="-118.123176"/>
      <trkpt lat="36.255495" lon="-118.123240"/>
      <trkpt lat="36.255707" lon="-118.123192"/>
      <trkpt lat="36.255906" lon="-118.123171"/>
      <trkpt lat="36.256209" lon="-118.123203"/>
      <trkpt lat="36.256473" lon="-118.123310"/>
      <trkpt lat="36.256948" lon="-118.123475"/>
      <trkpt lat="36.257191" lon="-118.123664"/>
      <trkpt lat="36.257664" lon="-118.124080"/>
      <trkpt lat="36.258560" lon="-118.124890"/>
      <trkpt lat="36.259109" lon="-118.125341"/>
      <trkpt lat="36.259375" lon="-118.125600"/>
      <trkpt lat="36.259522" lon="-118.125770"/>
      <trkpt lat="36.259646" lon="-118.125974"/>
      <trkpt lat="36.259749" lon="-118.126416"/>
      <trkpt lat="36.259823" lon="-118.126883"/>
      <trkpt lat="36.259907" lon="-118.127055"/>
      <trkpt lat="36.260002" lon="-118.127157"/>
      <trkpt lat="36.260145" lon="-118.127135"/>
      <trkpt lat="36.260292" lon="-118.127036"/>
      <trkpt lat="36.260325" lon="-118.126926"/>
      <trkpt lat="36.260385" lon="-118.126885"/>
      <trkpt lat="36.260452" lon="-118.126926"/>
      <trkpt lat="36.260498" lon="-118.127253"/>
      <trkpt lat="36.260543" lon="-118.127768"/>
      <trkpt lat="36.260571" lon="-118.127932"/>
      <trkpt lat="36.260532" lon="-118.128110"/>
      <trkpt lat="36.260597" lon="-118.128084"/>
      <trkpt lat="36.260785" lon="-118.127889"/>
      <trkpt lat="36.260902" lon="-118.127725"/>
      <trkpt lat="36.261217" lon="-118.127413"/>
      <trkpt lat="36.261515" lon="-118.127438"/>
      <trkpt lat="36.261860" lon="-118.127582"/>
      <trkpt lat="36.261923" lon="-118.127645"/>
      <trkpt lat="36.261919" lon="-118.127725"/>
      <trkpt lat="36.261640" lon="-118.127780"/>
      <trkpt lat="36.261408" lon="-118.128036"/>
      <trkpt lat="36.261142" lon="-118.128640"/>
      <trkpt lat="36.261026" lon="-118.128862"/>
      <trkpt lat="36.260881" lon="-118.129047"/>
      <trkpt lat="36.260781" lon="-118.129206"/>
      <trkpt lat="36.260894" lon="-118.129173"/>
      <trkpt lat="36.261058" lon="-118.129063"/>
      <trkpt lat="36.261365" lon="-118.128876"/>
      <trkpt lat="36.261491" lon="-118.128787"/>
      <trkpt lat="36.261648" lon="-118.128747"/>
      <trkpt lat="36.261858" lon="-118.128726"/>
      <trkpt lat="36.261990" lon="-118.128752"/>
      <trkpt lat="36.262107" lon="-118.128811"/>
      <trkpt lat="36.262428" lon="-118.129075"/>
      <trkpt lat="36.262576" lon="-118.129241"/>
      <trkpt lat="36.262699" lon="-118.129434"/>
      <trkpt lat="36.262977" lon="-118.129693"/>
      <trkpt lat="36.263167" lon="-118.129973"/>
      <trkpt lat="36.263370" lon="-118.130197"/>
      <trkpt lat="36.263465" lon="-118.130415"/>
      <trkpt lat="36.263567" lon="-118.130553"/>
      <trkpt lat="36.263623" lon="-118.130619"/>
      <trkpt lat="36.263772" lon="-118.130650"/>
      <trkpt lat="36.263830" lon="-118.130719"/>
      <trkpt lat="36.263897" lon="-118.130938"/>
      <trkpt lat="36.263911" lon="-118.131097"/>
      <trkpt lat="36.263945" lon="-118.131187"/>
      <trkpt lat="36.264053" lon="-118.131384"/>
      <trkpt lat="36.264332" lon="-118.131923"/>
      <trkpt lat="36.264371" lon="-118.132127"/>
      <trkpt lat="36.264369" lon="-118.132719"/>
      <trkpt lat="36.264337" lon="-118.133252"/>
      <trkpt lat="36.264326" lon="-118.133902"/>
      <trkpt lat="36.264395" lon="-118.134278"/>
      <trkpt lat="36.264480" lon="-118.134475"/>
      <trkpt lat="36.264609" lon="-118.134637"/>
      <trkpt lat="36.264704" lon="-118.134672"/>
      <trkpt lat="36.264782" lon="-118.134745"/>
      <trkpt lat="36.264851" lon="-118.135015"/>
      <trkpt lat="36.264873" lon="-118.135356"/>
      <trkpt lat="36.264888" lon="-118.135493"/>
      <trkpt lat="36.264953" lon="-118.135546"/>
      <trkpt lat="36.265031" lon="-118.135501"/>
      <trkpt lat="36.265111" lon="-118.135434"/>
      <trkpt lat="36.265256" lon="-118.135235"/>
      <trkpt lat="36.265349" lon="-118.135023"/>
      <trkpt lat="36.265455" lon="-118.134916"/>
      <trkpt lat="36.265750" lon="-118.134595"/>
      <trkpt lat="36.265896" lon="-118.134541"/>
      <trkpt lat="36.266568" lon="-118.134342"/>
      <trkpt lat="36.266720" lon="-118.134259"/>
      <trkpt lat="36.266977" lon="-118.134074"/>
      <trkpt lat="36.267137" lon="-118.133916"/>
      <trkpt lat="36.267219" lon="-118.133873"/>
      <trkpt lat="36.267293" lon="-118.133905"/>
      <trkpt lat="36.267410" lon="-118.133883"/>
      <trkpt lat="36.267589" lon="-118.133798"/>
      <trkpt lat="36.268147" lon="-118.133555"/>
      <trkpt lat="36.268242" lon="-118.133521"/>
      <trkpt lat="36.268427" lon="-118.133588"/>
      <trkpt lat="36.268629" lon="-118.133674"/>
      <trkpt lat="36.268913" lon="-118.133841"/>
      <trkpt lat="36.269533" lon="-118.134264"/>
      <trkpt lat="36.269674" lon="-118.134331"/>
      <trkpt lat="36.269756" lon="-118.134541"/>
      <trkpt lat="36.269920" lon="-118.134761"/>
      <trkpt lat="36.270197" lon="-118.135040"/>
      <trkpt lat="36.270284" lon="-118.135225"/>
      <trkpt lat="36.270403" lon="-118.135361"/>
      <trkpt lat="36.270613" lon="-118.135532"/>
      <trkpt lat="36.270662" lon="-118.135667"/>
      <trkpt lat="36.271084" lon="-118.136209"/>
      <trkpt lat="36.271274" lon="-118.136501"/>
      <trkpt lat="36.271410" lon="-118.136576"/>
      <trkpt lat="36.271631" lon="-118.136869"/>
      <trkpt lat="36.271720" lon="-118.136877"/>
      <trkpt lat="36.271860" lon="-118.136920"/>
      <trkpt lat="36.272024" lon="-118.136947"/>
      <trkpt lat="36.272213" lon="-118.136949"/>
      <trkpt lat="36.272297" lon="-118.136917"/>
      <trkpt lat="36.272418" lon="-118.136813"/>
      <trkpt lat="36.272587" lon="-118.136681"/>
      <trkpt lat="36.272768" lon="-118.136606"/>
      <trkpt lat="36.273101" lon="-118.136544"/>
      <trkpt lat="36.273376" lon="-118.136560"/>
      <trkpt lat="36.273553" lon="-118.136579"/>
      <trkpt lat="36.273642" lon="-118.136611"/>
      <trkpt lat="36.273806" lon="-118.136941"/>
      <trkpt lat="36.273840" lon="-118.137080"/>
      <trkpt lat="36.273888" lon="-118.137220"/>
      <trkpt lat="36.273973" lon="-118.137378"/>
      <trkpt lat="36.274297" lon="-118.137732"/>
      <trkpt lat="36.274574" lon="-118.138003"/>
      <trkpt lat="36.274771" lon="-118.138188"/>
      <trkpt lat="36.275188" lon="-118.138679"/>
      <trkpt lat="36.275387" lon="-118.138948"/>
      <trkpt lat="36.275519" lon="-118.139108"/>
      <trkpt lat="36.275752" lon="-118.139548"/>
      <trkpt lat="36.275819" lon="-118.139688"/>
      <trkpt lat="36.275928" lon="-118.139964"/>
      <trkpt lat="36.276191" lon="-118.140305"/>
      <trkpt lat="36.276548" lon="-118.140643"/>
      <trkpt lat="36.276663" lon="-118.140696"/>
      <trkpt lat="36.276814" lon="-118.140712"/>
      <trkpt lat="36.276922" lon="-118.140702"/>
      <trkpt lat="36.277048" lon="-118.140643"/>
      <trkpt lat="36.277296" lon="-118.140460"/>
      <trkpt lat="36.277600" lon="-118.140218"/>
      <trkpt lat="36.277740" lon="-118.140035"/>
      <trkpt lat="36.277822" lon="-118.140010"/>
      <trkpt lat="36.277917" lon="-118.140088"/>
      <trkpt lat="36.278037" lon="-118.140140"/>
      <trkpt lat="36.278105" lon="-118.140201"/>
      <trkpt lat="36.278219" lon="-118.140244"/>
      <trkpt lat="36.278328" lon="-118.140306"/>
      <trkpt lat="36.278437" lon="-118.140407"/>
      <trkpt lat="36.278533" lon="-118.140439"/>
      <trkpt lat="36.278996" lon="-118.140534"/>
      <trkpt lat="36.279177" lon="-118.140595"/>
      <trkpt lat="36.279468" lon="-118.140645"/>
      <trkpt lat="36.280033" lon="-118.140986"/>
      <trkpt lat="36.280343" lon="-118.141164"/>
      <trkpt lat="36.280436" lon="-118.141191"/>
      <trkpt lat="36.280638" lon="-118.141230"/>
      <trkpt lat="36.280873" lon="-118.141262"/>
      <trkpt lat="36.281013" lon="-118.141266"/>
      <trkpt lat="36.281113" lon="-118.141288"/>
      <trkpt lat="36.281179" lon="-118.141314"/>
      <trkpt lat="36.281256" lon="-118.141375"/>
      <trkpt lat="36.281322" lon="-118.141406"/>
      <trkpt lat="36.281437" lon="-118.141439"/>
      <trkpt lat="36.281685" lon="-118.141442"/>
      <trkpt lat="36.281855" lon="-118.141438"/>
      <trkpt lat="36.282014" lon="-118.141414"/>
      <trkpt lat="36.282281" lon="-118.141427"/>
      <trkpt lat="36.282732" lon="-118.141484"/>
      <trkpt lat="36.282846" lon="-118.141510"/>
      <trkpt lat="36.282882" lon="-118.141501"/>
      <trkpt lat="36.283108" lon="-118.141486"/>
      <trkpt lat="36.283183" lon="-118.141451"/>
      <trkpt lat="36.283288" lon="-118.141422"/>
      <trkpt lat="36.283622" lon="-118.141404"/>
      <trkpt lat="36.283742" lon="-118.141378"/>
      <trkpt lat="36.283834" lon="-118.141340"/>
      <trkpt lat="36.283954" lon="-118.141337"/>
      <trkpt lat="36.284016" lon="-118.141316"/>
      <trkpt lat="36.284140" lon="-118.141317"/>
      <trkpt lat="36.284213" lon="-118.141302"/>
      <trkpt lat="36.284288" lon="-118.141272"/>
      <trkpt lat="36.284575" lon="-118.141206"/>
      <trkpt lat="36.284679" lon="-118.141170"/>
      <trkpt lat="36.284755" lon="-118.141117"/>
      <trkpt lat="36.284847" lon="-118.141045"/>
      <trkpt lat="36.284985" lon="-118.140983"/>
      <trkpt lat="36.285241" lon="-118.140889"/>
      <trkpt lat="36.285372" lon="-118.140846"/>
      <trkpt lat="36.285446" lon="-118.140800"/>
      <trkpt lat="36.285517" lon="-118.140732"/>
      <trkpt lat="36.285598" lon="-118.140687"/>
      <trkpt lat="36.285748" lon="-118.140621"/>
      <trkpt lat="36.286050" lon="-118.140535"/>
      <trkpt lat="36.286173" lon="-118.140484"/>
      <trkpt lat="36.286223" lon="-118.140448"/>
      <trkpt lat="36.286261" lon="-118.140397"/>
      <trkpt lat="36.286279" lon="-118.140380"/>
      <trkpt lat="36.286305" lon="-118.140374"/>
      <trkpt lat="36.286333" lon="-118.140388"/>
      <trkpt lat="36.286415" lon="-118.140466"/>
      <trkpt lat="36.286497" lon="-118.140486"/>
      <trkpt lat="36.286575" lon="-118.140563"/>
      <trkpt lat="36.286630" lon="-118.140606"/>
      <trkpt lat="36.286774" lon="-118.140659"/>
      <trkpt lat="36.286844" lon="-118.140656"/>
      <trkpt lat="36.286950" lon="-118.140613"/>
      <trkpt lat="36.287144" lon="-118.140490"/>
      <trkpt lat="36.287268" lon="-118.140377"/>
      <trkpt lat="36.287400" lon="-118.140272"/>
      <trkpt lat="36.287502" lon="-118.140214"/>
      <trkpt lat="36.287614" lon="-118.140034"/>
      <trkpt lat="36.287821" lon="-118.139771"/>
      <trkpt lat="36.287913" lon="-118.139667"/>
      <trkpt lat="36.287996" lon="-118.139551"/>
      <trkpt lat="36.288068" lon="-118.139394"/>
      <trkpt lat="36.288146" lon="-118.139261"/>
      <trkpt lat="36.288178" lon="-118.139142"/>
      <trkpt lat="36.288208" lon="-118.138921"/>
      <trkpt lat="36.288309" lon="-118.138709"/>
      <trkpt lat="36.288392" lon="-118.138654"/>
      <trkpt lat="36.288477" lon="-118.138550"/>
      <trkpt lat="36.288489" lon="-118.138465"/>
      <trkpt lat="36.288481" lon="-118.138396"/>
      <trkpt lat="36.288503" lon="-118.138323"/>
      <trkpt lat="36.288563" lon="-118.138277"/>
      <trkpt lat="36.288632" lon="-118.138200"/>
      <trkpt lat="36.288774" lon="-118.138081"/>
      <trkpt lat="36.288838" lon="-118.137994"/>
      <trkpt lat="36.288866" lon="-118.137906"/>
      <trkpt lat="36.288855" lon="-118.137766"/>
      <trkpt lat="36.288866" lon="-118.137573"/>
      <trkpt lat="36.288888" lon="-118.137404"/>
      <trkpt lat="36.288956" lon="-118.137195"/>
      <trkpt lat="36.288995" lon="-118.137030"/>
      <trkpt lat="36.288995" lon="-118.136866"/>
      <trkpt lat="36.289013" lon="-118.136693"/>
      <trkpt lat="36.289062" lon="-118.136610"/>
      <trkpt lat="36.289126" lon="-118.136552"/>
      <trkpt lat="36.289242" lon="-118.136538"/>
      <trkpt lat="36.289321" lon="-118.136543"/>
      <trkpt lat="36.289372" lon="-118.136538"/>
      <trkpt lat="36.289406" lon="-118.136512"/>
      <trkpt lat="36.289429" lon="-118.136472"/>
      <trkpt lat="36.289442" lon="-118.136302"/>
      <trkpt lat="36.289477" lon="-118.136133"/>
      <trkpt lat="36.289511" lon="-118.135827"/>
      <trkpt lat="36.289560" lon="-118.135652"/>
      <trkpt lat="36.289655" lon="-118.135373"/>
      <trkpt lat="36.289707" lon="-118.135077"/>
      <trkpt lat="36.289773" lon="-118.134911"/>
      <trkpt lat="36.289860" lon="-118.134749"/>
      <trkpt lat="36.290154" lon="-118.134276"/>
      <trkpt lat="36.290210" lon="-118.134118"/>
      <trkpt lat="36.290288" lon="-118.133963"/>
      <trkpt lat="36.290332" lon="-118.133788"/>
      <trkpt lat="36.290369" lon="-118.133747"/>
      <trkpt lat="36.290433" lon="-118.133735"/>
      <trkpt lat="36.290505" lon="-118.133756"/>
      <trkpt lat="36.290749" lon="-118.133850"/>
      <trkpt lat="36.290875" lon="-118.133854"/>
      <trkpt lat="36.291009" lon="-118.133880"/>
      <trkpt lat="36.291098" lon="-118.133888"/>
      <trkpt lat="36.291185" lon="-118.133886"/>
      <trkpt lat="36.291343" lon="-118.133823"/>
      <trkpt lat="36.291442" lon="-118.133791"/>
      <trkpt lat="36.291710" lon="-118.133672"/>
      <trkpt lat="36.291927" lon="-118.133602"/>
      <trkpt lat="36.292077" lon="-118.133540"/>
      <trkpt lat="36.292251" lon="-118.133487"/>
      <trkpt lat="36.292394" lon="-118.133461"/>
      <trkpt lat="36.292477" lon="-118.133418"/>
      <trkpt lat="36.292634" lon="-118.133374"/>
      <trkpt lat="36.292734" lon="-118.133339"/>
      <trkpt lat="36.292857" lon="-118.133272"/>
      <trkpt lat="36.292929" lon="-118.133191"/>
      <trkpt lat="36.293073" lon="-118.133130"/>
      <trkpt lat="36.293179" lon="-118.133076"/>
      <trkpt lat="36.293380" lon="-118.133044"/>
      <trkpt lat="36.293457" lon="-118.133042"/>
      <trkpt lat="36.293491" lon="-118.133049"/>
      <trkpt lat="36.293524" lon="-118.133145"/>
      <trkpt lat="36.293558" lon="-118.133171"/>
      <trkpt lat="36.293646" lon="-118.133181"/>
      <trkpt lat="36.293999" lon="-118.133138"/>
      <trkpt lat="36.294086" lon="-118.133138"/>
      <trkpt lat="36.294148" lon="-118.133118"/>
      <trkpt lat="36.294224" lon="-118.133083"/>
      <trkpt lat="36.294289" lon="-118.133092"/>
      <trkpt lat="36.294364" lon="-118.133115"/>
      <trkpt lat="36.294477" lon="-118.133111"/>
      <trkpt lat="36.294624" lon="-118.133049"/>
      <trkpt lat="36.294704" lon="-118.132978"/>
      <trkpt lat="36.294829" lon="-118.132943"/>
      <trkpt lat="36.294880" lon="-118.132898"/>
      <trkpt lat="36.294914" lon="-118.132848"/>
      <trkpt lat="36.294931" lon="-118.132770"/>
      <trkpt lat="36.294934" lon="-118.132699"/>
      <trkpt lat="36.294971" lon="-118.132647"/>
      <trkpt lat="36.295074" lon="-118.132581"/>
      <trkpt lat="36.295149" lon="-118.132545"/>
      <trkpt lat="36.295242" lon="-118.132552"/>
      <trkpt lat="36.295278" lon="-118.132568"/>
      <trkpt lat="36.295341" lon="-118.132611"/>
      <trkpt lat="36.295398" lon="-118.132620"/>
      <trkpt lat="36.295502" lon="-118.132620"/>
      <trkpt lat="36.295706" lon="-118.132608"/>
      <trkpt lat="36.295841" lon="-118.132635"/>
      <trkpt lat="36.295967" lon="-118.132623"/>
      <trkpt lat="36.296029" lon="-118.132631"/>
      <trkpt lat="36.296150" lon="-118.132660"/>
      <trkpt lat="36.296200" lon="-118.132686"/>
      <trkpt lat="36.296223" lon="-118.132707"/>
      <trkpt lat="36.296280" lon="-118.132792"/>
      <trkpt lat="36.296308" lon="-118.132802"/>
      <trkpt lat="36.296428" lon="-118.132788"/>
      <trkpt lat="36.296462" lon="-118.132795"/>
      <trkpt lat="36.296504" lon="-118.132774"/>
      <trkpt lat="36.296544" lon="-118.132715"/>
      <trkpt lat="36.296556" lon="-118.132636"/>
      <trkpt lat="36.296607" lon="-118.132524"/>
      <trkpt lat="36.296683" lon="-118.132424"/>
      <trkpt lat="36.296783" lon="-118.132259"/>
      <trkpt lat="36.296939" lon="-118.131963"/>
      <trkpt lat="36.297031" lon="-118.131807"/>
      <trkpt lat="36.297111" lon="-118.131661"/>
      <trkpt lat="36.297152" lon="-118.131523"/>
      <trkpt lat="36.297172" lon="-118.131362"/>
      <trkpt lat="36.297166" lon="-118.131295"/>
      <trkpt lat="36.297137" lon="-118.131200"/>
      <trkpt lat="36.297096" lon="-118.131141"/>
      <trkpt lat="36.296949" lon="-118.131008"/>
      <trkpt lat="36.296806" lon="-118.130913"/>
      <trkpt lat="36.296657" lon="-118.130850"/>
      <trkpt lat="36.296592" lon="-118.130775"/>
      <trkpt lat="36.296485" lon="-118.130608"/>
      <trkpt lat="36.296479" lon="-118.130535"/>
      <trkpt lat="36.296508" lon="-118.130476"/>
      <trkpt lat="36.296577" lon="-118.130428"/>
      <trkpt lat="36.296631" lon="-118.130402"/>
      <trkpt lat="36.296779" lon="-118.130307"/>
      <trkpt lat="36.296895" lon="-118.130267"/>
      <trkpt lat="36.297053" lon="-118.130269"/>
      <trkpt lat="36.297160" lon="-118.130304"/>
      <trkpt lat="36.297235" lon="-118.130352"/>
      <trkpt lat="36.297317" lon="-118.130425"/>
      <trkpt lat="36.297423" lon="-118.130461"/>
      <trkpt lat="36.297562" lon="-118.130462"/>
      <trkpt lat="36.297717" lon="-118.130435"/>
      <trkpt lat="36.297875" lon="-118.130462"/>
      <trkpt lat="36.297995" lon="-118.130494"/>
      <trkpt lat="36.298087" lon="-118.130461"/>
      <trkpt lat="36.298147" lon="-118.130394"/>
      <trkpt lat="36.298216" lon="-118.130372"/>
      <trkpt lat="36.298320" lon="-118.130409"/>
      <trkpt lat="36.298401" lon="-118.130403"/>
      <trkpt lat="36.298461" lon="-118.130347"/>
      <trkpt lat="36.298493" lon="-118.130339"/>
      <trkpt lat="36.298519" lon="-118.130363"/>
      <trkpt lat="36.298524" lon="-118.130415"/>
      <trkpt lat="36.298570" lon="-118.130583"/>
      <trkpt lat="36.298610" lon="-118.130654"/>
      <trkpt lat="36.298622" lon="-118.130783"/>
      <trkpt lat="36.298649" lon="-118.130873"/>
      <trkpt lat="36.298739" lon="-118.130997"/>
      <trkpt lat="36.298858" lon="-118.131085"/>
      <trkpt lat="36.298936" lon="-118.131130"/>
      <trkpt lat="36.299013" lon="-118.131144"/>
      <trkpt lat="36.299162" lon="-118.131131"/>
      <trkpt lat="36.299288" lon="-118.131146"/>
      <trkpt lat="36.299354" lon="-118.131173"/>
      <trkpt lat="36.299426" lon="-118.131165"/>
      <trkpt lat="36.299493" lon="-118.131133"/>
      <trkpt lat="36.299625" lon="-118.131145"/>
      <trkpt lat="36.299732" lon="-118.131133"/>
      <trkpt lat="36.299874" lon="-118.131054"/>
      <trkpt lat="36.300006" lon="-118.130965"/>
      <trkpt lat="36.300139" lon="-118.130823"/>
      <trkpt lat="36.300280" lon="-118.130685"/>
      <trkpt lat="36.300333" lon="-118.130623"/>
      <trkpt lat="36.300392" lon="-118.130585"/>
      <trkpt lat="36.300491" lon="-118.130592"/>
      <trkpt lat="36.300711" lon="-118.130637"/>
      <trkpt lat="36.300790" lon="-118.130704"/>
      <trkpt lat="36.300874" lon="-118.130745"/>
      <trkpt lat="36.300962" lon="-118.130877"/>
      <trkpt lat="36.301003" lon="-118.130983"/>
      <trkpt lat="36.301060" lon="-118.131067"/>
      <trkpt lat="36.301163" lon="-118.131162"/>
      <trkpt lat="36.301232" lon="-118.131209"/>
      <trkpt lat="36.301287" lon="-118.131232"/>
      <trkpt lat="36.301487" lon="-118.131251"/>
      <trkpt lat="36.301559" lon="-118.131243"/>
      <trkpt lat="36.301611" lon="-118.131208"/>
      <trkpt lat="36.301662" lon="-118.131125"/>
      <trkpt lat="36.301727" lon="-118.131035"/>
      <trkpt lat="36.301778" lon="-118.130936"/>
      <trkpt lat="36.301901" lon="-118.130637"/>
      <trkpt lat="36.302106" lon="-118.130383"/>
      <trkpt lat="36.302181" lon="-118.130272"/>
      <trkpt lat="36.302232" lon="-118.130167"/>
      <trkpt lat="36.302265" lon="-118.130037"/>
      <trkpt lat="36.302309" lon="-118.129726"/>
      <trkpt lat="36.302368" lon="-118.129569"/>
      <trkpt lat="36.302540" lon="-118.129195"/>
      <trkpt lat="36.302636" lon="-118.129043"/>
      <trkpt lat="36.302778" lon="-118.128932"/>
      <trkpt lat="36.302906" lon="-118.128803"/>
      <trkpt lat="36.303018" lon="-118.128672"/>
      <trkpt lat="36.303094" lon="-118.128561"/>
      <trkpt lat="36.303150" lon="-118.128448"/>
      <trkpt lat="36.303169" lon="-118.128292"/>
      <trkpt lat="36.303179" lon="-118.128056"/>
      <trkpt lat="36.303182" lon="-118.127763"/>
      <trkpt lat="36.303170" lon="-118.127645"/>
      <trkpt lat="36.303080" lon="-118.127288"/>
      <trkpt lat="36.303062" lon="-118.126970"/>
      <trkpt lat="36.303045" lon="-118.126855"/>
      <trkpt lat="36.302987" lon="-118.126709"/>
      <trkpt lat="36.302862" lon="-118.126505"/>
      <trkpt lat="36.302789" lon="-118.126283"/>
      <trkpt lat="36.302728" lon="-118.126049"/>
      <trkpt lat="36.302672" lon="-118.125747"/>
      <trkpt lat="36.302655" lon="-118.125535"/>
      <trkpt lat="36.302660" lon="-118.125350"/>
      <trkpt lat="36.302659" lon="-118.124942"/>
      <trkpt lat="36.302730" lon="-118.124680"/>
      <trkpt lat="36.302765" lon="-118.124576"/>
      <trkpt lat="36.302800" lon="-118.124535"/>
      <trkpt lat="36.302850" lon="-118.124533"/>
      <trkpt lat="36.302898" lon="-118.124498"/>
      <trkpt lat="36.302959" lon="-118.124500"/>
    </trkseg>
    <trkseg>
      <trkpt lat="36.302959" lon="-118.124500"/>
      <trkpt lat="36.303215" lon="-118.124565"/>
    </trkseg>
    <trkseg>
      <trkpt lat="36.303215" lon="-118.124565"/>
      <trkpt lat="36.303269" lon="-118.124578"/>
      <trkpt lat="36.303318" lon="-118.124568"/>
      <trkpt lat="36.303449" lon="-118.124509"/>
      <trkpt lat="36.303526" lon="-118.124492"/>
      <trkpt lat="36.303729" lon="-118.124468"/>
      <trkpt lat="36.303884" lon="-118.124382"/>
      <trkpt lat="36.304172" lon="-118.124304"/>
      <trkpt lat="36.304262" lon="-118.124300"/>
      <trkpt lat="36.304342" lon="-118.124283"/>
      <trkpt lat="36.304425" lon="-118.124226"/>
      <trkpt lat="36.304461" lon="-118.124211"/>
      <trkpt lat="36.304527" lon="-118.124040"/>
      <trkpt lat="36.304587" lon="-118.123915"/>
      <trkpt lat="36.304672" lon="-118.123814"/>
      <trkpt lat="36.304748" lon="-118.123758"/>
      <trkpt lat="36.305117" lon="-118.123617"/>
      <trkpt lat="36.305313" lon="-118.123513"/>
      <trkpt lat="36.305511" lon="-118.123388"/>
      <trkpt lat="36.305616" lon="-118.123290"/>
      <trkpt lat="36.305713" lon="-118.123163"/>
      <trkpt lat="36.305793" lon="-118.123042"/>
      <trkpt lat="36.305836" lon="-118.122882"/>
      <trkpt lat="36.305895" lon="-118.122590"/>
      <trkpt lat="36.305994" lon="-118.122316"/>
      <trkpt lat="36.306050" lon="-118.122036"/>
      <trkpt lat="36.306205" lon="-118.121642"/>
      <trkpt lat="36.306399" lon="-118.121372"/>
      <trkpt lat="36.306500" lon="-118.121307"/>
      <trkpt lat="36.306585" lon="-118.121272"/>
      <trkpt lat="36.306794" lon="-118.121238"/>
      <trkpt lat="36.306997" lon="-118.121256"/>
      <trkpt lat="36.307185" lon="-118.121248"/>
      <trkpt lat="36.307319" lon="-118.121262"/>
      <trkpt lat="36.307442" lon="-118.121252"/>
      <trkpt lat="36.307649" lon="-118.121163"/>
      <trkpt lat="36.308007" lon="-118.121060"/>
      <trkpt lat="36.308308" lon="-118.120983"/>
      <trkpt lat="36.308457" lon="-118.120908"/>
      <trkpt lat="36.308568" lon="-118.120887"/>
      <trkpt lat="36.308723" lon="-118.120905"/>
      <trkpt lat="36.308965" lon="-118.120985"/>
      <trkpt lat="36.309217" lon="-118.121158"/>
      <trkpt lat="36.309860" lon="-118.121765"/>
      <trkpt lat="36.310017" lon="-118.122037"/>
      <trkpt lat="36.310076" lon="-118.122275"/>
      <trkpt lat="36.310119" lon="-118.122661"/>
      <trkpt lat="36.310171" lon="-118.122924"/>
      <trkpt lat="36.310271" lon="-118.123251"/>
      <trkpt lat="36.310300" lon="-118.123505"/>
      <trkpt lat="36.310405" lon="-118.124238"/>
      <trkpt lat="36.310509" lon="-118.124421"/>
      <trkpt lat="36.310838" lon="-118.124883"/>
      <trkpt lat="36.311140" lon="-118.125370"/>
      <trkpt lat="36.311325" lon="-118.125748"/>
      <trkpt lat="36.311430" lon="-118.126035"/>
      <trkpt lat="36.311503" lon="-118.126363"/>
      <trkpt lat="36.311540" lon="-118.126690"/>
      <trkpt lat="36.311611" lon="-118.126937"/>
      <trkpt lat="36.311693" lon="-118.127156"/>
      <trkpt lat="36.311857" lon="-118.127453"/>
      <trkpt lat="36.311974" lon="-118.127612"/>
      <trkpt lat="36.312052" lon="-118.127806"/>
      <trkpt lat="36.312268" lon="-118.128197"/>
      <trkpt lat="36.312389" lon="-118.128401"/>
      <trkpt lat="36.312595" lon="-118.128560"/>
      <trkpt lat="36.312752" lon="-118.128626"/>
      <trkpt lat="36.312997" lon="-118.128635"/>
      <trkpt lat="36.313245" lon="-118.128798"/>
      <trkpt lat="36.313686" lon="-118.129061"/>
      <trkpt lat="36.314081" lon="-118.129380"/>
      <trkpt lat="36.314369" lon="-118.129659"/>
      <trkpt lat="36.314658" lon="-118.129965"/>
      <trkpt lat="36.314786" lon="-118.130187"/>
      <trkpt lat="36.314922" lon="-118.130367"/>
      <trkpt lat="36.314965" lon="-118.130517"/>
      <trkpt lat="36.315008" lon="-118.130627"/>
      <trkpt lat="36.315090" lon="-118.130763"/>
      <trkpt lat="36.315325" lon="-118.130945"/>
      <trkpt lat="36.315413" lon="-118.130952"/>
      <trkpt lat="36.315540" lon="-118.130893"/>
      <trkpt lat="36.315670" lon="-118.130842"/>
      <trkpt lat="36.315813" lon="-118.130813"/>
      <trkpt lat="36.315931" lon="-118.130799"/>
      <trkpt lat="36.316124" lon="-118.130759"/>
      <trkpt lat="36.316677" lon="-118.130885"/>
      <trkpt lat="36.317137" lon="-118.130928"/>
      <trkpt lat="36.317507" lon="-118.130955"/>
      <trkpt lat="36.317611" lon="-118.130984"/>
      <trkpt lat="36.317747" lon="-118.131105"/>
      <trkpt lat="36.317825" lon="-118.131212"/>
      <trkpt lat="36.317894" lon="-118.131335"/>
      <trkpt lat="36.318002" lon="-118.131445"/>
      <trkpt lat="36.318177" lon="-118.131566"/>
      <trkpt lat="36.318531" lon="-118.131786"/>
      <trkpt lat="36.318723" lon="-118.131885"/>
      <trkpt lat="36.318966" lon="-118.131985"/>
      <trkpt lat="36.319374" lon="-118.132057"/>
      <trkpt lat="36.319744" lon="-118.132081"/>
      <trkpt lat="36.320095" lon="-118.132132"/>
      <trkpt lat="36.320267" lon="-118.132127"/>
      <trkpt lat="36.320388" lon="-118.132094"/>
      <trkpt lat="36.320461" lon="-118.132043"/>
      <trkpt lat="36.320487" lon="-118.131966"/>
      <trkpt lat="36.320526" lon="-118.131810"/>
      <trkpt lat="36.320582" lon="-118.131705"/>
      <trkpt lat="36.320681" lon="-118.131657"/>
      <trkpt lat="36.320893" lon="-118.131335"/>
      <trkpt lat="36.320977" lon="-118.131153"/>
      <trkpt lat="36.321121" lon="-118.131005"/>
      <trkpt lat="36.321218" lon="-118.130981"/>
      <trkpt lat="36.321345" lon="-118.130965"/>
      <trkpt lat="36.321457" lon="-118.130995"/>
      <trkpt lat="36.321562" lon="-118.130990"/>
      <trkpt lat="36.321690" lon="-118.131036"/>
      <trkpt lat="36.321811" lon="-118.131133"/>
      <trkpt lat="36.321950" lon="-118.131279"/>
      <trkpt lat="36.322166" lon="-118.131260"/>
      <trkpt lat="36.322590" lon="-118.131245"/>
      <trkpt lat="36.322877" lon="-118.131277"/>
      <trkpt lat="36.323065" lon="-118.131378"/>
      <trkpt lat="36.323302" lon="-118.131457"/>
      <trkpt lat="36.323437" lon="-118.131572"/>
      <trkpt lat="36.323672" lon="-118.131715"/>
      <trkpt lat="36.323863" lon="-118.131748"/>
      <trkpt lat="36.324377" lon="-118.131719"/>
      <trkpt lat="36.324699" lon="-118.131705"/>
      <trkpt lat="36.324826" lon="-118.131657"/>
      <trkpt lat="36.324962" lon="-118.131563"/>
      <trkpt lat="36.325083" lon="-118.131528"/>
      <trkpt lat="36.325557" lon="-118.131473"/>
      <trkpt lat="36.325671" lon="-118.131494"/>
      <trkpt lat="36.325757" lon="-118.131537"/>
      <trkpt lat="36.325740" lon="-118.131576"/>
      <trkpt lat="36.325603" lon="-118.131664"/>
      <trkpt lat="36.324925" lon="-118.132288"/>
      <trkpt lat="36.324423" lon="-118.133175"/>
      <trkpt lat="36.324429" lon="-118.133226"/>
      <trkpt lat="36.324463" lon="-118.133240"/>
      <trkpt lat="36.324652" lon="-118.133240"/>
      <trkpt lat="36.324755" lon="-118.133234"/>
      <trkpt lat="36.324861" lon="-118.133143"/>
      <trkpt lat="36.325202" lon="-118.132983"/>
      <trkpt lat="36.325334" lon="-118.133033"/>
      <trkpt lat="36.325513" lon="-118.133075"/>
      <trkpt lat="36.325663" lon="-118.133183"/>
      <trkpt lat="36.325840" lon="-118.133298"/>
      <trkpt lat="36.326002" lon="-118.133304"/>
      <trkpt lat="36.326119" lon="-118.133296"/>
      <trkpt lat="36.326203" lon="-118.133277"/>
      <trkpt lat="36.326325" lon="-118.133215"/>
      <trkpt lat="36.326355" lon="-118.133181"/>
      <trkpt lat="36.326373" lon="-118.133194"/>
      <trkpt lat="36.326365" lon="-118.133255"/>
      <trkpt lat="36.326368" lon="-118.133304"/>
      <trkpt lat="36.326365" lon="-118.133527"/>
      <trkpt lat="36.326400" lon="-118.133802"/>
      <trkpt lat="36.326395" lon="-118.133858"/>
      <trkpt lat="36.326123" lon="-118.134404"/>
      <trkpt lat="36.326083" lon="-118.134453"/>
      <trkpt lat="36.326084" lon="-118.134511"/>
      <trkpt lat="36.326107" lon="-118.134582"/>
      <trkpt lat="36.326190" lon="-118.134671"/>
      <trkpt lat="36.326282" lon="-118.134777"/>
      <trkpt lat="36.326326" lon="-118.134844"/>
      <trkpt lat="36.326333" lon="-118.134912"/>
      <trkpt lat="36.326334" lon="-118.135086"/>
      <trkpt lat="36.326350" lon="-118.135151"/>
      <trkpt lat="36.326387" lon="-118.135196"/>
      <trkpt lat="36.326413" lon="-118.135222"/>
      <trkpt lat="36.326441" lon="-118.135222"/>
      <trkpt lat="36.326549" lon="-118.135092"/>
      <trkpt lat="36.326646" lon="-118.134934"/>
      <trkpt lat="36.326730" lon="-118.134821"/>
      <trkpt lat="36.326833" lon="-118.134755"/>
      <trkpt lat="36.327298" lon="-118.134671"/>
      <trkpt lat="36.327369" lon="-118.134631"/>
      <trkpt lat="36.327470" lon="-118.134515"/>
      <trkpt lat="36.327512" lon="-118.134398"/>
      <trkpt lat="36.327540" lon="-118.134258"/>
      <trkpt lat="36.327576" lon="-118.134010"/>
      <trkpt lat="36.327609" lon="-118.133647"/>
      <trkpt lat="36.327650" lon="-118.133405"/>
      <trkpt lat="36.327668" lon="-118.133378"/>
      <trkpt lat="36.327732" lon="-118.133378"/>
      <trkpt lat="36.327815" lon="-118.133406"/>
      <trkpt lat="36.327863" lon="-118.133462"/>
      <trkpt lat="36.327910" lon="-118.133568"/>
      <trkpt lat="36.328159" lon="-118.133957"/>
      <trkpt lat="36.328196" lon="-118.133980"/>
      <trkpt lat="36.328252" lon="-118.133980"/>
      <trkpt lat="36.328319" lon="-118.133934"/>
      <trkpt lat="36.328358" lon="-118.133871"/>
      <trkpt lat="36.328362" lon="-118.133832"/>
      <trkpt lat="36.328343" lon="-118.133637"/>
      <trkpt lat="36.328353" lon="-118.133540"/>
      <trkpt lat="36.328380" lon="-118.133497"/>
      <trkpt lat="36.328450" lon="-118.133442"/>
      <trkpt lat="36.328545" lon="-118.133307"/>
      <trkpt lat="36.328673" lon="-118.133179"/>
      <trkpt lat="36.328740" lon="-118.133095"/>
      <trkpt lat="36.328765" lon="-118.133112"/>
      <trkpt lat="36.328792" lon="-118.133209"/>
      <trkpt lat="36.328789" lon="-118.133301"/>
      <trkpt lat="36.328818" lon="-118.133433"/>
      <trkpt lat="36.328853" lon="-118.133519"/>
      <trkpt lat="36.328905" lon="-118.133591"/>
      <trkpt lat="36.328956" lon="-118.133694"/>
      <trkpt lat="36.329019" lon="-118.133769"/>
      <trkpt lat="36.329092" lon="-118.133952"/>
      <trkpt lat="36.329153" lon="-118.134047"/>
      <trkpt lat="36.329172" lon="-118.134061"/>
      <trkpt lat="36.329200" lon="-118.134020"/>
      <trkpt lat="36.329223" lon="-118.133812"/>
      <trkpt lat="36.329244" lon="-118.133714"/>
      <trkpt lat="36.329229" lon="-118.133559"/>
      <trkpt lat="36.329258" lon="-118.133392"/>
      <trkpt lat="36.329240" lon="-118.133343"/>
      <trkpt lat="36.329219" lon="-118.133216"/>
      <trkpt lat="36.329221" lon="-118.133106"/>
      <trkpt lat="36.329249" lon="-118.132998"/>
      <trkpt lat="36.329308" lon="-118.132839"/>
      <trkpt lat="36.329336" lon="-118.132670"/>
      <trkpt lat="36.329368" lon="-118.132595"/>
      <trkpt lat="36.329444" lon="-118.132530"/>
      <trkpt lat="36.329578" lon="-118.132426"/>
      <trkpt lat="36.329692" lon="-118.132399"/>
      <trkpt lat="36.329785" lon="-118.132399"/>
      <trkpt lat="36.329889" lon="-118.132344"/>
      <trkpt lat="36.329953" lon="-118.132333"/>
      <trkpt lat="36.330081" lon="-118.132327"/>
      <trkpt lat="36.330220" lon="-118.132347"/>
      <trkpt lat="36.330296" lon="-118.132402"/>
      <trkpt lat="36.330336" lon="-118.132419"/>
      <trkpt lat="36.330388" lon="-118.132419"/>
      <trkpt lat="36.330458" lon="-118.132359"/>
      <trkpt lat="36.330532" lon="-118.132342"/>
      <trkpt lat="36.330674" lon="-118.132356"/>
      <trkpt lat="36.330725" lon="-118.132403"/>
      <trkpt lat="36.330771" lon="-118.132482"/>
      <trkpt lat="36.330959" lon="-118.132733"/>
      <trkpt lat="36.331013" lon="-118.132782"/>
      <trkpt lat="36.331054" lon="-118.132859"/>
      <trkpt lat="36.331082" lon="-118.132985"/>
      <trkpt lat="36.331170" lon="-118.133300"/>
      <trkpt lat="36.331237" lon="-118.133447"/>
      <trkpt lat="36.331291" lon="-118.133524"/>
      <trkpt lat="36.331358" lon="-118.133558"/>
      <trkpt lat="36.331446" lon="-118.133562"/>
      <trkpt lat="36.331619" lon="-118.133558"/>
      <trkpt lat="36.331765" lon="-118.133523"/>
      <trkpt lat="36.331883" lon="-118.133513"/>
      <trkpt lat="36.332133" lon="-118.133575"/>
      <trkpt lat="36.332175" lon="-118.133618"/>
      <trkpt lat="36.332214" lon="-118.133700"/>
      <trkpt lat="36.332245" lon="-118.133803"/>
      <trkpt lat="36.332254" lon="-118.133886"/>
      <trkpt lat="36.332280" lon="-118.133917"/>
      <trkpt lat="36.332328" lon="-118.133941"/>
      <trkpt lat="36.332374" lon="-118.133933"/>
      <trkpt lat="36.332437" lon="-118.133930"/>
      <trkpt lat="36.332475" lon="-118.133942"/>
      <trkpt lat="36.332572" lon="-118.134064"/>
      <trkpt lat="36.332621" lon="-118.134109"/>
      <trkpt lat="36.332669" lon="-118.134122"/>
      <trkpt lat="36.332712" lon="-118.134118"/>
      <trkpt lat="36.332794" lon="-118.134075"/>
      <trkpt lat="36.332927" lon="-118.134055"/>
      <trkpt lat="36.333108" lon="-118.133983"/>
      <trkpt lat="36.333215" lon="-118.133949"/>
      <trkpt lat="36.333325" lon="-118.133881"/>
      <trkpt lat="36.333391" lon="-118.133814"/>
      <trkpt lat="36.333553" lon="-118.133677"/>
      <trkpt lat="36.333595" lon="-118.133623"/>
      <trkpt lat="36.333793" lon="-118.133337"/>
      <trkpt lat="36.333804" lon="-118.133308"/>
      <trkpt lat="36.333837" lon="-118.133308"/>
      <trkpt lat="36.333860" lon="-118.133368"/>
      <trkpt lat="36.333880" lon="-118.133551"/>
      <trkpt lat="36.333903" lon="-118.133631"/>
      <trkpt lat="36.333937" lon="-118.133645"/>
      <trkpt lat="36.333977" lon="-118.133617"/>
      <trkpt lat="36.333976" lon="-118.133548"/>
      <trkpt lat="36.334016" lon="-118.133466"/>
      <trkpt lat="36.334045" lon="-118.133375"/>
      <trkpt lat="36.334072" lon="-118.133328"/>
      <trkpt lat="36.334101" lon="-118.133328"/>
      <trkpt lat="36.334116" lon="-118.133359"/>
      <trkpt lat="36.334125" lon="-118.133508"/>
      <trkpt lat="36.334171" lon="-118.133666"/>
      <trkpt lat="36.334221" lon="-118.133707"/>
      <trkpt lat="36.334312" lon="-118.133718"/>
      <trkpt lat="36.334536" lon="-118.133680"/>
      <trkpt lat="36.334723" lon="-118.133606"/>
      <trkpt lat="36.334798" lon="-118.133602"/>
      <trkpt lat="36.334840" lon="-118.133573"/>
      <trkpt lat="36.334879" lon="-118.133538"/>
      <trkpt lat="36.334914" lon="-118.133381"/>
      <trkpt lat="36.334948" lon="-118.133342"/>
      <trkpt lat="36.334952" lon="-118.133284"/>
      <trkpt lat="36.334964" lon="-118.133258"/>
      <trkpt lat="36.334982" lon="-118.133255"/>
      <trkpt lat="36.335095" lon="-118.133401"/>
      <trkpt lat="36.335139" lon="-118.133425"/>
      <trkpt lat="36.335189" lon="-118.133390"/>
      <trkpt lat="36.335325" lon="-118.133309"/>
      <trkpt lat="36.335399" lon="-118.133226"/>
      <trkpt lat="36.335434" lon="-118.133166"/>
      <trkpt lat="36.335471" lon="-118.133137"/>
      <trkpt lat="36.335563" lon="-118.133130"/>
      <trkpt lat="36.335634" lon="-118.133098"/>
      <trkpt lat="36.335744" lon="-118.133061"/>
      <trkpt lat="36.335996" lon="-118.133021"/>
      <trkpt lat="36.336058" lon="-118.132968"/>
      <trkpt lat="36.336080" lon="-118.132886"/>
      <trkpt lat="36.336129" lon="-118.132762"/>
      <trkpt lat="36.336206" lon="-118.132670"/>
      <trkpt lat="36.336287" lon="-118.132621"/>
      <trkpt lat="36.336459" lon="-118.132506"/>
      <trkpt lat="36.336611" lon="-118.132459"/>
      <trkpt lat="36.336739" lon="-118.132381"/>
      <trkpt lat="36.336866" lon="-118.132282"/>
      <trkpt lat="36.336945" lon="-118.132180"/>
      <trkpt lat="36.337026" lon="-118.132159"/>
      <trkpt lat="36.337237" lon="-118.132217"/>
      <trkpt lat="36.337388" lon="-118.132172"/>
      <trkpt lat="36.337517" lon="-118.132109"/>
      <trkpt lat="36.337723" lon="-118.131978"/>
      <trkpt lat="36.337918" lon="-118.131877"/>
      <trkpt lat="36.337952" lon="-118.131832"/>
      <trkpt lat="36.338001" lon="-118.131811"/>
      <trkpt lat="36.338037" lon="-118.131752"/>
      <trkpt lat="36.338103" lon="-118.131617"/>
      <trkpt lat="36.338195" lon="-118.131490"/>
      <trkpt lat="36.338230" lon="-118.131428"/>
      <trkpt lat="36.338246" lon="-118.131355"/>
      <trkpt lat="36.338278" lon="-118.131268"/>
      <trkpt lat="36.338446" lon="-118.131063"/>
      <trkpt lat="36.338534" lon="-118.130984"/>
      <trkpt lat="36.338606" lon="-118.130870"/>
      <trkpt lat="36.338882" lon="-118.130462"/>
      <trkpt lat="36.338940" lon="-118.130403"/>
      <trkpt lat="36.339002" lon="-118.130372"/>
      <trkpt lat="36.339045" lon="-118.130317"/>
      <trkpt lat="36.339106" lon="-118.130221"/>
      <trkpt lat="36.339164" lon="-118.130088"/>
      <trkpt lat="36.339228" lon="-118.129840"/>
      <trkpt lat="36.339277" lon="-118.129678"/>
      <trkpt lat="36.339315" lon="-118.129583"/>
      <trkpt lat="36.339448" lon="-118.129457"/>
      <trkpt lat="36.339507" lon="-118.129412"/>
      <trkpt lat="36.339832" lon="-118.129255"/>
      <trkpt lat="36.339856" lon="-118.129300"/>
      <trkpt lat="36.339848" lon="-118.129383"/>
      <trkpt lat="36.339745" lon="-118.129793"/>
      <trkpt lat="36.339855" lon="-118.130242"/>
      <trkpt lat="36.339872" lon="-118.130560"/>
      <trkpt lat="36.339859" lon="-118.130769"/>
      <trkpt lat="36.339753" lon="-118.131078"/>
      <trkpt lat="36.339727" lon="-118.131134"/>
      <trkpt lat="36.339728" lon="-118.131202"/>
      <trkpt lat="36.339775" lon="-118.131332"/>
      <trkpt lat="36.339877" lon="-118.131316"/>
      <trkpt lat="36.339960" lon="-118.131271"/>
      <trkpt lat="36.339984" lon="-118.131148"/>
      <trkpt lat="36.340032" lon="-118.131024"/>
      <trkpt lat="36.340109" lon="-118.130901"/>
      <trkpt lat="36.340151" lon="-118.130853"/>
      <trkpt lat="36.340364" lon="-118.130719"/>
      <trkpt lat="36.340427" lon="-118.130617"/>
      <trkpt lat="36.340455" lon="-118.130517"/>
      <trkpt lat="36.340496" lon="-118.130418"/>
      <trkpt lat="36.340585" lon="-118.130346"/>
      <trkpt lat="36.340792" lon="-118.130319"/>
      <trkpt lat="36.340944" lon="-118.130273"/>
      <trkpt lat="36.341112" lon="-118.130209"/>
      <trkpt lat="36.341214" lon="-118.130147"/>
      <trkpt lat="36.341306" lon="-118.130080"/>
      <trkpt lat="36.341417" lon="-118.129954"/>
      <trkpt lat="36.341528" lon="-118.129698"/>
      <trkpt lat="36.341627" lon="-118.129632"/>
      <trkpt lat="36.341775" lon="-118.129560"/>
      <trkpt lat="36.341963" lon="-118.129501"/>
      <trkpt lat="36.342143" lon="-118.129469"/>
      <trkpt lat="36.342248" lon="-118.129506"/>
      <trkpt lat="36.342448" lon="-118.129618"/>
      <trkpt lat="36.342740" lon="-118.129600"/>
      <trkpt lat="36.342775" lon="-118.129672"/>
      <trkpt lat="36.342754" lon="-118.129726"/>
      <trkpt lat="36.342748" lon="-118.129782"/>
      <trkpt lat="36.342815" lon="-118.129785"/>
      <trkpt lat="36.343080" lon="-118.129731"/>
      <trkpt lat="36.343227" lon="-118.129673"/>
      <trkpt lat="36.343344" lon="-118.129605"/>
      <trkpt lat="36.343538" lon="-118.129391"/>
      <trkpt lat="36.343651" lon="-118.129238"/>
      <trkpt lat="36.343863" lon="-118.129032"/>
      <trkpt lat="36.344215" lon="-118.128533"/>
      <trkpt lat="36.344248" lon="-118.128375"/>
      <trkpt lat="36.344206" lon="-118.127940"/>
      <trkpt lat="36.344237" lon="-118.127695"/>
      <trkpt lat="36.344293" lon="-118.127673"/>
      <trkpt lat="36.344474" lon="-118.127875"/>
      <trkpt lat="36.344679" lon="-118.128106"/>
      <trkpt lat="36.344765" lon="-118.128211"/>
      <trkpt lat="36.344792" lon="-118.128318"/>
      <trkpt lat="36.344812" lon="-118.128332"/>
      <trkpt lat="36.344853" lon="-118.128283"/>
      <trkpt lat="36.344884" lon="-118.128275"/>
      <trkpt lat="36.344928" lon="-118.128342"/>
      <trkpt lat="36.344977" lon="-118.128401"/>
      <trkpt lat="36.345016" lon="-118.128430"/>
      <trkpt lat="36.345076" lon="-118.128418"/>
      <trkpt lat="36.345140" lon="-118.128381"/>
      <trkpt lat="36.345167" lon="-118.128327"/>
      <trkpt lat="36.345174" lon="-118.128280"/>
      <trkpt lat="36.345168" lon="-118.128242"/>
      <trkpt lat="36.345145" lon="-118.128199"/>
      <trkpt lat="36.345078" lon="-118.128123"/>
      <trkpt lat="36.345070" lon="-118.128068"/>
      <trkpt lat="36.345100" lon="-118.127999"/>
      <trkpt lat="36.345129" lon="-118.127962"/>
      <trkpt lat="36.345233" lon="-118.127920"/>
      <trkpt lat="36.345297" lon="-118.127867"/>
      <trkpt lat="36.345348" lon="-118.127868"/>
      <trkpt lat="36.345390" lon="-118.127881"/>
      <trkpt lat="36.345430" lon="-118.127862"/>
      <trkpt lat="36.345459" lon="-118.127837"/>
      <trkpt lat="36.345495" lon="-118.127759"/>
      <trkpt lat="36.345550" lon="-118.127705"/>
      <trkpt lat="36.345644" lon="-118.127651"/>
      <trkpt lat="36.345738" lon="-118.127554"/>
      <trkpt lat="36.345813" lon="-118.127500"/>
      <trkpt lat="36.345867" lon="-118.127497"/>
      <trkpt lat="36.345856" lon="-118.127424"/>
      <trkpt lat="36.345820" lon="-118.127367"/>
      <trkpt lat="36.345748" lon="-118.127315"/>
      <trkpt lat="36.345672" lon="-118.127234"/>
      <trkpt lat="36.345502" lon="-118.127088"/>
      <trkpt lat="36.345481" lon="-118.127055"/>
      <trkpt lat="36.345468" lon="-118.127010"/>
      <trkpt lat="36.345488" lon="-118.126930"/>
      <trkpt lat="36.345559" lon="-118.126776"/>
      <trkpt lat="36.345692" lon="-118.126608"/>
      <trkpt lat="36.345763" lon="-118.126526"/>
      <trkpt lat="36.345832" lon="-118.126523"/>
      <trkpt lat="36.345969" lon="-118.126621"/>
      <trkpt lat="36.346065" lon="-118.126700"/>
      <trkpt lat="36.346128" lon="-118.126721"/>
      <trkpt lat="36.346234" lon="-118.126729"/>
      <trkpt lat="36.346324" lon="-118.126748"/>
      <trkpt lat="36.346335" lon="-118.126723"/>
      <trkpt lat="36.346313" lon="-118.126642"/>
      <trkpt lat="36.346238" lon="-118.126548"/>
      <trkpt lat="36.346137" lon="-118.126116"/>
      <trkpt lat="36.346215" lon="-118.126111"/>
      <trkpt lat="36.346259" lon="-118.126182"/>
      <trkpt lat="36.346345" lon="-118.126218"/>
      <trkpt lat="36.346436" lon="-118.126208"/>
      <trkpt lat="36.346462" lon="-118.126110"/>
      <trkpt lat="36.346435" lon="-118.125952"/>
      <trkpt lat="36.346453" lon="-118.125752"/>
      <trkpt lat="36.346748" lon="-118.125438"/>
      <trkpt lat="36.346980" lon="-118.125272"/>
      <trkpt lat="36.347252" lon="-118.125148"/>
      <trkpt lat="36.347405" lon="-118.125150"/>
      <trkpt lat="36.347529" lon="-118.125158"/>
      <trkpt lat="36.347671" lon="-118.125333"/>
      <trkpt lat="36.347863" lon="-118.125512"/>
      <trkpt lat="36.347958" lon="-118.125625"/>
      <trkpt lat="36.348065" lon="-118.125908"/>
      <trkpt lat="36.348153" lon="-118.126022"/>
      <trkpt lat="36.348259" lon="-118.126129"/>
      <trkpt lat="36.348338" lon="-118.126168"/>
      <trkpt lat="36.348468" lon="-118.126261"/>
      <trkpt lat="36.348613" lon="-118.126282"/>
      <trkpt lat="36.348675" lon="-118.126252"/>
      <trkpt lat="36.348758" lon="-118.126188"/>
      <trkpt lat="36.348822" lon="-118.126100"/>
      <trkpt lat="36.349183" lon="-118.125866"/>
      <trkpt lat="36.349380" lon="-118.125727"/>
      <trkpt lat="36.349585" lon="-118.125477"/>
      <trkpt lat="36.349907" lon="-118.125043"/>
      <trkpt lat="36.350183" lon="-118.125024"/>
      <trkpt lat="36.350279" lon="-118.124962"/>
      <trkpt lat="36.350441" lon="-118.124925"/>
      <trkpt lat="36.350583" lon="-118.124858"/>
      <trkpt lat="36.350706" lon="-118.124737"/>
      <trkpt lat="36.351138" lon="-118.124297"/>
      <trkpt lat="36.351446" lon="-118.124134"/>
      <trkpt lat="36.351675" lon="-118.123993"/>
      <trkpt lat="36.351788" lon="-118.124015"/>
      <trkpt lat="36.352143" lon="-118.123880"/>
      <trkpt lat="36.352700" lon="-118.123463"/>
      <trkpt lat="36.352813" lon="-118.123290"/>
      <trkpt lat="36.352980" lon="-118.123177"/>
      <trkpt lat="36.353207" lon="-118.123092"/>
      <trkpt lat="36.353387" lon="-118.123170"/>
      <trkpt lat="36.353840" lon="-118.123118"/>
      <trkpt lat="36.354042" lon="-118.123040"/>
      <trkpt lat="36.354128" lon="-118.123187"/>
      <trkpt lat="36.354312" lon="-118.123287"/>
      <trkpt lat="36.354420" lon="-118.123452"/>
      <trkpt lat="36.354541" lon="-118.123474"/>
      <trkpt lat="36.354644" lon="-118.123452"/>
      <trkpt lat="36.354899" lon="-118.123511"/>
      <trkpt lat="36.355139" lon="-118.123509"/>
      <trkpt lat="36.355341" lon="-118.123560"/>
      <trkpt lat="36.355487" lon="-118.123549"/>
      <trkpt lat="36.355573" lon="-118.123506"/>
      <trkpt lat="36.355683" lon="-118.123444"/>
      <trkpt lat="36.355733" lon="-118.123385"/>
      <trkpt lat="36.355776" lon="-118.123356"/>
      <trkpt lat="36.355811" lon="-118.123393"/>
      <trkpt lat="36.355837" lon="-118.123471"/>
      <trkpt lat="36.355945" lon="-118.123568"/>
      <trkpt lat="36.356020" lon="-118.123722"/>
      <trkpt lat="36.356128" lon="-118.123906"/>
      <trkpt lat="36.356176" lon="-118.124142"/>
      <trkpt lat="36.356422" lon="-118.124869"/>
      <trkpt lat="36.356610" lon="-118.125510"/>
      <trkpt lat="36.356714" lon="-118.125815"/>
      <trkpt lat="36.356735" lon="-118.126006"/>
      <trkpt lat="36.356778" lon="-118.126012"/>
      <trkpt lat="36.356815" lon="-118.125998"/>
      <trkpt lat="36.356899" lon="-118.125735"/>
      <trkpt lat="36.357025" lon="-118.125376"/>
      <trkpt lat="36.357120" lon="-118.125190"/>
      <trkpt lat="36.357206" lon="-118.124960"/>
      <trkpt lat="36.357307" lon="-118.124715"/>
      <trkpt lat="36.357429" lon="-118.124354"/>
      <trkpt lat="36.357472" lon="-118.124209"/>
      <trkpt lat="36.357513" lon="-118.124217"/>
      <trkpt lat="36.357545" lon="-118.124335"/>
      <trkpt lat="36.357567" lon="-118.124512"/>
      <trkpt lat="36.357690" lon="-118.125209"/>
      <trkpt lat="36.357679" lon="-118.125445"/>
      <trkpt lat="36.357688" lon="-118.125791"/>
      <trkpt lat="36.357723" lon="-118.125950"/>
      <trkpt lat="36.357768" lon="-118.125961"/>
      <trkpt lat="36.357830" lon="-118.125872"/>
      <trkpt lat="36.357902" lon="-118.125708"/>
      <trkpt lat="36.357932" lon="-118.125556"/>
      <trkpt lat="36.357944" lon="-118.125475"/>
      <trkpt lat="36.357956" lon="-118.125442"/>
      <trkpt lat="36.357969" lon="-118.125442"/>
      <trkpt lat="36.357970" lon="-118.125567"/>
      <trkpt lat="36.357979" lon="-118.125597"/>
      <trkpt lat="36.358000" lon="-118.125613"/>
      <trkpt lat="36.358020" lon="-118.125597"/>
      <trkpt lat="36.358027" lon="-118.125463"/>
      <trkpt lat="36.358032" lon="-118.125443"/>
      <trkpt lat="36.358047" lon="-118.125446"/>
      <trkpt lat="36.358057" lon="-118.125454"/>
      <trkpt lat="36.358067" lon="-118.125482"/>
      <trkpt lat="36.358077" lon="-118.125567"/>
      <trkpt lat="36.358135" lon="-118.125748"/>
      <trkpt lat="36.358167" lon="-118.125785"/>
      <trkpt lat="36.358259" lon="-118.125772"/>
      <trkpt lat="36.358342" lon="-118.125787"/>
      <trkpt lat="36.358443" lon="-118.125816"/>
      <trkpt lat="36.358594" lon="-118.125897"/>
      <trkpt lat="36.358632" lon="-118.125901"/>
      <trkpt lat="36.358663" lon="-118.125879"/>
      <trkpt lat="36.358711" lon="-118.125787"/>
      <trkpt lat="36.358748" lon="-118.125746"/>
      <trkpt lat="36.358785" lon="-118.125718"/>
      <trkpt lat="36.358911" lon="-118.125669"/>
      <trkpt lat="36.358949" lon="-118.125674"/>
      <trkpt lat="36.359115" lon="-118.125779"/>
      <trkpt lat="36.359217" lon="-118.125810"/>
      <trkpt lat="36.359418" lon="-118.125899"/>
      <trkpt lat="36.359480" lon="-118.125946"/>
      <trkpt lat="36.359649" lon="-118.126096"/>
      <trkpt lat="36.359698" lon="-118.126179"/>
      <trkpt lat="36.359724" lon="-118.126234"/>
      <trkpt lat="36.359785" lon="-118.126286"/>
      <trkpt lat="36.359852" lon="-118.126312"/>
      <trkpt lat="36.359979" lon="-118.126397"/>
      <trkpt lat="36.360171" lon="-118.126451"/>
      <trkpt lat="36.360340" lon="-118.126438"/>
      <trkpt lat="36.360469" lon="-118.126424"/>
      <trkpt lat="36.360527" lon="-118.126388"/>
      <trkpt lat="36.360556" lon="-118.126388"/>
      <trkpt lat="36.360606" lon="-118.126412"/>
      <trkpt lat="36.360655" lon="-118.126475"/>
      <trkpt lat="36.360714" lon="-118.126578"/>
      <trkpt lat="36.360736" lon="-118.126592"/>
      <trkpt lat="36.360804" lon="-118.126575"/>
      <trkpt lat="36.360845" lon="-118.126609"/>
      <trkpt lat="36.360877" lon="-118.126693"/>
      <trkpt lat="36.360908" lon="-118.126747"/>
      <trkpt lat="36.360948" lon="-118.126770"/>
      <trkpt lat="36.361006" lon="-118.126774"/>
      <trkpt lat="36.361174" lon="-118.126811"/>
      <trkpt lat="36.361292" lon="-118.126817"/>
      <trkpt lat="36.361377" lon="-118.126827"/>
      <trkpt lat="36.361432" lon="-118.126855"/>
      <trkpt lat="36.361507" lon="-118.126923"/>
      <trkpt lat="36.361557" lon="-118.126996"/>
      <trkpt lat="36.361568" lon="-118.127043"/>
      <trkpt lat="36.361571" lon="-118.127118"/>
      <trkpt lat="36.361532" lon="-118.127292"/>
      <trkpt lat="36.361536" lon="-118.127348"/>
      <trkpt lat="36.361525" lon="-118.127401"/>
      <trkpt lat="36.361539" lon="-118.127451"/>
      <trkpt lat="36.361553" lon="-118.127482"/>
      <trkpt lat="36.361550" lon="-118.127516"/>
      <trkpt lat="36.361533" lon="-118.127544"/>
      <trkpt lat="36.361471" lon="-118.127540"/>
      <trkpt lat="36.361467" lon="-118.127564"/>
      <trkpt lat="36.361476" lon="-118.127591"/>
      <trkpt lat="36.361550" lon="-118.127583"/>
      <trkpt lat="36.361591" lon="-118.127551"/>
      <trkpt lat="36.361715" lon="-118.127492"/>
      <trkpt lat="36.361869" lon="-118.127443"/>
      <trkpt lat="36.361918" lon="-118.127437"/>
      <trkpt lat="36.362038" lon="-118.127465"/>
      <trkpt lat="36.362320" lon="-118.127485"/>
      <trkpt lat="36.362370" lon="-118.127493"/>
      <trkpt lat="36.362451" lon="-118.127539"/>
      <trkpt lat="36.362527" lon="-118.127598"/>
      <trkpt lat="36.362645" lon="-118.128073"/>
      <trkpt lat="36.362679" lon="-118.128329"/>
      <trkpt lat="36.362650" lon="-118.128527"/>
      <trkpt lat="36.362670" lon="-118.128693"/>
      <trkpt lat="36.362701" lon="-118.128793"/>
      <trkpt lat="36.362681" lon="-118.128992"/>
      <trkpt lat="36.362687" lon="-118.129326"/>
      <trkpt lat="36.362686" lon="-118.129739"/>
      <trkpt lat="36.362793" lon="-118.130043"/>
      <trkpt lat="36.362869" lon="-118.130343"/>
      <trkpt lat="36.362928" lon="-118.130527"/>
      <trkpt lat="36.362954" lon="-118.130757"/>
      <trkpt lat="36.362989" lon="-118.130871"/>
      <trkpt lat="36.362993" lon="-118.131164"/>
      <trkpt lat="36.363088" lon="-118.131323"/>
      <trkpt lat="36.363229" lon="-118.131518"/>
      <trkpt lat="36.363343" lon="-118.131644"/>
      <trkpt lat="36.363586" lon="-118.131707"/>
      <trkpt lat="36.364182" lon="-118.131801"/>
      <trkpt lat="36.364496" lon="-118.131876"/>
      <trkpt lat="36.364705" lon="-118.131912"/>
      <trkpt lat="36.364930" lon="-118.131979"/>
      <trkpt lat="36.365122" lon="-118.132049"/>
      <trkpt lat="36.365462" lon="-118.132116"/>
      <trkpt lat="36.365641" lon="-118.132110"/>
      <trkpt lat="36.366081" lon="-118.132194"/>
      <trkpt lat="36.366213" lon="-118.132234"/>
      <trkpt lat="36.366636" lon="-118.132276"/>
      <trkpt lat="36.366846" lon="-118.132312"/>
      <trkpt lat="36.367328" lon="-118.132372"/>
      <trkpt lat="36.367469" lon="-118.132414"/>
      <trkpt lat="36.367751" lon="-118.132514"/>
      <trkpt lat="36.367935" lon="-118.132608"/>
      <trkpt lat="36.368178" lon="-118.132713"/>
      <trkpt lat="36.368333" lon="-118.132765"/>
      <trkpt lat="36.368520" lon="-118.132870"/>
      <trkpt lat="36.368676" lon="-118.132937"/>
      <trkpt lat="36.368860" lon="-118.132976"/>
      <trkpt lat="36.369032" lon="-118.132994"/>
      <trkpt lat="36.369142" lon="-118.133013"/>
      <trkpt lat="36.369207" lon="-118.133045"/>
      <trkpt lat="36.369315" lon="-118.133139"/>
      <trkpt lat="36.369439" lon="-118.133285"/>
      <trkpt lat="36.369549" lon="-118.133460"/>
      <trkpt lat="36.369582" lon="-118.133562"/>
      <trkpt lat="36.369707" lon="-118.134320"/>
      <trkpt lat="36.369656" lon="-118.134644"/>
      <trkpt lat="36.369556" lon="-118.134995"/>
      <trkpt lat="36.369526" lon="-118.135191"/>
      <trkpt lat="36.369478" lon="-118.135280"/>
      <trkpt lat="36.369399" lon="-118.135379"/>
      <trkpt lat="36.369352" lon="-118.135490"/>
      <trkpt lat="36.369314" lon="-118.135600"/>
      <trkpt lat="36.369242" lon="-118.135737"/>
      <trkpt lat="36.369219" lon="-118.135803"/>
      <trkpt lat="36.369201" lon="-118.135903"/>
      <trkpt lat="36.369219" lon="-118.136010"/>
      <trkpt lat="36.369259" lon="-118.136086"/>
      <trkpt lat="36.369332" lon="-118.136153"/>
      <trkpt lat="36.369389" lon="-118.136221"/>
      <trkpt lat="36.369423" lon="-118.136299"/>
      <trkpt lat="36.369442" lon="-118.136359"/>
      <trkpt lat="36.369479" lon="-118.136535"/>
      <trkpt lat="36.369507" lon="-118.136642"/>
      <trkpt lat="36.369577" lon="-118.136779"/>
      <trkpt lat="36.369651" lon="-118.136857"/>
      <trkpt lat="36.369762" lon="-118.136987"/>
      <trkpt lat="36.369820" lon="-118.137087"/>
      <trkpt lat="36.369883" lon="-118.137242"/>
      <trkpt lat="36.369926" lon="-118.137336"/>
      <trkpt lat="36.369978" lon="-118.137574"/>
      <trkpt lat="36.369847" lon="-118.138171"/>
      <trkpt lat="36.369709" lon="-118.138573"/>
      <trkpt lat="36.369612" lon="-118.139041"/>
      <trkpt lat="36.369517" lon="-118.139293"/>
      <trkpt lat="36.369371" lon="-118.139948"/>
      <trkpt lat="36.369334" lon="-118.140183"/>
      <trkpt lat="36.369276" lon="-118.140385"/>
      <trkpt lat="36.369250" lon="-118.140535"/>
      <trkpt lat="36.369234" lon="-118.140683"/>
      <trkpt lat="36.369206" lon="-118.140770"/>
      <trkpt lat="36.369138" lon="-118.141029"/>
      <trkpt lat="36.369023" lon="-118.141270"/>
      <trkpt lat="36.368989" lon="-118.141485"/>
      <trkpt lat="36.368979" lon="-118.141693"/>
      <trkpt lat="36.369019" lon="-118.141860"/>
      <trkpt lat="36.369052" lon="-118.141965"/>
      <trkpt lat="36.369103" lon="-118.142155"/>
      <trkpt lat="36.369167" lon="-118.142312"/>
      <trkpt lat="36.369413" lon="-118.142699"/>
      <trkpt lat="36.369518" lon="-118.142877"/>
      <trkpt lat="36.369614" lon="-118.143062"/>
      <trkpt lat="36.369672" lon="-118.143189"/>
      <trkpt lat="36.369761" lon="-118.143326"/>
      <trkpt lat="36.369872" lon="-118.143457"/>
      <trkpt lat="36.370025" lon="-118.143608"/>
      <trkpt lat="36.370134" lon="-118.143672"/>
      <trkpt lat="36.370229" lon="-118.143770"/>
      <trkpt lat="36.370367" lon="-118.143938"/>
      <trkpt lat="36.370433" lon="-118.144029"/>
      <trkpt lat="36.370641" lon="-118.144295"/>
      <trkpt lat="36.370936" lon="-118.144614"/>
      <trkpt lat="36.371013" lon="-118.144685"/>
      <trkpt lat="36.371269" lon="-118.144948"/>
      <trkpt lat="36.371453" lon="-118.145121"/>
      <trkpt lat="36.371605" lon="-118.145307"/>
      <trkpt lat="36.371673" lon="-118.145402"/>
      <trkpt lat="36.371879" lon="-118.145567"/>
      <trkpt lat="36.371970" lon="-118.145660"/>
      <trkpt lat="36.372036" lon="-118.145831"/>
      <trkpt lat="36.372236" lon="-118.146122"/>
      <trkpt lat="36.372273" lon="-118.146228"/>
      <trkpt lat="36.372412" lon="-118.146771"/>
      <trkpt lat="36.372468" lon="-118.146903"/>
      <trkpt lat="36.372483" lon="-118.146970"/>
      <trkpt lat="36.372500" lon="-118.147274"/>
      <trkpt lat="36.372498" lon="-118.147473"/>
      <trkpt lat="36.372553" lon="-118.147929"/>
      <trkpt lat="36.372568" lon="-118.148223"/>
      <trkpt lat="36.372570" lon="-118.148475"/>
      <trkpt lat="36.372610" lon="-118.148609"/>
      <trkpt lat="36.372680" lon="-118.148732"/>
      <trkpt lat="36.372722" lon="-118.148819"/>
      <trkpt lat="36.372729" lon="-118.148901"/>
      <trkpt lat="36.372777" lon="-118.148992"/>
      <trkpt lat="36.372865" lon="-118.149055"/>
      <trkpt lat="36.372967" lon="-118.149086"/>
      <trkpt lat="36.373035" lon="-118.149088"/>
      <trkpt lat="36.373114" lon="-118.149097"/>
      <trkpt lat="36.373172" lon="-118.149138"/>
      <trkpt lat="36.373237" lon="-118.149175"/>
      <trkpt lat="36.373286" lon="-118.149235"/>
      <trkpt lat="36.373321" lon="-118.149377"/>
      <trkpt lat="36.373349" lon="-118.149582"/>
      <trkpt lat="36.373428" lon="-118.149613"/>
      <trkpt lat="36.373474" lon="-118.149601"/>
      <trkpt lat="36.373534" lon="-118.149569"/>
      <trkpt lat="36.373592" lon="-118.149552"/>
      <trkpt lat="36.373751" lon="-118.149593"/>
      <trkpt lat="36.373952" lon="-118.149588"/>
      <trkpt lat="36.374174" lon="-118.149658"/>
      <trkpt lat="36.374368" lon="-118.149673"/>
      <trkpt lat="36.374488" lon="-118.149635"/>
      <trkpt lat="36.374777" lon="-118.149514"/>
      <trkpt lat="36.375012" lon="-118.149376"/>
      <trkpt lat="36.375379" lon="-118.149278"/>
      <trkpt lat="36.375688" lon="-118.149200"/>
      <trkpt lat="36.375886" lon="-118.149202"/>
      <trkpt lat="36.376154" lon="-118.149222"/>
      <trkpt lat="36.376303" lon="-118.149261"/>
      <trkpt lat="36.376558" lon="-118.149340"/>
      <trkpt lat="36.376790" lon="-118.149455"/>
      <trkpt lat="36.377000" lon="-118.149498"/>
      <trkpt lat="36.377135" lon="-118.149561"/>
      <trkpt lat="36.377380" lon="-118.149666"/>
      <trkpt lat="36.377454" lon="-118.149680"/>
      <trkpt lat="36.377628" lon="-118.149771"/>
      <trkpt lat="36.377838" lon="-118.149845"/>
      <trkpt lat="36.377919" lon="-118.149863"/>
      <trkpt lat="36.378103" lon="-118.149955"/>
      <trkpt lat="36.378305" lon="-118.150079"/>
      <trkpt lat="36.378537" lon="-118.150254"/>
      <trkpt lat="36.378677" lon="-118.150288"/>
      <trkpt lat="36.378758" lon="-118.150295"/>
      <trkpt lat="36.378959" lon="-118.150233"/>
      <trkpt lat="36.379288" lon="-118.150201"/>
      <trkpt lat="36.379450" lon="-118.150215"/>
      <trkpt lat="36.379630" lon="-118.150183"/>
      <trkpt lat="36.379789" lon="-118.150138"/>
      <trkpt lat="36.379959" lon="-118.150068"/>
      <trkpt lat="36.380029" lon="-118.150053"/>
      <trkpt lat="36.380215" lon="-118.149860"/>
      <trkpt lat="36.380349" lon="-118.149770"/>
      <trkpt lat="36.380525" lon="-118.149712"/>
      <trkpt lat="36.380788" lon="-118.149498"/>
      <trkpt lat="36.380973" lon="-118.149403"/>
      <trkpt lat="36.381255" lon="-118.149283"/>
      <trkpt lat="36.381642" lon="-118.149226"/>
      <trkpt lat="36.381750" lon="-118.149203"/>
      <trkpt lat="36.381950" lon="-118.149235"/>
      <trkpt lat="36.382142" lon="-118.149314"/>
      <trkpt lat="36.382233" lon="-118.149299"/>
      <trkpt lat="36.382323" lon="-118.149300"/>
      <trkpt lat="36.382396" lon="-118.149322"/>
      <trkpt lat="36.382434" lon="-118.149317"/>
      <trkpt lat="36.382457" lon="-118.149355"/>
      <trkpt lat="36.382439" lon="-118.149377"/>
      <trkpt lat="36.382337" lon="-118.149454"/>
      <trkpt lat="36.382050" lon="-118.149733"/>
      <trkpt lat="36.381910" lon="-118.149893"/>
      <trkpt lat="36.381738" lon="-118.150217"/>
      <trkpt lat="36.381698" lon="-118.150387"/>
      <trkpt lat="36.381704" lon="-118.150521"/>
      <trkpt lat="36.381720" lon="-118.150605"/>
      <trkpt lat="36.381792" lon="-118.150820"/>
      <trkpt lat="36.381922" lon="-118.151149"/>
      <trkpt lat="36.382096" lon="-118.151365"/>
      <trkpt lat="36.382222" lon="-118.151687"/>
      <trkpt lat="36.382375" lon="-118.151902"/>
      <trkpt lat="36.382517" lon="-118.152272"/>
      <trkpt lat="36.382583" lon="-118.152621"/>
      <trkpt lat="36.382598" lon="-118.152847"/>
      <trkpt lat="36.382718" lon="-118.153188"/>
      <trkpt lat="36.382867" lon="-118.153489"/>
      <trkpt lat="36.383148" lon="-118.153903"/>
      <trkpt lat="36.383288" lon="-118.154230"/>
      <trkpt lat="36.383376" lon="-118.154384"/>
      <trkpt lat="36.383544" lon="-118.154534"/>
      <trkpt lat="36.383710" lon="-118.154777"/>
      <trkpt lat="36.383926" lon="-118.155416"/>
      <trkpt lat="36.383945" lon="-118.155501"/>
      <trkpt lat="36.383952" lon="-118.155604"/>
      <trkpt lat="36.383988" lon="-118.155703"/>
      <trkpt lat="36.384033" lon="-118.155752"/>
      <trkpt lat="36.384087" lon="-118.155823"/>
      <trkpt lat="36.384156" lon="-118.155859"/>
      <trkpt lat="36.384345" lon="-118.155894"/>
      <trkpt lat="36.384416" lon="-118.155926"/>
      <trkpt lat="36.384499" lon="-118.156001"/>
      <trkpt lat="36.384546" lon="-118.156071"/>
      <trkpt lat="36.384783" lon="-118.156608"/>
      <trkpt lat="36.384865" lon="-118.156706"/>
      <trkpt lat="36.385161" lon="-118.156854"/>
      <trkpt lat="36.385280" lon="-118.156997"/>
      <trkpt lat="36.385558" lon="-118.157527"/>
      <trkpt lat="36.385884" lon="-118.158125"/>
      <trkpt lat="36.385983" lon="-118.158405"/>
      <trkpt lat="36.386035" lon="-118.158494"/>
      <trkpt lat="36.386093" lon="-118.158549"/>
      <trkpt lat="36.386278" lon="-118.158646"/>
      <trkpt lat="36.386417" lon="-118.158748"/>
      <trkpt lat="36.386673" lon="-118.158799"/>
      <trkpt lat="36.386808" lon="-118.158872"/>
      <trkpt lat="36.387209" lon="-118.158958"/>
      <trkpt lat="36.387448" lon="-118.159014"/>
      <trkpt lat="36.387678" lon="-118.159080"/>
      <trkpt lat="36.387812" lon="-118.159155"/>
      <trkpt lat="36.387983" lon="-118.159308"/>
      <trkpt lat="36.388099" lon="-118.159367"/>
      <trkpt lat="36.388275" lon="-118.159600"/>
      <trkpt lat="36.388414" lon="-118.159698"/>
      <trkpt lat="36.388553" lon="-118.159839"/>
      <trkpt lat="36.388781" lon="-118.159992"/>
      <trkpt lat="36.388928" lon="-118.160103"/>
      <trkpt lat="36.389001" lon="-118.160239"/>
      <trkpt lat="36.389086" lon="-118.160369"/>
      <trkpt lat="36.389299" lon="-118.160561"/>
      <trkpt lat="36.389645" lon="-118.160988"/>
      <trkpt lat="36.389797" lon="-118.161067"/>
      <trkpt lat="36.390437" lon="-118.161715"/>
      <trkpt lat="36.390718" lon="-118.161883"/>
      <trkpt lat="36.391030" lon="-118.161982"/>
      <trkpt lat="36.392177" lon="-118.161883"/>
      <trkpt lat="36.392290" lon="-118.161868"/>
      <trkpt lat="36.392481" lon="-118.161765"/>
      <trkpt lat="36.392731" lon="-118.161561"/>
      <trkpt lat="36.392941" lon="-118.161454"/>
      <trkpt lat="36.393323" lon="-118.161339"/>
      <trkpt lat="36.393466" lon="-118.161258"/>
      <trkpt lat="36.393597" lon="-118.161178"/>
      <trkpt lat="36.393728" lon="-118.161159"/>
      <trkpt lat="36.393852" lon="-118.161155"/>
      <trkpt lat="36.394327" lon="-118.161191"/>
      <trkpt lat="36.394640" lon="-118.161268"/>
      <trkpt lat="36.394872" lon="-118.161255"/>
      <trkpt lat="36.395127" lon="-118.161273"/>
      <trkpt lat="36.395258" lon="-118.161245"/>
      <trkpt lat="36.395449" lon="-118.161164"/>
      <trkpt lat="36.395591" lon="-118.161074"/>
      <trkpt lat="36.395770" lon="-118.160938"/>
      <trkpt lat="36.395834" lon="-118.160881"/>
      <trkpt lat="36.395907" lon="-118.160782"/>
      <trkpt lat="36.395992" lon="-118.160732"/>
      <trkpt lat="36.396087" lon="-118.160640"/>
      <trkpt lat="36.396217" lon="-118.160579"/>
      <trkpt lat="36.396432" lon="-118.160537"/>
      <trkpt lat="36.396522" lon="-118.160537"/>
      <trkpt lat="36.396584" lon="-118.160528"/>
      <trkpt lat="36.396664" lon="-118.160494"/>
      <trkpt lat="36.396794" lon="-118.160386"/>
      <trkpt lat="36.396910" lon="-118.160258"/>
      <trkpt lat="36.397038" lon="-118.160093"/>
      <trkpt lat="36.397104" lon="-118.159930"/>
      <trkpt lat="36.397150" lon="-118.159709"/>
      <trkpt lat="36.397156" lon="-118.159458"/>
      <trkpt lat="36.397236" lon="-118.158886"/>
      <trkpt lat="36.397287" lon="-118.158701"/>
      <trkpt lat="36.397421" lon="-118.158505"/>
      <trkpt lat="36.397588" lon="-118.158278"/>
      <trkpt lat="36.397738" lon="-118.158104"/>
      <trkpt lat="36.397790" lon="-118.158034"/>
      <trkpt lat="36.397831" lon="-118.157971"/>
      <trkpt lat="36.397863" lon="-118.157891"/>
      <trkpt lat="36.397868" lon="-118.157764"/>
      <trkpt lat="36.397881" lon="-118.157586"/>
      <trkpt lat="36.397922" lon="-118.157476"/>
      <trkpt lat="36.397941" lon="-118.157370"/>
      <trkpt lat="36.397979" lon="-118.156906"/>
      <trkpt lat="36.397998" lon="-118.156617"/>
      <trkpt lat="36.397969" lon="-118.156072"/>
      <trkpt lat="36.397970" lon="-118.155652"/>
      <trkpt lat="36.398015" lon="-118.155414"/>
      <trkpt lat="36.398017" lon="-118.155247"/>
      <trkpt lat="36.398025" lon="-118.155074"/>
      <trkpt lat="36.398063" lon="-118.154898"/>
      <trkpt lat="36.398070" lon="-118.154558"/>
      <trkpt lat="36.398088" lon="-118.154118"/>
      <trkpt lat="36.398084" lon="-118.153936"/>
      <trkpt lat="36.398100" lon="-118.153815"/>
      <trkpt lat="36.398120" lon="-118.153717"/>
      <trkpt lat="36.398167" lon="-118.153604"/>
      <trkpt lat="36.398220" lon="-118.153518"/>
      <trkpt lat="36.398357" lon="-118.153387"/>
      <trkpt lat="36.398481" lon="-118.153223"/>
      <trkpt lat="36.398547" lon="-118.153147"/>
      <trkpt lat="36.398640" lon="-118.153107"/>
      <trkpt lat="36.398784" lon="-118.153079"/>
      <trkpt lat="36.398942" lon="-118.153032"/>
      <trkpt lat="36.399052" lon="-118.152957"/>
      <trkpt lat="36.399196" lon="-118.152813"/>
      <trkpt lat="36.399255" lon="-118.152709"/>
      <trkpt lat="36.399340" lon="-118.152509"/>
      <trkpt lat="36.399400" lon="-118.152325"/>
      <trkpt lat="36.399411" lon="-118.152211"/>
      <trkpt lat="36.399473" lon="-118.152049"/>
      <trkpt lat="36.399516" lon="-118.151947"/>
      <trkpt lat="36.399543" lon="-118.151898"/>
      <trkpt lat="36.399685" lon="-118.151738"/>
      <trkpt lat="36.399889" lon="-118.151530"/>
      <trkpt lat="36.400036" lon="-118.151339"/>
      <trkpt lat="36.400106" lon="-118.151307"/>
      <trkpt lat="36.400224" lon="-118.151310"/>
      <trkpt lat="36.400410" lon="-118.151445"/>
      <trkpt lat="36.400486" lon="-118.151460"/>
      <trkpt lat="36.400538" lon="-118.151438"/>
      <trkpt lat="36.400582" lon="-118.151409"/>
      <trkpt lat="36.400638" lon="-118.151339"/>
      <trkpt lat="36.400691" lon="-118.151259"/>
      <trkpt lat="36.400724" lon="-118.151160"/>
      <trkpt lat="36.400739" lon="-118.150996"/>
      <trkpt lat="36.400747" lon="-118.150553"/>
      <trkpt lat="36.400727" lon="-118.150428"/>
      <trkpt lat="36.400669" lon="-118.150289"/>
      <trkpt lat="36.400589" lon="-118.150114"/>
      <trkpt lat="36.400586" lon="-118.149966"/>
      <trkpt lat="36.400590" lon="-118.149791"/>
      <trkpt lat="36.400593" lon="-118.149733"/>
      <trkpt lat="36.400623" lon="-118.149691"/>
      <trkpt lat="36.400920" lon="-118.149623"/>
      <trkpt lat="36.401143" lon="-118.149535"/>
      <trkpt lat="36.401265" lon="-118.149505"/>
      <trkpt lat="36.401409" lon="-118.149494"/>
      <trkpt lat="36.401539" lon="-118.149499"/>
      <trkpt lat="36.401718" lon="-118.149466"/>
      <trkpt lat="36.401959" lon="-118.149355"/>
      <trkpt lat="36.402193" lon="-118.149273"/>
      <trkpt lat="36.402358" lon="-118.149197"/>
      <trkpt lat="36.402482" lon="-118.149114"/>
      <trkpt lat="36.402693" lon="-118.148917"/>
      <trkpt lat="36.402972" lon="-118.148619"/>
      <trkpt lat="36.403206" lon="-118.148337"/>
      <trkpt lat="36.403340" lon="-118.148181"/>
      <trkpt lat="36.403429" lon="-118.148087"/>
      <trkpt lat="36.403523" lon="-118.148082"/>
      <trkpt lat="36.403666" lon="-118.148096"/>
      <trkpt lat="36.403897" lon="-118.148151"/>
      <trkpt lat="36.403955" lon="-118.148174"/>
      <trkpt lat="36.403991" lon="-118.148218"/>
      <trkpt lat="36.404064" lon="-118.148405"/>
      <trkpt lat="36.404089" lon="-118.148522"/>
      <trkpt lat="36.404172" lon="-118.148692"/>
      <trkpt lat="36.404256" lon="-118.148792"/>
      <trkpt lat="36.404295" lon="-118.148866"/>
      <trkpt lat="36.404316" lon="-118.149061"/>
      <trkpt lat="36.404349" lon="-118.149261"/>
      <trkpt lat="36.404391" lon="-118.149408"/>
      <trkpt lat="36.404418" lon="-118.149460"/>
      <trkpt lat="36.404473" lon="-118.149486"/>
      <trkpt lat="36.404566" lon="-118.149503"/>
      <trkpt lat="36.404655" lon="-118.149505"/>
      <trkpt lat="36.404717" lon="-118.149491"/>
      <trkpt lat="36.404828" lon="-118.149446"/>
      <trkpt lat="36.404955" lon="-118.149408"/>
      <trkpt lat="36.405106" lon="-118.149383"/>
      <trkpt lat="36.405227" lon="-118.149338"/>
      <trkpt lat="36.405352" lon="-118.149317"/>
      <trkpt lat="36.405453" lon="-118.149320"/>
      <trkpt lat="36.405498" lon="-118.149337"/>
      <trkpt lat="36.405570" lon="-118.149385"/>
      <trkpt lat="36.405621" lon="-118.149455"/>
      <trkpt lat="36.405677" lon="-118.149546"/>
      <trkpt lat="36.405688" lon="-118.149612"/>
      <trkpt lat="36.405713" lon="-118.149835"/>
      <trkpt lat="36.405766" lon="-118.149938"/>
      <trkpt lat="36.405816" lon="-118.150047"/>
      <trkpt lat="36.405853" lon="-118.150147"/>
      <trkpt lat="36.405958" lon="-118.150291"/>
      <trkpt lat="36.405996" lon="-118.150316"/>
      <trkpt lat="36.406052" lon="-118.150331"/>
      <trkpt lat="36.406146" lon="-118.150331"/>
      <trkpt lat="36.406220" lon="-118.150312"/>
      <trkpt lat="36.406270" lon="-118.150273"/>
      <trkpt lat="36.406404" lon="-118.150207"/>
      <trkpt lat="36.406537" lon="-118.150197"/>
      <trkpt lat="36.406576" lon="-118.150202"/>
      <trkpt lat="36.406660" lon="-118.150240"/>
      <trkpt lat="36.406734" lon="-118.150242"/>
      <trkpt lat="36.406796" lon="-118.150269"/>
      <trkpt lat="36.406986" lon="-118.150414"/>
      <trkpt lat="36.407180" lon="-118.150458"/>
      <trkpt lat="36.407297" lon="-118.150472"/>
      <trkpt lat="36.407441" lon="-118.150541"/>
      <trkpt lat="36.407567" lon="-118.150578"/>
      <trkpt lat="36.407813" lon="-118.150597"/>
      <trkpt lat="36.407870" lon="-118.150637"/>
      <trkpt lat="36.407918" lon="-118.150689"/>
      <trkpt lat="36.407993" lon="-118.150724"/>
      <trkpt lat="36.408075" lon="-118.150740"/>
      <trkpt lat="36.408153" lon="-118.150724"/>
      <trkpt lat="36.408225" lon="-118.150694"/>
      <trkpt lat="36.408298" lon="-118.150657"/>
      <trkpt lat="36.408367" lon="-118.150540"/>
      <trkpt lat="36.408376" lon="-118.150480"/>
      <trkpt lat="36.408373" lon="-118.150370"/>
      <trkpt lat="36.408349" lon="-118.150319"/>
      <trkpt lat="36.408313" lon="-118.150268"/>
      <trkpt lat="36.408300" lon="-118.150205"/>
      <trkpt lat="36.408311" lon="-118.150120"/>
      <trkpt lat="36.408346" lon="-118.150036"/>
      <trkpt lat="36.408391" lon="-118.149900"/>
      <trkpt lat="36.408447" lon="-118.149568"/>
      <trkpt lat="36.408463" lon="-118.149279"/>
      <trkpt lat="36.408530" lon="-118.148756"/>
      <trkpt lat="36.408614" lon="-118.148459"/>
      <trkpt lat="36.408679" lon="-118.148027"/>
      <trkpt lat="36.408742" lon="-118.147870"/>
      <trkpt lat="36.408830" lon="-118.147745"/>
      <trkpt lat="36.408932" lon="-118.147642"/>
      <trkpt lat="36.409027" lon="-118.147535"/>
      <trkpt lat="36.409252" lon="-118.147235"/>
      <trkpt lat="36.409423" lon="-118.146958"/>
      <trkpt lat="36.409588" lon="-118.146584"/>
      <trkpt lat="36.409660" lon="-118.146385"/>
      <trkpt lat="36.409715" lon="-118.146147"/>
      <trkpt lat="36.409772" lon="-118.145920"/>
      <trkpt lat="36.409821" lon="-118.145676"/>
      <trkpt lat="36.409894" lon="-118.145452"/>
      <trkpt lat="36.409962" lon="-118.145267"/>
      <trkpt lat="36.410102" lon="-118.145016"/>
      <trkpt lat="36.410212" lon="-118.144852"/>
      <trkpt lat="36.410274" lon="-118.144740"/>
      <trkpt lat="36.410311" lon="-118.144631"/>
      <trkpt lat="36.410379" lon="-118.144302"/>
      <trkpt lat="36.410417" lon="-118.144199"/>
      <trkpt lat="36.410479" lon="-118.144080"/>
      <trkpt lat="36.410523" lon="-118.143975"/>
      <trkpt lat="36.410548" lon="-118.143867"/>
      <trkpt lat="36.410540" lon="-118.143778"/>
      <trkpt lat="36.410514" lon="-118.143665"/>
      <trkpt lat="36.410517" lon="-118.143475"/>
      <trkpt lat="36.410543" lon="-118.143356"/>
      <trkpt lat="36.410528" lon="-118.143228"/>
      <trkpt lat="36.410489" lon="-118.143085"/>
      <trkpt lat="36.410485" lon="-118.142988"/>
      <trkpt lat="36.410502" lon="-118.142898"/>
      <trkpt lat="36.410560" lon="-118.142806"/>
      <trkpt lat="36.410669" lon="-118.142460"/>
      <trkpt lat="36.410730" lon="-118.142322"/>
      <trkpt lat="36.410841" lon="-118.142255"/>
      <trkpt lat="36.410988" lon="-118.142193"/>
      <trkpt lat="36.411163" lon="-118.142147"/>
      <trkpt lat="36.411367" lon="-118.142121"/>
      <trkpt lat="36.411483" lon="-118.142100"/>
      <trkpt lat="36.411532" lon="-118.142061"/>
      <trkpt lat="36.411626" lon="-118.141964"/>
      <trkpt lat="36.411740" lon="-118.141899"/>
      <trkpt lat="36.411834" lon="-118.141863"/>
      <trkpt lat="36.412030" lon="-118.141815"/>
      <trkpt lat="36.412102" lon="-118.141777"/>
      <trkpt lat="36.412191" lon="-118.141694"/>
      <trkpt lat="36.412341" lon="-118.141520"/>
      <trkpt lat="36.412480" lon="-118.141345"/>
      <trkpt lat="36.412585" lon="-118.141174"/>
      <trkpt lat="36.412695" lon="-118.140977"/>
      <trkpt lat="36.412747" lon="-118.140845"/>
      <trkpt lat="36.412818" lon="-118.140774"/>
      <trkpt lat="36.412868" lon="-118.140640"/>
      <trkpt lat="36.412899" lon="-118.140456"/>
      <trkpt lat="36.412968" lon="-118.140251"/>
      <trkpt lat="36.413010" lon="-118.140067"/>
      <trkpt lat="36.413027" lon="-118.139871"/>
      <trkpt lat="36.413035" lon="-118.139665"/>
      <trkpt lat="36.413041" lon="-118.139509"/>
      <trkpt lat="36.413042" lon="-118.139204"/>
      <trkpt lat="36.413057" lon="-118.139139"/>
      <trkpt lat="36.413076" lon="-118.139103"/>
      <trkpt lat="36.413112" lon="-118.139059"/>
      <trkpt lat="36.413211" lon="-118.138898"/>
      <trkpt lat="36.413320" lon="-118.138791"/>
      <trkpt lat="36.413364" lon="-118.138756"/>
      <trkpt lat="36.413437" lon="-118.138722"/>
      <trkpt lat="36.413645" lon="-118.138718"/>
      <trkpt lat="36.413793" lon="-118.138685"/>
      <trkpt lat="36.414345" lon="-118.138711"/>
      <trkpt lat="36.414568" lon="-118.138710"/>
      <trkpt lat="36.414664" lon="-118.138697"/>
      <trkpt lat="36.414760" lon="-118.138661"/>
      <trkpt lat="36.414839" lon="-118.138651"/>
      <trkpt lat="36.414910" lon="-118.138659"/>
      <trkpt lat="36.414967" lon="-118.138685"/>
      <trkpt lat="36.415063" lon="-118.138819"/>
      <trkpt lat="36.415102" lon="-118.138847"/>
      <trkpt lat="36.415168" lon="-118.138859"/>
      <trkpt lat="36.415233" lon="-118.138827"/>
      <trkpt lat="36.415285" lon="-118.138741"/>
      <trkpt lat="36.415359" lon="-118.138706"/>
      <trkpt lat="36.415576" lon="-118.138711"/>
      <trkpt lat="36.415823" lon="-118.138728"/>
      <trkpt lat="36.416181" lon="-118.138774"/>
      <trkpt lat="36.416322" lon="-118.138808"/>
      <trkpt lat="36.416468" lon="-118.138852"/>
      <trkpt lat="36.416564" lon="-118.138907"/>
      <trkpt lat="36.416646" lon="-118.138938"/>
      <trkpt lat="36.416823" lon="-118.138984"/>
      <trkpt lat="36.417026" lon="-118.139029"/>
      <trkpt lat="36.417165" lon="-118.139045"/>
      <trkpt lat="36.417408" lon="-118.139047"/>
      <trkpt lat="36.417558" lon="-118.139033"/>
      <trkpt lat="36.418039" lon="-118.139080"/>
      <trkpt lat="36.418181" lon="-118.139114"/>
      <trkpt lat="36.418320" lon="-118.139173"/>
      <trkpt lat="36.418515" lon="-118.139237"/>
      <trkpt lat="36.418572" lon="-118.139271"/>
      <trkpt lat="36.418900" lon="-118.139815"/>
      <trkpt lat="36.419081" lon="-118.140128"/>
      <trkpt lat="36.419152" lon="-118.140243"/>
      <trkpt lat="36.419288" lon="-118.140416"/>
      <trkpt lat="36.419482" lon="-118.140632"/>
      <trkpt lat="36.419587" lon="-118.140723"/>
      <trkpt lat="36.419683" lon="-118.140795"/>
      <trkpt lat="36.419739" lon="-118.140860"/>
      <trkpt lat="36.419775" lon="-118.140925"/>
      <trkpt lat="36.419886" lon="-118.141159"/>
      <trkpt lat="36.419937" lon="-118.141285"/>
      <trkpt lat="36.420037" lon="-118.141462"/>
      <trkpt lat="36.420110" lon="-118.141654"/>
      <trkpt lat="36.420180" lon="-118.141758"/>
      <trkpt lat="36.420303" lon="-118.141902"/>
      <trkpt lat="36.420365" lon="-118.141921"/>
      <trkpt lat="36.420459" lon="-118.141927"/>
      <trkpt lat="36.420582" lon="-118.141921"/>
      <trkpt lat="36.420607" lon="-118.141953"/>
      <trkpt lat="36.420597" lon="-118.142001"/>
      <trkpt lat="36.420575" lon="-118.142071"/>
      <trkpt lat="36.420584" lon="-118.142165"/>
      <trkpt lat="36.420631" lon="-118.142288"/>
      <trkpt lat="36.420648" lon="-118.142351"/>
      <trkpt lat="36.420650" lon="-118.142426"/>
      <trkpt lat="36.420635" lon="-118.142532"/>
      <trkpt lat="36.420651" lon="-118.142623"/>
      <trkpt lat="36.420734" lon="-118.142790"/>
      <trkpt lat="36.420849" lon="-118.143086"/>
      <trkpt lat="36.420912" lon="-118.143215"/>
      <trkpt lat="36.420980" lon="-118.143330"/>
      <trkpt lat="36.421170" lon="-118.143539"/>
      <trkpt lat="36.421466" lon="-118.143810"/>
      <trkpt lat="36.421532" lon="-118.143849"/>
      <trkpt lat="36.421628" lon="-118.143895"/>
      <trkpt lat="36.421706" lon="-118.143983"/>
      <trkpt lat="36.421727" lon="-118.144041"/>
      <trkpt lat="36.421791" lon="-118.144172"/>
      <trkpt lat="36.421835" lon="-118.144226"/>
      <trkpt lat="36.421923" lon="-118.144289"/>
      <trkpt lat="36.421999" lon="-118.144360"/>
      <trkpt lat="36.422055" lon="-118.144482"/>
      <trkpt lat="36.422168" lon="-118.144847"/>
      <trkpt lat="36.422202" lon="-118.144926"/>
      <trkpt lat="36.422292" lon="-118.145063"/>
      <trkpt lat="36.422329" lon="-118.145138"/>
      <trkpt lat="36.422349" lon="-118.145206"/>
      <trkpt lat="36.422359" lon="-118.145264"/>
      <trkpt lat="36.422392" lon="-118.145320"/>
      <trkpt lat="36.422448" lon="-118.145375"/>
      <trkpt lat="36.422549" lon="-118.145574"/>
      <trkpt lat="36.422615" lon="-118.145670"/>
      <trkpt lat="36.422667" lon="-118.145737"/>
      <trkpt lat="36.422767" lon="-118.145794"/>
      <trkpt lat="36.423218" lon="-118.146100"/>
      <trkpt lat="36.423421" lon="-118.146222"/>
      <trkpt lat="36.423491" lon="-118.146299"/>
      <trkpt lat="36.423596" lon="-118.146372"/>
      <trkpt lat="36.423687" lon="-118.146401"/>
      <trkpt lat="36.423882" lon="-118.146435"/>
      <trkpt lat="36.423929" lon="-118.146460"/>
      <trkpt lat="36.423979" lon="-118.146523"/>
      <trkpt lat="36.424048" lon="-118.146663"/>
      <trkpt lat="36.424099" lon="-118.146757"/>
      <trkpt lat="36.424160" lon="-118.146918"/>
      <trkpt lat="36.424202" lon="-118.147096"/>
      <trkpt lat="36.424245" lon="-118.147233"/>
      <trkpt lat="36.424258" lon="-118.147327"/>
      <trkpt lat="36.424250" lon="-118.147445"/>
      <trkpt lat="36.424255" lon="-118.147526"/>
      <trkpt lat="36.424271" lon="-118.147622"/>
      <trkpt lat="36.424270" lon="-118.147708"/>
      <trkpt lat="36.424319" lon="-118.147820"/>
      <trkpt lat="36.424357" lon="-118.147823"/>
      <trkpt lat="36.424426" lon="-118.147775"/>
      <trkpt lat="36.424546" lon="-118.147753"/>
      <trkpt lat="36.424748" lon="-118.147738"/>
      <trkpt lat="36.424839" lon="-118.147709"/>
      <trkpt lat="36.424917" lon="-118.147624"/>
      <trkpt lat="36.425047" lon="-118.147552"/>
      <trkpt lat="36.425161" lon="-118.147552"/>
      <trkpt lat="36.425257" lon="-118.147575"/>
      <trkpt lat="36.425343" lon="-118.147622"/>
      <trkpt lat="36.425414" lon="-118.147709"/>
      <trkpt lat="36.425488" lon="-118.147756"/>
      <trkpt lat="36.425560" lon="-118.147776"/>
      <trkpt lat="36.425918" lon="-118.147789"/>
      <trkpt lat="36.426001" lon="-118.147779"/>
      <trkpt lat="36.426115" lon="-118.147633"/>
      <trkpt lat="36.426284" lon="-118.147560"/>
      <trkpt lat="36.426336" lon="-118.147496"/>
      <trkpt lat="36.426493" lon="-118.147358"/>
      <trkpt lat="36.426859" lon="-118.147108"/>
      <trkpt lat="36.426928" lon="-118.147044"/>
      <trkpt lat="36.426991" lon="-118.147020"/>
      <trkpt lat="36.427053" lon="-118.147018"/>
      <trkpt lat="36.427118" lon="-118.147034"/>
      <trkpt lat="36.427185" lon="-118.147135"/>
      <trkpt lat="36.427232" lon="-118.147283"/>
      <trkpt lat="36.427309" lon="-118.147421"/>
      <trkpt lat="36.427329" lon="-118.147533"/>
      <trkpt lat="36.427378" lon="-118.147646"/>
      <trkpt lat="36.427419" lon="-118.147708"/>
      <trkpt lat="36.427446" lon="-118.147781"/>
      <trkpt lat="36.427408" lon="-118.147820"/>
      <trkpt lat="36.427307" lon="-118.147823"/>
      <trkpt lat="36.427161" lon="-118.147818"/>
      <trkpt lat="36.427064" lon="-118.147831"/>
      <trkpt lat="36.427017" lon="-118.147871"/>
      <trkpt lat="36.426831" lon="-118.148095"/>
      <trkpt lat="36.426668" lon="-118.148248"/>
      <trkpt lat="36.426412" lon="-118.148418"/>
      <trkpt lat="36.426419" lon="-118.148468"/>
      <trkpt lat="36.426491" lon="-118.148520"/>
      <trkpt lat="36.426582" lon="-118.148556"/>
      <trkpt lat="36.426714" lon="-118.148546"/>
      <trkpt lat="36.426893" lon="-118.148598"/>
      <trkpt lat="36.427016" lon="-118.148640"/>
      <trkpt lat="36.427103" lon="-118.148742"/>
      <trkpt lat="36.427243" lon="-118.148841"/>
      <trkpt lat="36.427319" lon="-118.148906"/>
      <trkpt lat="36.427413" lon="-118.149045"/>
      <trkpt lat="36.427577" lon="-118.149371"/>
      <trkpt lat="36.427697" lon="-118.149541"/>
      <trkpt lat="36.427772" lon="-118.149711"/>
      <trkpt lat="36.427895" lon="-118.149872"/>
      <trkpt lat="36.427983" lon="-118.150005"/>
      <trkpt lat="36.428069" lon="-118.150081"/>
      <trkpt lat="36.428205" lon="-118.150179"/>
      <trkpt lat="36.428252" lon="-118.150241"/>
      <trkpt lat="36.428311" lon="-118.150376"/>
      <trkpt lat="36.428326" lon="-118.150580"/>
      <trkpt lat="36.428352" lon="-118.150751"/>
      <trkpt lat="36.428354" lon="-118.150908"/>
      <trkpt lat="36.428458" lon="-118.151390"/>
      <trkpt lat="36.428457" lon="-118.151504"/>
      <trkpt lat="36.428489" lon="-118.151587"/>
      <trkpt lat="36.428488" lon="-118.151695"/>
      <trkpt lat="36.428456" lon="-118.151911"/>
      <trkpt lat="36.428441" lon="-118.151960"/>
      <trkpt lat="36.428400" lon="-118.152011"/>
      <trkpt lat="36.428340" lon="-118.152062"/>
      <trkpt lat="36.428255" lon="-118.152072"/>
      <trkpt lat="36.428170" lon="-118.152089"/>
      <trkpt lat="36.428085" lon="-118.152113"/>
      <trkpt lat="36.427996" lon="-118.152156"/>
      <trkpt lat="36.427960" lon="-118.152187"/>
      <trkpt lat="36.427925" lon="-118.152230"/>
      <trkpt lat="36.427920" lon="-118.152288"/>
      <trkpt lat="36.427959" lon="-118.152365"/>
      <trkpt lat="36.427972" lon="-118.152460"/>
      <trkpt lat="36.427951" lon="-118.152528"/>
      <trkpt lat="36.427917" lon="-118.152593"/>
      <trkpt lat="36.427891" lon="-118.152616"/>
      <trkpt lat="36.427875" lon="-118.152650"/>
      <trkpt lat="36.427880" lon="-118.152735"/>
      <trkpt lat="36.427855" lon="-118.152823"/>
      <trkpt lat="36.427863" lon="-118.152931"/>
      <trkpt lat="36.427861" lon="-118.153032"/>
      <trkpt lat="36.427836" lon="-118.153135"/>
      <trkpt lat="36.427800" lon="-118.153248"/>
      <trkpt lat="36.427749" lon="-118.153433"/>
      <trkpt lat="36.427684" lon="-118.153584"/>
      <trkpt lat="36.427580" lon="-118.153794"/>
      <trkpt lat="36.427461" lon="-118.153960"/>
      <trkpt lat="36.427369" lon="-118.154115"/>
      <trkpt lat="36.427286" lon="-118.154203"/>
      <trkpt lat="36.427239" lon="-118.154268"/>
      <trkpt lat="36.427211" lon="-118.154329"/>
      <trkpt lat="36.427198" lon="-118.154400"/>
      <trkpt lat="36.427230" lon="-118.154600"/>
      <trkpt lat="36.427258" lon="-118.154732"/>
      <trkpt lat="36.427294" lon="-118.154797"/>
      <trkpt lat="36.427358" lon="-118.154839"/>
      <trkpt lat="36.427416" lon="-118.154911"/>
      <trkpt lat="36.427660" lon="-118.155108"/>
      <trkpt lat="36.427818" lon="-118.155200"/>
      <trkpt lat="36.427910" lon="-118.155237"/>
      <trkpt lat="36.427958" lon="-118.155268"/>
      <trkpt lat="36.428004" lon="-118.155330"/>
      <trkpt lat="36.428056" lon="-118.155434"/>
      <trkpt lat="36.428126" lon="-118.155618"/>
      <trkpt lat="36.428200" lon="-118.155841"/>
      <trkpt lat="36.428234" lon="-118.155930"/>
      <trkpt lat="36.428252" lon="-118.155997"/>
      <trkpt lat="36.428257" lon="-118.156085"/>
      <trkpt lat="36.428261" lon="-118.156357"/>
      <trkpt lat="36.428269" lon="-118.156488"/>
      <trkpt lat="36.428281" lon="-118.156517"/>
      <trkpt lat="36.428310" lon="-118.156512"/>
      <trkpt lat="36.428345" lon="-118.156418"/>
      <trkpt lat="36.428418" lon="-118.156265"/>
      <trkpt lat="36.428479" lon="-118.156161"/>
      <trkpt lat="36.428566" lon="-118.156049"/>
      <trkpt lat="36.428624" lon="-118.155944"/>
      <trkpt lat="36.428671" lon="-118.155830"/>
      <trkpt lat="36.428776" lon="-118.155680"/>
      <trkpt lat="36.428847" lon="-118.155598"/>
      <trkpt lat="36.428954" lon="-118.155530"/>
      <trkpt lat="36.429000" lon="-118.155493"/>
      <trkpt lat="36.429016" lon="-118.155497"/>
      <trkpt lat="36.429031" lon="-118.155518"/>
      <trkpt lat="36.429013" lon="-118.155984"/>
      <trkpt lat="36.428996" lon="-118.156248"/>
      <trkpt lat="36.428969" lon="-118.156376"/>
      <trkpt lat="36.428941" lon="-118.156476"/>
      <trkpt lat="36.428942" lon="-118.156576"/>
      <trkpt lat="36.428979" lon="-118.156649"/>
      <trkpt lat="36.429024" lon="-118.156708"/>
      <trkpt lat="36.429041" lon="-118.156766"/>
      <trkpt lat="36.429040" lon="-118.156856"/>
      <trkpt lat="36.428997" lon="-118.156953"/>
      <trkpt lat="36.428952" lon="-118.157021"/>
      <trkpt lat="36.428889" lon="-118.157143"/>
      <trkpt lat="36.428862" lon="-118.157268"/>
      <trkpt lat="36.428833" lon="-118.157375"/>
      <trkpt lat="36.428815" lon="-118.157500"/>
      <trkpt lat="36.428832" lon="-118.157552"/>
      <trkpt lat="36.428856" lon="-118.157600"/>
      <trkpt lat="36.428898" lon="-118.157619"/>
      <trkpt lat="36.428948" lon="-118.157592"/>
      <trkpt lat="36.429084" lon="-118.157449"/>
      <trkpt lat="36.429181" lon="-118.157390"/>
      <trkpt lat="36.429217" lon="-118.157360"/>
      <trkpt lat="36.429279" lon="-118.157258"/>
      <trkpt lat="36.429325" lon="-118.157224"/>
      <trkpt lat="36.429372" lon="-118.157211"/>
      <trkpt lat="36.429436" lon="-118.157211"/>
      <trkpt lat="36.429491" lon="-118.157223"/>
      <trkpt lat="36.429581" lon="-118.157221"/>
      <trkpt lat="36.429688" lon="-118.157268"/>
      <trkpt lat="36.429816" lon="-118.157288"/>
      <trkpt lat="36.430006" lon="-118.157275"/>
      <trkpt lat="36.430129" lon="-118.157221"/>
      <trkpt lat="36.430276" lon="-118.157219"/>
      <trkpt lat="36.430469" lon="-118.157245"/>
      <trkpt lat="36.430516" lon="-118.157325"/>
      <trkpt lat="36.430562" lon="-118.157353"/>
      <trkpt lat="36.430608" lon="-118.157344"/>
      <trkpt lat="36.430682" lon="-118.157271"/>
      <trkpt lat="36.430745" lon="-118.157277"/>
      <trkpt lat="36.430825" lon="-118.157369"/>
      <trkpt lat="36.430833" lon="-118.157420"/>
      <trkpt lat="36.430816" lon="-118.157512"/>
      <trkpt lat="36.430762" lon="-118.157868"/>
      <trkpt lat="36.430640" lon="-118.158198"/>
      <trkpt lat="36.430588" lon="-118.158407"/>
      <trkpt lat="36.430407" lon="-118.159088"/>
      <trkpt lat="36.430269" lon="-118.159670"/>
      <trkpt lat="36.430215" lon="-118.159869"/>
      <trkpt lat="36.430174" lon="-118.160285"/>
      <trkpt lat="36.430101" lon="-118.160692"/>
      <trkpt lat="36.430062" lon="-118.160883"/>
      <trkpt lat="36.429999" lon="-118.161280"/>
      <trkpt lat="36.429930" lon="-118.161475"/>
      <trkpt lat="36.429814" lon="-118.161711"/>
      <trkpt lat="36.429723" lon="-118.162041"/>
      <trkpt lat="36.429673" lon="-118.162256"/>
      <trkpt lat="36.429568" lon="-118.162476"/>
      <trkpt lat="36.429399" lon="-118.162803"/>
      <trkpt lat="36.429296" lon="-118.163120"/>
      <trkpt lat="36.429231" lon="-118.163385"/>
      <trkpt lat="36.429214" lon="-118.163594"/>
      <trkpt lat="36.429251" lon="-118.163833"/>
      <trkpt lat="36.429265" lon="-118.163998"/>
      <trkpt lat="36.429289" lon="-118.164141"/>
      <trkpt lat="36.429348" lon="-118.164281"/>
      <trkpt lat="36.429380" lon="-118.164402"/>
      <trkpt lat="36.429391" lon="-118.164538"/>
      <trkpt lat="36.429419" lon="-118.164640"/>
      <trkpt lat="36.429451" lon="-118.164705"/>
      <trkpt lat="36.429490" lon="-118.164897"/>
      <trkpt lat="36.429546" lon="-118.165072"/>
      <trkpt lat="36.429665" lon="-118.165281"/>
      <trkpt lat="36.429716" lon="-118.165648"/>
      <trkpt lat="36.429652" lon="-118.165885"/>
      <trkpt lat="36.429483" lon="-118.166146"/>
      <trkpt lat="36.429305" lon="-118.166417"/>
      <trkpt lat="36.428654" lon="-118.167317"/>
      <trkpt lat="36.428512" lon="-118.167599"/>
      <trkpt lat="36.428003" lon="-118.168264"/>
      <trkpt lat="36.427445" lon="-118.169545"/>
      <trkpt lat="36.427319" lon="-118.169842"/>
      <trkpt lat="36.427023" lon="-118.170324"/>
      <trkpt lat="36.426869" lon="-118.170648"/>
      <trkpt lat="36.426788" lon="-118.170845"/>
      <trkpt lat="36.426648" lon="-118.171011"/>
      <trkpt lat="36.426229" lon="-118.171976"/>
      <trkpt lat="36.425979" lon="-118.172475"/>
      <trkpt lat="36.425845" lon="-118.172834"/>
      <trkpt lat="36.425707" lon="-118.173121"/>
      <trkpt lat="36.425560" lon="-118.173368"/>
      <trkpt lat="36.425256" lon="-118.173854"/>
      <trkpt lat="36.425217" lon="-118.173963"/>
      <trkpt lat="36.425220" lon="-118.174143"/>
      <trkpt lat="36.425318" lon="-118.174318"/>
      <trkpt lat="36.425440" lon="-118.174548"/>
      <trkpt lat="36.425543" lon="-118.174819"/>
      <trkpt lat="36.425692" lon="-118.175190"/>
      <trkpt lat="36.425774" lon="-118.175310"/>
      <trkpt lat="36.425873" lon="-118.175412"/>
      <trkpt lat="36.425987" lon="-118.175510"/>
      <trkpt lat="36.426128" lon="-118.175562"/>
      <trkpt lat="36.426311" lon="-118.175643"/>
      <trkpt lat="36.426469" lon="-118.175734"/>
      <trkpt lat="36.426650" lon="-118.175884"/>
      <trkpt lat="36.426910" lon="-118.176067"/>
      <trkpt lat="36.427129" lon="-118.176341"/>
    </trkseg>
    <trkseg>
      <trkpt lat="36.427129" lon="-118.176341"/>
      <trkpt lat="36.427214" lon="-118.176410"/>
      <trkpt lat="36.427282" lon="-118.176501"/>
      <trkpt lat="36.427385" lon="-118.176700"/>
      <trkpt lat="36.427433" lon="-118.176777"/>
      <trkpt lat="36.427930" lon="-118.177243"/>
      <trkpt lat="36.428129" lon="-118.177443"/>
      <trkpt lat="36.428215" lon="-118.177497"/>
      <trkpt lat="36.428310" lon="-118.177582"/>
      <trkpt lat="36.428425" lon="-118.177665"/>
      <trkpt lat="36.428561" lon="-118.177734"/>
      <trkpt lat="36.428947" lon="-118.177940"/>
      <trkpt lat="36.429152" lon="-118.178096"/>
      <trkpt lat="36.429383" lon="-118.178345"/>
      <trkpt lat="36.429424" lon="-118.178396"/>
      <trkpt lat="36.429477" lon="-118.178434"/>
      <trkpt lat="36.429581" lon="-118.178489"/>
      <trkpt lat="36.429743" lon="-118.178603"/>
      <trkpt lat="36.429787" lon="-118.178651"/>
      <trkpt lat="36.429767" lon="-118.178680"/>
      <trkpt lat="36.429719" lon="-118.178662"/>
      <trkpt lat="36.429614" lon="-118.178651"/>
      <trkpt lat="36.429259" lon="-118.178580"/>
      <trkpt lat="36.429078" lon="-118.178499"/>
      <trkpt lat="36.428975" lon="-118.178485"/>
      <trkpt lat="36.428607" lon="-118.178452"/>
      <trkpt lat="36.428484" lon="-118.178446"/>
      <trkpt lat="36.428143" lon="-118.178467"/>
      <trkpt lat="36.428108" lon="-118.178489"/>
      <trkpt lat="36.428111" lon="-118.178526"/>
      <trkpt lat="36.428127" lon="-118.178543"/>
      <trkpt lat="36.428477" lon="-118.178739"/>
      <trkpt lat="36.428615" lon="-118.178802"/>
      <trkpt lat="36.428781" lon="-118.178910"/>
      <trkpt lat="36.428848" lon="-118.178965"/>
      <trkpt lat="36.429034" lon="-118.179157"/>
      <trkpt lat="36.429269" lon="-118.179484"/>
      <trkpt lat="36.429408" lon="-118.179639"/>
      <trkpt lat="36.429597" lon="-118.179910"/>
      <trkpt lat="36.429622" lon="-118.179950"/>
      <trkpt lat="36.429648" lon="-118.180019"/>
      <trkpt lat="36.429652" lon="-118.180193"/>
      <trkpt lat="36.429646" lon="-118.180294"/>
      <trkpt lat="36.429645" lon="-118.180484"/>
      <trkpt lat="36.429613" lon="-118.180881"/>
      <trkpt lat="36.429610" lon="-118.181037"/>
      <trkpt lat="36.429662" lon="-118.181195"/>
      <trkpt lat="36.429777" lon="-118.181475"/>
      <trkpt lat="36.429925" lon="-118.181878"/>
      <trkpt lat="36.430004" lon="-118.182017"/>
      <trkpt lat="36.430140" lon="-118.182297"/>
      <trkpt lat="36.430285" lon="-118.182540"/>
      <trkpt lat="36.430427" lon="-118.182673"/>
      <trkpt lat="36.430794" lon="-118.183091"/>
      <trkpt lat="36.431053" lon="-118.183362"/>
      <trkpt lat="36.431124" lon="-118.183420"/>
      <trkpt lat="36.431178" lon="-118.183497"/>
      <trkpt lat="36.431288" lon="-118.183671"/>
      <trkpt lat="36.431384" lon="-118.183783"/>
      <trkpt lat="36.431510" lon="-118.183950"/>
      <trkpt lat="36.431634" lon="-118.184055"/>
      <trkpt lat="36.431750" lon="-118.184215"/>
      <trkpt lat="36.431800" lon="-118.184329"/>
      <trkpt lat="36.431832" lon="-118.184416"/>
      <trkpt lat="36.431983" lon="-118.184513"/>
      <trkpt lat="36.432233" lon="-118.184861"/>
      <trkpt lat="36.432282" lon="-118.184915"/>
      <trkpt lat="36.432368" lon="-118.185047"/>
      <trkpt lat="36.432667" lon="-118.185368"/>
      <trkpt lat="36.432707" lon="-118.185427"/>
      <trkpt lat="36.432737" lon="-118.185481"/>
      <trkpt lat="36.432748" lon="-118.185536"/>
      <trkpt lat="36.432780" lon="-118.185652"/>
      <trkpt lat="36.432898" lon="-118.185920"/>
      <trkpt lat="36.432984" lon="-118.186184"/>
      <trkpt lat="36.433061" lon="-118.186342"/>
      <trkpt lat="36.433103" lon="-118.186451"/>
      <trkpt lat="36.433122" lon="-118.186525"/>
      <trkpt lat="36.433163" lon="-118.186639"/>
      <trkpt lat="36.433187" lon="-118.186750"/>
      <trkpt lat="36.433193" lon="-118.186872"/>
      <trkpt lat="36.433199" lon="-118.187128"/>
      <trkpt lat="36.433219" lon="-118.187234"/>
      <trkpt lat="36.433220" lon="-118.187337"/>
      <trkpt lat="36.433240" lon="-118.187442"/>
      <trkpt lat="36.433277" lon="-118.187551"/>
      <trkpt lat="36.433290" lon="-118.187656"/>
      <trkpt lat="36.433358" lon="-118.187902"/>
      <trkpt lat="36.433407" lon="-118.188053"/>
      <trkpt lat="36.433438" lon="-118.188218"/>
      <trkpt lat="36.433468" lon="-118.188335"/>
      <trkpt lat="36.433486" lon="-118.188877"/>
      <trkpt lat="36.433450" lon="-118.189148"/>
      <trkpt lat="36.433458" lon="-118.189419"/>
      <trkpt lat="36.433480" lon="-118.189727"/>
      <trkpt lat="36.433458" lon="-118.189868"/>
      <trkpt lat="36.433437" lon="-118.190085"/>
      <trkpt lat="36.433329" lon="-118.190624"/>
      <trkpt lat="36.433318" lon="-118.190706"/>
      <trkpt lat="36.433314" lon="-118.190801"/>
      <trkpt lat="36.433299" lon="-118.190954"/>
      <trkpt lat="36.433265" lon="-118.191090"/>
      <trkpt lat="36.433248" lon="-118.191344"/>
      <trkpt lat="36.433253" lon="-118.191535"/>
      <trkpt lat="36.433230" lon="-118.191736"/>
      <trkpt lat="36.433203" lon="-118.191870"/>
      <trkpt lat="36.433165" lon="-118.192003"/>
      <trkpt lat="36.433125" lon="-118.192108"/>
      <trkpt lat="36.433094" lon="-118.192243"/>
      <trkpt lat="36.433077" lon="-118.192411"/>
      <trkpt lat="36.432981" lon="-118.192783"/>
      <trkpt lat="36.432913" lon="-118.192971"/>
      <trkpt lat="36.432830" lon="-118.193175"/>
      <trkpt lat="36.432795" lon="-118.193348"/>
      <trkpt lat="36.432768" lon="-118.193446"/>
      <trkpt lat="36.432741" lon="-118.193580"/>
      <trkpt lat="36.432730" lon="-118.193673"/>
      <trkpt lat="36.432717" lon="-118.193722"/>
      <trkpt lat="36.432684" lon="-118.193811"/>
      <trkpt lat="36.432602" lon="-118.193970"/>
      <trkpt lat="36.432479" lon="-118.194282"/>
      <trkpt lat="36.432464" lon="-118.194350"/>
      <trkpt lat="36.432457" lon="-118.194442"/>
      <trkpt lat="36.432472" lon="-118.194782"/>
      <trkpt lat="36.432457" lon="-118.194933"/>
      <trkpt lat="36.432418" lon="-118.195093"/>
      <trkpt lat="36.432378" lon="-118.195236"/>
      <trkpt lat="36.432274" lon="-118.195542"/>
      <trkpt lat="36.432211" lon="-118.195678"/>
      <trkpt lat="36.432201" lon="-118.195723"/>
      <trkpt lat="36.432180" lon="-118.196024"/>
      <trkpt lat="36.432190" lon="-118.196245"/>
      <trkpt lat="36.432202" lon="-118.196382"/>
      <trkpt lat="36.432238" lon="-118.196630"/>
      <trkpt lat="36.432287" lon="-118.196791"/>
      <trkpt lat="36.432346" lon="-118.197186"/>
      <trkpt lat="36.432362" lon="-118.197232"/>
      <trkpt lat="36.432403" lon="-118.197286"/>
      <trkpt lat="36.432416" lon="-118.197354"/>
      <trkpt lat="36.432403" lon="-118.197634"/>
      <trkpt lat="36.432379" lon="-118.197787"/>
      <trkpt lat="36.432345" lon="-118.197900"/>
      <trkpt lat="36.432183" lon="-118.198255"/>
      <trkpt lat="36.432035" lon="-118.198601"/>
      <trkpt lat="36.431898" lon="-118.198880"/>
      <trkpt lat="36.431855" lon="-118.198992"/>
      <trkpt lat="36.431843" lon="-118.199097"/>
      <trkpt lat="36.431840" lon="-118.199284"/>
      <trkpt lat="36.431815" lon="-118.199473"/>
      <trkpt lat="36.431782" lon="-118.199659"/>
      <trkpt lat="36.431762" lon="-118.199805"/>
      <trkpt lat="36.431767" lon="-118.199909"/>
      <trkpt lat="36.431756" lon="-118.200079"/>
      <trkpt lat="36.431742" lon="-118.200184"/>
      <trkpt lat="36.431753" lon="-118.200303"/>
      <trkpt lat="36.431790" lon="-118.200453"/>
      <trkpt lat="36.431813" lon="-118.200582"/>
      <trkpt lat="36.431849" lon="-118.200649"/>
      <trkpt lat="36.431856" lon="-118.200762"/>
      <trkpt lat="36.431857" lon="-118.200880"/>
      <trkpt lat="36.431878" lon="-118.200941"/>
      <trkpt lat="36.431893" lon="-118.201030"/>
      <trkpt lat="36.431905" lon="-118.201156"/>
      <trkpt lat="36.431881" lon="-118.201435"/>
      <trkpt lat="36.431865" lon="-118.201566"/>
      <trkpt lat="36.431828" lon="-118.201659"/>
      <trkpt lat="36.431765" lon="-118.201766"/>
      <trkpt lat="36.431736" lon="-118.201851"/>
      <trkpt lat="36.431710" lon="-118.201959"/>
      <trkpt lat="36.431531" lon="-118.202261"/>
      <trkpt lat="36.431511" lon="-118.202333"/>
      <trkpt lat="36.431467" lon="-118.202448"/>
      <trkpt lat="36.431413" lon="-118.202629"/>
      <trkpt lat="36.431407" lon="-118.202707"/>
      <trkpt lat="36.431405" lon="-118.202831"/>
      <trkpt lat="36.431413" lon="-118.203065"/>
      <trkpt lat="36.431404" lon="-118.203109"/>
      <trkpt lat="36.431407" lon="-118.203243"/>
      <trkpt lat="36.431397" lon="-118.203300"/>
      <trkpt lat="36.431381" lon="-118.203339"/>
      <trkpt lat="36.431113" lon="-118.203634"/>
      <trkpt lat="36.431033" lon="-118.203712"/>
      <trkpt lat="36.430968" lon="-118.203762"/>
      <trkpt lat="36.430931" lon="-118.203813"/>
      <trkpt lat="36.430883" lon="-118.203897"/>
      <trkpt lat="36.430832" lon="-118.203947"/>
      <trkpt lat="36.430779" lon="-118.204011"/>
      <trkpt lat="36.430737" lon="-118.204085"/>
      <trkpt lat="36.430534" lon="-118.204373"/>
      <trkpt lat="36.430457" lon="-118.204521"/>
      <trkpt lat="36.430391" lon="-118.204620"/>
      <trkpt lat="36.430320" lon="-118.204754"/>
      <trkpt lat="36.430272" lon="-118.204860"/>
      <trkpt lat="36.430217" lon="-118.204941"/>
      <trkpt lat="36.430146" lon="-118.205000"/>
      <trkpt lat="36.430022" lon="-118.205063"/>
      <trkpt lat="36.429789" lon="-118.205222"/>
      <trkpt lat="36.429561" lon="-118.205368"/>
      <trkpt lat="36.429427" lon="-118.205481"/>
      <trkpt lat="36.429260" lon="-118.205716"/>
      <trkpt lat="36.429144" lon="-118.205914"/>
      <trkpt lat="36.428955" lon="-118.206205"/>
      <trkpt lat="36.428843" lon="-118.206388"/>
      <trkpt lat="36.428679" lon="-118.206767"/>
      <trkpt lat="36.428610" lon="-118.206909"/>
      <trkpt lat="36.428533" lon="-118.207078"/>
      <trkpt lat="36.428505" lon="-118.207153"/>
      <trkpt lat="36.428474" lon="-118.207297"/>
      <trkpt lat="36.428440" lon="-118.207548"/>
      <trkpt lat="36.428418" lon="-118.207739"/>
      <trkpt lat="36.428414" lon="-118.207903"/>
      <trkpt lat="36.428438" lon="-118.208193"/>
      <trkpt lat="36.428461" lon="-118.208388"/>
      <trkpt lat="36.428508" lon="-118.208575"/>
      <trkpt lat="36.428524" lon="-118.208680"/>
      <trkpt lat="36.428521" lon="-118.208831"/>
      <trkpt lat="36.428501" lon="-118.209073"/>
      <trkpt lat="36.428453" lon="-118.209513"/>
      <trkpt lat="36.428435" lon="-118.209645"/>
      <trkpt lat="36.428386" lon="-118.209892"/>
      <trkpt lat="36.428353" lon="-118.210002"/>
      <trkpt lat="36.428249" lon="-118.210243"/>
      <trkpt lat="36.428184" lon="-118.210453"/>
      <trkpt lat="36.428060" lon="-118.210667"/>
      <trkpt lat="36.427872" lon="-118.211039"/>
      <trkpt lat="36.427806" lon="-118.211182"/>
      <trkpt lat="36.427664" lon="-118.211395"/>
      <trkpt lat="36.427610" lon="-118.211530"/>
      <trkpt lat="36.427576" lon="-118.211662"/>
      <trkpt lat="36.427548" lon="-118.211818"/>
      <trkpt lat="36.427525" lon="-118.212024"/>
      <trkpt lat="36.427498" lon="-118.212228"/>
      <trkpt lat="36.427502" lon="-118.212303"/>
      <trkpt lat="36.427520" lon="-118.212378"/>
      <trkpt lat="36.427548" lon="-118.212471"/>
      <trkpt lat="36.427604" lon="-118.212578"/>
      <trkpt lat="36.427664" lon="-118.212640"/>
      <trkpt lat="36.427901" lon="-118.213078"/>
      <trkpt lat="36.427987" lon="-118.213202"/>
      <trkpt lat="36.428097" lon="-118.213486"/>
      <trkpt lat="36.428119" lon="-118.213560"/>
      <trkpt lat="36.428152" lon="-118.213611"/>
      <trkpt lat="36.428220" lon="-118.213656"/>
      <trkpt lat="36.428289" lon="-118.213685"/>
      <trkpt lat="36.428323" lon="-118.213730"/>
      <trkpt lat="36.428367" lon="-118.213895"/>
      <trkpt lat="36.428452" lon="-118.213934"/>
      <trkpt lat="36.428520" lon="-118.214059"/>
      <trkpt lat="36.428575" lon="-118.214135"/>
      <trkpt lat="36.428637" lon="-118.214206"/>
      <trkpt lat="36.428721" lon="-118.214261"/>
      <trkpt lat="36.428776" lon="-118.214330"/>
      <trkpt lat="36.428826" lon="-118.214407"/>
      <trkpt lat="36.428879" lon="-118.214474"/>
      <trkpt lat="36.428955" lon="-118.214534"/>
      <trkpt lat="36.429040" lon="-118.214584"/>
      <trkpt lat="36.429220" lon="-118.214653"/>
      <trkpt lat="36.429355" lon="-118.214739"/>
      <trkpt lat="36.429505" lon="-118.214839"/>
      <trkpt lat="36.429727" lon="-118.215032"/>
      <trkpt lat="36.429855" lon="-118.215070"/>
      <trkpt lat="36.430035" lon="-118.215170"/>
      <trkpt lat="36.430213" lon="-118.215252"/>
      <trkpt lat="36.430449" lon="-118.215342"/>
      <trkpt lat="36.430527" lon="-118.215344"/>
      <trkpt lat="36.430831" lon="-118.215298"/>
      <trkpt lat="36.430968" lon="-118.215288"/>
      <trkpt lat="36.431035" lon="-118.215298"/>
      <trkpt lat="36.431105" lon="-118.215326"/>
      <trkpt lat="36.431158" lon="-118.215376"/>
      <trkpt lat="36.431308" lon="-118.215444"/>
      <trkpt lat="36.431425" lon="-118.215525"/>
      <trkpt lat="36.431573" lon="-118.215707"/>
      <trkpt lat="36.431641" lon="-118.215821"/>
      <trkpt lat="36.431684" lon="-118.215863"/>
      <trkpt lat="36.431710" lon="-118.215927"/>
      <trkpt lat="36.431732" lon="-118.215994"/>
      <trkpt lat="36.431780" lon="-118.216156"/>
      <trkpt lat="36.431825" lon="-118.216258"/>
      <trkpt lat="36.431872" lon="-118.216310"/>
      <trkpt lat="36.431929" lon="-118.216324"/>
      <trkpt lat="36.432028" lon="-118.216357"/>
      <trkpt lat="36.432084" lon="-118.216408"/>
      <trkpt lat="36.432247" lon="-118.216654"/>
      <trkpt lat="36.432357" lon="-118.216780"/>
      <trkpt lat="36.432397" lon="-118.216884"/>
      <trkpt lat="36.432439" lon="-118.217028"/>
      <trkpt lat="36.432510" lon="-118.217326"/>
      <trkpt lat="36.432595" lon="-118.217477"/>
      <trkpt lat="36.432695" lon="-118.217603"/>
      <trkpt lat="36.432839" lon="-118.217930"/>
      <trkpt lat="36.432876" lon="-118.217957"/>
      <trkpt lat="36.432919" lon="-118.218018"/>
      <trkpt lat="36.432941" lon="-118.218075"/>
      <trkpt lat="36.432938" lon="-118.218134"/>
      <trkpt lat="36.432963" lon="-118.218187"/>
      <trkpt lat="36.433001" lon="-118.218211"/>
      <trkpt lat="36.433084" lon="-118.218251"/>
      <trkpt lat="36.433205" lon="-118.218384"/>
      <trkpt lat="36.433302" lon="-118.218459"/>
      <trkpt lat="36.433421" lon="-118.218514"/>
      <trkpt lat="36.433760" lon="-118.218750"/>
      <trkpt lat="36.433928" lon="-118.219011"/>
      <trkpt lat="36.433978" lon="-118.219104"/>
      <trkpt lat="36.433993" lon="-118.219178"/>
      <trkpt lat="36.434001" lon="-118.219269"/>
      <trkpt lat="36.434041" lon="-118.219352"/>
      <trkpt lat="36.434092" lon="-118.219402"/>
      <trkpt lat="36.434215" lon="-118.219655"/>
      <trkpt lat="36.434299" lon="-118.219748"/>
      <trkpt lat="36.434513" lon="-118.220040"/>
      <trkpt lat="36.434558" lon="-118.220082"/>
      <trkpt lat="36.434754" lon="-118.220232"/>
      <trkpt lat="36.434833" lon="-118.220310"/>
      <trkpt lat="36.435055" lon="-118.220602"/>
      <trkpt lat="36.435328" lon="-118.220898"/>
      <trkpt lat="36.435438" lon="-118.221024"/>
      <trkpt lat="36.435591" lon="-118.221173"/>
      <trkpt lat="36.435756" lon="-118.221310"/>
      <trkpt lat="36.435851" lon="-118.221356"/>
      <trkpt lat="36.435927" lon="-118.221374"/>
      <trkpt lat="36.436042" lon="-118.221389"/>
      <trkpt lat="36.436110" lon="-118.221427"/>
      <trkpt lat="36.436266" lon="-118.221463"/>
      <trkpt lat="36.436329" lon="-118.221462"/>
      <trkpt lat="36.436401" lon="-118.221423"/>
      <trkpt lat="36.436591" lon="-118.221436"/>
      <trkpt lat="36.436672" lon="-118.221467"/>
      <trkpt lat="36.436747" lon="-118.221473"/>
      <trkpt lat="36.436916" lon="-118.221450"/>
      <trkpt lat="36.437087" lon="-118.221399"/>
      <trkpt lat="36.437195" lon="-118.221355"/>
      <trkpt lat="36.437276" lon="-118.221301"/>
      <trkpt lat="36.437327" lon="-118.221282"/>
      <trkpt lat="36.437389" lon="-118.221278"/>
      <trkpt lat="36.437435" lon="-118.221243"/>
      <trkpt lat="36.437481" lon="-118.221177"/>
      <trkpt lat="36.437545" lon="-118.221122"/>
      <trkpt lat="36.437632" lon="-118.221035"/>
      <trkpt lat="36.437748" lon="-118.220962"/>
      <trkpt lat="36.437956" lon="-118.220866"/>
      <trkpt lat="36.438130" lon="-118.220772"/>
      <trkpt lat="36.438318" lon="-118.220611"/>
      <trkpt lat="36.438625" lon="-118.220300"/>
      <trkpt lat="36.438843" lon="-118.220044"/>
      <trkpt lat="36.439008" lon="-118.219828"/>
      <trkpt lat="36.439099" lon="-118.219685"/>
      <trkpt lat="36.439160" lon="-118.219545"/>
      <trkpt lat="36.439201" lon="-118.219331"/>
      <trkpt lat="36.439242" lon="-118.219270"/>
      <trkpt lat="36.439274" lon="-118.219235"/>
      <trkpt lat="36.439331" lon="-118.219186"/>
      <trkpt lat="36.439373" lon="-118.219135"/>
      <trkpt lat="36.439396" lon="-118.219049"/>
      <trkpt lat="36.439424" lon="-118.218962"/>
      <trkpt lat="36.439481" lon="-118.218872"/>
      <trkpt lat="36.439538" lon="-118.218758"/>
      <trkpt lat="36.439582" lon="-118.218639"/>
      <trkpt lat="36.439708" lon="-118.218547"/>
      <trkpt lat="36.439760" lon="-118.218479"/>
      <trkpt lat="36.439808" lon="-118.218262"/>
      <trkpt lat="36.439863" lon="-118.218137"/>
      <trkpt lat="36.440011" lon="-118.217853"/>
      <trkpt lat="36.440180" lon="-118.217543"/>
      <trkpt lat="36.440206" lon="-118.217511"/>
      <trkpt lat="36.440254" lon="-118.217477"/>
      <trkpt lat="36.440322" lon="-118.217405"/>
      <trkpt lat="36.440483" lon="-118.217187"/>
      <trkpt lat="36.440489" lon="-118.217162"/>
      <trkpt lat="36.440484" lon="-118.217122"/>
      <trkpt lat="36.440493" lon="-118.217061"/>
      <trkpt lat="36.440528" lon="-118.217017"/>
      <trkpt lat="36.440577" lon="-118.216982"/>
      <trkpt lat="36.440601" lon="-118.216969"/>
      <trkpt lat="36.440648" lon="-118.216965"/>
      <trkpt lat="36.440697" lon="-118.216948"/>
      <trkpt lat="36.440759" lon="-118.216960"/>
      <trkpt lat="36.440808" lon="-118.216986"/>
      <trkpt lat="36.440924" lon="-118.216998"/>
      <trkpt lat="36.441000" lon="-118.216997"/>
      <trkpt lat="36.441052" lon="-118.216986"/>
      <trkpt lat="36.441108" lon="-118.216982"/>
      <trkpt lat="36.441177" lon="-118.216990"/>
      <trkpt lat="36.441231" lon="-118.217012"/>
      <trkpt lat="36.441314" lon="-118.217069"/>
      <trkpt lat="36.441424" lon="-118.217134"/>
      <trkpt lat="36.441552" lon="-118.217201"/>
      <trkpt lat="36.441639" lon="-118.217240"/>
      <trkpt lat="36.441690" lon="-118.217255"/>
      <trkpt lat="36.441775" lon="-118.217247"/>
      <trkpt lat="36.441808" lon="-118.217277"/>
      <trkpt lat="36.441908" lon="-118.217438"/>
      <trkpt lat="36.442028" lon="-118.217583"/>
      <trkpt lat="36.442117" lon="-118.217680"/>
      <trkpt lat="36.442199" lon="-118.217755"/>
      <trkpt lat="36.442307" lon="-118.217830"/>
      <trkpt lat="36.442362" lon="-118.217852"/>
      <trkpt lat="36.442606" lon="-118.218187"/>
      <trkpt lat="36.442644" lon="-118.218270"/>
      <trkpt lat="36.442694" lon="-118.218399"/>
      <trkpt lat="36.442744" lon="-118.218471"/>
      <trkpt lat="36.442929" lon="-118.218592"/>
      <trkpt lat="36.442980" lon="-118.218660"/>
      <trkpt lat="36.443140" lon="-118.218919"/>
      <trkpt lat="36.443196" lon="-118.219048"/>
      <trkpt lat="36.443215" lon="-118.219117"/>
      <trkpt lat="36.443246" lon="-118.219154"/>
      <trkpt lat="36.443307" lon="-118.219196"/>
      <trkpt lat="36.443379" lon="-118.219264"/>
      <trkpt lat="36.443467" lon="-118.219297"/>
      <trkpt lat="36.443508" lon="-118.219288"/>
      <trkpt lat="36.443548" lon="-118.219274"/>
      <trkpt lat="36.443587" lon="-118.219254"/>
      <trkpt lat="36.443669" lon="-118.219230"/>
      <trkpt lat="36.443701" lon="-118.219235"/>
      <trkpt lat="36.443757" lon="-118.219272"/>
      <trkpt lat="36.443793" lon="-118.219313"/>
      <trkpt lat="36.443881" lon="-118.219459"/>
      <trkpt lat="36.443978" lon="-118.219695"/>
      <trkpt lat="36.444012" lon="-118.219789"/>
      <trkpt lat="36.444022" lon="-118.219839"/>
      <trkpt lat="36.444021" lon="-118.219871"/>
      <trkpt lat="36.444011" lon="-118.219913"/>
      <trkpt lat="36.444015" lon="-118.219977"/>
      <trkpt lat="36.444033" lon="-118.220030"/>
      <trkpt lat="36.444097" lon="-118.220107"/>
      <trkpt lat="36.444134" lon="-118.220137"/>
      <trkpt lat="36.444197" lon="-118.220161"/>
      <trkpt lat="36.444269" lon="-118.220169"/>
      <trkpt lat="36.444352" lon="-118.220169"/>
      <trkpt lat="36.444449" lon="-118.220192"/>
      <trkpt lat="36.444538" lon="-118.220218"/>
      <trkpt lat="36.444701" lon="-118.220251"/>
      <trkpt lat="36.444767" lon="-118.220275"/>
      <trkpt lat="36.444815" lon="-118.220307"/>
      <trkpt lat="36.444880" lon="-118.220370"/>
      <trkpt lat="36.444918" lon="-118.220413"/>
      <trkpt lat="36.444970" lon="-118.220414"/>
      <trkpt lat="36.445029" lon="-118.220404"/>
      <trkpt lat="36.445149" lon="-118.220339"/>
      <trkpt lat="36.445266" lon="-118.220228"/>
      <trkpt lat="36.445369" lon="-118.220108"/>
      <trkpt lat="36.445393" lon="-118.220005"/>
      <trkpt lat="36.445415" lon="-118.219977"/>
      <trkpt lat="36.445462" lon="-118.219963"/>
      <trkpt lat="36.445903" lon="-118.219472"/>
      <trkpt lat="36.446188" lon="-118.219042"/>
      <trkpt lat="36.446264" lon="-118.218942"/>
      <trkpt lat="36.446358" lon="-118.218869"/>
      <trkpt lat="36.446437" lon="-118.218850"/>
      <trkpt lat="36.446479" lon="-118.218805"/>
      <trkpt lat="36.446528" lon="-118.218707"/>
      <trkpt lat="36.446609" lon="-118.218601"/>
      <trkpt lat="36.446647" lon="-118.218597"/>
      <trkpt lat="36.446811" lon="-118.218545"/>
      <trkpt lat="36.447031" lon="-118.218328"/>
      <trkpt lat="36.447145" lon="-118.218290"/>
      <trkpt lat="36.447277" lon="-118.218212"/>
      <trkpt lat="36.447564" lon="-118.218026"/>
      <trkpt lat="36.447888" lon="-118.217879"/>
      <trkpt lat="36.448002" lon="-118.217759"/>
      <trkpt lat="36.448075" lon="-118.217660"/>
      <trkpt lat="36.448177" lon="-118.217599"/>
      <trkpt lat="36.448279" lon="-118.217591"/>
      <trkpt lat="36.448438" lon="-118.217509"/>
      <trkpt lat="36.448608" lon="-118.217460"/>
      <trkpt lat="36.448811" lon="-118.217350"/>
      <trkpt lat="36.448909" lon="-118.217323"/>
      <trkpt lat="36.449068" lon="-118.217316"/>
      <trkpt lat="36.449260" lon="-118.217323"/>
      <trkpt lat="36.449379" lon="-118.217285"/>
      <trkpt lat="36.449472" lon="-118.217287"/>
      <trkpt lat="36.449603" lon="-118.217242"/>
      <trkpt lat="36.449928" lon="-118.217226"/>
      <trkpt lat="36.449978" lon="-118.217208"/>
      <trkpt lat="36.450017" lon="-118.217187"/>
      <trkpt lat="36.450127" lon="-118.217149"/>
      <trkpt lat="36.450318" lon="-118.217138"/>
      <trkpt lat="36.450428" lon="-118.217122"/>
      <trkpt lat="36.450513" lon="-118.217094"/>
      <trkpt lat="36.450700" lon="-118.217012"/>
      <trkpt lat="36.450786" lon="-118.216982"/>
      <trkpt lat="36.450917" lon="-118.216957"/>
      <trkpt lat="36.451012" lon="-118.216947"/>
      <trkpt lat="36.451068" lon="-118.216930"/>
      <trkpt lat="36.451118" lon="-118.216894"/>
      <trkpt lat="36.451206" lon="-118.216840"/>
      <trkpt lat="36.451288" lon="-118.216762"/>
      <trkpt lat="36.451604" lon="-118.216399"/>
      <trkpt lat="36.451760" lon="-118.216235"/>
      <trkpt lat="36.451879" lon="-118.216115"/>
      <trkpt lat="36.452008" lon="-118.216003"/>
      <trkpt lat="36.452132" lon="-118.215908"/>
      <trkpt lat="36.452263" lon="-118.215872"/>
      <trkpt lat="36.452354" lon="-118.215863"/>
      <trkpt lat="36.452427" lon="-118.215863"/>
      <trkpt lat="36.452619" lon="-118.215816"/>
      <trkpt lat="36.452842" lon="-118.215787"/>
      <trkpt lat="36.452930" lon="-118.215762"/>
      <trkpt lat="36.453210" lon="-118.215718"/>
    </trkseg>
    <trkseg>
      <trkpt lat="36.453210" lon="-118.215718"/>
      <trkpt lat="36.453263" lon="-118.215722"/>
      <trkpt lat="36.453350" lon="-118.215742"/>
      <trkpt lat="36.453421" lon="-118.215769"/>
      <trkpt lat="36.453444" lon="-118.215781"/>
      <trkpt lat="36.453505" lon="-118.215855"/>
      <trkpt lat="36.453554" lon="-118.215938"/>
      <trkpt lat="36.453583" lon="-118.216029"/>
      <trkpt lat="36.453600" lon="-118.216100"/>
      <trkpt lat="36.453633" lon="-118.216128"/>
      <trkpt lat="36.453677" lon="-118.216208"/>
      <trkpt lat="36.453778" lon="-118.216449"/>
      <trkpt lat="36.453797" lon="-118.216479"/>
      <trkpt lat="36.453797" lon="-118.216512"/>
      <trkpt lat="36.453782" lon="-118.216540"/>
      <trkpt lat="36.453787" lon="-118.216595"/>
      <trkpt lat="36.453786" lon="-118.216661"/>
      <trkpt lat="36.453772" lon="-118.216792"/>
      <trkpt lat="36.453773" lon="-118.216866"/>
      <trkpt lat="36.453750" lon="-118.216922"/>
      <trkpt lat="36.453692" lon="-118.217009"/>
      <trkpt lat="36.453665" lon="-118.217082"/>
      <trkpt lat="36.453646" lon="-118.217209"/>
      <trkpt lat="36.453605" lon="-118.217292"/>
      <trkpt lat="36.453492" lon="-118.217485"/>
      <trkpt lat="36.453456" lon="-118.217555"/>
      <trkpt lat="36.453427" lon="-118.217625"/>
      <trkpt lat="36.453369" lon="-118.217693"/>
      <trkpt lat="36.453314" lon="-118.217804"/>
      <trkpt lat="36.453283" lon="-118.217976"/>
      <trkpt lat="36.453200" lon="-118.218128"/>
      <trkpt lat="36.453180" lon="-118.218185"/>
      <trkpt lat="36.453109" lon="-118.218240"/>
      <trkpt lat="36.453078" lon="-118.218282"/>
      <trkpt lat="36.453033" lon="-118.218385"/>
      <trkpt lat="36.453016" lon="-118.218479"/>
      <trkpt lat="36.452993" lon="-118.218550"/>
      <trkpt lat="36.452956" lon="-118.218631"/>
      <trkpt lat="36.452930" lon="-118.218728"/>
      <trkpt lat="36.452852" lon="-118.218857"/>
      <trkpt lat="36.452818" lon="-118.218900"/>
      <trkpt lat="36.452795" lon="-118.218956"/>
      <trkpt lat="36.452789" lon="-118.219036"/>
      <trkpt lat="36.452809" lon="-118.219119"/>
      <trkpt lat="36.452926" lon="-118.219343"/>
      <trkpt lat="36.453083" lon="-118.219545"/>
      <trkpt lat="36.453162" lon="-118.219601"/>
      <trkpt lat="36.453358" lon="-118.219795"/>
      <trkpt lat="36.453422" lon="-118.219845"/>
      <trkpt lat="36.453479" lon="-118.219943"/>
      <trkpt lat="36.453542" lon="-118.220074"/>
      <trkpt lat="36.453693" lon="-118.220218"/>
      <trkpt lat="36.453747" lon="-118.220280"/>
      <trkpt lat="36.453782" lon="-118.220358"/>
      <trkpt lat="36.453806" lon="-118.220444"/>
      <trkpt lat="36.453799" lon="-118.220638"/>
      <trkpt lat="36.453784" lon="-118.220900"/>
      <trkpt lat="36.453785" lon="-118.220952"/>
      <trkpt lat="36.453798" lon="-118.220986"/>
      <trkpt lat="36.453819" lon="-118.221017"/>
      <trkpt lat="36.453828" lon="-118.221074"/>
      <trkpt lat="36.453821" lon="-118.221130"/>
      <trkpt lat="36.453807" lon="-118.221191"/>
      <trkpt lat="36.453795" lon="-118.221332"/>
      <trkpt lat="36.453791" lon="-118.221431"/>
      <trkpt lat="36.453780" lon="-118.221501"/>
      <trkpt lat="36.453760" lon="-118.221557"/>
      <trkpt lat="36.453725" lon="-118.221680"/>
      <trkpt lat="36.453701" lon="-118.221783"/>
      <trkpt lat="36.453678" lon="-118.221853"/>
      <trkpt lat="36.453677" lon="-118.222050"/>
      <trkpt lat="36.453649" lon="-118.222221"/>
      <trkpt lat="36.453652" lon="-118.222324"/>
      <trkpt lat="36.453660" lon="-118.222402"/>
      <trkpt lat="36.453657" lon="-118.222514"/>
      <trkpt lat="36.453677" lon="-118.222614"/>
      <trkpt lat="36.453700" lon="-118.222795"/>
      <trkpt lat="36.453711" lon="-118.222837"/>
      <trkpt lat="36.453806" lon="-118.223024"/>
      <trkpt lat="36.453802" lon="-118.223174"/>
      <trkpt lat="36.453814" lon="-118.223271"/>
      <trkpt lat="36.453889" lon="-118.223601"/>
      <trkpt lat="36.453937" lon="-118.223776"/>
      <trkpt lat="36.454003" lon="-118.224087"/>
      <trkpt lat="36.454042" lon="-118.224188"/>
      <trkpt lat="36.454048" lon="-118.224224"/>
      <trkpt lat="36.454068" lon="-118.224509"/>
      <trkpt lat="36.454079" lon="-118.224588"/>
      <trkpt lat="36.454130" lon="-118.224707"/>
      <trkpt lat="36.454149" lon="-118.224773"/>
      <trkpt lat="36.454167" lon="-118.224845"/>
      <trkpt lat="36.454187" lon="-118.224952"/>
      <trkpt lat="36.454192" lon="-118.225030"/>
      <trkpt lat="36.454191" lon="-118.225221"/>
      <trkpt lat="36.454185" lon="-118.225316"/>
      <trkpt lat="36.454186" lon="-118.225378"/>
      <trkpt lat="36.454200" lon="-118.225477"/>
      <trkpt lat="36.454197" lon="-118.225601"/>
      <trkpt lat="36.454205" lon="-118.225686"/>
      <trkpt lat="36.454198" lon="-118.225765"/>
      <trkpt lat="36.454177" lon="-118.225916"/>
      <trkpt lat="36.454181" lon="-118.225999"/>
      <trkpt lat="36.454180" lon="-118.226043"/>
      <trkpt lat="36.454220" lon="-118.226148"/>
      <trkpt lat="36.454252" lon="-118.226304"/>
      <trkpt lat="36.454256" lon="-118.226364"/>
      <trkpt lat="36.454267" lon="-118.226442"/>
      <trkpt lat="36.454295" lon="-118.226575"/>
      <trkpt lat="36.454318" lon="-118.226705"/>
      <trkpt lat="36.454400" lon="-118.226983"/>
      <trkpt lat="36.454442" lon="-118.227041"/>
      <trkpt lat="36.454484" lon="-118.227061"/>
      <trkpt lat="36.454505" lon="-118.227106"/>
      <trkpt lat="36.454494" lon="-118.227123"/>
      <trkpt lat="36.454383" lon="-118.227199"/>
      <trkpt lat="36.454333" lon="-118.227248"/>
      <trkpt lat="36.454293" lon="-118.227302"/>
      <trkpt lat="36.454266" lon="-118.227306"/>
      <trkpt lat="36.454180" lon="-118.227302"/>
      <trkpt lat="36.454160" lon="-118.227306"/>
      <trkpt lat="36.454142" lon="-118.227320"/>
      <trkpt lat="36.454117" lon="-118.227351"/>
      <trkpt lat="36.454085" lon="-118.227381"/>
      <trkpt lat="36.454052" lon="-118.227390"/>
      <trkpt lat="36.454013" lon="-118.227393"/>
      <trkpt lat="36.453992" lon="-118.227401"/>
      <trkpt lat="36.453968" lon="-118.227422"/>
      <trkpt lat="36.453952" lon="-118.227470"/>
      <trkpt lat="36.453936" lon="-118.227531"/>
      <trkpt lat="36.453928" lon="-118.227597"/>
      <trkpt lat="36.453936" lon="-118.227651"/>
      <trkpt lat="36.453947" lon="-118.227680"/>
      <trkpt lat="36.453991" lon="-118.227772"/>
      <trkpt lat="36.454029" lon="-118.227837"/>
      <trkpt lat="36.454077" lon="-118.227898"/>
      <trkpt lat="36.454093" lon="-118.227944"/>
      <trkpt lat="36.454096" lon="-118.228008"/>
      <trkpt lat="36.454085" lon="-118.228083"/>
      <trkpt lat="36.454072" lon="-118.228122"/>
      <trkpt lat="36.454074" lon="-118.228244"/>
      <trkpt lat="36.454084" lon="-118.228282"/>
      <trkpt lat="36.454116" lon="-118.228340"/>
      <trkpt lat="36.454299" lon="-118.228489"/>
      <trkpt lat="36.454705" lon="-118.228734"/>
      <trkpt lat="36.454750" lon="-118.228768"/>
      <trkpt lat="36.454804" lon="-118.228797"/>
      <trkpt lat="36.454866" lon="-118.228813"/>
      <trkpt lat="36.454996" lon="-118.228817"/>
      <trkpt lat="36.455118" lon="-118.228836"/>
      <trkpt lat="36.455215" lon="-118.228826"/>
      <trkpt lat="36.455329" lon="-118.228854"/>
      <trkpt lat="36.455385" lon="-118.228883"/>
      <trkpt lat="36.455541" lon="-118.228944"/>
      <trkpt lat="36.455638" lon="-118.229004"/>
      <trkpt lat="36.455719" lon="-118.229035"/>
      <trkpt lat="36.455779" lon="-118.229091"/>
      <trkpt lat="36.455810" lon="-118.229131"/>
      <trkpt lat="36.455871" lon="-118.229161"/>
      <trkpt lat="36.455954" lon="-118.229188"/>
      <trkpt lat="36.456015" lon="-118.229225"/>
      <trkpt lat="36.456073" lon="-118.229274"/>
      <trkpt lat="36.456083" lon="-118.229293"/>
      <trkpt lat="36.456084" lon="-118.229304"/>
      <trkpt lat="36.456074" lon="-118.229307"/>
      <trkpt lat="36.456000" lon="-118.229283"/>
      <trkpt lat="36.455858" lon="-118.229275"/>
      <trkpt lat="36.455349" lon="-118.229331"/>
      <trkpt lat="36.455298" lon="-118.229325"/>
      <trkpt lat="36.455254" lon="-118.229328"/>
      <trkpt lat="36.455236" lon="-118.229343"/>
      <trkpt lat="36.455236" lon="-118.229372"/>
      <trkpt lat="36.455249" lon="-118.229411"/>
      <trkpt lat="36.455281" lon="-118.229455"/>
      <trkpt lat="36.455301" lon="-118.229501"/>
      <trkpt lat="36.455379" lon="-118.229566"/>
      <trkpt lat="36.455647" lon="-118.229665"/>
      <trkpt lat="36.455849" lon="-118.229793"/>
      <trkpt lat="36.455912" lon="-118.229842"/>
      <trkpt lat="36.455952" lon="-118.229888"/>
      <trkpt lat="36.455984" lon="-118.229933"/>
      <trkpt lat="36.456039" lon="-118.229980"/>
      <trkpt lat="36.456084" lon="-118.230011"/>
      <trkpt lat="36.456107" lon="-118.230037"/>
      <trkpt lat="36.456207" lon="-118.230174"/>
      <trkpt lat="36.456220" lon="-118.230186"/>
      <trkpt lat="36.456273" lon="-118.230182"/>
      <trkpt lat="36.456312" lon="-118.230184"/>
      <trkpt lat="36.456352" lon="-118.230189"/>
      <trkpt lat="36.456398" lon="-118.230206"/>
      <trkpt lat="36.456422" lon="-118.230200"/>
      <trkpt lat="36.456469" lon="-118.230237"/>
      <trkpt lat="36.456610" lon="-118.230324"/>
      <trkpt lat="36.456675" lon="-118.230355"/>
      <trkpt lat="36.456729" lon="-118.230393"/>
      <trkpt lat="36.456776" lon="-118.230452"/>
      <trkpt lat="36.456817" lon="-118.230483"/>
      <trkpt lat="36.456901" lon="-118.230531"/>
      <trkpt lat="36.457023" lon="-118.230621"/>
      <trkpt lat="36.457044" lon="-118.230623"/>
      <trkpt lat="36.457061" lon="-118.230613"/>
      <trkpt lat="36.457082" lon="-118.230615"/>
      <trkpt lat="36.457092" lon="-118.230632"/>
      <trkpt lat="36.457115" lon="-118.230649"/>
      <trkpt lat="36.457126" lon="-118.230671"/>
      <trkpt lat="36.457144" lon="-118.230695"/>
      <trkpt lat="36.457179" lon="-118.230715"/>
      <trkpt lat="36.457211" lon="-118.230748"/>
      <trkpt lat="36.457248" lon="-118.230813"/>
      <trkpt lat="36.457388" lon="-118.231090"/>
      <trkpt lat="36.457465" lon="-118.231170"/>
      <trkpt lat="36.457485" lon="-118.231202"/>
      <trkpt lat="36.457492" lon="-118.231289"/>
      <trkpt lat="36.457524" lon="-118.231459"/>
      <trkpt lat="36.457530" lon="-118.231508"/>
      <trkpt lat="36.457547" lon="-118.231557"/>
      <trkpt lat="36.457574" lon="-118.231613"/>
      <trkpt lat="36.457655" lon="-118.231708"/>
      <trkpt lat="36.457697" lon="-118.231741"/>
      <trkpt lat="36.457763" lon="-118.231777"/>
      <trkpt lat="36.457839" lon="-118.231830"/>
      <trkpt lat="36.457866" lon="-118.231857"/>
      <trkpt lat="36.457889" lon="-118.231902"/>
      <trkpt lat="36.457946" lon="-118.232064"/>
      <trkpt lat="36.458045" lon="-118.232264"/>
      <trkpt lat="36.458114" lon="-118.232422"/>
      <trkpt lat="36.458256" lon="-118.232614"/>
      <trkpt lat="36.458367" lon="-118.232793"/>
      <trkpt lat="36.458438" lon="-118.232880"/>
      <trkpt lat="36.458510" lon="-118.232988"/>
      <trkpt lat="36.458557" lon="-118.233094"/>
      <trkpt lat="36.458586" lon="-118.233141"/>
      <trkpt lat="36.458705" lon="-118.233277"/>
      <trkpt lat="36.458730" lon="-118.233290"/>
      <trkpt lat="36.458759" lon="-118.233320"/>
      <trkpt lat="36.458786" lon="-118.233371"/>
      <trkpt lat="36.458843" lon="-118.233512"/>
      <trkpt lat="36.458898" lon="-118.233634"/>
      <trkpt lat="36.458921" lon="-118.233697"/>
      <trkpt lat="36.458917" lon="-118.233739"/>
      <trkpt lat="36.458961" lon="-118.233860"/>
      <trkpt lat="36.458992" lon="-118.233898"/>
      <trkpt lat="36.459039" lon="-118.234052"/>
      <trkpt lat="36.459090" lon="-118.234268"/>
      <trkpt lat="36.459113" lon="-118.234348"/>
      <trkpt lat="36.459147" lon="-118.234424"/>
      <trkpt lat="36.459209" lon="-118.234542"/>
      <trkpt lat="36.459264" lon="-118.234659"/>
      <trkpt lat="36.459287" lon="-118.234732"/>
      <trkpt lat="36.459285" lon="-118.234765"/>
      <trkpt lat="36.459307" lon="-118.234830"/>
      <trkpt lat="36.459330" lon="-118.234922"/>
      <trkpt lat="36.459331" lon="-118.234973"/>
      <trkpt lat="36.459341" lon="-118.235016"/>
      <trkpt lat="36.459360" lon="-118.235077"/>
      <trkpt lat="36.459432" lon="-118.235256"/>
      <trkpt lat="36.459535" lon="-118.235483"/>
      <trkpt lat="36.459554" lon="-118.235511"/>
      <trkpt lat="36.459562" lon="-118.235541"/>
      <trkpt lat="36.459567" lon="-118.235594"/>
      <trkpt lat="36.459709" lon="-118.235907"/>
      <trkpt lat="36.459760" lon="-118.236076"/>
      <trkpt lat="36.459784" lon="-118.236137"/>
      <trkpt lat="36.459838" lon="-118.236203"/>
      <trkpt lat="36.459843" lon="-118.236225"/>
      <trkpt lat="36.459837" lon="-118.236247"/>
      <trkpt lat="36.459835" lon="-118.236277"/>
      <trkpt lat="36.459900" lon="-118.236346"/>
      <trkpt lat="36.459933" lon="-118.236420"/>
      <trkpt lat="36.459985" lon="-118.236552"/>
      <trkpt lat="36.460024" lon="-118.236835"/>
      <trkpt lat="36.460075" lon="-118.237064"/>
      <trkpt lat="36.460102" lon="-118.237165"/>
      <trkpt lat="36.460195" lon="-118.237393"/>
      <trkpt lat="36.460242" lon="-118.237529"/>
      <trkpt lat="36.460281" lon="-118.237674"/>
      <trkpt lat="36.460285" lon="-118.237735"/>
      <trkpt lat="36.460311" lon="-118.237781"/>
      <trkpt lat="36.460398" lon="-118.237909"/>
      <trkpt lat="36.460472" lon="-118.238138"/>
      <trkpt lat="36.460505" lon="-118.238264"/>
      <trkpt lat="36.460600" lon="-118.238483"/>
      <trkpt lat="36.460852" lon="-118.238974"/>
      <trkpt lat="36.460929" lon="-118.239108"/>
      <trkpt lat="36.460951" lon="-118.239161"/>
      <trkpt lat="36.460983" lon="-118.239198"/>
      <trkpt lat="36.461031" lon="-118.239229"/>
      <trkpt lat="36.461077" lon="-118.239243"/>
      <trkpt lat="36.461171" lon="-118.239297"/>
      <trkpt lat="36.461274" lon="-118.239373"/>
      <trkpt lat="36.461353" lon="-118.239432"/>
      <trkpt lat="36.461407" lon="-118.239501"/>
      <trkpt lat="36.461446" lon="-118.239577"/>
      <trkpt lat="36.461492" lon="-118.239701"/>
      <trkpt lat="36.461551" lon="-118.239841"/>
      <trkpt lat="36.461594" lon="-118.240001"/>
      <trkpt lat="36.461687" lon="-118.240207"/>
      <trkpt lat="36.461735" lon="-118.240279"/>
      <trkpt lat="36.461816" lon="-118.240389"/>
      <trkpt lat="36.461926" lon="-118.240487"/>
      <trkpt lat="36.461965" lon="-118.240548"/>
      <trkpt lat="36.462035" lon="-118.240627"/>
      <trkpt lat="36.462117" lon="-118.240733"/>
      <trkpt lat="36.462193" lon="-118.240898"/>
      <trkpt lat="36.462341" lon="-118.241122"/>
      <trkpt lat="36.462546" lon="-118.241376"/>
      <trkpt lat="36.462613" lon="-118.241482"/>
      <trkpt lat="36.462642" lon="-118.241542"/>
      <trkpt lat="36.462689" lon="-118.241691"/>
      <trkpt lat="36.462779" lon="-118.241935"/>
      <trkpt lat="36.462880" lon="-118.242162"/>
      <trkpt lat="36.462927" lon="-118.242255"/>
      <trkpt lat="36.462983" lon="-118.242317"/>
      <trkpt lat="36.463047" lon="-118.242375"/>
      <trkpt lat="36.463117" lon="-118.242402"/>
      <trkpt lat="36.463358" lon="-118.242443"/>
      <trkpt lat="36.463444" lon="-118.242467"/>
      <trkpt lat="36.463558" lon="-118.242508"/>
      <trkpt lat="36.463820" lon="-118.242667"/>
      <trkpt lat="36.464099" lon="-118.242856"/>
      <trkpt lat="36.464417" lon="-118.243100"/>
      <trkpt lat="36.464521" lon="-118.243198"/>
      <trkpt lat="36.464550" lon="-118.243235"/>
      <trkpt lat="36.464635" lon="-118.243293"/>
      <trkpt lat="36.464692" lon="-118.243324"/>
      <trkpt lat="36.464736" lon="-118.243326"/>
      <trkpt lat="36.464778" lon="-118.243348"/>
      <trkpt lat="36.464815" lon="-118.243382"/>
      <trkpt lat="36.464894" lon="-118.243430"/>
      <trkpt lat="36.465013" lon="-118.243492"/>
      <trkpt lat="36.465147" lon="-118.243528"/>
      <trkpt lat="36.465229" lon="-118.243575"/>
      <trkpt lat="36.465373" lon="-118.243668"/>
      <trkpt lat="36.465423" lon="-118.243705"/>
      <trkpt lat="36.465489" lon="-118.243771"/>
      <trkpt lat="36.465534" lon="-118.243857"/>
      <trkpt lat="36.465636" lon="-118.244067"/>
      <trkpt lat="36.465724" lon="-118.244246"/>
      <trkpt lat="36.465761" lon="-118.244297"/>
      <trkpt lat="36.465779" lon="-118.244364"/>
      <trkpt lat="36.465779" lon="-118.244409"/>
      <trkpt lat="36.465791" lon="-118.244468"/>
      <trkpt lat="36.465814" lon="-118.244531"/>
      <trkpt lat="36.465819" lon="-118.244579"/>
      <trkpt lat="36.465848" lon="-118.244662"/>
      <trkpt lat="36.465923" lon="-118.244792"/>
      <trkpt lat="36.465980" lon="-118.244928"/>
      <trkpt lat="36.466042" lon="-118.245043"/>
      <trkpt lat="36.466086" lon="-118.245079"/>
      <trkpt lat="36.466119" lon="-118.245094"/>
      <trkpt lat="36.466176" lon="-118.245153"/>
      <trkpt lat="36.466225" lon="-118.245227"/>
      <trkpt lat="36.466282" lon="-118.245370"/>
      <trkpt lat="36.466299" lon="-118.245426"/>
      <trkpt lat="36.466298" lon="-118.245484"/>
      <trkpt lat="36.466291" lon="-118.245531"/>
      <trkpt lat="36.466289" lon="-118.245576"/>
      <trkpt lat="36.466308" lon="-118.245624"/>
      <trkpt lat="36.466385" lon="-118.245785"/>
      <trkpt lat="36.466493" lon="-118.245975"/>
      <trkpt lat="36.466515" lon="-118.246040"/>
      <trkpt lat="36.466526" lon="-118.246117"/>
      <trkpt lat="36.466532" lon="-118.246216"/>
      <trkpt lat="36.466579" lon="-118.246394"/>
      <trkpt lat="36.466662" lon="-118.246592"/>
      <trkpt lat="36.466704" lon="-118.246816"/>
      <trkpt lat="36.466740" lon="-118.246928"/>
      <trkpt lat="36.466781" lon="-118.247100"/>
      <trkpt lat="36.466788" lon="-118.247174"/>
      <trkpt lat="36.466802" lon="-118.247263"/>
      <trkpt lat="36.466811" lon="-118.247346"/>
      <trkpt lat="36.466836" lon="-118.247419"/>
      <trkpt lat="36.466865" lon="-118.247482"/>
      <trkpt lat="36.466888" lon="-118.247557"/>
      <trkpt lat="36.466896" lon="-118.247593"/>
      <trkpt lat="36.466896" lon="-118.247629"/>
      <trkpt lat="36.466907" lon="-118.247674"/>
      <trkpt lat="36.466979" lon="-118.247808"/>
      <trkpt lat="36.467057" lon="-118.247911"/>
      <trkpt lat="36.467069" lon="-118.247967"/>
      <trkpt lat="36.467074" lon="-118.248012"/>
      <trkpt lat="36.467117" lon="-118.248109"/>
      <trkpt lat="36.467140" lon="-118.248172"/>
      <trkpt lat="36.467152" lon="-118.248227"/>
      <trkpt lat="36.467180" lon="-118.248280"/>
      <trkpt lat="36.467269" lon="-118.248494"/>
      <trkpt lat="36.467287" lon="-118.248579"/>
      <trkpt lat="36.467290" lon="-118.248613"/>
      <trkpt lat="36.467305" lon="-118.248643"/>
      <trkpt lat="36.467360" lon="-118.248684"/>
      <trkpt lat="36.467450" lon="-118.248905"/>
      <trkpt lat="36.467480" lon="-118.248987"/>
      <trkpt lat="36.467533" lon="-118.249055"/>
      <trkpt lat="36.467638" lon="-118.249210"/>
      <trkpt lat="36.467708" lon="-118.249367"/>
      <trkpt lat="36.467799" lon="-118.249605"/>
      <trkpt lat="36.467847" lon="-118.249688"/>
      <trkpt lat="36.467872" lon="-118.249744"/>
      <trkpt lat="36.467877" lon="-118.249783"/>
      <trkpt lat="36.467900" lon="-118.249833"/>
      <trkpt lat="36.467951" lon="-118.249907"/>
      <trkpt lat="36.468027" lon="-118.250005"/>
      <trkpt lat="36.468049" lon="-118.250054"/>
      <trkpt lat="36.468068" lon="-118.250086"/>
      <trkpt lat="36.468076" lon="-118.250117"/>
      <trkpt lat="36.468099" lon="-118.250154"/>
      <trkpt lat="36.468106" lon="-118.250175"/>
      <trkpt lat="36.468105" lon="-118.250253"/>
      <trkpt lat="36.468114" lon="-118.250279"/>
      <trkpt lat="36.468147" lon="-118.250340"/>
      <trkpt lat="36.468182" lon="-118.250362"/>
      <trkpt lat="36.468229" lon="-118.250371"/>
      <trkpt lat="36.468233" lon="-118.250393"/>
      <trkpt lat="36.468211" lon="-118.250431"/>
      <trkpt lat="36.468195" lon="-118.250495"/>
      <trkpt lat="36.468209" lon="-118.250563"/>
      <trkpt lat="36.468213" lon="-118.250566"/>
      <trkpt lat="36.468231" lon="-118.250546"/>
      <trkpt lat="36.468245" lon="-118.250546"/>
      <trkpt lat="36.468297" lon="-118.250709"/>
      <trkpt lat="36.468326" lon="-118.250753"/>
      <trkpt lat="36.468368" lon="-118.250782"/>
      <trkpt lat="36.468545" lon="-118.250885"/>
      <trkpt lat="36.468638" lon="-118.250974"/>
      <trkpt lat="36.468720" lon="-118.251033"/>
      <trkpt lat="36.468799" lon="-118.251073"/>
      <trkpt lat="36.468931" lon="-118.251101"/>
      <trkpt lat="36.469102" lon="-118.251096"/>
      <trkpt lat="36.469151" lon="-118.251079"/>
      <trkpt lat="36.469213" lon="-118.251071"/>
      <trkpt lat="36.469282" lon="-118.251078"/>
      <trkpt lat="36.469392" lon="-118.251132"/>
      <trkpt lat="36.469493" lon="-118.251175"/>
      <trkpt lat="36.469544" lon="-118.251213"/>
      <trkpt lat="36.469598" lon="-118.251234"/>
      <trkpt lat="36.469679" lon="-118.251245"/>
      <trkpt lat="36.469713" lon="-118.251255"/>
      <trkpt lat="36.469766" lon="-118.251314"/>
      <trkpt lat="36.469795" lon="-118.251319"/>
      <trkpt lat="36.469822" lon="-118.251312"/>
      <trkpt lat="36.469911" lon="-118.251307"/>
      <trkpt lat="36.470012" lon="-118.251321"/>
      <trkpt lat="36.470200" lon="-118.251323"/>
      <trkpt lat="36.470255" lon="-118.251339"/>
      <trkpt lat="36.470400" lon="-118.251360"/>
      <trkpt lat="36.470472" lon="-118.251348"/>
      <trkpt lat="36.470565" lon="-118.251351"/>
      <trkpt lat="36.470653" lon="-118.251331"/>
      <trkpt lat="36.470730" lon="-118.251335"/>
      <trkpt lat="36.470847" lon="-118.251317"/>
      <trkpt lat="36.470945" lon="-118.251335"/>
      <trkpt lat="36.471053" lon="-118.251264"/>
      <trkpt lat="36.471151" lon="-118.251233"/>
      <trkpt lat="36.471223" lon="-118.251202"/>
      <trkpt lat="36.471548" lon="-118.250886"/>
      <trkpt lat="36.471621" lon="-118.250819"/>
      <trkpt lat="36.471677" lon="-118.250785"/>
      <trkpt lat="36.471813" lon="-118.250789"/>
      <trkpt lat="36.471897" lon="-118.250757"/>
      <trkpt lat="36.472036" lon="-118.250763"/>
      <trkpt lat="36.472218" lon="-118.250733"/>
      <trkpt lat="36.472264" lon="-118.250733"/>
      <trkpt lat="36.472401" lon="-118.250688"/>
      <trkpt lat="36.472490" lon="-118.250700"/>
      <trkpt lat="36.472610" lon="-118.250763"/>
      <trkpt lat="36.472653" lon="-118.250759"/>
      <trkpt lat="36.472693" lon="-118.250745"/>
      <trkpt lat="36.472736" lon="-118.250751"/>
      <trkpt lat="36.472820" lon="-118.250803"/>
      <trkpt lat="36.472843" lon="-118.250839"/>
      <trkpt lat="36.472870" lon="-118.250935"/>
      <trkpt lat="36.472901" lon="-118.250954"/>
      <trkpt lat="36.472935" lon="-118.250961"/>
      <trkpt lat="36.472977" lon="-118.250942"/>
      <trkpt lat="36.473006" lon="-118.250919"/>
      <trkpt lat="36.473171" lon="-118.250958"/>
      <trkpt lat="36.473262" lon="-118.250987"/>
      <trkpt lat="36.473343" lon="-118.251028"/>
      <trkpt lat="36.473571" lon="-118.251183"/>
      <trkpt lat="36.473587" lon="-118.251225"/>
      <trkpt lat="36.473592" lon="-118.251272"/>
      <trkpt lat="36.473594" lon="-118.251378"/>
      <trkpt lat="36.473615" lon="-118.251435"/>
      <trkpt lat="36.473634" lon="-118.251503"/>
      <trkpt lat="36.473635" lon="-118.251574"/>
      <trkpt lat="36.473628" lon="-118.251690"/>
      <trkpt lat="36.473619" lon="-118.251751"/>
      <trkpt lat="36.473618" lon="-118.251800"/>
      <trkpt lat="36.473595" lon="-118.251874"/>
      <trkpt lat="36.473549" lon="-118.251976"/>
      <trkpt lat="36.473517" lon="-118.252093"/>
      <trkpt lat="36.473506" lon="-118.252193"/>
      <trkpt lat="36.473507" lon="-118.252255"/>
      <trkpt lat="36.473491" lon="-118.252350"/>
      <trkpt lat="36.473463" lon="-118.252459"/>
      <trkpt lat="36.473462" lon="-118.252491"/>
      <trkpt lat="36.473438" lon="-118.252529"/>
      <trkpt lat="36.473405" lon="-118.252557"/>
      <trkpt lat="36.473372" lon="-118.252610"/>
      <trkpt lat="36.473339" lon="-118.252704"/>
      <trkpt lat="36.473318" lon="-118.252822"/>
      <trkpt lat="36.473297" lon="-118.252969"/>
      <trkpt lat="36.473287" lon="-118.253150"/>
      <trkpt lat="36.473274" lon="-118.253171"/>
      <trkpt lat="36.473268" lon="-118.253191"/>
      <trkpt lat="36.473272" lon="-118.253221"/>
      <trkpt lat="36.473288" lon="-118.253256"/>
      <trkpt lat="36.473373" lon="-118.253329"/>
      <trkpt lat="36.473451" lon="-118.253359"/>
      <trkpt lat="36.473505" lon="-118.253389"/>
      <trkpt lat="36.473560" lon="-118.253397"/>
      <trkpt lat="36.473578" lon="-118.253413"/>
      <trkpt lat="36.473588" lon="-118.253438"/>
      <trkpt lat="36.473581" lon="-118.253474"/>
      <trkpt lat="36.473561" lon="-118.253507"/>
      <trkpt lat="36.473555" lon="-118.253537"/>
      <trkpt lat="36.473537" lon="-118.253570"/>
      <trkpt lat="36.473534" lon="-118.253642"/>
      <trkpt lat="36.473521" lon="-118.253693"/>
      <trkpt lat="36.473470" lon="-118.253759"/>
      <trkpt lat="36.473449" lon="-118.253798"/>
      <trkpt lat="36.473438" lon="-118.253838"/>
      <trkpt lat="36.473439" lon="-118.253879"/>
      <trkpt lat="36.473453" lon="-118.253941"/>
      <trkpt lat="36.473444" lon="-118.253996"/>
      <trkpt lat="36.473397" lon="-118.254093"/>
      <trkpt lat="36.473351" lon="-118.254145"/>
      <trkpt lat="36.473280" lon="-118.254177"/>
      <trkpt lat="36.473252" lon="-118.254224"/>
      <trkpt lat="36.473242" lon="-118.254268"/>
      <trkpt lat="36.473226" lon="-118.254299"/>
      <trkpt lat="36.473188" lon="-118.254330"/>
      <trkpt lat="36.473155" lon="-118.254393"/>
      <trkpt lat="36.473097" lon="-118.254555"/>
      <trkpt lat="36.473053" lon="-118.254662"/>
      <trkpt lat="36.472947" lon="-118.254858"/>
      <trkpt lat="36.472903" lon="-118.254952"/>
      <trkpt lat="36.472826" lon="-118.255087"/>
      <trkpt lat="36.472685" lon="-118.255263"/>
      <trkpt lat="36.472484" lon="-118.255483"/>
      <trkpt lat="36.472410" lon="-118.255596"/>
      <trkpt lat="36.472322" lon="-118.255679"/>
      <trkpt lat="36.472280" lon="-118.255733"/>
      <trkpt lat="36.472267" lon="-118.255767"/>
      <trkpt lat="36.472258" lon="-118.255863"/>
      <trkpt lat="36.472236" lon="-118.255906"/>
      <trkpt lat="36.472160" lon="-118.256024"/>
      <trkpt lat="36.472144" lon="-118.256060"/>
      <trkpt lat="36.472146" lon="-118.256165"/>
      <trkpt lat="36.472129" lon="-118.256202"/>
      <trkpt lat="36.472106" lon="-118.256236"/>
      <trkpt lat="36.472098" lon="-118.256331"/>
      <trkpt lat="36.472067" lon="-118.256452"/>
      <trkpt lat="36.472040" lon="-118.256513"/>
      <trkpt lat="36.471991" lon="-118.256580"/>
      <trkpt lat="36.471945" lon="-118.256663"/>
      <trkpt lat="36.471910" lon="-118.256714"/>
      <trkpt lat="36.471881" lon="-118.256783"/>
      <trkpt lat="36.471867" lon="-118.256847"/>
      <trkpt lat="36.471853" lon="-118.257271"/>
      <trkpt lat="36.471875" lon="-118.257313"/>
      <trkpt lat="36.471943" lon="-118.257347"/>
      <trkpt lat="36.472032" lon="-118.257439"/>
      <trkpt lat="36.472136" lon="-118.257501"/>
      <trkpt lat="36.472218" lon="-118.257531"/>
      <trkpt lat="36.472285" lon="-118.257537"/>
      <trkpt lat="36.472333" lon="-118.257558"/>
      <trkpt lat="36.472392" lon="-118.257569"/>
      <trkpt lat="36.472497" lon="-118.257570"/>
      <trkpt lat="36.472541" lon="-118.257583"/>
      <trkpt lat="36.472625" lon="-118.257628"/>
      <trkpt lat="36.472706" lon="-118.257686"/>
      <trkpt lat="36.472780" lon="-118.257755"/>
      <trkpt lat="36.472855" lon="-118.257855"/>
      <trkpt lat="36.472930" lon="-118.258042"/>
      <trkpt lat="36.472960" lon="-118.258090"/>
      <trkpt lat="36.472970" lon="-118.258121"/>
      <trkpt lat="36.472975" lon="-118.258174"/>
      <trkpt lat="36.473045" lon="-118.258437"/>
      <trkpt lat="36.473102" lon="-118.258669"/>
      <trkpt lat="36.473121" lon="-118.258776"/>
      <trkpt lat="36.473143" lon="-118.258821"/>
      <trkpt lat="36.473149" lon="-118.258883"/>
      <trkpt lat="36.473137" lon="-118.258921"/>
      <trkpt lat="36.473162" lon="-118.259053"/>
      <trkpt lat="36.473206" lon="-118.259102"/>
      <trkpt lat="36.473255" lon="-118.259257"/>
      <trkpt lat="36.473311" lon="-118.259359"/>
      <trkpt lat="36.473384" lon="-118.259576"/>
      <trkpt lat="36.473419" lon="-118.259706"/>
      <trkpt lat="36.473425" lon="-118.259764"/>
      <trkpt lat="36.473440" lon="-118.259806"/>
      <trkpt lat="36.473472" lon="-118.259840"/>
      <trkpt lat="36.473496" lon="-118.259859"/>
      <trkpt lat="36.473504" lon="-118.259880"/>
      <trkpt lat="36.473505" lon="-118.259927"/>
      <trkpt lat="36.473534" lon="-118.259946"/>
      <trkpt lat="36.473571" lon="-118.259985"/>
      <trkpt lat="36.473581" lon="-118.260036"/>
      <trkpt lat="36.473609" lon="-118.260077"/>
      <trkpt lat="36.473652" lon="-118.260095"/>
      <trkpt lat="36.473679" lon="-118.260134"/>
      <trkpt lat="36.473698" lon="-118.260174"/>
      <trkpt lat="36.473729" lon="-118.260185"/>
      <trkpt lat="36.473775" lon="-118.260171"/>
      <trkpt lat="36.473859" lon="-118.260159"/>
      <trkpt lat="36.473934" lon="-118.260155"/>
      <trkpt lat="36.473972" lon="-118.260163"/>
      <trkpt lat="36.474055" lon="-118.260160"/>
      <trkpt lat="36.474122" lon="-118.260189"/>
      <trkpt lat="36.474193" lon="-118.260236"/>
      <trkpt lat="36.474257" lon="-118.260284"/>
      <trkpt lat="36.474317" lon="-118.260300"/>
      <trkpt lat="36.474364" lon="-118.260289"/>
      <trkpt lat="36.474401" lon="-118.260268"/>
      <trkpt lat="36.474435" lon="-118.260268"/>
      <trkpt lat="36.474489" lon="-118.260283"/>
      <trkpt lat="36.474563" lon="-118.260270"/>
      <trkpt lat="36.474598" lon="-118.260257"/>
      <trkpt lat="36.474664" lon="-118.260312"/>
      <trkpt lat="36.474819" lon="-118.260402"/>
      <trkpt lat="36.474990" lon="-118.260481"/>
      <trkpt lat="36.475093" lon="-118.260522"/>
      <trkpt lat="36.475368" lon="-118.260791"/>
      <trkpt lat="36.475517" lon="-118.260952"/>
      <trkpt lat="36.475713" lon="-118.261209"/>
      <trkpt lat="36.475889" lon="-118.261449"/>
      <trkpt lat="36.476065" lon="-118.261649"/>
      <trkpt lat="36.476143" lon="-118.261727"/>
      <trkpt lat="36.476211" lon="-118.261825"/>
      <trkpt lat="36.476299" lon="-118.261980"/>
      <trkpt lat="36.476466" lon="-118.262080"/>
      <trkpt lat="36.476741" lon="-118.262345"/>
      <trkpt lat="36.476815" lon="-118.262425"/>
      <trkpt lat="36.476937" lon="-118.262605"/>
      <trkpt lat="36.477047" lon="-118.262835"/>
      <trkpt lat="36.477347" lon="-118.263388"/>
      <trkpt lat="36.477400" lon="-118.263521"/>
      <trkpt lat="36.477464" lon="-118.263785"/>
      <trkpt lat="36.477484" lon="-118.263913"/>
      <trkpt lat="36.477535" lon="-118.264057"/>
      <trkpt lat="36.477613" lon="-118.264203"/>
      <trkpt lat="36.477723" lon="-118.264385"/>
      <trkpt lat="36.477777" lon="-118.264555"/>
      <trkpt lat="36.477789" lon="-118.264659"/>
      <trkpt lat="36.477813" lon="-118.264758"/>
      <trkpt lat="36.477861" lon="-118.264840"/>
      <trkpt lat="36.477939" lon="-118.264927"/>
      <trkpt lat="36.478024" lon="-118.265040"/>
      <trkpt lat="36.478131" lon="-118.265230"/>
      <trkpt lat="36.478326" lon="-118.265474"/>
      <trkpt lat="36.478686" lon="-118.265895"/>
      <trkpt lat="36.478941" lon="-118.266228"/>
      <trkpt lat="36.479405" lon="-118.266760"/>
      <trkpt lat="36.479480" lon="-118.266885"/>
      <trkpt lat="36.479606" lon="-118.267044"/>
      <trkpt lat="36.479710" lon="-118.267202"/>
      <trkpt lat="36.479746" lon="-118.267266"/>
      <trkpt lat="36.479781" lon="-118.267353"/>
      <trkpt lat="36.479807" lon="-118.267464"/>
      <trkpt lat="36.479828" lon="-118.267576"/>
      <trkpt lat="36.479833" lon="-118.267645"/>
      <trkpt lat="36.479831" lon="-118.267767"/>
      <trkpt lat="36.479807" lon="-118.267987"/>
      <trkpt lat="36.479799" lon="-118.268023"/>
      <trkpt lat="36.479698" lon="-118.268215"/>
      <trkpt lat="36.479652" lon="-118.268323"/>
      <trkpt lat="36.479638" lon="-118.268438"/>
      <trkpt lat="36.479621" lon="-118.268646"/>
      <trkpt lat="36.479604" lon="-118.268766"/>
      <trkpt lat="36.479605" lon="-118.268829"/>
      <trkpt lat="36.479632" lon="-118.269091"/>
      <trkpt lat="36.479666" lon="-118.269323"/>
      <trkpt lat="36.479686" lon="-118.269504"/>
      <trkpt lat="36.479679" lon="-118.269574"/>
      <trkpt lat="36.479646" lon="-118.269688"/>
      <trkpt lat="36.479609" lon="-118.269779"/>
      <trkpt lat="36.479547" lon="-118.269890"/>
      <trkpt lat="36.479489" lon="-118.269968"/>
      <trkpt lat="36.479268" lon="-118.270181"/>
      <trkpt lat="36.479162" lon="-118.270267"/>
      <trkpt lat="36.479036" lon="-118.270393"/>
      <trkpt lat="36.478970" lon="-118.270491"/>
      <trkpt lat="36.478907" lon="-118.270614"/>
      <trkpt lat="36.478791" lon="-118.270926"/>
      <trkpt lat="36.478712" lon="-118.271340"/>
      <trkpt lat="36.478696" lon="-118.271985"/>
    </trkseg>
    <trkseg>
      <trkpt lat="36.478696" lon="-118.271985"/>
      <trkpt lat="36.478683" lon="-118.272520"/>
      <trkpt lat="36.478698" lon="-118.272725"/>
      <trkpt lat="36.478785" lon="-118.272999"/>
      <trkpt lat="36.478961" lon="-118.273435"/>
      <trkpt lat="36.479144" lon="-118.273912"/>
      <trkpt lat="36.479286" lon="-118.274113"/>
      <trkpt lat="36.479453" lon="-118.274319"/>
      <trkpt lat="36.479483" lon="-118.274380"/>
      <trkpt lat="36.479541" lon="-118.274455"/>
      <trkpt lat="36.479718" lon="-118.274628"/>
      <trkpt lat="36.480067" lon="-118.275020"/>
      <trkpt lat="36.480238" lon="-118.275180"/>
      <trkpt lat="36.480332" lon="-118.275247"/>
      <trkpt lat="36.480373" lon="-118.275252"/>
      <trkpt lat="36.480419" lon="-118.275279"/>
      <trkpt lat="36.480435" lon="-118.275303"/>
      <trkpt lat="36.480438" lon="-118.275349"/>
      <trkpt lat="36.480433" lon="-118.275400"/>
      <trkpt lat="36.480447" lon="-118.275440"/>
      <trkpt lat="36.480492" lon="-118.275484"/>
      <trkpt lat="36.480520" lon="-118.275537"/>
      <trkpt lat="36.480664" lon="-118.275908"/>
      <trkpt lat="36.480882" lon="-118.276573"/>
      <trkpt lat="36.480939" lon="-118.276720"/>
      <trkpt lat="36.481003" lon="-118.276997"/>
      <trkpt lat="36.481042" lon="-118.277142"/>
      <trkpt lat="36.481053" lon="-118.277217"/>
      <trkpt lat="36.481046" lon="-118.277291"/>
      <trkpt lat="36.481053" lon="-118.277400"/>
      <trkpt lat="36.481148" lon="-118.277789"/>
      <trkpt lat="36.481184" lon="-118.277907"/>
      <trkpt lat="36.481230" lon="-118.278108"/>
      <trkpt lat="36.481228" lon="-118.278286"/>
      <trkpt lat="36.481234" lon="-118.278406"/>
      <trkpt lat="36.481230" lon="-118.278456"/>
      <trkpt lat="36.481171" lon="-118.278590"/>
      <trkpt lat="36.481012" lon="-118.279000"/>
      <trkpt lat="36.480865" lon="-118.279363"/>
      <trkpt lat="36.480781" lon="-118.279522"/>
      <trkpt lat="36.480594" lon="-118.279809"/>
      <trkpt lat="36.480488" lon="-118.279963"/>
      <trkpt lat="36.480406" lon="-118.280046"/>
      <trkpt lat="36.480322" lon="-118.280238"/>
      <trkpt lat="36.480102" lon="-118.280618"/>
      <trkpt lat="36.480051" lon="-118.280745"/>
      <trkpt lat="36.480021" lon="-118.280885"/>
      <trkpt lat="36.479973" lon="-118.281082"/>
      <trkpt lat="36.479907" lon="-118.281276"/>
      <trkpt lat="36.479871" lon="-118.281448"/>
      <trkpt lat="36.479762" lon="-118.281861"/>
      <trkpt lat="36.479714" lon="-118.282002"/>
      <trkpt lat="36.479684" lon="-118.282129"/>
      <trkpt lat="36.479622" lon="-118.282239"/>
      <trkpt lat="36.479518" lon="-118.282328"/>
      <trkpt lat="36.479415" lon="-118.282557"/>
      <trkpt lat="36.479413" lon="-118.282628"/>
      <trkpt lat="36.479379" lon="-118.282707"/>
      <trkpt lat="36.479323" lon="-118.282923"/>
      <trkpt lat="36.479302" lon="-118.283143"/>
      <trkpt lat="36.479233" lon="-118.283336"/>
      <trkpt lat="36.479196" lon="-118.283576"/>
      <trkpt lat="36.479196" lon="-118.283720"/>
      <trkpt lat="36.479203" lon="-118.283893"/>
      <trkpt lat="36.479216" lon="-118.284027"/>
      <trkpt lat="36.479203" lon="-118.284229"/>
      <trkpt lat="36.479193" lon="-118.284491"/>
      <trkpt lat="36.479179" lon="-118.284707"/>
      <trkpt lat="36.479194" lon="-118.284768"/>
      <trkpt lat="36.479295" lon="-118.285058"/>
      <trkpt lat="36.479306" lon="-118.285104"/>
      <trkpt lat="36.479340" lon="-118.285148"/>
      <trkpt lat="36.479563" lon="-118.285517"/>
      <trkpt lat="36.479921" lon="-118.286036"/>
      <trkpt lat="36.480035" lon="-118.286132"/>
      <trkpt lat="36.480117" lon="-118.286214"/>
      <trkpt lat="36.480281" lon="-118.286346"/>
      <trkpt lat="36.480452" lon="-118.286427"/>
      <trkpt lat="36.480521" lon="-118.286454"/>
      <trkpt lat="36.480547" lon="-118.286489"/>
      <trkpt lat="36.480612" lon="-118.286697"/>
      <trkpt lat="36.480642" lon="-118.286765"/>
      <trkpt lat="36.480655" lon="-118.286843"/>
      <trkpt lat="36.480645" lon="-118.286940"/>
      <trkpt lat="36.480614" lon="-118.287019"/>
      <trkpt lat="36.480596" lon="-118.287113"/>
      <trkpt lat="36.480584" lon="-118.287351"/>
      <trkpt lat="36.480578" lon="-118.287691"/>
      <trkpt lat="36.480654" lon="-118.288011"/>
      <trkpt lat="36.480685" lon="-118.288172"/>
      <trkpt lat="36.480704" lon="-118.288348"/>
      <trkpt lat="36.480703" lon="-118.288643"/>
      <trkpt lat="36.480713" lon="-118.288721"/>
      <trkpt lat="36.480741" lon="-118.288796"/>
      <trkpt lat="36.480746" lon="-118.288832"/>
      <trkpt lat="36.480740" lon="-118.288859"/>
      <trkpt lat="36.480640" lon="-118.288986"/>
      <trkpt lat="36.480540" lon="-118.289255"/>
      <trkpt lat="36.480428" lon="-118.289411"/>
      <trkpt lat="36.480354" lon="-118.289557"/>
      <trkpt lat="36.480320" lon="-118.289664"/>
      <trkpt lat="36.480310" lon="-118.289722"/>
      <trkpt lat="36.480325" lon="-118.289857"/>
      <trkpt lat="36.480318" lon="-118.290404"/>
      <trkpt lat="36.480309" lon="-118.290461"/>
      <trkpt lat="36.480303" lon="-118.290610"/>
      <trkpt lat="36.480309" lon="-118.290700"/>
      <trkpt lat="36.480292" lon="-118.290819"/>
      <trkpt lat="36.480285" lon="-118.290901"/>
      <trkpt lat="36.480269" lon="-118.290944"/>
      <trkpt lat="36.480189" lon="-118.291352"/>
      <trkpt lat="36.480189" lon="-118.291429"/>
      <trkpt lat="36.480182" lon="-118.291500"/>
      <trkpt lat="36.480154" lon="-118.291595"/>
      <trkpt lat="36.480132" lon="-118.291695"/>
      <trkpt lat="36.480115" lon="-118.291872"/>
      <trkpt lat="36.480101" lon="-118.291908"/>
      <trkpt lat="36.480081" lon="-118.291939"/>
      <trkpt lat="36.480096" lon="-118.292110"/>
      <trkpt lat="36.480122" lon="-118.292203"/>
      <trkpt lat="36.480131" lon="-118.292263"/>
      <trkpt lat="36.480130" lon="-118.292330"/>
      <trkpt lat="36.480142" lon="-118.292362"/>
      <trkpt lat="36.480177" lon="-118.292400"/>
      <trkpt lat="36.480182" lon="-118.292436"/>
      <trkpt lat="36.480175" lon="-118.292463"/>
      <trkpt lat="36.480171" lon="-118.292529"/>
      <trkpt lat="36.480175" lon="-118.292582"/>
      <trkpt lat="36.480200" lon="-118.292666"/>
      <trkpt lat="36.480205" lon="-118.292719"/>
      <trkpt lat="36.480195" lon="-118.292792"/>
      <trkpt lat="36.480180" lon="-118.292825"/>
      <trkpt lat="36.480175" lon="-118.292944"/>
      <trkpt lat="36.480156" lon="-118.293014"/>
      <trkpt lat="36.480140" lon="-118.293056"/>
      <trkpt lat="36.480120" lon="-118.293093"/>
      <trkpt lat="36.480089" lon="-118.293122"/>
      <trkpt lat="36.480041" lon="-118.293152"/>
      <trkpt lat="36.479999" lon="-118.293240"/>
      <trkpt lat="36.479869" lon="-118.293415"/>
      <trkpt lat="36.479855" lon="-118.293443"/>
      <trkpt lat="36.479855" lon="-118.293498"/>
      <trkpt lat="36.479844" lon="-118.293537"/>
      <trkpt lat="36.479807" lon="-118.293589"/>
      <trkpt lat="36.479787" lon="-118.293751"/>
      <trkpt lat="36.479763" lon="-118.293798"/>
      <trkpt lat="36.479709" lon="-118.293870"/>
      <trkpt lat="36.479581" lon="-118.294084"/>
      <trkpt lat="36.479502" lon="-118.294202"/>
      <trkpt lat="36.479471" lon="-118.294261"/>
      <trkpt lat="36.479454" lon="-118.294324"/>
      <trkpt lat="36.479433" lon="-118.294366"/>
      <trkpt lat="36.479408" lon="-118.294398"/>
      <trkpt lat="36.479384" lon="-118.294718"/>
      <trkpt lat="36.479394" lon="-118.294810"/>
      <trkpt lat="36.479436" lon="-118.294961"/>
      <trkpt lat="36.479456" lon="-118.295069"/>
      <trkpt lat="36.479462" lon="-118.295263"/>
      <trkpt lat="36.479482" lon="-118.295419"/>
      <trkpt lat="36.479487" lon="-118.295551"/>
      <trkpt lat="36.479481" lon="-118.295711"/>
      <trkpt lat="36.479488" lon="-118.295959"/>
      <trkpt lat="36.479486" lon="-118.296122"/>
      <trkpt lat="36.479467" lon="-118.296352"/>
      <trkpt lat="36.479503" lon="-118.296511"/>
      <trkpt lat="36.479498" lon="-118.296577"/>
      <trkpt lat="36.479502" lon="-118.296656"/>
      <trkpt lat="36.479485" lon="-118.296722"/>
      <trkpt lat="36.479703" lon="-118.297590"/>
      <trkpt lat="36.479828" lon="-118.297874"/>
      <trkpt lat="36.479927" lon="-118.298024"/>
      <trkpt lat="36.480078" lon="-118.298297"/>
      <trkpt lat="36.480130" lon="-118.298453"/>
      <trkpt lat="36.480356" lon="-118.298947"/>
      <trkpt lat="36.480415" lon="-118.299118"/>
      <trkpt lat="36.480466" lon="-118.299316"/>
      <trkpt lat="36.480564" lon="-118.299618"/>
      <trkpt lat="36.480699" lon="-118.299966"/>
      <trkpt lat="36.480709" lon="-118.300049"/>
      <trkpt lat="36.480730" lon="-118.300137"/>
      <trkpt lat="36.480777" lon="-118.300314"/>
      <trkpt lat="36.480801" lon="-118.300376"/>
      <trkpt lat="36.480820" lon="-118.300415"/>
      <trkpt lat="36.480893" lon="-118.300506"/>
      <trkpt lat="36.481020" lon="-118.300683"/>
      <trkpt lat="36.481072" lon="-118.300765"/>
      <trkpt lat="36.481127" lon="-118.300895"/>
      <trkpt lat="36.481185" lon="-118.301001"/>
      <trkpt lat="36.481195" lon="-118.301015"/>
      <trkpt lat="36.481266" lon="-118.301054"/>
      <trkpt lat="36.481324" lon="-118.301102"/>
      <trkpt lat="36.481371" lon="-118.301165"/>
      <trkpt lat="36.481405" lon="-118.301220"/>
      <trkpt lat="36.481434" lon="-118.301272"/>
      <trkpt lat="36.481459" lon="-118.301353"/>
      <trkpt lat="36.481530" lon="-118.301457"/>
      <trkpt lat="36.481565" lon="-118.301532"/>
      <trkpt lat="36.481608" lon="-118.301665"/>
      <trkpt lat="36.481731" lon="-118.301866"/>
      <trkpt lat="36.481818" lon="-118.301979"/>
      <trkpt lat="36.481849" lon="-118.302032"/>
      <trkpt lat="36.481940" lon="-118.302118"/>
      <trkpt lat="36.481983" lon="-118.302171"/>
      <trkpt lat="36.482001" lon="-118.302207"/>
      <trkpt lat="36.482034" lon="-118.302313"/>
      <trkpt lat="36.482103" lon="-118.302458"/>
      <trkpt lat="36.482198" lon="-118.302594"/>
      <trkpt lat="36.482250" lon="-118.302704"/>
      <trkpt lat="36.482274" lon="-118.302766"/>
      <trkpt lat="36.482336" lon="-118.302903"/>
      <trkpt lat="36.482425" lon="-118.303053"/>
      <trkpt lat="36.482461" lon="-118.303147"/>
      <trkpt lat="36.482478" lon="-118.303237"/>
      <trkpt lat="36.482482" lon="-118.303301"/>
      <trkpt lat="36.482507" lon="-118.303359"/>
      <trkpt lat="36.482550" lon="-118.303417"/>
      <trkpt lat="36.482591" lon="-118.303559"/>
      <trkpt lat="36.482601" lon="-118.303632"/>
      <trkpt lat="36.482603" lon="-118.303697"/>
      <trkpt lat="36.482597" lon="-118.303756"/>
      <trkpt lat="36.482645" lon="-118.303946"/>
      <trkpt lat="36.482701" lon="-118.304091"/>
      <trkpt lat="36.482709" lon="-118.304157"/>
      <trkpt lat="36.482709" lon="-118.304244"/>
      <trkpt lat="36.482692" lon="-118.304339"/>
      <trkpt lat="36.482681" lon="-118.304453"/>
      <trkpt lat="36.482694" lon="-118.304506"/>
      <trkpt lat="36.482710" lon="-118.304613"/>
      <trkpt lat="36.482723" lon="-118.304745"/>
      <trkpt lat="36.482737" lon="-118.304829"/>
      <trkpt lat="36.482771" lon="-118.304913"/>
      <trkpt lat="36.482794" lon="-118.304981"/>
      <trkpt lat="36.482817" lon="-118.305081"/>
      <trkpt lat="36.482819" lon="-118.305183"/>
      <trkpt lat="36.482804" lon="-118.305285"/>
      <trkpt lat="36.482761" lon="-118.305799"/>
      <trkpt lat="36.482768" lon="-118.306028"/>
      <trkpt lat="36.482760" lon="-118.306080"/>
      <trkpt lat="36.482720" lon="-118.306171"/>
      <trkpt lat="36.482690" lon="-118.306225"/>
      <trkpt lat="36.482651" lon="-118.306278"/>
      <trkpt lat="36.482606" lon="-118.306366"/>
      <trkpt lat="36.482593" lon="-118.306415"/>
      <trkpt lat="36.482579" lon="-118.306503"/>
      <trkpt lat="36.482582" lon="-118.306567"/>
      <trkpt lat="36.482574" lon="-118.306629"/>
      <trkpt lat="36.482544" lon="-118.306745"/>
      <trkpt lat="36.482455" lon="-118.307050"/>
      <trkpt lat="36.482446" lon="-118.307106"/>
      <trkpt lat="36.482439" lon="-118.307132"/>
      <trkpt lat="36.482419" lon="-118.307157"/>
      <trkpt lat="36.482333" lon="-118.307336"/>
      <trkpt lat="36.482305" lon="-118.307467"/>
      <trkpt lat="36.482215" lon="-118.307691"/>
      <trkpt lat="36.482137" lon="-118.307844"/>
      <trkpt lat="36.482067" lon="-118.307962"/>
      <trkpt lat="36.482030" lon="-118.308045"/>
      <trkpt lat="36.481972" lon="-118.308147"/>
      <trkpt lat="36.481920" lon="-118.308264"/>
      <trkpt lat="36.481868" lon="-118.308407"/>
      <trkpt lat="36.481825" lon="-118.308509"/>
      <trkpt lat="36.481813" lon="-118.308557"/>
      <trkpt lat="36.481820" lon="-118.308627"/>
      <trkpt lat="36.481836" lon="-118.308683"/>
      <trkpt lat="36.481849" lon="-118.308753"/>
      <trkpt lat="36.481848" lon="-118.308790"/>
      <trkpt lat="36.481814" lon="-118.308870"/>
      <trkpt lat="36.481785" lon="-118.308921"/>
      <trkpt lat="36.481766" lon="-118.308977"/>
      <trkpt lat="36.481755" lon="-118.309025"/>
      <trkpt lat="36.481767" lon="-118.309148"/>
      <trkpt lat="36.481765" lon="-118.309219"/>
      <trkpt lat="36.481726" lon="-118.309399"/>
      <trkpt lat="36.481727" lon="-118.309548"/>
      <trkpt lat="36.481723" lon="-118.309659"/>
      <trkpt lat="36.481738" lon="-118.309700"/>
      <trkpt lat="36.481756" lon="-118.309916"/>
      <trkpt lat="36.481750" lon="-118.309987"/>
      <trkpt lat="36.481770" lon="-118.310086"/>
      <trkpt lat="36.481759" lon="-118.310153"/>
      <trkpt lat="36.481773" lon="-118.310283"/>
      <trkpt lat="36.481760" lon="-118.310373"/>
      <trkpt lat="36.481763" lon="-118.310430"/>
      <trkpt lat="36.481786" lon="-118.310563"/>
      <trkpt lat="36.481811" lon="-118.310646"/>
      <trkpt lat="36.481842" lon="-118.310726"/>
      <trkpt lat="36.481867" lon="-118.310742"/>
      <trkpt lat="36.481882" lon="-118.310781"/>
      <trkpt lat="36.481881" lon="-118.310832"/>
      <trkpt lat="36.481911" lon="-118.310964"/>
      <trkpt lat="36.481912" lon="-118.311034"/>
      <trkpt lat="36.481940" lon="-118.311067"/>
      <trkpt lat="36.481951" lon="-118.311111"/>
      <trkpt lat="36.481927" lon="-118.311218"/>
      <trkpt lat="36.481927" lon="-118.311279"/>
      <trkpt lat="36.481945" lon="-118.311348"/>
      <trkpt lat="36.481960" lon="-118.311354"/>
      <trkpt lat="36.482050" lon="-118.311342"/>
      <trkpt lat="36.482079" lon="-118.311382"/>
      <trkpt lat="36.482087" lon="-118.311411"/>
      <trkpt lat="36.482089" lon="-118.311442"/>
      <trkpt lat="36.482084" lon="-118.311522"/>
      <trkpt lat="36.482072" lon="-118.311580"/>
      <trkpt lat="36.482068" lon="-118.311693"/>
      <trkpt lat="36.482075" lon="-118.311757"/>
      <trkpt lat="36.482094" lon="-118.312056"/>
      <trkpt lat="36.482111" lon="-118.312117"/>
      <trkpt lat="36.482114" lon="-118.312172"/>
      <trkpt lat="36.482105" lon="-118.312199"/>
      <trkpt lat="36.482079" lon="-118.312248"/>
      <trkpt lat="36.482071" lon="-118.312293"/>
      <trkpt lat="36.482070" lon="-118.312343"/>
      <trkpt lat="36.482081" lon="-118.312529"/>
      <trkpt lat="36.482090" lon="-118.312620"/>
      <trkpt lat="36.482104" lon="-118.312702"/>
      <trkpt lat="36.482093" lon="-118.312848"/>
      <trkpt lat="36.482092" lon="-118.312962"/>
      <trkpt lat="36.482087" lon="-118.313034"/>
      <trkpt lat="36.482088" lon="-118.313076"/>
      <trkpt lat="36.482103" lon="-118.313117"/>
      <trkpt lat="36.482104" lon="-118.313237"/>
      <trkpt lat="36.482091" lon="-118.313313"/>
      <trkpt lat="36.482094" lon="-118.313427"/>
      <trkpt lat="36.482098" lon="-118.313454"/>
      <trkpt lat="36.482097" lon="-118.313503"/>
      <trkpt lat="36.482092" lon="-118.313523"/>
      <trkpt lat="36.482072" lon="-118.313534"/>
      <trkpt lat="36.482040" lon="-118.313522"/>
      <trkpt lat="36.482009" lon="-118.313526"/>
      <trkpt lat="36.481981" lon="-118.313553"/>
      <trkpt lat="36.481984" lon="-118.313593"/>
      <trkpt lat="36.482000" lon="-118.313636"/>
      <trkpt lat="36.482037" lon="-118.313685"/>
      <trkpt lat="36.482144" lon="-118.313874"/>
      <trkpt lat="36.482184" lon="-118.313919"/>
      <trkpt lat="36.482285" lon="-118.313982"/>
      <trkpt lat="36.482318" lon="-118.314034"/>
      <trkpt lat="36.482383" lon="-118.314161"/>
      <trkpt lat="36.482383" lon="-118.314195"/>
      <trkpt lat="36.482404" lon="-118.314257"/>
      <trkpt lat="36.482483" lon="-118.314387"/>
      <trkpt lat="36.482534" lon="-118.314442"/>
      <trkpt lat="36.482576" lon="-118.314527"/>
      <trkpt lat="36.482599" lon="-118.314556"/>
      <trkpt lat="36.482634" lon="-118.314575"/>
      <trkpt lat="36.482667" lon="-118.314588"/>
      <trkpt lat="36.482685" lon="-118.314602"/>
      <trkpt lat="36.482688" lon="-118.314625"/>
      <trkpt lat="36.482675" lon="-118.314652"/>
      <trkpt lat="36.482657" lon="-118.314658"/>
      <trkpt lat="36.482621" lon="-118.314659"/>
      <trkpt lat="36.482452" lon="-118.314592"/>
      <trkpt lat="36.482333" lon="-118.314575"/>
      <trkpt lat="36.482253" lon="-118.314549"/>
      <trkpt lat="36.482143" lon="-118.314530"/>
      <trkpt lat="36.481903" lon="-118.314513"/>
      <trkpt lat="36.481864" lon="-118.314498"/>
      <trkpt lat="36.481830" lon="-118.314495"/>
      <trkpt lat="36.481771" lon="-118.314563"/>
      <trkpt lat="36.481745" lon="-118.314588"/>
      <trkpt lat="36.481707" lon="-118.314591"/>
      <trkpt lat="36.481671" lon="-118.314585"/>
      <trkpt lat="36.481620" lon="-118.314557"/>
      <trkpt lat="36.481513" lon="-118.314485"/>
      <trkpt lat="36.481474" lon="-118.314476"/>
      <trkpt lat="36.481434" lon="-118.314487"/>
      <trkpt lat="36.481407" lon="-118.314486"/>
      <trkpt lat="36.481369" lon="-118.314459"/>
      <trkpt lat="36.481292" lon="-118.314414"/>
      <trkpt lat="36.481262" lon="-118.314379"/>
      <trkpt lat="36.481218" lon="-118.314363"/>
      <trkpt lat="36.481191" lon="-118.314363"/>
      <trkpt lat="36.481160" lon="-118.314403"/>
      <trkpt lat="36.481066" lon="-118.314448"/>
      <trkpt lat="36.481012" lon="-118.314466"/>
      <trkpt lat="36.480929" lon="-118.314439"/>
      <trkpt lat="36.480875" lon="-118.314442"/>
      <trkpt lat="36.480838" lon="-118.314425"/>
      <trkpt lat="36.480798" lon="-118.314429"/>
      <trkpt lat="36.480777" lon="-118.314446"/>
      <trkpt lat="36.480771" lon="-118.314483"/>
      <trkpt lat="36.480796" lon="-118.314628"/>
      <trkpt lat="36.480780" lon="-118.314686"/>
      <trkpt lat="36.480764" lon="-118.314709"/>
      <trkpt lat="36.480763" lon="-118.314750"/>
      <trkpt lat="36.480770" lon="-118.314815"/>
      <trkpt lat="36.480797" lon="-118.314963"/>
      <trkpt lat="36.480827" lon="-118.315107"/>
      <trkpt lat="36.480834" lon="-118.315190"/>
      <trkpt lat="36.480969" lon="-118.315505"/>
      <trkpt lat="36.480995" lon="-118.315546"/>
      <trkpt lat="36.481001" lon="-118.315578"/>
      <trkpt lat="36.480994" lon="-118.315602"/>
      <trkpt lat="36.481028" lon="-118.315715"/>
      <trkpt lat="36.481050" lon="-118.315763"/>
      <trkpt lat="36.481105" lon="-118.315788"/>
      <trkpt lat="36.481161" lon="-118.315799"/>
      <trkpt lat="36.481247" lon="-118.315806"/>
      <trkpt lat="36.481513" lon="-118.315867"/>
      <trkpt lat="36.481563" lon="-118.315888"/>
      <trkpt lat="36.481618" lon="-118.315922"/>
      <trkpt lat="36.481659" lon="-118.315950"/>
      <trkpt lat="36.481729" lon="-118.316020"/>
      <trkpt lat="36.481782" lon="-118.316095"/>
      <trkpt lat="36.481815" lon="-118.316149"/>
      <trkpt lat="36.481855" lon="-118.316257"/>
      <trkpt lat="36.481902" lon="-118.316319"/>
      <trkpt lat="36.481971" lon="-118.316344"/>
      <trkpt lat="36.482092" lon="-118.316370"/>
      <trkpt lat="36.482176" lon="-118.316372"/>
      <trkpt lat="36.482259" lon="-118.316390"/>
      <trkpt lat="36.482376" lon="-118.316472"/>
      <trkpt lat="36.482416" lon="-118.316472"/>
      <trkpt lat="36.482447" lon="-118.316460"/>
      <trkpt lat="36.482540" lon="-118.316408"/>
      <trkpt lat="36.482609" lon="-118.316375"/>
      <trkpt lat="36.482663" lon="-118.316365"/>
      <trkpt lat="36.482720" lon="-118.316332"/>
      <trkpt lat="36.482756" lon="-118.316347"/>
      <trkpt lat="36.482883" lon="-118.316471"/>
      <trkpt lat="36.482913" lon="-118.316472"/>
      <trkpt lat="36.482980" lon="-118.316444"/>
      <trkpt lat="36.483014" lon="-118.316466"/>
      <trkpt lat="36.483096" lon="-118.316496"/>
      <trkpt lat="36.483268" lon="-118.316593"/>
      <trkpt lat="36.483319" lon="-118.316639"/>
      <trkpt lat="36.483397" lon="-118.316693"/>
      <trkpt lat="36.483472" lon="-118.316826"/>
      <trkpt lat="36.483552" lon="-118.316852"/>
      <trkpt lat="36.483694" lon="-118.316867"/>
      <trkpt lat="36.483747" lon="-118.316891"/>
      <trkpt lat="36.483790" lon="-118.316889"/>
      <trkpt lat="36.483825" lon="-118.316874"/>
      <trkpt lat="36.483901" lon="-118.316888"/>
      <trkpt lat="36.483925" lon="-118.316885"/>
      <trkpt lat="36.483955" lon="-118.316895"/>
      <trkpt lat="36.483986" lon="-118.316918"/>
      <trkpt lat="36.484043" lon="-118.316936"/>
      <trkpt lat="36.484071" lon="-118.316928"/>
      <trkpt lat="36.484104" lon="-118.316932"/>
      <trkpt lat="36.484129" lon="-118.316960"/>
      <trkpt lat="36.484165" lon="-118.317037"/>
      <trkpt lat="36.484177" lon="-118.317072"/>
      <trkpt lat="36.484186" lon="-118.317113"/>
      <trkpt lat="36.484186" lon="-118.317154"/>
      <trkpt lat="36.484192" lon="-118.317204"/>
      <trkpt lat="36.484204" lon="-118.317266"/>
      <trkpt lat="36.484258" lon="-118.317359"/>
      <trkpt lat="36.484280" lon="-118.317457"/>
      <trkpt lat="36.484304" lon="-118.317526"/>
      <trkpt lat="36.484315" lon="-118.317591"/>
      <trkpt lat="36.484351" lon="-118.317699"/>
      <trkpt lat="36.484410" lon="-118.317765"/>
      <trkpt lat="36.484434" lon="-118.317770"/>
      <trkpt lat="36.484472" lon="-118.317772"/>
      <trkpt lat="36.484521" lon="-118.317789"/>
      <trkpt lat="36.484558" lon="-118.317816"/>
      <trkpt lat="36.484600" lon="-118.317866"/>
      <trkpt lat="36.484619" lon="-118.317868"/>
      <trkpt lat="36.484644" lon="-118.317862"/>
      <trkpt lat="36.484660" lon="-118.317876"/>
      <trkpt lat="36.484666" lon="-118.317892"/>
      <trkpt lat="36.484666" lon="-118.317921"/>
      <trkpt lat="36.484647" lon="-118.317964"/>
      <trkpt lat="36.484569" lon="-118.318031"/>
      <trkpt lat="36.484549" lon="-118.318071"/>
      <trkpt lat="36.484544" lon="-118.318104"/>
      <trkpt lat="36.484550" lon="-118.318142"/>
      <trkpt lat="36.484578" lon="-118.318183"/>
      <trkpt lat="36.484591" lon="-118.318226"/>
      <trkpt lat="36.484608" lon="-118.318390"/>
      <trkpt lat="36.484633" lon="-118.318523"/>
      <trkpt lat="36.484646" lon="-118.318563"/>
      <trkpt lat="36.484648" lon="-118.318597"/>
      <trkpt lat="36.484638" lon="-118.318662"/>
      <trkpt lat="36.484653" lon="-118.318700"/>
      <trkpt lat="36.484680" lon="-118.318727"/>
      <trkpt lat="36.484736" lon="-118.318765"/>
      <trkpt lat="36.484812" lon="-118.318795"/>
      <trkpt lat="36.484844" lon="-118.318816"/>
      <trkpt lat="36.484926" lon="-118.318881"/>
      <trkpt lat="36.484981" lon="-118.318941"/>
      <trkpt lat="36.484998" lon="-118.318989"/>
      <trkpt lat="36.485034" lon="-118.319135"/>
      <trkpt lat="36.485078" lon="-118.319255"/>
      <trkpt lat="36.485091" lon="-118.319309"/>
      <trkpt lat="36.485103" lon="-118.319436"/>
      <trkpt lat="36.485113" lon="-118.319466"/>
      <trkpt lat="36.485142" lon="-118.319502"/>
      <trkpt lat="36.485187" lon="-118.319522"/>
      <trkpt lat="36.485221" lon="-118.319530"/>
      <trkpt lat="36.485235" lon="-118.319547"/>
      <trkpt lat="36.485247" lon="-118.319574"/>
      <trkpt lat="36.485357" lon="-118.319964"/>
      <trkpt lat="36.485376" lon="-118.320054"/>
      <trkpt lat="36.485383" lon="-118.320145"/>
      <trkpt lat="36.485417" lon="-118.320201"/>
      <trkpt lat="36.485427" lon="-118.320237"/>
      <trkpt lat="36.485422" lon="-118.320329"/>
      <trkpt lat="36.485449" lon="-118.320447"/>
      <trkpt lat="36.485466" lon="-118.320499"/>
      <trkpt lat="36.485538" lon="-118.320589"/>
      <trkpt lat="36.485559" lon="-118.320639"/>
      <trkpt lat="36.485573" lon="-118.320698"/>
      <trkpt lat="36.485580" lon="-118.320760"/>
      <trkpt lat="36.485603" lon="-118.320862"/>
      <trkpt lat="36.485681" lon="-118.321065"/>
      <trkpt lat="36.485732" lon="-118.321156"/>
      <trkpt lat="36.485771" lon="-118.321195"/>
      <trkpt lat="36.485850" lon="-118.321241"/>
      <trkpt lat="36.485878" lon="-118.321286"/>
      <trkpt lat="36.485886" lon="-118.321315"/>
      <trkpt lat="36.485886" lon="-118.321376"/>
      <trkpt lat="36.485897" lon="-118.321397"/>
      <trkpt lat="36.485919" lon="-118.321416"/>
      <trkpt lat="36.485946" lon="-118.321431"/>
      <trkpt lat="36.486033" lon="-118.321438"/>
      <trkpt lat="36.486054" lon="-118.321451"/>
      <trkpt lat="36.486072" lon="-118.321480"/>
      <trkpt lat="36.486080" lon="-118.321523"/>
      <trkpt lat="36.486113" lon="-118.321562"/>
      <trkpt lat="36.486164" lon="-118.321579"/>
      <trkpt lat="36.486265" lon="-118.321598"/>
      <trkpt lat="36.486301" lon="-118.321627"/>
      <trkpt lat="36.486328" lon="-118.321640"/>
      <trkpt lat="36.486378" lon="-118.321687"/>
      <trkpt lat="36.486420" lon="-118.321717"/>
      <trkpt lat="36.486448" lon="-118.321755"/>
      <trkpt lat="36.486488" lon="-118.321796"/>
      <trkpt lat="36.486523" lon="-118.321840"/>
      <trkpt lat="36.486564" lon="-118.321865"/>
      <trkpt lat="36.486636" lon="-118.321883"/>
      <trkpt lat="36.486695" lon="-118.321888"/>
      <trkpt lat="36.486726" lon="-118.321909"/>
      <trkpt lat="36.486754" lon="-118.321951"/>
      <trkpt lat="36.486788" lon="-118.322022"/>
      <trkpt lat="36.486850" lon="-118.322108"/>
      <trkpt lat="36.486914" lon="-118.322157"/>
      <trkpt lat="36.486992" lon="-118.322200"/>
      <trkpt lat="36.487023" lon="-118.322226"/>
      <trkpt lat="36.487049" lon="-118.322266"/>
      <trkpt lat="36.487130" lon="-118.322315"/>
      <trkpt lat="36.487212" lon="-118.322348"/>
      <trkpt lat="36.487278" lon="-118.322353"/>
      <trkpt lat="36.487316" lon="-118.322377"/>
      <trkpt lat="36.487341" lon="-118.322425"/>
      <trkpt lat="36.487349" lon="-118.322483"/>
      <trkpt lat="36.487332" lon="-118.322566"/>
      <trkpt lat="36.487297" lon="-118.322643"/>
      <trkpt lat="36.487289" lon="-118.322712"/>
      <trkpt lat="36.487275" lon="-118.322776"/>
      <trkpt lat="36.487254" lon="-118.322820"/>
      <trkpt lat="36.487257" lon="-118.322903"/>
      <trkpt lat="36.487263" lon="-118.322923"/>
      <trkpt lat="36.487281" lon="-118.322923"/>
      <trkpt lat="36.487308" lon="-118.322913"/>
      <trkpt lat="36.487326" lon="-118.322895"/>
      <trkpt lat="36.487416" lon="-118.322861"/>
      <trkpt lat="36.487583" lon="-118.322768"/>
      <trkpt lat="36.487739" lon="-118.322664"/>
      <trkpt lat="36.487811" lon="-118.322593"/>
      <trkpt lat="36.487865" lon="-118.322484"/>
      <trkpt lat="36.487880" lon="-118.322352"/>
      <trkpt lat="36.487901" lon="-118.322316"/>
      <trkpt lat="36.487888" lon="-118.322051"/>
      <trkpt lat="36.487880" lon="-118.321986"/>
      <trkpt lat="36.487865" lon="-118.321943"/>
      <trkpt lat="36.487837" lon="-118.321895"/>
      <trkpt lat="36.487803" lon="-118.321759"/>
      <trkpt lat="36.487809" lon="-118.321704"/>
      <trkpt lat="36.487839" lon="-118.321670"/>
      <trkpt lat="36.487882" lon="-118.321638"/>
      <trkpt lat="36.487900" lon="-118.321578"/>
      <trkpt lat="36.487901" lon="-118.321446"/>
      <trkpt lat="36.487895" lon="-118.321384"/>
      <trkpt lat="36.487903" lon="-118.321338"/>
      <trkpt lat="36.487899" lon="-118.321303"/>
      <trkpt lat="36.487883" lon="-118.321241"/>
      <trkpt lat="36.487888" lon="-118.321208"/>
      <trkpt lat="36.487927" lon="-118.321238"/>
      <trkpt lat="36.487960" lon="-118.321275"/>
      <trkpt lat="36.488001" lon="-118.321311"/>
      <trkpt lat="36.488129" lon="-118.321403"/>
      <trkpt lat="36.488221" lon="-118.321490"/>
      <trkpt lat="36.488240" lon="-118.321491"/>
      <trkpt lat="36.488264" lon="-118.321448"/>
      <trkpt lat="36.488280" lon="-118.321410"/>
      <trkpt lat="36.488303" lon="-118.321393"/>
      <trkpt lat="36.488325" lon="-118.321399"/>
      <trkpt lat="36.488348" lon="-118.321414"/>
      <trkpt lat="36.488359" lon="-118.321428"/>
      <trkpt lat="36.488412" lon="-118.321579"/>
      <trkpt lat="36.488461" lon="-118.321682"/>
      <trkpt lat="36.488518" lon="-118.321770"/>
      <trkpt lat="36.488536" lon="-118.321828"/>
      <trkpt lat="36.488571" lon="-118.321874"/>
      <trkpt lat="36.488589" lon="-118.321891"/>
      <trkpt lat="36.488606" lon="-118.321889"/>
      <trkpt lat="36.488628" lon="-118.321865"/>
      <trkpt lat="36.488644" lon="-118.321830"/>
      <trkpt lat="36.488656" lon="-118.321758"/>
      <trkpt lat="36.488664" lon="-118.321622"/>
      <trkpt lat="36.488657" lon="-118.321540"/>
      <trkpt lat="36.488643" lon="-118.321457"/>
      <trkpt lat="36.488617" lon="-118.321385"/>
      <trkpt lat="36.488622" lon="-118.321337"/>
      <trkpt lat="36.488644" lon="-118.321287"/>
      <trkpt lat="36.488660" lon="-118.321265"/>
      <trkpt lat="36.488686" lon="-118.321261"/>
      <trkpt lat="36.488711" lon="-118.321269"/>
      <trkpt lat="36.488736" lon="-118.321289"/>
      <trkpt lat="36.488756" lon="-118.321291"/>
      <trkpt lat="36.488799" lon="-118.321280"/>
      <trkpt lat="36.488926" lon="-118.321170"/>
      <trkpt lat="36.489035" lon="-118.321144"/>
      <trkpt lat="36.489079" lon="-118.321103"/>
      <trkpt lat="36.489124" lon="-118.321069"/>
      <trkpt lat="36.489229" lon="-118.321041"/>
      <trkpt lat="36.489330" lon="-118.321026"/>
      <trkpt lat="36.489347" lon="-118.321004"/>
      <trkpt lat="36.489365" lon="-118.320992"/>
      <trkpt lat="36.489435" lon="-118.320986"/>
      <trkpt lat="36.489528" lon="-118.321025"/>
      <trkpt lat="36.489639" lon="-118.321098"/>
      <trkpt lat="36.489647" lon="-118.321118"/>
      <trkpt lat="36.489651" lon="-118.321146"/>
      <trkpt lat="36.489620" lon="-118.321462"/>
      <trkpt lat="36.489653" lon="-118.321460"/>
      <trkpt lat="36.489686" lon="-118.321441"/>
      <trkpt lat="36.489727" lon="-118.321402"/>
      <trkpt lat="36.489772" lon="-118.321407"/>
      <trkpt lat="36.489826" lon="-118.321421"/>
      <trkpt lat="36.489867" lon="-118.321481"/>
      <trkpt lat="36.489888" lon="-118.321524"/>
      <trkpt lat="36.489912" lon="-118.321613"/>
      <trkpt lat="36.489969" lon="-118.321711"/>
      <trkpt lat="36.490020" lon="-118.321751"/>
      <trkpt lat="36.490047" lon="-118.321782"/>
      <trkpt lat="36.490108" lon="-118.321969"/>
      <trkpt lat="36.490186" lon="-118.322173"/>
      <trkpt lat="36.490250" lon="-118.322215"/>
      <trkpt lat="36.490290" lon="-118.322213"/>
      <trkpt lat="36.490314" lon="-118.322173"/>
      <trkpt lat="36.490296" lon="-118.321845"/>
      <trkpt lat="36.490291" lon="-118.321656"/>
      <trkpt lat="36.490277" lon="-118.321581"/>
      <trkpt lat="36.490276" lon="-118.321493"/>
      <trkpt lat="36.490264" lon="-118.321440"/>
      <trkpt lat="36.490280" lon="-118.321351"/>
      <trkpt lat="36.490268" lon="-118.321257"/>
      <trkpt lat="36.490265" lon="-118.321206"/>
      <trkpt lat="36.490287" lon="-118.321055"/>
      <trkpt lat="36.490277" lon="-118.321000"/>
      <trkpt lat="36.490246" lon="-118.320917"/>
      <trkpt lat="36.490247" lon="-118.320851"/>
      <trkpt lat="36.490267" lon="-118.320779"/>
      <trkpt lat="36.490296" lon="-118.320706"/>
      <trkpt lat="36.490304" lon="-118.320659"/>
      <trkpt lat="36.490430" lon="-118.320470"/>
      <trkpt lat="36.490595" lon="-118.320243"/>
      <trkpt lat="36.490772" lon="-118.319943"/>
      <trkpt lat="36.490843" lon="-118.319852"/>
      <trkpt lat="36.490878" lon="-118.319775"/>
      <trkpt lat="36.490896" lon="-118.319729"/>
      <trkpt lat="36.491026" lon="-118.319513"/>
      <trkpt lat="36.491240" lon="-118.319232"/>
      <trkpt lat="36.491306" lon="-118.319152"/>
      <trkpt lat="36.491411" lon="-118.319074"/>
      <trkpt lat="36.491688" lon="-118.318892"/>
      <trkpt lat="36.491712" lon="-118.318863"/>
      <trkpt lat="36.491737" lon="-118.318837"/>
      <trkpt lat="36.491749" lon="-118.318850"/>
      <trkpt lat="36.491746" lon="-118.318882"/>
      <trkpt lat="36.491695" lon="-118.318994"/>
      <trkpt lat="36.491659" lon="-118.319076"/>
      <trkpt lat="36.491616" lon="-118.319159"/>
      <trkpt lat="36.491624" lon="-118.319212"/>
      <trkpt lat="36.491692" lon="-118.319217"/>
      <trkpt lat="36.491807" lon="-118.319186"/>
      <trkpt lat="36.491945" lon="-118.319063"/>
      <trkpt lat="36.492020" lon="-118.319024"/>
      <trkpt lat="36.492091" lon="-118.319019"/>
      <trkpt lat="36.492185" lon="-118.319025"/>
      <trkpt lat="36.492327" lon="-118.319082"/>
      <trkpt lat="36.492357" lon="-118.319116"/>
      <trkpt lat="36.492433" lon="-118.319185"/>
      <trkpt lat="36.492600" lon="-118.319317"/>
      <trkpt lat="36.492642" lon="-118.319381"/>
      <trkpt lat="36.492679" lon="-118.319392"/>
      <trkpt lat="36.492732" lon="-118.319392"/>
      <trkpt lat="36.492817" lon="-118.319357"/>
      <trkpt lat="36.492873" lon="-118.319340"/>
      <trkpt lat="36.492909" lon="-118.319340"/>
      <trkpt lat="36.492945" lon="-118.319364"/>
      <trkpt lat="36.493119" lon="-118.319532"/>
      <trkpt lat="36.493269" lon="-118.319649"/>
      <trkpt lat="36.493344" lon="-118.319728"/>
      <trkpt lat="36.493432" lon="-118.319852"/>
      <trkpt lat="36.493507" lon="-118.319935"/>
      <trkpt lat="36.493657" lon="-118.320015"/>
      <trkpt lat="36.493767" lon="-118.320122"/>
      <trkpt lat="36.493832" lon="-118.320222"/>
      <trkpt lat="36.493896" lon="-118.320361"/>
      <trkpt lat="36.493967" lon="-118.320459"/>
      <trkpt lat="36.493995" lon="-118.320518"/>
      <trkpt lat="36.494018" lon="-118.320624"/>
      <trkpt lat="36.494018" lon="-118.320758"/>
      <trkpt lat="36.494009" lon="-118.320873"/>
      <trkpt lat="36.494034" lon="-118.320980"/>
      <trkpt lat="36.494067" lon="-118.321025"/>
      <trkpt lat="36.494104" lon="-118.321061"/>
      <trkpt lat="36.494169" lon="-118.321097"/>
      <trkpt lat="36.494227" lon="-118.321104"/>
      <trkpt lat="36.494264" lon="-118.321100"/>
      <trkpt lat="36.494302" lon="-118.321068"/>
      <trkpt lat="36.494342" lon="-118.321059"/>
      <trkpt lat="36.494368" lon="-118.321062"/>
      <trkpt lat="36.494379" lon="-118.321100"/>
      <trkpt lat="36.494380" lon="-118.321237"/>
      <trkpt lat="36.494373" lon="-118.321309"/>
      <trkpt lat="36.494385" lon="-118.321357"/>
      <trkpt lat="36.494416" lon="-118.321401"/>
      <trkpt lat="36.494474" lon="-118.321426"/>
      <trkpt lat="36.494518" lon="-118.321430"/>
      <trkpt lat="36.494591" lon="-118.321401"/>
      <trkpt lat="36.494627" lon="-118.321410"/>
      <trkpt lat="36.494666" lon="-118.321432"/>
      <trkpt lat="36.494690" lon="-118.321481"/>
      <trkpt lat="36.494724" lon="-118.321590"/>
      <trkpt lat="36.494734" lon="-118.321665"/>
      <trkpt lat="36.494710" lon="-118.321792"/>
      <trkpt lat="36.494725" lon="-118.321866"/>
      <trkpt lat="36.494706" lon="-118.321910"/>
      <trkpt lat="36.494635" lon="-118.321964"/>
      <trkpt lat="36.494577" lon="-118.322067"/>
      <trkpt lat="36.494521" lon="-118.322189"/>
      <trkpt lat="36.494469" lon="-118.322258"/>
      <trkpt lat="36.494417" lon="-118.322357"/>
      <trkpt lat="36.494349" lon="-118.322411"/>
      <trkpt lat="36.494297" lon="-118.322469"/>
      <trkpt lat="36.494244" lon="-118.322496"/>
      <trkpt lat="36.494169" lon="-118.322571"/>
      <trkpt lat="36.494092" lon="-118.322660"/>
      <trkpt lat="36.494053" lon="-118.322725"/>
      <trkpt lat="36.494004" lon="-118.322916"/>
      <trkpt lat="36.493945" lon="-118.323025"/>
      <trkpt lat="36.493894" lon="-118.323090"/>
      <trkpt lat="36.493859" lon="-118.323114"/>
      <trkpt lat="36.493804" lon="-118.323143"/>
      <trkpt lat="36.493782" lon="-118.323172"/>
      <trkpt lat="36.493763" lon="-118.323265"/>
      <trkpt lat="36.493765" lon="-118.323300"/>
      <trkpt lat="36.493791" lon="-118.323350"/>
      <trkpt lat="36.493812" lon="-118.323420"/>
      <trkpt lat="36.493819" lon="-118.323470"/>
      <trkpt lat="36.493778" lon="-118.323730"/>
      <trkpt lat="36.493763" lon="-118.323807"/>
      <trkpt lat="36.493742" lon="-118.323888"/>
      <trkpt lat="36.493703" lon="-118.323955"/>
      <trkpt lat="36.493652" lon="-118.324081"/>
      <trkpt lat="36.493626" lon="-118.324129"/>
      <trkpt lat="36.493629" lon="-118.324204"/>
      <trkpt lat="36.493620" lon="-118.324344"/>
      <trkpt lat="36.493581" lon="-118.324550"/>
      <trkpt lat="36.493561" lon="-118.324697"/>
      <trkpt lat="36.493563" lon="-118.324764"/>
      <trkpt lat="36.493572" lon="-118.324825"/>
      <trkpt lat="36.493579" lon="-118.324917"/>
      <trkpt lat="36.493610" lon="-118.325035"/>
      <trkpt lat="36.493693" lon="-118.325258"/>
      <trkpt lat="36.493744" lon="-118.325361"/>
      <trkpt lat="36.493848" lon="-118.325498"/>
      <trkpt lat="36.493873" lon="-118.325537"/>
      <trkpt lat="36.493884" lon="-118.325588"/>
      <trkpt lat="36.493881" lon="-118.325644"/>
      <trkpt lat="36.493912" lon="-118.325761"/>
      <trkpt lat="36.493930" lon="-118.325863"/>
      <trkpt lat="36.493929" lon="-118.325967"/>
      <trkpt lat="36.493969" lon="-118.326095"/>
      <trkpt lat="36.493971" lon="-118.326164"/>
      <trkpt lat="36.493982" lon="-118.326215"/>
      <trkpt lat="36.494011" lon="-118.326298"/>
      <trkpt lat="36.494019" lon="-118.326378"/>
      <trkpt lat="36.494004" lon="-118.326502"/>
      <trkpt lat="36.493981" lon="-118.326593"/>
      <trkpt lat="36.493981" lon="-118.326657"/>
      <trkpt lat="36.493975" lon="-118.326748"/>
      <trkpt lat="36.493961" lon="-118.326813"/>
      <trkpt lat="36.493965" lon="-118.326871"/>
      <trkpt lat="36.493994" lon="-118.326929"/>
      <trkpt lat="36.494056" lon="-118.327021"/>
      <trkpt lat="36.494203" lon="-118.327210"/>
      <trkpt lat="36.494291" lon="-118.327310"/>
      <trkpt lat="36.494346" lon="-118.327389"/>
      <trkpt lat="36.494384" lon="-118.327448"/>
      <trkpt lat="36.494410" lon="-118.327506"/>
      <trkpt lat="36.494422" lon="-118.327563"/>
      <trkpt lat="36.494428" lon="-118.327615"/>
      <trkpt lat="36.494489" lon="-118.327704"/>
      <trkpt lat="36.494580" lon="-118.327803"/>
      <trkpt lat="36.494633" lon="-118.327878"/>
      <trkpt lat="36.494647" lon="-118.327937"/>
      <trkpt lat="36.494654" lon="-118.328000"/>
      <trkpt lat="36.494652" lon="-118.328113"/>
      <trkpt lat="36.494648" lon="-118.328164"/>
      <trkpt lat="36.494735" lon="-118.328432"/>
      <trkpt lat="36.494820" lon="-118.328567"/>
      <trkpt lat="36.494936" lon="-118.328700"/>
      <trkpt lat="36.494972" lon="-118.328721"/>
      <trkpt lat="36.495058" lon="-118.328727"/>
      <trkpt lat="36.495096" lon="-118.328745"/>
      <trkpt lat="36.495115" lon="-118.328788"/>
      <trkpt lat="36.495128" lon="-118.328855"/>
      <trkpt lat="36.495116" lon="-118.328905"/>
      <trkpt lat="36.495130" lon="-118.328952"/>
      <trkpt lat="36.495188" lon="-118.329026"/>
      <trkpt lat="36.495333" lon="-118.329181"/>
      <trkpt lat="36.495453" lon="-118.329328"/>
      <trkpt lat="36.495516" lon="-118.329418"/>
      <trkpt lat="36.495549" lon="-118.329493"/>
      <trkpt lat="36.495591" lon="-118.329563"/>
      <trkpt lat="36.495635" lon="-118.329611"/>
      <trkpt lat="36.495706" lon="-118.329666"/>
      <trkpt lat="36.496228" lon="-118.329755"/>
      <trkpt lat="36.496296" lon="-118.329795"/>
      <trkpt lat="36.496422" lon="-118.329907"/>
      <trkpt lat="36.496573" lon="-118.330014"/>
      <trkpt lat="36.496650" lon="-118.330081"/>
      <trkpt lat="36.496688" lon="-118.330164"/>
      <trkpt lat="36.496736" lon="-118.330293"/>
      <trkpt lat="36.496801" lon="-118.330446"/>
      <trkpt lat="36.496825" lon="-118.330558"/>
      <trkpt lat="36.496838" lon="-118.330672"/>
      <trkpt lat="36.496820" lon="-118.330793"/>
      <trkpt lat="36.496764" lon="-118.330914"/>
      <trkpt lat="36.496645" lon="-118.331110"/>
      <trkpt lat="36.496642" lon="-118.331253"/>
      <trkpt lat="36.496625" lon="-118.331396"/>
      <trkpt lat="36.496594" lon="-118.331577"/>
      <trkpt lat="36.496557" lon="-118.331668"/>
      <trkpt lat="36.496558" lon="-118.331723"/>
      <trkpt lat="36.496530" lon="-118.331787"/>
      <trkpt lat="36.496513" lon="-118.331844"/>
      <trkpt lat="36.496524" lon="-118.331944"/>
      <trkpt lat="36.496519" lon="-118.332071"/>
      <trkpt lat="36.496504" lon="-118.332185"/>
      <trkpt lat="36.496522" lon="-118.332325"/>
      <trkpt lat="36.496525" lon="-118.332447"/>
      <trkpt lat="36.496524" lon="-118.332687"/>
      <trkpt lat="36.496551" lon="-118.332822"/>
      <trkpt lat="36.496613" lon="-118.332913"/>
      <trkpt lat="36.496612" lon="-118.333068"/>
      <trkpt lat="36.496615" lon="-118.333151"/>
      <trkpt lat="36.496634" lon="-118.333288"/>
      <trkpt lat="36.496650" lon="-118.333578"/>
      <trkpt lat="36.496665" lon="-118.333670"/>
      <trkpt lat="36.496656" lon="-118.333905"/>
      <trkpt lat="36.496642" lon="-118.334027"/>
      <trkpt lat="36.496654" lon="-118.334138"/>
      <trkpt lat="36.496640" lon="-118.334281"/>
      <trkpt lat="36.496534" lon="-118.334762"/>
      <trkpt lat="36.496515" lon="-118.334886"/>
      <trkpt lat="36.496465" lon="-118.335056"/>
      <trkpt lat="36.496452" lon="-118.335249"/>
      <trkpt lat="36.496428" lon="-118.335358"/>
      <trkpt lat="36.496414" lon="-118.335532"/>
      <trkpt lat="36.496423" lon="-118.335744"/>
      <trkpt lat="36.496449" lon="-118.335969"/>
      <trkpt lat="36.496502" lon="-118.336167"/>
      <trkpt lat="36.496571" lon="-118.336359"/>
      <trkpt lat="36.496566" lon="-118.336414"/>
      <trkpt lat="36.496486" lon="-118.336593"/>
      <trkpt lat="36.496378" lon="-118.336737"/>
      <trkpt lat="36.496338" lon="-118.337029"/>
      <trkpt lat="36.496243" lon="-118.337292"/>
      <trkpt lat="36.496269" lon="-118.337411"/>
      <trkpt lat="36.496387" lon="-118.337490"/>
    </trkseg>
    <trkseg>
      <trkpt lat="36.496387" lon="-118.337490"/>
      <trkpt lat="36.496404" lon="-118.337513"/>
      <trkpt lat="36.496440" lon="-118.337544"/>
    </trkseg>
    <trkseg>
      <trkpt lat="36.496440" lon="-118.337544"/>
      <trkpt lat="36.496612" lon="-118.337974"/>
      <trkpt lat="36.496646" lon="-118.337992"/>
      <trkpt lat="36.496700" lon="-118.337953"/>
      <trkpt lat="36.496765" lon="-118.337855"/>
      <trkpt lat="36.496824" lon="-118.337826"/>
      <trkpt lat="36.496863" lon="-118.337825"/>
      <trkpt lat="36.496956" lon="-118.337788"/>
      <trkpt lat="36.497169" lon="-118.337637"/>
      <trkpt lat="36.497250" lon="-118.337555"/>
      <trkpt lat="36.497296" lon="-118.337537"/>
      <trkpt lat="36.497351" lon="-118.337536"/>
      <trkpt lat="36.497391" lon="-118.337566"/>
      <trkpt lat="36.497509" lon="-118.337926"/>
      <trkpt lat="36.497562" lon="-118.337995"/>
      <trkpt lat="36.497639" lon="-118.338039"/>
      <trkpt lat="36.497681" lon="-118.338084"/>
      <trkpt lat="36.497807" lon="-118.338293"/>
      <trkpt lat="36.497829" lon="-118.338392"/>
      <trkpt lat="36.497881" lon="-118.338445"/>
      <trkpt lat="36.497947" lon="-118.338534"/>
      <trkpt lat="36.498084" lon="-118.338840"/>
      <trkpt lat="36.498118" lon="-118.339035"/>
      <trkpt lat="36.498152" lon="-118.339182"/>
      <trkpt lat="36.498173" lon="-118.339333"/>
      <trkpt lat="36.498183" lon="-118.339477"/>
      <trkpt lat="36.498171" lon="-118.339615"/>
      <trkpt lat="36.498178" lon="-118.340029"/>
      <trkpt lat="36.498202" lon="-118.340279"/>
      <trkpt lat="36.498208" lon="-118.340582"/>
      <trkpt lat="36.498329" lon="-118.341241"/>
      <trkpt lat="36.498320" lon="-118.341830"/>
      <trkpt lat="36.498369" lon="-118.342026"/>
      <trkpt lat="36.498432" lon="-118.342211"/>
      <trkpt lat="36.498480" lon="-118.342830"/>
      <trkpt lat="36.498482" lon="-118.342875"/>
      <trkpt lat="36.498477" lon="-118.342917"/>
      <trkpt lat="36.498480" lon="-118.343040"/>
      <trkpt lat="36.498500" lon="-118.343037"/>
      <trkpt lat="36.498523" lon="-118.343012"/>
      <trkpt lat="36.498548" lon="-118.342971"/>
      <trkpt lat="36.498595" lon="-118.342912"/>
      <trkpt lat="36.498648" lon="-118.342784"/>
      <trkpt lat="36.498705" lon="-118.342679"/>
      <trkpt lat="36.498773" lon="-118.342603"/>
      <trkpt lat="36.498781" lon="-118.342641"/>
      <trkpt lat="36.498775" lon="-118.342745"/>
      <trkpt lat="36.498795" lon="-118.342885"/>
      <trkpt lat="36.498841" lon="-118.343067"/>
      <trkpt lat="36.498869" lon="-118.343202"/>
      <trkpt lat="36.498898" lon="-118.343248"/>
      <trkpt lat="36.498987" lon="-118.342977"/>
      <trkpt lat="36.499043" lon="-118.342898"/>
      <trkpt lat="36.499097" lon="-118.342843"/>
      <trkpt lat="36.499127" lon="-118.342766"/>
      <trkpt lat="36.499239" lon="-118.342675"/>
      <trkpt lat="36.499276" lon="-118.342657"/>
      <trkpt lat="36.499227" lon="-118.342778"/>
      <trkpt lat="36.499240" lon="-118.342881"/>
      <trkpt lat="36.499234" lon="-118.342982"/>
      <trkpt lat="36.499253" lon="-118.343056"/>
      <trkpt lat="36.499252" lon="-118.343119"/>
      <trkpt lat="36.499266" lon="-118.343201"/>
      <trkpt lat="36.499299" lon="-118.343289"/>
      <trkpt lat="36.499308" lon="-118.343367"/>
      <trkpt lat="36.499329" lon="-118.343378"/>
      <trkpt lat="36.499364" lon="-118.343244"/>
      <trkpt lat="36.499400" lon="-118.343174"/>
      <trkpt lat="36.499432" lon="-118.343092"/>
      <trkpt lat="36.499443" lon="-118.342963"/>
      <trkpt lat="36.499486" lon="-118.342905"/>
      <trkpt lat="36.499535" lon="-118.343117"/>
      <trkpt lat="36.499552" lon="-118.343356"/>
      <trkpt lat="36.499611" lon="-118.343458"/>
      <trkpt lat="36.499706" lon="-118.343546"/>
      <trkpt lat="36.499719" lon="-118.343594"/>
      <trkpt lat="36.499730" lon="-118.343770"/>
      <trkpt lat="36.499747" lon="-118.343898"/>
      <trkpt lat="36.499726" lon="-118.344000"/>
      <trkpt lat="36.499773" lon="-118.344770"/>
      <trkpt lat="36.499826" lon="-118.345048"/>
      <trkpt lat="36.499829" lon="-118.345107"/>
      <trkpt lat="36.499866" lon="-118.345278"/>
      <trkpt lat="36.499885" lon="-118.345262"/>
      <trkpt lat="36.499933" lon="-118.345174"/>
      <trkpt lat="36.500095" lon="-118.345010"/>
      <trkpt lat="36.500214" lon="-118.344846"/>
      <trkpt lat="36.500310" lon="-118.344752"/>
      <trkpt lat="36.500408" lon="-118.344629"/>
      <trkpt lat="36.500492" lon="-118.344476"/>
      <trkpt lat="36.500543" lon="-118.344415"/>
      <trkpt lat="36.500693" lon="-118.344202"/>
      <trkpt lat="36.500760" lon="-118.344135"/>
      <trkpt lat="36.500809" lon="-118.344112"/>
      <trkpt lat="36.500874" lon="-118.344112"/>
      <trkpt lat="36.500967" lon="-118.344058"/>
      <trkpt lat="36.501015" lon="-118.343998"/>
      <trkpt lat="36.501084" lon="-118.343943"/>
      <trkpt lat="36.501185" lon="-118.343768"/>
      <trkpt lat="36.501222" lon="-118.343727"/>
      <trkpt lat="36.501349" lon="-118.343651"/>
      <trkpt lat="36.501440" lon="-118.343607"/>
      <trkpt lat="36.501472" lon="-118.343597"/>
      <trkpt lat="36.501556" lon="-118.343608"/>
      <trkpt lat="36.501711" lon="-118.343671"/>
      <trkpt lat="36.501896" lon="-118.343682"/>
      <trkpt lat="36.501959" lon="-118.343699"/>
      <trkpt lat="36.502045" lon="-118.343690"/>
      <trkpt lat="36.502263" lon="-118.343688"/>
      <trkpt lat="36.502310" lon="-118.343721"/>
      <trkpt lat="36.502378" lon="-118.343735"/>
      <trkpt lat="36.502491" lon="-118.343698"/>
      <trkpt lat="36.502555" lon="-118.343708"/>
      <trkpt lat="36.502642" lon="-118.343741"/>
      <trkpt lat="36.502782" lon="-118.343762"/>
      <trkpt lat="36.502930" lon="-118.343748"/>
      <trkpt lat="36.503007" lon="-118.343775"/>
      <trkpt lat="36.503064" lon="-118.343761"/>
      <trkpt lat="36.503161" lon="-118.343705"/>
      <trkpt lat="36.503228" lon="-118.343691"/>
      <trkpt lat="36.503300" lon="-118.343643"/>
      <trkpt lat="36.503481" lon="-118.343674"/>
      <trkpt lat="36.503718" lon="-118.343631"/>
      <trkpt lat="36.503778" lon="-118.343604"/>
      <trkpt lat="36.503834" lon="-118.343602"/>
      <trkpt lat="36.503881" lon="-118.343610"/>
      <trkpt lat="36.503926" lon="-118.343597"/>
      <trkpt lat="36.503986" lon="-118.343600"/>
      <trkpt lat="36.504026" lon="-118.343638"/>
      <trkpt lat="36.504112" lon="-118.343650"/>
      <trkpt lat="36.504185" lon="-118.343628"/>
      <trkpt lat="36.504238" lon="-118.343626"/>
      <trkpt lat="36.504345" lon="-118.343543"/>
      <trkpt lat="36.504389" lon="-118.343534"/>
      <trkpt lat="36.504547" lon="-118.343546"/>
      <trkpt lat="36.504743" lon="-118.343482"/>
      <trkpt lat="36.504965" lon="-118.343374"/>
      <trkpt lat="36.505011" lon="-118.343319"/>
      <trkpt lat="36.505090" lon="-118.343298"/>
      <trkpt lat="36.505198" lon="-118.343318"/>
      <trkpt lat="36.505267" lon="-118.343282"/>
      <trkpt lat="36.505432" lon="-118.343283"/>
      <trkpt lat="36.505519" lon="-118.343318"/>
      <trkpt lat="36.505820" lon="-118.343387"/>
      <trkpt lat="36.505867" lon="-118.343384"/>
      <trkpt lat="36.505935" lon="-118.343360"/>
      <trkpt lat="36.506065" lon="-118.343383"/>
      <trkpt lat="36.506135" lon="-118.343360"/>
      <trkpt lat="36.506188" lon="-118.343365"/>
      <trkpt lat="36.506238" lon="-118.343342"/>
      <trkpt lat="36.506354" lon="-118.343200"/>
      <trkpt lat="36.506408" lon="-118.343158"/>
      <trkpt lat="36.506481" lon="-118.343122"/>
      <trkpt lat="36.506526" lon="-118.343128"/>
      <trkpt lat="36.506620" lon="-118.343190"/>
      <trkpt lat="36.506707" lon="-118.343173"/>
      <trkpt lat="36.506767" lon="-118.343171"/>
      <trkpt lat="36.507028" lon="-118.343232"/>
      <trkpt lat="36.507155" lon="-118.343322"/>
      <trkpt lat="36.507271" lon="-118.343389"/>
      <trkpt lat="36.507326" lon="-118.343394"/>
      <trkpt lat="36.507370" lon="-118.343424"/>
      <trkpt lat="36.507432" lon="-118.343526"/>
      <trkpt lat="36.507466" lon="-118.343564"/>
      <trkpt lat="36.507518" lon="-118.343569"/>
      <trkpt lat="36.507617" lon="-118.343559"/>
      <trkpt lat="36.507649" lon="-118.343587"/>
      <trkpt lat="36.507735" lon="-118.343747"/>
      <trkpt lat="36.507772" lon="-118.343779"/>
      <trkpt lat="36.507846" lon="-118.343866"/>
      <trkpt lat="36.507918" lon="-118.343924"/>
      <trkpt lat="36.507967" lon="-118.343978"/>
      <trkpt lat="36.508089" lon="-118.344004"/>
      <trkpt lat="36.508155" lon="-118.344027"/>
      <trkpt lat="36.508233" lon="-118.344095"/>
      <trkpt lat="36.508266" lon="-118.344099"/>
      <trkpt lat="36.508353" lon="-118.344038"/>
      <trkpt lat="36.508414" lon="-118.344016"/>
      <trkpt lat="36.508444" lon="-118.343994"/>
      <trkpt lat="36.508532" lon="-118.344035"/>
      <trkpt lat="36.508777" lon="-118.344064"/>
      <trkpt lat="36.509038" lon="-118.344068"/>
      <trkpt lat="36.509128" lon="-118.344108"/>
      <trkpt lat="36.509168" lon="-118.344106"/>
      <trkpt lat="36.509202" lon="-118.344124"/>
      <trkpt lat="36.509232" lon="-118.344122"/>
      <trkpt lat="36.509264" lon="-118.344133"/>
      <trkpt lat="36.509428" lon="-118.344212"/>
      <trkpt lat="36.509488" lon="-118.344225"/>
      <trkpt lat="36.509548" lon="-118.344229"/>
      <trkpt lat="36.509615" lon="-118.344202"/>
      <trkpt lat="36.509673" lon="-118.344214"/>
      <trkpt lat="36.509848" lon="-118.344364"/>
      <trkpt lat="36.509911" lon="-118.344404"/>
      <trkpt lat="36.509980" lon="-118.344483"/>
      <trkpt lat="36.510088" lon="-118.344512"/>
      <trkpt lat="36.510205" lon="-118.344633"/>
      <trkpt lat="36.510265" lon="-118.344660"/>
      <trkpt lat="36.510310" lon="-118.344702"/>
      <trkpt lat="36.510334" lon="-118.344744"/>
      <trkpt lat="36.510353" lon="-118.344809"/>
      <trkpt lat="36.510437" lon="-118.344988"/>
      <trkpt lat="36.510537" lon="-118.345090"/>
      <trkpt lat="36.510588" lon="-118.345153"/>
      <trkpt lat="36.510613" lon="-118.345198"/>
      <trkpt lat="36.510667" lon="-118.345257"/>
      <trkpt lat="36.510725" lon="-118.345288"/>
      <trkpt lat="36.511176" lon="-118.345724"/>
      <trkpt lat="36.511264" lon="-118.345771"/>
      <trkpt lat="36.511341" lon="-118.345801"/>
      <trkpt lat="36.511517" lon="-118.345808"/>
      <trkpt lat="36.511698" lon="-118.345784"/>
      <trkpt lat="36.511805" lon="-118.345855"/>
      <trkpt lat="36.511948" lon="-118.345870"/>
      <trkpt lat="36.512059" lon="-118.345906"/>
      <trkpt lat="36.512123" lon="-118.345903"/>
      <trkpt lat="36.512190" lon="-118.345889"/>
      <trkpt lat="36.512414" lon="-118.345937"/>
      <trkpt lat="36.512447" lon="-118.345928"/>
      <trkpt lat="36.512517" lon="-118.345946"/>
      <trkpt lat="36.512586" lon="-118.345976"/>
      <trkpt lat="36.512655" lon="-118.345962"/>
      <trkpt lat="36.512704" lon="-118.345963"/>
      <trkpt lat="36.512742" lon="-118.345978"/>
      <trkpt lat="36.512798" lon="-118.346021"/>
      <trkpt lat="36.512845" lon="-118.346085"/>
      <trkpt lat="36.512884" lon="-118.346120"/>
      <trkpt lat="36.512937" lon="-118.346150"/>
      <trkpt lat="36.512991" lon="-118.346150"/>
      <trkpt lat="36.513042" lon="-118.346138"/>
      <trkpt lat="36.513126" lon="-118.346194"/>
      <trkpt lat="36.513222" lon="-118.346206"/>
      <trkpt lat="36.513333" lon="-118.346240"/>
      <trkpt lat="36.513484" lon="-118.346331"/>
      <trkpt lat="36.513638" lon="-118.346401"/>
      <trkpt lat="36.513705" lon="-118.346415"/>
      <trkpt lat="36.514056" lon="-118.346445"/>
      <trkpt lat="36.514170" lon="-118.346466"/>
      <trkpt lat="36.514317" lon="-118.346462"/>
      <trkpt lat="36.514372" lon="-118.346443"/>
      <trkpt lat="36.514453" lon="-118.346476"/>
      <trkpt lat="36.514546" lon="-118.346416"/>
      <trkpt lat="36.514657" lon="-118.346412"/>
      <trkpt lat="36.514803" lon="-118.346475"/>
      <trkpt lat="36.514897" lon="-118.346557"/>
      <trkpt lat="36.515120" lon="-118.346686"/>
      <trkpt lat="36.515169" lon="-118.346749"/>
      <trkpt lat="36.515275" lon="-118.346798"/>
      <trkpt lat="36.515367" lon="-118.346896"/>
      <trkpt lat="36.515418" lon="-118.346975"/>
      <trkpt lat="36.515463" lon="-118.346995"/>
      <trkpt lat="36.515505" lon="-118.346973"/>
      <trkpt lat="36.515538" lon="-118.346980"/>
      <trkpt lat="36.515565" lon="-118.347037"/>
      <trkpt lat="36.515623" lon="-118.347072"/>
      <trkpt lat="36.515739" lon="-118.347209"/>
      <trkpt lat="36.515835" lon="-118.347262"/>
      <trkpt lat="36.515886" lon="-118.347279"/>
      <trkpt lat="36.516007" lon="-118.347377"/>
      <trkpt lat="36.516096" lon="-118.347501"/>
      <trkpt lat="36.516187" lon="-118.347688"/>
      <trkpt lat="36.516306" lon="-118.347848"/>
      <trkpt lat="36.516480" lon="-118.348033"/>
      <trkpt lat="36.516650" lon="-118.348199"/>
      <trkpt lat="36.516706" lon="-118.348226"/>
      <trkpt lat="36.516843" lon="-118.348427"/>
      <trkpt lat="36.516889" lon="-118.348590"/>
      <trkpt lat="36.516894" lon="-118.348663"/>
      <trkpt lat="36.516919" lon="-118.348699"/>
      <trkpt lat="36.516918" lon="-118.348840"/>
      <trkpt lat="36.516938" lon="-118.349036"/>
      <trkpt lat="36.516908" lon="-118.349154"/>
      <trkpt lat="36.516885" lon="-118.349191"/>
      <trkpt lat="36.516868" lon="-118.349270"/>
      <trkpt lat="36.516870" lon="-118.349340"/>
      <trkpt lat="36.516834" lon="-118.349521"/>
      <trkpt lat="36.516817" lon="-118.349550"/>
      <trkpt lat="36.516819" lon="-118.349596"/>
      <trkpt lat="36.516843" lon="-118.349604"/>
      <trkpt lat="36.516868" lon="-118.349598"/>
      <trkpt lat="36.516957" lon="-118.349448"/>
      <trkpt lat="36.516992" lon="-118.349428"/>
      <trkpt lat="36.517031" lon="-118.349426"/>
      <trkpt lat="36.517059" lon="-118.349393"/>
      <trkpt lat="36.517085" lon="-118.349351"/>
      <trkpt lat="36.517107" lon="-118.349294"/>
      <trkpt lat="36.517110" lon="-118.349248"/>
      <trkpt lat="36.517132" lon="-118.349247"/>
      <trkpt lat="36.517142" lon="-118.349265"/>
      <trkpt lat="36.517133" lon="-118.349372"/>
      <trkpt lat="36.517163" lon="-118.349418"/>
      <trkpt lat="36.517181" lon="-118.349479"/>
      <trkpt lat="36.517188" lon="-118.349540"/>
      <trkpt lat="36.517178" lon="-118.349622"/>
      <trkpt lat="36.517201" lon="-118.349621"/>
      <trkpt lat="36.517285" lon="-118.349548"/>
      <trkpt lat="36.517324" lon="-118.349493"/>
      <trkpt lat="36.517385" lon="-118.349358"/>
      <trkpt lat="36.517406" lon="-118.349356"/>
      <trkpt lat="36.517449" lon="-118.349703"/>
      <trkpt lat="36.517446" lon="-118.349778"/>
      <trkpt lat="36.517430" lon="-118.349843"/>
      <trkpt lat="36.517446" lon="-118.349867"/>
      <trkpt lat="36.517472" lon="-118.349836"/>
      <trkpt lat="36.517507" lon="-118.349733"/>
      <trkpt lat="36.517561" lon="-118.349635"/>
      <trkpt lat="36.517665" lon="-118.349452"/>
      <trkpt lat="36.517689" lon="-118.349425"/>
      <trkpt lat="36.517721" lon="-118.349344"/>
      <trkpt lat="36.517740" lon="-118.349244"/>
      <trkpt lat="36.517770" lon="-118.349151"/>
      <trkpt lat="36.517795" lon="-118.348952"/>
      <trkpt lat="36.517814" lon="-118.348915"/>
      <trkpt lat="36.517839" lon="-118.348902"/>
      <trkpt lat="36.517860" lon="-118.348925"/>
      <trkpt lat="36.517894" lon="-118.349018"/>
      <trkpt lat="36.517913" lon="-118.349053"/>
      <trkpt lat="36.517928" lon="-118.349107"/>
      <trkpt lat="36.517928" lon="-118.349171"/>
      <trkpt lat="36.517956" lon="-118.349291"/>
      <trkpt lat="36.517975" lon="-118.349282"/>
      <trkpt lat="36.517972" lon="-118.349247"/>
      <trkpt lat="36.517995" lon="-118.349138"/>
      <trkpt lat="36.518052" lon="-118.348908"/>
      <trkpt lat="36.518072" lon="-118.348663"/>
      <trkpt lat="36.518062" lon="-118.348570"/>
      <trkpt lat="36.518072" lon="-118.348487"/>
      <trkpt lat="36.518147" lon="-118.348687"/>
      <trkpt lat="36.518148" lon="-118.348746"/>
      <trkpt lat="36.518199" lon="-118.349053"/>
      <trkpt lat="36.518230" lon="-118.349169"/>
      <trkpt lat="36.518224" lon="-118.349223"/>
      <trkpt lat="36.518237" lon="-118.349298"/>
      <trkpt lat="36.518254" lon="-118.349306"/>
      <trkpt lat="36.518274" lon="-118.349298"/>
      <trkpt lat="36.518352" lon="-118.349192"/>
      <trkpt lat="36.518402" lon="-118.349168"/>
    </trkseg>
    <trkseg>
      <trkpt lat="36.518402" lon="-118.349168"/>
      <trkpt lat="36.518453" lon="-118.349135"/>
      <trkpt lat="36.518524" lon="-118.348984"/>
      <trkpt lat="36.518698" lon="-118.348937"/>
      <trkpt lat="36.518782" lon="-118.348933"/>
      <trkpt lat="36.518879" lon="-118.348896"/>
      <trkpt lat="36.518894" lon="-118.348872"/>
      <trkpt lat="36.518913" lon="-118.348873"/>
      <trkpt lat="36.518923" lon="-118.348928"/>
      <trkpt lat="36.518951" lon="-118.348966"/>
      <trkpt lat="36.518939" lon="-118.349000"/>
      <trkpt lat="36.518941" lon="-118.349061"/>
      <trkpt lat="36.518986" lon="-118.349066"/>
      <trkpt lat="36.519041" lon="-118.349057"/>
      <trkpt lat="36.519072" lon="-118.348988"/>
      <trkpt lat="36.519175" lon="-118.348924"/>
      <trkpt lat="36.519257" lon="-118.348861"/>
      <trkpt lat="36.519371" lon="-118.348824"/>
      <trkpt lat="36.519478" lon="-118.348755"/>
      <trkpt lat="36.519578" lon="-118.348709"/>
      <trkpt lat="36.519761" lon="-118.348677"/>
      <trkpt lat="36.520058" lon="-118.348601"/>
      <trkpt lat="36.520168" lon="-118.348555"/>
      <trkpt lat="36.520235" lon="-118.348511"/>
      <trkpt lat="36.520290" lon="-118.348516"/>
      <trkpt lat="36.520290" lon="-118.348567"/>
      <trkpt lat="36.520142" lon="-118.348826"/>
      <trkpt lat="36.520113" lon="-118.348903"/>
      <trkpt lat="36.520148" lon="-118.348924"/>
      <trkpt lat="36.520333" lon="-118.348829"/>
      <trkpt lat="36.520388" lon="-118.348824"/>
      <trkpt lat="36.520427" lon="-118.348802"/>
      <trkpt lat="36.520475" lon="-118.348758"/>
      <trkpt lat="36.520683" lon="-118.348617"/>
      <trkpt lat="36.521226" lon="-118.348587"/>
      <trkpt lat="36.521364" lon="-118.348596"/>
      <trkpt lat="36.521450" lon="-118.348567"/>
      <trkpt lat="36.521633" lon="-118.348542"/>
      <trkpt lat="36.521696" lon="-118.348547"/>
      <trkpt lat="36.521749" lon="-118.348572"/>
      <trkpt lat="36.521818" lon="-118.348557"/>
      <trkpt lat="36.521873" lon="-118.348528"/>
      <trkpt lat="36.521969" lon="-118.348540"/>
      <trkpt lat="36.522054" lon="-118.348535"/>
      <trkpt lat="36.522284" lon="-118.348574"/>
      <trkpt lat="36.522513" lon="-118.348600"/>
      <trkpt lat="36.522595" lon="-118.348645"/>
      <trkpt lat="36.522703" lon="-118.348670"/>
      <trkpt lat="36.522768" lon="-118.348650"/>
      <trkpt lat="36.522909" lon="-118.348675"/>
      <trkpt lat="36.523136" lon="-118.348753"/>
      <trkpt lat="36.523322" lon="-118.348768"/>
      <trkpt lat="36.523366" lon="-118.348790"/>
      <trkpt lat="36.523437" lon="-118.348807"/>
      <trkpt lat="36.523503" lon="-118.348797"/>
      <trkpt lat="36.523830" lon="-118.348978"/>
      <trkpt lat="36.523893" lon="-118.349035"/>
      <trkpt lat="36.524060" lon="-118.349213"/>
      <trkpt lat="36.524287" lon="-118.349523"/>
      <trkpt lat="36.524420" lon="-118.349759"/>
      <trkpt lat="36.524613" lon="-118.350195"/>
      <trkpt lat="36.524670" lon="-118.350283"/>
      <trkpt lat="36.524721" lon="-118.350341"/>
      <trkpt lat="36.524853" lon="-118.350623"/>
      <trkpt lat="36.524906" lon="-118.350809"/>
      <trkpt lat="36.525002" lon="-118.351002"/>
      <trkpt lat="36.525045" lon="-118.351128"/>
      <trkpt lat="36.525136" lon="-118.351340"/>
      <trkpt lat="36.525175" lon="-118.351572"/>
      <trkpt lat="36.525216" lon="-118.351724"/>
      <trkpt lat="36.525277" lon="-118.351883"/>
      <trkpt lat="36.525313" lon="-118.352020"/>
      <trkpt lat="36.525431" lon="-118.352355"/>
      <trkpt lat="36.525474" lon="-118.352502"/>
      <trkpt lat="36.525531" lon="-118.352796"/>
      <trkpt lat="36.525570" lon="-118.352918"/>
      <trkpt lat="36.525633" lon="-118.353173"/>
      <trkpt lat="36.525677" lon="-118.353276"/>
      <trkpt lat="36.525704" lon="-118.353371"/>
      <trkpt lat="36.525704" lon="-118.353430"/>
      <trkpt lat="36.525726" lon="-118.353569"/>
      <trkpt lat="36.525763" lon="-118.353682"/>
      <trkpt lat="36.525948" lon="-118.354357"/>
      <trkpt lat="36.526023" lon="-118.354778"/>
      <trkpt lat="36.526091" lon="-118.354998"/>
      <trkpt lat="36.526091" lon="-118.355087"/>
      <trkpt lat="36.526107" lon="-118.355194"/>
      <trkpt lat="36.526143" lon="-118.355253"/>
      <trkpt lat="36.526172" lon="-118.355348"/>
      <trkpt lat="36.526172" lon="-118.355434"/>
      <trkpt lat="36.526200" lon="-118.355542"/>
      <trkpt lat="36.526245" lon="-118.355958"/>
      <trkpt lat="36.526286" lon="-118.356159"/>
      <trkpt lat="36.526314" lon="-118.356420"/>
      <trkpt lat="36.526351" lon="-118.356589"/>
      <trkpt lat="36.526390" lon="-118.356707"/>
      <trkpt lat="36.526482" lon="-118.356900"/>
      <trkpt lat="36.526530" lon="-118.356971"/>
      <trkpt lat="36.526615" lon="-118.357079"/>
      <trkpt lat="36.526677" lon="-118.357123"/>
      <trkpt lat="36.526735" lon="-118.357186"/>
      <trkpt lat="36.526801" lon="-118.357276"/>
      <trkpt lat="36.526885" lon="-118.357371"/>
      <trkpt lat="36.526964" lon="-118.357530"/>
      <trkpt lat="36.526986" lon="-118.357599"/>
      <trkpt lat="36.527045" lon="-118.357689"/>
      <trkpt lat="36.527094" lon="-118.357794"/>
      <trkpt lat="36.527152" lon="-118.357888"/>
      <trkpt lat="36.527235" lon="-118.358074"/>
      <trkpt lat="36.527274" lon="-118.358132"/>
      <trkpt lat="36.527318" lon="-118.358264"/>
      <trkpt lat="36.527483" lon="-118.358510"/>
      <trkpt lat="36.527485" lon="-118.358553"/>
      <trkpt lat="36.527556" lon="-118.358675"/>
      <trkpt lat="36.527577" lon="-118.358743"/>
      <trkpt lat="36.527580" lon="-118.358832"/>
      <trkpt lat="36.527595" lon="-118.358920"/>
      <trkpt lat="36.527681" lon="-118.359115"/>
      <trkpt lat="36.527715" lon="-118.359162"/>
      <trkpt lat="36.527744" lon="-118.359230"/>
      <trkpt lat="36.527760" lon="-118.359381"/>
      <trkpt lat="36.527784" lon="-118.359421"/>
      <trkpt lat="36.527819" lon="-118.359615"/>
      <trkpt lat="36.527857" lon="-118.359699"/>
      <trkpt lat="36.527882" lon="-118.359793"/>
      <trkpt lat="36.527930" lon="-118.359915"/>
      <trkpt lat="36.527993" lon="-118.359992"/>
      <trkpt lat="36.528008" lon="-118.360039"/>
      <trkpt lat="36.528089" lon="-118.360150"/>
      <trkpt lat="36.528224" lon="-118.360365"/>
      <trkpt lat="36.528236" lon="-118.360421"/>
      <trkpt lat="36.528242" lon="-118.360527"/>
      <trkpt lat="36.528273" lon="-118.360572"/>
      <trkpt lat="36.528286" lon="-118.360616"/>
      <trkpt lat="36.528438" lon="-118.360797"/>
      <trkpt lat="36.528473" lon="-118.360820"/>
      <trkpt lat="36.528516" lon="-118.360887"/>
      <trkpt lat="36.528565" lon="-118.360998"/>
      <trkpt lat="36.528617" lon="-118.361040"/>
      <trkpt lat="36.528751" lon="-118.361340"/>
      <trkpt lat="36.528793" lon="-118.361405"/>
      <trkpt lat="36.528901" lon="-118.361537"/>
      <trkpt lat="36.528937" lon="-118.361618"/>
      <trkpt lat="36.528995" lon="-118.361648"/>
      <trkpt lat="36.529086" lon="-118.361748"/>
      <trkpt lat="36.529140" lon="-118.361774"/>
      <trkpt lat="36.529297" lon="-118.361926"/>
      <trkpt lat="36.529428" lon="-118.362036"/>
      <trkpt lat="36.529532" lon="-118.362090"/>
      <trkpt lat="36.529626" lon="-118.362159"/>
      <trkpt lat="36.529816" lon="-118.362233"/>
      <trkpt lat="36.529854" lon="-118.362294"/>
      <trkpt lat="36.529938" lon="-118.362359"/>
      <trkpt lat="36.530070" lon="-118.362365"/>
      <trkpt lat="36.530186" lon="-118.362403"/>
      <trkpt lat="36.530267" lon="-118.362404"/>
      <trkpt lat="36.530383" lon="-118.362476"/>
      <trkpt lat="36.530420" lon="-118.362489"/>
      <trkpt lat="36.530477" lon="-118.362495"/>
      <trkpt lat="36.530588" lon="-118.362557"/>
      <trkpt lat="36.530701" lon="-118.362600"/>
      <trkpt lat="36.530794" lon="-118.362601"/>
      <trkpt lat="36.530828" lon="-118.362613"/>
      <trkpt lat="36.530865" lon="-118.362612"/>
      <trkpt lat="36.530896" lon="-118.362628"/>
      <trkpt lat="36.530988" lon="-118.362641"/>
      <trkpt lat="36.531063" lon="-118.362684"/>
      <trkpt lat="36.531403" lon="-118.362836"/>
      <trkpt lat="36.531459" lon="-118.362844"/>
      <trkpt lat="36.531513" lon="-118.362865"/>
      <trkpt lat="36.531578" lon="-118.362904"/>
      <trkpt lat="36.531681" lon="-118.362929"/>
      <trkpt lat="36.531973" lon="-118.362934"/>
      <trkpt lat="36.532183" lon="-118.362970"/>
      <trkpt lat="36.532358" lon="-118.362965"/>
      <trkpt lat="36.532430" lon="-118.363010"/>
      <trkpt lat="36.532493" lon="-118.363032"/>
      <trkpt lat="36.532551" lon="-118.363037"/>
      <trkpt lat="36.532633" lon="-118.363065"/>
      <trkpt lat="36.532654" lon="-118.363095"/>
      <trkpt lat="36.532717" lon="-118.363133"/>
      <trkpt lat="36.532777" lon="-118.363139"/>
      <trkpt lat="36.532887" lon="-118.363173"/>
      <trkpt lat="36.532958" lon="-118.363227"/>
      <trkpt lat="36.533037" lon="-118.363268"/>
      <trkpt lat="36.533135" lon="-118.363309"/>
      <trkpt lat="36.533229" lon="-118.363331"/>
      <trkpt lat="36.533440" lon="-118.363348"/>
      <trkpt lat="36.533638" lon="-118.363308"/>
      <trkpt lat="36.533768" lon="-118.363330"/>
      <trkpt lat="36.533952" lon="-118.363314"/>
      <trkpt lat="36.534069" lon="-118.363264"/>
      <trkpt lat="36.534159" lon="-118.363213"/>
      <trkpt lat="36.534210" lon="-118.363201"/>
      <trkpt lat="36.534391" lon="-118.363208"/>
      <trkpt lat="36.534444" lon="-118.363222"/>
      <trkpt lat="36.534517" lon="-118.363255"/>
      <trkpt lat="36.534568" lon="-118.363265"/>
      <trkpt lat="36.534667" lon="-118.363272"/>
      <trkpt lat="36.534757" lon="-118.363298"/>
      <trkpt lat="36.534889" lon="-118.363303"/>
      <trkpt lat="36.535008" lon="-118.363350"/>
      <trkpt lat="36.535076" lon="-118.363386"/>
      <trkpt lat="36.535142" lon="-118.363400"/>
      <trkpt lat="36.535189" lon="-118.363432"/>
      <trkpt lat="36.535274" lon="-118.363445"/>
      <trkpt lat="36.535512" lon="-118.363540"/>
      <trkpt lat="36.535576" lon="-118.363548"/>
      <trkpt lat="36.535710" lon="-118.363596"/>
      <trkpt lat="36.535780" lon="-118.363595"/>
      <trkpt lat="36.535870" lon="-118.363623"/>
      <trkpt lat="36.535915" lon="-118.363653"/>
      <trkpt lat="36.535943" lon="-118.363687"/>
      <trkpt lat="36.535979" lon="-118.363713"/>
      <trkpt lat="36.536069" lon="-118.363756"/>
      <trkpt lat="36.536161" lon="-118.363764"/>
      <trkpt lat="36.536194" lon="-118.363787"/>
      <trkpt lat="36.536243" lon="-118.363804"/>
      <trkpt lat="36.536348" lon="-118.363888"/>
      <trkpt lat="36.536407" lon="-118.363905"/>
      <trkpt lat="36.536468" lon="-118.363935"/>
      <trkpt lat="36.536534" lon="-118.363933"/>
      <trkpt lat="36.536563" lon="-118.363947"/>
      <trkpt lat="36.536636" lon="-118.363954"/>
      <trkpt lat="36.536757" lon="-118.364079"/>
      <trkpt lat="36.536801" lon="-118.364100"/>
      <trkpt lat="36.536868" lon="-118.364120"/>
      <trkpt lat="36.536922" lon="-118.364126"/>
      <trkpt lat="36.537083" lon="-118.364123"/>
      <trkpt lat="36.537131" lon="-118.364159"/>
      <trkpt lat="36.537190" lon="-118.364226"/>
      <trkpt lat="36.537359" lon="-118.364289"/>
      <trkpt lat="36.537409" lon="-118.364316"/>
      <trkpt lat="36.537482" lon="-118.364337"/>
      <trkpt lat="36.537497" lon="-118.364364"/>
      <trkpt lat="36.537543" lon="-118.364379"/>
      <trkpt lat="36.537602" lon="-118.364383"/>
      <trkpt lat="36.537684" lon="-118.364350"/>
      <trkpt lat="36.537787" lon="-118.364407"/>
      <trkpt lat="36.537832" lon="-118.364420"/>
      <trkpt lat="36.537876" lon="-118.364408"/>
      <trkpt lat="36.537945" lon="-118.364414"/>
      <trkpt lat="36.537995" lon="-118.364433"/>
      <trkpt lat="36.538061" lon="-118.364442"/>
      <trkpt lat="36.538158" lon="-118.364431"/>
      <trkpt lat="36.538199" lon="-118.364457"/>
      <trkpt lat="36.538235" lon="-118.364496"/>
      <trkpt lat="36.538279" lon="-118.364521"/>
      <trkpt lat="36.538374" lon="-118.364532"/>
      <trkpt lat="36.538511" lon="-118.364576"/>
      <trkpt lat="36.538547" lon="-118.364576"/>
      <trkpt lat="36.538588" lon="-118.364553"/>
      <trkpt lat="36.538605" lon="-118.364528"/>
      <trkpt lat="36.538641" lon="-118.364512"/>
      <trkpt lat="36.538773" lon="-118.364550"/>
      <trkpt lat="36.538843" lon="-118.364630"/>
      <trkpt lat="36.538900" lon="-118.364663"/>
      <trkpt lat="36.539052" lon="-118.364713"/>
      <trkpt lat="36.539375" lon="-118.364796"/>
      <trkpt lat="36.539503" lon="-118.364812"/>
      <trkpt lat="36.539606" lon="-118.364877"/>
      <trkpt lat="36.539731" lon="-118.364917"/>
      <trkpt lat="36.539800" lon="-118.364932"/>
      <trkpt lat="36.540032" lon="-118.365025"/>
      <trkpt lat="36.540215" lon="-118.365126"/>
      <trkpt lat="36.540272" lon="-118.365168"/>
      <trkpt lat="36.540383" lon="-118.365224"/>
      <trkpt lat="36.540513" lon="-118.365275"/>
      <trkpt lat="36.540631" lon="-118.365359"/>
      <trkpt lat="36.540715" lon="-118.365394"/>
      <trkpt lat="36.540743" lon="-118.365398"/>
      <trkpt lat="36.540818" lon="-118.365451"/>
      <trkpt lat="36.540833" lon="-118.365492"/>
      <trkpt lat="36.540846" lon="-118.365595"/>
      <trkpt lat="36.540911" lon="-118.365797"/>
      <trkpt lat="36.540913" lon="-118.365842"/>
      <trkpt lat="36.540925" lon="-118.365876"/>
      <trkpt lat="36.540946" lon="-118.365878"/>
      <trkpt lat="36.540971" lon="-118.365862"/>
      <trkpt lat="36.541024" lon="-118.365798"/>
      <trkpt lat="36.541049" lon="-118.365789"/>
      <trkpt lat="36.541080" lon="-118.365802"/>
      <trkpt lat="36.541097" lon="-118.365844"/>
      <trkpt lat="36.541111" lon="-118.365939"/>
      <trkpt lat="36.541131" lon="-118.365995"/>
      <trkpt lat="36.541142" lon="-118.366071"/>
      <trkpt lat="36.541177" lon="-118.366081"/>
      <trkpt lat="36.541252" lon="-118.366028"/>
      <trkpt lat="36.541305" lon="-118.366027"/>
      <trkpt lat="36.541336" lon="-118.366056"/>
      <trkpt lat="36.541372" lon="-118.366061"/>
      <trkpt lat="36.541429" lon="-118.366086"/>
      <trkpt lat="36.541511" lon="-118.366081"/>
      <trkpt lat="36.541544" lon="-118.366137"/>
      <trkpt lat="36.541620" lon="-118.366183"/>
      <trkpt lat="36.541812" lon="-118.366213"/>
      <trkpt lat="36.541882" lon="-118.366195"/>
      <trkpt lat="36.541954" lon="-118.366168"/>
      <trkpt lat="36.541985" lon="-118.366146"/>
      <trkpt lat="36.542025" lon="-118.366102"/>
      <trkpt lat="36.542096" lon="-118.366054"/>
      <trkpt lat="36.542130" lon="-118.366044"/>
      <trkpt lat="36.542198" lon="-118.366039"/>
      <trkpt lat="36.542377" lon="-118.366071"/>
      <trkpt lat="36.542423" lon="-118.366054"/>
      <trkpt lat="36.542556" lon="-118.365961"/>
      <trkpt lat="36.542614" lon="-118.365942"/>
      <trkpt lat="36.542681" lon="-118.365941"/>
      <trkpt lat="36.542776" lon="-118.365916"/>
      <trkpt lat="36.542861" lon="-118.365879"/>
      <trkpt lat="36.542938" lon="-118.365828"/>
      <trkpt lat="36.543060" lon="-118.365793"/>
      <trkpt lat="36.543171" lon="-118.365736"/>
      <trkpt lat="36.543236" lon="-118.365713"/>
      <trkpt lat="36.543321" lon="-118.365601"/>
      <trkpt lat="36.543373" lon="-118.365499"/>
      <trkpt lat="36.543393" lon="-118.365437"/>
      <trkpt lat="36.543483" lon="-118.365268"/>
      <trkpt lat="36.543497" lon="-118.365225"/>
      <trkpt lat="36.543521" lon="-118.365202"/>
      <trkpt lat="36.543672" lon="-118.365197"/>
      <trkpt lat="36.543740" lon="-118.365139"/>
      <trkpt lat="36.543810" lon="-118.365142"/>
      <trkpt lat="36.543835" lon="-118.365124"/>
      <trkpt lat="36.543891" lon="-118.365053"/>
      <trkpt lat="36.544000" lon="-118.364944"/>
      <trkpt lat="36.544070" lon="-118.364895"/>
      <trkpt lat="36.544146" lon="-118.364821"/>
      <trkpt lat="36.544222" lon="-118.364763"/>
      <trkpt lat="36.544392" lon="-118.364738"/>
      <trkpt lat="36.544430" lon="-118.364765"/>
      <trkpt lat="36.544466" lon="-118.364769"/>
      <trkpt lat="36.544554" lon="-118.364654"/>
      <trkpt lat="36.544584" lon="-118.364632"/>
      <trkpt lat="36.544668" lon="-118.364610"/>
      <trkpt lat="36.544752" lon="-118.364603"/>
      <trkpt lat="36.544857" lon="-118.364490"/>
      <trkpt lat="36.544906" lon="-118.364469"/>
      <trkpt lat="36.544982" lon="-118.364458"/>
      <trkpt lat="36.545086" lon="-118.364518"/>
      <trkpt lat="36.545130" lon="-118.364522"/>
      <trkpt lat="36.545225" lon="-118.364492"/>
      <trkpt lat="36.545265" lon="-118.364547"/>
      <trkpt lat="36.545297" lon="-118.364532"/>
      <trkpt lat="36.545334" lon="-118.364489"/>
      <trkpt lat="36.545403" lon="-118.364428"/>
      <trkpt lat="36.545507" lon="-118.364382"/>
      <trkpt lat="36.545702" lon="-118.364210"/>
      <trkpt lat="36.545755" lon="-118.364195"/>
      <trkpt lat="36.545835" lon="-118.364059"/>
      <trkpt lat="36.545834" lon="-118.364020"/>
      <trkpt lat="36.545847" lon="-118.363998"/>
      <trkpt lat="36.545910" lon="-118.363950"/>
      <trkpt lat="36.545930" lon="-118.363848"/>
      <trkpt lat="36.545969" lon="-118.363804"/>
      <trkpt lat="36.545996" lon="-118.363788"/>
      <trkpt lat="36.546084" lon="-118.363676"/>
      <trkpt lat="36.546112" lon="-118.363614"/>
      <trkpt lat="36.546160" lon="-118.363553"/>
      <trkpt lat="36.546195" lon="-118.363487"/>
      <trkpt lat="36.546212" lon="-118.363439"/>
      <trkpt lat="36.546262" lon="-118.363387"/>
      <trkpt lat="36.546309" lon="-118.363288"/>
      <trkpt lat="36.546362" lon="-118.363240"/>
      <trkpt lat="36.546369" lon="-118.363208"/>
      <trkpt lat="36.546400" lon="-118.363187"/>
      <trkpt lat="36.546428" lon="-118.363187"/>
      <trkpt lat="36.546436" lon="-118.363159"/>
      <trkpt lat="36.546435" lon="-118.363083"/>
      <trkpt lat="36.546453" lon="-118.362973"/>
      <trkpt lat="36.546453" lon="-118.362926"/>
      <trkpt lat="36.546429" lon="-118.362796"/>
      <trkpt lat="36.546515" lon="-118.362693"/>
      <trkpt lat="36.546566" lon="-118.362570"/>
      <trkpt lat="36.546570" lon="-118.362519"/>
      <trkpt lat="36.546562" lon="-118.362479"/>
      <trkpt lat="36.546572" lon="-118.362416"/>
      <trkpt lat="36.546596" lon="-118.362395"/>
      <trkpt lat="36.546626" lon="-118.362384"/>
      <trkpt lat="36.546694" lon="-118.362187"/>
      <trkpt lat="36.546715" lon="-118.362145"/>
      <trkpt lat="36.546736" lon="-118.362148"/>
      <trkpt lat="36.546771" lon="-118.362115"/>
      <trkpt lat="36.546813" lon="-118.362048"/>
      <trkpt lat="36.546849" lon="-118.361981"/>
      <trkpt lat="36.546853" lon="-118.361936"/>
      <trkpt lat="36.546885" lon="-118.361894"/>
      <trkpt lat="36.546899" lon="-118.361815"/>
      <trkpt lat="36.546926" lon="-118.361771"/>
      <trkpt lat="36.546959" lon="-118.361771"/>
      <trkpt lat="36.546971" lon="-118.361796"/>
      <trkpt lat="36.546991" lon="-118.361778"/>
      <trkpt lat="36.547010" lon="-118.361737"/>
      <trkpt lat="36.547025" lon="-118.361653"/>
      <trkpt lat="36.547054" lon="-118.361597"/>
      <trkpt lat="36.547181" lon="-118.361495"/>
      <trkpt lat="36.547202" lon="-118.361493"/>
      <trkpt lat="36.547210" lon="-118.361516"/>
      <trkpt lat="36.547214" lon="-118.361596"/>
      <trkpt lat="36.547240" lon="-118.361616"/>
      <trkpt lat="36.547257" lon="-118.361596"/>
      <trkpt lat="36.547268" lon="-118.361509"/>
      <trkpt lat="36.547279" lon="-118.361493"/>
      <trkpt lat="36.547310" lon="-118.361519"/>
      <trkpt lat="36.547326" lon="-118.361522"/>
      <trkpt lat="36.547339" lon="-118.361504"/>
      <trkpt lat="36.547342" lon="-118.361480"/>
      <trkpt lat="36.547416" lon="-118.361442"/>
      <trkpt lat="36.547408" lon="-118.361391"/>
      <trkpt lat="36.547428" lon="-118.361331"/>
      <trkpt lat="36.547463" lon="-118.361330"/>
      <trkpt lat="36.547472" lon="-118.361317"/>
      <trkpt lat="36.547468" lon="-118.361291"/>
      <trkpt lat="36.547476" lon="-118.361271"/>
      <trkpt lat="36.547501" lon="-118.361260"/>
      <trkpt lat="36.547520" lon="-118.361232"/>
      <trkpt lat="36.547532" lon="-118.361200"/>
      <trkpt lat="36.547579" lon="-118.361233"/>
      <trkpt lat="36.547606" lon="-118.361231"/>
      <trkpt lat="36.547674" lon="-118.361121"/>
      <trkpt lat="36.547733" lon="-118.361068"/>
      <trkpt lat="36.547760" lon="-118.361032"/>
      <trkpt lat="36.547777" lon="-118.360977"/>
      <trkpt lat="36.547818" lon="-118.360969"/>
      <trkpt lat="36.547833" lon="-118.360958"/>
      <trkpt lat="36.547854" lon="-118.360904"/>
      <trkpt lat="36.547906" lon="-118.360858"/>
      <trkpt lat="36.547916" lon="-118.360827"/>
      <trkpt lat="36.547866" lon="-118.360783"/>
      <trkpt lat="36.547858" lon="-118.360758"/>
      <trkpt lat="36.547929" lon="-118.360694"/>
      <trkpt lat="36.547932" lon="-118.360650"/>
      <trkpt lat="36.547918" lon="-118.360605"/>
      <trkpt lat="36.547931" lon="-118.360559"/>
      <trkpt lat="36.547984" lon="-118.360473"/>
      <trkpt lat="36.548027" lon="-118.360430"/>
      <trkpt lat="36.548158" lon="-118.360386"/>
      <trkpt lat="36.548232" lon="-118.360339"/>
      <trkpt lat="36.548276" lon="-118.360358"/>
      <trkpt lat="36.548301" lon="-118.360351"/>
      <trkpt lat="36.548328" lon="-118.360370"/>
      <trkpt lat="36.548346" lon="-118.360370"/>
      <trkpt lat="36.548354" lon="-118.360346"/>
      <trkpt lat="36.548358" lon="-118.360228"/>
      <trkpt lat="36.548426" lon="-118.360105"/>
      <trkpt lat="36.548460" lon="-118.360086"/>
      <trkpt lat="36.548473" lon="-118.360062"/>
      <trkpt lat="36.548473" lon="-118.359997"/>
      <trkpt lat="36.548508" lon="-118.359985"/>
      <trkpt lat="36.548557" lon="-118.359877"/>
      <trkpt lat="36.548589" lon="-118.359779"/>
      <trkpt lat="36.548651" lon="-118.359467"/>
      <trkpt lat="36.548663" lon="-118.359468"/>
      <trkpt lat="36.548671" lon="-118.359565"/>
      <trkpt lat="36.548677" lon="-118.359607"/>
      <trkpt lat="36.548684" lon="-118.359606"/>
      <trkpt lat="36.548696" lon="-118.359578"/>
      <trkpt lat="36.548733" lon="-118.359398"/>
      <trkpt lat="36.548750" lon="-118.359392"/>
      <trkpt lat="36.548763" lon="-118.359430"/>
      <trkpt lat="36.548793" lon="-118.359604"/>
      <trkpt lat="36.548804" lon="-118.359601"/>
      <trkpt lat="36.548825" lon="-118.359538"/>
      <trkpt lat="36.548828" lon="-118.359508"/>
      <trkpt lat="36.548842" lon="-118.359495"/>
      <trkpt lat="36.548859" lon="-118.359513"/>
      <trkpt lat="36.548904" lon="-118.359537"/>
      <trkpt lat="36.548925" lon="-118.359601"/>
      <trkpt lat="36.548939" lon="-118.359618"/>
      <trkpt lat="36.548933" lon="-118.359642"/>
      <trkpt lat="36.548940" lon="-118.359661"/>
      <trkpt lat="36.548958" lon="-118.359662"/>
      <trkpt lat="36.549085" lon="-118.359522"/>
      <trkpt lat="36.549127" lon="-118.359512"/>
      <trkpt lat="36.549163" lon="-118.359412"/>
      <trkpt lat="36.549144" lon="-118.359384"/>
      <trkpt lat="36.549148" lon="-118.359359"/>
      <trkpt lat="36.549171" lon="-118.359353"/>
      <trkpt lat="36.549240" lon="-118.359369"/>
      <trkpt lat="36.549255" lon="-118.359453"/>
      <trkpt lat="36.549276" lon="-118.359495"/>
      <trkpt lat="36.549310" lon="-118.359501"/>
      <trkpt lat="36.549333" lon="-118.359525"/>
      <trkpt lat="36.549340" lon="-118.359654"/>
      <trkpt lat="36.549331" lon="-118.359701"/>
      <trkpt lat="36.549360" lon="-118.359695"/>
      <trkpt lat="36.549486" lon="-118.359523"/>
      <trkpt lat="36.549542" lon="-118.359432"/>
      <trkpt lat="36.549599" lon="-118.359362"/>
      <trkpt lat="36.549643" lon="-118.359332"/>
      <trkpt lat="36.549697" lon="-118.359208"/>
      <trkpt lat="36.549824" lon="-118.359048"/>
      <trkpt lat="36.549951" lon="-118.358750"/>
      <trkpt lat="36.550016" lon="-118.358640"/>
      <trkpt lat="36.550053" lon="-118.358545"/>
      <trkpt lat="36.550121" lon="-118.358306"/>
      <trkpt lat="36.550231" lon="-118.358000"/>
      <trkpt lat="36.550318" lon="-118.357869"/>
      <trkpt lat="36.550337" lon="-118.357793"/>
      <trkpt lat="36.550402" lon="-118.357671"/>
      <trkpt lat="36.550468" lon="-118.357650"/>
      <trkpt lat="36.550568" lon="-118.357548"/>
      <trkpt lat="36.550752" lon="-118.357449"/>
      <trkpt lat="36.550833" lon="-118.357393"/>
      <trkpt lat="36.550908" lon="-118.357391"/>
      <trkpt lat="36.551133" lon="-118.357424"/>
      <trkpt lat="36.551464" lon="-118.357441"/>
      <trkpt lat="36.551629" lon="-118.357393"/>
      <trkpt lat="36.551720" lon="-118.357402"/>
      <trkpt lat="36.551828" lon="-118.357480"/>
      <trkpt lat="36.551875" lon="-118.357542"/>
      <trkpt lat="36.551910" lon="-118.357802"/>
      <trkpt lat="36.551944" lon="-118.357902"/>
      <trkpt lat="36.551966" lon="-118.358050"/>
      <trkpt lat="36.551989" lon="-118.358339"/>
      <trkpt lat="36.552056" lon="-118.358525"/>
      <trkpt lat="36.552088" lon="-118.358585"/>
      <trkpt lat="36.552124" lon="-118.358715"/>
      <trkpt lat="36.552233" lon="-118.358849"/>
    </trkseg>
    <trkseg>
      <trkpt lat="36.552233" lon="-118.358849"/>
      <trkpt lat="36.552248" lon="-118.358866"/>
      <trkpt lat="36.552293" lon="-118.358897"/>
    </trkseg>
    <trkseg>
      <trkpt lat="36.552293" lon="-118.358897"/>
      <trkpt lat="36.552310" lon="-118.358908"/>
      <trkpt lat="36.552338" lon="-118.358864"/>
      <trkpt lat="36.552345" lon="-118.358803"/>
      <trkpt lat="36.552472" lon="-118.358666"/>
      <trkpt lat="36.552518" lon="-118.358626"/>
      <trkpt lat="36.552601" lon="-118.358635"/>
      <trkpt lat="36.552676" lon="-118.358696"/>
      <trkpt lat="36.552917" lon="-118.358679"/>
      <trkpt lat="36.552998" lon="-118.358705"/>
      <trkpt lat="36.553062" lon="-118.358790"/>
      <trkpt lat="36.553074" lon="-118.358866"/>
      <trkpt lat="36.553075" lon="-118.358953"/>
      <trkpt lat="36.553185" lon="-118.359107"/>
      <trkpt lat="36.553209" lon="-118.359183"/>
      <trkpt lat="36.553212" lon="-118.359248"/>
      <trkpt lat="36.553260" lon="-118.359268"/>
      <trkpt lat="36.553437" lon="-118.359251"/>
      <trkpt lat="36.553509" lon="-118.359258"/>
      <trkpt lat="36.553644" lon="-118.359328"/>
      <trkpt lat="36.553732" lon="-118.359355"/>
      <trkpt lat="36.553992" lon="-118.359311"/>
      <trkpt lat="36.554077" lon="-118.359242"/>
      <trkpt lat="36.554207" lon="-118.359187"/>
      <trkpt lat="36.554365" lon="-118.359106"/>
      <trkpt lat="36.554631" lon="-118.359138"/>
      <trkpt lat="36.554726" lon="-118.359180"/>
      <trkpt lat="36.554815" lon="-118.359283"/>
      <trkpt lat="36.554822" lon="-118.359384"/>
      <trkpt lat="36.554771" lon="-118.359664"/>
      <trkpt lat="36.554737" lon="-118.359751"/>
      <trkpt lat="36.554727" lon="-118.359927"/>
      <trkpt lat="36.554778" lon="-118.359968"/>
      <trkpt lat="36.554790" lon="-118.360033"/>
      <trkpt lat="36.554826" lon="-118.360035"/>
      <trkpt lat="36.554859" lon="-118.360000"/>
      <trkpt lat="36.554937" lon="-118.359982"/>
      <trkpt lat="36.555048" lon="-118.359980"/>
      <trkpt lat="36.555238" lon="-118.360084"/>
      <trkpt lat="36.555345" lon="-118.360167"/>
      <trkpt lat="36.555419" lon="-118.360269"/>
      <trkpt lat="36.555532" lon="-118.360332"/>
      <trkpt lat="36.555600" lon="-118.360428"/>
      <trkpt lat="36.555703" lon="-118.360487"/>
      <trkpt lat="36.555877" lon="-118.360521"/>
      <trkpt lat="36.556077" lon="-118.360543"/>
      <trkpt lat="36.556168" lon="-118.360564"/>
      <trkpt lat="36.556222" lon="-118.360549"/>
      <trkpt lat="36.556405" lon="-118.360630"/>
      <trkpt lat="36.556481" lon="-118.360751"/>
      <trkpt lat="36.556559" lon="-118.360734"/>
      <trkpt lat="36.556602" lon="-118.360752"/>
      <trkpt lat="36.556658" lon="-118.360858"/>
      <trkpt lat="36.556708" lon="-118.360841"/>
      <trkpt lat="36.556837" lon="-118.360769"/>
      <trkpt lat="36.557022" lon="-118.360692"/>
      <trkpt lat="36.557099" lon="-118.360670"/>
      <trkpt lat="36.557286" lon="-118.360730"/>
      <trkpt lat="36.557345" lon="-118.360712"/>
      <trkpt lat="36.557655" lon="-118.360497"/>
      <trkpt lat="36.557892" lon="-118.360413"/>
      <trkpt lat="36.557983" lon="-118.360412"/>
      <trkpt lat="36.558035" lon="-118.360392"/>
      <trkpt lat="36.558086" lon="-118.360310"/>
      <trkpt lat="36.558132" lon="-118.360292"/>
      <trkpt lat="36.558238" lon="-118.360175"/>
      <trkpt lat="36.558370" lon="-118.360108"/>
      <trkpt lat="36.558419" lon="-118.360045"/>
      <trkpt lat="36.558485" lon="-118.360029"/>
      <trkpt lat="36.558568" lon="-118.360033"/>
      <trkpt lat="36.558583" lon="-118.360091"/>
      <trkpt lat="36.558628" lon="-118.360117"/>
      <trkpt lat="36.558636" lon="-118.360291"/>
      <trkpt lat="36.558601" lon="-118.360584"/>
      <trkpt lat="36.558609" lon="-118.360748"/>
      <trkpt lat="36.558583" lon="-118.360849"/>
      <trkpt lat="36.558553" lon="-118.361038"/>
      <trkpt lat="36.558622" lon="-118.361318"/>
      <trkpt lat="36.558780" lon="-118.361672"/>
      <trkpt lat="36.558853" lon="-118.361762"/>
      <trkpt lat="36.558875" lon="-118.361767"/>
    </trkseg>
  </trk>
</gpx>
