<?xml version="1.0" encoding="UTF-8"?>
<gpx version="1.1" creator="unburnt" xmlns="http://www.topografix.com/GPX/1/1">
  <metadata><name>PCT - California Section N</name><copyright author="OpenStreetMap contributors"><license>https://opendatacommons.org/licenses/odbl/</license></copyright></metadata>
  <trk><name>PCT - California Section N</name>
    <trkseg>
      <trkpt lat="41.006174" lon="-121.641332"/>
      <trkpt lat="41.006134" lon="-121.641400"/>
      <trkpt lat="41.006143" lon="-121.641467"/>
      <trkpt lat="41.006130" lon="-121.641475"/>
      <trkpt lat="41.006168" lon="-121.641583"/>
      <trkpt lat="41.006302" lon="-121.641839"/>
      <trkpt lat="41.006337" lon="-121.641984"/>
      <trkpt lat="41.006310" lon="-121.642055"/>
      <trkpt lat="41.006192" lon="-121.642234"/>
      <trkpt lat="41.006101" lon="-121.642398"/>
      <trkpt lat="41.006053" lon="-121.642551"/>
      <trkpt lat="41.005995" lon="-121.642703"/>
      <trkpt lat="41.005929" lon="-121.642798"/>
      <trkpt lat="41.005911" lon="-121.642849"/>
      <trkpt lat="41.005893" lon="-121.642950"/>
      <trkpt lat="41.005905" lon="-121.643079"/>
      <trkpt lat="41.005982" lon="-121.643262"/>
      <trkpt lat="41.006057" lon="-121.643390"/>
      <trkpt lat="41.006094" lon="-121.643611"/>
      <trkpt lat="41.006170" lon="-121.643793"/>
      <trkpt lat="41.006397" lon="-121.644093"/>
      <trkpt lat="41.006522" lon="-121.644246"/>
      <trkpt lat="41.006625" lon="-121.644385"/>
      <trkpt lat="41.006674" lon="-121.644477"/>
      <trkpt lat="41.006672" lon="-121.644587"/>
      <trkpt lat="41.006650" lon="-121.644675"/>
      <trkpt lat="41.006625" lon="-121.644823"/>
      <trkpt lat="41.006684" lon="-121.644957"/>
      <trkpt lat="41.006840" lon="-121.645182"/>
      <trkpt lat="41.006929" lon="-121.645295"/>
      <trkpt lat="41.006986" lon="-121.645461"/>
      <trkpt lat="41.007022" lon="-121.645649"/>
      <trkpt lat="41.007034" lon="-121.645847"/>
      <trkpt lat="41.007038" lon="-121.646091"/>
      <trkpt lat="41.007016" lon="-121.646268"/>
      <trkpt lat="41.007040" lon="-121.646378"/>
      <trkpt lat="41.007163" lon="-121.646582"/>
      <trkpt lat="41.007233" lon="-121.646799"/>
      <trkpt lat="41.007271" lon="-121.647011"/>
      <trkpt lat="41.007350" lon="-121.647212"/>
      <trkpt lat="41.007437" lon="-121.647408"/>
      <trkpt lat="41.007457" lon="-121.647671"/>
      <trkpt lat="41.007490" lon="-121.647980"/>
      <trkpt lat="41.007504" lon="-121.648141"/>
      <trkpt lat="41.007469" lon="-121.648245"/>
      <trkpt lat="41.007461" lon="-121.648462"/>
      <trkpt lat="41.007443" lon="-121.648736"/>
      <trkpt lat="41.007431" lon="-121.648985"/>
      <trkpt lat="41.007405" lon="-121.649356"/>
      <trkpt lat="41.007354" lon="-121.649581"/>
      <trkpt lat="41.007285" lon="-121.649769"/>
      <trkpt lat="41.007263" lon="-121.649887"/>
      <trkpt lat="41.007252" lon="-121.649978"/>
      <trkpt lat="41.007336" lon="-121.650136"/>
      <trkpt lat="41.007403" lon="-121.650219"/>
      <trkpt lat="41.007506" lon="-121.650302"/>
      <trkpt lat="41.007629" lon="-121.650348"/>
      <trkpt lat="41.007799" lon="-121.650378"/>
      <trkpt lat="41.007971" lon="-121.650477"/>
      <trkpt lat="41.008168" lon="-121.650525"/>
      <trkpt lat="41.008231" lon="-121.650584"/>
      <trkpt lat="41.008285" lon="-121.650713"/>
      <trkpt lat="41.008267" lon="-121.650901"/>
      <trkpt lat="41.008289" lon="-121.651061"/>
      <trkpt lat="41.008356" lon="-121.651196"/>
      <trkpt lat="41.008486" lon="-121.651303"/>
      <trkpt lat="41.008807" lon="-121.651732"/>
      <trkpt lat="41.008864" lon="-121.651874"/>
      <trkpt lat="41.009002" lon="-121.652134"/>
      <trkpt lat="41.009103" lon="-121.652276"/>
      <trkpt lat="41.009234" lon="-121.652408"/>
      <trkpt lat="41.009449" lon="-121.652679"/>
      <trkpt lat="41.009532" lon="-121.652783"/>
      <trkpt lat="41.009635" lon="-121.652912"/>
      <trkpt lat="41.009744" lon="-121.652998"/>
      <trkpt lat="41.009908" lon="-121.653095"/>
      <trkpt lat="41.010030" lon="-121.653146"/>
      <trkpt lat="41.010224" lon="-121.653188"/>
      <trkpt lat="41.010340" lon="-121.653188"/>
      <trkpt lat="41.010422" lon="-121.653119"/>
      <trkpt lat="41.010483" lon="-121.653057"/>
      <trkpt lat="41.010562" lon="-121.653060"/>
      <trkpt lat="41.010678" lon="-121.653097"/>
      <trkpt lat="41.010768" lon="-121.653108"/>
    </trkseg>
    <trkseg>
      <trkpt lat="41.006440" lon="-121.641066"/>
      <trkpt lat="41.006174" lon="-121.641332"/>
    </trkseg>
    <trkseg>
      <trkpt lat="40.934411" lon="-121.548834"/>
      <trkpt lat="40.934453" lon="-121.548839"/>
      <trkpt lat="40.934490" lon="-121.548828"/>
      <trkpt lat="40.934550" lon="-121.548665"/>
      <trkpt lat="40.934587" lon="-121.548607"/>
      <trkpt lat="40.934630" lon="-121.548563"/>
      <trkpt lat="40.934711" lon="-121.548509"/>
      <trkpt lat="40.934790" lon="-121.548480"/>
      <trkpt lat="40.934905" lon="-121.548409"/>
      <trkpt lat="40.934975" lon="-121.548390"/>
      <trkpt lat="40.935133" lon="-121.548278"/>
      <trkpt lat="40.935196" lon="-121.548196"/>
      <trkpt lat="40.935229" lon="-121.548136"/>
      <trkpt lat="40.935237" lon="-121.548079"/>
      <trkpt lat="40.935295" lon="-121.547993"/>
      <trkpt lat="40.935369" lon="-121.547912"/>
      <trkpt lat="40.935470" lon="-121.547830"/>
      <trkpt lat="40.935561" lon="-121.547782"/>
      <trkpt lat="40.935627" lon="-121.547768"/>
      <trkpt lat="40.935701" lon="-121.547780"/>
      <trkpt lat="40.935875" lon="-121.547687"/>
      <trkpt lat="40.936006" lon="-121.547632"/>
      <trkpt lat="40.936280" lon="-121.547601"/>
      <trkpt lat="40.936438" lon="-121.547532"/>
      <trkpt lat="40.936746" lon="-121.547382"/>
      <trkpt lat="40.936874" lon="-121.547371"/>
      <trkpt lat="40.936991" lon="-121.547347"/>
      <trkpt lat="40.937140" lon="-121.547263"/>
      <trkpt lat="40.937221" lon="-121.547209"/>
      <trkpt lat="40.937288" lon="-121.547178"/>
      <trkpt lat="40.937356" lon="-121.547185"/>
      <trkpt lat="40.937445" lon="-121.547174"/>
      <trkpt lat="40.937539" lon="-121.547182"/>
      <trkpt lat="40.937746" lon="-121.547099"/>
      <trkpt lat="40.937974" lon="-121.546997"/>
      <trkpt lat="40.938217" lon="-121.546960"/>
      <trkpt lat="40.938527" lon="-121.546821"/>
      <trkpt lat="40.938670" lon="-121.546787"/>
      <trkpt lat="40.938826" lon="-121.546710"/>
      <trkpt lat="40.939048" lon="-121.546679"/>
      <trkpt lat="40.939594" lon="-121.546706"/>
      <trkpt lat="40.939762" lon="-121.546697"/>
      <trkpt lat="40.939929" lon="-121.546730"/>
      <trkpt lat="40.940048" lon="-121.546783"/>
      <trkpt lat="40.940187" lon="-121.546791"/>
      <trkpt lat="40.940522" lon="-121.546903"/>
      <trkpt lat="40.940675" lon="-121.546973"/>
      <trkpt lat="40.940869" lon="-121.546974"/>
      <trkpt lat="40.941007" lon="-121.546929"/>
      <trkpt lat="40.941153" lon="-121.546930"/>
      <trkpt lat="40.941234" lon="-121.546957"/>
      <trkpt lat="40.941321" lon="-121.546997"/>
      <trkpt lat="40.941440" lon="-121.546978"/>
      <trkpt lat="40.941666" lon="-121.546868"/>
      <trkpt lat="40.941855" lon="-121.546796"/>
      <trkpt lat="40.942075" lon="-121.546616"/>
      <trkpt lat="40.942209" lon="-121.546513"/>
      <trkpt lat="40.942299" lon="-121.546473"/>
      <trkpt lat="40.942371" lon="-121.546477"/>
      <trkpt lat="40.942554" lon="-121.546529"/>
      <trkpt lat="40.942713" lon="-121.546568"/>
      <trkpt lat="40.942818" lon="-121.546623"/>
      <trkpt lat="40.942925" lon="-121.546623"/>
      <trkpt lat="40.943043" lon="-121.546596"/>
      <trkpt lat="40.943122" lon="-121.546600"/>
      <trkpt lat="40.943419" lon="-121.546543"/>
      <trkpt lat="40.943683" lon="-121.546466"/>
      <trkpt lat="40.943863" lon="-121.546375"/>
      <trkpt lat="40.943977" lon="-121.546290"/>
      <trkpt lat="40.944104" lon="-121.546229"/>
      <trkpt lat="40.944224" lon="-121.546199"/>
      <trkpt lat="40.944457" lon="-121.546163"/>
      <trkpt lat="40.944672" lon="-121.546191"/>
      <trkpt lat="40.945054" lon="-121.546443"/>
      <trkpt lat="40.945065" lon="-121.546505"/>
      <trkpt lat="40.945028" lon="-121.546542"/>
      <trkpt lat="40.944888" lon="-121.546651"/>
      <trkpt lat="40.944691" lon="-121.546834"/>
      <trkpt lat="40.944595" lon="-121.546846"/>
      <trkpt lat="40.944492" lon="-121.546894"/>
      <trkpt lat="40.944411" lon="-121.546999"/>
      <trkpt lat="40.944325" lon="-121.547123"/>
      <trkpt lat="40.944251" lon="-121.547204"/>
      <trkpt lat="40.944201" lon="-121.547311"/>
      <trkpt lat="40.944176" lon="-121.547426"/>
      <trkpt lat="40.944189" lon="-121.547552"/>
      <trkpt lat="40.944232" lon="-121.547672"/>
      <trkpt lat="40.944247" lon="-121.547765"/>
      <trkpt lat="40.944280" lon="-121.547849"/>
      <trkpt lat="40.944347" lon="-121.547963"/>
      <trkpt lat="40.944489" lon="-121.548058"/>
      <trkpt lat="40.944666" lon="-121.548223"/>
      <trkpt lat="40.944800" lon="-121.548402"/>
      <trkpt lat="40.945023" lon="-121.548580"/>
      <trkpt lat="40.945206" lon="-121.548635"/>
      <trkpt lat="40.945345" lon="-121.548664"/>
      <trkpt lat="40.945648" lon="-121.548661"/>
      <trkpt lat="40.945751" lon="-121.548672"/>
      <trkpt lat="40.945848" lon="-121.548742"/>
      <trkpt lat="40.945945" lon="-121.548826"/>
      <trkpt lat="40.946085" lon="-121.548814"/>
      <trkpt lat="40.946241" lon="-121.548753"/>
      <trkpt lat="40.946349" lon="-121.548728"/>
      <trkpt lat="40.946451" lon="-121.548754"/>
      <trkpt lat="40.946524" lon="-121.548809"/>
      <trkpt lat="40.946613" lon="-121.548888"/>
      <trkpt lat="40.946683" lon="-121.548997"/>
      <trkpt lat="40.946742" lon="-121.549140"/>
      <trkpt lat="40.946808" lon="-121.549337"/>
      <trkpt lat="40.946893" lon="-121.549632"/>
      <trkpt lat="40.946942" lon="-121.549702"/>
      <trkpt lat="40.947041" lon="-121.549732"/>
      <trkpt lat="40.947119" lon="-121.549726"/>
      <trkpt lat="40.947238" lon="-121.549651"/>
      <trkpt lat="40.947318" lon="-121.549617"/>
      <trkpt lat="40.947383" lon="-121.549572"/>
      <trkpt lat="40.947779" lon="-121.549398"/>
      <trkpt lat="40.947962" lon="-121.549353"/>
      <trkpt lat="40.948067" lon="-121.549316"/>
      <trkpt lat="40.948138" lon="-121.549285"/>
      <trkpt lat="40.948337" lon="-121.549131"/>
      <trkpt lat="40.948483" lon="-121.549053"/>
      <trkpt lat="40.948620" lon="-121.548987"/>
      <trkpt lat="40.948787" lon="-121.548932"/>
      <trkpt lat="40.948912" lon="-121.548885"/>
      <trkpt lat="40.949038" lon="-121.548742"/>
      <trkpt lat="40.949162" lon="-121.548690"/>
      <trkpt lat="40.949290" lon="-121.548586"/>
      <trkpt lat="40.949431" lon="-121.548569"/>
      <trkpt lat="40.949555" lon="-121.548476"/>
      <trkpt lat="40.949696" lon="-121.548444"/>
      <trkpt lat="40.949878" lon="-121.548432"/>
      <trkpt lat="40.950023" lon="-121.548445"/>
      <trkpt lat="40.950315" lon="-121.548384"/>
      <trkpt lat="40.950411" lon="-121.548299"/>
      <trkpt lat="40.950504" lon="-121.548074"/>
      <trkpt lat="40.950585" lon="-121.547967"/>
      <trkpt lat="40.950693" lon="-121.547867"/>
      <trkpt lat="40.950777" lon="-121.547847"/>
      <trkpt lat="40.950860" lon="-121.547867"/>
      <trkpt lat="40.950949" lon="-121.547927"/>
      <trkpt lat="40.951012" lon="-121.548000"/>
      <trkpt lat="40.951116" lon="-121.548141"/>
      <trkpt lat="40.951428" lon="-121.548539"/>
      <trkpt lat="40.951603" lon="-121.548692"/>
      <trkpt lat="40.951849" lon="-121.548883"/>
      <trkpt lat="40.952075" lon="-121.549012"/>
      <trkpt lat="40.952307" lon="-121.549156"/>
      <trkpt lat="40.952429" lon="-121.549214"/>
      <trkpt lat="40.952570" lon="-121.549241"/>
      <trkpt lat="40.952688" lon="-121.549277"/>
      <trkpt lat="40.952859" lon="-121.549408"/>
      <trkpt lat="40.952961" lon="-121.549451"/>
      <trkpt lat="40.953116" lon="-121.549486"/>
      <trkpt lat="40.953288" lon="-121.549512"/>
      <trkpt lat="40.953427" lon="-121.549540"/>
      <trkpt lat="40.953548" lon="-121.549608"/>
      <trkpt lat="40.953726" lon="-121.549767"/>
      <trkpt lat="40.953845" lon="-121.549816"/>
      <trkpt lat="40.953944" lon="-121.549906"/>
      <trkpt lat="40.954072" lon="-121.549942"/>
      <trkpt lat="40.954295" lon="-121.549953"/>
      <trkpt lat="40.954400" lon="-121.550023"/>
      <trkpt lat="40.954589" lon="-121.550161"/>
      <trkpt lat="40.954909" lon="-121.550180"/>
      <trkpt lat="40.954993" lon="-121.550204"/>
      <trkpt lat="40.955061" lon="-121.550275"/>
      <trkpt lat="40.955157" lon="-121.550334"/>
      <trkpt lat="40.955270" lon="-121.550412"/>
      <trkpt lat="40.955510" lon="-121.550630"/>
      <trkpt lat="40.955577" lon="-121.550703"/>
      <trkpt lat="40.955631" lon="-121.550780"/>
      <trkpt lat="40.955648" lon="-121.550855"/>
      <trkpt lat="40.955632" lon="-121.551120"/>
      <trkpt lat="40.955629" lon="-121.551244"/>
      <trkpt lat="40.955668" lon="-121.551326"/>
      <trkpt lat="40.955717" lon="-121.551374"/>
      <trkpt lat="40.955778" lon="-121.551487"/>
      <trkpt lat="40.955846" lon="-121.551647"/>
      <trkpt lat="40.955894" lon="-121.551728"/>
      <trkpt lat="40.955934" lon="-121.551843"/>
      <trkpt lat="40.955953" lon="-121.551926"/>
      <trkpt lat="40.955979" lon="-121.552013"/>
      <trkpt lat="40.956108" lon="-121.552195"/>
      <trkpt lat="40.956433" lon="-121.552608"/>
      <trkpt lat="40.956514" lon="-121.552761"/>
      <trkpt lat="40.956600" lon="-121.552950"/>
      <trkpt lat="40.956680" lon="-121.553064"/>
      <trkpt lat="40.956756" lon="-121.553125"/>
      <trkpt lat="40.956796" lon="-121.553163"/>
      <trkpt lat="40.956818" lon="-121.553222"/>
      <trkpt lat="40.956876" lon="-121.553298"/>
      <trkpt lat="40.956951" lon="-121.553386"/>
      <trkpt lat="40.957147" lon="-121.553547"/>
      <trkpt lat="40.957226" lon="-121.553681"/>
      <trkpt lat="40.957297" lon="-121.553837"/>
      <trkpt lat="40.957449" lon="-121.554128"/>
      <trkpt lat="40.957494" lon="-121.554265"/>
      <trkpt lat="40.957510" lon="-121.554384"/>
      <trkpt lat="40.957555" lon="-121.554518"/>
      <trkpt lat="40.957562" lon="-121.554646"/>
      <trkpt lat="40.957557" lon="-121.554796"/>
      <trkpt lat="40.957574" lon="-121.554903"/>
      <trkpt lat="40.957608" lon="-121.554975"/>
      <trkpt lat="40.957730" lon="-121.555096"/>
      <trkpt lat="40.957854" lon="-121.555265"/>
      <trkpt lat="40.957970" lon="-121.555406"/>
      <trkpt lat="40.958034" lon="-121.555519"/>
      <trkpt lat="40.958073" lon="-121.555614"/>
      <trkpt lat="40.958104" lon="-121.555726"/>
      <trkpt lat="40.958118" lon="-121.555804"/>
      <trkpt lat="40.958109" lon="-121.555887"/>
      <trkpt lat="40.958087" lon="-121.555942"/>
      <trkpt lat="40.958131" lon="-121.556012"/>
      <trkpt lat="40.958163" lon="-121.556219"/>
      <trkpt lat="40.958258" lon="-121.556433"/>
      <trkpt lat="40.958687" lon="-121.557087"/>
      <trkpt lat="40.958819" lon="-121.557262"/>
      <trkpt lat="40.958975" lon="-121.557420"/>
      <trkpt lat="40.959109" lon="-121.557616"/>
      <trkpt lat="40.959468" lon="-121.558120"/>
      <trkpt lat="40.959605" lon="-121.558279"/>
      <trkpt lat="40.959792" lon="-121.558437"/>
      <trkpt lat="40.959869" lon="-121.558509"/>
      <trkpt lat="40.960025" lon="-121.558764"/>
      <trkpt lat="40.960175" lon="-121.558987"/>
      <trkpt lat="40.960250" lon="-121.559054"/>
      <trkpt lat="40.960523" lon="-121.559107"/>
      <trkpt lat="40.960632" lon="-121.559169"/>
      <trkpt lat="40.960760" lon="-121.559311"/>
      <trkpt lat="40.961152" lon="-121.559727"/>
      <trkpt lat="40.961386" lon="-121.559998"/>
      <trkpt lat="40.961426" lon="-121.560126"/>
      <trkpt lat="40.961463" lon="-121.560199"/>
      <trkpt lat="40.961648" lon="-121.560443"/>
      <trkpt lat="40.961760" lon="-121.560607"/>
      <trkpt lat="40.961835" lon="-121.560845"/>
      <trkpt lat="40.961868" lon="-121.561049"/>
      <trkpt lat="40.961860" lon="-121.561288"/>
      <trkpt lat="40.961811" lon="-121.561484"/>
      <trkpt lat="40.961777" lon="-121.561733"/>
      <trkpt lat="40.961773" lon="-121.561977"/>
      <trkpt lat="40.961815" lon="-121.562141"/>
      <trkpt lat="40.961807" lon="-121.562350"/>
      <trkpt lat="40.961835" lon="-121.562435"/>
      <trkpt lat="40.961961" lon="-121.562597"/>
      <trkpt lat="40.961965" lon="-121.562693"/>
      <trkpt lat="40.961943" lon="-121.562870"/>
      <trkpt lat="40.961904" lon="-121.563047"/>
      <trkpt lat="40.961868" lon="-121.563192"/>
      <trkpt lat="40.961775" lon="-121.563318"/>
      <trkpt lat="40.961627" lon="-121.563399"/>
      <trkpt lat="40.961528" lon="-121.563485"/>
      <trkpt lat="40.961455" lon="-121.563576"/>
      <trkpt lat="40.961416" lon="-121.563670"/>
      <trkpt lat="40.961412" lon="-121.563815"/>
      <trkpt lat="40.961469" lon="-121.564000"/>
      <trkpt lat="40.961513" lon="-121.564204"/>
      <trkpt lat="40.961534" lon="-121.564405"/>
      <trkpt lat="40.961545" lon="-121.564565"/>
      <trkpt lat="40.961594" lon="-121.564651"/>
      <trkpt lat="40.961765" lon="-121.564850"/>
      <trkpt lat="40.961961" lon="-121.565016"/>
      <trkpt lat="40.962168" lon="-121.565231"/>
      <trkpt lat="40.962328" lon="-121.565381"/>
      <trkpt lat="40.962514" lon="-121.565598"/>
      <trkpt lat="40.962650" lon="-121.565703"/>
      <trkpt lat="40.962881" lon="-121.565840"/>
      <trkpt lat="40.962982" lon="-121.566017"/>
      <trkpt lat="40.963101" lon="-121.566210"/>
      <trkpt lat="40.963172" lon="-121.566382"/>
      <trkpt lat="40.963176" lon="-121.566534"/>
      <trkpt lat="40.963124" lon="-121.566722"/>
      <trkpt lat="40.963031" lon="-121.566862"/>
      <trkpt lat="40.962962" lon="-121.566998"/>
      <trkpt lat="40.962897" lon="-121.567181"/>
      <trkpt lat="40.962850" lon="-121.567293"/>
      <trkpt lat="40.962761" lon="-121.567369"/>
      <trkpt lat="40.962672" lon="-121.567401"/>
      <trkpt lat="40.962524" lon="-121.567521"/>
      <trkpt lat="40.962062" lon="-121.567816"/>
      <trkpt lat="40.961998" lon="-121.567870"/>
      <trkpt lat="40.961900" lon="-121.567889"/>
      <trkpt lat="40.961801" lon="-121.567980"/>
      <trkpt lat="40.961673" lon="-121.568154"/>
      <trkpt lat="40.961570" lon="-121.568337"/>
      <trkpt lat="40.961396" lon="-121.568677"/>
      <trkpt lat="40.961321" lon="-121.568811"/>
      <trkpt lat="40.961244" lon="-121.568903"/>
      <trkpt lat="40.961100" lon="-121.569042"/>
      <trkpt lat="40.960930" lon="-121.569198"/>
      <trkpt lat="40.960766" lon="-121.569292"/>
      <trkpt lat="40.960592" lon="-121.569428"/>
      <trkpt lat="40.960440" lon="-121.569498"/>
      <trkpt lat="40.960221" lon="-121.569530"/>
      <trkpt lat="40.960069" lon="-121.569581"/>
      <trkpt lat="40.959990" lon="-121.569656"/>
      <trkpt lat="40.959940" lon="-121.569764"/>
      <trkpt lat="40.959873" lon="-121.569941"/>
      <trkpt lat="40.959861" lon="-121.570086"/>
      <trkpt lat="40.959891" lon="-121.570201"/>
      <trkpt lat="40.959956" lon="-121.570351"/>
      <trkpt lat="40.960096" lon="-121.570737"/>
      <trkpt lat="40.960152" lon="-121.570837"/>
      <trkpt lat="40.960195" lon="-121.570957"/>
      <trkpt lat="40.960209" lon="-121.571145"/>
      <trkpt lat="40.960221" lon="-121.571223"/>
      <trkpt lat="40.960308" lon="-121.571413"/>
      <trkpt lat="40.960339" lon="-121.571542"/>
      <trkpt lat="40.960333" lon="-121.571765"/>
      <trkpt lat="40.960339" lon="-121.571917"/>
      <trkpt lat="40.960387" lon="-121.572257"/>
      <trkpt lat="40.960460" lon="-121.572387"/>
      <trkpt lat="40.960645" lon="-121.572494"/>
      <trkpt lat="40.960736" lon="-121.572612"/>
      <trkpt lat="40.960887" lon="-121.572947"/>
      <trkpt lat="40.961044" lon="-121.573256"/>
      <trkpt lat="40.961165" lon="-121.573452"/>
      <trkpt lat="40.961307" lon="-121.573715"/>
      <trkpt lat="40.961434" lon="-121.573924"/>
      <trkpt lat="40.961503" lon="-121.574112"/>
      <trkpt lat="40.961568" lon="-121.574334"/>
      <trkpt lat="40.961584" lon="-121.574474"/>
      <trkpt lat="40.961566" lon="-121.574640"/>
      <trkpt lat="40.961562" lon="-121.574766"/>
      <trkpt lat="40.961649" lon="-121.574938"/>
      <trkpt lat="40.961718" lon="-121.575026"/>
      <trkpt lat="40.961740" lon="-121.575123"/>
      <trkpt lat="40.961779" lon="-121.575246"/>
      <trkpt lat="40.961852" lon="-121.575375"/>
      <trkpt lat="40.962020" lon="-121.575568"/>
      <trkpt lat="40.962101" lon="-121.575670"/>
      <trkpt lat="40.962200" lon="-121.575877"/>
      <trkpt lat="40.962360" lon="-121.576247"/>
      <trkpt lat="40.962441" lon="-121.576504"/>
      <trkpt lat="40.962664" lon="-121.576794"/>
      <trkpt lat="40.962773" lon="-121.576815"/>
      <trkpt lat="40.962911" lon="-121.576804"/>
      <trkpt lat="40.963061" lon="-121.576853"/>
      <trkpt lat="40.963284" lon="-121.577019"/>
      <trkpt lat="40.963517" lon="-121.577223"/>
      <trkpt lat="40.963831" lon="-121.577464"/>
      <trkpt lat="40.963976" lon="-121.577489"/>
      <trkpt lat="40.964422" lon="-121.577447"/>
      <trkpt lat="40.964498" lon="-121.577365"/>
      <trkpt lat="40.964538" lon="-121.577336"/>
      <trkpt lat="40.964645" lon="-121.577346"/>
      <trkpt lat="40.964788" lon="-121.577407"/>
      <trkpt lat="40.964896" lon="-121.577459"/>
      <trkpt lat="40.965021" lon="-121.577601"/>
      <trkpt lat="40.965261" lon="-121.577770"/>
      <trkpt lat="40.965568" lon="-121.578044"/>
      <trkpt lat="40.965718" lon="-121.578258"/>
      <trkpt lat="40.965819" lon="-121.578371"/>
      <trkpt lat="40.965884" lon="-121.578559"/>
      <trkpt lat="40.965913" lon="-121.578762"/>
      <trkpt lat="40.965900" lon="-121.578950"/>
      <trkpt lat="40.965917" lon="-121.579192"/>
      <trkpt lat="40.965925" lon="-121.579524"/>
      <trkpt lat="40.965921" lon="-121.580093"/>
      <trkpt lat="40.965937" lon="-121.580334"/>
      <trkpt lat="40.965965" lon="-121.580522"/>
      <trkpt lat="40.966010" lon="-121.580645"/>
      <trkpt lat="40.966002" lon="-121.580753"/>
      <trkpt lat="40.965965" lon="-121.580876"/>
      <trkpt lat="40.965913" lon="-121.580978"/>
      <trkpt lat="40.965902" lon="-121.581134"/>
      <trkpt lat="40.965957" lon="-121.581415"/>
      <trkpt lat="40.965975" lon="-121.581533"/>
      <trkpt lat="40.966033" lon="-121.581779"/>
      <trkpt lat="40.966029" lon="-121.582150"/>
      <trkpt lat="40.966046" lon="-121.582467"/>
      <trkpt lat="40.966045" lon="-121.582847"/>
      <trkpt lat="40.966072" lon="-121.583410"/>
      <trkpt lat="40.966093" lon="-121.583720"/>
      <trkpt lat="40.966039" lon="-121.583936"/>
      <trkpt lat="40.966028" lon="-121.584166"/>
      <trkpt lat="40.966072" lon="-121.584320"/>
      <trkpt lat="40.966091" lon="-121.584595"/>
      <trkpt lat="40.966081" lon="-121.584891"/>
      <trkpt lat="40.966098" lon="-121.585172"/>
      <trkpt lat="40.966082" lon="-121.585342"/>
      <trkpt lat="40.966134" lon="-121.585550"/>
      <trkpt lat="40.966147" lon="-121.585734"/>
      <trkpt lat="40.966131" lon="-121.585921"/>
      <trkpt lat="40.966089" lon="-121.586060"/>
      <trkpt lat="40.966048" lon="-121.586552"/>
      <trkpt lat="40.966085" lon="-121.586694"/>
      <trkpt lat="40.966154" lon="-121.586857"/>
      <trkpt lat="40.966182" lon="-121.587024"/>
      <trkpt lat="40.966200" lon="-121.587169"/>
      <trkpt lat="40.966168" lon="-121.587329"/>
      <trkpt lat="40.966225" lon="-121.587670"/>
      <trkpt lat="40.966223" lon="-121.587898"/>
      <trkpt lat="40.966214" lon="-121.588158"/>
      <trkpt lat="40.966233" lon="-121.588303"/>
      <trkpt lat="40.966336" lon="-121.588464"/>
      <trkpt lat="40.966447" lon="-121.588526"/>
      <trkpt lat="40.966581" lon="-121.588526"/>
      <trkpt lat="40.966686" lon="-121.588539"/>
      <trkpt lat="40.966763" lon="-121.588625"/>
      <trkpt lat="40.966818" lon="-121.588730"/>
      <trkpt lat="40.966903" lon="-121.588740"/>
      <trkpt lat="40.966972" lon="-121.588732"/>
      <trkpt lat="40.967051" lon="-121.588781"/>
      <trkpt lat="40.967130" lon="-121.588845"/>
      <trkpt lat="40.967217" lon="-121.588907"/>
      <trkpt lat="40.967280" lon="-121.588925"/>
      <trkpt lat="40.967359" lon="-121.588982"/>
      <trkpt lat="40.967551" lon="-121.589022"/>
      <trkpt lat="40.967717" lon="-121.589035"/>
      <trkpt lat="40.967851" lon="-121.589105"/>
      <trkpt lat="40.968025" lon="-121.589250"/>
      <trkpt lat="40.968181" lon="-121.589296"/>
      <trkpt lat="40.968343" lon="-121.589405"/>
      <trkpt lat="40.968446" lon="-121.589435"/>
      <trkpt lat="40.968669" lon="-121.589604"/>
      <trkpt lat="40.968763" lon="-121.589702"/>
      <trkpt lat="40.968847" lon="-121.589808"/>
      <trkpt lat="40.968908" lon="-121.589870"/>
      <trkpt lat="40.969094" lon="-121.589979"/>
      <trkpt lat="40.969291" lon="-121.590009"/>
      <trkpt lat="40.969402" lon="-121.590047"/>
      <trkpt lat="40.969572" lon="-121.590055"/>
      <trkpt lat="40.969994" lon="-121.590173"/>
      <trkpt lat="40.970089" lon="-121.590226"/>
      <trkpt lat="40.970153" lon="-121.590312"/>
      <trkpt lat="40.970326" lon="-121.590468"/>
      <trkpt lat="40.970587" lon="-121.590655"/>
      <trkpt lat="40.970852" lon="-121.590916"/>
      <trkpt lat="40.970970" lon="-121.591009"/>
      <trkpt lat="40.971047" lon="-121.591141"/>
      <trkpt lat="40.971176" lon="-121.591227"/>
      <trkpt lat="40.971306" lon="-121.591299"/>
      <trkpt lat="40.971367" lon="-121.591299"/>
      <trkpt lat="40.971441" lon="-121.591313"/>
      <trkpt lat="40.971440" lon="-121.591372"/>
      <trkpt lat="40.971393" lon="-121.591648"/>
      <trkpt lat="40.971336" lon="-121.591879"/>
      <trkpt lat="40.971318" lon="-121.592039"/>
      <trkpt lat="40.971369" lon="-121.592168"/>
      <trkpt lat="40.971482" lon="-121.592246"/>
      <trkpt lat="40.971642" lon="-121.592318"/>
      <trkpt lat="40.971851" lon="-121.592348"/>
      <trkpt lat="40.972027" lon="-121.592337"/>
      <trkpt lat="40.972120" lon="-121.592356"/>
      <trkpt lat="40.972274" lon="-121.592372"/>
      <trkpt lat="40.972357" lon="-121.592351"/>
      <trkpt lat="40.972602" lon="-121.592174"/>
      <trkpt lat="40.972794" lon="-121.592007"/>
      <trkpt lat="40.973011" lon="-121.591865"/>
      <trkpt lat="40.973116" lon="-121.591812"/>
      <trkpt lat="40.973252" lon="-121.591803"/>
      <trkpt lat="40.973343" lon="-121.591793"/>
      <trkpt lat="40.973422" lon="-121.591704"/>
      <trkpt lat="40.973523" lon="-121.591565"/>
      <trkpt lat="40.973606" lon="-121.591476"/>
      <trkpt lat="40.973815" lon="-121.591439"/>
      <trkpt lat="40.973937" lon="-121.591398"/>
      <trkpt lat="40.974210" lon="-121.591380"/>
      <trkpt lat="40.974384" lon="-121.591321"/>
      <trkpt lat="40.974503" lon="-121.591347"/>
      <trkpt lat="40.974562" lon="-121.591380"/>
      <trkpt lat="40.974680" lon="-121.591361"/>
      <trkpt lat="40.974759" lon="-121.591382"/>
      <trkpt lat="40.974828" lon="-121.591423"/>
      <trkpt lat="40.974917" lon="-121.591420"/>
      <trkpt lat="40.975010" lon="-121.591382"/>
      <trkpt lat="40.975075" lon="-121.591369"/>
      <trkpt lat="40.975145" lon="-121.591401"/>
      <trkpt lat="40.975190" lon="-121.591433"/>
      <trkpt lat="40.975198" lon="-121.591522"/>
      <trkpt lat="40.975216" lon="-121.591624"/>
      <trkpt lat="40.975275" lon="-121.591696"/>
      <trkpt lat="40.975360" lon="-121.591723"/>
      <trkpt lat="40.975492" lon="-121.591712"/>
      <trkpt lat="40.975680" lon="-121.591559"/>
      <trkpt lat="40.975789" lon="-121.591482"/>
      <trkpt lat="40.975836" lon="-121.591356"/>
      <trkpt lat="40.975964" lon="-121.591165"/>
      <trkpt lat="40.976190" lon="-121.590849"/>
      <trkpt lat="40.976261" lon="-121.590824"/>
      <trkpt lat="40.976373" lon="-121.590819"/>
      <trkpt lat="40.976514" lon="-121.590846"/>
      <trkpt lat="40.976604" lon="-121.590827"/>
      <trkpt lat="40.976731" lon="-121.590816"/>
      <trkpt lat="40.976901" lon="-121.590865"/>
      <trkpt lat="40.977041" lon="-121.590862"/>
      <trkpt lat="40.977166" lon="-121.590824"/>
      <trkpt lat="40.977227" lon="-121.590776"/>
      <trkpt lat="40.977248" lon="-121.590742"/>
      <trkpt lat="40.977264" lon="-121.590680"/>
      <trkpt lat="40.977284" lon="-121.590553"/>
      <trkpt lat="40.977284" lon="-121.590476"/>
      <trkpt lat="40.977318" lon="-121.590414"/>
      <trkpt lat="40.977415" lon="-121.590331"/>
      <trkpt lat="40.977533" lon="-121.590323"/>
      <trkpt lat="40.977654" lon="-121.590334"/>
      <trkpt lat="40.977780" lon="-121.590377"/>
      <trkpt lat="40.977893" lon="-121.590401"/>
      <trkpt lat="40.977981" lon="-121.590435"/>
      <trkpt lat="40.978041" lon="-121.590497"/>
      <trkpt lat="40.978122" lon="-121.590607"/>
      <trkpt lat="40.978221" lon="-121.590669"/>
      <trkpt lat="40.978331" lon="-121.590661"/>
      <trkpt lat="40.978444" lon="-121.590666"/>
      <trkpt lat="40.978527" lon="-121.590690"/>
      <trkpt lat="40.978628" lon="-121.590669"/>
      <trkpt lat="40.978778" lon="-121.590655"/>
      <trkpt lat="40.979133" lon="-121.590725"/>
      <trkpt lat="40.979309" lon="-121.590798"/>
      <trkpt lat="40.979394" lon="-121.590854"/>
      <trkpt lat="40.979523" lon="-121.590902"/>
      <trkpt lat="40.979631" lon="-121.590975"/>
      <trkpt lat="40.979746" lon="-121.591023"/>
      <trkpt lat="40.979839" lon="-121.591002"/>
      <trkpt lat="40.979864" lon="-121.590961"/>
      <trkpt lat="40.979835" lon="-121.590818"/>
      <trkpt lat="40.979843" lon="-121.590787"/>
      <trkpt lat="40.979920" lon="-121.590771"/>
      <trkpt lat="40.980040" lon="-121.590827"/>
      <trkpt lat="40.980103" lon="-121.590865"/>
      <trkpt lat="40.980210" lon="-121.590854"/>
      <trkpt lat="40.980337" lon="-121.590897"/>
      <trkpt lat="40.980530" lon="-121.591042"/>
      <trkpt lat="40.980657" lon="-121.591149"/>
      <trkpt lat="40.980987" lon="-121.591358"/>
      <trkpt lat="40.981077" lon="-121.591390"/>
      <trkpt lat="40.981330" lon="-121.591417"/>
      <trkpt lat="40.981534" lon="-121.591388"/>
      <trkpt lat="40.981660" lon="-121.591334"/>
      <trkpt lat="40.981840" lon="-121.591339"/>
      <trkpt lat="40.982079" lon="-121.591369"/>
      <trkpt lat="40.982261" lon="-121.591385"/>
      <trkpt lat="40.982514" lon="-121.591455"/>
      <trkpt lat="40.982761" lon="-121.591508"/>
      <trkpt lat="40.982958" lon="-121.591562"/>
      <trkpt lat="40.983087" lon="-121.591626"/>
      <trkpt lat="40.983221" lon="-121.591710"/>
      <trkpt lat="40.983373" lon="-121.591755"/>
      <trkpt lat="40.983665" lon="-121.591800"/>
      <trkpt lat="40.983733" lon="-121.591806"/>
      <trkpt lat="40.983814" lon="-121.591889"/>
      <trkpt lat="40.983928" lon="-121.592015"/>
      <trkpt lat="40.984051" lon="-121.592125"/>
      <trkpt lat="40.984198" lon="-121.592237"/>
      <trkpt lat="40.984370" lon="-121.592288"/>
      <trkpt lat="40.984458" lon="-121.592337"/>
      <trkpt lat="40.984644" lon="-121.592501"/>
      <trkpt lat="40.984984" lon="-121.592710"/>
      <trkpt lat="40.985290" lon="-121.592874"/>
      <trkpt lat="40.985497" lon="-121.593053"/>
      <trkpt lat="40.985644" lon="-121.593134"/>
      <trkpt lat="40.985839" lon="-121.593193"/>
      <trkpt lat="40.986025" lon="-121.593284"/>
      <trkpt lat="40.986171" lon="-121.593324"/>
      <trkpt lat="40.986298" lon="-121.593378"/>
      <trkpt lat="40.986348" lon="-121.593385"/>
      <trkpt lat="40.986521" lon="-121.593391"/>
      <trkpt lat="40.986683" lon="-121.593407"/>
      <trkpt lat="40.986827" lon="-121.593452"/>
      <trkpt lat="40.986934" lon="-121.593450"/>
      <trkpt lat="40.986980" lon="-121.593440"/>
      <trkpt lat="40.987133" lon="-121.593357"/>
      <trkpt lat="40.987256" lon="-121.593313"/>
      <trkpt lat="40.987394" lon="-121.593295"/>
      <trkpt lat="40.987629" lon="-121.593230"/>
      <trkpt lat="40.987801" lon="-121.593153"/>
      <trkpt lat="40.987951" lon="-121.593053"/>
      <trkpt lat="40.988111" lon="-121.592986"/>
      <trkpt lat="40.988293" lon="-121.592941"/>
      <trkpt lat="40.988497" lon="-121.592863"/>
      <trkpt lat="40.988586" lon="-121.592839"/>
      <trkpt lat="40.988746" lon="-121.592860"/>
      <trkpt lat="40.988860" lon="-121.592917"/>
      <trkpt lat="40.988947" lon="-121.592941"/>
      <trkpt lat="40.989099" lon="-121.592976"/>
      <trkpt lat="40.989190" lon="-121.592963"/>
      <trkpt lat="40.989283" lon="-121.592925"/>
      <trkpt lat="40.989465" lon="-121.592951"/>
      <trkpt lat="40.989639" lon="-121.593024"/>
      <trkpt lat="40.989832" lon="-121.593091"/>
      <trkpt lat="40.990105" lon="-121.593195"/>
      <trkpt lat="40.990249" lon="-121.593212"/>
      <trkpt lat="40.990378" lon="-121.593185"/>
      <trkpt lat="40.990475" lon="-121.593206"/>
      <trkpt lat="40.990522" lon="-121.593300"/>
      <trkpt lat="40.990611" lon="-121.593399"/>
      <trkpt lat="40.990761" lon="-121.593485"/>
      <trkpt lat="40.990904" lon="-121.593515"/>
      <trkpt lat="40.991071" lon="-121.593528"/>
      <trkpt lat="40.991214" lon="-121.593670"/>
      <trkpt lat="40.991431" lon="-121.593724"/>
      <trkpt lat="40.991560" lon="-121.593772"/>
      <trkpt lat="40.991751" lon="-121.593898"/>
      <trkpt lat="40.991917" lon="-121.593984"/>
      <trkpt lat="40.992156" lon="-121.594161"/>
      <trkpt lat="40.992441" lon="-121.594276"/>
      <trkpt lat="40.992708" lon="-121.594352"/>
      <trkpt lat="40.992905" lon="-121.594352"/>
      <trkpt lat="40.993204" lon="-121.594451"/>
      <trkpt lat="40.993403" lon="-121.594550"/>
      <trkpt lat="40.993569" lon="-121.594625"/>
      <trkpt lat="40.993676" lon="-121.594630"/>
      <trkpt lat="40.993765" lon="-121.594647"/>
      <trkpt lat="40.993820" lon="-121.594706"/>
      <trkpt lat="40.993838" lon="-121.594810"/>
      <trkpt lat="40.993820" lon="-121.595076"/>
      <trkpt lat="40.993868" lon="-121.595293"/>
      <trkpt lat="40.994006" lon="-121.595693"/>
      <trkpt lat="40.994103" lon="-121.595878"/>
      <trkpt lat="40.994235" lon="-121.596151"/>
      <trkpt lat="40.994314" lon="-121.596387"/>
      <trkpt lat="40.994364" lon="-121.596572"/>
      <trkpt lat="40.994383" lon="-121.596656"/>
      <trkpt lat="40.994358" lon="-121.596782"/>
      <trkpt lat="40.994269" lon="-121.597047"/>
      <trkpt lat="40.994146" lon="-121.597385"/>
      <trkpt lat="40.994119" lon="-121.597554"/>
      <trkpt lat="40.994113" lon="-121.597838"/>
      <trkpt lat="40.994039" lon="-121.598150"/>
      <trkpt lat="40.994008" lon="-121.598249"/>
      <trkpt lat="40.994040" lon="-121.598388"/>
      <trkpt lat="40.994124" lon="-121.598549"/>
      <trkpt lat="40.994237" lon="-121.598860"/>
      <trkpt lat="40.994310" lon="-121.599145"/>
      <trkpt lat="40.994372" lon="-121.599332"/>
      <trkpt lat="40.994482" lon="-121.599552"/>
      <trkpt lat="40.994563" lon="-121.599633"/>
      <trkpt lat="40.994662" lon="-121.599743"/>
      <trkpt lat="40.994840" lon="-121.599984"/>
      <trkpt lat="40.995026" lon="-121.600113"/>
      <trkpt lat="40.995273" lon="-121.600161"/>
      <trkpt lat="40.995415" lon="-121.600118"/>
      <trkpt lat="40.995557" lon="-121.600092"/>
      <trkpt lat="40.995662" lon="-121.600102"/>
      <trkpt lat="40.995763" lon="-121.600038"/>
      <trkpt lat="40.995901" lon="-121.600011"/>
      <trkpt lat="40.996103" lon="-121.600016"/>
      <trkpt lat="40.996253" lon="-121.600043"/>
      <trkpt lat="40.996399" lon="-121.599990"/>
      <trkpt lat="40.996601" lon="-121.599957"/>
      <trkpt lat="40.996885" lon="-121.599920"/>
      <trkpt lat="40.997189" lon="-121.599936"/>
      <trkpt lat="40.997573" lon="-121.599995"/>
      <trkpt lat="40.997917" lon="-121.600215"/>
      <trkpt lat="40.998213" lon="-121.600360"/>
      <trkpt lat="40.998488" lon="-121.600472"/>
      <trkpt lat="40.998670" lon="-121.600623"/>
      <trkpt lat="40.998915" lon="-121.600942"/>
      <trkpt lat="40.999039" lon="-121.601078"/>
      <trkpt lat="40.999207" lon="-121.601355"/>
      <trkpt lat="40.999249" lon="-121.601521"/>
      <trkpt lat="40.999322" lon="-121.601880"/>
      <trkpt lat="40.999383" lon="-121.602135"/>
      <trkpt lat="40.999440" lon="-121.602253"/>
      <trkpt lat="40.999593" lon="-121.602428"/>
      <trkpt lat="40.999733" lon="-121.602615"/>
      <trkpt lat="40.999842" lon="-121.602790"/>
      <trkpt lat="40.999885" lon="-121.602937"/>
      <trkpt lat="41.000229" lon="-121.603493"/>
      <trkpt lat="41.000401" lon="-121.603718"/>
      <trkpt lat="41.000567" lon="-121.604018"/>
      <trkpt lat="41.000733" lon="-121.604206"/>
      <trkpt lat="41.000869" lon="-121.604488"/>
      <trkpt lat="41.001213" lon="-121.604713"/>
      <trkpt lat="41.001383" lon="-121.604831"/>
      <trkpt lat="41.001539" lon="-121.604917"/>
      <trkpt lat="41.001719" lon="-121.604906"/>
      <trkpt lat="41.001885" lon="-121.604871"/>
      <trkpt lat="41.002073" lon="-121.604842"/>
      <trkpt lat="41.002166" lon="-121.604860"/>
      <trkpt lat="41.002245" lon="-121.604968"/>
      <trkpt lat="41.002288" lon="-121.605063"/>
      <trkpt lat="41.002470" lon="-121.605228"/>
      <trkpt lat="41.002798" lon="-121.605585"/>
      <trkpt lat="41.002984" lon="-121.605692"/>
      <trkpt lat="41.003332" lon="-121.606022"/>
      <trkpt lat="41.003496" lon="-121.606105"/>
      <trkpt lat="41.003808" lon="-121.606247"/>
      <trkpt lat="41.003895" lon="-121.606239"/>
      <trkpt lat="41.004027" lon="-121.606242"/>
      <trkpt lat="41.004144" lon="-121.606261"/>
      <trkpt lat="41.004265" lon="-121.606295"/>
      <trkpt lat="41.004367" lon="-121.606365"/>
      <trkpt lat="41.004537" lon="-121.606464"/>
      <trkpt lat="41.004587" lon="-121.606502"/>
      <trkpt lat="41.004630" lon="-121.606553"/>
      <trkpt lat="41.004684" lon="-121.606759"/>
      <trkpt lat="41.004723" lon="-121.606944"/>
      <trkpt lat="41.004719" lon="-121.607113"/>
      <trkpt lat="41.004814" lon="-121.607261"/>
      <trkpt lat="41.004850" lon="-121.607398"/>
      <trkpt lat="41.004852" lon="-121.607653"/>
      <trkpt lat="41.004883" lon="-121.607814"/>
      <trkpt lat="41.004941" lon="-121.607889"/>
      <trkpt lat="41.005156" lon="-121.608200"/>
      <trkpt lat="41.005277" lon="-121.608484"/>
      <trkpt lat="41.005375" lon="-121.608677"/>
      <trkpt lat="41.005514" lon="-121.608841"/>
      <trkpt lat="41.005611" lon="-121.609013"/>
      <trkpt lat="41.005707" lon="-121.609128"/>
      <trkpt lat="41.005897" lon="-121.609313"/>
      <trkpt lat="41.006000" lon="-121.609350"/>
      <trkpt lat="41.006075" lon="-121.609442"/>
      <trkpt lat="41.006145" lon="-121.609725"/>
      <trkpt lat="41.006270" lon="-121.610048"/>
      <trkpt lat="41.006423" lon="-121.610209"/>
      <trkpt lat="41.006549" lon="-121.610359"/>
      <trkpt lat="41.006670" lon="-121.610477"/>
      <trkpt lat="41.006900" lon="-121.610590"/>
      <trkpt lat="41.007026" lon="-121.610590"/>
      <trkpt lat="41.007200" lon="-121.610568"/>
      <trkpt lat="41.007346" lon="-121.610584"/>
      <trkpt lat="41.007569" lon="-121.610772"/>
      <trkpt lat="41.007716" lon="-121.610912"/>
      <trkpt lat="41.007943" lon="-121.610946"/>
      <trkpt lat="41.008265" lon="-121.610914"/>
      <trkpt lat="41.008392" lon="-121.610946"/>
      <trkpt lat="41.008589" lon="-121.611123"/>
      <trkpt lat="41.008704" lon="-121.611268"/>
      <trkpt lat="41.008834" lon="-121.611351"/>
      <trkpt lat="41.009002" lon="-121.611357"/>
      <trkpt lat="41.009405" lon="-121.611299"/>
      <trkpt lat="41.009684" lon="-121.611389"/>
      <trkpt lat="41.009781" lon="-121.611467"/>
      <trkpt lat="41.009886" lon="-121.611641"/>
      <trkpt lat="41.009975" lon="-121.611869"/>
      <trkpt lat="41.010052" lon="-121.612014"/>
      <trkpt lat="41.010163" lon="-121.612135"/>
      <trkpt lat="41.010331" lon="-121.612330"/>
      <trkpt lat="41.010370" lon="-121.612502"/>
      <trkpt lat="41.010433" lon="-121.612666"/>
      <trkpt lat="41.010536" lon="-121.612778"/>
      <trkpt lat="41.010722" lon="-121.612921"/>
      <trkpt lat="41.010848" lon="-121.613057"/>
      <trkpt lat="41.010892" lon="-121.613175"/>
      <trkpt lat="41.010904" lon="-121.613272"/>
      <trkpt lat="41.010888" lon="-121.613379"/>
      <trkpt lat="41.010829" lon="-121.613529"/>
      <trkpt lat="41.010726" lon="-121.613610"/>
      <trkpt lat="41.010613" lon="-121.613671"/>
      <trkpt lat="41.010506" lon="-121.613803"/>
      <trkpt lat="41.010404" lon="-121.613953"/>
      <trkpt lat="41.010344" lon="-121.614071"/>
      <trkpt lat="41.010305" lon="-121.614211"/>
      <trkpt lat="41.010297" lon="-121.614366"/>
      <trkpt lat="41.010319" lon="-121.614511"/>
      <trkpt lat="41.010386" lon="-121.614659"/>
      <trkpt lat="41.010473" lon="-121.614811"/>
      <trkpt lat="41.010469" lon="-121.614948"/>
      <trkpt lat="41.010560" lon="-121.615179"/>
      <trkpt lat="41.010548" lon="-121.615321"/>
      <trkpt lat="41.010585" lon="-121.615436"/>
      <trkpt lat="41.010833" lon="-121.615667"/>
      <trkpt lat="41.010898" lon="-121.615823"/>
      <trkpt lat="41.010995" lon="-121.615927"/>
      <trkpt lat="41.011068" lon="-121.615978"/>
      <trkpt lat="41.011171" lon="-121.616018"/>
      <trkpt lat="41.011254" lon="-121.616094"/>
      <trkpt lat="41.011469" lon="-121.616193"/>
      <trkpt lat="41.011580" lon="-121.616257"/>
      <trkpt lat="41.011651" lon="-121.616402"/>
      <trkpt lat="41.011716" lon="-121.616579"/>
      <trkpt lat="41.011789" lon="-121.616721"/>
      <trkpt lat="41.012009" lon="-121.617121"/>
      <trkpt lat="41.012046" lon="-121.617298"/>
      <trkpt lat="41.012145" lon="-121.617411"/>
      <trkpt lat="41.012236" lon="-121.617486"/>
      <trkpt lat="41.012359" lon="-121.617735"/>
      <trkpt lat="41.012394" lon="-121.617885"/>
      <trkpt lat="41.012412" lon="-121.618030"/>
      <trkpt lat="41.012445" lon="-121.618167"/>
      <trkpt lat="41.012497" lon="-121.618322"/>
      <trkpt lat="41.012548" lon="-121.618435"/>
      <trkpt lat="41.012608" lon="-121.618516"/>
      <trkpt lat="41.012712" lon="-121.618593"/>
      <trkpt lat="41.012841" lon="-121.618776"/>
      <trkpt lat="41.013052" lon="-121.619092"/>
      <trkpt lat="41.013517" lon="-121.619621"/>
      <trkpt lat="41.013722" lon="-121.619862"/>
      <trkpt lat="41.013823" lon="-121.619988"/>
      <trkpt lat="41.013891" lon="-121.620093"/>
      <trkpt lat="41.013894" lon="-121.620216"/>
      <trkpt lat="41.013746" lon="-121.620565"/>
      <trkpt lat="41.013636" lon="-121.620672"/>
      <trkpt lat="41.013507" lon="-121.620707"/>
      <trkpt lat="41.013297" lon="-121.620712"/>
      <trkpt lat="41.013157" lon="-121.620731"/>
      <trkpt lat="41.013044" lon="-121.620777"/>
      <trkpt lat="41.012861" lon="-121.620817"/>
      <trkpt lat="41.012744" lon="-121.620897"/>
      <trkpt lat="41.012525" lon="-121.621010"/>
      <trkpt lat="41.012181" lon="-121.621090"/>
      <trkpt lat="41.012025" lon="-121.621169"/>
      <trkpt lat="41.011754" lon="-121.621227"/>
      <trkpt lat="41.011704" lon="-121.621313"/>
      <trkpt lat="41.011617" lon="-121.621437"/>
      <trkpt lat="41.011416" lon="-121.621635"/>
      <trkpt lat="41.011362" lon="-121.621742"/>
      <trkpt lat="41.011345" lon="-121.621847"/>
      <trkpt lat="41.011216" lon="-121.622035"/>
      <trkpt lat="41.011131" lon="-121.622171"/>
      <trkpt lat="41.011115" lon="-121.622381"/>
      <trkpt lat="41.011109" lon="-121.622541"/>
      <trkpt lat="41.011086" lon="-121.622756"/>
      <trkpt lat="41.011024" lon="-121.622957"/>
      <trkpt lat="41.010979" lon="-121.623156"/>
      <trkpt lat="41.010905" lon="-121.623314"/>
      <trkpt lat="41.010797" lon="-121.623395"/>
      <trkpt lat="41.010675" lon="-121.623451"/>
      <trkpt lat="41.010520" lon="-121.623612"/>
      <trkpt lat="41.010309" lon="-121.623842"/>
      <trkpt lat="41.010178" lon="-121.623907"/>
      <trkpt lat="41.010087" lon="-121.623983"/>
      <trkpt lat="41.009985" lon="-121.624124"/>
      <trkpt lat="41.009906" lon="-121.624318"/>
      <trkpt lat="41.009811" lon="-121.624513"/>
      <trkpt lat="41.009769" lon="-121.624674"/>
      <trkpt lat="41.009688" lon="-121.624840"/>
      <trkpt lat="41.009526" lon="-121.624966"/>
      <trkpt lat="41.009411" lon="-121.625090"/>
      <trkpt lat="41.009315" lon="-121.625208"/>
      <trkpt lat="41.009111" lon="-121.625497"/>
      <trkpt lat="41.008909" lon="-121.625755"/>
      <trkpt lat="41.008781" lon="-121.625948"/>
      <trkpt lat="41.008674" lon="-121.626090"/>
      <trkpt lat="41.008564" lon="-121.626176"/>
      <trkpt lat="41.008390" lon="-121.626248"/>
      <trkpt lat="41.008192" lon="-121.626302"/>
      <trkpt lat="41.007929" lon="-121.626350"/>
      <trkpt lat="41.007544" lon="-121.626288"/>
      <trkpt lat="41.007439" lon="-121.626278"/>
      <trkpt lat="41.007316" lon="-121.626307"/>
      <trkpt lat="41.007192" lon="-121.626380"/>
      <trkpt lat="41.007085" lon="-121.626460"/>
      <trkpt lat="41.006988" lon="-121.626608"/>
      <trkpt lat="41.006933" lon="-121.626788"/>
      <trkpt lat="41.006923" lon="-121.626948"/>
      <trkpt lat="41.006937" lon="-121.627353"/>
      <trkpt lat="41.006881" lon="-121.627563"/>
      <trkpt lat="41.006866" lon="-121.627917"/>
      <trkpt lat="41.006872" lon="-121.628287"/>
      <trkpt lat="41.006882" lon="-121.628741"/>
      <trkpt lat="41.006976" lon="-121.629116"/>
      <trkpt lat="41.007000" lon="-121.629328"/>
      <trkpt lat="41.006989" lon="-121.629529"/>
      <trkpt lat="41.006968" lon="-121.629792"/>
      <trkpt lat="41.006974" lon="-121.629977"/>
      <trkpt lat="41.007000" lon="-121.630124"/>
      <trkpt lat="41.007117" lon="-121.630588"/>
      <trkpt lat="41.007204" lon="-121.630974"/>
      <trkpt lat="41.007296" lon="-121.631256"/>
      <trkpt lat="41.007366" lon="-121.631425"/>
      <trkpt lat="41.007581" lon="-121.631618"/>
      <trkpt lat="41.007706" lon="-121.631800"/>
      <trkpt lat="41.007847" lon="-121.631892"/>
      <trkpt lat="41.008006" lon="-121.632053"/>
      <trkpt lat="41.008207" lon="-121.632333"/>
      <trkpt lat="41.008366" lon="-121.632777"/>
      <trkpt lat="41.008453" lon="-121.633154"/>
      <trkpt lat="41.008505" lon="-121.633416"/>
      <trkpt lat="41.008516" lon="-121.633646"/>
      <trkpt lat="41.008506" lon="-121.633996"/>
      <trkpt lat="41.008601" lon="-121.634564"/>
      <trkpt lat="41.008662" lon="-121.634853"/>
      <trkpt lat="41.008686" lon="-121.635068"/>
      <trkpt lat="41.008702" lon="-121.635362"/>
      <trkpt lat="41.008593" lon="-121.635679"/>
      <trkpt lat="41.008637" lon="-121.635894"/>
      <trkpt lat="41.008601" lon="-121.636173"/>
      <trkpt lat="41.008597" lon="-121.636524"/>
      <trkpt lat="41.008662" lon="-121.636768"/>
      <trkpt lat="41.008795" lon="-121.637342"/>
      <trkpt lat="41.008904" lon="-121.637626"/>
      <trkpt lat="41.008957" lon="-121.637787"/>
      <trkpt lat="41.008965" lon="-121.638013"/>
      <trkpt lat="41.009046" lon="-121.638452"/>
      <trkpt lat="41.009111" lon="-121.638951"/>
      <trkpt lat="41.009152" lon="-121.639225"/>
      <trkpt lat="41.009147" lon="-121.639375"/>
      <trkpt lat="41.009190" lon="-121.639871"/>
      <trkpt lat="41.009138" lon="-121.640324"/>
      <trkpt lat="41.009176" lon="-121.640834"/>
      <trkpt lat="41.009204" lon="-121.641059"/>
      <trkpt lat="41.009265" lon="-121.641322"/>
      <trkpt lat="41.009232" lon="-121.641510"/>
      <trkpt lat="41.009155" lon="-121.641659"/>
      <trkpt lat="41.009054" lon="-121.641773"/>
      <trkpt lat="41.008981" lon="-121.641966"/>
      <trkpt lat="41.008750" lon="-121.642092"/>
      <trkpt lat="41.008430" lon="-121.642216"/>
      <trkpt lat="41.008355" lon="-121.642263"/>
      <trkpt lat="41.008287" lon="-121.642237"/>
      <trkpt lat="41.008216" lon="-121.642158"/>
      <trkpt lat="41.008133" lon="-121.642128"/>
      <trkpt lat="41.007976" lon="-121.642013"/>
      <trkpt lat="41.007850" lon="-121.641878"/>
      <trkpt lat="41.007593" lon="-121.641524"/>
      <trkpt lat="41.007435" lon="-121.641432"/>
      <trkpt lat="41.007310" lon="-121.641381"/>
      <trkpt lat="41.007042" lon="-121.641365"/>
      <trkpt lat="41.006797" lon="-121.641325"/>
      <trkpt lat="41.006571" lon="-121.641255"/>
      <trkpt lat="41.006440" lon="-121.641066"/>
    </trkseg>
    <trkseg>
      <trkpt lat="40.934315" lon="-121.548795"/>
      <trkpt lat="40.934411" lon="-121.548834"/>
    </trkseg>
    <trkseg>
      <trkpt lat="40.929802" lon="-121.544469"/>
      <trkpt lat="40.929884" lon="-121.544564"/>
      <trkpt lat="40.930065" lon="-121.544761"/>
      <trkpt lat="40.930182" lon="-121.544806"/>
      <trkpt lat="40.930280" lon="-121.544956"/>
      <trkpt lat="40.930403" lon="-121.545110"/>
      <trkpt lat="40.930577" lon="-121.545291"/>
      <trkpt lat="40.930843" lon="-121.545401"/>
      <trkpt lat="40.930935" lon="-121.545407"/>
      <trkpt lat="40.931169" lon="-121.545508"/>
      <trkpt lat="40.931307" lon="-121.545589"/>
      <trkpt lat="40.931444" lon="-121.545707"/>
      <trkpt lat="40.931533" lon="-121.545846"/>
      <trkpt lat="40.931604" lon="-121.546001"/>
      <trkpt lat="40.931659" lon="-121.546139"/>
      <trkpt lat="40.931683" lon="-121.546242"/>
      <trkpt lat="40.931661" lon="-121.546359"/>
      <trkpt lat="40.931625" lon="-121.546420"/>
      <trkpt lat="40.931551" lon="-121.546466"/>
      <trkpt lat="40.931507" lon="-121.546489"/>
      <trkpt lat="40.931400" lon="-121.546623"/>
      <trkpt lat="40.931230" lon="-121.546773"/>
      <trkpt lat="40.931223" lon="-121.546891"/>
      <trkpt lat="40.931278" lon="-121.547051"/>
      <trkpt lat="40.931335" lon="-121.547122"/>
      <trkpt lat="40.931401" lon="-121.547194"/>
      <trkpt lat="40.931524" lon="-121.547328"/>
      <trkpt lat="40.931625" lon="-121.547496"/>
      <trkpt lat="40.931720" lon="-121.547669"/>
      <trkpt lat="40.931775" lon="-121.547802"/>
      <trkpt lat="40.931824" lon="-121.547953"/>
      <trkpt lat="40.931877" lon="-121.548083"/>
      <trkpt lat="40.931926" lon="-121.548238"/>
      <trkpt lat="40.931969" lon="-121.548413"/>
      <trkpt lat="40.931975" lon="-121.548543"/>
      <trkpt lat="40.932026" lon="-121.548684"/>
      <trkpt lat="40.932099" lon="-121.548761"/>
      <trkpt lat="40.932200" lon="-121.548762"/>
      <trkpt lat="40.932246" lon="-121.548721"/>
      <trkpt lat="40.932285" lon="-121.548629"/>
      <trkpt lat="40.932361" lon="-121.548518"/>
      <trkpt lat="40.932423" lon="-121.548494"/>
      <trkpt lat="40.932540" lon="-121.548482"/>
      <trkpt lat="40.932703" lon="-121.548510"/>
      <trkpt lat="40.932858" lon="-121.548569"/>
      <trkpt lat="40.933084" lon="-121.548628"/>
      <trkpt lat="40.933255" lon="-121.548682"/>
      <trkpt lat="40.933329" lon="-121.548700"/>
      <trkpt lat="40.933442" lon="-121.548667"/>
      <trkpt lat="40.933523" lon="-121.548700"/>
      <trkpt lat="40.933656" lon="-121.548856"/>
      <trkpt lat="40.933729" lon="-121.548911"/>
      <trkpt lat="40.933799" lon="-121.548914"/>
      <trkpt lat="40.933924" lon="-121.548942"/>
      <trkpt lat="40.934041" lon="-121.548950"/>
      <trkpt lat="40.934120" lon="-121.548924"/>
      <trkpt lat="40.934278" lon="-121.548817"/>
      <trkpt lat="40.934315" lon="-121.548795"/>
    </trkseg>
    <trkseg>
      <trkpt lat="40.929482" lon="-121.544197"/>
      <trkpt lat="40.929500" lon="-121.544279"/>
      <trkpt lat="40.929802" lon="-121.544469"/>
    </trkseg>
    <trkseg>
      <trkpt lat="40.843305" lon="-121.423927"/>
      <trkpt lat="40.843282" lon="-121.424227"/>
      <trkpt lat="40.843315" lon="-121.424380"/>
      <trkpt lat="40.843339" lon="-121.424603"/>
      <trkpt lat="40.843413" lon="-121.424788"/>
      <trkpt lat="40.843544" lon="-121.424941"/>
      <trkpt lat="40.843605" lon="-121.425077"/>
      <trkpt lat="40.843635" lon="-121.425295"/>
      <trkpt lat="40.843686" lon="-121.425364"/>
      <trkpt lat="40.843752" lon="-121.425413"/>
      <trkpt lat="40.843802" lon="-121.425517"/>
      <trkpt lat="40.843820" lon="-121.425627"/>
      <trkpt lat="40.843882" lon="-121.425814"/>
      <trkpt lat="40.843984" lon="-121.426059"/>
      <trkpt lat="40.844040" lon="-121.426204"/>
      <trkpt lat="40.844037" lon="-121.426432"/>
      <trkpt lat="40.844063" lon="-121.426526"/>
      <trkpt lat="40.844130" lon="-121.426579"/>
      <trkpt lat="40.844213" lon="-121.426596"/>
      <trkpt lat="40.844291" lon="-121.426628"/>
      <trkpt lat="40.844334" lon="-121.426684"/>
      <trkpt lat="40.844392" lon="-121.426721"/>
      <trkpt lat="40.844493" lon="-121.426740"/>
      <trkpt lat="40.844547" lon="-121.426781"/>
      <trkpt lat="40.844620" lon="-121.426794"/>
      <trkpt lat="40.844788" lon="-121.426810"/>
      <trkpt lat="40.844906" lon="-121.426811"/>
      <trkpt lat="40.844945" lon="-121.426839"/>
      <trkpt lat="40.845042" lon="-121.426830"/>
      <trkpt lat="40.845105" lon="-121.426850"/>
      <trkpt lat="40.845135" lon="-121.426821"/>
      <trkpt lat="40.845172" lon="-121.426811"/>
      <trkpt lat="40.845231" lon="-121.426772"/>
      <trkpt lat="40.845306" lon="-121.426770"/>
      <trkpt lat="40.845403" lon="-121.426805"/>
      <trkpt lat="40.845478" lon="-121.426867"/>
      <trkpt lat="40.845710" lon="-121.426931"/>
      <trkpt lat="40.845906" lon="-121.426928"/>
      <trkpt lat="40.845978" lon="-121.426939"/>
      <trkpt lat="40.846019" lon="-121.426956"/>
      <trkpt lat="40.846065" lon="-121.426988"/>
      <trkpt lat="40.846130" lon="-121.427021"/>
      <trkpt lat="40.846239" lon="-121.427094"/>
      <trkpt lat="40.846313" lon="-121.427126"/>
      <trkpt lat="40.846379" lon="-121.427196"/>
      <trkpt lat="40.846420" lon="-121.427218"/>
      <trkpt lat="40.846535" lon="-121.427304"/>
      <trkpt lat="40.846596" lon="-121.427426"/>
      <trkpt lat="40.846649" lon="-121.427517"/>
      <trkpt lat="40.846738" lon="-121.427621"/>
      <trkpt lat="40.846811" lon="-121.427694"/>
      <trkpt lat="40.847005" lon="-121.427868"/>
      <trkpt lat="40.847121" lon="-121.427955"/>
      <trkpt lat="40.847237" lon="-121.427982"/>
      <trkpt lat="40.847267" lon="-121.427994"/>
      <trkpt lat="40.847315" lon="-121.428034"/>
      <trkpt lat="40.847407" lon="-121.428065"/>
      <trkpt lat="40.847516" lon="-121.428084"/>
      <trkpt lat="40.847587" lon="-121.428090"/>
      <trkpt lat="40.847652" lon="-121.428150"/>
      <trkpt lat="40.847769" lon="-121.428195"/>
      <trkpt lat="40.847826" lon="-121.428222"/>
      <trkpt lat="40.847940" lon="-121.428319"/>
      <trkpt lat="40.848012" lon="-121.428368"/>
      <trkpt lat="40.848114" lon="-121.428456"/>
      <trkpt lat="40.848247" lon="-121.428584"/>
      <trkpt lat="40.848344" lon="-121.428776"/>
      <trkpt lat="40.848379" lon="-121.428812"/>
      <trkpt lat="40.848416" lon="-121.428830"/>
      <trkpt lat="40.848579" lon="-121.428934"/>
      <trkpt lat="40.848666" lon="-121.428981"/>
      <trkpt lat="40.848720" lon="-121.429001"/>
      <trkpt lat="40.848817" lon="-121.429025"/>
      <trkpt lat="40.848900" lon="-121.429054"/>
      <trkpt lat="40.848932" lon="-121.429075"/>
      <trkpt lat="40.848973" lon="-121.429119"/>
      <trkpt lat="40.849094" lon="-121.429271"/>
      <trkpt lat="40.849216" lon="-121.429390"/>
      <trkpt lat="40.849262" lon="-121.429428"/>
      <trkpt lat="40.849384" lon="-121.429542"/>
      <trkpt lat="40.849467" lon="-121.429665"/>
      <trkpt lat="40.849485" lon="-121.429736"/>
      <trkpt lat="40.849501" lon="-121.429826"/>
      <trkpt lat="40.849637" lon="-121.430178"/>
      <trkpt lat="40.849729" lon="-121.430250"/>
      <trkpt lat="40.849873" lon="-121.430445"/>
      <trkpt lat="40.849928" lon="-121.430459"/>
      <trkpt lat="40.849975" lon="-121.430450"/>
      <trkpt lat="40.850048" lon="-121.430447"/>
      <trkpt lat="40.850120" lon="-121.430471"/>
      <trkpt lat="40.850204" lon="-121.430517"/>
      <trkpt lat="40.850273" lon="-121.430571"/>
      <trkpt lat="40.850350" lon="-121.430659"/>
      <trkpt lat="40.850421" lon="-121.430793"/>
      <trkpt lat="40.850517" lon="-121.430920"/>
      <trkpt lat="40.850566" lon="-121.430996"/>
      <trkpt lat="40.850637" lon="-121.431071"/>
      <trkpt lat="40.850667" lon="-121.431087"/>
      <trkpt lat="40.850745" lon="-121.431110"/>
      <trkpt lat="40.850784" lon="-121.431134"/>
      <trkpt lat="40.850833" lon="-121.431190"/>
      <trkpt lat="40.850921" lon="-121.431339"/>
      <trkpt lat="40.850946" lon="-121.431372"/>
      <trkpt lat="40.851035" lon="-121.431417"/>
      <trkpt lat="40.851088" lon="-121.431456"/>
      <trkpt lat="40.851360" lon="-121.431700"/>
      <trkpt lat="40.851415" lon="-121.431739"/>
      <trkpt lat="40.851474" lon="-121.431752"/>
      <trkpt lat="40.851522" lon="-121.431753"/>
      <trkpt lat="40.851603" lon="-121.431747"/>
      <trkpt lat="40.851636" lon="-121.431736"/>
      <trkpt lat="40.851716" lon="-121.431694"/>
      <trkpt lat="40.851738" lon="-121.431697"/>
      <trkpt lat="40.851769" lon="-121.431724"/>
      <trkpt lat="40.851779" lon="-121.431765"/>
      <trkpt lat="40.851806" lon="-121.431837"/>
      <trkpt lat="40.851865" lon="-121.431944"/>
      <trkpt lat="40.851912" lon="-121.431991"/>
      <trkpt lat="40.851967" lon="-121.432028"/>
      <trkpt lat="40.852064" lon="-121.432071"/>
      <trkpt lat="40.852118" lon="-121.432124"/>
      <trkpt lat="40.852269" lon="-121.432303"/>
      <trkpt lat="40.852328" lon="-121.432404"/>
      <trkpt lat="40.852375" lon="-121.432444"/>
      <trkpt lat="40.852459" lon="-121.432495"/>
      <trkpt lat="40.852491" lon="-121.432527"/>
      <trkpt lat="40.852532" lon="-121.432596"/>
      <trkpt lat="40.852610" lon="-121.432691"/>
      <trkpt lat="40.852680" lon="-121.432761"/>
      <trkpt lat="40.852746" lon="-121.432798"/>
      <trkpt lat="40.853023" lon="-121.432975"/>
      <trkpt lat="40.853053" lon="-121.433012"/>
      <trkpt lat="40.853123" lon="-121.433025"/>
      <trkpt lat="40.853254" lon="-121.433019"/>
      <trkpt lat="40.853384" lon="-121.433033"/>
      <trkpt lat="40.853456" lon="-121.433030"/>
      <trkpt lat="40.853502" lon="-121.432990"/>
      <trkpt lat="40.853519" lon="-121.432948"/>
      <trkpt lat="40.853529" lon="-121.432909"/>
      <trkpt lat="40.853560" lon="-121.432891"/>
      <trkpt lat="40.853655" lon="-121.432814"/>
      <trkpt lat="40.853721" lon="-121.432722"/>
      <trkpt lat="40.853780" lon="-121.432620"/>
      <trkpt lat="40.853829" lon="-121.432414"/>
      <trkpt lat="40.853819" lon="-121.432365"/>
      <trkpt lat="40.853833" lon="-121.432318"/>
      <trkpt lat="40.853845" lon="-121.432201"/>
      <trkpt lat="40.854060" lon="-121.431492"/>
      <trkpt lat="40.854119" lon="-121.431346"/>
      <trkpt lat="40.854138" lon="-121.431202"/>
      <trkpt lat="40.854144" lon="-121.431068"/>
      <trkpt lat="40.854169" lon="-121.430915"/>
      <trkpt lat="40.854202" lon="-121.430823"/>
      <trkpt lat="40.854238" lon="-121.430772"/>
      <trkpt lat="40.854266" lon="-121.430717"/>
      <trkpt lat="40.854336" lon="-121.430616"/>
      <trkpt lat="40.854463" lon="-121.430566"/>
      <trkpt lat="40.854864" lon="-121.430297"/>
      <trkpt lat="40.854925" lon="-121.430263"/>
      <trkpt lat="40.855011" lon="-121.430186"/>
      <trkpt lat="40.855070" lon="-121.430115"/>
      <trkpt lat="40.855176" lon="-121.429948"/>
      <trkpt lat="40.855239" lon="-121.429825"/>
      <trkpt lat="40.855348" lon="-121.429647"/>
      <trkpt lat="40.855373" lon="-121.429594"/>
      <trkpt lat="40.855405" lon="-121.429553"/>
      <trkpt lat="40.855463" lon="-121.429523"/>
      <trkpt lat="40.855525" lon="-121.429474"/>
      <trkpt lat="40.855671" lon="-121.429402"/>
      <trkpt lat="40.855748" lon="-121.429385"/>
      <trkpt lat="40.855815" lon="-121.429346"/>
      <trkpt lat="40.855990" lon="-121.429211"/>
      <trkpt lat="40.856048" lon="-121.429185"/>
      <trkpt lat="40.856083" lon="-121.429178"/>
      <trkpt lat="40.856140" lon="-121.429140"/>
      <trkpt lat="40.856200" lon="-121.429071"/>
      <trkpt lat="40.856272" lon="-121.428971"/>
      <trkpt lat="40.856287" lon="-121.428899"/>
      <trkpt lat="40.856342" lon="-121.428853"/>
      <trkpt lat="40.856413" lon="-121.428803"/>
      <trkpt lat="40.856522" lon="-121.428755"/>
      <trkpt lat="40.856604" lon="-121.428706"/>
      <trkpt lat="40.856680" lon="-121.428650"/>
      <trkpt lat="40.856758" lon="-121.428567"/>
      <trkpt lat="40.856815" lon="-121.428486"/>
      <trkpt lat="40.856924" lon="-121.428347"/>
      <trkpt lat="40.857042" lon="-121.428179"/>
      <trkpt lat="40.857088" lon="-121.428096"/>
      <trkpt lat="40.857129" lon="-121.428043"/>
      <trkpt lat="40.857291" lon="-121.427918"/>
      <trkpt lat="40.857485" lon="-121.427742"/>
      <trkpt lat="40.857592" lon="-121.427639"/>
      <trkpt lat="40.857719" lon="-121.427477"/>
      <trkpt lat="40.857766" lon="-121.427397"/>
      <trkpt lat="40.857832" lon="-121.427259"/>
      <trkpt lat="40.857886" lon="-121.427054"/>
      <trkpt lat="40.857925" lon="-121.426869"/>
      <trkpt lat="40.857974" lon="-121.426657"/>
      <trkpt lat="40.858007" lon="-121.426475"/>
      <trkpt lat="40.858018" lon="-121.426351"/>
      <trkpt lat="40.858025" lon="-121.426097"/>
      <trkpt lat="40.858012" lon="-121.426003"/>
      <trkpt lat="40.858021" lon="-121.425949"/>
      <trkpt lat="40.858021" lon="-121.425910"/>
      <trkpt lat="40.858042" lon="-121.425894"/>
      <trkpt lat="40.858067" lon="-121.425907"/>
      <trkpt lat="40.858100" lon="-121.425942"/>
      <trkpt lat="40.858234" lon="-121.426042"/>
      <trkpt lat="40.858373" lon="-121.426126"/>
      <trkpt lat="40.858517" lon="-121.426185"/>
      <trkpt lat="40.858661" lon="-121.426197"/>
      <trkpt lat="40.858803" lon="-121.426197"/>
      <trkpt lat="40.858917" lon="-121.426185"/>
      <trkpt lat="40.858987" lon="-121.426196"/>
      <trkpt lat="40.859053" lon="-121.426235"/>
      <trkpt lat="40.859100" lon="-121.426248"/>
      <trkpt lat="40.859165" lon="-121.426255"/>
      <trkpt lat="40.859278" lon="-121.426333"/>
      <trkpt lat="40.859322" lon="-121.426341"/>
      <trkpt lat="40.859377" lon="-121.426343"/>
      <trkpt lat="40.859550" lon="-121.426453"/>
      <trkpt lat="40.859624" lon="-121.426461"/>
      <trkpt lat="40.859658" lon="-121.426445"/>
      <trkpt lat="40.859721" lon="-121.426480"/>
      <trkpt lat="40.859774" lon="-121.426488"/>
      <trkpt lat="40.859868" lon="-121.426534"/>
      <trkpt lat="40.859924" lon="-121.426586"/>
      <trkpt lat="40.859992" lon="-121.426614"/>
      <trkpt lat="40.860080" lon="-121.426633"/>
      <trkpt lat="40.860160" lon="-121.426630"/>
      <trkpt lat="40.860214" lon="-121.426598"/>
      <trkpt lat="40.860253" lon="-121.426598"/>
      <trkpt lat="40.860296" lon="-121.426620"/>
      <trkpt lat="40.860362" lon="-121.426626"/>
      <trkpt lat="40.860426" lon="-121.426660"/>
      <trkpt lat="40.860514" lon="-121.426688"/>
      <trkpt lat="40.860765" lon="-121.426716"/>
      <trkpt lat="40.860860" lon="-121.426717"/>
      <trkpt lat="40.860917" lon="-121.426697"/>
      <trkpt lat="40.861048" lon="-121.426567"/>
      <trkpt lat="40.861141" lon="-121.426453"/>
      <trkpt lat="40.861174" lon="-121.426397"/>
      <trkpt lat="40.861197" lon="-121.426319"/>
      <trkpt lat="40.861210" lon="-121.426251"/>
      <trkpt lat="40.861252" lon="-121.426142"/>
      <trkpt lat="40.861328" lon="-121.425988"/>
      <trkpt lat="40.861371" lon="-121.425922"/>
      <trkpt lat="40.861466" lon="-121.425811"/>
      <trkpt lat="40.861514" lon="-121.425781"/>
      <trkpt lat="40.861572" lon="-121.425777"/>
      <trkpt lat="40.861708" lon="-121.425729"/>
      <trkpt lat="40.861834" lon="-121.425724"/>
      <trkpt lat="40.861893" lon="-121.425697"/>
      <trkpt lat="40.861954" lon="-121.425697"/>
      <trkpt lat="40.862129" lon="-121.425756"/>
      <trkpt lat="40.862172" lon="-121.425751"/>
      <trkpt lat="40.862245" lon="-121.425720"/>
      <trkpt lat="40.862335" lon="-121.425696"/>
      <trkpt lat="40.862433" lon="-121.425701"/>
      <trkpt lat="40.862607" lon="-121.425742"/>
      <trkpt lat="40.862740" lon="-121.425740"/>
      <trkpt lat="40.862793" lon="-121.425764"/>
      <trkpt lat="40.862861" lon="-121.425820"/>
      <trkpt lat="40.862927" lon="-121.425902"/>
      <trkpt lat="40.862962" lon="-121.425934"/>
      <trkpt lat="40.862986" lon="-121.425948"/>
      <trkpt lat="40.863020" lon="-121.425952"/>
      <trkpt lat="40.863111" lon="-121.425938"/>
      <trkpt lat="40.863256" lon="-121.425937"/>
      <trkpt lat="40.863400" lon="-121.425898"/>
      <trkpt lat="40.863494" lon="-121.425856"/>
      <trkpt lat="40.863540" lon="-121.425818"/>
      <trkpt lat="40.863632" lon="-121.425716"/>
      <trkpt lat="40.863797" lon="-121.425472"/>
      <trkpt lat="40.863860" lon="-121.425397"/>
      <trkpt lat="40.863997" lon="-121.425262"/>
      <trkpt lat="40.864073" lon="-121.425148"/>
      <trkpt lat="40.864101" lon="-121.425124"/>
      <trkpt lat="40.864130" lon="-121.425118"/>
      <trkpt lat="40.864175" lon="-121.425095"/>
      <trkpt lat="40.864266" lon="-121.425099"/>
      <trkpt lat="40.864541" lon="-121.425018"/>
      <trkpt lat="40.864696" lon="-121.424966"/>
      <trkpt lat="40.864863" lon="-121.424932"/>
      <trkpt lat="40.865038" lon="-121.424887"/>
      <trkpt lat="40.865177" lon="-121.424840"/>
      <trkpt lat="40.865214" lon="-121.424813"/>
      <trkpt lat="40.865242" lon="-121.424809"/>
      <trkpt lat="40.865284" lon="-121.424816"/>
      <trkpt lat="40.865331" lon="-121.424833"/>
      <trkpt lat="40.865374" lon="-121.424868"/>
      <trkpt lat="40.865420" lon="-121.424876"/>
      <trkpt lat="40.865570" lon="-121.424930"/>
      <trkpt lat="40.865653" lon="-121.424973"/>
      <trkpt lat="40.865712" lon="-121.424986"/>
      <trkpt lat="40.865888" lon="-121.425075"/>
      <trkpt lat="40.866186" lon="-121.425178"/>
      <trkpt lat="40.866354" lon="-121.425219"/>
      <trkpt lat="40.866407" lon="-121.425241"/>
      <trkpt lat="40.866540" lon="-121.425333"/>
      <trkpt lat="40.866603" lon="-121.425368"/>
      <trkpt lat="40.866654" lon="-121.425403"/>
      <trkpt lat="40.866698" lon="-121.425442"/>
      <trkpt lat="40.866743" lon="-121.425515"/>
      <trkpt lat="40.866783" lon="-121.425568"/>
      <trkpt lat="40.866893" lon="-121.425777"/>
      <trkpt lat="40.867024" lon="-121.426003"/>
      <trkpt lat="40.867053" lon="-121.426028"/>
      <trkpt lat="40.867065" lon="-121.426080"/>
      <trkpt lat="40.867087" lon="-121.426122"/>
      <trkpt lat="40.867092" lon="-121.426170"/>
      <trkpt lat="40.867127" lon="-121.426235"/>
      <trkpt lat="40.867178" lon="-121.426361"/>
      <trkpt lat="40.867192" lon="-121.426465"/>
      <trkpt lat="40.867228" lon="-121.426679"/>
      <trkpt lat="40.867272" lon="-121.426909"/>
      <trkpt lat="40.867309" lon="-121.427003"/>
      <trkpt lat="40.867400" lon="-121.427306"/>
      <trkpt lat="40.867590" lon="-121.427709"/>
      <trkpt lat="40.867625" lon="-121.427847"/>
      <trkpt lat="40.867665" lon="-121.427977"/>
      <trkpt lat="40.867702" lon="-121.428052"/>
      <trkpt lat="40.867874" lon="-121.428288"/>
      <trkpt lat="40.867960" lon="-121.428444"/>
      <trkpt lat="40.868000" lon="-121.428531"/>
      <trkpt lat="40.868054" lon="-121.428599"/>
      <trkpt lat="40.868104" lon="-121.428696"/>
      <trkpt lat="40.868139" lon="-121.428775"/>
      <trkpt lat="40.868150" lon="-121.428826"/>
      <trkpt lat="40.868187" lon="-121.428889"/>
      <trkpt lat="40.868275" lon="-121.429009"/>
      <trkpt lat="40.868308" lon="-121.429067"/>
      <trkpt lat="40.868373" lon="-121.429153"/>
      <trkpt lat="40.868373" lon="-121.429182"/>
      <trkpt lat="40.868447" lon="-121.429225"/>
      <trkpt lat="40.868501" lon="-121.429237"/>
      <trkpt lat="40.868539" lon="-121.429258"/>
      <trkpt lat="40.868576" lon="-121.429282"/>
      <trkpt lat="40.868615" lon="-121.429330"/>
      <trkpt lat="40.868665" lon="-121.429370"/>
      <trkpt lat="40.868732" lon="-121.429398"/>
      <trkpt lat="40.868829" lon="-121.429417"/>
      <trkpt lat="40.869005" lon="-121.429490"/>
      <trkpt lat="40.869057" lon="-121.429516"/>
      <trkpt lat="40.869191" lon="-121.429691"/>
      <trkpt lat="40.869259" lon="-121.429790"/>
      <trkpt lat="40.869318" lon="-121.429901"/>
      <trkpt lat="40.869324" lon="-121.429936"/>
      <trkpt lat="40.869328" lon="-121.430030"/>
      <trkpt lat="40.869351" lon="-121.430082"/>
      <trkpt lat="40.869358" lon="-121.430147"/>
      <trkpt lat="40.869400" lon="-121.430253"/>
      <trkpt lat="40.869400" lon="-121.430312"/>
      <trkpt lat="40.869404" lon="-121.430357"/>
      <trkpt lat="40.869388" lon="-121.430423"/>
      <trkpt lat="40.869379" lon="-121.430489"/>
      <trkpt lat="40.869379" lon="-121.430587"/>
      <trkpt lat="40.869386" lon="-121.430667"/>
      <trkpt lat="40.869416" lon="-121.430733"/>
      <trkpt lat="40.869554" lon="-121.430904"/>
      <trkpt lat="40.869618" lon="-121.430963"/>
      <trkpt lat="40.869682" lon="-121.431000"/>
      <trkpt lat="40.869777" lon="-121.431033"/>
      <trkpt lat="40.869823" lon="-121.431041"/>
      <trkpt lat="40.869872" lon="-121.431029"/>
      <trkpt lat="40.869951" lon="-121.431000"/>
      <trkpt lat="40.870037" lon="-121.430976"/>
      <trkpt lat="40.870132" lon="-121.430970"/>
      <trkpt lat="40.870201" lon="-121.430978"/>
      <trkpt lat="40.870329" lon="-121.431049"/>
      <trkpt lat="40.870372" lon="-121.431052"/>
      <trkpt lat="40.870476" lon="-121.431029"/>
      <trkpt lat="40.870540" lon="-121.431005"/>
      <trkpt lat="40.870742" lon="-121.430962"/>
      <trkpt lat="40.870932" lon="-121.430954"/>
      <trkpt lat="40.871046" lon="-121.430937"/>
      <trkpt lat="40.871123" lon="-121.430918"/>
      <trkpt lat="40.871463" lon="-121.430674"/>
      <trkpt lat="40.871546" lon="-121.430633"/>
      <trkpt lat="40.871714" lon="-121.430534"/>
      <trkpt lat="40.871783" lon="-121.430487"/>
      <trkpt lat="40.871931" lon="-121.430431"/>
      <trkpt lat="40.872180" lon="-121.430200"/>
      <trkpt lat="40.872253" lon="-121.430085"/>
      <trkpt lat="40.872303" lon="-121.429998"/>
      <trkpt lat="40.872390" lon="-121.429879"/>
      <trkpt lat="40.872626" lon="-121.429624"/>
      <trkpt lat="40.872697" lon="-121.429527"/>
      <trkpt lat="40.872805" lon="-121.429393"/>
      <trkpt lat="40.872846" lon="-121.429329"/>
      <trkpt lat="40.872914" lon="-121.429200"/>
      <trkpt lat="40.872957" lon="-121.429102"/>
      <trkpt lat="40.872997" lon="-121.429063"/>
      <trkpt lat="40.873044" lon="-121.429052"/>
      <trkpt lat="40.873157" lon="-121.429123"/>
      <trkpt lat="40.873243" lon="-121.429255"/>
      <trkpt lat="40.873276" lon="-121.429283"/>
      <trkpt lat="40.873358" lon="-121.429378"/>
      <trkpt lat="40.873464" lon="-121.429481"/>
      <trkpt lat="40.873517" lon="-121.429487"/>
      <trkpt lat="40.873590" lon="-121.429506"/>
      <trkpt lat="40.873644" lon="-121.429644"/>
      <trkpt lat="40.873694" lon="-121.429739"/>
      <trkpt lat="40.873801" lon="-121.429901"/>
      <trkpt lat="40.873967" lon="-121.430195"/>
      <trkpt lat="40.873976" lon="-121.430261"/>
      <trkpt lat="40.874004" lon="-121.430329"/>
      <trkpt lat="40.874039" lon="-121.430391"/>
      <trkpt lat="40.874099" lon="-121.430432"/>
      <trkpt lat="40.874217" lon="-121.430528"/>
      <trkpt lat="40.874279" lon="-121.430599"/>
      <trkpt lat="40.874349" lon="-121.430631"/>
      <trkpt lat="40.874392" lon="-121.430656"/>
      <trkpt lat="40.874488" lon="-121.430690"/>
      <trkpt lat="40.874657" lon="-121.430721"/>
      <trkpt lat="40.874704" lon="-121.430715"/>
      <trkpt lat="40.874759" lon="-121.430734"/>
      <trkpt lat="40.874808" lon="-121.430770"/>
      <trkpt lat="40.874859" lon="-121.430843"/>
      <trkpt lat="40.875017" lon="-121.431088"/>
      <trkpt lat="40.875228" lon="-121.431398"/>
      <trkpt lat="40.875321" lon="-121.431548"/>
      <trkpt lat="40.875438" lon="-121.431786"/>
      <trkpt lat="40.875555" lon="-121.431921"/>
      <trkpt lat="40.875642" lon="-121.432046"/>
      <trkpt lat="40.875756" lon="-121.432191"/>
      <trkpt lat="40.875826" lon="-121.432300"/>
      <trkpt lat="40.876030" lon="-121.432722"/>
      <trkpt lat="40.876238" lon="-121.433064"/>
      <trkpt lat="40.876336" lon="-121.433238"/>
      <trkpt lat="40.876470" lon="-121.433434"/>
      <trkpt lat="40.876535" lon="-121.433493"/>
      <trkpt lat="40.876570" lon="-121.433542"/>
      <trkpt lat="40.876635" lon="-121.433671"/>
      <trkpt lat="40.876694" lon="-121.433910"/>
      <trkpt lat="40.876728" lon="-121.433976"/>
      <trkpt lat="40.876749" lon="-121.434035"/>
      <trkpt lat="40.876752" lon="-121.434089"/>
      <trkpt lat="40.876763" lon="-121.434139"/>
      <trkpt lat="40.876806" lon="-121.434228"/>
      <trkpt lat="40.876805" lon="-121.434367"/>
      <trkpt lat="40.876819" lon="-121.434410"/>
      <trkpt lat="40.876823" lon="-121.434476"/>
      <trkpt lat="40.876820" lon="-121.434535"/>
      <trkpt lat="40.876838" lon="-121.434586"/>
      <trkpt lat="40.876889" lon="-121.434623"/>
      <trkpt lat="40.876950" lon="-121.434704"/>
      <trkpt lat="40.877012" lon="-121.434762"/>
      <trkpt lat="40.877154" lon="-121.434827"/>
      <trkpt lat="40.877214" lon="-121.434835"/>
      <trkpt lat="40.877248" lon="-121.434820"/>
      <trkpt lat="40.877288" lon="-121.434788"/>
      <trkpt lat="40.877344" lon="-121.434765"/>
      <trkpt lat="40.877418" lon="-121.434755"/>
      <trkpt lat="40.877488" lon="-121.434701"/>
      <trkpt lat="40.877681" lon="-121.434661"/>
      <trkpt lat="40.877793" lon="-121.434657"/>
      <trkpt lat="40.877867" lon="-121.434673"/>
      <trkpt lat="40.877996" lon="-121.434692"/>
      <trkpt lat="40.878101" lon="-121.434684"/>
      <trkpt lat="40.878163" lon="-121.434670"/>
      <trkpt lat="40.878234" lon="-121.434672"/>
      <trkpt lat="40.878333" lon="-121.434701"/>
      <trkpt lat="40.878397" lon="-121.434713"/>
      <trkpt lat="40.878514" lon="-121.434696"/>
      <trkpt lat="40.878561" lon="-121.434677"/>
      <trkpt lat="40.878613" lon="-121.434646"/>
      <trkpt lat="40.878724" lon="-121.434622"/>
      <trkpt lat="40.878795" lon="-121.434622"/>
      <trkpt lat="40.878944" lon="-121.434643"/>
      <trkpt lat="40.879378" lon="-121.434672"/>
      <trkpt lat="40.879461" lon="-121.434685"/>
      <trkpt lat="40.879511" lon="-121.434677"/>
      <trkpt lat="40.879552" lon="-121.434665"/>
      <trkpt lat="40.879695" lon="-121.434656"/>
      <trkpt lat="40.879750" lon="-121.434646"/>
      <trkpt lat="40.880029" lon="-121.434658"/>
      <trkpt lat="40.880116" lon="-121.434677"/>
      <trkpt lat="40.880221" lon="-121.434709"/>
      <trkpt lat="40.880354" lon="-121.434731"/>
      <trkpt lat="40.880399" lon="-121.434731"/>
      <trkpt lat="40.880454" lon="-121.434696"/>
      <trkpt lat="40.880585" lon="-121.434689"/>
      <trkpt lat="40.880648" lon="-121.434656"/>
      <trkpt lat="40.880693" lon="-121.434639"/>
      <trkpt lat="40.880821" lon="-121.434633"/>
      <trkpt lat="40.880909" lon="-121.434656"/>
      <trkpt lat="40.880976" lon="-121.434694"/>
      <trkpt lat="40.881037" lon="-121.434712"/>
      <trkpt lat="40.881195" lon="-121.434736"/>
      <trkpt lat="40.881232" lon="-121.434748"/>
      <trkpt lat="40.881357" lon="-121.434749"/>
      <trkpt lat="40.881460" lon="-121.434733"/>
      <trkpt lat="40.881577" lon="-121.434708"/>
      <trkpt lat="40.881653" lon="-121.434686"/>
      <trkpt lat="40.881732" lon="-121.434656"/>
      <trkpt lat="40.881783" lon="-121.434661"/>
      <trkpt lat="40.881862" lon="-121.434661"/>
      <trkpt lat="40.881907" lon="-121.434650"/>
      <trkpt lat="40.881950" lon="-121.434621"/>
      <trkpt lat="40.881972" lon="-121.434599"/>
      <trkpt lat="40.881993" lon="-121.434598"/>
      <trkpt lat="40.882037" lon="-121.434618"/>
      <trkpt lat="40.882103" lon="-121.434622"/>
      <trkpt lat="40.882149" lon="-121.434639"/>
      <trkpt lat="40.882184" lon="-121.434674"/>
      <trkpt lat="40.882221" lon="-121.434688"/>
      <trkpt lat="40.882262" lon="-121.434685"/>
      <trkpt lat="40.882348" lon="-121.434659"/>
      <trkpt lat="40.882416" lon="-121.434697"/>
      <trkpt lat="40.882479" lon="-121.434761"/>
      <trkpt lat="40.882537" lon="-121.434839"/>
      <trkpt lat="40.882562" lon="-121.434900"/>
      <trkpt lat="40.882633" lon="-121.435166"/>
      <trkpt lat="40.882640" lon="-121.435250"/>
      <trkpt lat="40.882652" lon="-121.435325"/>
      <trkpt lat="40.882686" lon="-121.435393"/>
      <trkpt lat="40.882704" lon="-121.435581"/>
      <trkpt lat="40.882740" lon="-121.435746"/>
      <trkpt lat="40.882791" lon="-121.435828"/>
      <trkpt lat="40.882832" lon="-121.435861"/>
      <trkpt lat="40.882917" lon="-121.435872"/>
      <trkpt lat="40.883048" lon="-121.435880"/>
      <trkpt lat="40.883174" lon="-121.435883"/>
      <trkpt lat="40.883254" lon="-121.435897"/>
      <trkpt lat="40.883295" lon="-121.435919"/>
      <trkpt lat="40.883346" lon="-121.435930"/>
      <trkpt lat="40.883385" lon="-121.435913"/>
      <trkpt lat="40.883455" lon="-121.435915"/>
      <trkpt lat="40.883507" lon="-121.435904"/>
      <trkpt lat="40.883528" lon="-121.435895"/>
      <trkpt lat="40.883544" lon="-121.435881"/>
      <trkpt lat="40.883566" lon="-121.435845"/>
      <trkpt lat="40.883584" lon="-121.435824"/>
      <trkpt lat="40.883624" lon="-121.435834"/>
      <trkpt lat="40.883661" lon="-121.435887"/>
      <trkpt lat="40.883710" lon="-121.436037"/>
      <trkpt lat="40.883817" lon="-121.436123"/>
      <trkpt lat="40.884057" lon="-121.436250"/>
      <trkpt lat="40.884155" lon="-121.436285"/>
      <trkpt lat="40.884213" lon="-121.436281"/>
      <trkpt lat="40.884257" lon="-121.436296"/>
      <trkpt lat="40.884304" lon="-121.436324"/>
      <trkpt lat="40.884440" lon="-121.436335"/>
      <trkpt lat="40.884516" lon="-121.436316"/>
      <trkpt lat="40.884577" lon="-121.436316"/>
      <trkpt lat="40.884675" lon="-121.436237"/>
      <trkpt lat="40.884806" lon="-121.436196"/>
      <trkpt lat="40.884877" lon="-121.436160"/>
      <trkpt lat="40.885192" lon="-121.436140"/>
      <trkpt lat="40.885260" lon="-121.436143"/>
      <trkpt lat="40.885332" lon="-121.436157"/>
      <trkpt lat="40.885413" lon="-121.436227"/>
      <trkpt lat="40.885480" lon="-121.436327"/>
      <trkpt lat="40.885486" lon="-121.436404"/>
      <trkpt lat="40.885582" lon="-121.436504"/>
      <trkpt lat="40.885655" lon="-121.436556"/>
      <trkpt lat="40.885851" lon="-121.436630"/>
      <trkpt lat="40.886009" lon="-121.436718"/>
      <trkpt lat="40.886062" lon="-121.436738"/>
      <trkpt lat="40.886107" lon="-121.436740"/>
      <trkpt lat="40.886271" lon="-121.436768"/>
      <trkpt lat="40.886362" lon="-121.436773"/>
      <trkpt lat="40.886420" lon="-121.436740"/>
      <trkpt lat="40.886450" lon="-121.436728"/>
      <trkpt lat="40.886483" lon="-121.436731"/>
      <trkpt lat="40.886506" lon="-121.436757"/>
      <trkpt lat="40.886530" lon="-121.436793"/>
      <trkpt lat="40.886568" lon="-121.436805"/>
      <trkpt lat="40.886612" lon="-121.436828"/>
      <trkpt lat="40.886650" lon="-121.436868"/>
      <trkpt lat="40.886680" lon="-121.436930"/>
      <trkpt lat="40.886726" lon="-121.436986"/>
      <trkpt lat="40.886753" lon="-121.437033"/>
      <trkpt lat="40.886811" lon="-121.437057"/>
      <trkpt lat="40.886855" lon="-121.437096"/>
      <trkpt lat="40.886912" lon="-121.437171"/>
      <trkpt lat="40.886969" lon="-121.437318"/>
      <trkpt lat="40.887002" lon="-121.437448"/>
      <trkpt lat="40.887104" lon="-121.437719"/>
      <trkpt lat="40.887133" lon="-121.437878"/>
      <trkpt lat="40.887145" lon="-121.437973"/>
      <trkpt lat="40.887140" lon="-121.438070"/>
      <trkpt lat="40.887146" lon="-121.438094"/>
      <trkpt lat="40.887181" lon="-121.438141"/>
      <trkpt lat="40.887228" lon="-121.438168"/>
      <trkpt lat="40.887293" lon="-121.438227"/>
      <trkpt lat="40.887434" lon="-121.438311"/>
      <trkpt lat="40.887711" lon="-121.438388"/>
      <trkpt lat="40.887904" lon="-121.438479"/>
      <trkpt lat="40.888061" lon="-121.438530"/>
      <trkpt lat="40.888297" lon="-121.438619"/>
      <trkpt lat="40.888370" lon="-121.438639"/>
      <trkpt lat="40.888438" lon="-121.438686"/>
      <trkpt lat="40.888519" lon="-121.438716"/>
      <trkpt lat="40.888749" lon="-121.438791"/>
      <trkpt lat="40.888817" lon="-121.438833"/>
      <trkpt lat="40.888897" lon="-121.438891"/>
      <trkpt lat="40.889147" lon="-121.439019"/>
      <trkpt lat="40.889205" lon="-121.439027"/>
      <trkpt lat="40.889296" lon="-121.439049"/>
      <trkpt lat="40.889388" lon="-121.439105"/>
      <trkpt lat="40.889461" lon="-121.439183"/>
      <trkpt lat="40.889510" lon="-121.439262"/>
      <trkpt lat="40.889630" lon="-121.439359"/>
      <trkpt lat="40.889757" lon="-121.439404"/>
      <trkpt lat="40.889915" lon="-121.439493"/>
      <trkpt lat="40.890209" lon="-121.439616"/>
      <trkpt lat="40.890284" lon="-121.439642"/>
      <trkpt lat="40.890345" lon="-121.439679"/>
      <trkpt lat="40.890568" lon="-121.439878"/>
      <trkpt lat="40.890617" lon="-121.439907"/>
      <trkpt lat="40.890680" lon="-121.439926"/>
      <trkpt lat="40.890746" lon="-121.439984"/>
      <trkpt lat="40.890868" lon="-121.440074"/>
      <trkpt lat="40.890937" lon="-121.440100"/>
      <trkpt lat="40.891026" lon="-121.440118"/>
      <trkpt lat="40.891266" lon="-121.440218"/>
      <trkpt lat="40.891344" lon="-121.440222"/>
      <trkpt lat="40.891646" lon="-121.440323"/>
      <trkpt lat="40.891724" lon="-121.440379"/>
      <trkpt lat="40.891795" lon="-121.440448"/>
      <trkpt lat="40.892218" lon="-121.440784"/>
      <trkpt lat="40.892286" lon="-121.440816"/>
      <trkpt lat="40.892466" lon="-121.440857"/>
      <trkpt lat="40.892533" lon="-121.440880"/>
      <trkpt lat="40.892590" lon="-121.440922"/>
      <trkpt lat="40.892630" lon="-121.440982"/>
      <trkpt lat="40.892668" lon="-121.441027"/>
      <trkpt lat="40.892714" lon="-121.441074"/>
      <trkpt lat="40.892813" lon="-121.441160"/>
      <trkpt lat="40.892866" lon="-121.441172"/>
      <trkpt lat="40.892952" lon="-121.441200"/>
      <trkpt lat="40.893025" lon="-121.441243"/>
      <trkpt lat="40.893213" lon="-121.441397"/>
      <trkpt lat="40.893301" lon="-121.441455"/>
      <trkpt lat="40.893416" lon="-121.441539"/>
      <trkpt lat="40.893577" lon="-121.441585"/>
      <trkpt lat="40.893639" lon="-121.441619"/>
      <trkpt lat="40.893668" lon="-121.441661"/>
      <trkpt lat="40.893697" lon="-121.441742"/>
      <trkpt lat="40.893727" lon="-121.441863"/>
      <trkpt lat="40.893791" lon="-121.441964"/>
      <trkpt lat="40.893928" lon="-121.442160"/>
      <trkpt lat="40.893984" lon="-121.442226"/>
      <trkpt lat="40.894046" lon="-121.442269"/>
      <trkpt lat="40.894133" lon="-121.442384"/>
      <trkpt lat="40.894275" lon="-121.442553"/>
      <trkpt lat="40.894332" lon="-121.442651"/>
      <trkpt lat="40.894414" lon="-121.442760"/>
      <trkpt lat="40.894483" lon="-121.442812"/>
      <trkpt lat="40.894551" lon="-121.442855"/>
      <trkpt lat="40.894610" lon="-121.442881"/>
      <trkpt lat="40.894643" lon="-121.442902"/>
      <trkpt lat="40.894691" lon="-121.442980"/>
      <trkpt lat="40.894742" lon="-121.443115"/>
      <trkpt lat="40.894792" lon="-121.443271"/>
      <trkpt lat="40.894832" lon="-121.443367"/>
      <trkpt lat="40.894885" lon="-121.443472"/>
      <trkpt lat="40.894961" lon="-121.443527"/>
      <trkpt lat="40.895121" lon="-121.443625"/>
      <trkpt lat="40.895323" lon="-121.443791"/>
      <trkpt lat="40.895499" lon="-121.443869"/>
      <trkpt lat="40.895600" lon="-121.443928"/>
      <trkpt lat="40.895684" lon="-121.444007"/>
      <trkpt lat="40.895750" lon="-121.444057"/>
      <trkpt lat="40.895810" lon="-121.444113"/>
      <trkpt lat="40.895883" lon="-121.444151"/>
      <trkpt lat="40.895945" lon="-121.444164"/>
      <trkpt lat="40.896121" lon="-121.444185"/>
      <trkpt lat="40.896468" lon="-121.444320"/>
      <trkpt lat="40.896664" lon="-121.444417"/>
      <trkpt lat="40.896732" lon="-121.444467"/>
      <trkpt lat="40.896845" lon="-121.444576"/>
      <trkpt lat="40.897326" lon="-121.444792"/>
      <trkpt lat="40.897407" lon="-121.444816"/>
      <trkpt lat="40.897532" lon="-121.444875"/>
      <trkpt lat="40.897661" lon="-121.444963"/>
      <trkpt lat="40.897706" lon="-121.444965"/>
      <trkpt lat="40.897766" lon="-121.444974"/>
      <trkpt lat="40.897998" lon="-121.445096"/>
      <trkpt lat="40.898183" lon="-121.445167"/>
      <trkpt lat="40.898252" lon="-121.445211"/>
      <trkpt lat="40.898352" lon="-121.445319"/>
      <trkpt lat="40.898392" lon="-121.445350"/>
      <trkpt lat="40.898430" lon="-121.445350"/>
      <trkpt lat="40.898470" lon="-121.445370"/>
      <trkpt lat="40.898617" lon="-121.445356"/>
      <trkpt lat="40.898803" lon="-121.445379"/>
      <trkpt lat="40.899008" lon="-121.445500"/>
      <trkpt lat="40.899214" lon="-121.445666"/>
      <trkpt lat="40.899460" lon="-121.445799"/>
      <trkpt lat="40.899566" lon="-121.445819"/>
      <trkpt lat="40.899645" lon="-121.445823"/>
      <trkpt lat="40.899701" lon="-121.445834"/>
      <trkpt lat="40.899736" lon="-121.445854"/>
      <trkpt lat="40.899777" lon="-121.445934"/>
      <trkpt lat="40.899805" lon="-121.446111"/>
      <trkpt lat="40.899858" lon="-121.446172"/>
      <trkpt lat="40.899920" lon="-121.446201"/>
      <trkpt lat="40.899989" lon="-121.446198"/>
      <trkpt lat="40.900040" lon="-121.446206"/>
      <trkpt lat="40.900097" lon="-121.446240"/>
      <trkpt lat="40.900194" lon="-121.446365"/>
      <trkpt lat="40.900277" lon="-121.446406"/>
      <trkpt lat="40.900369" lon="-121.446469"/>
      <trkpt lat="40.900559" lon="-121.446573"/>
      <trkpt lat="40.900627" lon="-121.446587"/>
      <trkpt lat="40.900723" lon="-121.446571"/>
      <trkpt lat="40.900763" lon="-121.446570"/>
      <trkpt lat="40.900827" lon="-121.446586"/>
      <trkpt lat="40.901009" lon="-121.446575"/>
      <trkpt lat="40.901123" lon="-121.446607"/>
      <trkpt lat="40.901185" lon="-121.446645"/>
      <trkpt lat="40.901257" lon="-121.446670"/>
      <trkpt lat="40.901340" lon="-121.446669"/>
      <trkpt lat="40.901395" lon="-121.446677"/>
      <trkpt lat="40.901452" lon="-121.446700"/>
      <trkpt lat="40.901557" lon="-121.446704"/>
      <trkpt lat="40.901669" lon="-121.446737"/>
      <trkpt lat="40.901919" lon="-121.446834"/>
      <trkpt lat="40.901980" lon="-121.446835"/>
      <trkpt lat="40.902032" lon="-121.446853"/>
      <trkpt lat="40.902248" lon="-121.446988"/>
      <trkpt lat="40.902664" lon="-121.447200"/>
      <trkpt lat="40.902755" lon="-121.447271"/>
      <trkpt lat="40.902825" lon="-121.447362"/>
      <trkpt lat="40.902882" lon="-121.447405"/>
      <trkpt lat="40.902955" lon="-121.447442"/>
      <trkpt lat="40.903053" lon="-121.447511"/>
      <trkpt lat="40.903127" lon="-121.447546"/>
      <trkpt lat="40.903233" lon="-121.447640"/>
      <trkpt lat="40.903303" lon="-121.447690"/>
      <trkpt lat="40.903358" lon="-121.447709"/>
      <trkpt lat="40.903455" lon="-121.447769"/>
      <trkpt lat="40.903527" lon="-121.447829"/>
      <trkpt lat="40.903593" lon="-121.447845"/>
      <trkpt lat="40.903672" lon="-121.447900"/>
      <trkpt lat="40.903849" lon="-121.448097"/>
      <trkpt lat="40.903909" lon="-121.448211"/>
      <trkpt lat="40.903956" lon="-121.448268"/>
      <trkpt lat="40.904007" lon="-121.448320"/>
      <trkpt lat="40.904234" lon="-121.448469"/>
      <trkpt lat="40.904278" lon="-121.448509"/>
      <trkpt lat="40.904321" lon="-121.448557"/>
      <trkpt lat="40.904409" lon="-121.448622"/>
      <trkpt lat="40.904484" lon="-121.448694"/>
      <trkpt lat="40.904623" lon="-121.448839"/>
      <trkpt lat="40.904791" lon="-121.449033"/>
      <trkpt lat="40.904833" lon="-121.449105"/>
      <trkpt lat="40.905111" lon="-121.449204"/>
      <trkpt lat="40.905299" lon="-121.449299"/>
      <trkpt lat="40.905498" lon="-121.449434"/>
      <trkpt lat="40.905618" lon="-121.449503"/>
      <trkpt lat="40.905739" lon="-121.449566"/>
      <trkpt lat="40.905794" lon="-121.449583"/>
      <trkpt lat="40.905849" lon="-121.449593"/>
      <trkpt lat="40.905899" lon="-121.449615"/>
      <trkpt lat="40.905958" lon="-121.449677"/>
      <trkpt lat="40.906011" lon="-121.449766"/>
      <trkpt lat="40.906150" lon="-121.449872"/>
      <trkpt lat="40.906248" lon="-121.449925"/>
      <trkpt lat="40.906372" lon="-121.449964"/>
      <trkpt lat="40.906459" lon="-121.449986"/>
      <trkpt lat="40.906560" lon="-121.450055"/>
      <trkpt lat="40.906651" lon="-121.450126"/>
      <trkpt lat="40.906721" lon="-121.450168"/>
      <trkpt lat="40.906798" lon="-121.450188"/>
      <trkpt lat="40.906996" lon="-121.450258"/>
      <trkpt lat="40.907066" lon="-121.450277"/>
      <trkpt lat="40.907240" lon="-121.450301"/>
      <trkpt lat="40.907461" lon="-121.450403"/>
      <trkpt lat="40.907559" lon="-121.450428"/>
      <trkpt lat="40.907640" lon="-121.450442"/>
      <trkpt lat="40.907701" lon="-121.450436"/>
      <trkpt lat="40.907752" lon="-121.450438"/>
      <trkpt lat="40.907835" lon="-121.450451"/>
      <trkpt lat="40.907988" lon="-121.450506"/>
      <trkpt lat="40.908078" lon="-121.450548"/>
      <trkpt lat="40.908486" lon="-121.450851"/>
      <trkpt lat="40.908588" lon="-121.450955"/>
      <trkpt lat="40.908656" lon="-121.451009"/>
      <trkpt lat="40.908718" lon="-121.451037"/>
      <trkpt lat="40.908990" lon="-121.451126"/>
      <trkpt lat="40.909114" lon="-121.451172"/>
      <trkpt lat="40.909185" lon="-121.451218"/>
      <trkpt lat="40.909248" lon="-121.451280"/>
      <trkpt lat="40.909284" lon="-121.451332"/>
      <trkpt lat="40.909318" lon="-121.451371"/>
      <trkpt lat="40.909420" lon="-121.451395"/>
      <trkpt lat="40.909496" lon="-121.451443"/>
      <trkpt lat="40.909605" lon="-121.451525"/>
      <trkpt lat="40.909675" lon="-121.451548"/>
      <trkpt lat="40.909790" lon="-121.451614"/>
      <trkpt lat="40.909872" lon="-121.451688"/>
      <trkpt lat="40.909915" lon="-121.451714"/>
      <trkpt lat="40.909997" lon="-121.451716"/>
      <trkpt lat="40.910063" lon="-121.451732"/>
      <trkpt lat="40.910138" lon="-121.451765"/>
      <trkpt lat="40.910210" lon="-121.451772"/>
      <trkpt lat="40.910272" lon="-121.451804"/>
      <trkpt lat="40.910426" lon="-121.451920"/>
      <trkpt lat="40.911096" lon="-121.452129"/>
      <trkpt lat="40.911201" lon="-121.452209"/>
      <trkpt lat="40.911278" lon="-121.452262"/>
      <trkpt lat="40.911752" lon="-121.452453"/>
      <trkpt lat="40.911913" lon="-121.452557"/>
      <trkpt lat="40.911988" lon="-121.452582"/>
      <trkpt lat="40.912093" lon="-121.452597"/>
      <trkpt lat="40.912187" lon="-121.452629"/>
      <trkpt lat="40.912254" lon="-121.452692"/>
      <trkpt lat="40.912345" lon="-121.452740"/>
      <trkpt lat="40.912438" lon="-121.452763"/>
      <trkpt lat="40.912681" lon="-121.452904"/>
      <trkpt lat="40.912819" lon="-121.452954"/>
      <trkpt lat="40.912888" lon="-121.452986"/>
      <trkpt lat="40.912973" lon="-121.453053"/>
      <trkpt lat="40.913072" lon="-121.453172"/>
      <trkpt lat="40.913207" lon="-121.453321"/>
      <trkpt lat="40.913330" lon="-121.453428"/>
      <trkpt lat="40.913508" lon="-121.453668"/>
      <trkpt lat="40.913673" lon="-121.453823"/>
      <trkpt lat="40.913768" lon="-121.453949"/>
      <trkpt lat="40.913849" lon="-121.454030"/>
      <trkpt lat="40.913961" lon="-121.454099"/>
      <trkpt lat="40.913975" lon="-121.454174"/>
      <trkpt lat="40.913942" lon="-121.454182"/>
      <trkpt lat="40.913870" lon="-121.454151"/>
      <trkpt lat="40.913793" lon="-121.454146"/>
      <trkpt lat="40.913679" lon="-121.454096"/>
      <trkpt lat="40.913541" lon="-121.454075"/>
      <trkpt lat="40.913308" lon="-121.453973"/>
      <trkpt lat="40.913112" lon="-121.453877"/>
      <trkpt lat="40.912944" lon="-121.453869"/>
      <trkpt lat="40.912793" lon="-121.453890"/>
      <trkpt lat="40.912703" lon="-121.453878"/>
      <trkpt lat="40.912662" lon="-121.453895"/>
      <trkpt lat="40.912624" lon="-121.453863"/>
      <trkpt lat="40.912610" lon="-121.453823"/>
      <trkpt lat="40.912570" lon="-121.453841"/>
      <trkpt lat="40.912572" lon="-121.453887"/>
      <trkpt lat="40.912584" lon="-121.453932"/>
      <trkpt lat="40.912613" lon="-121.454002"/>
      <trkpt lat="40.912677" lon="-121.454057"/>
      <trkpt lat="40.912685" lon="-121.454096"/>
      <trkpt lat="40.912653" lon="-121.454186"/>
      <trkpt lat="40.912616" lon="-121.454215"/>
      <trkpt lat="40.912568" lon="-121.454238"/>
      <trkpt lat="40.912501" lon="-121.454238"/>
      <trkpt lat="40.912448" lon="-121.454244"/>
      <trkpt lat="40.912408" lon="-121.454233"/>
      <trkpt lat="40.912370" lon="-121.454246"/>
      <trkpt lat="40.912320" lon="-121.454244"/>
      <trkpt lat="40.912204" lon="-121.454178"/>
      <trkpt lat="40.912103" lon="-121.454134"/>
      <trkpt lat="40.911978" lon="-121.454118"/>
      <trkpt lat="40.911918" lon="-121.454127"/>
      <trkpt lat="40.911848" lon="-121.454124"/>
      <trkpt lat="40.911804" lon="-121.454150"/>
      <trkpt lat="40.911771" lon="-121.454186"/>
      <trkpt lat="40.911732" lon="-121.454219"/>
      <trkpt lat="40.911685" lon="-121.454236"/>
      <trkpt lat="40.911641" lon="-121.454218"/>
      <trkpt lat="40.911592" lon="-121.454213"/>
      <trkpt lat="40.911548" lon="-121.454240"/>
      <trkpt lat="40.911510" lon="-121.454303"/>
      <trkpt lat="40.911492" lon="-121.454295"/>
      <trkpt lat="40.911465" lon="-121.454254"/>
      <trkpt lat="40.911430" lon="-121.454254"/>
      <trkpt lat="40.911379" lon="-121.454276"/>
      <trkpt lat="40.911357" lon="-121.454291"/>
      <trkpt lat="40.911341" lon="-121.454292"/>
      <trkpt lat="40.911319" lon="-121.454305"/>
      <trkpt lat="40.911308" lon="-121.454378"/>
      <trkpt lat="40.911265" lon="-121.454558"/>
      <trkpt lat="40.911207" lon="-121.454696"/>
      <trkpt lat="40.911143" lon="-121.454709"/>
      <trkpt lat="40.911064" lon="-121.454737"/>
      <trkpt lat="40.911014" lon="-121.454747"/>
      <trkpt lat="40.910964" lon="-121.454737"/>
      <trkpt lat="40.910830" lon="-121.454663"/>
      <trkpt lat="40.910744" lon="-121.454626"/>
      <trkpt lat="40.910687" lon="-121.454614"/>
      <trkpt lat="40.910638" lon="-121.454612"/>
      <trkpt lat="40.910607" lon="-121.454623"/>
      <trkpt lat="40.910596" lon="-121.454642"/>
      <trkpt lat="40.910587" lon="-121.454670"/>
      <trkpt lat="40.910598" lon="-121.454697"/>
      <trkpt lat="40.910636" lon="-121.454751"/>
      <trkpt lat="40.910681" lon="-121.454844"/>
      <trkpt lat="40.910713" lon="-121.454897"/>
      <trkpt lat="40.910803" lon="-121.454997"/>
      <trkpt lat="40.910870" lon="-121.455035"/>
      <trkpt lat="40.910902" lon="-121.455065"/>
      <trkpt lat="40.910953" lon="-121.455098"/>
      <trkpt lat="40.910969" lon="-121.455126"/>
      <trkpt lat="40.910993" lon="-121.455140"/>
      <trkpt lat="40.911044" lon="-121.455154"/>
      <trkpt lat="40.911082" lon="-121.455150"/>
      <trkpt lat="40.911131" lon="-121.455188"/>
      <trkpt lat="40.911244" lon="-121.455198"/>
      <trkpt lat="40.911286" lon="-121.455229"/>
      <trkpt lat="40.911292" lon="-121.455259"/>
      <trkpt lat="40.911337" lon="-121.455284"/>
      <trkpt lat="40.911415" lon="-121.455357"/>
      <trkpt lat="40.911460" lon="-121.455480"/>
      <trkpt lat="40.911482" lon="-121.455620"/>
      <trkpt lat="40.911506" lon="-121.455711"/>
      <trkpt lat="40.911538" lon="-121.455778"/>
      <trkpt lat="40.911636" lon="-121.455923"/>
      <trkpt lat="40.911704" lon="-121.455967"/>
      <trkpt lat="40.911787" lon="-121.456042"/>
      <trkpt lat="40.911821" lon="-121.456089"/>
      <trkpt lat="40.911864" lon="-121.456097"/>
      <trkpt lat="40.911907" lon="-121.456097"/>
      <trkpt lat="40.911966" lon="-121.456039"/>
      <trkpt lat="40.912021" lon="-121.456033"/>
      <trkpt lat="40.912062" lon="-121.456052"/>
      <trkpt lat="40.912129" lon="-121.456049"/>
      <trkpt lat="40.912221" lon="-121.456035"/>
      <trkpt lat="40.912319" lon="-121.456081"/>
      <trkpt lat="40.912453" lon="-121.456212"/>
      <trkpt lat="40.912544" lon="-121.456269"/>
      <trkpt lat="40.912653" lon="-121.456365"/>
      <trkpt lat="40.912675" lon="-121.456401"/>
      <trkpt lat="40.912771" lon="-121.456486"/>
      <trkpt lat="40.912846" lon="-121.456580"/>
      <trkpt lat="40.912894" lon="-121.456684"/>
      <trkpt lat="40.912932" lon="-121.456799"/>
      <trkpt lat="40.912969" lon="-121.456872"/>
      <trkpt lat="40.913204" lon="-121.457073"/>
      <trkpt lat="40.913280" lon="-121.457174"/>
      <trkpt lat="40.913320" lon="-121.457252"/>
      <trkpt lat="40.913343" lon="-121.457331"/>
      <trkpt lat="40.913382" lon="-121.457394"/>
      <trkpt lat="40.913378" lon="-121.457425"/>
      <trkpt lat="40.913298" lon="-121.457681"/>
      <trkpt lat="40.913272" lon="-121.457720"/>
      <trkpt lat="40.913257" lon="-121.457764"/>
      <trkpt lat="40.913259" lon="-121.457826"/>
      <trkpt lat="40.913267" lon="-121.457899"/>
      <trkpt lat="40.913296" lon="-121.457928"/>
      <trkpt lat="40.913330" lon="-121.457993"/>
      <trkpt lat="40.913324" lon="-121.458034"/>
      <trkpt lat="40.913311" lon="-121.458051"/>
      <trkpt lat="40.913307" lon="-121.458089"/>
      <trkpt lat="40.913323" lon="-121.458177"/>
      <trkpt lat="40.913329" lon="-121.458239"/>
      <trkpt lat="40.913350" lon="-121.458301"/>
      <trkpt lat="40.913356" lon="-121.458334"/>
      <trkpt lat="40.913353" lon="-121.458389"/>
      <trkpt lat="40.913348" lon="-121.458413"/>
      <trkpt lat="40.913350" lon="-121.458452"/>
      <trkpt lat="40.913378" lon="-121.458528"/>
      <trkpt lat="40.913444" lon="-121.458597"/>
      <trkpt lat="40.913528" lon="-121.458673"/>
      <trkpt lat="40.913573" lon="-121.458728"/>
      <trkpt lat="40.913595" lon="-121.458787"/>
      <trkpt lat="40.913676" lon="-121.458874"/>
      <trkpt lat="40.913697" lon="-121.458991"/>
      <trkpt lat="40.913710" lon="-121.459034"/>
      <trkpt lat="40.913743" lon="-121.459060"/>
      <trkpt lat="40.913757" lon="-121.459090"/>
      <trkpt lat="40.913766" lon="-121.459155"/>
      <trkpt lat="40.913787" lon="-121.459176"/>
      <trkpt lat="40.913784" lon="-121.459222"/>
      <trkpt lat="40.913815" lon="-121.459243"/>
      <trkpt lat="40.913853" lon="-121.459254"/>
      <trkpt lat="40.913880" lon="-121.459273"/>
      <trkpt lat="40.913890" lon="-121.459341"/>
      <trkpt lat="40.913915" lon="-121.459413"/>
      <trkpt lat="40.913967" lon="-121.459450"/>
      <trkpt lat="40.913967" lon="-121.459509"/>
      <trkpt lat="40.913938" lon="-121.459546"/>
      <trkpt lat="40.913904" lon="-121.459613"/>
      <trkpt lat="40.913912" lon="-121.459714"/>
      <trkpt lat="40.913951" lon="-121.459761"/>
      <trkpt lat="40.913975" lon="-121.459802"/>
      <trkpt lat="40.913970" lon="-121.459876"/>
      <trkpt lat="40.913987" lon="-121.459939"/>
      <trkpt lat="40.913978" lon="-121.459975"/>
      <trkpt lat="40.913963" lon="-121.460008"/>
      <trkpt lat="40.913925" lon="-121.460304"/>
      <trkpt lat="40.913908" lon="-121.460389"/>
      <trkpt lat="40.913924" lon="-121.460454"/>
      <trkpt lat="40.913925" lon="-121.460560"/>
      <trkpt lat="40.913959" lon="-121.460650"/>
      <trkpt lat="40.914054" lon="-121.460922"/>
      <trkpt lat="40.914060" lon="-121.460979"/>
      <trkpt lat="40.914166" lon="-121.461275"/>
      <trkpt lat="40.914163" lon="-121.461477"/>
      <trkpt lat="40.914130" lon="-121.461582"/>
      <trkpt lat="40.914092" lon="-121.461618"/>
      <trkpt lat="40.914096" lon="-121.461657"/>
      <trkpt lat="40.914110" lon="-121.461702"/>
      <trkpt lat="40.914100" lon="-121.461744"/>
      <trkpt lat="40.914098" lon="-121.461860"/>
      <trkpt lat="40.914120" lon="-121.461929"/>
      <trkpt lat="40.914138" lon="-121.461947"/>
      <trkpt lat="40.914172" lon="-121.462002"/>
      <trkpt lat="40.914175" lon="-121.462042"/>
      <trkpt lat="40.914166" lon="-121.462111"/>
      <trkpt lat="40.914205" lon="-121.462318"/>
      <trkpt lat="40.914273" lon="-121.462398"/>
      <trkpt lat="40.914300" lon="-121.462439"/>
      <trkpt lat="40.914296" lon="-121.462522"/>
      <trkpt lat="40.914325" lon="-121.462587"/>
      <trkpt lat="40.914360" lon="-121.462639"/>
      <trkpt lat="40.914386" lon="-121.462691"/>
      <trkpt lat="40.914422" lon="-121.462821"/>
      <trkpt lat="40.914439" lon="-121.462927"/>
      <trkpt lat="40.914435" lon="-121.462982"/>
      <trkpt lat="40.914375" lon="-121.463091"/>
      <trkpt lat="40.914362" lon="-121.463222"/>
      <trkpt lat="40.914365" lon="-121.463478"/>
      <trkpt lat="40.914391" lon="-121.463582"/>
      <trkpt lat="40.914370" lon="-121.463642"/>
      <trkpt lat="40.914383" lon="-121.463713"/>
      <trkpt lat="40.914373" lon="-121.463804"/>
      <trkpt lat="40.914378" lon="-121.463980"/>
      <trkpt lat="40.914352" lon="-121.464176"/>
      <trkpt lat="40.914314" lon="-121.464390"/>
      <trkpt lat="40.914292" lon="-121.464472"/>
      <trkpt lat="40.914262" lon="-121.464538"/>
      <trkpt lat="40.914208" lon="-121.464588"/>
      <trkpt lat="40.914164" lon="-121.464610"/>
      <trkpt lat="40.914142" lon="-121.464671"/>
      <trkpt lat="40.914136" lon="-121.464714"/>
      <trkpt lat="40.914132" lon="-121.464802"/>
      <trkpt lat="40.914137" lon="-121.464935"/>
      <trkpt lat="40.914154" lon="-121.465068"/>
      <trkpt lat="40.914177" lon="-121.465129"/>
      <trkpt lat="40.914265" lon="-121.465247"/>
      <trkpt lat="40.914393" lon="-121.465452"/>
      <trkpt lat="40.914448" lon="-121.465502"/>
      <trkpt lat="40.914485" lon="-121.465513"/>
      <trkpt lat="40.914532" lon="-121.465549"/>
      <trkpt lat="40.914598" lon="-121.465630"/>
      <trkpt lat="40.914648" lon="-121.465667"/>
      <trkpt lat="40.914697" lon="-121.465681"/>
      <trkpt lat="40.914758" lon="-121.465673"/>
      <trkpt lat="40.914853" lon="-121.465698"/>
      <trkpt lat="40.914916" lon="-121.465736"/>
      <trkpt lat="40.915036" lon="-121.465750"/>
      <trkpt lat="40.915092" lon="-121.465741"/>
      <trkpt lat="40.915169" lon="-121.465705"/>
      <trkpt lat="40.915217" lon="-121.465695"/>
      <trkpt lat="40.915269" lon="-121.465691"/>
      <trkpt lat="40.915317" lon="-121.465699"/>
      <trkpt lat="40.915384" lon="-121.465738"/>
      <trkpt lat="40.915484" lon="-121.465858"/>
      <trkpt lat="40.915517" lon="-121.465917"/>
      <trkpt lat="40.915641" lon="-121.466003"/>
      <trkpt lat="40.915766" lon="-121.466128"/>
      <trkpt lat="40.915821" lon="-121.466143"/>
      <trkpt lat="40.916012" lon="-121.466166"/>
      <trkpt lat="40.916044" lon="-121.466142"/>
      <trkpt lat="40.916095" lon="-121.466141"/>
      <trkpt lat="40.916138" lon="-121.466122"/>
      <trkpt lat="40.916170" lon="-121.466121"/>
      <trkpt lat="40.916216" lon="-121.466163"/>
      <trkpt lat="40.916359" lon="-121.466352"/>
      <trkpt lat="40.916412" lon="-121.466468"/>
      <trkpt lat="40.916447" lon="-121.466499"/>
      <trkpt lat="40.916492" lon="-121.466499"/>
      <trkpt lat="40.916529" lon="-121.466457"/>
      <trkpt lat="40.916595" lon="-121.466320"/>
      <trkpt lat="40.916624" lon="-121.466245"/>
      <trkpt lat="40.916644" lon="-121.466202"/>
      <trkpt lat="40.916672" lon="-121.466198"/>
      <trkpt lat="40.916697" lon="-121.466225"/>
      <trkpt lat="40.916714" lon="-121.466310"/>
      <trkpt lat="40.916797" lon="-121.466547"/>
      <trkpt lat="40.916810" lon="-121.466697"/>
      <trkpt lat="40.916798" lon="-121.466823"/>
      <trkpt lat="40.916785" lon="-121.466882"/>
      <trkpt lat="40.916754" lon="-121.466906"/>
      <trkpt lat="40.916722" lon="-121.466967"/>
      <trkpt lat="40.916729" lon="-121.467014"/>
      <trkpt lat="40.916760" lon="-121.467097"/>
      <trkpt lat="40.916803" lon="-121.467176"/>
      <trkpt lat="40.916804" lon="-121.467236"/>
      <trkpt lat="40.916817" lon="-121.467303"/>
      <trkpt lat="40.916855" lon="-121.467405"/>
      <trkpt lat="40.916891" lon="-121.467456"/>
      <trkpt lat="40.917045" lon="-121.467577"/>
      <trkpt lat="40.917106" lon="-121.467637"/>
      <trkpt lat="40.917179" lon="-121.467668"/>
      <trkpt lat="40.917255" lon="-121.467686"/>
      <trkpt lat="40.917347" lon="-121.467715"/>
      <trkpt lat="40.917407" lon="-121.467750"/>
      <trkpt lat="40.917462" lon="-121.467809"/>
      <trkpt lat="40.917521" lon="-121.467888"/>
      <trkpt lat="40.917572" lon="-121.467923"/>
      <trkpt lat="40.917654" lon="-121.468056"/>
      <trkpt lat="40.917714" lon="-121.468264"/>
      <trkpt lat="40.917727" lon="-121.468341"/>
      <trkpt lat="40.917844" lon="-121.468631"/>
      <trkpt lat="40.917882" lon="-121.468819"/>
      <trkpt lat="40.918030" lon="-121.469134"/>
      <trkpt lat="40.918075" lon="-121.469210"/>
      <trkpt lat="40.918112" lon="-121.469339"/>
      <trkpt lat="40.918191" lon="-121.469463"/>
      <trkpt lat="40.918324" lon="-121.469554"/>
      <trkpt lat="40.918377" lon="-121.469621"/>
      <trkpt lat="40.918431" lon="-121.469778"/>
      <trkpt lat="40.918567" lon="-121.469953"/>
      <trkpt lat="40.918626" lon="-121.470101"/>
      <trkpt lat="40.918639" lon="-121.470200"/>
      <trkpt lat="40.918653" lon="-121.470259"/>
      <trkpt lat="40.918726" lon="-121.470412"/>
      <trkpt lat="40.918712" lon="-121.470527"/>
      <trkpt lat="40.918748" lon="-121.470660"/>
      <trkpt lat="40.918889" lon="-121.470796"/>
      <trkpt lat="40.918949" lon="-121.470863"/>
      <trkpt lat="40.918982" lon="-121.470953"/>
      <trkpt lat="40.919070" lon="-121.471147"/>
      <trkpt lat="40.919096" lon="-121.471221"/>
      <trkpt lat="40.919159" lon="-121.471293"/>
      <trkpt lat="40.919283" lon="-121.471398"/>
      <trkpt lat="40.919531" lon="-121.471695"/>
      <trkpt lat="40.919598" lon="-121.471755"/>
      <trkpt lat="40.919665" lon="-121.471838"/>
      <trkpt lat="40.919745" lon="-121.471922"/>
      <trkpt lat="40.919773" lon="-121.471964"/>
      <trkpt lat="40.919829" lon="-121.472000"/>
      <trkpt lat="40.919855" lon="-121.472055"/>
      <trkpt lat="40.919870" lon="-121.472107"/>
      <trkpt lat="40.919868" lon="-121.472166"/>
      <trkpt lat="40.919827" lon="-121.472280"/>
      <trkpt lat="40.919800" lon="-121.472385"/>
      <trkpt lat="40.919793" lon="-121.472472"/>
      <trkpt lat="40.919729" lon="-121.472621"/>
      <trkpt lat="40.919692" lon="-121.472691"/>
      <trkpt lat="40.919659" lon="-121.472775"/>
      <trkpt lat="40.919635" lon="-121.472859"/>
      <trkpt lat="40.919613" lon="-121.472971"/>
      <trkpt lat="40.919609" lon="-121.473010"/>
      <trkpt lat="40.919494" lon="-121.473214"/>
      <trkpt lat="40.919458" lon="-121.473309"/>
      <trkpt lat="40.919459" lon="-121.473393"/>
      <trkpt lat="40.919479" lon="-121.473463"/>
      <trkpt lat="40.919477" lon="-121.473549"/>
      <trkpt lat="40.919466" lon="-121.473635"/>
      <trkpt lat="40.919478" lon="-121.473693"/>
      <trkpt lat="40.919514" lon="-121.473800"/>
      <trkpt lat="40.919545" lon="-121.473853"/>
      <trkpt lat="40.919582" lon="-121.473877"/>
      <trkpt lat="40.919651" lon="-121.474024"/>
      <trkpt lat="40.919697" lon="-121.474058"/>
      <trkpt lat="40.919727" lon="-121.474140"/>
      <trkpt lat="40.919715" lon="-121.474185"/>
      <trkpt lat="40.919727" lon="-121.474258"/>
      <trkpt lat="40.919767" lon="-121.474333"/>
      <trkpt lat="40.919849" lon="-121.474443"/>
      <trkpt lat="40.919897" lon="-121.474561"/>
      <trkpt lat="40.919922" lon="-121.474708"/>
      <trkpt lat="40.919966" lon="-121.474752"/>
      <trkpt lat="40.919993" lon="-121.474767"/>
      <trkpt lat="40.920013" lon="-121.474808"/>
      <trkpt lat="40.920177" lon="-121.474982"/>
      <trkpt lat="40.920309" lon="-121.475134"/>
      <trkpt lat="40.920423" lon="-121.475204"/>
      <trkpt lat="40.920448" lon="-121.475228"/>
      <trkpt lat="40.920454" lon="-121.475291"/>
      <trkpt lat="40.920438" lon="-121.475347"/>
      <trkpt lat="40.920446" lon="-121.475413"/>
      <trkpt lat="40.920462" lon="-121.475488"/>
      <trkpt lat="40.920492" lon="-121.475569"/>
      <trkpt lat="40.920535" lon="-121.475617"/>
      <trkpt lat="40.920571" lon="-121.475633"/>
      <trkpt lat="40.920631" lon="-121.475607"/>
      <trkpt lat="40.920706" lon="-121.475649"/>
      <trkpt lat="40.920735" lon="-121.475677"/>
      <trkpt lat="40.920772" lon="-121.475677"/>
      <trkpt lat="40.920819" lon="-121.475696"/>
      <trkpt lat="40.920859" lon="-121.475703"/>
      <trkpt lat="40.920901" lon="-121.475725"/>
      <trkpt lat="40.920935" lon="-121.475752"/>
      <trkpt lat="40.920961" lon="-121.475760"/>
      <trkpt lat="40.920969" lon="-121.475799"/>
      <trkpt lat="40.920946" lon="-121.475869"/>
      <trkpt lat="40.920945" lon="-121.475933"/>
      <trkpt lat="40.920955" lon="-121.475995"/>
      <trkpt lat="40.920991" lon="-121.476051"/>
      <trkpt lat="40.921053" lon="-121.476169"/>
      <trkpt lat="40.921101" lon="-121.476322"/>
      <trkpt lat="40.921164" lon="-121.476434"/>
      <trkpt lat="40.921176" lon="-121.476464"/>
      <trkpt lat="40.921250" lon="-121.476553"/>
      <trkpt lat="40.921298" lon="-121.476598"/>
      <trkpt lat="40.921350" lon="-121.476690"/>
      <trkpt lat="40.921395" lon="-121.476726"/>
      <trkpt lat="40.921499" lon="-121.476904"/>
      <trkpt lat="40.921573" lon="-121.476994"/>
      <trkpt lat="40.921638" lon="-121.477111"/>
      <trkpt lat="40.921810" lon="-121.477172"/>
      <trkpt lat="40.921877" lon="-121.477220"/>
      <trkpt lat="40.921940" lon="-121.477254"/>
      <trkpt lat="40.922006" lon="-121.477272"/>
      <trkpt lat="40.922037" lon="-121.477287"/>
      <trkpt lat="40.922069" lon="-121.477344"/>
      <trkpt lat="40.922100" lon="-121.477362"/>
      <trkpt lat="40.922235" lon="-121.477383"/>
      <trkpt lat="40.922271" lon="-121.477415"/>
      <trkpt lat="40.922293" lon="-121.477447"/>
      <trkpt lat="40.922304" lon="-121.477493"/>
      <trkpt lat="40.922304" lon="-121.477553"/>
      <trkpt lat="40.922267" lon="-121.477673"/>
      <trkpt lat="40.922235" lon="-121.477745"/>
      <trkpt lat="40.922202" lon="-121.477794"/>
      <trkpt lat="40.922171" lon="-121.477819"/>
      <trkpt lat="40.922125" lon="-121.477834"/>
      <trkpt lat="40.922100" lon="-121.477852"/>
      <trkpt lat="40.922050" lon="-121.477944"/>
      <trkpt lat="40.922034" lon="-121.478001"/>
      <trkpt lat="40.922026" lon="-121.478051"/>
      <trkpt lat="40.921986" lon="-121.478115"/>
      <trkpt lat="40.921938" lon="-121.478165"/>
      <trkpt lat="40.921888" lon="-121.478197"/>
      <trkpt lat="40.921818" lon="-121.478278"/>
      <trkpt lat="40.921782" lon="-121.478373"/>
      <trkpt lat="40.921723" lon="-121.478440"/>
      <trkpt lat="40.921703" lon="-121.478499"/>
      <trkpt lat="40.921681" lon="-121.478611"/>
      <trkpt lat="40.921646" lon="-121.478671"/>
      <trkpt lat="40.921602" lon="-121.478697"/>
      <trkpt lat="40.921590" lon="-121.478740"/>
      <trkpt lat="40.921586" lon="-121.478798"/>
      <trkpt lat="40.921569" lon="-121.478845"/>
      <trkpt lat="40.921464" lon="-121.479035"/>
      <trkpt lat="40.921448" lon="-121.479074"/>
      <trkpt lat="40.921452" lon="-121.479143"/>
      <trkpt lat="40.921417" lon="-121.479231"/>
      <trkpt lat="40.921389" lon="-121.479281"/>
      <trkpt lat="40.921352" lon="-121.479341"/>
      <trkpt lat="40.921304" lon="-121.479385"/>
      <trkpt lat="40.921276" lon="-121.479436"/>
      <trkpt lat="40.921246" lon="-121.479471"/>
      <trkpt lat="40.921129" lon="-121.479499"/>
      <trkpt lat="40.921092" lon="-121.479497"/>
      <trkpt lat="40.921059" lon="-121.479528"/>
      <trkpt lat="40.921006" lon="-121.479613"/>
      <trkpt lat="40.921002" lon="-121.479666"/>
      <trkpt lat="40.921012" lon="-121.479758"/>
      <trkpt lat="40.921039" lon="-121.479912"/>
      <trkpt lat="40.921075" lon="-121.479982"/>
      <trkpt lat="40.921076" lon="-121.480089"/>
      <trkpt lat="40.921094" lon="-121.480160"/>
      <trkpt lat="40.921088" lon="-121.480269"/>
      <trkpt lat="40.921062" lon="-121.480395"/>
      <trkpt lat="40.920993" lon="-121.480598"/>
      <trkpt lat="40.920927" lon="-121.480697"/>
      <trkpt lat="40.920846" lon="-121.480784"/>
      <trkpt lat="40.920777" lon="-121.480870"/>
      <trkpt lat="40.920747" lon="-121.480936"/>
      <trkpt lat="40.920570" lon="-121.481074"/>
      <trkpt lat="40.920519" lon="-121.481118"/>
      <trkpt lat="40.920450" lon="-121.481213"/>
      <trkpt lat="40.920428" lon="-121.481287"/>
      <trkpt lat="40.920403" lon="-121.481337"/>
      <trkpt lat="40.920392" lon="-121.481409"/>
      <trkpt lat="40.920341" lon="-121.481492"/>
      <trkpt lat="40.920140" lon="-121.481716"/>
      <trkpt lat="40.920095" lon="-121.481794"/>
      <trkpt lat="40.920047" lon="-121.481838"/>
      <trkpt lat="40.920011" lon="-121.481853"/>
      <trkpt lat="40.919946" lon="-121.481856"/>
      <trkpt lat="40.919880" lon="-121.481896"/>
      <trkpt lat="40.919846" lon="-121.481960"/>
      <trkpt lat="40.919814" lon="-121.482007"/>
      <trkpt lat="40.919802" lon="-121.482082"/>
      <trkpt lat="40.919803" lon="-121.482147"/>
      <trkpt lat="40.919773" lon="-121.482236"/>
      <trkpt lat="40.919739" lon="-121.482289"/>
      <trkpt lat="40.919628" lon="-121.482356"/>
      <trkpt lat="40.919587" lon="-121.482428"/>
      <trkpt lat="40.919535" lon="-121.482461"/>
      <trkpt lat="40.919504" lon="-121.482499"/>
      <trkpt lat="40.919345" lon="-121.482603"/>
      <trkpt lat="40.919294" lon="-121.482619"/>
      <trkpt lat="40.919092" lon="-121.482631"/>
      <trkpt lat="40.919059" lon="-121.482643"/>
      <trkpt lat="40.919016" lon="-121.482676"/>
      <trkpt lat="40.918939" lon="-121.482760"/>
      <trkpt lat="40.918812" lon="-121.482933"/>
      <trkpt lat="40.918731" lon="-121.483033"/>
      <trkpt lat="40.918610" lon="-121.483169"/>
      <trkpt lat="40.918560" lon="-121.483246"/>
      <trkpt lat="40.918524" lon="-121.483331"/>
      <trkpt lat="40.918476" lon="-121.483382"/>
      <trkpt lat="40.918441" lon="-121.483456"/>
      <trkpt lat="40.918411" lon="-121.483556"/>
      <trkpt lat="40.918424" lon="-121.483603"/>
      <trkpt lat="40.918452" lon="-121.483655"/>
      <trkpt lat="40.918470" lon="-121.483778"/>
      <trkpt lat="40.918418" lon="-121.483941"/>
      <trkpt lat="40.918366" lon="-121.484062"/>
      <trkpt lat="40.918329" lon="-121.484134"/>
      <trkpt lat="40.918301" lon="-121.484215"/>
      <trkpt lat="40.918256" lon="-121.484460"/>
      <trkpt lat="40.918243" lon="-121.484566"/>
      <trkpt lat="40.918210" lon="-121.484672"/>
      <trkpt lat="40.918183" lon="-121.484775"/>
      <trkpt lat="40.918162" lon="-121.485010"/>
      <trkpt lat="40.918159" lon="-121.485088"/>
      <trkpt lat="40.918146" lon="-121.485136"/>
      <trkpt lat="40.918104" lon="-121.485217"/>
      <trkpt lat="40.918031" lon="-121.485394"/>
      <trkpt lat="40.917976" lon="-121.485494"/>
      <trkpt lat="40.917966" lon="-121.485542"/>
      <trkpt lat="40.917886" lon="-121.485688"/>
      <trkpt lat="40.917857" lon="-121.485799"/>
      <trkpt lat="40.917858" lon="-121.485886"/>
      <trkpt lat="40.917873" lon="-121.485934"/>
      <trkpt lat="40.917903" lon="-121.485969"/>
      <trkpt lat="40.917909" lon="-121.486010"/>
      <trkpt lat="40.917897" lon="-121.486173"/>
      <trkpt lat="40.917865" lon="-121.486352"/>
      <trkpt lat="40.917824" lon="-121.486406"/>
      <trkpt lat="40.917796" lon="-121.486465"/>
      <trkpt lat="40.917775" lon="-121.486521"/>
      <trkpt lat="40.917756" lon="-121.486613"/>
      <trkpt lat="40.917700" lon="-121.486737"/>
      <trkpt lat="40.917693" lon="-121.486802"/>
      <trkpt lat="40.917679" lon="-121.486862"/>
      <trkpt lat="40.917700" lon="-121.486916"/>
      <trkpt lat="40.917732" lon="-121.486980"/>
      <trkpt lat="40.917740" lon="-121.487015"/>
      <trkpt lat="40.917740" lon="-121.487114"/>
      <trkpt lat="40.917716" lon="-121.487247"/>
      <trkpt lat="40.917696" lon="-121.487339"/>
      <trkpt lat="40.917691" lon="-121.487407"/>
      <trkpt lat="40.917657" lon="-121.487514"/>
      <trkpt lat="40.917651" lon="-121.487563"/>
      <trkpt lat="40.917670" lon="-121.487621"/>
      <trkpt lat="40.917707" lon="-121.487669"/>
      <trkpt lat="40.917826" lon="-121.487758"/>
      <trkpt lat="40.917884" lon="-121.487837"/>
      <trkpt lat="40.917911" lon="-121.487900"/>
      <trkpt lat="40.917919" lon="-121.487958"/>
      <trkpt lat="40.917922" lon="-121.488014"/>
      <trkpt lat="40.917954" lon="-121.488104"/>
      <trkpt lat="40.918010" lon="-121.488202"/>
      <trkpt lat="40.918049" lon="-121.488293"/>
      <trkpt lat="40.918051" lon="-121.488402"/>
      <trkpt lat="40.918086" lon="-121.488477"/>
      <trkpt lat="40.918104" lon="-121.488603"/>
      <trkpt lat="40.918137" lon="-121.488760"/>
      <trkpt lat="40.918185" lon="-121.488887"/>
      <trkpt lat="40.918241" lon="-121.489019"/>
      <trkpt lat="40.918245" lon="-121.489055"/>
      <trkpt lat="40.918243" lon="-121.489083"/>
      <trkpt lat="40.918196" lon="-121.489193"/>
      <trkpt lat="40.918107" lon="-121.489446"/>
      <trkpt lat="40.918040" lon="-121.489603"/>
      <trkpt lat="40.918036" lon="-121.489712"/>
      <trkpt lat="40.918051" lon="-121.489806"/>
      <trkpt lat="40.918044" lon="-121.490004"/>
      <trkpt lat="40.918052" lon="-121.490232"/>
      <trkpt lat="40.918061" lon="-121.490280"/>
      <trkpt lat="40.918046" lon="-121.490382"/>
      <trkpt lat="40.918019" lon="-121.490480"/>
      <trkpt lat="40.918001" lon="-121.490613"/>
      <trkpt lat="40.917988" lon="-121.490661"/>
      <trkpt lat="40.917967" lon="-121.490680"/>
      <trkpt lat="40.917940" lon="-121.490680"/>
      <trkpt lat="40.917911" lon="-121.490706"/>
      <trkpt lat="40.917888" lon="-121.490738"/>
      <trkpt lat="40.917856" lon="-121.490790"/>
      <trkpt lat="40.917824" lon="-121.490860"/>
      <trkpt lat="40.917776" lon="-121.490927"/>
      <trkpt lat="40.917759" lon="-121.490986"/>
      <trkpt lat="40.917759" lon="-121.491060"/>
      <trkpt lat="40.917767" lon="-121.491131"/>
      <trkpt lat="40.917808" lon="-121.491231"/>
      <trkpt lat="40.917840" lon="-121.491365"/>
      <trkpt lat="40.917860" lon="-121.491400"/>
      <trkpt lat="40.917893" lon="-121.491415"/>
      <trkpt lat="40.918075" lon="-121.491356"/>
      <trkpt lat="40.918137" lon="-121.491329"/>
      <trkpt lat="40.918204" lon="-121.491259"/>
      <trkpt lat="40.918244" lon="-121.491190"/>
      <trkpt lat="40.918371" lon="-121.491038"/>
      <trkpt lat="40.918405" lon="-121.490990"/>
      <trkpt lat="40.918450" lon="-121.490948"/>
      <trkpt lat="40.918522" lon="-121.490928"/>
      <trkpt lat="40.918570" lon="-121.490888"/>
      <trkpt lat="40.918636" lon="-121.490805"/>
      <trkpt lat="40.918704" lon="-121.490752"/>
      <trkpt lat="40.918781" lon="-121.490752"/>
      <trkpt lat="40.918920" lon="-121.490809"/>
      <trkpt lat="40.918955" lon="-121.490810"/>
      <trkpt lat="40.918994" lon="-121.490787"/>
      <trkpt lat="40.919024" lon="-121.490797"/>
      <trkpt lat="40.919059" lon="-121.490798"/>
      <trkpt lat="40.919122" lon="-121.490821"/>
      <trkpt lat="40.919172" lon="-121.490848"/>
      <trkpt lat="40.919223" lon="-121.490865"/>
      <trkpt lat="40.919289" lon="-121.490872"/>
      <trkpt lat="40.919323" lon="-121.490892"/>
      <trkpt lat="40.919360" lon="-121.490944"/>
      <trkpt lat="40.919480" lon="-121.491061"/>
      <trkpt lat="40.919519" lon="-121.491129"/>
      <trkpt lat="40.919539" lon="-121.491208"/>
      <trkpt lat="40.919545" lon="-121.491298"/>
      <trkpt lat="40.919566" lon="-121.491380"/>
      <trkpt lat="40.919620" lon="-121.491442"/>
      <trkpt lat="40.919704" lon="-121.491490"/>
      <trkpt lat="40.919808" lon="-121.491583"/>
      <trkpt lat="40.919894" lon="-121.491650"/>
      <trkpt lat="40.919957" lon="-121.491677"/>
      <trkpt lat="40.920089" lon="-121.491850"/>
      <trkpt lat="40.920144" lon="-121.491878"/>
      <trkpt lat="40.920333" lon="-121.491894"/>
      <trkpt lat="40.920385" lon="-121.491923"/>
      <trkpt lat="40.920446" lon="-121.492019"/>
      <trkpt lat="40.920501" lon="-121.492087"/>
      <trkpt lat="40.920593" lon="-121.492224"/>
      <trkpt lat="40.920662" lon="-121.492273"/>
      <trkpt lat="40.920805" lon="-121.492361"/>
      <trkpt lat="40.921015" lon="-121.492594"/>
      <trkpt lat="40.921112" lon="-121.492689"/>
      <trkpt lat="40.921162" lon="-121.492744"/>
      <trkpt lat="40.921316" lon="-121.492943"/>
      <trkpt lat="40.921456" lon="-121.493250"/>
      <trkpt lat="40.921494" lon="-121.493374"/>
      <trkpt lat="40.921538" lon="-121.493553"/>
      <trkpt lat="40.921637" lon="-121.493928"/>
      <trkpt lat="40.921666" lon="-121.494092"/>
      <trkpt lat="40.921721" lon="-121.494363"/>
      <trkpt lat="40.921748" lon="-121.494618"/>
      <trkpt lat="40.921799" lon="-121.494858"/>
      <trkpt lat="40.921867" lon="-121.495107"/>
      <trkpt lat="40.921869" lon="-121.495147"/>
      <trkpt lat="40.921909" lon="-121.495193"/>
      <trkpt lat="40.921940" lon="-121.495252"/>
      <trkpt lat="40.921954" lon="-121.495375"/>
      <trkpt lat="40.921942" lon="-121.495405"/>
      <trkpt lat="40.921979" lon="-121.495992"/>
      <trkpt lat="40.922008" lon="-121.496625"/>
      <trkpt lat="40.922036" lon="-121.496923"/>
      <trkpt lat="40.922022" lon="-121.497026"/>
      <trkpt lat="40.922022" lon="-121.497053"/>
      <trkpt lat="40.922035" lon="-121.497078"/>
      <trkpt lat="40.922055" lon="-121.497160"/>
      <trkpt lat="40.922076" lon="-121.497182"/>
      <trkpt lat="40.922131" lon="-121.497178"/>
      <trkpt lat="40.922206" lon="-121.497229"/>
      <trkpt lat="40.922278" lon="-121.497262"/>
      <trkpt lat="40.922312" lon="-121.497265"/>
      <trkpt lat="40.922483" lon="-121.497328"/>
      <trkpt lat="40.922712" lon="-121.497312"/>
      <trkpt lat="40.922795" lon="-121.497325"/>
      <trkpt lat="40.922895" lon="-121.497349"/>
      <trkpt lat="40.922972" lon="-121.497333"/>
      <trkpt lat="40.923069" lon="-121.497371"/>
      <trkpt lat="40.923152" lon="-121.497427"/>
      <trkpt lat="40.923211" lon="-121.497513"/>
      <trkpt lat="40.923233" lon="-121.497636"/>
      <trkpt lat="40.923257" lon="-121.497741"/>
      <trkpt lat="40.923270" lon="-121.498240"/>
      <trkpt lat="40.923278" lon="-121.498363"/>
      <trkpt lat="40.923294" lon="-121.498468"/>
      <trkpt lat="40.923282" lon="-121.498575"/>
      <trkpt lat="40.923239" lon="-121.498717"/>
      <trkpt lat="40.923259" lon="-121.498854"/>
      <trkpt lat="40.923265" lon="-121.499010"/>
      <trkpt lat="40.923231" lon="-121.499152"/>
      <trkpt lat="40.923160" lon="-121.499216"/>
      <trkpt lat="40.923061" lon="-121.499334"/>
      <trkpt lat="40.922992" lon="-121.499458"/>
      <trkpt lat="40.922864" lon="-121.499538"/>
      <trkpt lat="40.922779" lon="-121.499750"/>
      <trkpt lat="40.922757" lon="-121.499825"/>
      <trkpt lat="40.922775" lon="-121.499940"/>
      <trkpt lat="40.922828" lon="-121.500075"/>
      <trkpt lat="40.922806" lon="-121.500187"/>
      <trkpt lat="40.922785" lon="-121.500378"/>
      <trkpt lat="40.922818" lon="-121.500472"/>
      <trkpt lat="40.922834" lon="-121.500925"/>
      <trkpt lat="40.922838" lon="-121.501236"/>
      <trkpt lat="40.922828" lon="-121.501386"/>
      <trkpt lat="40.922781" lon="-121.501542"/>
      <trkpt lat="40.922690" lon="-121.501644"/>
      <trkpt lat="40.921954" lon="-121.502105"/>
      <trkpt lat="40.921790" lon="-121.502392"/>
      <trkpt lat="40.921735" lon="-121.502397"/>
      <trkpt lat="40.921662" lon="-121.502370"/>
      <trkpt lat="40.921575" lon="-121.502357"/>
      <trkpt lat="40.921515" lon="-121.502370"/>
      <trkpt lat="40.921480" lon="-121.502419"/>
      <trkpt lat="40.921435" lon="-121.502505"/>
      <trkpt lat="40.921421" lon="-121.502588"/>
      <trkpt lat="40.921508" lon="-121.502762"/>
      <trkpt lat="40.921527" lon="-121.502819"/>
      <trkpt lat="40.921547" lon="-121.503092"/>
      <trkpt lat="40.921581" lon="-121.503245"/>
      <trkpt lat="40.921518" lon="-121.503301"/>
      <trkpt lat="40.921496" lon="-121.503393"/>
      <trkpt lat="40.921409" lon="-121.503473"/>
      <trkpt lat="40.921312" lon="-121.503551"/>
      <trkpt lat="40.921279" lon="-121.503615"/>
      <trkpt lat="40.921285" lon="-121.503693"/>
      <trkpt lat="40.921302" lon="-121.503787"/>
      <trkpt lat="40.921294" lon="-121.503848"/>
      <trkpt lat="40.921310" lon="-121.503899"/>
      <trkpt lat="40.921358" lon="-121.503950"/>
      <trkpt lat="40.921429" lon="-121.504050"/>
      <trkpt lat="40.921520" lon="-121.504208"/>
      <trkpt lat="40.921545" lon="-121.504353"/>
      <trkpt lat="40.921591" lon="-121.504433"/>
      <trkpt lat="40.921597" lon="-121.504515"/>
      <trkpt lat="40.921585" lon="-121.504608"/>
      <trkpt lat="40.921523" lon="-121.504742"/>
      <trkpt lat="40.921508" lon="-121.504798"/>
      <trkpt lat="40.921517" lon="-121.504868"/>
      <trkpt lat="40.921474" lon="-121.504962"/>
      <trkpt lat="40.921450" lon="-121.505080"/>
      <trkpt lat="40.921450" lon="-121.505149"/>
      <trkpt lat="40.921433" lon="-121.505283"/>
      <trkpt lat="40.921452" lon="-121.505399"/>
      <trkpt lat="40.921463" lon="-121.505540"/>
      <trkpt lat="40.921517" lon="-121.505688"/>
      <trkpt lat="40.921681" lon="-121.505806"/>
      <trkpt lat="40.921768" lon="-121.505952"/>
      <trkpt lat="40.921891" lon="-121.506185"/>
      <trkpt lat="40.921964" lon="-121.506370"/>
      <trkpt lat="40.922003" lon="-121.506541"/>
      <trkpt lat="40.922025" lon="-121.506786"/>
      <trkpt lat="40.922159" lon="-121.507185"/>
      <trkpt lat="40.922159" lon="-121.507322"/>
      <trkpt lat="40.922177" lon="-121.507467"/>
      <trkpt lat="40.922171" lon="-121.507582"/>
      <trkpt lat="40.922173" lon="-121.507713"/>
      <trkpt lat="40.922183" lon="-121.507885"/>
      <trkpt lat="40.922233" lon="-121.508128"/>
      <trkpt lat="40.922260" lon="-121.508215"/>
      <trkpt lat="40.922333" lon="-121.508287"/>
      <trkpt lat="40.922368" lon="-121.508304"/>
      <trkpt lat="40.922449" lon="-121.508317"/>
      <trkpt lat="40.922613" lon="-121.508427"/>
      <trkpt lat="40.922688" lon="-121.508564"/>
      <trkpt lat="40.922761" lon="-121.508599"/>
      <trkpt lat="40.922860" lon="-121.508671"/>
      <trkpt lat="40.922886" lon="-121.508722"/>
      <trkpt lat="40.922893" lon="-121.508824"/>
      <trkpt lat="40.922927" lon="-121.508931"/>
      <trkpt lat="40.922976" lon="-121.508988"/>
      <trkpt lat="40.923010" lon="-121.509063"/>
      <trkpt lat="40.922996" lon="-121.509146"/>
      <trkpt lat="40.923012" lon="-121.509224"/>
      <trkpt lat="40.923049" lon="-121.509317"/>
      <trkpt lat="40.923055" lon="-121.509417"/>
      <trkpt lat="40.923118" lon="-121.509516"/>
      <trkpt lat="40.923164" lon="-121.509639"/>
      <trkpt lat="40.923190" lon="-121.509789"/>
      <trkpt lat="40.923233" lon="-121.509910"/>
      <trkpt lat="40.923251" lon="-121.509996"/>
      <trkpt lat="40.923229" lon="-121.510152"/>
      <trkpt lat="40.923221" lon="-121.510342"/>
      <trkpt lat="40.923203" lon="-121.510535"/>
      <trkpt lat="40.923278" lon="-121.510691"/>
      <trkpt lat="40.923359" lon="-121.510905"/>
      <trkpt lat="40.923454" lon="-121.511136"/>
      <trkpt lat="40.923484" lon="-121.511294"/>
      <trkpt lat="40.923685" lon="-121.511836"/>
      <trkpt lat="40.923843" lon="-121.512238"/>
      <trkpt lat="40.923896" lon="-121.512327"/>
      <trkpt lat="40.923918" lon="-121.512402"/>
      <trkpt lat="40.923920" lon="-121.512480"/>
      <trkpt lat="40.923963" lon="-121.512601"/>
      <trkpt lat="40.924256" lon="-121.513309"/>
      <trkpt lat="40.924408" lon="-121.513612"/>
      <trkpt lat="40.924828" lon="-121.514212"/>
      <trkpt lat="40.924956" lon="-121.514357"/>
      <trkpt lat="40.924982" lon="-121.514432"/>
      <trkpt lat="40.925023" lon="-121.514569"/>
      <trkpt lat="40.925085" lon="-121.514725"/>
      <trkpt lat="40.925247" lon="-121.514963"/>
      <trkpt lat="40.925316" lon="-121.515090"/>
      <trkpt lat="40.925302" lon="-121.515122"/>
      <trkpt lat="40.925389" lon="-121.515259"/>
      <trkpt lat="40.925438" lon="-121.515403"/>
      <trkpt lat="40.925497" lon="-121.515470"/>
      <trkpt lat="40.925588" lon="-121.515554"/>
      <trkpt lat="40.925663" lon="-121.515650"/>
      <trkpt lat="40.925754" lon="-121.515728"/>
      <trkpt lat="40.925839" lon="-121.515744"/>
      <trkpt lat="40.926109" lon="-121.515725"/>
      <trkpt lat="40.926662" lon="-121.515773"/>
      <trkpt lat="40.926790" lon="-121.515760"/>
      <trkpt lat="40.927065" lon="-121.515773"/>
      <trkpt lat="40.927199" lon="-121.515790"/>
      <trkpt lat="40.927367" lon="-121.515757"/>
      <trkpt lat="40.927683" lon="-121.515790"/>
      <trkpt lat="40.927846" lon="-121.515843"/>
      <trkpt lat="40.927967" lon="-121.515902"/>
      <trkpt lat="40.928032" lon="-121.516010"/>
      <trkpt lat="40.928111" lon="-121.516085"/>
      <trkpt lat="40.928156" lon="-121.516117"/>
      <trkpt lat="40.928245" lon="-121.516136"/>
      <trkpt lat="40.928407" lon="-121.516307"/>
      <trkpt lat="40.928500" lon="-121.516380"/>
      <trkpt lat="40.928758" lon="-121.516643"/>
      <trkpt lat="40.929039" lon="-121.516889"/>
      <trkpt lat="40.929767" lon="-121.517576"/>
      <trkpt lat="40.929979" lon="-121.517756"/>
      <trkpt lat="40.930636" lon="-121.518370"/>
      <trkpt lat="40.930960" lon="-121.518654"/>
      <trkpt lat="40.931037" lon="-121.518772"/>
      <trkpt lat="40.931076" lon="-121.518933"/>
      <trkpt lat="40.931264" lon="-121.519553"/>
      <trkpt lat="40.931443" lon="-121.520178"/>
      <trkpt lat="40.931630" lon="-121.520620"/>
      <trkpt lat="40.931712" lon="-121.520770"/>
      <trkpt lat="40.931836" lon="-121.520942"/>
      <trkpt lat="40.931884" lon="-121.520980"/>
      <trkpt lat="40.931902" lon="-121.521031"/>
      <trkpt lat="40.931887" lon="-121.521134"/>
      <trkpt lat="40.931770" lon="-121.521664"/>
      <trkpt lat="40.931767" lon="-121.521873"/>
      <trkpt lat="40.931786" lon="-121.522346"/>
      <trkpt lat="40.931783" lon="-121.522807"/>
      <trkpt lat="40.931925" lon="-121.523168"/>
      <trkpt lat="40.931985" lon="-121.523361"/>
      <trkpt lat="40.932070" lon="-121.523527"/>
      <trkpt lat="40.932338" lon="-121.524175"/>
      <trkpt lat="40.932792" lon="-121.525100"/>
      <trkpt lat="40.932837" lon="-121.525172"/>
      <trkpt lat="40.932867" lon="-121.525255"/>
      <trkpt lat="40.932853" lon="-121.525322"/>
      <trkpt lat="40.932849" lon="-121.525392"/>
      <trkpt lat="40.932818" lon="-121.525545"/>
      <trkpt lat="40.932731" lon="-121.526119"/>
      <trkpt lat="40.932837" lon="-121.526261"/>
      <trkpt lat="40.933027" lon="-121.526481"/>
      <trkpt lat="40.933112" lon="-121.526535"/>
      <trkpt lat="40.933220" lon="-121.526653"/>
      <trkpt lat="40.933349" lon="-121.526749"/>
      <trkpt lat="40.933497" lon="-121.526816"/>
      <trkpt lat="40.933657" lon="-121.526897"/>
      <trkpt lat="40.933781" lon="-121.526966"/>
      <trkpt lat="40.933988" lon="-121.527149"/>
      <trkpt lat="40.934166" lon="-121.527328"/>
      <trkpt lat="40.934267" lon="-121.527457"/>
      <trkpt lat="40.934350" lon="-121.527591"/>
      <trkpt lat="40.934764" lon="-121.527991"/>
      <trkpt lat="40.934924" lon="-121.528181"/>
      <trkpt lat="40.934984" lon="-121.528273"/>
      <trkpt lat="40.935074" lon="-121.528356"/>
      <trkpt lat="40.935215" lon="-121.528383"/>
      <trkpt lat="40.935361" lon="-121.528442"/>
      <trkpt lat="40.935432" lon="-121.528450"/>
      <trkpt lat="40.935625" lon="-121.528525"/>
      <trkpt lat="40.935761" lon="-121.528613"/>
      <trkpt lat="40.936044" lon="-121.528906"/>
      <trkpt lat="40.936188" lon="-121.529158"/>
      <trkpt lat="40.936464" lon="-121.529708"/>
      <trkpt lat="40.936571" lon="-121.529952"/>
      <trkpt lat="40.936606" lon="-121.530169"/>
      <trkpt lat="40.936681" lon="-121.530421"/>
      <trkpt lat="40.936723" lon="-121.530628"/>
      <trkpt lat="40.936745" lon="-121.530802"/>
      <trkpt lat="40.936802" lon="-121.530950"/>
      <trkpt lat="40.936826" lon="-121.531180"/>
      <trkpt lat="40.936824" lon="-121.531464"/>
      <trkpt lat="40.936835" lon="-121.531811"/>
      <trkpt lat="40.936849" lon="-121.532036"/>
      <trkpt lat="40.936893" lon="-121.532274"/>
      <trkpt lat="40.936944" lon="-121.532379"/>
      <trkpt lat="40.937007" lon="-121.532569"/>
      <trkpt lat="40.937027" lon="-121.532878"/>
      <trkpt lat="40.936991" lon="-121.533119"/>
      <trkpt lat="40.936926" lon="-121.533420"/>
      <trkpt lat="40.936918" lon="-121.533605"/>
      <trkpt lat="40.936930" lon="-121.533701"/>
      <trkpt lat="40.936936" lon="-121.533806"/>
      <trkpt lat="40.936920" lon="-121.533862"/>
      <trkpt lat="40.936873" lon="-121.533849"/>
      <trkpt lat="40.936768" lon="-121.533685"/>
      <trkpt lat="40.936683" lon="-121.533476"/>
      <trkpt lat="40.936573" lon="-121.533347"/>
      <trkpt lat="40.936535" lon="-121.533197"/>
      <trkpt lat="40.936545" lon="-121.532956"/>
      <trkpt lat="40.936515" lon="-121.532905"/>
      <trkpt lat="40.936433" lon="-121.532878"/>
      <trkpt lat="40.936372" lon="-121.532897"/>
      <trkpt lat="40.936304" lon="-121.532999"/>
      <trkpt lat="40.936206" lon="-121.533087"/>
      <trkpt lat="40.936101" lon="-121.533152"/>
      <trkpt lat="40.935892" lon="-121.533221"/>
      <trkpt lat="40.935809" lon="-121.533280"/>
      <trkpt lat="40.935732" lon="-121.533299"/>
      <trkpt lat="40.935613" lon="-121.533302"/>
      <trkpt lat="40.935532" lon="-121.533390"/>
      <trkpt lat="40.935481" lon="-121.533634"/>
      <trkpt lat="40.935396" lon="-121.533803"/>
      <trkpt lat="40.935329" lon="-121.533841"/>
      <trkpt lat="40.935240" lon="-121.533846"/>
      <trkpt lat="40.935189" lon="-121.533897"/>
      <trkpt lat="40.935163" lon="-121.534149"/>
      <trkpt lat="40.935130" lon="-121.534281"/>
      <trkpt lat="40.935021" lon="-121.534420"/>
      <trkpt lat="40.934889" lon="-121.534544"/>
      <trkpt lat="40.934770" lon="-121.534683"/>
      <trkpt lat="40.934634" lon="-121.534780"/>
      <trkpt lat="40.934393" lon="-121.535008"/>
      <trkpt lat="40.934314" lon="-121.535112"/>
      <trkpt lat="40.934261" lon="-121.535201"/>
      <trkpt lat="40.934188" lon="-121.535276"/>
      <trkpt lat="40.934107" lon="-121.535381"/>
      <trkpt lat="40.933990" lon="-121.535576"/>
      <trkpt lat="40.933969" lon="-121.535673"/>
      <trkpt lat="40.933955" lon="-121.535807"/>
      <trkpt lat="40.933986" lon="-121.536024"/>
      <trkpt lat="40.934055" lon="-121.536306"/>
      <trkpt lat="40.934101" lon="-121.536402"/>
      <trkpt lat="40.934119" lon="-121.536478"/>
      <trkpt lat="40.934099" lon="-121.536719"/>
      <trkpt lat="40.934016" lon="-121.536958"/>
      <trkpt lat="40.933923" lon="-121.537137"/>
      <trkpt lat="40.933856" lon="-121.537237"/>
      <trkpt lat="40.933793" lon="-121.537312"/>
      <trkpt lat="40.933623" lon="-121.537438"/>
      <trkpt lat="40.933461" lon="-121.537593"/>
      <trkpt lat="40.933238" lon="-121.537851"/>
      <trkpt lat="40.933049" lon="-121.538055"/>
      <trkpt lat="40.932881" lon="-121.538312"/>
      <trkpt lat="40.932677" lon="-121.538645"/>
      <trkpt lat="40.932618" lon="-121.538768"/>
      <trkpt lat="40.932551" lon="-121.538832"/>
      <trkpt lat="40.932494" lon="-121.538854"/>
      <trkpt lat="40.932433" lon="-121.538757"/>
      <trkpt lat="40.932403" lon="-121.538588"/>
      <trkpt lat="40.932367" lon="-121.538441"/>
      <trkpt lat="40.932348" lon="-121.538301"/>
      <trkpt lat="40.932308" lon="-121.538175"/>
      <trkpt lat="40.932231" lon="-121.538143"/>
      <trkpt lat="40.932176" lon="-121.538202"/>
      <trkpt lat="40.932130" lon="-121.538347"/>
      <trkpt lat="40.932022" lon="-121.538492"/>
      <trkpt lat="40.931963" lon="-121.538556"/>
      <trkpt lat="40.931898" lon="-121.538599"/>
      <trkpt lat="40.931821" lon="-121.538599"/>
      <trkpt lat="40.931750" lon="-121.538578"/>
      <trkpt lat="40.931643" lon="-121.538559"/>
      <trkpt lat="40.931576" lon="-121.538575"/>
      <trkpt lat="40.931513" lon="-121.538631"/>
      <trkpt lat="40.931447" lon="-121.538717"/>
      <trkpt lat="40.931378" lon="-121.538956"/>
      <trkpt lat="40.931355" lon="-121.539047"/>
      <trkpt lat="40.931325" lon="-121.539138"/>
      <trkpt lat="40.931252" lon="-121.539243"/>
      <trkpt lat="40.931124" lon="-121.539291"/>
      <trkpt lat="40.931047" lon="-121.539364"/>
      <trkpt lat="40.930970" lon="-121.539398"/>
      <trkpt lat="40.930879" lon="-121.539423"/>
      <trkpt lat="40.930735" lon="-121.539527"/>
      <trkpt lat="40.930575" lon="-121.539675"/>
      <trkpt lat="40.930464" lon="-121.539742"/>
      <trkpt lat="40.930342" lon="-121.539825"/>
      <trkpt lat="40.930233" lon="-121.539924"/>
      <trkpt lat="40.930138" lon="-121.540031"/>
      <trkpt lat="40.930075" lon="-121.540082"/>
      <trkpt lat="40.929746" lon="-121.540163"/>
      <trkpt lat="40.929629" lon="-121.540184"/>
      <trkpt lat="40.929527" lon="-121.540182"/>
      <trkpt lat="40.929471" lon="-121.540155"/>
      <trkpt lat="40.929369" lon="-121.540013"/>
      <trkpt lat="40.929268" lon="-121.539905"/>
      <trkpt lat="40.929177" lon="-121.539865"/>
      <trkpt lat="40.929084" lon="-121.539892"/>
      <trkpt lat="40.928990" lon="-121.539929"/>
      <trkpt lat="40.928934" lon="-121.539940"/>
      <trkpt lat="40.928841" lon="-121.539999"/>
      <trkpt lat="40.928743" lon="-121.540088"/>
      <trkpt lat="40.928634" lon="-121.540179"/>
      <trkpt lat="40.928593" lon="-121.540225"/>
      <trkpt lat="40.928531" lon="-121.540257"/>
      <trkpt lat="40.928407" lon="-121.540332"/>
      <trkpt lat="40.928259" lon="-121.540431"/>
      <trkpt lat="40.928127" lon="-121.540477"/>
      <trkpt lat="40.927937" lon="-121.540477"/>
      <trkpt lat="40.927722" lon="-121.540557"/>
      <trkpt lat="40.927497" lon="-121.540756"/>
      <trkpt lat="40.927313" lon="-121.540938"/>
      <trkpt lat="40.927223" lon="-121.541045"/>
      <trkpt lat="40.927144" lon="-121.541128"/>
      <trkpt lat="40.927037" lon="-121.541193"/>
      <trkpt lat="40.926932" lon="-121.541236"/>
      <trkpt lat="40.926717" lon="-121.541411"/>
      <trkpt lat="40.926739" lon="-121.541508"/>
      <trkpt lat="40.926778" lon="-121.541617"/>
      <trkpt lat="40.926881" lon="-121.541858"/>
      <trkpt lat="40.927017" lon="-121.542054"/>
      <trkpt lat="40.927131" lon="-121.542166"/>
      <trkpt lat="40.927150" lon="-121.542237"/>
      <trkpt lat="40.927133" lon="-121.542397"/>
      <trkpt lat="40.927191" lon="-121.542475"/>
      <trkpt lat="40.927213" lon="-121.542590"/>
      <trkpt lat="40.927343" lon="-121.542714"/>
      <trkpt lat="40.927394" lon="-121.542856"/>
      <trkpt lat="40.927535" lon="-121.542958"/>
      <trkpt lat="40.927629" lon="-121.543105"/>
      <trkpt lat="40.927758" lon="-121.543218"/>
      <trkpt lat="40.927858" lon="-121.543379"/>
      <trkpt lat="40.928176" lon="-121.543711"/>
      <trkpt lat="40.928293" lon="-121.543864"/>
      <trkpt lat="40.928539" lon="-121.544116"/>
      <trkpt lat="40.928610" lon="-121.544143"/>
      <trkpt lat="40.928865" lon="-121.544135"/>
      <trkpt lat="40.929128" lon="-121.544088"/>
      <trkpt lat="40.929385" lon="-121.544002"/>
      <trkpt lat="40.929402" lon="-121.544009"/>
      <trkpt lat="40.929421" lon="-121.544024"/>
      <trkpt lat="40.929439" lon="-121.544051"/>
      <trkpt lat="40.929482" lon="-121.544197"/>
    </trkseg>
    <trkseg>
      <trkpt lat="40.754086" lon="-121.385889"/>
      <trkpt lat="40.754218" lon="-121.385875"/>
      <trkpt lat="40.754305" lon="-121.385873"/>
      <trkpt lat="40.754415" lon="-121.385928"/>
      <trkpt lat="40.754564" lon="-121.386091"/>
      <trkpt lat="40.754669" lon="-121.386169"/>
      <trkpt lat="40.754842" lon="-121.386198"/>
      <trkpt lat="40.754974" lon="-121.386247"/>
      <trkpt lat="40.755399" lon="-121.386429"/>
      <trkpt lat="40.755525" lon="-121.386526"/>
      <trkpt lat="40.755626" lon="-121.386695"/>
      <trkpt lat="40.755699" lon="-121.386762"/>
      <trkpt lat="40.755927" lon="-121.386759"/>
      <trkpt lat="40.756059" lon="-121.386794"/>
      <trkpt lat="40.756517" lon="-121.386830"/>
      <trkpt lat="40.756594" lon="-121.386877"/>
      <trkpt lat="40.756850" lon="-121.387154"/>
      <trkpt lat="40.756992" lon="-121.387202"/>
      <trkpt lat="40.757209" lon="-121.387368"/>
      <trkpt lat="40.757530" lon="-121.387521"/>
      <trkpt lat="40.757607" lon="-121.387599"/>
      <trkpt lat="40.757691" lon="-121.387709"/>
      <trkpt lat="40.757916" lon="-121.387838"/>
      <trkpt lat="40.758030" lon="-121.387840"/>
      <trkpt lat="40.758123" lon="-121.387905"/>
      <trkpt lat="40.758200" lon="-121.387908"/>
      <trkpt lat="40.758296" lon="-121.387961"/>
      <trkpt lat="40.758353" lon="-121.388055"/>
      <trkpt lat="40.758465" lon="-121.388108"/>
      <trkpt lat="40.758538" lon="-121.388165"/>
      <trkpt lat="40.758639" lon="-121.388202"/>
      <trkpt lat="40.758861" lon="-121.388237"/>
      <trkpt lat="40.758928" lon="-121.388320"/>
      <trkpt lat="40.759029" lon="-121.388406"/>
      <trkpt lat="40.759068" lon="-121.388472"/>
      <trkpt lat="40.759099" lon="-121.388581"/>
      <trkpt lat="40.759150" lon="-121.388670"/>
      <trkpt lat="40.759194" lon="-121.388723"/>
      <trkpt lat="40.759316" lon="-121.388766"/>
      <trkpt lat="40.759409" lon="-121.388776"/>
      <trkpt lat="40.759570" lon="-121.388858"/>
      <trkpt lat="40.759645" lon="-121.388945"/>
      <trkpt lat="40.759653" lon="-121.389020"/>
      <trkpt lat="40.759688" lon="-121.389122"/>
      <trkpt lat="40.759749" lon="-121.389187"/>
      <trkpt lat="40.759802" lon="-121.389216"/>
      <trkpt lat="40.759856" lon="-121.389216"/>
      <trkpt lat="40.759892" lon="-121.389237"/>
      <trkpt lat="40.759940" lon="-121.389313"/>
      <trkpt lat="40.760010" lon="-121.389370"/>
      <trkpt lat="40.760070" lon="-121.389404"/>
      <trkpt lat="40.760271" lon="-121.389476"/>
      <trkpt lat="40.760340" lon="-121.389468"/>
      <trkpt lat="40.760480" lon="-121.389551"/>
      <trkpt lat="40.760651" lon="-121.389632"/>
      <trkpt lat="40.760789" lon="-121.389774"/>
      <trkpt lat="40.760854" lon="-121.389892"/>
      <trkpt lat="40.760945" lon="-121.389989"/>
      <trkpt lat="40.761016" lon="-121.390048"/>
      <trkpt lat="40.761106" lon="-121.390083"/>
      <trkpt lat="40.761179" lon="-121.390083"/>
      <trkpt lat="40.761264" lon="-121.390099"/>
      <trkpt lat="40.761317" lon="-121.390166"/>
      <trkpt lat="40.761384" lon="-121.390235"/>
      <trkpt lat="40.761753" lon="-121.390437"/>
      <trkpt lat="40.761841" lon="-121.390458"/>
      <trkpt lat="40.761986" lon="-121.390461"/>
      <trkpt lat="40.762262" lon="-121.390653"/>
      <trkpt lat="40.762345" lon="-121.390753"/>
      <trkpt lat="40.762492" lon="-121.390972"/>
      <trkpt lat="40.762579" lon="-121.391016"/>
      <trkpt lat="40.762664" lon="-121.391000"/>
      <trkpt lat="40.762739" lon="-121.390995"/>
      <trkpt lat="40.762793" lon="-121.391007"/>
      <trkpt lat="40.762847" lon="-121.391134"/>
      <trkpt lat="40.762859" lon="-121.391239"/>
      <trkpt lat="40.762877" lon="-121.391314"/>
      <trkpt lat="40.762904" lon="-121.391370"/>
      <trkpt lat="40.763050" lon="-121.391464"/>
      <trkpt lat="40.763241" lon="-121.391547"/>
      <trkpt lat="40.763320" lon="-121.391560"/>
      <trkpt lat="40.763385" lon="-121.391582"/>
      <trkpt lat="40.763434" lon="-121.391652"/>
      <trkpt lat="40.763503" lon="-121.391880"/>
      <trkpt lat="40.763566" lon="-121.391949"/>
      <trkpt lat="40.763629" lon="-121.391981"/>
      <trkpt lat="40.763718" lon="-121.392011"/>
      <trkpt lat="40.763836" lon="-121.392129"/>
      <trkpt lat="40.764009" lon="-121.392159"/>
      <trkpt lat="40.764100" lon="-121.392218"/>
      <trkpt lat="40.764283" lon="-121.392271"/>
      <trkpt lat="40.764419" lon="-121.392293"/>
      <trkpt lat="40.764535" lon="-121.392370"/>
      <trkpt lat="40.764635" lon="-121.392475"/>
      <trkpt lat="40.764777" lon="-121.392553"/>
      <trkpt lat="40.764887" lon="-121.392655"/>
      <trkpt lat="40.764964" lon="-121.392690"/>
      <trkpt lat="40.765311" lon="-121.392792"/>
      <trkpt lat="40.765397" lon="-121.392808"/>
      <trkpt lat="40.765464" lon="-121.392808"/>
      <trkpt lat="40.765589" lon="-121.392826"/>
      <trkpt lat="40.765803" lon="-121.392915"/>
      <trkpt lat="40.766083" lon="-121.392953"/>
      <trkpt lat="40.766483" lon="-121.393014"/>
      <trkpt lat="40.766567" lon="-121.393049"/>
      <trkpt lat="40.766745" lon="-121.393052"/>
      <trkpt lat="40.766865" lon="-121.393027"/>
      <trkpt lat="40.766947" lon="-121.393049"/>
      <trkpt lat="40.767062" lon="-121.393122"/>
      <trkpt lat="40.767176" lon="-121.393178"/>
      <trkpt lat="40.767261" lon="-121.393258"/>
      <trkpt lat="40.767324" lon="-121.393325"/>
      <trkpt lat="40.767410" lon="-121.393513"/>
      <trkpt lat="40.767527" lon="-121.393633"/>
      <trkpt lat="40.767657" lon="-121.393704"/>
      <trkpt lat="40.767777" lon="-121.393720"/>
      <trkpt lat="40.767930" lon="-121.393797"/>
      <trkpt lat="40.768130" lon="-121.393870"/>
      <trkpt lat="40.768214" lon="-121.393910"/>
      <trkpt lat="40.768419" lon="-121.394082"/>
      <trkpt lat="40.768541" lon="-121.394117"/>
      <trkpt lat="40.768708" lon="-121.394173"/>
      <trkpt lat="40.768785" lon="-121.394237"/>
      <trkpt lat="40.768864" lon="-121.394256"/>
      <trkpt lat="40.768935" lon="-121.394336"/>
      <trkpt lat="40.769055" lon="-121.394492"/>
      <trkpt lat="40.769167" lon="-121.394594"/>
      <trkpt lat="40.769325" lon="-121.394806"/>
      <trkpt lat="40.769352" lon="-121.394900"/>
      <trkpt lat="40.769423" lon="-121.394953"/>
      <trkpt lat="40.769561" lon="-121.395088"/>
      <trkpt lat="40.769606" lon="-121.395160"/>
      <trkpt lat="40.769677" lon="-121.395332"/>
      <trkpt lat="40.769750" lon="-121.395372"/>
      <trkpt lat="40.769799" lon="-121.395426"/>
      <trkpt lat="40.769815" lon="-121.395568"/>
      <trkpt lat="40.769847" lon="-121.395755"/>
      <trkpt lat="40.769958" lon="-121.396073"/>
      <trkpt lat="40.770016" lon="-121.396166"/>
      <trkpt lat="40.770099" lon="-121.396222"/>
      <trkpt lat="40.770130" lon="-121.396262"/>
      <trkpt lat="40.770148" lon="-121.396321"/>
      <trkpt lat="40.770213" lon="-121.396394"/>
      <trkpt lat="40.770304" lon="-121.396418"/>
      <trkpt lat="40.770369" lon="-121.396447"/>
      <trkpt lat="40.770423" lon="-121.396577"/>
      <trkpt lat="40.770477" lon="-121.396643"/>
      <trkpt lat="40.770536" lon="-121.396678"/>
      <trkpt lat="40.770674" lon="-121.396665"/>
      <trkpt lat="40.770739" lon="-121.396689"/>
      <trkpt lat="40.770954" lon="-121.396960"/>
      <trkpt lat="40.771048" lon="-121.397086"/>
      <trkpt lat="40.771141" lon="-121.397228"/>
      <trkpt lat="40.771190" lon="-121.397295"/>
      <trkpt lat="40.771302" lon="-121.397367"/>
      <trkpt lat="40.771346" lon="-121.397416"/>
      <trkpt lat="40.771450" lon="-121.397480"/>
      <trkpt lat="40.771596" lon="-121.397618"/>
      <trkpt lat="40.771679" lon="-121.397628"/>
      <trkpt lat="40.771699" lon="-121.397645"/>
      <trkpt lat="40.771721" lon="-121.397707"/>
      <trkpt lat="40.771743" lon="-121.397755"/>
      <trkpt lat="40.771798" lon="-121.397806"/>
      <trkpt lat="40.771907" lon="-121.397850"/>
      <trkpt lat="40.771997" lon="-121.397867"/>
      <trkpt lat="40.772042" lon="-121.397870"/>
      <trkpt lat="40.772069" lon="-121.397927"/>
      <trkpt lat="40.772127" lon="-121.397988"/>
      <trkpt lat="40.772228" lon="-121.398014"/>
      <trkpt lat="40.772286" lon="-121.398035"/>
      <trkpt lat="40.772444" lon="-121.398196"/>
      <trkpt lat="40.772533" lon="-121.398246"/>
      <trkpt lat="40.772606" lon="-121.398310"/>
      <trkpt lat="40.772665" lon="-121.398385"/>
      <trkpt lat="40.772747" lon="-121.398412"/>
      <trkpt lat="40.772792" lon="-121.398403"/>
      <trkpt lat="40.772826" lon="-121.398407"/>
      <trkpt lat="40.772868" lon="-121.398431"/>
      <trkpt lat="40.772905" lon="-121.398491"/>
      <trkpt lat="40.772938" lon="-121.398586"/>
      <trkpt lat="40.772972" lon="-121.398620"/>
      <trkpt lat="40.773000" lon="-121.398636"/>
      <trkpt lat="40.773011" lon="-121.398667"/>
      <trkpt lat="40.773009" lon="-121.398725"/>
      <trkpt lat="40.773023" lon="-121.398757"/>
      <trkpt lat="40.773089" lon="-121.398790"/>
      <trkpt lat="40.773227" lon="-121.398824"/>
      <trkpt lat="40.773362" lon="-121.398820"/>
      <trkpt lat="40.773513" lon="-121.398852"/>
      <trkpt lat="40.773608" lon="-121.398882"/>
      <trkpt lat="40.773669" lon="-121.398928"/>
      <trkpt lat="40.773765" lon="-121.398990"/>
      <trkpt lat="40.773896" lon="-121.399144"/>
      <trkpt lat="40.774051" lon="-121.399262"/>
      <trkpt lat="40.774138" lon="-121.399313"/>
      <trkpt lat="40.774200" lon="-121.399378"/>
      <trkpt lat="40.774269" lon="-121.399419"/>
      <trkpt lat="40.774304" lon="-121.399456"/>
      <trkpt lat="40.774317" lon="-121.399490"/>
      <trkpt lat="40.774356" lon="-121.399563"/>
      <trkpt lat="40.774401" lon="-121.399680"/>
      <trkpt lat="40.774455" lon="-121.399749"/>
      <trkpt lat="40.774497" lon="-121.399772"/>
      <trkpt lat="40.774526" lon="-121.399796"/>
      <trkpt lat="40.774547" lon="-121.399838"/>
      <trkpt lat="40.774547" lon="-121.399894"/>
      <trkpt lat="40.774565" lon="-121.399926"/>
      <trkpt lat="40.774579" lon="-121.399941"/>
      <trkpt lat="40.774607" lon="-121.399943"/>
      <trkpt lat="40.774762" lon="-121.400001"/>
      <trkpt lat="40.774836" lon="-121.400063"/>
      <trkpt lat="40.774924" lon="-121.400098"/>
      <trkpt lat="40.775064" lon="-121.400145"/>
      <trkpt lat="40.775130" lon="-121.400203"/>
      <trkpt lat="40.775183" lon="-121.400304"/>
      <trkpt lat="40.775288" lon="-121.400372"/>
      <trkpt lat="40.775326" lon="-121.400421"/>
      <trkpt lat="40.775447" lon="-121.400493"/>
      <trkpt lat="40.775530" lon="-121.400522"/>
      <trkpt lat="40.775719" lon="-121.400693"/>
      <trkpt lat="40.775758" lon="-121.400711"/>
      <trkpt lat="40.775823" lon="-121.400722"/>
      <trkpt lat="40.775883" lon="-121.400750"/>
      <trkpt lat="40.775933" lon="-121.400780"/>
      <trkpt lat="40.775981" lon="-121.400852"/>
      <trkpt lat="40.776052" lon="-121.400924"/>
      <trkpt lat="40.776118" lon="-121.400970"/>
      <trkpt lat="40.776165" lon="-121.400966"/>
      <trkpt lat="40.776243" lon="-121.400912"/>
      <trkpt lat="40.776313" lon="-121.400885"/>
      <trkpt lat="40.776364" lon="-121.400876"/>
      <trkpt lat="40.776434" lon="-121.400888"/>
      <trkpt lat="40.776479" lon="-121.400908"/>
      <trkpt lat="40.776634" lon="-121.401038"/>
      <trkpt lat="40.776696" lon="-121.401074"/>
      <trkpt lat="40.776742" lon="-121.401136"/>
      <trkpt lat="40.776787" lon="-121.401148"/>
      <trkpt lat="40.776862" lon="-121.401153"/>
      <trkpt lat="40.777059" lon="-121.401147"/>
      <trkpt lat="40.777111" lon="-121.401121"/>
      <trkpt lat="40.777236" lon="-121.401143"/>
      <trkpt lat="40.777394" lon="-121.401131"/>
      <trkpt lat="40.777452" lon="-121.401133"/>
      <trkpt lat="40.777703" lon="-121.401246"/>
      <trkpt lat="40.777743" lon="-121.401247"/>
      <trkpt lat="40.777814" lon="-121.401259"/>
      <trkpt lat="40.777929" lon="-121.401314"/>
      <trkpt lat="40.777994" lon="-121.401338"/>
      <trkpt lat="40.778152" lon="-121.401334"/>
      <trkpt lat="40.778187" lon="-121.401359"/>
      <trkpt lat="40.778286" lon="-121.401404"/>
      <trkpt lat="40.778380" lon="-121.401408"/>
      <trkpt lat="40.778437" lon="-121.401403"/>
      <trkpt lat="40.778483" lon="-121.401411"/>
      <trkpt lat="40.778539" lon="-121.401455"/>
      <trkpt lat="40.778701" lon="-121.401570"/>
      <trkpt lat="40.778759" lon="-121.401595"/>
      <trkpt lat="40.778810" lon="-121.401641"/>
      <trkpt lat="40.778849" lon="-121.401742"/>
      <trkpt lat="40.778879" lon="-121.401758"/>
      <trkpt lat="40.778987" lon="-121.401761"/>
      <trkpt lat="40.779045" lon="-121.401777"/>
      <trkpt lat="40.779086" lon="-121.401825"/>
      <trkpt lat="40.779161" lon="-121.401861"/>
      <trkpt lat="40.779262" lon="-121.401882"/>
      <trkpt lat="40.779385" lon="-121.401974"/>
      <trkpt lat="40.779511" lon="-121.401996"/>
      <trkpt lat="40.779567" lon="-121.401970"/>
      <trkpt lat="40.779621" lon="-121.401954"/>
      <trkpt lat="40.779655" lon="-121.401958"/>
      <trkpt lat="40.779711" lon="-121.402052"/>
      <trkpt lat="40.779749" lon="-121.402091"/>
      <trkpt lat="40.779802" lon="-121.402103"/>
      <trkpt lat="40.779853" lon="-121.402108"/>
      <trkpt lat="40.779912" lon="-121.402147"/>
      <trkpt lat="40.779976" lon="-121.402212"/>
      <trkpt lat="40.780092" lon="-121.402220"/>
      <trkpt lat="40.780136" lon="-121.402252"/>
      <trkpt lat="40.780187" lon="-121.402335"/>
      <trkpt lat="40.780242" lon="-121.402386"/>
      <trkpt lat="40.780317" lon="-121.402430"/>
      <trkpt lat="40.780424" lon="-121.402445"/>
      <trkpt lat="40.780474" lon="-121.402445"/>
      <trkpt lat="40.780528" lon="-121.402465"/>
      <trkpt lat="40.780566" lon="-121.402516"/>
      <trkpt lat="40.780702" lon="-121.402583"/>
      <trkpt lat="40.780766" lon="-121.402638"/>
      <trkpt lat="40.780832" lon="-121.402665"/>
      <trkpt lat="40.780940" lon="-121.402696"/>
      <trkpt lat="40.781029" lon="-121.402689"/>
      <trkpt lat="40.781128" lon="-121.402665"/>
      <trkpt lat="40.781289" lon="-121.402556"/>
      <trkpt lat="40.781360" lon="-121.402548"/>
      <trkpt lat="40.781403" lon="-121.402572"/>
      <trkpt lat="40.781502" lon="-121.402574"/>
      <trkpt lat="40.781542" lon="-121.402545"/>
      <trkpt lat="40.781594" lon="-121.402529"/>
      <trkpt lat="40.781645" lon="-121.402528"/>
      <trkpt lat="40.781708" lon="-121.402541"/>
      <trkpt lat="40.781757" lon="-121.402588"/>
      <trkpt lat="40.781822" lon="-121.402701"/>
      <trkpt lat="40.781853" lon="-121.402725"/>
      <trkpt lat="40.781873" lon="-121.402717"/>
      <trkpt lat="40.781905" lon="-121.402692"/>
      <trkpt lat="40.781945" lon="-121.402685"/>
      <trkpt lat="40.781980" lon="-121.402692"/>
      <trkpt lat="40.782025" lon="-121.402734"/>
      <trkpt lat="40.782099" lon="-121.402788"/>
      <trkpt lat="40.782176" lon="-121.402910"/>
      <trkpt lat="40.782221" lon="-121.402940"/>
      <trkpt lat="40.782269" lon="-121.402964"/>
      <trkpt lat="40.782350" lon="-121.403087"/>
      <trkpt lat="40.782409" lon="-121.403134"/>
      <trkpt lat="40.782513" lon="-121.403154"/>
      <trkpt lat="40.782594" lon="-121.403164"/>
      <trkpt lat="40.782695" lon="-121.403220"/>
      <trkpt lat="40.782724" lon="-121.403250"/>
      <trkpt lat="40.782793" lon="-121.403239"/>
      <trkpt lat="40.782847" lon="-121.403283"/>
      <trkpt lat="40.782884" lon="-121.403302"/>
      <trkpt lat="40.782927" lon="-121.403285"/>
      <trkpt lat="40.783022" lon="-121.403286"/>
      <trkpt lat="40.783122" lon="-121.403212"/>
      <trkpt lat="40.783219" lon="-121.403232"/>
      <trkpt lat="40.783286" lon="-121.403231"/>
      <trkpt lat="40.783351" lon="-121.403220"/>
      <trkpt lat="40.783423" lon="-121.403241"/>
      <trkpt lat="40.783479" lon="-121.403272"/>
      <trkpt lat="40.783575" lon="-121.403287"/>
      <trkpt lat="40.783631" lon="-121.403284"/>
      <trkpt lat="40.783699" lon="-121.403311"/>
      <trkpt lat="40.783760" lon="-121.403370"/>
      <trkpt lat="40.783967" lon="-121.403617"/>
      <trkpt lat="40.784065" lon="-121.403706"/>
      <trkpt lat="40.784160" lon="-121.403771"/>
      <trkpt lat="40.784291" lon="-121.403848"/>
      <trkpt lat="40.784323" lon="-121.403880"/>
      <trkpt lat="40.784391" lon="-121.403903"/>
      <trkpt lat="40.784506" lon="-121.404010"/>
      <trkpt lat="40.784517" lon="-121.404074"/>
      <trkpt lat="40.784546" lon="-121.404125"/>
      <trkpt lat="40.784600" lon="-121.404137"/>
      <trkpt lat="40.784733" lon="-121.404203"/>
      <trkpt lat="40.784881" lon="-121.404246"/>
      <trkpt lat="40.785024" lon="-121.404317"/>
      <trkpt lat="40.785124" lon="-121.404338"/>
      <trkpt lat="40.785199" lon="-121.404344"/>
      <trkpt lat="40.785235" lon="-121.404381"/>
      <trkpt lat="40.785263" lon="-121.404380"/>
      <trkpt lat="40.785294" lon="-121.404337"/>
      <trkpt lat="40.785342" lon="-121.404287"/>
      <trkpt lat="40.785395" lon="-121.404271"/>
      <trkpt lat="40.785446" lon="-121.404289"/>
      <trkpt lat="40.785654" lon="-121.404336"/>
      <trkpt lat="40.785723" lon="-121.404377"/>
      <trkpt lat="40.786055" lon="-121.404530"/>
      <trkpt lat="40.786177" lon="-121.404573"/>
      <trkpt lat="40.786217" lon="-121.404595"/>
      <trkpt lat="40.786260" lon="-121.404642"/>
      <trkpt lat="40.786333" lon="-121.404702"/>
      <trkpt lat="40.786421" lon="-121.404793"/>
      <trkpt lat="40.786472" lon="-121.404911"/>
      <trkpt lat="40.786497" lon="-121.404957"/>
      <trkpt lat="40.786598" lon="-121.405020"/>
      <trkpt lat="40.786653" lon="-121.405032"/>
      <trkpt lat="40.786776" lon="-121.405044"/>
      <trkpt lat="40.786867" lon="-121.405084"/>
      <trkpt lat="40.787048" lon="-121.405220"/>
      <trkpt lat="40.787105" lon="-121.405241"/>
      <trkpt lat="40.787148" lon="-121.405220"/>
      <trkpt lat="40.787175" lon="-121.405213"/>
      <trkpt lat="40.787293" lon="-121.405225"/>
      <trkpt lat="40.787351" lon="-121.405263"/>
      <trkpt lat="40.787412" lon="-121.405343"/>
      <trkpt lat="40.787502" lon="-121.405415"/>
      <trkpt lat="40.787579" lon="-121.405453"/>
      <trkpt lat="40.787741" lon="-121.405484"/>
      <trkpt lat="40.787808" lon="-121.405536"/>
      <trkpt lat="40.787866" lon="-121.405595"/>
      <trkpt lat="40.787953" lon="-121.405653"/>
      <trkpt lat="40.787993" lon="-121.405689"/>
      <trkpt lat="40.788144" lon="-121.405871"/>
      <trkpt lat="40.788198" lon="-121.405949"/>
      <trkpt lat="40.788265" lon="-121.405993"/>
      <trkpt lat="40.788348" lon="-121.406006"/>
      <trkpt lat="40.788439" lon="-121.406043"/>
      <trkpt lat="40.788510" lon="-121.406027"/>
      <trkpt lat="40.788554" lon="-121.406039"/>
      <trkpt lat="40.788611" lon="-121.406101"/>
      <trkpt lat="40.788649" lon="-121.406178"/>
      <trkpt lat="40.788689" lon="-121.406251"/>
      <trkpt lat="40.788721" lon="-121.406293"/>
      <trkpt lat="40.788775" lon="-121.406310"/>
      <trkpt lat="40.788848" lon="-121.406357"/>
      <trkpt lat="40.788948" lon="-121.406384"/>
      <trkpt lat="40.789097" lon="-121.406455"/>
      <trkpt lat="40.789299" lon="-121.406457"/>
      <trkpt lat="40.789344" lon="-121.406470"/>
      <trkpt lat="40.789430" lon="-121.406549"/>
      <trkpt lat="40.789508" lon="-121.406573"/>
      <trkpt lat="40.789566" lon="-121.406562"/>
      <trkpt lat="40.789638" lon="-121.406562"/>
      <trkpt lat="40.789677" lon="-121.406532"/>
      <trkpt lat="40.789707" lon="-121.406525"/>
      <trkpt lat="40.789745" lon="-121.406547"/>
      <trkpt lat="40.789805" lon="-121.406574"/>
      <trkpt lat="40.789955" lon="-121.406565"/>
      <trkpt lat="40.789986" lon="-121.406573"/>
      <trkpt lat="40.790073" lon="-121.406648"/>
      <trkpt lat="40.790211" lon="-121.406711"/>
      <trkpt lat="40.790352" lon="-121.406807"/>
      <trkpt lat="40.790452" lon="-121.406861"/>
      <trkpt lat="40.790548" lon="-121.406932"/>
      <trkpt lat="40.790640" lon="-121.406944"/>
      <trkpt lat="40.790687" lon="-121.406956"/>
      <trkpt lat="40.790723" lon="-121.407002"/>
      <trkpt lat="40.790775" lon="-121.407045"/>
      <trkpt lat="40.790825" lon="-121.407058"/>
      <trkpt lat="40.790886" lon="-121.407090"/>
      <trkpt lat="40.790945" lon="-121.407135"/>
      <trkpt lat="40.791058" lon="-121.407262"/>
      <trkpt lat="40.791260" lon="-121.407331"/>
      <trkpt lat="40.791348" lon="-121.407391"/>
      <trkpt lat="40.791547" lon="-121.407493"/>
      <trkpt lat="40.791727" lon="-121.407596"/>
      <trkpt lat="40.791854" lon="-121.407644"/>
      <trkpt lat="40.791980" lon="-121.407726"/>
      <trkpt lat="40.792138" lon="-121.407805"/>
      <trkpt lat="40.792197" lon="-121.407859"/>
      <trkpt lat="40.792250" lon="-121.407923"/>
      <trkpt lat="40.792286" lon="-121.408001"/>
      <trkpt lat="40.792292" lon="-121.408057"/>
      <trkpt lat="40.792304" lon="-121.408104"/>
      <trkpt lat="40.792395" lon="-121.408201"/>
      <trkpt lat="40.792465" lon="-121.408244"/>
      <trkpt lat="40.792572" lon="-121.408335"/>
      <trkpt lat="40.792732" lon="-121.408372"/>
      <trkpt lat="40.792819" lon="-121.408452"/>
      <trkpt lat="40.792922" lon="-121.408529"/>
      <trkpt lat="40.793092" lon="-121.408590"/>
      <trkpt lat="40.793154" lon="-121.408603"/>
      <trkpt lat="40.793307" lon="-121.408647"/>
      <trkpt lat="40.793332" lon="-121.408697"/>
      <trkpt lat="40.793362" lon="-121.408731"/>
      <trkpt lat="40.793442" lon="-121.408768"/>
      <trkpt lat="40.793546" lon="-121.408790"/>
      <trkpt lat="40.793718" lon="-121.408799"/>
      <trkpt lat="40.793779" lon="-121.408787"/>
      <trkpt lat="40.793823" lon="-121.408749"/>
      <trkpt lat="40.793861" lon="-121.408745"/>
      <trkpt lat="40.793926" lon="-121.408770"/>
      <trkpt lat="40.793963" lon="-121.408819"/>
      <trkpt lat="40.794085" lon="-121.409185"/>
      <trkpt lat="40.794120" lon="-121.409272"/>
      <trkpt lat="40.794156" lon="-121.409325"/>
      <trkpt lat="40.794202" lon="-121.409356"/>
      <trkpt lat="40.794325" lon="-121.409397"/>
      <trkpt lat="40.794458" lon="-121.409397"/>
      <trkpt lat="40.794552" lon="-121.409467"/>
      <trkpt lat="40.794632" lon="-121.409482"/>
      <trkpt lat="40.794667" lon="-121.409504"/>
      <trkpt lat="40.794727" lon="-121.409573"/>
      <trkpt lat="40.794843" lon="-121.409661"/>
      <trkpt lat="40.794963" lon="-121.409711"/>
      <trkpt lat="40.795080" lon="-121.409767"/>
      <trkpt lat="40.795195" lon="-121.409797"/>
      <trkpt lat="40.795378" lon="-121.409800"/>
      <trkpt lat="40.795473" lon="-121.409828"/>
      <trkpt lat="40.795529" lon="-121.409865"/>
      <trkpt lat="40.795589" lon="-121.409983"/>
      <trkpt lat="40.795620" lon="-121.410005"/>
      <trkpt lat="40.795706" lon="-121.409997"/>
      <trkpt lat="40.796090" lon="-121.410015"/>
      <trkpt lat="40.796158" lon="-121.410066"/>
      <trkpt lat="40.796215" lon="-121.410093"/>
      <trkpt lat="40.796282" lon="-121.410074"/>
      <trkpt lat="40.796338" lon="-121.410072"/>
      <trkpt lat="40.796418" lon="-121.410136"/>
      <trkpt lat="40.796480" lon="-121.410133"/>
      <trkpt lat="40.796553" lon="-121.410164"/>
      <trkpt lat="40.796610" lon="-121.410196"/>
      <trkpt lat="40.796750" lon="-121.410355"/>
      <trkpt lat="40.796805" lon="-121.410394"/>
      <trkpt lat="40.796885" lon="-121.410398"/>
      <trkpt lat="40.797019" lon="-121.410442"/>
      <trkpt lat="40.797212" lon="-121.410470"/>
      <trkpt lat="40.797317" lon="-121.410548"/>
      <trkpt lat="40.797360" lon="-121.410558"/>
      <trkpt lat="40.797407" lon="-121.410545"/>
      <trkpt lat="40.797494" lon="-121.410546"/>
      <trkpt lat="40.797677" lon="-121.410560"/>
      <trkpt lat="40.797840" lon="-121.410606"/>
      <trkpt lat="40.797937" lon="-121.410596"/>
      <trkpt lat="40.798145" lon="-121.410588"/>
      <trkpt lat="40.798369" lon="-121.410562"/>
      <trkpt lat="40.798459" lon="-121.410569"/>
      <trkpt lat="40.798520" lon="-121.410591"/>
      <trkpt lat="40.798625" lon="-121.410601"/>
      <trkpt lat="40.798810" lon="-121.410561"/>
      <trkpt lat="40.799000" lon="-121.410584"/>
      <trkpt lat="40.799050" lon="-121.410562"/>
      <trkpt lat="40.799173" lon="-121.410552"/>
      <trkpt lat="40.799239" lon="-121.410555"/>
      <trkpt lat="40.799505" lon="-121.410607"/>
      <trkpt lat="40.799673" lon="-121.410576"/>
      <trkpt lat="40.799771" lon="-121.410597"/>
      <trkpt lat="40.799841" lon="-121.410589"/>
      <trkpt lat="40.799942" lon="-121.410536"/>
      <trkpt lat="40.799995" lon="-121.410502"/>
      <trkpt lat="40.800087" lon="-121.410482"/>
      <trkpt lat="40.800158" lon="-121.410500"/>
      <trkpt lat="40.800212" lon="-121.410532"/>
      <trkpt lat="40.800259" lon="-121.410550"/>
      <trkpt lat="40.800337" lon="-121.410533"/>
      <trkpt lat="40.800416" lon="-121.410553"/>
      <trkpt lat="40.800460" lon="-121.410550"/>
      <trkpt lat="40.800525" lon="-121.410573"/>
      <trkpt lat="40.800604" lon="-121.410564"/>
      <trkpt lat="40.800638" lon="-121.410585"/>
      <trkpt lat="40.800710" lon="-121.410604"/>
      <trkpt lat="40.800844" lon="-121.410630"/>
      <trkpt lat="40.800923" lon="-121.410678"/>
      <trkpt lat="40.801031" lon="-121.410762"/>
      <trkpt lat="40.801108" lon="-121.410782"/>
      <trkpt lat="40.801194" lon="-121.410787"/>
      <trkpt lat="40.801254" lon="-121.410804"/>
      <trkpt lat="40.801400" lon="-121.410733"/>
      <trkpt lat="40.801498" lon="-121.410664"/>
      <trkpt lat="40.801539" lon="-121.410663"/>
      <trkpt lat="40.801590" lon="-121.410687"/>
      <trkpt lat="40.801641" lon="-121.410744"/>
      <trkpt lat="40.801680" lon="-121.410808"/>
      <trkpt lat="40.801721" lon="-121.410917"/>
      <trkpt lat="40.801793" lon="-121.410997"/>
      <trkpt lat="40.801864" lon="-121.411103"/>
      <trkpt lat="40.801889" lon="-121.411161"/>
      <trkpt lat="40.801903" lon="-121.411230"/>
      <trkpt lat="40.801995" lon="-121.411363"/>
      <trkpt lat="40.802072" lon="-121.411417"/>
      <trkpt lat="40.802137" lon="-121.411470"/>
      <trkpt lat="40.802209" lon="-121.411509"/>
      <trkpt lat="40.802276" lon="-121.411527"/>
      <trkpt lat="40.802342" lon="-121.411520"/>
      <trkpt lat="40.802450" lon="-121.411535"/>
      <trkpt lat="40.802512" lon="-121.411523"/>
      <trkpt lat="40.802603" lon="-121.411540"/>
      <trkpt lat="40.802687" lon="-121.411603"/>
      <trkpt lat="40.802804" lon="-121.411672"/>
      <trkpt lat="40.802864" lon="-121.411693"/>
      <trkpt lat="40.802977" lon="-121.411776"/>
      <trkpt lat="40.803038" lon="-121.411842"/>
      <trkpt lat="40.803066" lon="-121.411885"/>
      <trkpt lat="40.803170" lon="-121.411937"/>
      <trkpt lat="40.803284" lon="-121.411959"/>
      <trkpt lat="40.803333" lon="-121.411983"/>
      <trkpt lat="40.803442" lon="-121.412014"/>
      <trkpt lat="40.803650" lon="-121.412122"/>
      <trkpt lat="40.803742" lon="-121.412140"/>
      <trkpt lat="40.803807" lon="-121.412130"/>
      <trkpt lat="40.803878" lon="-121.412162"/>
      <trkpt lat="40.804038" lon="-121.412175"/>
      <trkpt lat="40.804160" lon="-121.412189"/>
      <trkpt lat="40.804201" lon="-121.412222"/>
      <trkpt lat="40.804306" lon="-121.412227"/>
      <trkpt lat="40.804460" lon="-121.412259"/>
      <trkpt lat="40.804687" lon="-121.412260"/>
      <trkpt lat="40.804742" lon="-121.412243"/>
      <trkpt lat="40.804797" lon="-121.412246"/>
      <trkpt lat="40.804857" lon="-121.412264"/>
      <trkpt lat="40.804914" lon="-121.412340"/>
      <trkpt lat="40.805053" lon="-121.412460"/>
      <trkpt lat="40.805141" lon="-121.412499"/>
      <trkpt lat="40.805215" lon="-121.412566"/>
      <trkpt lat="40.805369" lon="-121.412798"/>
      <trkpt lat="40.805486" lon="-121.412895"/>
      <trkpt lat="40.805620" lon="-121.413061"/>
      <trkpt lat="40.805684" lon="-121.413076"/>
      <trkpt lat="40.805782" lon="-121.413145"/>
      <trkpt lat="40.805824" lon="-121.413145"/>
      <trkpt lat="40.805855" lon="-121.413105"/>
      <trkpt lat="40.805894" lon="-121.413087"/>
      <trkpt lat="40.805945" lon="-121.413100"/>
      <trkpt lat="40.806018" lon="-121.413087"/>
      <trkpt lat="40.806093" lon="-121.413133"/>
      <trkpt lat="40.806132" lon="-121.413108"/>
      <trkpt lat="40.806165" lon="-121.413113"/>
      <trkpt lat="40.806222" lon="-121.413159"/>
      <trkpt lat="40.806337" lon="-121.413238"/>
      <trkpt lat="40.806423" lon="-121.413272"/>
      <trkpt lat="40.806575" lon="-121.413363"/>
      <trkpt lat="40.806628" lon="-121.413463"/>
      <trkpt lat="40.806989" lon="-121.413964"/>
      <trkpt lat="40.807120" lon="-121.413992"/>
      <trkpt lat="40.807187" lon="-121.414051"/>
      <trkpt lat="40.807278" lon="-121.414082"/>
      <trkpt lat="40.807349" lon="-121.414056"/>
      <trkpt lat="40.807407" lon="-121.414056"/>
      <trkpt lat="40.807482" lon="-121.414084"/>
      <trkpt lat="40.807603" lon="-121.414188"/>
      <trkpt lat="40.807699" lon="-121.414209"/>
      <trkpt lat="40.807823" lon="-121.414213"/>
      <trkpt lat="40.807904" lon="-121.414240"/>
      <trkpt lat="40.808054" lon="-121.414312"/>
      <trkpt lat="40.808203" lon="-121.414401"/>
      <trkpt lat="40.808352" lon="-121.414505"/>
      <trkpt lat="40.808584" lon="-121.414595"/>
      <trkpt lat="40.808642" lon="-121.414629"/>
      <trkpt lat="40.808684" lon="-121.414697"/>
      <trkpt lat="40.808690" lon="-121.414841"/>
      <trkpt lat="40.808709" lon="-121.414937"/>
      <trkpt lat="40.808729" lon="-121.414992"/>
      <trkpt lat="40.808841" lon="-121.415083"/>
      <trkpt lat="40.808986" lon="-121.415156"/>
      <trkpt lat="40.809247" lon="-121.415333"/>
      <trkpt lat="40.809305" lon="-121.415386"/>
      <trkpt lat="40.809426" lon="-121.415593"/>
      <trkpt lat="40.809456" lon="-121.415661"/>
      <trkpt lat="40.809523" lon="-121.415691"/>
      <trkpt lat="40.809608" lon="-121.415753"/>
      <trkpt lat="40.809662" lon="-121.415824"/>
      <trkpt lat="40.809715" lon="-121.415927"/>
      <trkpt lat="40.809800" lon="-121.416158"/>
      <trkpt lat="40.809877" lon="-121.416230"/>
      <trkpt lat="40.809923" lon="-121.416290"/>
      <trkpt lat="40.809920" lon="-121.416378"/>
      <trkpt lat="40.809948" lon="-121.416469"/>
      <trkpt lat="40.809997" lon="-121.416528"/>
      <trkpt lat="40.810075" lon="-121.416549"/>
      <trkpt lat="40.810159" lon="-121.416590"/>
      <trkpt lat="40.810199" lon="-121.416632"/>
      <trkpt lat="40.810220" lon="-121.416681"/>
      <trkpt lat="40.810206" lon="-121.416781"/>
      <trkpt lat="40.810184" lon="-121.416886"/>
      <trkpt lat="40.810200" lon="-121.416942"/>
      <trkpt lat="40.810256" lon="-121.417019"/>
      <trkpt lat="40.810308" lon="-121.417118"/>
      <trkpt lat="40.810361" lon="-121.417177"/>
      <trkpt lat="40.810457" lon="-121.417190"/>
      <trkpt lat="40.810534" lon="-121.417209"/>
      <trkpt lat="40.810583" lon="-121.417240"/>
      <trkpt lat="40.810616" lon="-121.417276"/>
      <trkpt lat="40.810601" lon="-121.417397"/>
      <trkpt lat="40.810612" lon="-121.417493"/>
      <trkpt lat="40.810697" lon="-121.417692"/>
      <trkpt lat="40.810805" lon="-121.417823"/>
      <trkpt lat="40.811030" lon="-121.418147"/>
      <trkpt lat="40.811150" lon="-121.418273"/>
      <trkpt lat="40.811280" lon="-121.418353"/>
      <trkpt lat="40.811438" lon="-121.418423"/>
      <trkpt lat="40.811536" lon="-121.418485"/>
      <trkpt lat="40.811854" lon="-121.418801"/>
      <trkpt lat="40.811954" lon="-121.418890"/>
      <trkpt lat="40.812025" lon="-121.418911"/>
      <trkpt lat="40.812142" lon="-121.418907"/>
      <trkpt lat="40.812234" lon="-121.418938"/>
      <trkpt lat="40.812360" lon="-121.419072"/>
      <trkpt lat="40.812428" lon="-121.419095"/>
      <trkpt lat="40.812559" lon="-121.419112"/>
      <trkpt lat="40.812763" lon="-121.419180"/>
      <trkpt lat="40.812833" lon="-121.419185"/>
      <trkpt lat="40.812915" lon="-121.419153"/>
      <trkpt lat="40.812995" lon="-121.419182"/>
      <trkpt lat="40.813143" lon="-121.419246"/>
      <trkpt lat="40.813184" lon="-121.419297"/>
      <trkpt lat="40.813348" lon="-121.419421"/>
      <trkpt lat="40.813507" lon="-121.419438"/>
      <trkpt lat="40.813633" lon="-121.419445"/>
      <trkpt lat="40.813775" lon="-121.419361"/>
      <trkpt lat="40.813953" lon="-121.419316"/>
      <trkpt lat="40.814000" lon="-121.419289"/>
      <trkpt lat="40.814053" lon="-121.419209"/>
      <trkpt lat="40.814122" lon="-121.419171"/>
      <trkpt lat="40.814156" lon="-121.419123"/>
      <trkpt lat="40.814276" lon="-121.419117"/>
      <trkpt lat="40.814469" lon="-121.419072"/>
      <trkpt lat="40.814577" lon="-121.419072"/>
      <trkpt lat="40.814784" lon="-121.418978"/>
      <trkpt lat="40.814926" lon="-121.418924"/>
      <trkpt lat="40.815017" lon="-121.418828"/>
      <trkpt lat="40.815265" lon="-121.418707"/>
      <trkpt lat="40.815362" lon="-121.418675"/>
      <trkpt lat="40.815466" lon="-121.418597"/>
      <trkpt lat="40.815588" lon="-121.418565"/>
      <trkpt lat="40.816253" lon="-121.418471"/>
      <trkpt lat="40.816737" lon="-121.418477"/>
      <trkpt lat="40.816858" lon="-121.418450"/>
      <trkpt lat="40.816970" lon="-121.418442"/>
      <trkpt lat="40.817019" lon="-121.418374"/>
      <trkpt lat="40.817278" lon="-121.418205"/>
      <trkpt lat="40.817672" lon="-121.417980"/>
      <trkpt lat="40.817942" lon="-121.417884"/>
      <trkpt lat="40.818157" lon="-121.417755"/>
      <trkpt lat="40.818247" lon="-121.417720"/>
      <trkpt lat="40.818301" lon="-121.417637"/>
      <trkpt lat="40.818441" lon="-121.417530"/>
      <trkpt lat="40.818587" lon="-121.417388"/>
      <trkpt lat="40.818681" lon="-121.417226"/>
      <trkpt lat="40.818748" lon="-121.417122"/>
      <trkpt lat="40.818810" lon="-121.417063"/>
      <trkpt lat="40.818943" lon="-121.416956"/>
      <trkpt lat="40.819117" lon="-121.416875"/>
      <trkpt lat="40.819262" lon="-121.416757"/>
      <trkpt lat="40.819304" lon="-121.416730"/>
      <trkpt lat="40.819473" lon="-121.416383"/>
      <trkpt lat="40.819613" lon="-121.416264"/>
      <trkpt lat="40.819728" lon="-121.416105"/>
      <trkpt lat="40.819816" lon="-121.416020"/>
      <trkpt lat="40.819885" lon="-121.415960"/>
      <trkpt lat="40.820092" lon="-121.415872"/>
      <trkpt lat="40.820268" lon="-121.415735"/>
      <trkpt lat="40.820362" lon="-121.415655"/>
      <trkpt lat="40.820591" lon="-121.415574"/>
      <trkpt lat="40.820877" lon="-121.415530"/>
      <trkpt lat="40.821220" lon="-121.415566"/>
      <trkpt lat="40.821415" lon="-121.415622"/>
      <trkpt lat="40.821967" lon="-121.415695"/>
      <trkpt lat="40.822095" lon="-121.415743"/>
      <trkpt lat="40.822182" lon="-121.415741"/>
      <trkpt lat="40.822385" lon="-121.415784"/>
      <trkpt lat="40.822425" lon="-121.415765"/>
      <trkpt lat="40.822505" lon="-121.415784"/>
      <trkpt lat="40.822720" lon="-121.415899"/>
      <trkpt lat="40.822842" lon="-121.415952"/>
      <trkpt lat="40.822944" lon="-121.415958"/>
      <trkpt lat="40.823078" lon="-121.415913"/>
      <trkpt lat="40.823226" lon="-121.415963"/>
      <trkpt lat="40.823339" lon="-121.415960"/>
      <trkpt lat="40.823573" lon="-121.416018"/>
      <trkpt lat="40.823670" lon="-121.416020"/>
      <trkpt lat="40.823740" lon="-121.415987"/>
      <trkpt lat="40.823916" lon="-121.416020"/>
      <trkpt lat="40.824068" lon="-121.416108"/>
      <trkpt lat="40.824141" lon="-121.416135"/>
      <trkpt lat="40.824218" lon="-121.416116"/>
      <trkpt lat="40.824277" lon="-121.416062"/>
      <trkpt lat="40.824346" lon="-121.416036"/>
      <trkpt lat="40.824476" lon="-121.416036"/>
      <trkpt lat="40.824573" lon="-121.416027"/>
      <trkpt lat="40.824645" lon="-121.415980"/>
      <trkpt lat="40.824768" lon="-121.415837"/>
      <trkpt lat="40.824860" lon="-121.415757"/>
      <trkpt lat="40.824923" lon="-121.415735"/>
      <trkpt lat="40.824981" lon="-121.415727"/>
      <trkpt lat="40.825036" lon="-121.415759"/>
      <trkpt lat="40.825085" lon="-121.415813"/>
      <trkpt lat="40.825136" lon="-121.415837"/>
      <trkpt lat="40.825184" lon="-121.415813"/>
      <trkpt lat="40.825270" lon="-121.415791"/>
      <trkpt lat="40.825353" lon="-121.415800"/>
      <trkpt lat="40.825416" lon="-121.415840"/>
      <trkpt lat="40.825505" lon="-121.415909"/>
      <trkpt lat="40.825565" lon="-121.415935"/>
      <trkpt lat="40.825812" lon="-121.415998"/>
      <trkpt lat="40.825887" lon="-121.416003"/>
      <trkpt lat="40.825970" lon="-121.415944"/>
      <trkpt lat="40.826050" lon="-121.415952"/>
      <trkpt lat="40.826226" lon="-121.415987"/>
      <trkpt lat="40.826325" lon="-121.416057"/>
      <trkpt lat="40.826426" lon="-121.416175"/>
      <trkpt lat="40.826533" lon="-121.416192"/>
      <trkpt lat="40.826674" lon="-121.416164"/>
      <trkpt lat="40.827035" lon="-121.416196"/>
      <trkpt lat="40.827283" lon="-121.416143"/>
      <trkpt lat="40.827453" lon="-121.416154"/>
      <trkpt lat="40.827634" lon="-121.416202"/>
      <trkpt lat="40.827817" lon="-121.416296"/>
      <trkpt lat="40.827930" lon="-121.416320"/>
      <trkpt lat="40.828016" lon="-121.416304"/>
      <trkpt lat="40.828170" lon="-121.416196"/>
      <trkpt lat="40.828395" lon="-121.416145"/>
      <trkpt lat="40.828493" lon="-121.416162"/>
      <trkpt lat="40.828563" lon="-121.416198"/>
      <trkpt lat="40.828696" lon="-121.416392"/>
      <trkpt lat="40.828835" lon="-121.416503"/>
      <trkpt lat="40.828949" lon="-121.416577"/>
      <trkpt lat="40.829079" lon="-121.416693"/>
      <trkpt lat="40.829120" lon="-121.416690"/>
      <trkpt lat="40.829183" lon="-121.416669"/>
      <trkpt lat="40.829288" lon="-121.416583"/>
      <trkpt lat="40.829526" lon="-121.416473"/>
      <trkpt lat="40.829793" lon="-121.416362"/>
      <trkpt lat="40.830000" lon="-121.416339"/>
      <trkpt lat="40.830159" lon="-121.416382"/>
      <trkpt lat="40.830218" lon="-121.416392"/>
      <trkpt lat="40.830291" lon="-121.416379"/>
      <trkpt lat="40.830487" lon="-121.416380"/>
      <trkpt lat="40.830579" lon="-121.416368"/>
      <trkpt lat="40.830699" lon="-121.416309"/>
      <trkpt lat="40.830849" lon="-121.416194"/>
      <trkpt lat="40.830932" lon="-121.416158"/>
      <trkpt lat="40.831097" lon="-121.416180"/>
      <trkpt lat="40.831172" lon="-121.416205"/>
      <trkpt lat="40.831350" lon="-121.416167"/>
      <trkpt lat="40.831486" lon="-121.416191"/>
      <trkpt lat="40.831634" lon="-121.416180"/>
      <trkpt lat="40.831837" lon="-121.416143"/>
      <trkpt lat="40.831965" lon="-121.416129"/>
      <trkpt lat="40.832118" lon="-121.416142"/>
      <trkpt lat="40.832235" lon="-121.416146"/>
      <trkpt lat="40.832310" lon="-121.416103"/>
      <trkpt lat="40.832403" lon="-121.416087"/>
      <trkpt lat="40.832556" lon="-121.416124"/>
      <trkpt lat="40.832724" lon="-121.416124"/>
      <trkpt lat="40.832844" lon="-121.416229"/>
      <trkpt lat="40.832933" lon="-121.416258"/>
      <trkpt lat="40.833047" lon="-121.416274"/>
      <trkpt lat="40.833132" lon="-121.416333"/>
      <trkpt lat="40.833227" lon="-121.416408"/>
      <trkpt lat="40.833582" lon="-121.416567"/>
      <trkpt lat="40.833717" lon="-121.416596"/>
      <trkpt lat="40.833798" lon="-121.416626"/>
      <trkpt lat="40.833861" lon="-121.416610"/>
      <trkpt lat="40.833917" lon="-121.416612"/>
      <trkpt lat="40.834013" lon="-121.416682"/>
      <trkpt lat="40.834072" lon="-121.416709"/>
      <trkpt lat="40.834149" lon="-121.416714"/>
      <trkpt lat="40.834305" lon="-121.416693"/>
      <trkpt lat="40.834392" lon="-121.416693"/>
      <trkpt lat="40.834520" lon="-121.416741"/>
      <trkpt lat="40.834593" lon="-121.416843"/>
      <trkpt lat="40.835121" lon="-121.417404"/>
      <trkpt lat="40.835218" lon="-121.417524"/>
      <trkpt lat="40.835374" lon="-121.417664"/>
      <trkpt lat="40.835549" lon="-121.417884"/>
      <trkpt lat="40.835571" lon="-121.417967"/>
      <trkpt lat="40.835701" lon="-121.418144"/>
      <trkpt lat="40.835845" lon="-121.418287"/>
      <trkpt lat="40.835902" lon="-121.418356"/>
      <trkpt lat="40.836014" lon="-121.418396"/>
      <trkpt lat="40.836107" lon="-121.418447"/>
      <trkpt lat="40.836172" lon="-121.418412"/>
      <trkpt lat="40.836231" lon="-121.418409"/>
      <trkpt lat="40.836317" lon="-121.418458"/>
      <trkpt lat="40.836359" lon="-121.418554"/>
      <trkpt lat="40.836450" lon="-121.418664"/>
      <trkpt lat="40.836497" lon="-121.418747"/>
      <trkpt lat="40.836645" lon="-121.418812"/>
      <trkpt lat="40.836724" lon="-121.418908"/>
      <trkpt lat="40.836965" lon="-121.419083"/>
      <trkpt lat="40.837168" lon="-121.419185"/>
      <trkpt lat="40.837260" lon="-121.419185"/>
      <trkpt lat="40.837317" lon="-121.419193"/>
      <trkpt lat="40.837380" lon="-121.419208"/>
      <trkpt lat="40.837452" lon="-121.419292"/>
      <trkpt lat="40.837536" lon="-121.419356"/>
      <trkpt lat="40.837632" lon="-121.419447"/>
      <trkpt lat="40.837702" lon="-121.419501"/>
      <trkpt lat="40.837933" lon="-121.419611"/>
      <trkpt lat="40.838065" lon="-121.419650"/>
      <trkpt lat="40.838118" lon="-121.419748"/>
      <trkpt lat="40.838246" lon="-121.419871"/>
      <trkpt lat="40.838339" lon="-121.419952"/>
      <trkpt lat="40.838463" lon="-121.420027"/>
      <trkpt lat="40.838544" lon="-121.420035"/>
      <trkpt lat="40.838611" lon="-121.420113"/>
      <trkpt lat="40.838656" lon="-121.420209"/>
      <trkpt lat="40.838725" lon="-121.420271"/>
      <trkpt lat="40.838810" lon="-121.420265"/>
      <trkpt lat="40.838962" lon="-121.420282"/>
      <trkpt lat="40.839084" lon="-121.420322"/>
      <trkpt lat="40.839319" lon="-121.420475"/>
      <trkpt lat="40.839372" lon="-121.420528"/>
      <trkpt lat="40.839615" lon="-121.420710"/>
      <trkpt lat="40.839719" lon="-121.420802"/>
      <trkpt lat="40.839816" lon="-121.420826"/>
      <trkpt lat="40.839948" lon="-121.420821"/>
      <trkpt lat="40.839983" lon="-121.420791"/>
      <trkpt lat="40.840032" lon="-121.420796"/>
      <trkpt lat="40.840084" lon="-121.420845"/>
      <trkpt lat="40.840127" lon="-121.420907"/>
      <trkpt lat="40.840220" lon="-121.420941"/>
      <trkpt lat="40.840293" lon="-121.420979"/>
      <trkpt lat="40.840346" lon="-121.421038"/>
      <trkpt lat="40.840381" lon="-121.421167"/>
      <trkpt lat="40.840446" lon="-121.421266"/>
      <trkpt lat="40.840537" lon="-121.421322"/>
      <trkpt lat="40.840646" lon="-121.421456"/>
      <trkpt lat="40.840835" lon="-121.421650"/>
      <trkpt lat="40.840904" lon="-121.421727"/>
      <trkpt lat="40.841152" lon="-121.421843"/>
      <trkpt lat="40.841235" lon="-121.421800"/>
      <trkpt lat="40.841332" lon="-121.421676"/>
      <trkpt lat="40.841420" lon="-121.421550"/>
      <trkpt lat="40.841464" lon="-121.421507"/>
      <trkpt lat="40.841540" lon="-121.421480"/>
      <trkpt lat="40.841713" lon="-121.421490"/>
      <trkpt lat="40.841833" lon="-121.421556"/>
      <trkpt lat="40.841959" lon="-121.421671"/>
      <trkpt lat="40.842028" lon="-121.421679"/>
      <trkpt lat="40.842183" lon="-121.421735"/>
      <trkpt lat="40.842270" lon="-121.421826"/>
      <trkpt lat="40.842420" lon="-121.421937"/>
      <trkpt lat="40.842542" lon="-121.421985"/>
      <trkpt lat="40.842635" lon="-121.422053"/>
      <trkpt lat="40.842767" lon="-121.422172"/>
      <trkpt lat="40.842824" lon="-121.422272"/>
      <trkpt lat="40.842834" lon="-121.422390"/>
      <trkpt lat="40.842818" lon="-121.422521"/>
      <trkpt lat="40.842787" lon="-121.422626"/>
      <trkpt lat="40.842765" lon="-121.422728"/>
      <trkpt lat="40.842765" lon="-121.422787"/>
      <trkpt lat="40.842777" lon="-121.422823"/>
      <trkpt lat="40.842996" lon="-121.423138"/>
      <trkpt lat="40.843086" lon="-121.423361"/>
      <trkpt lat="40.843240" lon="-121.423642"/>
      <trkpt lat="40.843292" lon="-121.423771"/>
      <trkpt lat="40.843305" lon="-121.423927"/>
    </trkseg>
    <trkseg>
      <trkpt lat="40.701968" lon="-121.406069"/>
      <trkpt lat="40.702105" lon="-121.406066"/>
      <trkpt lat="40.702158" lon="-121.406055"/>
      <trkpt lat="40.702274" lon="-121.405955"/>
      <trkpt lat="40.702358" lon="-121.405958"/>
      <trkpt lat="40.702442" lon="-121.405937"/>
      <trkpt lat="40.702604" lon="-121.405913"/>
      <trkpt lat="40.702700" lon="-121.405880"/>
      <trkpt lat="40.702809" lon="-121.405729"/>
      <trkpt lat="40.702897" lon="-121.405662"/>
      <trkpt lat="40.702943" lon="-121.405544"/>
      <trkpt lat="40.702964" lon="-121.405395"/>
      <trkpt lat="40.703018" lon="-121.405178"/>
      <trkpt lat="40.703058" lon="-121.405102"/>
      <trkpt lat="40.703058" lon="-121.405053"/>
      <trkpt lat="40.703069" lon="-121.404969"/>
      <trkpt lat="40.703118" lon="-121.404807"/>
      <trkpt lat="40.703123" lon="-121.404713"/>
      <trkpt lat="40.703115" lon="-121.404646"/>
      <trkpt lat="40.703123" lon="-121.404573"/>
      <trkpt lat="40.703180" lon="-121.404503"/>
      <trkpt lat="40.703188" lon="-121.404460"/>
      <trkpt lat="40.703168" lon="-121.404428"/>
      <trkpt lat="40.703155" lon="-121.404360"/>
      <trkpt lat="40.703188" lon="-121.404203"/>
      <trkpt lat="40.703230" lon="-121.404127"/>
      <trkpt lat="40.703256" lon="-121.404030"/>
      <trkpt lat="40.703261" lon="-121.403959"/>
      <trkpt lat="40.703247" lon="-121.403850"/>
      <trkpt lat="40.703223" lon="-121.403703"/>
      <trkpt lat="40.703167" lon="-121.403447"/>
      <trkpt lat="40.703174" lon="-121.403378"/>
      <trkpt lat="40.703224" lon="-121.403259"/>
      <trkpt lat="40.703296" lon="-121.403199"/>
      <trkpt lat="40.703369" lon="-121.403169"/>
      <trkpt lat="40.703488" lon="-121.403165"/>
      <trkpt lat="40.703612" lon="-121.403143"/>
      <trkpt lat="40.703696" lon="-121.403072"/>
      <trkpt lat="40.703825" lon="-121.402940"/>
      <trkpt lat="40.703934" lon="-121.402869"/>
      <trkpt lat="40.704031" lon="-121.402834"/>
      <trkpt lat="40.704102" lon="-121.402839"/>
      <trkpt lat="40.704213" lon="-121.402905"/>
      <trkpt lat="40.704304" lon="-121.402946"/>
      <trkpt lat="40.704344" lon="-121.402980"/>
      <trkpt lat="40.704514" lon="-121.403052"/>
      <trkpt lat="40.704608" lon="-121.403110"/>
      <trkpt lat="40.704662" lon="-121.403126"/>
      <trkpt lat="40.704716" lon="-121.403196"/>
      <trkpt lat="40.704767" lon="-121.403220"/>
      <trkpt lat="40.704983" lon="-121.403228"/>
      <trkpt lat="40.705094" lon="-121.403200"/>
      <trkpt lat="40.705267" lon="-121.403200"/>
      <trkpt lat="40.705313" lon="-121.403169"/>
      <trkpt lat="40.705374" lon="-121.403119"/>
      <trkpt lat="40.705433" lon="-121.403101"/>
      <trkpt lat="40.705533" lon="-121.403055"/>
      <trkpt lat="40.705761" lon="-121.402885"/>
      <trkpt lat="40.705890" lon="-121.402802"/>
      <trkpt lat="40.705958" lon="-121.402747"/>
      <trkpt lat="40.705991" lon="-121.402692"/>
      <trkpt lat="40.706015" lon="-121.402600"/>
      <trkpt lat="40.706052" lon="-121.402540"/>
      <trkpt lat="40.706095" lon="-121.402502"/>
      <trkpt lat="40.706171" lon="-121.402474"/>
      <trkpt lat="40.706250" lon="-121.402423"/>
      <trkpt lat="40.706330" lon="-121.402352"/>
      <trkpt lat="40.706529" lon="-121.402221"/>
      <trkpt lat="40.706648" lon="-121.402118"/>
      <trkpt lat="40.706686" lon="-121.402061"/>
      <trkpt lat="40.706827" lon="-121.401923"/>
      <trkpt lat="40.706924" lon="-121.401833"/>
      <trkpt lat="40.706965" lon="-121.401785"/>
      <trkpt lat="40.707004" lon="-121.401753"/>
      <trkpt lat="40.707049" lon="-121.401758"/>
      <trkpt lat="40.707169" lon="-121.401823"/>
      <trkpt lat="40.707303" lon="-121.401903"/>
      <trkpt lat="40.707397" lon="-121.401984"/>
      <trkpt lat="40.707503" lon="-121.402029"/>
      <trkpt lat="40.707590" lon="-121.402045"/>
      <trkpt lat="40.707663" lon="-121.402051"/>
      <trkpt lat="40.707767" lon="-121.402102"/>
      <trkpt lat="40.707848" lon="-121.402091"/>
      <trkpt lat="40.707901" lon="-121.402107"/>
      <trkpt lat="40.708119" lon="-121.402085"/>
      <trkpt lat="40.708186" lon="-121.402112"/>
      <trkpt lat="40.708237" lon="-121.402174"/>
      <trkpt lat="40.708294" lon="-121.402271"/>
      <trkpt lat="40.708346" lon="-121.402343"/>
      <trkpt lat="40.708363" lon="-121.402442"/>
      <trkpt lat="40.708395" lon="-121.402523"/>
      <trkpt lat="40.708424" lon="-121.402721"/>
      <trkpt lat="40.708446" lon="-121.402783"/>
      <trkpt lat="40.708507" lon="-121.402850"/>
      <trkpt lat="40.708556" lon="-121.402869"/>
      <trkpt lat="40.708634" lon="-121.402916"/>
      <trkpt lat="40.708668" lon="-121.402963"/>
      <trkpt lat="40.708706" lon="-121.403086"/>
      <trkpt lat="40.708701" lon="-121.403144"/>
      <trkpt lat="40.708713" lon="-121.403199"/>
      <trkpt lat="40.708712" lon="-121.403254"/>
      <trkpt lat="40.708743" lon="-121.403325"/>
      <trkpt lat="40.708800" lon="-121.403424"/>
      <trkpt lat="40.708807" lon="-121.403460"/>
      <trkpt lat="40.708805" lon="-121.403514"/>
      <trkpt lat="40.708836" lon="-121.403612"/>
      <trkpt lat="40.708882" lon="-121.403715"/>
      <trkpt lat="40.708948" lon="-121.403966"/>
      <trkpt lat="40.709007" lon="-121.404077"/>
      <trkpt lat="40.709068" lon="-121.404153"/>
      <trkpt lat="40.709126" lon="-121.404207"/>
      <trkpt lat="40.709236" lon="-121.404349"/>
      <trkpt lat="40.709271" lon="-121.404415"/>
      <trkpt lat="40.709433" lon="-121.404567"/>
      <trkpt lat="40.709498" lon="-121.404601"/>
      <trkpt lat="40.709549" lon="-121.404654"/>
      <trkpt lat="40.709598" lon="-121.404679"/>
      <trkpt lat="40.709655" lon="-121.404742"/>
      <trkpt lat="40.709690" lon="-121.404812"/>
      <trkpt lat="40.709702" lon="-121.404867"/>
      <trkpt lat="40.709746" lon="-121.404945"/>
      <trkpt lat="40.709893" lon="-121.405119"/>
      <trkpt lat="40.709955" lon="-121.405142"/>
      <trkpt lat="40.710206" lon="-121.405264"/>
      <trkpt lat="40.710269" lon="-121.405269"/>
      <trkpt lat="40.710375" lon="-121.405288"/>
      <trkpt lat="40.710424" lon="-121.405304"/>
      <trkpt lat="40.710516" lon="-121.405303"/>
      <trkpt lat="40.710627" lon="-121.405340"/>
      <trkpt lat="40.710656" lon="-121.405356"/>
      <trkpt lat="40.710695" lon="-121.405428"/>
      <trkpt lat="40.710731" lon="-121.405456"/>
      <trkpt lat="40.710805" lon="-121.405457"/>
      <trkpt lat="40.710915" lon="-121.405476"/>
      <trkpt lat="40.710986" lon="-121.405466"/>
      <trkpt lat="40.711026" lon="-121.405449"/>
      <trkpt lat="40.711063" lon="-121.405457"/>
      <trkpt lat="40.711114" lon="-121.405417"/>
      <trkpt lat="40.711196" lon="-121.405402"/>
      <trkpt lat="40.711287" lon="-121.405350"/>
      <trkpt lat="40.711374" lon="-121.405347"/>
      <trkpt lat="40.711604" lon="-121.405417"/>
      <trkpt lat="40.711709" lon="-121.405423"/>
      <trkpt lat="40.711769" lon="-121.405410"/>
      <trkpt lat="40.711838" lon="-121.405362"/>
      <trkpt lat="40.711881" lon="-121.405321"/>
      <trkpt lat="40.711953" lon="-121.405315"/>
      <trkpt lat="40.712005" lon="-121.405324"/>
      <trkpt lat="40.712137" lon="-121.405389"/>
      <trkpt lat="40.712211" lon="-121.405394"/>
      <trkpt lat="40.712294" lon="-121.405384"/>
      <trkpt lat="40.712388" lon="-121.405351"/>
      <trkpt lat="40.712518" lon="-121.405320"/>
      <trkpt lat="40.712617" lon="-121.405363"/>
      <trkpt lat="40.712713" lon="-121.405365"/>
      <trkpt lat="40.712816" lon="-121.405342"/>
      <trkpt lat="40.713151" lon="-121.405362"/>
      <trkpt lat="40.713244" lon="-121.405363"/>
      <trkpt lat="40.713363" lon="-121.405342"/>
      <trkpt lat="40.713553" lon="-121.405352"/>
      <trkpt lat="40.713672" lon="-121.405377"/>
      <trkpt lat="40.713749" lon="-121.405386"/>
      <trkpt lat="40.713837" lon="-121.405437"/>
      <trkpt lat="40.713972" lon="-121.405478"/>
      <trkpt lat="40.714032" lon="-121.405469"/>
      <trkpt lat="40.714108" lon="-121.405496"/>
      <trkpt lat="40.714237" lon="-121.405504"/>
      <trkpt lat="40.714374" lon="-121.405555"/>
      <trkpt lat="40.714444" lon="-121.405543"/>
      <trkpt lat="40.714501" lon="-121.405564"/>
      <trkpt lat="40.714597" lon="-121.405553"/>
      <trkpt lat="40.714734" lon="-121.405527"/>
      <trkpt lat="40.714819" lon="-121.405493"/>
      <trkpt lat="40.714852" lon="-121.405474"/>
      <trkpt lat="40.714898" lon="-121.405481"/>
      <trkpt lat="40.714976" lon="-121.405438"/>
      <trkpt lat="40.715163" lon="-121.405446"/>
      <trkpt lat="40.715212" lon="-121.405430"/>
      <trkpt lat="40.715249" lon="-121.405434"/>
      <trkpt lat="40.715295" lon="-121.405411"/>
      <trkpt lat="40.715333" lon="-121.405409"/>
      <trkpt lat="40.715380" lon="-121.405386"/>
      <trkpt lat="40.715581" lon="-121.405358"/>
      <trkpt lat="40.715634" lon="-121.405384"/>
      <trkpt lat="40.715681" lon="-121.405364"/>
      <trkpt lat="40.715714" lon="-121.405366"/>
      <trkpt lat="40.715755" lon="-121.405328"/>
      <trkpt lat="40.716063" lon="-121.405166"/>
      <trkpt lat="40.716097" lon="-121.405151"/>
      <trkpt lat="40.716159" lon="-121.405152"/>
      <trkpt lat="40.716227" lon="-121.405085"/>
      <trkpt lat="40.716311" lon="-121.405091"/>
      <trkpt lat="40.716355" lon="-121.405071"/>
      <trkpt lat="40.716439" lon="-121.405060"/>
      <trkpt lat="40.716722" lon="-121.405081"/>
      <trkpt lat="40.716794" lon="-121.405100"/>
      <trkpt lat="40.716911" lon="-121.405119"/>
      <trkpt lat="40.716970" lon="-121.405119"/>
      <trkpt lat="40.717030" lon="-121.405081"/>
      <trkpt lat="40.717196" lon="-121.404927"/>
      <trkpt lat="40.717340" lon="-121.404835"/>
      <trkpt lat="40.717400" lon="-121.404786"/>
      <trkpt lat="40.717436" lon="-121.404737"/>
      <trkpt lat="40.717481" lon="-121.404612"/>
      <trkpt lat="40.717516" lon="-121.404589"/>
      <trkpt lat="40.717576" lon="-121.404533"/>
      <trkpt lat="40.717607" lon="-121.404525"/>
      <trkpt lat="40.717751" lon="-121.404529"/>
      <trkpt lat="40.717783" lon="-121.404538"/>
      <trkpt lat="40.717894" lon="-121.404536"/>
      <trkpt lat="40.717976" lon="-121.404544"/>
      <trkpt lat="40.718032" lon="-121.404561"/>
      <trkpt lat="40.718126" lon="-121.404642"/>
      <trkpt lat="40.718173" lon="-121.404642"/>
      <trkpt lat="40.718268" lon="-121.404631"/>
      <trkpt lat="40.718383" lon="-121.404574"/>
      <trkpt lat="40.718486" lon="-121.404569"/>
      <trkpt lat="40.718549" lon="-121.404605"/>
      <trkpt lat="40.718626" lon="-121.404660"/>
      <trkpt lat="40.718712" lon="-121.404671"/>
      <trkpt lat="40.718750" lon="-121.404702"/>
      <trkpt lat="40.718821" lon="-121.404692"/>
      <trkpt lat="40.718912" lon="-121.404705"/>
      <trkpt lat="40.719015" lon="-121.404711"/>
      <trkpt lat="40.719102" lon="-121.404778"/>
      <trkpt lat="40.719183" lon="-121.404825"/>
      <trkpt lat="40.719278" lon="-121.404833"/>
      <trkpt lat="40.719423" lon="-121.404820"/>
      <trkpt lat="40.719645" lon="-121.404831"/>
      <trkpt lat="40.719715" lon="-121.404857"/>
      <trkpt lat="40.719763" lon="-121.404858"/>
      <trkpt lat="40.719875" lon="-121.404902"/>
      <trkpt lat="40.719955" lon="-121.404962"/>
      <trkpt lat="40.719986" lon="-121.404978"/>
      <trkpt lat="40.720039" lon="-121.404985"/>
      <trkpt lat="40.720154" lon="-121.404934"/>
      <trkpt lat="40.720196" lon="-121.404933"/>
      <trkpt lat="40.720247" lon="-121.404951"/>
      <trkpt lat="40.720364" lon="-121.405025"/>
      <trkpt lat="40.720411" lon="-121.405045"/>
      <trkpt lat="40.720504" lon="-121.405057"/>
      <trkpt lat="40.720560" lon="-121.405053"/>
      <trkpt lat="40.720653" lon="-121.405079"/>
      <trkpt lat="40.720749" lon="-121.405073"/>
      <trkpt lat="40.720945" lon="-121.405048"/>
      <trkpt lat="40.721262" lon="-121.405134"/>
      <trkpt lat="40.721326" lon="-121.405146"/>
      <trkpt lat="40.721373" lon="-121.405189"/>
      <trkpt lat="40.721517" lon="-121.405261"/>
      <trkpt lat="40.721643" lon="-121.405344"/>
      <trkpt lat="40.721676" lon="-121.405371"/>
      <trkpt lat="40.721782" lon="-121.405339"/>
      <trkpt lat="40.721887" lon="-121.405362"/>
      <trkpt lat="40.721983" lon="-121.405377"/>
      <trkpt lat="40.722122" lon="-121.405462"/>
      <trkpt lat="40.722292" lon="-121.405598"/>
      <trkpt lat="40.722346" lon="-121.405606"/>
      <trkpt lat="40.722547" lon="-121.405430"/>
      <trkpt lat="40.722615" lon="-121.405393"/>
      <trkpt lat="40.722714" lon="-121.405296"/>
      <trkpt lat="40.722805" lon="-121.405187"/>
      <trkpt lat="40.722851" lon="-121.405119"/>
      <trkpt lat="40.722880" lon="-121.405034"/>
      <trkpt lat="40.722890" lon="-121.404733"/>
      <trkpt lat="40.722904" lon="-121.404617"/>
      <trkpt lat="40.722943" lon="-121.404517"/>
      <trkpt lat="40.722948" lon="-121.404308"/>
      <trkpt lat="40.722976" lon="-121.404050"/>
      <trkpt lat="40.722994" lon="-121.403012"/>
      <trkpt lat="40.722967" lon="-121.402724"/>
      <trkpt lat="40.722919" lon="-121.402431"/>
      <trkpt lat="40.722747" lon="-121.401891"/>
      <trkpt lat="40.722650" lon="-121.401648"/>
      <trkpt lat="40.722483" lon="-121.401393"/>
      <trkpt lat="40.722345" lon="-121.401225"/>
      <trkpt lat="40.722304" lon="-121.401204"/>
      <trkpt lat="40.722208" lon="-121.401045"/>
      <trkpt lat="40.722171" lon="-121.400974"/>
      <trkpt lat="40.722182" lon="-121.400943"/>
      <trkpt lat="40.722198" lon="-121.400912"/>
      <trkpt lat="40.722231" lon="-121.400928"/>
      <trkpt lat="40.722335" lon="-121.401034"/>
      <trkpt lat="40.722575" lon="-121.401164"/>
      <trkpt lat="40.722888" lon="-121.401348"/>
      <trkpt lat="40.722976" lon="-121.401353"/>
      <trkpt lat="40.723092" lon="-121.401391"/>
      <trkpt lat="40.723169" lon="-121.401443"/>
      <trkpt lat="40.723211" lon="-121.401486"/>
      <trkpt lat="40.723239" lon="-121.401526"/>
      <trkpt lat="40.723292" lon="-121.401530"/>
      <trkpt lat="40.723335" lon="-121.401468"/>
      <trkpt lat="40.723379" lon="-121.401485"/>
      <trkpt lat="40.723475" lon="-121.401549"/>
      <trkpt lat="40.723589" lon="-121.401651"/>
      <trkpt lat="40.723745" lon="-121.401762"/>
      <trkpt lat="40.723817" lon="-121.401804"/>
      <trkpt lat="40.723869" lon="-121.401848"/>
      <trkpt lat="40.723986" lon="-121.402169"/>
      <trkpt lat="40.724052" lon="-121.402242"/>
      <trkpt lat="40.724111" lon="-121.402323"/>
      <trkpt lat="40.724137" lon="-121.402381"/>
      <trkpt lat="40.724159" lon="-121.402451"/>
      <trkpt lat="40.724199" lon="-121.402521"/>
      <trkpt lat="40.724261" lon="-121.402571"/>
      <trkpt lat="40.724328" lon="-121.402588"/>
      <trkpt lat="40.724390" lon="-121.402633"/>
      <trkpt lat="40.724427" lon="-121.402678"/>
      <trkpt lat="40.724482" lon="-121.402824"/>
      <trkpt lat="40.724529" lon="-121.402898"/>
      <trkpt lat="40.724554" lon="-121.402956"/>
      <trkpt lat="40.724554" lon="-121.403050"/>
      <trkpt lat="40.724559" lon="-121.403123"/>
      <trkpt lat="40.724585" lon="-121.403175"/>
      <trkpt lat="40.724832" lon="-121.403500"/>
      <trkpt lat="40.724876" lon="-121.403528"/>
      <trkpt lat="40.724963" lon="-121.403561"/>
      <trkpt lat="40.725028" lon="-121.403598"/>
      <trkpt lat="40.725071" lon="-121.403672"/>
      <trkpt lat="40.725115" lon="-121.403738"/>
      <trkpt lat="40.725238" lon="-121.403826"/>
      <trkpt lat="40.725377" lon="-121.403943"/>
      <trkpt lat="40.725659" lon="-121.404270"/>
      <trkpt lat="40.725800" lon="-121.404360"/>
      <trkpt lat="40.725863" lon="-121.404426"/>
      <trkpt lat="40.725942" lon="-121.404548"/>
      <trkpt lat="40.725983" lon="-121.404568"/>
      <trkpt lat="40.726015" lon="-121.404556"/>
      <trkpt lat="40.726062" lon="-121.404571"/>
      <trkpt lat="40.726142" lon="-121.404613"/>
      <trkpt lat="40.726238" lon="-121.404690"/>
      <trkpt lat="40.726350" lon="-121.404743"/>
      <trkpt lat="40.726430" lon="-121.404758"/>
      <trkpt lat="40.726529" lon="-121.404788"/>
      <trkpt lat="40.726651" lon="-121.404839"/>
      <trkpt lat="40.726731" lon="-121.404935"/>
      <trkpt lat="40.726804" lon="-121.404986"/>
      <trkpt lat="40.726859" lon="-121.405052"/>
      <trkpt lat="40.726905" lon="-121.405124"/>
      <trkpt lat="40.726961" lon="-121.405173"/>
      <trkpt lat="40.727080" lon="-121.405249"/>
      <trkpt lat="40.727287" lon="-121.405368"/>
      <trkpt lat="40.727355" lon="-121.405429"/>
      <trkpt lat="40.727416" lon="-121.405529"/>
      <trkpt lat="40.727498" lon="-121.405731"/>
      <trkpt lat="40.727522" lon="-121.405771"/>
      <trkpt lat="40.727597" lon="-121.405862"/>
      <trkpt lat="40.727727" lon="-121.406056"/>
      <trkpt lat="40.727892" lon="-121.406138"/>
      <trkpt lat="40.727954" lon="-121.406182"/>
      <trkpt lat="40.727977" lon="-121.406247"/>
      <trkpt lat="40.727994" lon="-121.406317"/>
      <trkpt lat="40.728028" lon="-121.406359"/>
      <trkpt lat="40.728089" lon="-121.406365"/>
      <trkpt lat="40.728263" lon="-121.406354"/>
      <trkpt lat="40.728327" lon="-121.406323"/>
      <trkpt lat="40.728380" lon="-121.406321"/>
      <trkpt lat="40.728481" lon="-121.406330"/>
      <trkpt lat="40.728543" lon="-121.406322"/>
      <trkpt lat="40.728599" lon="-121.406263"/>
      <trkpt lat="40.728643" lon="-121.406169"/>
      <trkpt lat="40.728665" lon="-121.406085"/>
      <trkpt lat="40.728726" lon="-121.405976"/>
      <trkpt lat="40.728776" lon="-121.405827"/>
      <trkpt lat="40.728791" lon="-121.405720"/>
      <trkpt lat="40.728790" lon="-121.405597"/>
      <trkpt lat="40.728769" lon="-121.405415"/>
      <trkpt lat="40.728759" lon="-121.405260"/>
      <trkpt lat="40.728773" lon="-121.405175"/>
      <trkpt lat="40.728861" lon="-121.405010"/>
      <trkpt lat="40.728889" lon="-121.404888"/>
      <trkpt lat="40.728953" lon="-121.404778"/>
      <trkpt lat="40.729027" lon="-121.404685"/>
      <trkpt lat="40.729081" lon="-121.404627"/>
      <trkpt lat="40.729088" lon="-121.404595"/>
      <trkpt lat="40.729089" lon="-121.404571"/>
      <trkpt lat="40.729034" lon="-121.404442"/>
      <trkpt lat="40.729020" lon="-121.404367"/>
      <trkpt lat="40.729038" lon="-121.404269"/>
      <trkpt lat="40.729069" lon="-121.404172"/>
      <trkpt lat="40.729174" lon="-121.404070"/>
      <trkpt lat="40.729279" lon="-121.403994"/>
      <trkpt lat="40.729377" lon="-121.403905"/>
      <trkpt lat="40.729437" lon="-121.403825"/>
      <trkpt lat="40.729505" lon="-121.403662"/>
      <trkpt lat="40.729555" lon="-121.403628"/>
      <trkpt lat="40.729582" lon="-121.403634"/>
      <trkpt lat="40.729613" lon="-121.403653"/>
      <trkpt lat="40.729670" lon="-121.403829"/>
      <trkpt lat="40.729669" lon="-121.403880"/>
      <trkpt lat="40.729730" lon="-121.404054"/>
      <trkpt lat="40.729747" lon="-121.404127"/>
      <trkpt lat="40.729713" lon="-121.404183"/>
      <trkpt lat="40.729690" lon="-121.404330"/>
      <trkpt lat="40.729615" lon="-121.404615"/>
      <trkpt lat="40.729624" lon="-121.404717"/>
      <trkpt lat="40.729654" lon="-121.404778"/>
      <trkpt lat="40.729664" lon="-121.404875"/>
      <trkpt lat="40.729687" lon="-121.404931"/>
      <trkpt lat="40.729823" lon="-121.405150"/>
      <trkpt lat="40.729852" lon="-121.405225"/>
      <trkpt lat="40.729913" lon="-121.405466"/>
      <trkpt lat="40.729947" lon="-121.405532"/>
      <trkpt lat="40.729972" lon="-121.405613"/>
      <trkpt lat="40.729964" lon="-121.405684"/>
      <trkpt lat="40.729980" lon="-121.405739"/>
      <trkpt lat="40.730015" lon="-121.405808"/>
      <trkpt lat="40.730029" lon="-121.405916"/>
      <trkpt lat="40.730046" lon="-121.405973"/>
      <trkpt lat="40.730135" lon="-121.406093"/>
      <trkpt lat="40.730168" lon="-121.406103"/>
      <trkpt lat="40.730255" lon="-121.406106"/>
      <trkpt lat="40.730371" lon="-121.406158"/>
      <trkpt lat="40.730428" lon="-121.406148"/>
      <trkpt lat="40.730534" lon="-121.406106"/>
      <trkpt lat="40.730560" lon="-121.406060"/>
      <trkpt lat="40.730612" lon="-121.405988"/>
      <trkpt lat="40.730688" lon="-121.405945"/>
      <trkpt lat="40.730771" lon="-121.405926"/>
      <trkpt lat="40.730865" lon="-121.405924"/>
      <trkpt lat="40.730972" lon="-121.405951"/>
      <trkpt lat="40.731032" lon="-121.405942"/>
      <trkpt lat="40.731102" lon="-121.405888"/>
      <trkpt lat="40.731140" lon="-121.405847"/>
      <trkpt lat="40.731326" lon="-121.405819"/>
      <trkpt lat="40.731399" lon="-121.405776"/>
      <trkpt lat="40.731506" lon="-121.405631"/>
      <trkpt lat="40.731561" lon="-121.405567"/>
      <trkpt lat="40.731584" lon="-121.405498"/>
      <trkpt lat="40.731589" lon="-121.405292"/>
      <trkpt lat="40.731633" lon="-121.405198"/>
      <trkpt lat="40.731689" lon="-121.405138"/>
      <trkpt lat="40.731754" lon="-121.405091"/>
      <trkpt lat="40.731790" lon="-121.405018"/>
      <trkpt lat="40.731881" lon="-121.404912"/>
      <trkpt lat="40.732138" lon="-121.404671"/>
      <trkpt lat="40.732203" lon="-121.404647"/>
      <trkpt lat="40.732276" lon="-121.404631"/>
      <trkpt lat="40.732364" lon="-121.404585"/>
      <trkpt lat="40.732475" lon="-121.404510"/>
      <trkpt lat="40.732584" lon="-121.404486"/>
      <trkpt lat="40.732633" lon="-121.404493"/>
      <trkpt lat="40.732768" lon="-121.404537"/>
      <trkpt lat="40.733067" lon="-121.404652"/>
      <trkpt lat="40.733114" lon="-121.404664"/>
      <trkpt lat="40.733151" lon="-121.404638"/>
      <trkpt lat="40.733208" lon="-121.404636"/>
      <trkpt lat="40.733298" lon="-121.404605"/>
      <trkpt lat="40.733409" lon="-121.404604"/>
      <trkpt lat="40.733541" lon="-121.404565"/>
      <trkpt lat="40.733664" lon="-121.404473"/>
      <trkpt lat="40.733933" lon="-121.404166"/>
      <trkpt lat="40.734111" lon="-121.404002"/>
      <trkpt lat="40.734223" lon="-121.403885"/>
      <trkpt lat="40.734398" lon="-121.403771"/>
      <trkpt lat="40.734533" lon="-121.403704"/>
      <trkpt lat="40.734628" lon="-121.403641"/>
      <trkpt lat="40.734791" lon="-121.403474"/>
      <trkpt lat="40.734837" lon="-121.403408"/>
      <trkpt lat="40.734900" lon="-121.403245"/>
      <trkpt lat="40.734934" lon="-121.403193"/>
      <trkpt lat="40.735002" lon="-121.403162"/>
      <trkpt lat="40.735130" lon="-121.403064"/>
      <trkpt lat="40.735215" lon="-121.402989"/>
      <trkpt lat="40.735274" lon="-121.402976"/>
      <trkpt lat="40.735351" lon="-121.402920"/>
      <trkpt lat="40.735408" lon="-121.402870"/>
      <trkpt lat="40.735529" lon="-121.402693"/>
      <trkpt lat="40.735583" lon="-121.402650"/>
      <trkpt lat="40.735657" lon="-121.402622"/>
      <trkpt lat="40.735749" lon="-121.402578"/>
      <trkpt lat="40.735939" lon="-121.402545"/>
      <trkpt lat="40.736424" lon="-121.402552"/>
      <trkpt lat="40.736829" lon="-121.402523"/>
      <trkpt lat="40.736909" lon="-121.402480"/>
      <trkpt lat="40.736954" lon="-121.402461"/>
      <trkpt lat="40.737094" lon="-121.402444"/>
      <trkpt lat="40.737215" lon="-121.402413"/>
      <trkpt lat="40.737319" lon="-121.402465"/>
      <trkpt lat="40.737385" lon="-121.402470"/>
      <trkpt lat="40.737454" lon="-121.402458"/>
      <trkpt lat="40.737502" lon="-121.402409"/>
      <trkpt lat="40.737541" lon="-121.402391"/>
      <trkpt lat="40.737711" lon="-121.402390"/>
      <trkpt lat="40.737781" lon="-121.402367"/>
      <trkpt lat="40.737859" lon="-121.402303"/>
      <trkpt lat="40.737984" lon="-121.402261"/>
      <trkpt lat="40.738086" lon="-121.402269"/>
      <trkpt lat="40.738277" lon="-121.402246"/>
      <trkpt lat="40.738376" lon="-121.402208"/>
      <trkpt lat="40.738465" lon="-121.402203"/>
      <trkpt lat="40.738527" lon="-121.402240"/>
      <trkpt lat="40.738587" lon="-121.402258"/>
      <trkpt lat="40.738643" lon="-121.402254"/>
      <trkpt lat="40.738720" lon="-121.402288"/>
      <trkpt lat="40.738762" lon="-121.402285"/>
      <trkpt lat="40.738849" lon="-121.402263"/>
      <trkpt lat="40.738903" lon="-121.402265"/>
      <trkpt lat="40.738947" lon="-121.402287"/>
      <trkpt lat="40.738988" lon="-121.402339"/>
      <trkpt lat="40.739119" lon="-121.402445"/>
      <trkpt lat="40.739263" lon="-121.402576"/>
      <trkpt lat="40.739316" lon="-121.402594"/>
      <trkpt lat="40.739403" lon="-121.402604"/>
      <trkpt lat="40.739473" lon="-121.402619"/>
      <trkpt lat="40.739548" lon="-121.402613"/>
      <trkpt lat="40.739599" lon="-121.402584"/>
      <trkpt lat="40.739739" lon="-121.402595"/>
      <trkpt lat="40.739799" lon="-121.402580"/>
      <trkpt lat="40.739912" lon="-121.402595"/>
      <trkpt lat="40.740028" lon="-121.402620"/>
      <trkpt lat="40.740100" lon="-121.402650"/>
      <trkpt lat="40.740144" lon="-121.402704"/>
      <trkpt lat="40.740177" lon="-121.402773"/>
      <trkpt lat="40.740256" lon="-121.402840"/>
      <trkpt lat="40.740292" lon="-121.402858"/>
      <trkpt lat="40.740355" lon="-121.402849"/>
      <trkpt lat="40.740411" lon="-121.402883"/>
      <trkpt lat="40.740480" lon="-121.402895"/>
      <trkpt lat="40.740638" lon="-121.402891"/>
      <trkpt lat="40.740768" lon="-121.402866"/>
      <trkpt lat="40.740978" lon="-121.402877"/>
      <trkpt lat="40.741065" lon="-121.402875"/>
      <trkpt lat="40.741155" lon="-121.402836"/>
      <trkpt lat="40.741219" lon="-121.402838"/>
      <trkpt lat="40.741384" lon="-121.402925"/>
      <trkpt lat="40.741423" lon="-121.402965"/>
      <trkpt lat="40.741480" lon="-121.403121"/>
      <trkpt lat="40.741501" lon="-121.403160"/>
      <trkpt lat="40.741609" lon="-121.403279"/>
      <trkpt lat="40.741653" lon="-121.403307"/>
      <trkpt lat="40.741707" lon="-121.403310"/>
      <trkpt lat="40.741810" lon="-121.403334"/>
      <trkpt lat="40.741883" lon="-121.403376"/>
      <trkpt lat="40.741925" lon="-121.403413"/>
      <trkpt lat="40.742034" lon="-121.403456"/>
      <trkpt lat="40.742146" lon="-121.403537"/>
      <trkpt lat="40.742242" lon="-121.403559"/>
      <trkpt lat="40.742333" lon="-121.403592"/>
      <trkpt lat="40.742405" lon="-121.403634"/>
      <trkpt lat="40.742645" lon="-121.403734"/>
      <trkpt lat="40.742775" lon="-121.403763"/>
      <trkpt lat="40.742911" lon="-121.403852"/>
      <trkpt lat="40.742962" lon="-121.403840"/>
      <trkpt lat="40.743032" lon="-121.403836"/>
      <trkpt lat="40.743074" lon="-121.403841"/>
      <trkpt lat="40.743123" lon="-121.403834"/>
      <trkpt lat="40.743144" lon="-121.403807"/>
      <trkpt lat="40.743162" lon="-121.403759"/>
      <trkpt lat="40.743220" lon="-121.403684"/>
      <trkpt lat="40.743293" lon="-121.403634"/>
      <trkpt lat="40.743325" lon="-121.403645"/>
      <trkpt lat="40.743385" lon="-121.403640"/>
      <trkpt lat="40.743414" lon="-121.403620"/>
      <trkpt lat="40.743436" lon="-121.403593"/>
      <trkpt lat="40.743458" lon="-121.403588"/>
      <trkpt lat="40.743482" lon="-121.403590"/>
      <trkpt lat="40.743503" lon="-121.403618"/>
      <trkpt lat="40.743522" lon="-121.403668"/>
      <trkpt lat="40.743591" lon="-121.403791"/>
      <trkpt lat="40.743620" lon="-121.403828"/>
      <trkpt lat="40.743637" lon="-121.403841"/>
      <trkpt lat="40.743666" lon="-121.403846"/>
      <trkpt lat="40.743691" lon="-121.403875"/>
      <trkpt lat="40.743776" lon="-121.403929"/>
      <trkpt lat="40.743922" lon="-121.404034"/>
      <trkpt lat="40.743957" lon="-121.404074"/>
      <trkpt lat="40.743988" lon="-121.404089"/>
      <trkpt lat="40.744094" lon="-121.404092"/>
      <trkpt lat="40.744135" lon="-121.404113"/>
      <trkpt lat="40.744188" lon="-121.404178"/>
      <trkpt lat="40.744235" lon="-121.404202"/>
      <trkpt lat="40.744295" lon="-121.404219"/>
      <trkpt lat="40.744346" lon="-121.404245"/>
      <trkpt lat="40.744394" lon="-121.404255"/>
      <trkpt lat="40.744439" lon="-121.404297"/>
      <trkpt lat="40.744486" lon="-121.404322"/>
      <trkpt lat="40.744527" lon="-121.404316"/>
      <trkpt lat="40.744569" lon="-121.404316"/>
      <trkpt lat="40.744608" lon="-121.404332"/>
      <trkpt lat="40.744648" lon="-121.404302"/>
      <trkpt lat="40.744707" lon="-121.404306"/>
      <trkpt lat="40.744783" lon="-121.404280"/>
      <trkpt lat="40.744870" lon="-121.404280"/>
      <trkpt lat="40.744929" lon="-121.404313"/>
      <trkpt lat="40.745093" lon="-121.404420"/>
      <trkpt lat="40.745140" lon="-121.404501"/>
      <trkpt lat="40.745208" lon="-121.404514"/>
      <trkpt lat="40.745274" lon="-121.404591"/>
      <trkpt lat="40.745313" lon="-121.404595"/>
      <trkpt lat="40.745430" lon="-121.404583"/>
      <trkpt lat="40.745485" lon="-121.404595"/>
      <trkpt lat="40.745527" lon="-121.404628"/>
      <trkpt lat="40.745563" lon="-121.404672"/>
      <trkpt lat="40.745596" lon="-121.404722"/>
      <trkpt lat="40.745641" lon="-121.404756"/>
      <trkpt lat="40.745739" lon="-121.404729"/>
      <trkpt lat="40.745790" lon="-121.404729"/>
      <trkpt lat="40.745835" lon="-121.404750"/>
      <trkpt lat="40.745869" lon="-121.404793"/>
      <trkpt lat="40.745923" lon="-121.404812"/>
      <trkpt lat="40.745969" lon="-121.404874"/>
      <trkpt lat="40.745999" lon="-121.404888"/>
      <trkpt lat="40.746030" lon="-121.404887"/>
      <trkpt lat="40.746076" lon="-121.404870"/>
      <trkpt lat="40.746163" lon="-121.404854"/>
      <trkpt lat="40.746205" lon="-121.404882"/>
      <trkpt lat="40.746227" lon="-121.404922"/>
      <trkpt lat="40.746254" lon="-121.404951"/>
      <trkpt lat="40.746370" lon="-121.404955"/>
      <trkpt lat="40.746429" lon="-121.404946"/>
      <trkpt lat="40.746498" lon="-121.404962"/>
      <trkpt lat="40.746534" lon="-121.405012"/>
      <trkpt lat="40.746595" lon="-121.405047"/>
      <trkpt lat="40.746646" lon="-121.405056"/>
      <trkpt lat="40.746780" lon="-121.405141"/>
      <trkpt lat="40.746886" lon="-121.405135"/>
      <trkpt lat="40.746993" lon="-121.405181"/>
      <trkpt lat="40.747047" lon="-121.405177"/>
      <trkpt lat="40.747292" lon="-121.405347"/>
      <trkpt lat="40.747338" lon="-121.405421"/>
      <trkpt lat="40.747394" lon="-121.405476"/>
      <trkpt lat="40.747463" lon="-121.405507"/>
      <trkpt lat="40.747512" lon="-121.405544"/>
      <trkpt lat="40.747574" lon="-121.405575"/>
      <trkpt lat="40.747610" lon="-121.405645"/>
      <trkpt lat="40.747634" lon="-121.405712"/>
      <trkpt lat="40.747673" lon="-121.405780"/>
      <trkpt lat="40.747925" lon="-121.406064"/>
      <trkpt lat="40.748025" lon="-121.406110"/>
      <trkpt lat="40.748071" lon="-121.406160"/>
      <trkpt lat="40.748120" lon="-121.406169"/>
      <trkpt lat="40.748184" lon="-121.406140"/>
      <trkpt lat="40.748324" lon="-121.406107"/>
      <trkpt lat="40.748391" lon="-121.406077"/>
      <trkpt lat="40.748466" lon="-121.406078"/>
      <trkpt lat="40.748516" lon="-121.406099"/>
      <trkpt lat="40.748586" lon="-121.406115"/>
      <trkpt lat="40.748711" lon="-121.406109"/>
      <trkpt lat="40.748845" lon="-121.406070"/>
      <trkpt lat="40.748976" lon="-121.406026"/>
      <trkpt lat="40.749041" lon="-121.406034"/>
      <trkpt lat="40.749108" lon="-121.406027"/>
      <trkpt lat="40.749133" lon="-121.406016"/>
      <trkpt lat="40.749162" lon="-121.405952"/>
      <trkpt lat="40.749202" lon="-121.405894"/>
      <trkpt lat="40.749246" lon="-121.405869"/>
      <trkpt lat="40.749308" lon="-121.405849"/>
      <trkpt lat="40.749402" lon="-121.405837"/>
      <trkpt lat="40.749457" lon="-121.405842"/>
      <trkpt lat="40.749504" lon="-121.405857"/>
      <trkpt lat="40.749557" lon="-121.405897"/>
      <trkpt lat="40.749618" lon="-121.405920"/>
      <trkpt lat="40.749667" lon="-121.405922"/>
      <trkpt lat="40.749732" lon="-121.405898"/>
      <trkpt lat="40.749773" lon="-121.405869"/>
      <trkpt lat="40.749857" lon="-121.405895"/>
      <trkpt lat="40.749965" lon="-121.405847"/>
      <trkpt lat="40.750011" lon="-121.405855"/>
      <trkpt lat="40.750071" lon="-121.405855"/>
      <trkpt lat="40.750107" lon="-121.405850"/>
      <trkpt lat="40.750161" lon="-121.405875"/>
      <trkpt lat="40.750275" lon="-121.405874"/>
      <trkpt lat="40.750326" lon="-121.405878"/>
      <trkpt lat="40.750375" lon="-121.405893"/>
      <trkpt lat="40.750580" lon="-121.406038"/>
      <trkpt lat="40.750744" lon="-121.406114"/>
      <trkpt lat="40.750838" lon="-121.406149"/>
      <trkpt lat="40.750896" lon="-121.406164"/>
      <trkpt lat="40.751166" lon="-121.406181"/>
      <trkpt lat="40.751260" lon="-121.406228"/>
      <trkpt lat="40.751395" lon="-121.406223"/>
      <trkpt lat="40.751451" lon="-121.406232"/>
      <trkpt lat="40.751526" lon="-121.406283"/>
      <trkpt lat="40.751602" lon="-121.406323"/>
      <trkpt lat="40.751683" lon="-121.406345"/>
      <trkpt lat="40.751757" lon="-121.406358"/>
      <trkpt lat="40.751817" lon="-121.406384"/>
      <trkpt lat="40.751885" lon="-121.406451"/>
      <trkpt lat="40.751970" lon="-121.406614"/>
      <trkpt lat="40.752074" lon="-121.406715"/>
      <trkpt lat="40.752176" lon="-121.406779"/>
      <trkpt lat="40.752289" lon="-121.406822"/>
      <trkpt lat="40.752385" lon="-121.406872"/>
      <trkpt lat="40.752429" lon="-121.406879"/>
      <trkpt lat="40.752475" lon="-121.406862"/>
      <trkpt lat="40.752525" lon="-121.406793"/>
      <trkpt lat="40.752564" lon="-121.406764"/>
      <trkpt lat="40.752625" lon="-121.406755"/>
      <trkpt lat="40.752682" lon="-121.406773"/>
      <trkpt lat="40.752752" lon="-121.406803"/>
      <trkpt lat="40.752895" lon="-121.406875"/>
      <trkpt lat="40.752958" lon="-121.406937"/>
      <trkpt lat="40.752986" lon="-121.406988"/>
      <trkpt lat="40.753020" lon="-121.407021"/>
      <trkpt lat="40.753079" lon="-121.407022"/>
      <trkpt lat="40.753153" lon="-121.406952"/>
      <trkpt lat="40.753205" lon="-121.406921"/>
      <trkpt lat="40.753283" lon="-121.406913"/>
      <trkpt lat="40.753352" lon="-121.406896"/>
      <trkpt lat="40.753430" lon="-121.406844"/>
      <trkpt lat="40.753536" lon="-121.406821"/>
      <trkpt lat="40.753588" lon="-121.406795"/>
      <trkpt lat="40.753709" lon="-121.406795"/>
      <trkpt lat="40.753769" lon="-121.406785"/>
      <trkpt lat="40.753858" lon="-121.406748"/>
      <trkpt lat="40.753935" lon="-121.406701"/>
      <trkpt lat="40.753974" lon="-121.406706"/>
      <trkpt lat="40.754029" lon="-121.406740"/>
      <trkpt lat="40.754061" lon="-121.406787"/>
      <trkpt lat="40.754156" lon="-121.406983"/>
      <trkpt lat="40.754216" lon="-121.407039"/>
      <trkpt lat="40.754253" lon="-121.407049"/>
      <trkpt lat="40.754339" lon="-121.407167"/>
      <trkpt lat="40.754398" lon="-121.407192"/>
      <trkpt lat="40.754466" lon="-121.407191"/>
      <trkpt lat="40.754692" lon="-121.407156"/>
      <trkpt lat="40.754910" lon="-121.407170"/>
      <trkpt lat="40.754965" lon="-121.407148"/>
      <trkpt lat="40.755026" lon="-121.407162"/>
      <trkpt lat="40.755072" lon="-121.407154"/>
      <trkpt lat="40.755161" lon="-121.407099"/>
      <trkpt lat="40.755242" lon="-121.407116"/>
      <trkpt lat="40.755345" lon="-121.407151"/>
      <trkpt lat="40.755403" lon="-121.407157"/>
      <trkpt lat="40.755460" lon="-121.407156"/>
      <trkpt lat="40.755491" lon="-121.407152"/>
      <trkpt lat="40.755522" lon="-121.407141"/>
      <trkpt lat="40.755543" lon="-121.407106"/>
      <trkpt lat="40.755549" lon="-121.407048"/>
      <trkpt lat="40.755538" lon="-121.406968"/>
      <trkpt lat="40.755544" lon="-121.406862"/>
      <trkpt lat="40.755508" lon="-121.406630"/>
      <trkpt lat="40.755476" lon="-121.406499"/>
      <trkpt lat="40.755431" lon="-121.406400"/>
      <trkpt lat="40.755428" lon="-121.406298"/>
      <trkpt lat="40.755409" lon="-121.406215"/>
      <trkpt lat="40.755402" lon="-121.406054"/>
      <trkpt lat="40.755369" lon="-121.405874"/>
      <trkpt lat="40.755378" lon="-121.405763"/>
      <trkpt lat="40.755365" lon="-121.405571"/>
      <trkpt lat="40.755329" lon="-121.405394"/>
      <trkpt lat="40.755313" lon="-121.405238"/>
      <trkpt lat="40.755328" lon="-121.405048"/>
      <trkpt lat="40.755373" lon="-121.404840"/>
      <trkpt lat="40.755430" lon="-121.404632"/>
      <trkpt lat="40.755566" lon="-121.404184"/>
      <trkpt lat="40.755577" lon="-121.404069"/>
      <trkpt lat="40.755600" lon="-121.404013"/>
      <trkpt lat="40.755667" lon="-121.403535"/>
      <trkpt lat="40.755761" lon="-121.403282"/>
      <trkpt lat="40.755785" lon="-121.403172"/>
      <trkpt lat="40.755820" lon="-121.402900"/>
      <trkpt lat="40.755846" lon="-121.402796"/>
      <trkpt lat="40.755927" lon="-121.402634"/>
      <trkpt lat="40.755945" lon="-121.402528"/>
      <trkpt lat="40.755939" lon="-121.402398"/>
      <trkpt lat="40.755920" lon="-121.402210"/>
      <trkpt lat="40.756058" lon="-121.401827"/>
      <trkpt lat="40.756106" lon="-121.401717"/>
      <trkpt lat="40.756227" lon="-121.401650"/>
      <trkpt lat="40.756315" lon="-121.401499"/>
      <trkpt lat="40.756347" lon="-121.401424"/>
      <trkpt lat="40.756377" lon="-121.401383"/>
      <trkpt lat="40.756439" lon="-121.401354"/>
      <trkpt lat="40.756499" lon="-121.401305"/>
      <trkpt lat="40.756549" lon="-121.401207"/>
      <trkpt lat="40.756640" lon="-121.401096"/>
      <trkpt lat="40.756746" lon="-121.401004"/>
      <trkpt lat="40.756865" lon="-121.400919"/>
      <trkpt lat="40.756956" lon="-121.400829"/>
      <trkpt lat="40.757100" lon="-121.400748"/>
      <trkpt lat="40.757163" lon="-121.400698"/>
      <trkpt lat="40.757221" lon="-121.400629"/>
      <trkpt lat="40.757306" lon="-121.400440"/>
      <trkpt lat="40.757360" lon="-121.400332"/>
      <trkpt lat="40.757461" lon="-121.400220"/>
      <trkpt lat="40.757533" lon="-121.400091"/>
      <trkpt lat="40.757628" lon="-121.400001"/>
      <trkpt lat="40.757683" lon="-121.399924"/>
      <trkpt lat="40.757703" lon="-121.399856"/>
      <trkpt lat="40.757708" lon="-121.399673"/>
      <trkpt lat="40.757732" lon="-121.399587"/>
      <trkpt lat="40.757801" lon="-121.399427"/>
      <trkpt lat="40.757803" lon="-121.399360"/>
      <trkpt lat="40.757790" lon="-121.399241"/>
      <trkpt lat="40.757794" lon="-121.399174"/>
      <trkpt lat="40.757774" lon="-121.399081"/>
      <trkpt lat="40.757747" lon="-121.398997"/>
      <trkpt lat="40.757739" lon="-121.398926"/>
      <trkpt lat="40.757752" lon="-121.398853"/>
      <trkpt lat="40.757765" lon="-121.398640"/>
      <trkpt lat="40.757803" lon="-121.398403"/>
      <trkpt lat="40.757833" lon="-121.398262"/>
      <trkpt lat="40.757830" lon="-121.398120"/>
      <trkpt lat="40.757879" lon="-121.397956"/>
      <trkpt lat="40.757888" lon="-121.397842"/>
      <trkpt lat="40.757921" lon="-121.397738"/>
      <trkpt lat="40.757995" lon="-121.397577"/>
      <trkpt lat="40.758103" lon="-121.397271"/>
      <trkpt lat="40.758138" lon="-121.397083"/>
      <trkpt lat="40.758150" lon="-121.397046"/>
      <trkpt lat="40.758209" lon="-121.396997"/>
      <trkpt lat="40.758267" lon="-121.396910"/>
      <trkpt lat="40.758295" lon="-121.396832"/>
      <trkpt lat="40.758291" lon="-121.396792"/>
      <trkpt lat="40.758331" lon="-121.396321"/>
      <trkpt lat="40.758294" lon="-121.396182"/>
      <trkpt lat="40.758304" lon="-121.396005"/>
      <trkpt lat="40.758264" lon="-121.395699"/>
      <trkpt lat="40.758272" lon="-121.395530"/>
      <trkpt lat="40.758274" lon="-121.395393"/>
      <trkpt lat="40.758182" lon="-121.395251"/>
      <trkpt lat="40.758030" lon="-121.395125"/>
      <trkpt lat="40.757877" lon="-121.395066"/>
      <trkpt lat="40.757741" lon="-121.394961"/>
      <trkpt lat="40.757685" lon="-121.394953"/>
      <trkpt lat="40.757638" lon="-121.394905"/>
      <trkpt lat="40.757618" lon="-121.394835"/>
      <trkpt lat="40.757646" lon="-121.394723"/>
      <trkpt lat="40.757689" lon="-121.394618"/>
      <trkpt lat="40.757809" lon="-121.394503"/>
      <trkpt lat="40.757928" lon="-121.394326"/>
      <trkpt lat="40.758023" lon="-121.394170"/>
      <trkpt lat="40.758146" lon="-121.393937"/>
      <trkpt lat="40.758381" lon="-121.393513"/>
      <trkpt lat="40.758428" lon="-121.393333"/>
      <trkpt lat="40.758433" lon="-121.393228"/>
      <trkpt lat="40.758414" lon="-121.393130"/>
      <trkpt lat="40.758329" lon="-121.392971"/>
      <trkpt lat="40.758255" lon="-121.392867"/>
      <trkpt lat="40.758215" lon="-121.392751"/>
      <trkpt lat="40.758203" lon="-121.392518"/>
      <trkpt lat="40.758227" lon="-121.392370"/>
      <trkpt lat="40.758237" lon="-121.391877"/>
      <trkpt lat="40.758225" lon="-121.391788"/>
      <trkpt lat="40.758158" lon="-121.391660"/>
      <trkpt lat="40.758065" lon="-121.391550"/>
      <trkpt lat="40.757995" lon="-121.391442"/>
      <trkpt lat="40.757926" lon="-121.391284"/>
      <trkpt lat="40.757853" lon="-121.390970"/>
      <trkpt lat="40.757695" lon="-121.390750"/>
      <trkpt lat="40.757477" lon="-121.390493"/>
      <trkpt lat="40.757248" lon="-121.390276"/>
      <trkpt lat="40.757164" lon="-121.390141"/>
      <trkpt lat="40.756986" lon="-121.389962"/>
      <trkpt lat="40.756862" lon="-121.389812"/>
      <trkpt lat="40.756780" lon="-121.389702"/>
      <trkpt lat="40.756589" lon="-121.389578"/>
      <trkpt lat="40.756506" lon="-121.389538"/>
      <trkpt lat="40.756431" lon="-121.389495"/>
      <trkpt lat="40.756403" lon="-121.389423"/>
      <trkpt lat="40.756340" lon="-121.389310"/>
      <trkpt lat="40.756088" lon="-121.389058"/>
      <trkpt lat="40.756008" lon="-121.389018"/>
      <trkpt lat="40.755863" lon="-121.388922"/>
      <trkpt lat="40.755727" lon="-121.388872"/>
      <trkpt lat="40.755641" lon="-121.388868"/>
      <trkpt lat="40.755478" lon="-121.388972"/>
      <trkpt lat="40.755307" lon="-121.389053"/>
      <trkpt lat="40.755160" lon="-121.389147"/>
      <trkpt lat="40.754980" lon="-121.389133"/>
      <trkpt lat="40.754653" lon="-121.388731"/>
      <trkpt lat="40.754513" lon="-121.388637"/>
      <trkpt lat="40.754383" lon="-121.388570"/>
      <trkpt lat="40.754263" lon="-121.388530"/>
      <trkpt lat="40.754070" lon="-121.388476"/>
      <trkpt lat="40.753916" lon="-121.388387"/>
      <trkpt lat="40.753773" lon="-121.388294"/>
      <trkpt lat="40.753696" lon="-121.388176"/>
      <trkpt lat="40.753633" lon="-121.387958"/>
      <trkpt lat="40.753603" lon="-121.387753"/>
      <trkpt lat="40.753595" lon="-121.387669"/>
      <trkpt lat="40.753656" lon="-121.387556"/>
      <trkpt lat="40.753651" lon="-121.387392"/>
      <trkpt lat="40.753623" lon="-121.387218"/>
      <trkpt lat="40.753607" lon="-121.387014"/>
      <trkpt lat="40.753637" lon="-121.386762"/>
      <trkpt lat="40.753631" lon="-121.386561"/>
      <trkpt lat="40.753660" lon="-121.386376"/>
      <trkpt lat="40.753743" lon="-121.386197"/>
      <trkpt lat="40.753845" lon="-121.386027"/>
      <trkpt lat="40.753972" lon="-121.385902"/>
      <trkpt lat="40.754086" lon="-121.385889"/>
    </trkseg>
    <trkseg>
      <trkpt lat="40.652412" lon="-121.455303"/>
      <trkpt lat="40.652670" lon="-121.455105"/>
      <trkpt lat="40.652850" lon="-121.455042"/>
      <trkpt lat="40.653137" lon="-121.454827"/>
      <trkpt lat="40.653442" lon="-121.454738"/>
      <trkpt lat="40.653915" lon="-121.454450"/>
      <trkpt lat="40.654308" lon="-121.453673"/>
      <trkpt lat="40.654545" lon="-121.453357"/>
      <trkpt lat="40.654822" lon="-121.453138"/>
      <trkpt lat="40.656213" lon="-121.452633"/>
      <trkpt lat="40.656380" lon="-121.452608"/>
      <trkpt lat="40.656713" lon="-121.452677"/>
      <trkpt lat="40.656972" lon="-121.452823"/>
      <trkpt lat="40.657413" lon="-121.452876"/>
      <trkpt lat="40.657767" lon="-121.452752"/>
      <trkpt lat="40.657897" lon="-121.452661"/>
      <trkpt lat="40.658227" lon="-121.452565"/>
      <trkpt lat="40.658365" lon="-121.452497"/>
      <trkpt lat="40.658720" lon="-121.452118"/>
      <trkpt lat="40.658752" lon="-121.452001"/>
      <trkpt lat="40.658733" lon="-121.451700"/>
      <trkpt lat="40.658901" lon="-121.451097"/>
      <trkpt lat="40.658961" lon="-121.450918"/>
      <trkpt lat="40.658957" lon="-121.450789"/>
      <trkpt lat="40.658988" lon="-121.450601"/>
      <trkpt lat="40.659043" lon="-121.450403"/>
      <trkpt lat="40.659118" lon="-121.450270"/>
      <trkpt lat="40.659208" lon="-121.450024"/>
      <trkpt lat="40.659299" lon="-121.449813"/>
      <trkpt lat="40.659440" lon="-121.449325"/>
      <trkpt lat="40.659480" lon="-121.449072"/>
      <trkpt lat="40.659566" lon="-121.448662"/>
      <trkpt lat="40.659625" lon="-121.448458"/>
      <trkpt lat="40.659695" lon="-121.448296"/>
      <trkpt lat="40.659747" lon="-121.448193"/>
      <trkpt lat="40.659841" lon="-121.448128"/>
      <trkpt lat="40.660150" lon="-121.447973"/>
      <trkpt lat="40.660392" lon="-121.447801"/>
      <trkpt lat="40.660538" lon="-121.447683"/>
      <trkpt lat="40.660597" lon="-121.447613"/>
      <trkpt lat="40.660652" lon="-121.447495"/>
      <trkpt lat="40.660711" lon="-121.447289"/>
      <trkpt lat="40.660795" lon="-121.446953"/>
      <trkpt lat="40.660850" lon="-121.446787"/>
      <trkpt lat="40.660931" lon="-121.446605"/>
      <trkpt lat="40.661043" lon="-121.446476"/>
      <trkpt lat="40.661149" lon="-121.446334"/>
      <trkpt lat="40.661304" lon="-121.445934"/>
      <trkpt lat="40.661456" lon="-121.445671"/>
      <trkpt lat="40.661812" lon="-121.445037"/>
      <trkpt lat="40.662003" lon="-121.444837"/>
      <trkpt lat="40.662260" lon="-121.444585"/>
      <trkpt lat="40.662411" lon="-121.444464"/>
      <trkpt lat="40.662682" lon="-121.444102"/>
      <trkpt lat="40.662805" lon="-121.443944"/>
      <trkpt lat="40.662878" lon="-121.443898"/>
      <trkpt lat="40.663139" lon="-121.443767"/>
      <trkpt lat="40.663328" lon="-121.443699"/>
      <trkpt lat="40.663458" lon="-121.443594"/>
      <trkpt lat="40.663762" lon="-121.443314"/>
      <trkpt lat="40.663926" lon="-121.443202"/>
      <trkpt lat="40.663981" lon="-121.443143"/>
      <trkpt lat="40.664015" lon="-121.443100"/>
      <trkpt lat="40.664078" lon="-121.442949"/>
      <trkpt lat="40.664144" lon="-121.442848"/>
      <trkpt lat="40.664203" lon="-121.442809"/>
      <trkpt lat="40.664320" lon="-121.442811"/>
      <trkpt lat="40.664374" lon="-121.442781"/>
      <trkpt lat="40.664437" lon="-121.442778"/>
      <trkpt lat="40.664498" lon="-121.442738"/>
      <trkpt lat="40.664589" lon="-121.442658"/>
      <trkpt lat="40.664669" lon="-121.442608"/>
      <trkpt lat="40.664737" lon="-121.442573"/>
      <trkpt lat="40.664788" lon="-121.442567"/>
      <trkpt lat="40.664946" lon="-121.442647"/>
      <trkpt lat="40.664993" lon="-121.442643"/>
      <trkpt lat="40.665077" lon="-121.442601"/>
      <trkpt lat="40.665354" lon="-121.442429"/>
      <trkpt lat="40.665507" lon="-121.442262"/>
      <trkpt lat="40.665688" lon="-121.442167"/>
      <trkpt lat="40.665770" lon="-121.442132"/>
      <trkpt lat="40.666007" lon="-121.442092"/>
      <trkpt lat="40.666137" lon="-121.442000"/>
      <trkpt lat="40.666207" lon="-121.441963"/>
      <trkpt lat="40.666239" lon="-121.441918"/>
      <trkpt lat="40.666267" lon="-121.441857"/>
      <trkpt lat="40.666286" lon="-121.441800"/>
      <trkpt lat="40.666341" lon="-121.441722"/>
      <trkpt lat="40.666401" lon="-121.441682"/>
      <trkpt lat="40.666472" lon="-121.441657"/>
      <trkpt lat="40.666524" lon="-121.441625"/>
      <trkpt lat="40.666569" lon="-121.441556"/>
      <trkpt lat="40.666603" lon="-121.441471"/>
      <trkpt lat="40.666992" lon="-121.440915"/>
      <trkpt lat="40.667195" lon="-121.440770"/>
      <trkpt lat="40.667272" lon="-121.440682"/>
      <trkpt lat="40.667433" lon="-121.440402"/>
      <trkpt lat="40.667462" lon="-121.440207"/>
      <trkpt lat="40.667615" lon="-121.439878"/>
      <trkpt lat="40.667914" lon="-121.439422"/>
      <trkpt lat="40.667938" lon="-121.439309"/>
      <trkpt lat="40.667985" lon="-121.439213"/>
      <trkpt lat="40.668125" lon="-121.439017"/>
      <trkpt lat="40.668296" lon="-121.438708"/>
      <trkpt lat="40.668455" lon="-121.438357"/>
      <trkpt lat="40.668512" lon="-121.438204"/>
      <trkpt lat="40.668748" lon="-121.437939"/>
      <trkpt lat="40.668813" lon="-121.437896"/>
      <trkpt lat="40.668906" lon="-121.437794"/>
      <trkpt lat="40.668972" lon="-121.437678"/>
      <trkpt lat="40.669153" lon="-121.437526"/>
      <trkpt lat="40.669183" lon="-121.437464"/>
      <trkpt lat="40.669317" lon="-121.437134"/>
      <trkpt lat="40.669322" lon="-121.437059"/>
      <trkpt lat="40.669433" lon="-121.436707"/>
      <trkpt lat="40.669468" lon="-121.436630"/>
      <trkpt lat="40.669558" lon="-121.436536"/>
      <trkpt lat="40.669594" lon="-121.436485"/>
      <trkpt lat="40.669600" lon="-121.436391"/>
      <trkpt lat="40.669592" lon="-121.436281"/>
      <trkpt lat="40.669612" lon="-121.436141"/>
      <trkpt lat="40.669738" lon="-121.435845"/>
      <trkpt lat="40.669757" lon="-121.435736"/>
      <trkpt lat="40.669737" lon="-121.435431"/>
      <trkpt lat="40.669778" lon="-121.435248"/>
      <trkpt lat="40.669763" lon="-121.435045"/>
      <trkpt lat="40.669714" lon="-121.434862"/>
      <trkpt lat="40.669635" lon="-121.434623"/>
      <trkpt lat="40.669488" lon="-121.434397"/>
      <trkpt lat="40.669417" lon="-121.434234"/>
      <trkpt lat="40.669193" lon="-121.433840"/>
      <trkpt lat="40.669021" lon="-121.433577"/>
      <trkpt lat="40.668949" lon="-121.433373"/>
      <trkpt lat="40.668813" lon="-121.433022"/>
      <trkpt lat="40.668721" lon="-121.432746"/>
      <trkpt lat="40.668681" lon="-121.432531"/>
      <trkpt lat="40.668673" lon="-121.432327"/>
      <trkpt lat="40.668693" lon="-121.432102"/>
      <trkpt lat="40.668672" lon="-121.431975"/>
      <trkpt lat="40.668567" lon="-121.431654"/>
      <trkpt lat="40.668497" lon="-121.431412"/>
      <trkpt lat="40.668453" lon="-121.431182"/>
      <trkpt lat="40.668402" lon="-121.430983"/>
      <trkpt lat="40.668426" lon="-121.430847"/>
      <trkpt lat="40.668496" lon="-121.430683"/>
      <trkpt lat="40.668518" lon="-121.430536"/>
      <trkpt lat="40.668528" lon="-121.430398"/>
      <trkpt lat="40.668581" lon="-121.430004"/>
      <trkpt lat="40.668605" lon="-121.429575"/>
      <trkpt lat="40.668603" lon="-121.429481"/>
      <trkpt lat="40.668561" lon="-121.429315"/>
      <trkpt lat="40.668463" lon="-121.429173"/>
      <trkpt lat="40.668199" lon="-121.428714"/>
      <trkpt lat="40.668129" lon="-121.428537"/>
      <trkpt lat="40.668087" lon="-121.428382"/>
      <trkpt lat="40.668085" lon="-121.428154"/>
      <trkpt lat="40.668070" lon="-121.427813"/>
      <trkpt lat="40.668075" lon="-121.427633"/>
      <trkpt lat="40.668097" lon="-121.427360"/>
      <trkpt lat="40.668097" lon="-121.427183"/>
      <trkpt lat="40.668075" lon="-121.427057"/>
      <trkpt lat="40.667999" lon="-121.426882"/>
      <trkpt lat="40.667928" lon="-121.426652"/>
      <trkpt lat="40.667879" lon="-121.426451"/>
      <trkpt lat="40.667855" lon="-121.426298"/>
      <trkpt lat="40.667763" lon="-121.425944"/>
      <trkpt lat="40.667637" lon="-121.425659"/>
      <trkpt lat="40.667485" lon="-121.425477"/>
      <trkpt lat="40.667417" lon="-121.425321"/>
      <trkpt lat="40.667334" lon="-121.424965"/>
      <trkpt lat="40.667196" lon="-121.424680"/>
      <trkpt lat="40.667100" lon="-121.424458"/>
      <trkpt lat="40.667031" lon="-121.424216"/>
      <trkpt lat="40.666992" lon="-121.423991"/>
      <trkpt lat="40.666978" lon="-121.423771"/>
      <trkpt lat="40.667047" lon="-121.423516"/>
      <trkpt lat="40.667162" lon="-121.423408"/>
      <trkpt lat="40.667357" lon="-121.423403"/>
      <trkpt lat="40.667497" lon="-121.423361"/>
      <trkpt lat="40.667657" lon="-121.423216"/>
      <trkpt lat="40.667749" lon="-121.423157"/>
      <trkpt lat="40.667865" lon="-121.423111"/>
      <trkpt lat="40.668109" lon="-121.423068"/>
      <trkpt lat="40.668351" lon="-121.422980"/>
      <trkpt lat="40.668471" lon="-121.422923"/>
      <trkpt lat="40.668542" lon="-121.422848"/>
      <trkpt lat="40.668611" lon="-121.422800"/>
      <trkpt lat="40.668728" lon="-121.422784"/>
      <trkpt lat="40.668856" lon="-121.422787"/>
      <trkpt lat="40.669838" lon="-121.422765"/>
      <trkpt lat="40.669948" lon="-121.422701"/>
      <trkpt lat="40.670029" lon="-121.422583"/>
      <trkpt lat="40.670082" lon="-121.422282"/>
      <trkpt lat="40.670168" lon="-121.422020"/>
      <trkpt lat="40.670245" lon="-121.421794"/>
      <trkpt lat="40.670373" lon="-121.421572"/>
      <trkpt lat="40.670672" lon="-121.421239"/>
      <trkpt lat="40.671122" lon="-121.420839"/>
      <trkpt lat="40.671203" lon="-121.420668"/>
      <trkpt lat="40.671256" lon="-121.420528"/>
      <trkpt lat="40.671472" lon="-121.420252"/>
      <trkpt lat="40.671805" lon="-121.420206"/>
      <trkpt lat="40.671895" lon="-121.420164"/>
      <trkpt lat="40.671936" lon="-121.420062"/>
      <trkpt lat="40.671972" lon="-121.419922"/>
      <trkpt lat="40.672050" lon="-121.419799"/>
      <trkpt lat="40.672239" lon="-121.419632"/>
      <trkpt lat="40.672298" lon="-121.419504"/>
      <trkpt lat="40.672353" lon="-121.419353"/>
      <trkpt lat="40.672406" lon="-121.419276"/>
      <trkpt lat="40.672682" lon="-121.419144"/>
      <trkpt lat="40.672845" lon="-121.419088"/>
      <trkpt lat="40.673126" lon="-121.419096"/>
      <trkpt lat="40.673191" lon="-121.419056"/>
      <trkpt lat="40.673268" lon="-121.418994"/>
      <trkpt lat="40.673350" lon="-121.418983"/>
      <trkpt lat="40.673465" lon="-121.418959"/>
      <trkpt lat="40.673508" lon="-121.418914"/>
      <trkpt lat="40.673553" lon="-121.418852"/>
      <trkpt lat="40.673628" lon="-121.418771"/>
      <trkpt lat="40.673744" lon="-121.418686"/>
      <trkpt lat="40.673820" lon="-121.418594"/>
      <trkpt lat="40.673876" lon="-121.418557"/>
      <trkpt lat="40.674163" lon="-121.418543"/>
      <trkpt lat="40.674365" lon="-121.418541"/>
      <trkpt lat="40.674497" lon="-121.418514"/>
      <trkpt lat="40.674635" lon="-121.418463"/>
      <trkpt lat="40.674802" lon="-121.418357"/>
      <trkpt lat="40.674879" lon="-121.418348"/>
      <trkpt lat="40.674977" lon="-121.418356"/>
      <trkpt lat="40.675069" lon="-121.418323"/>
      <trkpt lat="40.675188" lon="-121.418299"/>
      <trkpt lat="40.675331" lon="-121.418289"/>
      <trkpt lat="40.675470" lon="-121.418340"/>
      <trkpt lat="40.675518" lon="-121.418366"/>
      <trkpt lat="40.675583" lon="-121.418364"/>
      <trkpt lat="40.675630" lon="-121.418310"/>
      <trkpt lat="40.675709" lon="-121.418275"/>
      <trkpt lat="40.675838" lon="-121.418243"/>
      <trkpt lat="40.675988" lon="-121.418230"/>
      <trkpt lat="40.676104" lon="-121.418273"/>
      <trkpt lat="40.676169" lon="-121.418364"/>
      <trkpt lat="40.676263" lon="-121.418434"/>
      <trkpt lat="40.676362" lon="-121.418442"/>
      <trkpt lat="40.676468" lon="-121.418442"/>
      <trkpt lat="40.676588" lon="-121.418431"/>
      <trkpt lat="40.676680" lon="-121.418436"/>
      <trkpt lat="40.676730" lon="-121.418519"/>
      <trkpt lat="40.676820" lon="-121.418605"/>
      <trkpt lat="40.676962" lon="-121.418645"/>
      <trkpt lat="40.677276" lon="-121.418747"/>
      <trkpt lat="40.677410" lon="-121.418830"/>
      <trkpt lat="40.677497" lon="-121.418908"/>
      <trkpt lat="40.677613" lon="-121.418989"/>
      <trkpt lat="40.677776" lon="-121.419128"/>
      <trkpt lat="40.677843" lon="-121.419214"/>
      <trkpt lat="40.677900" lon="-121.419252"/>
      <trkpt lat="40.677955" lon="-121.419257"/>
      <trkpt lat="40.677996" lon="-121.419278"/>
      <trkpt lat="40.678020" lon="-121.419329"/>
      <trkpt lat="40.678020" lon="-121.419399"/>
      <trkpt lat="40.678043" lon="-121.419442"/>
      <trkpt lat="40.678108" lon="-121.419525"/>
      <trkpt lat="40.678315" lon="-121.419646"/>
      <trkpt lat="40.678415" lon="-121.419681"/>
      <trkpt lat="40.678508" lon="-121.419691"/>
      <trkpt lat="40.678614" lon="-121.419742"/>
      <trkpt lat="40.678775" lon="-121.419855"/>
      <trkpt lat="40.678844" lon="-121.419858"/>
      <trkpt lat="40.678887" lon="-121.419893"/>
      <trkpt lat="40.678909" lon="-121.419952"/>
      <trkpt lat="40.678966" lon="-121.420008"/>
      <trkpt lat="40.679074" lon="-121.420053"/>
      <trkpt lat="40.679269" lon="-121.420153"/>
      <trkpt lat="40.679523" lon="-121.420324"/>
      <trkpt lat="40.679619" lon="-121.420362"/>
      <trkpt lat="40.679706" lon="-121.420365"/>
      <trkpt lat="40.679751" lon="-121.420340"/>
      <trkpt lat="40.679798" lon="-121.420308"/>
      <trkpt lat="40.679929" lon="-121.420306"/>
      <trkpt lat="40.679988" lon="-121.420302"/>
      <trkpt lat="40.680039" lon="-121.420282"/>
      <trkpt lat="40.680120" lon="-121.420196"/>
      <trkpt lat="40.680168" lon="-121.420084"/>
      <trkpt lat="40.680200" lon="-121.419974"/>
      <trkpt lat="40.680220" lon="-121.419883"/>
      <trkpt lat="40.680223" lon="-121.419783"/>
      <trkpt lat="40.680207" lon="-121.419693"/>
      <trkpt lat="40.680168" lon="-121.419607"/>
      <trkpt lat="40.680143" lon="-121.419528"/>
      <trkpt lat="40.680150" lon="-121.419422"/>
      <trkpt lat="40.680135" lon="-121.419328"/>
      <trkpt lat="40.680108" lon="-121.419237"/>
      <trkpt lat="40.680105" lon="-121.419166"/>
      <trkpt lat="40.680110" lon="-121.419100"/>
      <trkpt lat="40.680125" lon="-121.419037"/>
      <trkpt lat="40.680181" lon="-121.418972"/>
      <trkpt lat="40.680355" lon="-121.418856"/>
      <trkpt lat="40.680417" lon="-121.418839"/>
      <trkpt lat="40.680529" lon="-121.418847"/>
      <trkpt lat="40.680595" lon="-121.418806"/>
      <trkpt lat="40.680670" lon="-121.418719"/>
      <trkpt lat="40.680718" lon="-121.418652"/>
      <trkpt lat="40.680840" lon="-121.418574"/>
      <trkpt lat="40.680875" lon="-121.418529"/>
      <trkpt lat="40.680896" lon="-121.418471"/>
      <trkpt lat="40.680918" lon="-121.418397"/>
      <trkpt lat="40.680941" lon="-121.418096"/>
      <trkpt lat="40.680986" lon="-121.418010"/>
      <trkpt lat="40.681067" lon="-121.417911"/>
      <trkpt lat="40.681114" lon="-121.417843"/>
      <trkpt lat="40.681120" lon="-121.417760"/>
      <trkpt lat="40.681096" lon="-121.417688"/>
      <trkpt lat="40.681008" lon="-121.417567"/>
      <trkpt lat="40.680961" lon="-121.417438"/>
      <trkpt lat="40.680959" lon="-121.417280"/>
      <trkpt lat="40.680988" lon="-121.417100"/>
      <trkpt lat="40.680998" lon="-121.416948"/>
      <trkpt lat="40.680978" lon="-121.416824"/>
      <trkpt lat="40.680900" lon="-121.416698"/>
      <trkpt lat="40.680827" lon="-121.416636"/>
      <trkpt lat="40.680805" lon="-121.416575"/>
      <trkpt lat="40.680791" lon="-121.416454"/>
      <trkpt lat="40.680805" lon="-121.416384"/>
      <trkpt lat="40.680795" lon="-121.416301"/>
      <trkpt lat="40.680650" lon="-121.415800"/>
      <trkpt lat="40.680610" lon="-121.415513"/>
      <trkpt lat="40.680559" lon="-121.415314"/>
      <trkpt lat="40.680565" lon="-121.415207"/>
      <trkpt lat="40.680605" lon="-121.415142"/>
      <trkpt lat="40.680626" lon="-121.415083"/>
      <trkpt lat="40.680630" lon="-121.415022"/>
      <trkpt lat="40.680618" lon="-121.414947"/>
      <trkpt lat="40.680581" lon="-121.414893"/>
      <trkpt lat="40.680571" lon="-121.414823"/>
      <trkpt lat="40.680638" lon="-121.414520"/>
      <trkpt lat="40.680809" lon="-121.414182"/>
      <trkpt lat="40.680872" lon="-121.414045"/>
      <trkpt lat="40.680947" lon="-121.413976"/>
      <trkpt lat="40.681071" lon="-121.413911"/>
      <trkpt lat="40.681173" lon="-121.413871"/>
      <trkpt lat="40.681240" lon="-121.413828"/>
      <trkpt lat="40.681289" lon="-121.413769"/>
      <trkpt lat="40.681368" lon="-121.413474"/>
      <trkpt lat="40.681362" lon="-121.413394"/>
      <trkpt lat="40.681303" lon="-121.413147"/>
      <trkpt lat="40.681252" lon="-121.412817"/>
      <trkpt lat="40.681224" lon="-121.412667"/>
      <trkpt lat="40.681175" lon="-121.412562"/>
      <trkpt lat="40.681145" lon="-121.412476"/>
      <trkpt lat="40.681146" lon="-121.412366"/>
      <trkpt lat="40.681189" lon="-121.412171"/>
      <trkpt lat="40.681285" lon="-121.411908"/>
      <trkpt lat="40.681509" lon="-121.411441"/>
      <trkpt lat="40.681580" lon="-121.411221"/>
      <trkpt lat="40.681683" lon="-121.411074"/>
      <trkpt lat="40.681793" lon="-121.410888"/>
      <trkpt lat="40.681858" lon="-121.410679"/>
      <trkpt lat="40.681950" lon="-121.410446"/>
      <trkpt lat="40.682023" lon="-121.410154"/>
      <trkpt lat="40.682092" lon="-121.409990"/>
      <trkpt lat="40.682141" lon="-121.409915"/>
      <trkpt lat="40.682208" lon="-121.409850"/>
      <trkpt lat="40.682587" lon="-121.409628"/>
      <trkpt lat="40.682830" lon="-121.409470"/>
      <trkpt lat="40.682975" lon="-121.409389"/>
      <trkpt lat="40.683081" lon="-121.409346"/>
      <trkpt lat="40.683150" lon="-121.409341"/>
      <trkpt lat="40.683227" lon="-121.409360"/>
      <trkpt lat="40.683301" lon="-121.409344"/>
      <trkpt lat="40.683368" lon="-121.409290"/>
      <trkpt lat="40.683433" lon="-121.409199"/>
      <trkpt lat="40.683496" lon="-121.409089"/>
      <trkpt lat="40.683551" lon="-121.408939"/>
      <trkpt lat="40.683677" lon="-121.408440"/>
      <trkpt lat="40.683722" lon="-121.408322"/>
      <trkpt lat="40.683726" lon="-121.408150"/>
      <trkpt lat="40.683758" lon="-121.408069"/>
      <trkpt lat="40.683754" lon="-121.407981"/>
      <trkpt lat="40.683793" lon="-121.407890"/>
      <trkpt lat="40.683854" lon="-121.407801"/>
      <trkpt lat="40.683939" lon="-121.407710"/>
      <trkpt lat="40.683988" lon="-121.407625"/>
      <trkpt lat="40.684035" lon="-121.407455"/>
      <trkpt lat="40.684092" lon="-121.407198"/>
      <trkpt lat="40.684147" lon="-121.407106"/>
      <trkpt lat="40.684222" lon="-121.407048"/>
      <trkpt lat="40.684285" lon="-121.406978"/>
      <trkpt lat="40.684352" lon="-121.406870"/>
      <trkpt lat="40.684403" lon="-121.406777"/>
      <trkpt lat="40.684499" lon="-121.406685"/>
      <trkpt lat="40.684647" lon="-121.406581"/>
      <trkpt lat="40.684781" lon="-121.406527"/>
      <trkpt lat="40.685103" lon="-121.406296"/>
      <trkpt lat="40.685182" lon="-121.406245"/>
      <trkpt lat="40.685261" lon="-121.406216"/>
      <trkpt lat="40.685349" lon="-121.406203"/>
      <trkpt lat="40.685420" lon="-121.406208"/>
      <trkpt lat="40.685511" lon="-121.406227"/>
      <trkpt lat="40.685590" lon="-121.406255"/>
      <trkpt lat="40.685629" lon="-121.406245"/>
      <trkpt lat="40.685666" lon="-121.406213"/>
      <trkpt lat="40.685703" lon="-121.406138"/>
      <trkpt lat="40.685719" lon="-121.406066"/>
      <trkpt lat="40.685703" lon="-121.405814"/>
      <trkpt lat="40.685727" lon="-121.405637"/>
      <trkpt lat="40.685760" lon="-121.405540"/>
      <trkpt lat="40.685802" lon="-121.405452"/>
      <trkpt lat="40.685865" lon="-121.405384"/>
      <trkpt lat="40.685916" lon="-121.405347"/>
      <trkpt lat="40.685987" lon="-121.405326"/>
      <trkpt lat="40.686075" lon="-121.405331"/>
      <trkpt lat="40.686148" lon="-121.405358"/>
      <trkpt lat="40.686203" lon="-121.405358"/>
      <trkpt lat="40.686282" lon="-121.405336"/>
      <trkpt lat="40.686377" lon="-121.405342"/>
      <trkpt lat="40.686431" lon="-121.405323"/>
      <trkpt lat="40.686465" lon="-121.405272"/>
      <trkpt lat="40.686492" lon="-121.405216"/>
      <trkpt lat="40.686549" lon="-121.405146"/>
      <trkpt lat="40.686634" lon="-121.405095"/>
      <trkpt lat="40.686722" lon="-121.405028"/>
      <trkpt lat="40.686797" lon="-121.404988"/>
      <trkpt lat="40.686866" lon="-121.404988"/>
      <trkpt lat="40.686947" lon="-121.404996"/>
      <trkpt lat="40.687085" lon="-121.405000"/>
      <trkpt lat="40.687145" lon="-121.405009"/>
      <trkpt lat="40.687250" lon="-121.404942"/>
      <trkpt lat="40.687333" lon="-121.404807"/>
      <trkpt lat="40.687417" lon="-121.404695"/>
      <trkpt lat="40.687527" lon="-121.404593"/>
      <trkpt lat="40.687675" lon="-121.404505"/>
      <trkpt lat="40.687735" lon="-121.404448"/>
      <trkpt lat="40.687832" lon="-121.404293"/>
      <trkpt lat="40.687885" lon="-121.404148"/>
      <trkpt lat="40.688064" lon="-121.403807"/>
      <trkpt lat="40.688127" lon="-121.403727"/>
      <trkpt lat="40.688239" lon="-121.403706"/>
      <trkpt lat="40.688473" lon="-121.403644"/>
      <trkpt lat="40.688572" lon="-121.403623"/>
      <trkpt lat="40.688774" lon="-121.403660"/>
      <trkpt lat="40.689101" lon="-121.403655"/>
      <trkpt lat="40.689301" lon="-121.403502"/>
      <trkpt lat="40.689479" lon="-121.403252"/>
      <trkpt lat="40.689610" lon="-121.403027"/>
      <trkpt lat="40.689683" lon="-121.402807"/>
      <trkpt lat="40.689746" lon="-121.402536"/>
      <trkpt lat="40.689765" lon="-121.402318"/>
      <trkpt lat="40.689742" lon="-121.402140"/>
      <trkpt lat="40.689660" lon="-121.401962"/>
      <trkpt lat="40.689347" lon="-121.401809"/>
      <trkpt lat="40.689218" lon="-121.401708"/>
      <trkpt lat="40.689146" lon="-121.401570"/>
      <trkpt lat="40.689103" lon="-121.401409"/>
      <trkpt lat="40.689103" lon="-121.401275"/>
      <trkpt lat="40.689140" lon="-121.401163"/>
      <trkpt lat="40.689193" lon="-121.401072"/>
      <trkpt lat="40.689317" lon="-121.401010"/>
      <trkpt lat="40.689583" lon="-121.400994"/>
      <trkpt lat="40.689787" lon="-121.400991"/>
      <trkpt lat="40.690433" lon="-121.400962"/>
      <trkpt lat="40.690806" lon="-121.400916"/>
      <trkpt lat="40.691005" lon="-121.400865"/>
      <trkpt lat="40.691501" lon="-121.400790"/>
      <trkpt lat="40.691619" lon="-121.400777"/>
      <trkpt lat="40.691715" lon="-121.400785"/>
      <trkpt lat="40.691814" lon="-121.400854"/>
      <trkpt lat="40.691906" lon="-121.400946"/>
      <trkpt lat="40.692001" lon="-121.401058"/>
      <trkpt lat="40.692064" lon="-121.401214"/>
      <trkpt lat="40.692087" lon="-121.401436"/>
      <trkpt lat="40.692101" lon="-121.401646"/>
      <trkpt lat="40.692231" lon="-121.402402"/>
      <trkpt lat="40.692304" lon="-121.402737"/>
      <trkpt lat="40.692382" lon="-121.402909"/>
      <trkpt lat="40.692459" lon="-121.403035"/>
      <trkpt lat="40.692742" lon="-121.403325"/>
      <trkpt lat="40.692819" lon="-121.403386"/>
      <trkpt lat="40.692892" lon="-121.403410"/>
      <trkpt lat="40.693004" lon="-121.403426"/>
      <trkpt lat="40.693091" lon="-121.403421"/>
      <trkpt lat="40.693236" lon="-121.403378"/>
      <trkpt lat="40.693496" lon="-121.403311"/>
      <trkpt lat="40.693805" lon="-121.403185"/>
      <trkpt lat="40.694120" lon="-121.403000"/>
      <trkpt lat="40.694198" lon="-121.402960"/>
      <trkpt lat="40.694283" lon="-121.402828"/>
      <trkpt lat="40.694448" lon="-121.402641"/>
      <trkpt lat="40.694580" lon="-121.402531"/>
      <trkpt lat="40.694684" lon="-121.402397"/>
      <trkpt lat="40.694743" lon="-121.402303"/>
      <trkpt lat="40.694796" lon="-121.402107"/>
      <trkpt lat="40.694869" lon="-121.401785"/>
      <trkpt lat="40.694910" lon="-121.401576"/>
      <trkpt lat="40.694938" lon="-121.401487"/>
      <trkpt lat="40.695005" lon="-121.401434"/>
      <trkpt lat="40.695105" lon="-121.401377"/>
      <trkpt lat="40.695196" lon="-121.401380"/>
      <trkpt lat="40.695410" lon="-121.401356"/>
      <trkpt lat="40.695512" lon="-121.401383"/>
      <trkpt lat="40.695577" lon="-121.401383"/>
      <trkpt lat="40.695705" lon="-121.401345"/>
      <trkpt lat="40.695821" lon="-121.401356"/>
      <trkpt lat="40.696030" lon="-121.401463"/>
      <trkpt lat="40.696101" lon="-121.401482"/>
      <trkpt lat="40.696187" lon="-121.401562"/>
      <trkpt lat="40.696250" lon="-121.401643"/>
      <trkpt lat="40.696276" lon="-121.401788"/>
      <trkpt lat="40.696317" lon="-121.401879"/>
      <trkpt lat="40.696339" lon="-121.401976"/>
      <trkpt lat="40.696339" lon="-121.402080"/>
      <trkpt lat="40.696327" lon="-121.402190"/>
      <trkpt lat="40.696309" lon="-121.402246"/>
      <trkpt lat="40.696274" lon="-121.402271"/>
      <trkpt lat="40.696244" lon="-121.402305"/>
      <trkpt lat="40.696227" lon="-121.402348"/>
      <trkpt lat="40.696230" lon="-121.402400"/>
      <trkpt lat="40.696258" lon="-121.402464"/>
      <trkpt lat="40.696294" lon="-121.402576"/>
      <trkpt lat="40.696339" lon="-121.402807"/>
      <trkpt lat="40.696339" lon="-121.402879"/>
      <trkpt lat="40.696303" lon="-121.402957"/>
      <trkpt lat="40.696288" lon="-121.403228"/>
      <trkpt lat="40.696331" lon="-121.403325"/>
      <trkpt lat="40.696335" lon="-121.403400"/>
      <trkpt lat="40.696390" lon="-121.403633"/>
      <trkpt lat="40.696480" lon="-121.403813"/>
      <trkpt lat="40.696542" lon="-121.403976"/>
      <trkpt lat="40.696563" lon="-121.404089"/>
      <trkpt lat="40.696615" lon="-121.404233"/>
      <trkpt lat="40.696667" lon="-121.404293"/>
      <trkpt lat="40.696795" lon="-121.404341"/>
      <trkpt lat="40.696943" lon="-121.404357"/>
      <trkpt lat="40.697057" lon="-121.404427"/>
      <trkpt lat="40.697112" lon="-121.404548"/>
      <trkpt lat="40.697171" lon="-121.404647"/>
      <trkpt lat="40.697234" lon="-121.404730"/>
      <trkpt lat="40.697422" lon="-121.404800"/>
      <trkpt lat="40.697482" lon="-121.404870"/>
      <trkpt lat="40.697578" lon="-121.405004"/>
      <trkpt lat="40.697665" lon="-121.404996"/>
      <trkpt lat="40.697744" lon="-121.404923"/>
      <trkpt lat="40.697773" lon="-121.404929"/>
      <trkpt lat="40.697850" lon="-121.404996"/>
      <trkpt lat="40.698033" lon="-121.404963"/>
      <trkpt lat="40.698135" lon="-121.404963"/>
      <trkpt lat="40.698169" lon="-121.404990"/>
      <trkpt lat="40.698222" lon="-121.404990"/>
      <trkpt lat="40.698285" lon="-121.405039"/>
      <trkpt lat="40.698379" lon="-121.405124"/>
      <trkpt lat="40.698466" lon="-121.405221"/>
      <trkpt lat="40.698527" lon="-121.405303"/>
      <trkpt lat="40.698572" lon="-121.405344"/>
      <trkpt lat="40.698639" lon="-121.405326"/>
      <trkpt lat="40.698700" lon="-121.405320"/>
      <trkpt lat="40.698904" lon="-121.405411"/>
      <trkpt lat="40.698954" lon="-121.405401"/>
      <trkpt lat="40.699013" lon="-121.405411"/>
      <trkpt lat="40.699084" lon="-121.405457"/>
      <trkpt lat="40.699129" lon="-121.405521"/>
      <trkpt lat="40.699174" lon="-121.405564"/>
      <trkpt lat="40.699276" lon="-121.405580"/>
      <trkpt lat="40.699329" lon="-121.405621"/>
      <trkpt lat="40.699396" lon="-121.405755"/>
      <trkpt lat="40.699457" lon="-121.405852"/>
      <trkpt lat="40.699499" lon="-121.405886"/>
      <trkpt lat="40.699585" lon="-121.405870"/>
      <trkpt lat="40.699650" lon="-121.405897"/>
      <trkpt lat="40.699723" lon="-121.405905"/>
      <trkpt lat="40.699786" lon="-121.405894"/>
      <trkpt lat="40.699818" lon="-121.405846"/>
      <trkpt lat="40.699906" lon="-121.405773"/>
      <trkpt lat="40.699951" lon="-121.405760"/>
      <trkpt lat="40.700030" lon="-121.405768"/>
      <trkpt lat="40.700085" lon="-121.405765"/>
      <trkpt lat="40.700148" lon="-121.405725"/>
      <trkpt lat="40.700201" lon="-121.405722"/>
      <trkpt lat="40.700270" lon="-121.405790"/>
      <trkpt lat="40.700292" lon="-121.405816"/>
      <trkpt lat="40.700329" lon="-121.405808"/>
      <trkpt lat="40.700370" lon="-121.405792"/>
      <trkpt lat="40.700410" lon="-121.405790"/>
      <trkpt lat="40.700465" lon="-121.405835"/>
      <trkpt lat="40.700545" lon="-121.405868"/>
      <trkpt lat="40.700668" lon="-121.405854"/>
      <trkpt lat="40.700701" lon="-121.405824"/>
      <trkpt lat="40.700742" lon="-121.405798"/>
      <trkpt lat="40.700832" lon="-121.405818"/>
      <trkpt lat="40.700894" lon="-121.405867"/>
      <trkpt lat="40.700941" lon="-121.405934"/>
      <trkpt lat="40.701057" lon="-121.405958"/>
      <trkpt lat="40.701140" lon="-121.405996"/>
      <trkpt lat="40.701238" lon="-121.405985"/>
      <trkpt lat="40.701270" lon="-121.405953"/>
      <trkpt lat="40.701338" lon="-121.405977"/>
      <trkpt lat="40.701489" lon="-121.405993"/>
      <trkpt lat="40.701587" lon="-121.406060"/>
      <trkpt lat="40.701801" lon="-121.406106"/>
      <trkpt lat="40.701822" lon="-121.406101"/>
      <trkpt lat="40.701836" lon="-121.406056"/>
      <trkpt lat="40.701968" lon="-121.406069"/>
    </trkseg>
    <trkseg>
      <trkpt lat="40.561005" lon="-121.438424"/>
      <trkpt lat="40.561030" lon="-121.438561"/>
      <trkpt lat="40.561192" lon="-121.438851"/>
      <trkpt lat="40.561250" lon="-121.439025"/>
      <trkpt lat="40.561258" lon="-121.439352"/>
      <trkpt lat="40.561290" lon="-121.439588"/>
      <trkpt lat="40.561368" lon="-121.439717"/>
      <trkpt lat="40.561518" lon="-121.439805"/>
      <trkpt lat="40.561629" lon="-121.439899"/>
      <trkpt lat="40.561755" lon="-121.440033"/>
      <trkpt lat="40.561993" lon="-121.440372"/>
      <trkpt lat="40.562142" lon="-121.440823"/>
      <trkpt lat="40.562180" lon="-121.441268"/>
      <trkpt lat="40.562297" lon="-121.441508"/>
      <trkpt lat="40.562619" lon="-121.442104"/>
      <trkpt lat="40.562794" lon="-121.442296"/>
      <trkpt lat="40.562917" lon="-121.442592"/>
      <trkpt lat="40.562941" lon="-121.442737"/>
      <trkpt lat="40.563047" lon="-121.442914"/>
      <trkpt lat="40.563185" lon="-121.443112"/>
      <trkpt lat="40.563292" lon="-121.443218"/>
      <trkpt lat="40.563626" lon="-121.443670"/>
      <trkpt lat="40.563658" lon="-121.443804"/>
      <trkpt lat="40.563679" lon="-121.444834"/>
      <trkpt lat="40.563642" lon="-121.445258"/>
      <trkpt lat="40.563707" lon="-121.445451"/>
      <trkpt lat="40.563719" lon="-121.445591"/>
      <trkpt lat="40.563801" lon="-121.445789"/>
      <trkpt lat="40.563829" lon="-121.445934"/>
      <trkpt lat="40.563813" lon="-121.446047"/>
      <trkpt lat="40.563821" lon="-121.446127"/>
      <trkpt lat="40.563854" lon="-121.446213"/>
      <trkpt lat="40.563923" lon="-121.446304"/>
      <trkpt lat="40.564000" lon="-121.446444"/>
      <trkpt lat="40.564070" lon="-121.446658"/>
      <trkpt lat="40.564221" lon="-121.446911"/>
      <trkpt lat="40.564380" lon="-121.447077"/>
      <trkpt lat="40.564481" lon="-121.447232"/>
      <trkpt lat="40.564571" lon="-121.447485"/>
      <trkpt lat="40.564693" lon="-121.447742"/>
      <trkpt lat="40.564730" lon="-121.447941"/>
      <trkpt lat="40.564795" lon="-121.448203"/>
      <trkpt lat="40.564860" lon="-121.448289"/>
      <trkpt lat="40.564934" lon="-121.448439"/>
      <trkpt lat="40.564995" lon="-121.448649"/>
      <trkpt lat="40.565007" lon="-121.448783"/>
      <trkpt lat="40.565007" lon="-121.448960"/>
      <trkpt lat="40.565056" lon="-121.449094"/>
      <trkpt lat="40.565093" lon="-121.449276"/>
      <trkpt lat="40.565113" lon="-121.449485"/>
      <trkpt lat="40.565121" lon="-121.449759"/>
      <trkpt lat="40.565109" lon="-121.450038"/>
      <trkpt lat="40.565162" lon="-121.450210"/>
      <trkpt lat="40.565194" lon="-121.450397"/>
      <trkpt lat="40.565247" lon="-121.450741"/>
      <trkpt lat="40.565272" lon="-121.451009"/>
      <trkpt lat="40.565292" lon="-121.451089"/>
      <trkpt lat="40.565341" lon="-121.451165"/>
      <trkpt lat="40.565398" lon="-121.451197"/>
      <trkpt lat="40.565476" lon="-121.451213"/>
      <trkpt lat="40.565557" lon="-121.451320"/>
      <trkpt lat="40.565627" lon="-121.451433"/>
      <trkpt lat="40.565655" lon="-121.451535"/>
      <trkpt lat="40.565647" lon="-121.451728"/>
      <trkpt lat="40.565663" lon="-121.451857"/>
      <trkpt lat="40.565724" lon="-121.452033"/>
      <trkpt lat="40.565790" lon="-121.452827"/>
      <trkpt lat="40.565850" lon="-121.453202"/>
      <trkpt lat="40.565965" lon="-121.453605"/>
      <trkpt lat="40.566155" lon="-121.454198"/>
      <trkpt lat="40.566319" lon="-121.454517"/>
      <trkpt lat="40.566572" lon="-121.454902"/>
      <trkpt lat="40.566632" lon="-121.455105"/>
      <trkpt lat="40.566710" lon="-121.455510"/>
      <trkpt lat="40.566698" lon="-121.455966"/>
      <trkpt lat="40.566674" lon="-121.456234"/>
      <trkpt lat="40.566682" lon="-121.456330"/>
      <trkpt lat="40.566727" lon="-121.456411"/>
      <trkpt lat="40.566812" lon="-121.456502"/>
      <trkpt lat="40.566902" lon="-121.456583"/>
      <trkpt lat="40.567110" lon="-121.456668"/>
      <trkpt lat="40.567440" lon="-121.456781"/>
      <trkpt lat="40.567733" lon="-121.456856"/>
      <trkpt lat="40.567925" lon="-121.456942"/>
      <trkpt lat="40.568067" lon="-121.457017"/>
      <trkpt lat="40.568186" lon="-121.456996"/>
      <trkpt lat="40.568406" lon="-121.456920"/>
      <trkpt lat="40.568463" lon="-121.456888"/>
      <trkpt lat="40.568483" lon="-121.456926"/>
      <trkpt lat="40.568343" lon="-121.457098"/>
      <trkpt lat="40.568353" lon="-121.457189"/>
      <trkpt lat="40.568385" lon="-121.457257"/>
      <trkpt lat="40.568450" lon="-121.457253"/>
      <trkpt lat="40.568483" lon="-121.457156"/>
      <trkpt lat="40.568650" lon="-121.457006"/>
      <trkpt lat="40.568935" lon="-121.456760"/>
      <trkpt lat="40.569123" lon="-121.456556"/>
      <trkpt lat="40.569123" lon="-121.456448"/>
      <trkpt lat="40.569168" lon="-121.456341"/>
      <trkpt lat="40.569233" lon="-121.456325"/>
      <trkpt lat="40.569327" lon="-121.456325"/>
      <trkpt lat="40.569437" lon="-121.456314"/>
      <trkpt lat="40.569490" lon="-121.456384"/>
      <trkpt lat="40.569547" lon="-121.456481"/>
      <trkpt lat="40.569669" lon="-121.456577"/>
      <trkpt lat="40.569828" lon="-121.456626"/>
      <trkpt lat="40.569966" lon="-121.456626"/>
      <trkpt lat="40.570231" lon="-121.456609"/>
      <trkpt lat="40.570296" lon="-121.456652"/>
      <trkpt lat="40.570415" lon="-121.456797"/>
      <trkpt lat="40.570550" lon="-121.456893"/>
      <trkpt lat="40.570606" lon="-121.456969"/>
      <trkpt lat="40.570606" lon="-121.457092"/>
      <trkpt lat="40.570627" lon="-121.457178"/>
      <trkpt lat="40.570671" lon="-121.457264"/>
      <trkpt lat="40.570765" lon="-121.457334"/>
      <trkpt lat="40.570879" lon="-121.457355"/>
      <trkpt lat="40.571030" lon="-121.457372"/>
      <trkpt lat="40.571152" lon="-121.457540"/>
      <trkpt lat="40.571201" lon="-121.457655"/>
      <trkpt lat="40.571205" lon="-121.457827"/>
      <trkpt lat="40.571234" lon="-121.457961"/>
      <trkpt lat="40.571466" lon="-121.458272"/>
      <trkpt lat="40.571678" lon="-121.458519"/>
      <trkpt lat="40.571796" lon="-121.458632"/>
      <trkpt lat="40.571902" lon="-121.458771"/>
      <trkpt lat="40.571979" lon="-121.458895"/>
      <trkpt lat="40.572155" lon="-121.459102"/>
      <trkpt lat="40.572375" lon="-121.459292"/>
      <trkpt lat="40.572497" lon="-121.459324"/>
      <trkpt lat="40.572729" lon="-121.459495"/>
      <trkpt lat="40.572835" lon="-121.459549"/>
      <trkpt lat="40.572915" lon="-121.459552"/>
      <trkpt lat="40.572974" lon="-121.459520"/>
      <trkpt lat="40.573051" lon="-121.459466"/>
      <trkpt lat="40.573157" lon="-121.459437"/>
      <trkpt lat="40.573278" lon="-121.459399"/>
      <trkpt lat="40.573312" lon="-121.459375"/>
      <trkpt lat="40.573348" lon="-121.459356"/>
      <trkpt lat="40.573401" lon="-121.459353"/>
      <trkpt lat="40.573547" lon="-121.459397"/>
      <trkpt lat="40.573696" lon="-121.459458"/>
      <trkpt lat="40.573779" lon="-121.459471"/>
      <trkpt lat="40.573921" lon="-121.459503"/>
      <trkpt lat="40.573979" lon="-121.459510"/>
      <trkpt lat="40.574039" lon="-121.459508"/>
      <trkpt lat="40.574078" lon="-121.459489"/>
      <trkpt lat="40.574119" lon="-121.459428"/>
      <trkpt lat="40.574175" lon="-121.459297"/>
      <trkpt lat="40.574206" lon="-121.459255"/>
      <trkpt lat="40.574250" lon="-121.459247"/>
      <trkpt lat="40.574304" lon="-121.459257"/>
      <trkpt lat="40.574448" lon="-121.459345"/>
      <trkpt lat="40.574554" lon="-121.459418"/>
      <trkpt lat="40.574637" lon="-121.459461"/>
      <trkpt lat="40.574713" lon="-121.459521"/>
      <trkpt lat="40.574792" lon="-121.459631"/>
      <trkpt lat="40.575031" lon="-121.460102"/>
      <trkpt lat="40.575109" lon="-121.460295"/>
      <trkpt lat="40.575153" lon="-121.460456"/>
      <trkpt lat="40.575215" lon="-121.460520"/>
      <trkpt lat="40.575382" lon="-121.460654"/>
      <trkpt lat="40.575561" lon="-121.460826"/>
      <trkpt lat="40.575753" lon="-121.461153"/>
      <trkpt lat="40.575915" lon="-121.461298"/>
      <trkpt lat="40.576111" lon="-121.461378"/>
      <trkpt lat="40.576241" lon="-121.461475"/>
      <trkpt lat="40.576392" lon="-121.461572"/>
      <trkpt lat="40.576539" lon="-121.461824"/>
      <trkpt lat="40.576760" lon="-121.462127"/>
      <trkpt lat="40.576878" lon="-121.462308"/>
      <trkpt lat="40.576954" lon="-121.462414"/>
      <trkpt lat="40.576954" lon="-121.462467"/>
      <trkpt lat="40.576995" lon="-121.462634"/>
      <trkpt lat="40.577087" lon="-121.462877"/>
      <trkpt lat="40.577252" lon="-121.463106"/>
      <trkpt lat="40.577312" lon="-121.463210"/>
      <trkpt lat="40.577374" lon="-121.463304"/>
      <trkpt lat="40.577480" lon="-121.463342"/>
      <trkpt lat="40.577570" lon="-121.463293"/>
      <trkpt lat="40.577676" lon="-121.463224"/>
      <trkpt lat="40.577802" lon="-121.463170"/>
      <trkpt lat="40.577928" lon="-121.463154"/>
      <trkpt lat="40.578018" lon="-121.463154"/>
      <trkpt lat="40.578108" lon="-121.463175"/>
      <trkpt lat="40.578234" lon="-121.463154"/>
      <trkpt lat="40.578454" lon="-121.463165"/>
      <trkpt lat="40.578592" lon="-121.463159"/>
      <trkpt lat="40.578764" lon="-121.463213"/>
      <trkpt lat="40.578988" lon="-121.463245"/>
      <trkpt lat="40.579106" lon="-121.463234"/>
      <trkpt lat="40.579273" lon="-121.463154"/>
      <trkpt lat="40.579371" lon="-121.463143"/>
      <trkpt lat="40.579481" lon="-121.463149"/>
      <trkpt lat="40.579615" lon="-121.463197"/>
      <trkpt lat="40.579770" lon="-121.463272"/>
      <trkpt lat="40.579965" lon="-121.463283"/>
      <trkpt lat="40.580153" lon="-121.463181"/>
      <trkpt lat="40.580320" lon="-121.463175"/>
      <trkpt lat="40.580532" lon="-121.463138"/>
      <trkpt lat="40.580735" lon="-121.463084"/>
      <trkpt lat="40.580931" lon="-121.463025"/>
      <trkpt lat="40.580980" lon="-121.463052"/>
      <trkpt lat="40.581151" lon="-121.463165"/>
      <trkpt lat="40.581367" lon="-121.463224"/>
      <trkpt lat="40.581514" lon="-121.463283"/>
      <trkpt lat="40.581624" lon="-121.463449"/>
      <trkpt lat="40.581717" lon="-121.463524"/>
      <trkpt lat="40.581803" lon="-121.463552"/>
      <trkpt lat="40.581941" lon="-121.463605"/>
      <trkpt lat="40.582096" lon="-121.463605"/>
      <trkpt lat="40.582528" lon="-121.463369"/>
      <trkpt lat="40.582748" lon="-121.463165"/>
      <trkpt lat="40.582993" lon="-121.462907"/>
      <trkpt lat="40.583107" lon="-121.462795"/>
      <trkpt lat="40.583229" lon="-121.462741"/>
      <trkpt lat="40.583359" lon="-121.462714"/>
      <trkpt lat="40.583571" lon="-121.462719"/>
      <trkpt lat="40.583775" lon="-121.462634"/>
      <trkpt lat="40.583860" lon="-121.462617"/>
      <trkpt lat="40.583942" lon="-121.462634"/>
      <trkpt lat="40.584048" lon="-121.462677"/>
      <trkpt lat="40.584194" lon="-121.462698"/>
      <trkpt lat="40.584341" lon="-121.462617"/>
      <trkpt lat="40.584467" lon="-121.462483"/>
      <trkpt lat="40.584573" lon="-121.462398"/>
      <trkpt lat="40.584748" lon="-121.462398"/>
      <trkpt lat="40.584854" lon="-121.462440"/>
      <trkpt lat="40.584944" lon="-121.462419"/>
      <trkpt lat="40.585070" lon="-121.462317"/>
      <trkpt lat="40.585144" lon="-121.462296"/>
      <trkpt lat="40.585229" lon="-121.462328"/>
      <trkpt lat="40.585364" lon="-121.462360"/>
      <trkpt lat="40.585425" lon="-121.462344"/>
      <trkpt lat="40.585596" lon="-121.462221"/>
      <trkpt lat="40.585673" lon="-121.462221"/>
      <trkpt lat="40.585759" lon="-121.462296"/>
      <trkpt lat="40.585966" lon="-121.462408"/>
      <trkpt lat="40.586085" lon="-121.462500"/>
      <trkpt lat="40.586172" lon="-121.462537"/>
      <trkpt lat="40.586358" lon="-121.462548"/>
      <trkpt lat="40.586504" lon="-121.462585"/>
      <trkpt lat="40.586679" lon="-121.462585"/>
      <trkpt lat="40.586785" lon="-121.462559"/>
      <trkpt lat="40.586940" lon="-121.462505"/>
      <trkpt lat="40.587136" lon="-121.462478"/>
      <trkpt lat="40.587242" lon="-121.462473"/>
      <trkpt lat="40.587352" lon="-121.462494"/>
      <trkpt lat="40.587417" lon="-121.462607"/>
      <trkpt lat="40.587498" lon="-121.462601"/>
      <trkpt lat="40.587641" lon="-121.462687"/>
      <trkpt lat="40.587787" lon="-121.462709"/>
      <trkpt lat="40.587910" lon="-121.462682"/>
      <trkpt lat="40.588048" lon="-121.462768"/>
      <trkpt lat="40.588305" lon="-121.462892"/>
      <trkpt lat="40.588448" lon="-121.462977"/>
      <trkpt lat="40.588574" lon="-121.463127"/>
      <trkpt lat="40.588787" lon="-121.463468"/>
      <trkpt lat="40.588810" lon="-121.463647"/>
      <trkpt lat="40.588863" lon="-121.463776"/>
      <trkpt lat="40.589050" lon="-121.463975"/>
      <trkpt lat="40.589344" lon="-121.464270"/>
      <trkpt lat="40.589490" lon="-121.464409"/>
      <trkpt lat="40.589641" lon="-121.464608"/>
      <trkpt lat="40.589735" lon="-121.464710"/>
      <trkpt lat="40.589837" lon="-121.464763"/>
      <trkpt lat="40.589955" lon="-121.464758"/>
      <trkpt lat="40.590073" lon="-121.464774"/>
      <trkpt lat="40.590179" lon="-121.464828"/>
      <trkpt lat="40.590460" lon="-121.465115"/>
      <trkpt lat="40.590708" lon="-121.465139"/>
      <trkpt lat="40.590810" lon="-121.465192"/>
      <trkpt lat="40.591014" lon="-121.465412"/>
      <trkpt lat="40.591165" lon="-121.465632"/>
      <trkpt lat="40.591254" lon="-121.465745"/>
      <trkpt lat="40.591425" lon="-121.465804"/>
      <trkpt lat="40.591649" lon="-121.465841"/>
      <trkpt lat="40.591861" lon="-121.465933"/>
      <trkpt lat="40.592065" lon="-121.466035"/>
      <trkpt lat="40.592211" lon="-121.466185"/>
      <trkpt lat="40.592460" lon="-121.466469"/>
      <trkpt lat="40.592590" lon="-121.466507"/>
      <trkpt lat="40.592937" lon="-121.466847"/>
      <trkpt lat="40.593263" lon="-121.466888"/>
      <trkpt lat="40.593352" lon="-121.466979"/>
      <trkpt lat="40.593462" lon="-121.467043"/>
      <trkpt lat="40.593601" lon="-121.467140"/>
      <trkpt lat="40.593760" lon="-121.467170"/>
      <trkpt lat="40.594216" lon="-121.467338"/>
      <trkpt lat="40.594415" lon="-121.467424"/>
      <trkpt lat="40.594586" lon="-121.467462"/>
      <trkpt lat="40.594823" lon="-121.467456"/>
      <trkpt lat="40.595507" lon="-121.467413"/>
      <trkpt lat="40.595837" lon="-121.467381"/>
      <trkpt lat="40.596358" lon="-121.467322"/>
      <trkpt lat="40.596892" lon="-121.467317"/>
      <trkpt lat="40.597393" lon="-121.467333"/>
      <trkpt lat="40.597996" lon="-121.467301"/>
      <trkpt lat="40.598379" lon="-121.467306"/>
      <trkpt lat="40.598599" lon="-121.467295"/>
      <trkpt lat="40.598774" lon="-121.467381"/>
      <trkpt lat="40.598912" lon="-121.467580"/>
      <trkpt lat="40.599075" lon="-121.467692"/>
      <trkpt lat="40.599279" lon="-121.467751"/>
      <trkpt lat="40.599735" lon="-121.467687"/>
      <trkpt lat="40.600000" lon="-121.467660"/>
      <trkpt lat="40.600309" lon="-121.467681"/>
      <trkpt lat="40.600419" lon="-121.467751"/>
      <trkpt lat="40.600521" lon="-121.467939"/>
      <trkpt lat="40.600680" lon="-121.468030"/>
      <trkpt lat="40.600831" lon="-121.468170"/>
      <trkpt lat="40.600965" lon="-121.468443"/>
      <trkpt lat="40.601010" lon="-121.468674"/>
      <trkpt lat="40.601030" lon="-121.468889"/>
      <trkpt lat="40.600997" lon="-121.469200"/>
      <trkpt lat="40.600912" lon="-121.469532"/>
      <trkpt lat="40.600892" lon="-121.469956"/>
      <trkpt lat="40.600949" lon="-121.470106"/>
      <trkpt lat="40.601165" lon="-121.470385"/>
      <trkpt lat="40.601234" lon="-121.470618"/>
      <trkpt lat="40.601588" lon="-121.470947"/>
      <trkpt lat="40.601727" lon="-121.470959"/>
      <trkpt lat="40.602020" lon="-121.470965"/>
      <trkpt lat="40.602199" lon="-121.470916"/>
      <trkpt lat="40.602370" lon="-121.470949"/>
      <trkpt lat="40.602484" lon="-121.471056"/>
      <trkpt lat="40.602610" lon="-121.471206"/>
      <trkpt lat="40.602787" lon="-121.471312"/>
      <trkpt lat="40.602962" lon="-121.471295"/>
      <trkpt lat="40.603117" lon="-121.471367"/>
      <trkpt lat="40.603400" lon="-121.471646"/>
      <trkpt lat="40.603584" lon="-121.471769"/>
      <trkpt lat="40.603690" lon="-121.471882"/>
      <trkpt lat="40.603836" lon="-121.471978"/>
      <trkpt lat="40.603995" lon="-121.471995"/>
      <trkpt lat="40.604187" lon="-121.472037"/>
      <trkpt lat="40.604508" lon="-121.472247"/>
      <trkpt lat="40.604842" lon="-121.472225"/>
      <trkpt lat="40.605017" lon="-121.472247"/>
      <trkpt lat="40.605290" lon="-121.472241"/>
      <trkpt lat="40.605445" lon="-121.472182"/>
      <trkpt lat="40.605600" lon="-121.472096"/>
      <trkpt lat="40.605775" lon="-121.472102"/>
      <trkpt lat="40.606162" lon="-121.472177"/>
      <trkpt lat="40.606476" lon="-121.472279"/>
      <trkpt lat="40.606826" lon="-121.472429"/>
      <trkpt lat="40.607135" lon="-121.472381"/>
      <trkpt lat="40.607441" lon="-121.472300"/>
      <trkpt lat="40.607616" lon="-121.472182"/>
      <trkpt lat="40.607708" lon="-121.472053"/>
      <trkpt lat="40.607730" lon="-121.471871"/>
      <trkpt lat="40.607832" lon="-121.471673"/>
      <trkpt lat="40.608003" lon="-121.471538"/>
      <trkpt lat="40.608239" lon="-121.471367"/>
      <trkpt lat="40.608711" lon="-121.470949"/>
      <trkpt lat="40.608947" lon="-121.470761"/>
      <trkpt lat="40.609043" lon="-121.470558"/>
      <trkpt lat="40.609148" lon="-121.469953"/>
      <trkpt lat="40.609233" lon="-121.469618"/>
      <trkpt lat="40.609326" lon="-121.469312"/>
      <trkpt lat="40.609579" lon="-121.468980"/>
      <trkpt lat="40.609848" lon="-121.468711"/>
      <trkpt lat="40.610019" lon="-121.468685"/>
      <trkpt lat="40.610153" lon="-121.468615"/>
      <trkpt lat="40.610369" lon="-121.468390"/>
      <trkpt lat="40.610552" lon="-121.468052"/>
      <trkpt lat="40.610878" lon="-121.467730"/>
      <trkpt lat="40.611139" lon="-121.467499"/>
      <trkpt lat="40.611660" lon="-121.467102"/>
      <trkpt lat="40.611916" lon="-121.466855"/>
      <trkpt lat="40.612112" lon="-121.466732"/>
      <trkpt lat="40.612209" lon="-121.466737"/>
      <trkpt lat="40.612364" lon="-121.466780"/>
      <trkpt lat="40.612600" lon="-121.466662"/>
      <trkpt lat="40.612725" lon="-121.466614"/>
      <trkpt lat="40.612831" lon="-121.466603"/>
      <trkpt lat="40.612910" lon="-121.466566"/>
      <trkpt lat="40.612997" lon="-121.466483"/>
      <trkpt lat="40.613120" lon="-121.466346"/>
      <trkpt lat="40.613248" lon="-121.466284"/>
      <trkpt lat="40.613427" lon="-121.466287"/>
      <trkpt lat="40.613590" lon="-121.466405"/>
      <trkpt lat="40.613753" lon="-121.466571"/>
      <trkpt lat="40.613989" lon="-121.466668"/>
      <trkpt lat="40.614148" lon="-121.466700"/>
      <trkpt lat="40.614319" lon="-121.466571"/>
      <trkpt lat="40.614563" lon="-121.466555"/>
      <trkpt lat="40.614775" lon="-121.466453"/>
      <trkpt lat="40.615235" lon="-121.466308"/>
      <trkpt lat="40.615329" lon="-121.466212"/>
      <trkpt lat="40.615541" lon="-121.465895"/>
      <trkpt lat="40.615752" lon="-121.465622"/>
      <trkpt lat="40.616155" lon="-121.465230"/>
      <trkpt lat="40.616536" lon="-121.464589"/>
      <trkpt lat="40.616599" lon="-121.464361"/>
      <trkpt lat="40.616709" lon="-121.464066"/>
      <trkpt lat="40.616954" lon="-121.463175"/>
      <trkpt lat="40.617051" lon="-121.462864"/>
      <trkpt lat="40.617125" lon="-121.462671"/>
      <trkpt lat="40.617173" lon="-121.462424"/>
      <trkpt lat="40.617377" lon="-121.462033"/>
      <trkpt lat="40.617556" lon="-121.461791"/>
      <trkpt lat="40.617878" lon="-121.461572"/>
      <trkpt lat="40.618102" lon="-121.461292"/>
      <trkpt lat="40.618175" lon="-121.461094"/>
      <trkpt lat="40.618159" lon="-121.460751"/>
      <trkpt lat="40.618195" lon="-121.460289"/>
      <trkpt lat="40.618134" lon="-121.459855"/>
      <trkpt lat="40.618065" lon="-121.459672"/>
      <trkpt lat="40.618065" lon="-121.459469"/>
      <trkpt lat="40.618147" lon="-121.459174"/>
      <trkpt lat="40.618175" lon="-121.458820"/>
      <trkpt lat="40.618318" lon="-121.458567"/>
      <trkpt lat="40.618460" lon="-121.457977"/>
      <trkpt lat="40.618586" lon="-121.457500"/>
      <trkpt lat="40.618684" lon="-121.457162"/>
      <trkpt lat="40.618831" lon="-121.457012"/>
      <trkpt lat="40.618973" lon="-121.456947"/>
      <trkpt lat="40.619433" lon="-121.456942"/>
      <trkpt lat="40.619584" lon="-121.456910"/>
      <trkpt lat="40.619747" lon="-121.456776"/>
      <trkpt lat="40.619930" lon="-121.456513"/>
      <trkpt lat="40.620244" lon="-121.455885"/>
      <trkpt lat="40.620309" lon="-121.455660"/>
      <trkpt lat="40.620370" lon="-121.455381"/>
      <trkpt lat="40.620374" lon="-121.455193"/>
      <trkpt lat="40.620342" lon="-121.454892"/>
      <trkpt lat="40.620309" lon="-121.454539"/>
      <trkpt lat="40.620317" lon="-121.454238"/>
      <trkpt lat="40.620460" lon="-121.453902"/>
      <trkpt lat="40.620549" lon="-121.453509"/>
      <trkpt lat="40.620818" lon="-121.453181"/>
      <trkpt lat="40.620993" lon="-121.452929"/>
      <trkpt lat="40.621197" lon="-121.452683"/>
      <trkpt lat="40.621490" lon="-121.452431"/>
      <trkpt lat="40.621738" lon="-121.452232"/>
      <trkpt lat="40.622003" lon="-121.452071"/>
      <trkpt lat="40.622182" lon="-121.451996"/>
      <trkpt lat="40.622670" lon="-121.452082"/>
      <trkpt lat="40.622980" lon="-121.452119"/>
      <trkpt lat="40.623354" lon="-121.452173"/>
      <trkpt lat="40.623749" lon="-121.452205"/>
      <trkpt lat="40.624315" lon="-121.452302"/>
      <trkpt lat="40.624672" lon="-121.452400"/>
      <trkpt lat="40.624824" lon="-121.452457"/>
      <trkpt lat="40.624960" lon="-121.452601"/>
      <trkpt lat="40.626030" lon="-121.453814"/>
      <trkpt lat="40.626445" lon="-121.454383"/>
      <trkpt lat="40.626844" lon="-121.455059"/>
      <trkpt lat="40.627210" lon="-121.455478"/>
      <trkpt lat="40.627398" lon="-121.455799"/>
      <trkpt lat="40.627601" lon="-121.456089"/>
      <trkpt lat="40.627805" lon="-121.456271"/>
      <trkpt lat="40.628057" lon="-121.456314"/>
      <trkpt lat="40.628326" lon="-121.456379"/>
      <trkpt lat="40.628822" lon="-121.456636"/>
      <trkpt lat="40.629466" lon="-121.457269"/>
      <trkpt lat="40.629677" lon="-121.457484"/>
      <trkpt lat="40.629914" lon="-121.457666"/>
      <trkpt lat="40.630125" lon="-121.458085"/>
      <trkpt lat="40.630378" lon="-121.458342"/>
      <trkpt lat="40.630646" lon="-121.458524"/>
      <trkpt lat="40.630874" lon="-121.458750"/>
      <trkpt lat="40.630997" lon="-121.458911"/>
      <trkpt lat="40.631151" lon="-121.459211"/>
      <trkpt lat="40.631322" lon="-121.459554"/>
      <trkpt lat="40.631501" lon="-121.459930"/>
      <trkpt lat="40.631640" lon="-121.460187"/>
      <trkpt lat="40.631803" lon="-121.460445"/>
      <trkpt lat="40.631900" lon="-121.460563"/>
      <trkpt lat="40.632263" lon="-121.460574"/>
      <trkpt lat="40.632474" lon="-121.460504"/>
      <trkpt lat="40.632596" lon="-121.460386"/>
      <trkpt lat="40.632759" lon="-121.460214"/>
      <trkpt lat="40.632857" lon="-121.460139"/>
      <trkpt lat="40.633032" lon="-121.460086"/>
      <trkpt lat="40.633244" lon="-121.460091"/>
      <trkpt lat="40.633769" lon="-121.460316"/>
      <trkpt lat="40.633932" lon="-121.460488"/>
      <trkpt lat="40.634176" lon="-121.460676"/>
      <trkpt lat="40.634298" lon="-121.460794"/>
      <trkpt lat="40.634398" lon="-121.460861"/>
      <trkpt lat="40.634466" lon="-121.460874"/>
      <trkpt lat="40.634560" lon="-121.460968"/>
      <trkpt lat="40.634591" lon="-121.460992"/>
      <trkpt lat="40.634643" lon="-121.461018"/>
      <trkpt lat="40.634670" lon="-121.461014"/>
      <trkpt lat="40.634684" lon="-121.460985"/>
      <trkpt lat="40.634665" lon="-121.460933"/>
      <trkpt lat="40.634566" lon="-121.460823"/>
      <trkpt lat="40.634492" lon="-121.460693"/>
      <trkpt lat="40.634422" lon="-121.460558"/>
      <trkpt lat="40.634393" lon="-121.460496"/>
      <trkpt lat="40.634371" lon="-121.460426"/>
      <trkpt lat="40.634373" lon="-121.460359"/>
      <trkpt lat="40.634409" lon="-121.460287"/>
      <trkpt lat="40.634504" lon="-121.460186"/>
      <trkpt lat="40.634793" lon="-121.459985"/>
      <trkpt lat="40.634856" lon="-121.459937"/>
      <trkpt lat="40.634976" lon="-121.459933"/>
      <trkpt lat="40.635081" lon="-121.459994"/>
      <trkpt lat="40.635238" lon="-121.460040"/>
      <trkpt lat="40.635325" lon="-121.460047"/>
      <trkpt lat="40.635420" lon="-121.460031"/>
      <trkpt lat="40.635621" lon="-121.459910"/>
      <trkpt lat="40.635694" lon="-121.459874"/>
      <trkpt lat="40.635809" lon="-121.459879"/>
      <trkpt lat="40.635993" lon="-121.459857"/>
      <trkpt lat="40.636102" lon="-121.459827"/>
      <trkpt lat="40.636230" lon="-121.459817"/>
      <trkpt lat="40.636745" lon="-121.459874"/>
      <trkpt lat="40.636944" lon="-121.459906"/>
      <trkpt lat="40.637215" lon="-121.459938"/>
      <trkpt lat="40.637484" lon="-121.459906"/>
      <trkpt lat="40.638145" lon="-121.459855"/>
      <trkpt lat="40.638438" lon="-121.459870"/>
      <trkpt lat="40.638501" lon="-121.459847"/>
      <trkpt lat="40.638552" lon="-121.459804"/>
      <trkpt lat="40.638686" lon="-121.459799"/>
      <trkpt lat="40.638951" lon="-121.459799"/>
      <trkpt lat="40.639277" lon="-121.459790"/>
      <trkpt lat="40.639598" lon="-121.459804"/>
      <trkpt lat="40.639918" lon="-121.459850"/>
      <trkpt lat="40.640127" lon="-121.459870"/>
      <trkpt lat="40.640398" lon="-121.459766"/>
      <trkpt lat="40.640789" lon="-121.459734"/>
      <trkpt lat="40.641039" lon="-121.459734"/>
      <trkpt lat="40.642002" lon="-121.459844"/>
      <trkpt lat="40.642297" lon="-121.459884"/>
      <trkpt lat="40.642517" lon="-121.459857"/>
      <trkpt lat="40.642867" lon="-121.459844"/>
      <trkpt lat="40.643046" lon="-121.459782"/>
      <trkpt lat="40.643229" lon="-121.459713"/>
      <trkpt lat="40.643390" lon="-121.459546"/>
      <trkpt lat="40.643471" lon="-121.459361"/>
      <trkpt lat="40.643661" lon="-121.459149"/>
      <trkpt lat="40.643734" lon="-121.458959"/>
      <trkpt lat="40.643775" lon="-121.458747"/>
      <trkpt lat="40.643846" lon="-121.458436"/>
      <trkpt lat="40.643931" lon="-121.458262"/>
      <trkpt lat="40.644015" lon="-121.458122"/>
      <trkpt lat="40.644135" lon="-121.458036"/>
      <trkpt lat="40.644271" lon="-121.458017"/>
      <trkpt lat="40.644379" lon="-121.458063"/>
      <trkpt lat="40.644631" lon="-121.458264"/>
      <trkpt lat="40.644825" lon="-121.458318"/>
      <trkpt lat="40.644961" lon="-121.458388"/>
      <trkpt lat="40.645108" lon="-121.458436"/>
      <trkpt lat="40.645309" lon="-121.458479"/>
      <trkpt lat="40.646247" lon="-121.458921"/>
      <trkpt lat="40.646597" lon="-121.459015"/>
      <trkpt lat="40.646774" lon="-121.459090"/>
      <trkpt lat="40.647104" lon="-121.459155"/>
      <trkpt lat="40.647214" lon="-121.459208"/>
      <trkpt lat="40.647303" lon="-121.459237"/>
      <trkpt lat="40.647458" lon="-121.459328"/>
      <trkpt lat="40.647572" lon="-121.459276"/>
      <trkpt lat="40.647719" lon="-121.459238"/>
      <trkpt lat="40.647881" lon="-121.459165"/>
      <trkpt lat="40.648038" lon="-121.459018"/>
      <trkpt lat="40.648278" lon="-121.458895"/>
      <trkpt lat="40.648430" lon="-121.458778"/>
      <trkpt lat="40.648529" lon="-121.458570"/>
      <trkpt lat="40.648669" lon="-121.458466"/>
      <trkpt lat="40.648915" lon="-121.458358"/>
      <trkpt lat="40.649151" lon="-121.458213"/>
      <trkpt lat="40.649359" lon="-121.458015"/>
      <trkpt lat="40.649897" lon="-121.457460"/>
      <trkpt lat="40.650027" lon="-121.457372"/>
      <trkpt lat="40.650315" lon="-121.457302"/>
      <trkpt lat="40.650500" lon="-121.457153"/>
      <trkpt lat="40.651018" lon="-121.456567"/>
      <trkpt lat="40.651185" lon="-121.456447"/>
      <trkpt lat="40.651385" lon="-121.456025"/>
      <trkpt lat="40.651647" lon="-121.455715"/>
      <trkpt lat="40.652090" lon="-121.455545"/>
      <trkpt lat="40.652412" lon="-121.455303"/>
    </trkseg>
    <trkseg>
      <trkpt lat="40.561042" lon="-121.406498"/>
      <trkpt lat="40.561076" lon="-121.406601"/>
      <trkpt lat="40.561144" lon="-121.406785"/>
      <trkpt lat="40.561178" lon="-121.406932"/>
      <trkpt lat="40.561180" lon="-121.407072"/>
      <trkpt lat="40.561108" lon="-121.407490"/>
      <trkpt lat="40.561111" lon="-121.407691"/>
      <trkpt lat="40.561087" lon="-121.407938"/>
      <trkpt lat="40.561042" lon="-121.408134"/>
      <trkpt lat="40.561015" lon="-121.408271"/>
      <trkpt lat="40.561037" lon="-121.408955"/>
      <trkpt lat="40.561068" lon="-121.409161"/>
      <trkpt lat="40.561074" lon="-121.409301"/>
      <trkpt lat="40.561076" lon="-121.409494"/>
      <trkpt lat="40.561125" lon="-121.409815"/>
      <trkpt lat="40.561138" lon="-121.410089"/>
      <trkpt lat="40.561129" lon="-121.410360"/>
      <trkpt lat="40.561129" lon="-121.410513"/>
      <trkpt lat="40.561079" lon="-121.410773"/>
      <trkpt lat="40.561044" lon="-121.410990"/>
      <trkpt lat="40.561025" lon="-121.411159"/>
      <trkpt lat="40.561021" lon="-121.411334"/>
      <trkpt lat="40.561046" lon="-121.411605"/>
      <trkpt lat="40.561091" lon="-121.411892"/>
      <trkpt lat="40.561087" lon="-121.412058"/>
      <trkpt lat="40.561097" lon="-121.412254"/>
      <trkpt lat="40.561193" lon="-121.412643"/>
      <trkpt lat="40.561220" lon="-121.412843"/>
      <trkpt lat="40.561276" lon="-121.413061"/>
      <trkpt lat="40.561317" lon="-121.413445"/>
      <trkpt lat="40.561356" lon="-121.413619"/>
      <trkpt lat="40.561492" lon="-121.413965"/>
      <trkpt lat="40.561525" lon="-121.414103"/>
      <trkpt lat="40.561563" lon="-121.414193"/>
      <trkpt lat="40.561639" lon="-121.414735"/>
      <trkpt lat="40.561725" lon="-121.415202"/>
      <trkpt lat="40.561775" lon="-121.415317"/>
      <trkpt lat="40.561849" lon="-121.415349"/>
      <trkpt lat="40.561892" lon="-121.415349"/>
      <trkpt lat="40.561938" lon="-121.415357"/>
      <trkpt lat="40.561967" lon="-121.415411"/>
      <trkpt lat="40.561957" lon="-121.415502"/>
      <trkpt lat="40.561951" lon="-121.415598"/>
      <trkpt lat="40.562024" lon="-121.415834"/>
      <trkpt lat="40.562020" lon="-121.415939"/>
      <trkpt lat="40.561971" lon="-121.416183"/>
      <trkpt lat="40.561906" lon="-121.416374"/>
      <trkpt lat="40.561839" lon="-121.416548"/>
      <trkpt lat="40.561761" lon="-121.416792"/>
      <trkpt lat="40.561643" lon="-121.417098"/>
      <trkpt lat="40.561478" lon="-121.417642"/>
      <trkpt lat="40.561459" lon="-121.417736"/>
      <trkpt lat="40.561345" lon="-121.417980"/>
      <trkpt lat="40.561303" lon="-121.418087"/>
      <trkpt lat="40.561307" lon="-121.418450"/>
      <trkpt lat="40.561295" lon="-121.418656"/>
      <trkpt lat="40.561256" lon="-121.418812"/>
      <trkpt lat="40.561213" lon="-121.418924"/>
      <trkpt lat="40.561168" lon="-121.419026"/>
      <trkpt lat="40.561072" lon="-121.419225"/>
      <trkpt lat="40.560995" lon="-121.419356"/>
      <trkpt lat="40.560691" lon="-121.419737"/>
      <trkpt lat="40.560335" lon="-121.420134"/>
      <trkpt lat="40.560157" lon="-121.420354"/>
      <trkpt lat="40.560108" lon="-121.420442"/>
      <trkpt lat="40.560076" lon="-121.420542"/>
      <trkpt lat="40.560055" lon="-121.420654"/>
      <trkpt lat="40.560055" lon="-121.420764"/>
      <trkpt lat="40.560070" lon="-121.420885"/>
      <trkpt lat="40.560113" lon="-121.421003"/>
      <trkpt lat="40.560206" lon="-121.421124"/>
      <trkpt lat="40.560276" lon="-121.421234"/>
      <trkpt lat="40.560557" lon="-121.421612"/>
      <trkpt lat="40.560679" lon="-121.421784"/>
      <trkpt lat="40.560755" lon="-121.421912"/>
      <trkpt lat="40.560818" lon="-121.422148"/>
      <trkpt lat="40.560840" lon="-121.422266"/>
      <trkpt lat="40.560873" lon="-121.422360"/>
      <trkpt lat="40.560944" lon="-121.422457"/>
      <trkpt lat="40.561168" lon="-121.422717"/>
      <trkpt lat="40.561270" lon="-121.422889"/>
      <trkpt lat="40.561347" lon="-121.423055"/>
      <trkpt lat="40.561423" lon="-121.423259"/>
      <trkpt lat="40.561478" lon="-121.423430"/>
      <trkpt lat="40.561486" lon="-121.423605"/>
      <trkpt lat="40.561478" lon="-121.423768"/>
      <trkpt lat="40.561443" lon="-121.423988"/>
      <trkpt lat="40.561429" lon="-121.424147"/>
      <trkpt lat="40.561425" lon="-121.424275"/>
      <trkpt lat="40.561455" lon="-121.424418"/>
      <trkpt lat="40.561490" lon="-121.424664"/>
      <trkpt lat="40.561655" lon="-121.425472"/>
      <trkpt lat="40.561686" lon="-121.425641"/>
      <trkpt lat="40.561731" lon="-121.426000"/>
      <trkpt lat="40.561753" lon="-121.426255"/>
      <trkpt lat="40.561812" lon="-121.426515"/>
      <trkpt lat="40.561945" lon="-121.427014"/>
      <trkpt lat="40.562089" lon="-121.427532"/>
      <trkpt lat="40.562146" lon="-121.427808"/>
      <trkpt lat="40.562185" lon="-121.427977"/>
      <trkpt lat="40.562209" lon="-121.428167"/>
      <trkpt lat="40.562242" lon="-121.428505"/>
      <trkpt lat="40.562289" lon="-121.428768"/>
      <trkpt lat="40.562291" lon="-121.428875"/>
      <trkpt lat="40.562220" lon="-121.429390"/>
      <trkpt lat="40.562222" lon="-121.429562"/>
      <trkpt lat="40.562205" lon="-121.429739"/>
      <trkpt lat="40.562169" lon="-121.429919"/>
      <trkpt lat="40.562103" lon="-121.430147"/>
      <trkpt lat="40.562065" lon="-121.430337"/>
      <trkpt lat="40.562022" lon="-121.430782"/>
      <trkpt lat="40.561995" lon="-121.430967"/>
      <trkpt lat="40.561977" lon="-121.431324"/>
      <trkpt lat="40.561983" lon="-121.431595"/>
      <trkpt lat="40.561979" lon="-121.432145"/>
      <trkpt lat="40.561983" lon="-121.432519"/>
      <trkpt lat="40.561977" lon="-121.432617"/>
      <trkpt lat="40.561914" lon="-121.432789"/>
      <trkpt lat="40.561887" lon="-121.432917"/>
      <trkpt lat="40.561924" lon="-121.433559"/>
      <trkpt lat="40.561915" lon="-121.433878"/>
      <trkpt lat="40.561900" lon="-121.433996"/>
      <trkpt lat="40.561843" lon="-121.434106"/>
      <trkpt lat="40.561639" lon="-121.434363"/>
      <trkpt lat="40.561484" lon="-121.434545"/>
      <trkpt lat="40.561415" lon="-121.434634"/>
      <trkpt lat="40.561298" lon="-121.434709"/>
      <trkpt lat="40.561180" lon="-121.434803"/>
      <trkpt lat="40.561035" lon="-121.435000"/>
      <trkpt lat="40.560949" lon="-121.435208"/>
      <trkpt lat="40.560919" lon="-121.435436"/>
      <trkpt lat="40.560930" lon="-121.435608"/>
      <trkpt lat="40.560954" lon="-121.435785"/>
      <trkpt lat="40.561009" lon="-121.436279"/>
      <trkpt lat="40.561028" lon="-121.436490"/>
      <trkpt lat="40.561021" lon="-121.436646"/>
      <trkpt lat="40.561032" lon="-121.436785"/>
      <trkpt lat="40.561081" lon="-121.436978"/>
      <trkpt lat="40.561075" lon="-121.437360"/>
      <trkpt lat="40.561023" lon="-121.438048"/>
      <trkpt lat="40.561005" lon="-121.438424"/>
    </trkseg>
    <trkseg>
      <trkpt lat="40.547170" lon="-121.365270"/>
      <trkpt lat="40.547930" lon="-121.366312"/>
      <trkpt lat="40.548138" lon="-121.366594"/>
      <trkpt lat="40.548327" lon="-121.366871"/>
      <trkpt lat="40.548499" lon="-121.367179"/>
      <trkpt lat="40.548639" lon="-121.367399"/>
      <trkpt lat="40.548807" lon="-121.367730"/>
      <trkpt lat="40.548933" lon="-121.367871"/>
      <trkpt lat="40.549301" lon="-121.368198"/>
      <trkpt lat="40.549495" lon="-121.368445"/>
      <trkpt lat="40.549591" lon="-121.368585"/>
      <trkpt lat="40.549870" lon="-121.368888"/>
      <trkpt lat="40.550015" lon="-121.369059"/>
      <trkpt lat="40.550386" lon="-121.369582"/>
      <trkpt lat="40.550516" lon="-121.369827"/>
      <trkpt lat="40.550604" lon="-121.370014"/>
      <trkpt lat="40.550703" lon="-121.370203"/>
      <trkpt lat="40.550773" lon="-121.370347"/>
      <trkpt lat="40.550871" lon="-121.370690"/>
      <trkpt lat="40.550973" lon="-121.371009"/>
      <trkpt lat="40.551038" lon="-121.371170"/>
      <trkpt lat="40.551130" lon="-121.371307"/>
      <trkpt lat="40.551295" lon="-121.371674"/>
      <trkpt lat="40.551550" lon="-121.372173"/>
      <trkpt lat="40.551731" lon="-121.372442"/>
      <trkpt lat="40.551902" lon="-121.372672"/>
      <trkpt lat="40.552010" lon="-121.372847"/>
      <trkpt lat="40.552108" lon="-121.373034"/>
      <trkpt lat="40.552189" lon="-121.373209"/>
      <trkpt lat="40.552275" lon="-121.373370"/>
      <trkpt lat="40.552332" lon="-121.373552"/>
      <trkpt lat="40.552383" lon="-121.373751"/>
      <trkpt lat="40.552410" lon="-121.373887"/>
      <trkpt lat="40.552436" lon="-121.374123"/>
      <trkpt lat="40.552473" lon="-121.374282"/>
      <trkpt lat="40.552583" lon="-121.374555"/>
      <trkpt lat="40.552738" lon="-121.374968"/>
      <trkpt lat="40.552943" lon="-121.375537"/>
      <trkpt lat="40.552994" lon="-121.375644"/>
      <trkpt lat="40.553084" lon="-121.375813"/>
      <trkpt lat="40.553143" lon="-121.375947"/>
      <trkpt lat="40.553520" lon="-121.376999"/>
      <trkpt lat="40.553594" lon="-121.377229"/>
      <trkpt lat="40.553661" lon="-121.377420"/>
      <trkpt lat="40.553712" lon="-121.377602"/>
      <trkpt lat="40.553753" lon="-121.377817"/>
      <trkpt lat="40.553781" lon="-121.378013"/>
      <trkpt lat="40.553806" lon="-121.378219"/>
      <trkpt lat="40.553850" lon="-121.378482"/>
      <trkpt lat="40.553916" lon="-121.378758"/>
      <trkpt lat="40.554079" lon="-121.379222"/>
      <trkpt lat="40.554183" lon="-121.379466"/>
      <trkpt lat="40.554242" lon="-121.379670"/>
      <trkpt lat="40.554297" lon="-121.379871"/>
      <trkpt lat="40.554321" lon="-121.380027"/>
      <trkpt lat="40.554335" lon="-121.380183"/>
      <trkpt lat="40.554372" lon="-121.380343"/>
      <trkpt lat="40.554645" lon="-121.380908"/>
      <trkpt lat="40.554749" lon="-121.381180"/>
      <trkpt lat="40.554867" lon="-121.381451"/>
      <trkpt lat="40.554973" lon="-121.381642"/>
      <trkpt lat="40.555179" lon="-121.381915"/>
      <trkpt lat="40.555446" lon="-121.382259"/>
      <trkpt lat="40.555941" lon="-121.382961"/>
      <trkpt lat="40.556084" lon="-121.383144"/>
      <trkpt lat="40.556188" lon="-121.383305"/>
      <trkpt lat="40.556253" lon="-121.383417"/>
      <trkpt lat="40.556302" lon="-121.383554"/>
      <trkpt lat="40.556428" lon="-121.383868"/>
      <trkpt lat="40.556504" lon="-121.384088"/>
      <trkpt lat="40.556557" lon="-121.384300"/>
      <trkpt lat="40.556655" lon="-121.384817"/>
      <trkpt lat="40.556775" lon="-121.385700"/>
      <trkpt lat="40.556807" lon="-121.386008"/>
      <trkpt lat="40.556848" lon="-121.386295"/>
      <trkpt lat="40.556885" lon="-121.386491"/>
      <trkpt lat="40.556946" lon="-121.386684"/>
      <trkpt lat="40.557290" lon="-121.387484"/>
      <trkpt lat="40.557482" lon="-121.387752"/>
      <trkpt lat="40.557716" lon="-121.388047"/>
      <trkpt lat="40.557908" lon="-121.388307"/>
      <trkpt lat="40.558068" lon="-121.388513"/>
      <trkpt lat="40.558140" lon="-121.388634"/>
      <trkpt lat="40.558230" lon="-121.388953"/>
      <trkpt lat="40.558462" lon="-121.389900"/>
      <trkpt lat="40.558531" lon="-121.390252"/>
      <trkpt lat="40.558621" lon="-121.390745"/>
      <trkpt lat="40.558674" lon="-121.391104"/>
      <trkpt lat="40.558762" lon="-121.391434"/>
      <trkpt lat="40.558896" lon="-121.391831"/>
      <trkpt lat="40.558949" lon="-121.392043"/>
      <trkpt lat="40.558988" lon="-121.392236"/>
      <trkpt lat="40.559002" lon="-121.392499"/>
      <trkpt lat="40.559008" lon="-121.393119"/>
      <trkpt lat="40.558988" lon="-121.393907"/>
      <trkpt lat="40.558992" lon="-121.394345"/>
      <trkpt lat="40.558980" lon="-121.394852"/>
      <trkpt lat="40.558961" lon="-121.395136"/>
      <trkpt lat="40.558953" lon="-121.395401"/>
      <trkpt lat="40.558957" lon="-121.395951"/>
      <trkpt lat="40.559049" lon="-121.396370"/>
      <trkpt lat="40.559065" lon="-121.396574"/>
      <trkpt lat="40.559063" lon="-121.396697"/>
      <trkpt lat="40.559090" lon="-121.396858"/>
      <trkpt lat="40.559094" lon="-121.397000"/>
      <trkpt lat="40.559090" lon="-121.397155"/>
      <trkpt lat="40.559033" lon="-121.397303"/>
      <trkpt lat="40.558961" lon="-121.397467"/>
      <trkpt lat="40.558941" lon="-121.397604"/>
      <trkpt lat="40.558955" lon="-121.397759"/>
      <trkpt lat="40.559000" lon="-121.397925"/>
      <trkpt lat="40.559134" lon="-121.398341"/>
      <trkpt lat="40.559153" lon="-121.398462"/>
      <trkpt lat="40.559159" lon="-121.398655"/>
      <trkpt lat="40.559141" lon="-121.398821"/>
      <trkpt lat="40.559102" lon="-121.398971"/>
      <trkpt lat="40.559102" lon="-121.399261"/>
      <trkpt lat="40.559151" lon="-121.399969"/>
      <trkpt lat="40.559161" lon="-121.400237"/>
      <trkpt lat="40.559177" lon="-121.400479"/>
      <trkpt lat="40.559291" lon="-121.401267"/>
      <trkpt lat="40.559293" lon="-121.401554"/>
      <trkpt lat="40.559320" lon="-121.401793"/>
      <trkpt lat="40.559346" lon="-121.401938"/>
      <trkpt lat="40.559361" lon="-121.402158"/>
      <trkpt lat="40.559361" lon="-121.402308"/>
      <trkpt lat="40.559369" lon="-121.402461"/>
      <trkpt lat="40.559446" lon="-121.402678"/>
      <trkpt lat="40.559550" lon="-121.402842"/>
      <trkpt lat="40.559644" lon="-121.402963"/>
      <trkpt lat="40.559725" lon="-121.403105"/>
      <trkpt lat="40.559787" lon="-121.403274"/>
      <trkpt lat="40.559823" lon="-121.403480"/>
      <trkpt lat="40.559833" lon="-121.403636"/>
      <trkpt lat="40.559858" lon="-121.403764"/>
      <trkpt lat="40.559897" lon="-121.403866"/>
      <trkpt lat="40.559947" lon="-121.403942"/>
      <trkpt lat="40.560007" lon="-121.404003"/>
      <trkpt lat="40.560096" lon="-121.404084"/>
      <trkpt lat="40.560202" lon="-121.404143"/>
      <trkpt lat="40.560325" lon="-121.404183"/>
      <trkpt lat="40.560422" lon="-121.404202"/>
      <trkpt lat="40.560600" lon="-121.404210"/>
      <trkpt lat="40.560746" lon="-121.404196"/>
      <trkpt lat="40.560981" lon="-121.404188"/>
      <trkpt lat="40.561201" lon="-121.404196"/>
      <trkpt lat="40.561331" lon="-121.404186"/>
      <trkpt lat="40.561517" lon="-121.404183"/>
      <trkpt lat="40.561551" lon="-121.404196"/>
      <trkpt lat="40.561606" lon="-121.404253"/>
      <trkpt lat="40.561641" lon="-121.404322"/>
      <trkpt lat="40.561661" lon="-121.404381"/>
      <trkpt lat="40.561675" lon="-121.404505"/>
      <trkpt lat="40.561675" lon="-121.404625"/>
      <trkpt lat="40.561663" lon="-121.404741"/>
      <trkpt lat="40.561625" lon="-121.404880"/>
      <trkpt lat="40.561566" lon="-121.404998"/>
      <trkpt lat="40.561496" lon="-121.405065"/>
      <trkpt lat="40.561435" lon="-121.405151"/>
      <trkpt lat="40.561388" lon="-121.405226"/>
      <trkpt lat="40.561331" lon="-121.405352"/>
      <trkpt lat="40.561272" lon="-121.405532"/>
      <trkpt lat="40.561123" lon="-121.405934"/>
      <trkpt lat="40.561070" lon="-121.406106"/>
      <trkpt lat="40.561038" lon="-121.406245"/>
      <trkpt lat="40.561036" lon="-121.406380"/>
      <trkpt lat="40.561042" lon="-121.406498"/>
    </trkseg>
    <trkseg>
      <trkpt lat="40.505502" lon="-121.362327"/>
      <trkpt lat="40.505523" lon="-121.362212"/>
      <trkpt lat="40.505570" lon="-121.361984"/>
      <trkpt lat="40.505667" lon="-121.361877"/>
      <trkpt lat="40.505748" lon="-121.361711"/>
      <trkpt lat="40.505940" lon="-121.361466"/>
      <trkpt lat="40.506070" lon="-121.361284"/>
      <trkpt lat="40.506274" lon="-121.360919"/>
      <trkpt lat="40.506388" lon="-121.360693"/>
      <trkpt lat="40.506490" lon="-121.360580"/>
      <trkpt lat="40.506584" lon="-121.360501"/>
      <trkpt lat="40.506756" lon="-121.360388"/>
      <trkpt lat="40.506870" lon="-121.360329"/>
      <trkpt lat="40.506976" lon="-121.360329"/>
      <trkpt lat="40.507074" lon="-121.360372"/>
      <trkpt lat="40.507184" lon="-121.360484"/>
      <trkpt lat="40.507284" lon="-121.360505"/>
      <trkpt lat="40.507376" lon="-121.360511"/>
      <trkpt lat="40.507522" lon="-121.360602"/>
      <trkpt lat="40.507971" lon="-121.360753"/>
      <trkpt lat="40.508155" lon="-121.360844"/>
      <trkpt lat="40.508240" lon="-121.360903"/>
      <trkpt lat="40.508334" lon="-121.360999"/>
      <trkpt lat="40.508481" lon="-121.361101"/>
      <trkpt lat="40.508652" lon="-121.361203"/>
      <trkpt lat="40.508859" lon="-121.361382"/>
      <trkpt lat="40.509072" lon="-121.361547"/>
      <trkpt lat="40.509154" lon="-121.361557"/>
      <trkpt lat="40.509223" lon="-121.361605"/>
      <trkpt lat="40.509280" lon="-121.361681"/>
      <trkpt lat="40.509333" lon="-121.361783"/>
      <trkpt lat="40.509407" lon="-121.361976"/>
      <trkpt lat="40.509586" lon="-121.362287"/>
      <trkpt lat="40.509692" lon="-121.362383"/>
      <trkpt lat="40.509921" lon="-121.362496"/>
      <trkpt lat="40.510136" lon="-121.362667"/>
      <trkpt lat="40.510206" lon="-121.362738"/>
      <trkpt lat="40.510299" lon="-121.362797"/>
      <trkpt lat="40.510386" lon="-121.362800"/>
      <trkpt lat="40.510496" lon="-121.362920"/>
      <trkpt lat="40.510671" lon="-121.363075"/>
      <trkpt lat="40.510757" lon="-121.363108"/>
      <trkpt lat="40.511307" lon="-121.363236"/>
      <trkpt lat="40.511560" lon="-121.363317"/>
      <trkpt lat="40.511837" lon="-121.363435"/>
      <trkpt lat="40.512049" lon="-121.363491"/>
      <trkpt lat="40.512217" lon="-121.363510"/>
      <trkpt lat="40.512384" lon="-121.363553"/>
      <trkpt lat="40.512431" lon="-121.363558"/>
      <trkpt lat="40.512645" lon="-121.363574"/>
      <trkpt lat="40.512876" lon="-121.363647"/>
      <trkpt lat="40.513012" lon="-121.363665"/>
      <trkpt lat="40.513302" lon="-121.363639"/>
      <trkpt lat="40.513550" lon="-121.363637"/>
      <trkpt lat="40.513767" lon="-121.363676"/>
      <trkpt lat="40.514004" lon="-121.363677"/>
      <trkpt lat="40.514150" lon="-121.363698"/>
      <trkpt lat="40.514333" lon="-121.363741"/>
      <trkpt lat="40.514575" lon="-121.363858"/>
      <trkpt lat="40.514779" lon="-121.364013"/>
      <trkpt lat="40.514928" lon="-121.364159"/>
      <trkpt lat="40.515012" lon="-121.364257"/>
      <trkpt lat="40.515090" lon="-121.364304"/>
      <trkpt lat="40.515264" lon="-121.364446"/>
      <trkpt lat="40.515504" lon="-121.364560"/>
      <trkpt lat="40.515648" lon="-121.364693"/>
      <trkpt lat="40.515673" lon="-121.364746"/>
      <trkpt lat="40.515842" lon="-121.364894"/>
      <trkpt lat="40.515920" lon="-121.364953"/>
      <trkpt lat="40.515993" lon="-121.364991"/>
      <trkpt lat="40.516160" lon="-121.365028"/>
      <trkpt lat="40.516320" lon="-121.365017"/>
      <trkpt lat="40.516454" lon="-121.364996"/>
      <trkpt lat="40.516736" lon="-121.364873"/>
      <trkpt lat="40.516870" lon="-121.364830"/>
      <trkpt lat="40.516972" lon="-121.364813"/>
      <trkpt lat="40.517115" lon="-121.364744"/>
      <trkpt lat="40.517272" lon="-121.364645"/>
      <trkpt lat="40.517461" lon="-121.364583"/>
      <trkpt lat="40.517623" lon="-121.364543"/>
      <trkpt lat="40.517771" lon="-121.364540"/>
      <trkpt lat="40.518152" lon="-121.364502"/>
      <trkpt lat="40.518403" lon="-121.364454"/>
      <trkpt lat="40.518579" lon="-121.364427"/>
      <trkpt lat="40.518709" lon="-121.364352"/>
      <trkpt lat="40.518889" lon="-121.364261"/>
      <trkpt lat="40.519076" lon="-121.364229"/>
      <trkpt lat="40.519378" lon="-121.364218"/>
      <trkpt lat="40.519574" lon="-121.364239"/>
      <trkpt lat="40.519759" lon="-121.364200"/>
      <trkpt lat="40.519921" lon="-121.364113"/>
      <trkpt lat="40.520026" lon="-121.364121"/>
      <trkpt lat="40.520255" lon="-121.364234"/>
      <trkpt lat="40.520378" lon="-121.364247"/>
      <trkpt lat="40.520442" lon="-121.364245"/>
      <trkpt lat="40.520561" lon="-121.364202"/>
      <trkpt lat="40.520773" lon="-121.364052"/>
      <trkpt lat="40.520924" lon="-121.363955"/>
      <trkpt lat="40.521066" lon="-121.363896"/>
      <trkpt lat="40.521254" lon="-121.363869"/>
      <trkpt lat="40.521449" lon="-121.363795"/>
      <trkpt lat="40.521711" lon="-121.363671"/>
      <trkpt lat="40.521837" lon="-121.363623"/>
      <trkpt lat="40.521963" lon="-121.363623"/>
      <trkpt lat="40.522106" lon="-121.363596"/>
      <trkpt lat="40.522253" lon="-121.363526"/>
      <trkpt lat="40.522412" lon="-121.363424"/>
      <trkpt lat="40.522538" lon="-121.363321"/>
      <trkpt lat="40.522765" lon="-121.363084"/>
      <trkpt lat="40.523028" lon="-121.362920"/>
      <trkpt lat="40.523404" lon="-121.362638"/>
      <trkpt lat="40.523509" lon="-121.362512"/>
      <trkpt lat="40.523611" lon="-121.362464"/>
      <trkpt lat="40.523750" lon="-121.362421"/>
      <trkpt lat="40.523929" lon="-121.362385"/>
      <trkpt lat="40.524174" lon="-121.362287"/>
      <trkpt lat="40.524370" lon="-121.362107"/>
      <trkpt lat="40.524561" lon="-121.361915"/>
      <trkpt lat="40.524712" lon="-121.361868"/>
      <trkpt lat="40.525201" lon="-121.361788"/>
      <trkpt lat="40.525572" lon="-121.361707"/>
      <trkpt lat="40.525755" lon="-121.361662"/>
      <trkpt lat="40.526037" lon="-121.361536"/>
      <trkpt lat="40.526269" lon="-121.361461"/>
      <trkpt lat="40.526602" lon="-121.361331"/>
      <trkpt lat="40.526714" lon="-121.361230"/>
      <trkpt lat="40.527097" lon="-121.360844"/>
      <trkpt lat="40.527264" lon="-121.360715"/>
      <trkpt lat="40.527678" lon="-121.360486"/>
      <trkpt lat="40.528063" lon="-121.360057"/>
      <trkpt lat="40.528368" lon="-121.359858"/>
      <trkpt lat="40.528549" lon="-121.359771"/>
      <trkpt lat="40.528679" lon="-121.359728"/>
      <trkpt lat="40.528818" lon="-121.359668"/>
      <trkpt lat="40.529033" lon="-121.359515"/>
      <trkpt lat="40.529413" lon="-121.359428"/>
      <trkpt lat="40.529670" lon="-121.359411"/>
      <trkpt lat="40.529829" lon="-121.359428"/>
      <trkpt lat="40.530082" lon="-121.359468"/>
      <trkpt lat="40.530498" lon="-121.359438"/>
      <trkpt lat="40.530698" lon="-121.359433"/>
      <trkpt lat="40.530983" lon="-121.359460"/>
      <trkpt lat="40.531056" lon="-121.359492"/>
      <trkpt lat="40.531134" lon="-121.359508"/>
      <trkpt lat="40.531191" lon="-121.359492"/>
      <trkpt lat="40.531275" lon="-121.359428"/>
      <trkpt lat="40.531397" lon="-121.359308"/>
      <trkpt lat="40.531497" lon="-121.359175"/>
      <trkpt lat="40.531615" lon="-121.358993"/>
      <trkpt lat="40.531697" lon="-121.358916"/>
      <trkpt lat="40.531794" lon="-121.358880"/>
      <trkpt lat="40.532108" lon="-121.358703"/>
      <trkpt lat="40.532194" lon="-121.358639"/>
      <trkpt lat="40.532299" lon="-121.358584"/>
      <trkpt lat="40.532451" lon="-121.358521"/>
      <trkpt lat="40.532667" lon="-121.358462"/>
      <trkpt lat="40.532928" lon="-121.358414"/>
      <trkpt lat="40.533160" lon="-121.358339"/>
      <trkpt lat="40.533339" lon="-121.358247"/>
      <trkpt lat="40.533547" lon="-121.358194"/>
      <trkpt lat="40.533670" lon="-121.358204"/>
      <trkpt lat="40.533812" lon="-121.358237"/>
      <trkpt lat="40.533943" lon="-121.358258"/>
      <trkpt lat="40.534273" lon="-121.358355"/>
      <trkpt lat="40.534589" lon="-121.358383"/>
      <trkpt lat="40.535464" lon="-121.358388"/>
      <trkpt lat="40.535813" lon="-121.358374"/>
      <trkpt lat="40.536334" lon="-121.358491"/>
      <trkpt lat="40.537073" lon="-121.358486"/>
      <trkpt lat="40.537215" lon="-121.358567"/>
      <trkpt lat="40.537328" lon="-121.358576"/>
      <trkpt lat="40.537480" lon="-121.358619"/>
      <trkpt lat="40.537596" lon="-121.358639"/>
      <trkpt lat="40.538077" lon="-121.358660"/>
      <trkpt lat="40.538193" lon="-121.358646"/>
      <trkpt lat="40.538248" lon="-121.358617"/>
      <trkpt lat="40.538464" lon="-121.358419"/>
      <trkpt lat="40.538819" lon="-121.358194"/>
      <trkpt lat="40.538982" lon="-121.358124"/>
      <trkpt lat="40.539264" lon="-121.358053"/>
      <trkpt lat="40.539543" lon="-121.358105"/>
      <trkpt lat="40.539748" lon="-121.358204"/>
      <trkpt lat="40.540009" lon="-121.358289"/>
      <trkpt lat="40.540164" lon="-121.358312"/>
      <trkpt lat="40.540405" lon="-121.358339"/>
      <trkpt lat="40.540486" lon="-121.358381"/>
      <trkpt lat="40.540602" lon="-121.358460"/>
      <trkpt lat="40.540780" lon="-121.358693"/>
      <trkpt lat="40.540947" lon="-121.358859"/>
      <trkpt lat="40.541204" lon="-121.359175"/>
      <trkpt lat="40.541333" lon="-121.359256"/>
      <trkpt lat="40.541444" lon="-121.359342"/>
      <trkpt lat="40.541727" lon="-121.359529"/>
      <trkpt lat="40.541930" lon="-121.359623"/>
      <trkpt lat="40.542055" lon="-121.359760"/>
      <trkpt lat="40.542158" lon="-121.359964"/>
      <trkpt lat="40.542300" lon="-121.360136"/>
      <trkpt lat="40.542516" lon="-121.360350"/>
      <trkpt lat="40.542622" lon="-121.360447"/>
      <trkpt lat="40.542741" lon="-121.360576"/>
      <trkpt lat="40.542962" lon="-121.361011"/>
      <trkpt lat="40.543150" lon="-121.361432"/>
      <trkpt lat="40.543218" lon="-121.361703"/>
      <trkpt lat="40.543250" lon="-121.361783"/>
      <trkpt lat="40.543332" lon="-121.361927"/>
      <trkpt lat="40.543573" lon="-121.362156"/>
      <trkpt lat="40.543666" lon="-121.362255"/>
      <trkpt lat="40.543837" lon="-121.362464"/>
      <trkpt lat="40.544135" lon="-121.362791"/>
      <trkpt lat="40.544542" lon="-121.363204"/>
      <trkpt lat="40.544807" lon="-121.363506"/>
      <trkpt lat="40.544922" lon="-121.363617"/>
      <trkpt lat="40.545085" lon="-121.363692"/>
      <trkpt lat="40.545215" lon="-121.363725"/>
      <trkpt lat="40.545388" lon="-121.363739"/>
      <trkpt lat="40.545476" lon="-121.363767"/>
      <trkpt lat="40.545567" lon="-121.363823"/>
      <trkpt lat="40.545694" lon="-121.364019"/>
      <trkpt lat="40.545757" lon="-121.364164"/>
      <trkpt lat="40.545871" lon="-121.364325"/>
      <trkpt lat="40.546373" lon="-121.364731"/>
      <trkpt lat="40.546507" lon="-121.364878"/>
      <trkpt lat="40.546612" lon="-121.364960"/>
      <trkpt lat="40.546911" lon="-121.365129"/>
      <trkpt lat="40.547009" lon="-121.365205"/>
      <trkpt lat="40.547170" lon="-121.365270"/>
    </trkseg>
    <trkseg>
      <trkpt lat="40.464462" lon="-121.403638"/>
      <trkpt lat="40.464385" lon="-121.403534"/>
      <trkpt lat="40.464233" lon="-121.403285"/>
      <trkpt lat="40.464248" lon="-121.403221"/>
      <trkpt lat="40.464342" lon="-121.403204"/>
      <trkpt lat="40.464376" lon="-121.403144"/>
      <trkpt lat="40.464687" lon="-121.402767"/>
      <trkpt lat="40.464791" lon="-121.402740"/>
      <trkpt lat="40.464913" lon="-121.402729"/>
      <trkpt lat="40.465013" lon="-121.402681"/>
      <trkpt lat="40.465109" lon="-121.402608"/>
      <trkpt lat="40.465242" lon="-121.402555"/>
      <trkpt lat="40.465401" lon="-121.402536"/>
      <trkpt lat="40.465478" lon="-121.402450"/>
      <trkpt lat="40.465717" lon="-121.402136"/>
      <trkpt lat="40.465920" lon="-121.401898"/>
      <trkpt lat="40.466027" lon="-121.401721"/>
      <trkpt lat="40.466276" lon="-121.401431"/>
      <trkpt lat="40.466487" lon="-121.401098"/>
      <trkpt lat="40.466515" lon="-121.400975"/>
      <trkpt lat="40.466592" lon="-121.400850"/>
      <trkpt lat="40.466692" lon="-121.400671"/>
      <trkpt lat="40.466817" lon="-121.400541"/>
      <trkpt lat="40.466911" lon="-121.400347"/>
      <trkpt lat="40.466937" lon="-121.400106"/>
      <trkpt lat="40.466993" lon="-121.399891"/>
      <trkpt lat="40.467048" lon="-121.399760"/>
      <trkpt lat="40.467103" lon="-121.399650"/>
      <trkpt lat="40.467331" lon="-121.399537"/>
      <trkpt lat="40.467462" lon="-121.399484"/>
      <trkpt lat="40.467584" lon="-121.399403"/>
      <trkpt lat="40.467711" lon="-121.399272"/>
      <trkpt lat="40.467841" lon="-121.399232"/>
      <trkpt lat="40.468003" lon="-121.399240"/>
      <trkpt lat="40.468099" lon="-121.399205"/>
      <trkpt lat="40.468168" lon="-121.399060"/>
      <trkpt lat="40.468273" lon="-121.398858"/>
      <trkpt lat="40.468482" lon="-121.398650"/>
      <trkpt lat="40.468609" lon="-121.398583"/>
      <trkpt lat="40.468688" lon="-121.398577"/>
      <trkpt lat="40.468760" lon="-121.398539"/>
      <trkpt lat="40.468845" lon="-121.398459"/>
      <trkpt lat="40.468984" lon="-121.398271"/>
      <trkpt lat="40.469082" lon="-121.398185"/>
      <trkpt lat="40.469321" lon="-121.398118"/>
      <trkpt lat="40.469464" lon="-121.398015"/>
      <trkpt lat="40.469598" lon="-121.397963"/>
      <trkpt lat="40.469730" lon="-121.397932"/>
      <trkpt lat="40.469926" lon="-121.397896"/>
      <trkpt lat="40.470104" lon="-121.397813"/>
      <trkpt lat="40.470214" lon="-121.397724"/>
      <trkpt lat="40.470310" lon="-121.397593"/>
      <trkpt lat="40.470345" lon="-121.397493"/>
      <trkpt lat="40.470431" lon="-121.397320"/>
      <trkpt lat="40.470506" lon="-121.397233"/>
      <trkpt lat="40.470572" lon="-121.397231"/>
      <trkpt lat="40.470604" lon="-121.397215"/>
      <trkpt lat="40.470631" lon="-121.397148"/>
      <trkpt lat="40.470610" lon="-121.397088"/>
      <trkpt lat="40.470636" lon="-121.397023"/>
      <trkpt lat="40.470717" lon="-121.396933"/>
      <trkpt lat="40.470839" lon="-121.396657"/>
      <trkpt lat="40.470990" lon="-121.396413"/>
      <trkpt lat="40.470994" lon="-121.396195"/>
      <trkpt lat="40.471029" lon="-121.396123"/>
      <trkpt lat="40.471088" lon="-121.396037"/>
      <trkpt lat="40.471201" lon="-121.395918"/>
      <trkpt lat="40.471286" lon="-121.395863"/>
      <trkpt lat="40.471447" lon="-121.395831"/>
      <trkpt lat="40.471492" lon="-121.395796"/>
      <trkpt lat="40.471552" lon="-121.395641"/>
      <trkpt lat="40.471590" lon="-121.395487"/>
      <trkpt lat="40.471610" lon="-121.395361"/>
      <trkpt lat="40.471655" lon="-121.395208"/>
      <trkpt lat="40.471847" lon="-121.394685"/>
      <trkpt lat="40.471871" lon="-121.394570"/>
      <trkpt lat="40.471882" lon="-121.394385"/>
      <trkpt lat="40.471898" lon="-121.394297"/>
      <trkpt lat="40.471938" lon="-121.394225"/>
      <trkpt lat="40.472032" lon="-121.394123"/>
      <trkpt lat="40.472172" lon="-121.393885"/>
      <trkpt lat="40.472223" lon="-121.393766"/>
      <trkpt lat="40.472260" lon="-121.393527"/>
      <trkpt lat="40.472271" lon="-121.393409"/>
      <trkpt lat="40.472245" lon="-121.393116"/>
      <trkpt lat="40.472267" lon="-121.393012"/>
      <trkpt lat="40.472250" lon="-121.392893"/>
      <trkpt lat="40.472216" lon="-121.392794"/>
      <trkpt lat="40.472130" lon="-121.392644"/>
      <trkpt lat="40.472120" lon="-121.392577"/>
      <trkpt lat="40.472128" lon="-121.392496"/>
      <trkpt lat="40.472119" lon="-121.392379"/>
      <trkpt lat="40.472053" lon="-121.392239"/>
      <trkpt lat="40.471986" lon="-121.392134"/>
      <trkpt lat="40.471959" lon="-121.392019"/>
      <trkpt lat="40.471927" lon="-121.391923"/>
      <trkpt lat="40.471867" lon="-121.391815"/>
      <trkpt lat="40.471841" lon="-121.391719"/>
      <trkpt lat="40.471849" lon="-121.391520"/>
      <trkpt lat="40.471835" lon="-121.391451"/>
      <trkpt lat="40.471730" lon="-121.391352"/>
      <trkpt lat="40.471525" lon="-121.391276"/>
      <trkpt lat="40.471435" lon="-121.391276"/>
      <trkpt lat="40.471355" lon="-121.391217"/>
      <trkpt lat="40.471314" lon="-121.391139"/>
      <trkpt lat="40.471300" lon="-121.391056"/>
      <trkpt lat="40.471302" lon="-121.390901"/>
      <trkpt lat="40.471316" lon="-121.390804"/>
      <trkpt lat="40.471351" lon="-121.390702"/>
      <trkpt lat="40.471406" lon="-121.390597"/>
      <trkpt lat="40.471473" lon="-121.390521"/>
      <trkpt lat="40.471561" lon="-121.390445"/>
      <trkpt lat="40.471714" lon="-121.390399"/>
      <trkpt lat="40.471786" lon="-121.390353"/>
      <trkpt lat="40.471849" lon="-121.390284"/>
      <trkpt lat="40.471910" lon="-121.390198"/>
      <trkpt lat="40.471951" lon="-121.390150"/>
      <trkpt lat="40.472091" lon="-121.390047"/>
      <trkpt lat="40.472230" lon="-121.389915"/>
      <trkpt lat="40.472273" lon="-121.389793"/>
      <trkpt lat="40.472383" lon="-121.389691"/>
      <trkpt lat="40.472486" lon="-121.389653"/>
      <trkpt lat="40.472949" lon="-121.389444"/>
      <trkpt lat="40.473077" lon="-121.389353"/>
      <trkpt lat="40.473408" lon="-121.389058"/>
      <trkpt lat="40.473498" lon="-121.388919"/>
      <trkpt lat="40.473571" lon="-121.388707"/>
      <trkpt lat="40.473609" lon="-121.388513"/>
      <trkpt lat="40.473617" lon="-121.388351"/>
      <trkpt lat="40.473586" lon="-121.388171"/>
      <trkpt lat="40.473524" lon="-121.387974"/>
      <trkpt lat="40.473469" lon="-121.387875"/>
      <trkpt lat="40.473347" lon="-121.387757"/>
      <trkpt lat="40.473267" lon="-121.387674"/>
      <trkpt lat="40.473236" lon="-121.387593"/>
      <trkpt lat="40.473216" lon="-121.387322"/>
      <trkpt lat="40.473247" lon="-121.387223"/>
      <trkpt lat="40.473369" lon="-121.387001"/>
      <trkpt lat="40.473457" lon="-121.386757"/>
      <trkpt lat="40.473537" lon="-121.386505"/>
      <trkpt lat="40.473566" lon="-121.386303"/>
      <trkpt lat="40.473625" lon="-121.386099"/>
      <trkpt lat="40.473743" lon="-121.385815"/>
      <trkpt lat="40.473783" lon="-121.385453"/>
      <trkpt lat="40.473806" lon="-121.385217"/>
      <trkpt lat="40.473918" lon="-121.384917"/>
      <trkpt lat="40.474046" lon="-121.384600"/>
      <trkpt lat="40.474118" lon="-121.384466"/>
      <trkpt lat="40.474204" lon="-121.384391"/>
      <trkpt lat="40.474248" lon="-121.384324"/>
      <trkpt lat="40.474313" lon="-121.384150"/>
      <trkpt lat="40.474459" lon="-121.383881"/>
      <trkpt lat="40.474475" lon="-121.383787"/>
      <trkpt lat="40.474483" lon="-121.383653"/>
      <trkpt lat="40.474532" lon="-121.383514"/>
      <trkpt lat="40.474626" lon="-121.383272"/>
      <trkpt lat="40.474695" lon="-121.383125"/>
      <trkpt lat="40.474773" lon="-121.382833"/>
      <trkpt lat="40.474834" lon="-121.382728"/>
      <trkpt lat="40.474850" lon="-121.382599"/>
      <trkpt lat="40.474852" lon="-121.382484"/>
      <trkpt lat="40.474869" lon="-121.382256"/>
      <trkpt lat="40.474888" lon="-121.381682"/>
      <trkpt lat="40.474883" lon="-121.381524"/>
      <trkpt lat="40.474895" lon="-121.381411"/>
      <trkpt lat="40.474934" lon="-121.381277"/>
      <trkpt lat="40.474993" lon="-121.381170"/>
      <trkpt lat="40.475052" lon="-121.381100"/>
      <trkpt lat="40.475131" lon="-121.380995"/>
      <trkpt lat="40.475523" lon="-121.380524"/>
      <trkpt lat="40.475585" lon="-121.380486"/>
      <trkpt lat="40.475679" lon="-121.380451"/>
      <trkpt lat="40.475813" lon="-121.380421"/>
      <trkpt lat="40.475913" lon="-121.380408"/>
      <trkpt lat="40.475999" lon="-121.380341"/>
      <trkpt lat="40.476070" lon="-121.380271"/>
      <trkpt lat="40.476129" lon="-121.380164"/>
      <trkpt lat="40.476172" lon="-121.380062"/>
      <trkpt lat="40.476240" lon="-121.379839"/>
      <trkpt lat="40.476248" lon="-121.379708"/>
      <trkpt lat="40.476233" lon="-121.379353"/>
      <trkpt lat="40.476246" lon="-121.379147"/>
      <trkpt lat="40.476264" lon="-121.378984"/>
      <trkpt lat="40.476225" lon="-121.378801"/>
      <trkpt lat="40.476132" lon="-121.378434"/>
      <trkpt lat="40.476081" lon="-121.378305"/>
      <trkpt lat="40.475985" lon="-121.378101"/>
      <trkpt lat="40.475968" lon="-121.377967"/>
      <trkpt lat="40.475979" lon="-121.377820"/>
      <trkpt lat="40.476022" lon="-121.377669"/>
      <trkpt lat="40.476054" lon="-121.377522"/>
      <trkpt lat="40.476105" lon="-121.377160"/>
      <trkpt lat="40.476119" lon="-121.377034"/>
      <trkpt lat="40.476154" lon="-121.376910"/>
      <trkpt lat="40.476270" lon="-121.376627"/>
      <trkpt lat="40.476299" lon="-121.376508"/>
      <trkpt lat="40.476311" lon="-121.376315"/>
      <trkpt lat="40.476299" lon="-121.376004"/>
      <trkpt lat="40.476287" lon="-121.375824"/>
      <trkpt lat="40.476309" lon="-121.375642"/>
      <trkpt lat="40.476313" lon="-121.375389"/>
      <trkpt lat="40.476342" lon="-121.375159"/>
      <trkpt lat="40.476356" lon="-121.374810"/>
      <trkpt lat="40.476346" lon="-121.374671"/>
      <trkpt lat="40.476319" lon="-121.374544"/>
      <trkpt lat="40.476319" lon="-121.374392"/>
      <trkpt lat="40.476352" lon="-121.374126"/>
      <trkpt lat="40.476366" lon="-121.373954"/>
      <trkpt lat="40.476511" lon="-121.373555"/>
      <trkpt lat="40.476621" lon="-121.373238"/>
      <trkpt lat="40.476829" lon="-121.372781"/>
      <trkpt lat="40.476956" lon="-121.372571"/>
      <trkpt lat="40.477125" lon="-121.372388"/>
      <trkpt lat="40.477214" lon="-121.372240"/>
      <trkpt lat="40.477433" lon="-121.371994"/>
      <trkpt lat="40.477478" lon="-121.371894"/>
      <trkpt lat="40.477529" lon="-121.371798"/>
      <trkpt lat="40.477582" lon="-121.371739"/>
      <trkpt lat="40.477747" lon="-121.371607"/>
      <trkpt lat="40.477860" lon="-121.371414"/>
      <trkpt lat="40.477899" lon="-121.371323"/>
      <trkpt lat="40.477937" lon="-121.371151"/>
      <trkpt lat="40.477939" lon="-121.371025"/>
      <trkpt lat="40.477960" lon="-121.370954"/>
      <trkpt lat="40.478000" lon="-121.370850"/>
      <trkpt lat="40.478264" lon="-121.370427"/>
      <trkpt lat="40.478278" lon="-121.370350"/>
      <trkpt lat="40.478272" lon="-121.370264"/>
      <trkpt lat="40.478288" lon="-121.370038"/>
      <trkpt lat="40.478284" lon="-121.369888"/>
      <trkpt lat="40.478294" lon="-121.369770"/>
      <trkpt lat="40.478327" lon="-121.369655"/>
      <trkpt lat="40.478363" lon="-121.369573"/>
      <trkpt lat="40.478490" lon="-121.369336"/>
      <trkpt lat="40.478633" lon="-121.369092"/>
      <trkpt lat="40.478732" lon="-121.368942"/>
      <trkpt lat="40.478851" lon="-121.368716"/>
      <trkpt lat="40.478921" lon="-121.368566"/>
      <trkpt lat="40.478984" lon="-121.368450"/>
      <trkpt lat="40.479029" lon="-121.368346"/>
      <trkpt lat="40.479059" lon="-121.368228"/>
      <trkpt lat="40.479098" lon="-121.368107"/>
      <trkpt lat="40.479167" lon="-121.367991"/>
      <trkpt lat="40.479431" lon="-121.367659"/>
      <trkpt lat="40.479761" lon="-121.367203"/>
      <trkpt lat="40.479973" lon="-121.366922"/>
      <trkpt lat="40.480126" lon="-121.366664"/>
      <trkpt lat="40.480280" lon="-121.366498"/>
      <trkpt lat="40.480412" lon="-121.366366"/>
      <trkpt lat="40.480648" lon="-121.366181"/>
      <trkpt lat="40.480717" lon="-121.366110"/>
      <trkpt lat="40.480804" lon="-121.365995"/>
      <trkpt lat="40.480902" lon="-121.365817"/>
      <trkpt lat="40.481014" lon="-121.365661"/>
      <trkpt lat="40.481326" lon="-121.365304"/>
      <trkpt lat="40.481410" lon="-121.365216"/>
      <trkpt lat="40.481485" lon="-121.365202"/>
      <trkpt lat="40.481608" lon="-121.365216"/>
      <trkpt lat="40.481751" lon="-121.365203"/>
      <trkpt lat="40.481840" lon="-121.365162"/>
      <trkpt lat="40.481935" lon="-121.365073"/>
      <trkpt lat="40.482070" lon="-121.364906"/>
      <trkpt lat="40.482163" lon="-121.364862"/>
      <trkpt lat="40.482227" lon="-121.364872"/>
      <trkpt lat="40.482377" lon="-121.364928"/>
      <trkpt lat="40.482502" lon="-121.365027"/>
      <trkpt lat="40.482644" lon="-121.365163"/>
      <trkpt lat="40.482750" lon="-121.365281"/>
      <trkpt lat="40.482864" lon="-121.365448"/>
      <trkpt lat="40.483099" lon="-121.365778"/>
      <trkpt lat="40.483152" lon="-121.365837"/>
      <trkpt lat="40.483444" lon="-121.366115"/>
      <trkpt lat="40.483629" lon="-121.366281"/>
      <trkpt lat="40.483750" lon="-121.366433"/>
      <trkpt lat="40.483846" lon="-121.366753"/>
      <trkpt lat="40.483890" lon="-121.366796"/>
      <trkpt lat="40.483962" lon="-121.366839"/>
      <trkpt lat="40.484082" lon="-121.367010"/>
      <trkpt lat="40.484135" lon="-121.367128"/>
      <trkpt lat="40.484229" lon="-121.367236"/>
      <trkpt lat="40.484474" lon="-121.367461"/>
      <trkpt lat="40.484549" lon="-121.367517"/>
      <trkpt lat="40.484721" lon="-121.367555"/>
      <trkpt lat="40.484829" lon="-121.367589"/>
      <trkpt lat="40.485194" lon="-121.367839"/>
      <trkpt lat="40.485347" lon="-121.367979"/>
      <trkpt lat="40.485408" lon="-121.368013"/>
      <trkpt lat="40.485510" lon="-121.368035"/>
      <trkpt lat="40.486190" lon="-121.367999"/>
      <trkpt lat="40.486277" lon="-121.367989"/>
      <trkpt lat="40.486347" lon="-121.367997"/>
      <trkpt lat="40.486406" lon="-121.368040"/>
      <trkpt lat="40.486473" lon="-121.368043"/>
      <trkpt lat="40.486565" lon="-121.367997"/>
      <trkpt lat="40.486685" lon="-121.368003"/>
      <trkpt lat="40.486819" lon="-121.368056"/>
      <trkpt lat="40.486873" lon="-121.368134"/>
      <trkpt lat="40.486924" lon="-121.368198"/>
      <trkpt lat="40.486967" lon="-121.368217"/>
      <trkpt lat="40.486997" lon="-121.368206"/>
      <trkpt lat="40.487085" lon="-121.368029"/>
      <trkpt lat="40.487110" lon="-121.367992"/>
      <trkpt lat="40.487164" lon="-121.367972"/>
      <trkpt lat="40.487259" lon="-121.367960"/>
      <trkpt lat="40.487506" lon="-121.367852"/>
      <trkpt lat="40.487615" lon="-121.367844"/>
      <trkpt lat="40.487766" lon="-121.367820"/>
      <trkpt lat="40.487879" lon="-121.367774"/>
      <trkpt lat="40.488117" lon="-121.367624"/>
      <trkpt lat="40.488205" lon="-121.367608"/>
      <trkpt lat="40.488291" lon="-121.367557"/>
      <trkpt lat="40.488458" lon="-121.367415"/>
      <trkpt lat="40.488548" lon="-121.367367"/>
      <trkpt lat="40.488646" lon="-121.367353"/>
      <trkpt lat="40.488929" lon="-121.367230"/>
      <trkpt lat="40.489111" lon="-121.367098"/>
      <trkpt lat="40.489169" lon="-121.367073"/>
      <trkpt lat="40.489284" lon="-121.367076"/>
      <trkpt lat="40.489341" lon="-121.367093"/>
      <trkpt lat="40.489495" lon="-121.367175"/>
      <trkpt lat="40.489756" lon="-121.367274"/>
      <trkpt lat="40.489882" lon="-121.367356"/>
      <trkpt lat="40.489984" lon="-121.367380"/>
      <trkpt lat="40.490182" lon="-121.367383"/>
      <trkpt lat="40.490365" lon="-121.367421"/>
      <trkpt lat="40.490494" lon="-121.367415"/>
      <trkpt lat="40.490694" lon="-121.367421"/>
      <trkpt lat="40.491002" lon="-121.367450"/>
      <trkpt lat="40.491128" lon="-121.367434"/>
      <trkpt lat="40.491277" lon="-121.367402"/>
      <trkpt lat="40.491512" lon="-121.367300"/>
      <trkpt lat="40.491648" lon="-121.367273"/>
      <trkpt lat="40.491728" lon="-121.367249"/>
      <trkpt lat="40.491777" lon="-121.367219"/>
      <trkpt lat="40.491907" lon="-121.367037"/>
      <trkpt lat="40.491989" lon="-121.366865"/>
      <trkpt lat="40.492064" lon="-121.366734"/>
      <trkpt lat="40.492169" lon="-121.366597"/>
      <trkpt lat="40.492311" lon="-121.366460"/>
      <trkpt lat="40.492389" lon="-121.366356"/>
      <trkpt lat="40.492450" lon="-121.366217"/>
      <trkpt lat="40.492548" lon="-121.366077"/>
      <trkpt lat="40.492696" lon="-121.365933"/>
      <trkpt lat="40.493048" lon="-121.365615"/>
      <trkpt lat="40.493239" lon="-121.365436"/>
      <trkpt lat="40.493416" lon="-121.365308"/>
      <trkpt lat="40.493472" lon="-121.365259"/>
      <trkpt lat="40.493568" lon="-121.365165"/>
      <trkpt lat="40.493645" lon="-121.365162"/>
      <trkpt lat="40.493738" lon="-121.365175"/>
      <trkpt lat="40.493837" lon="-121.365216"/>
      <trkpt lat="40.494025" lon="-121.365251"/>
      <trkpt lat="40.494290" lon="-121.365245"/>
      <trkpt lat="40.494422" lon="-121.365213"/>
      <trkpt lat="40.494489" lon="-121.365217"/>
      <trkpt lat="40.494622" lon="-121.365253"/>
      <trkpt lat="40.494704" lon="-121.365253"/>
      <trkpt lat="40.494798" lon="-121.365240"/>
      <trkpt lat="40.494902" lon="-121.365240"/>
      <trkpt lat="40.494971" lon="-121.365245"/>
      <trkpt lat="40.495065" lon="-121.365283"/>
      <trkpt lat="40.495157" lon="-121.365339"/>
      <trkpt lat="40.495256" lon="-121.365437"/>
      <trkpt lat="40.495326" lon="-121.365479"/>
      <trkpt lat="40.495510" lon="-121.365514"/>
      <trkpt lat="40.495658" lon="-121.365571"/>
      <trkpt lat="40.495926" lon="-121.365688"/>
      <trkpt lat="40.496160" lon="-121.365824"/>
      <trkpt lat="40.496235" lon="-121.365846"/>
      <trkpt lat="40.496338" lon="-121.365822"/>
      <trkpt lat="40.496454" lon="-121.365779"/>
      <trkpt lat="40.496525" lon="-121.365776"/>
      <trkpt lat="40.496580" lon="-121.365779"/>
      <trkpt lat="40.496635" lon="-121.365811"/>
      <trkpt lat="40.496680" lon="-121.365854"/>
      <trkpt lat="40.496729" lon="-121.365881"/>
      <trkpt lat="40.496799" lon="-121.365892"/>
      <trkpt lat="40.496864" lon="-121.365854"/>
      <trkpt lat="40.496943" lon="-121.365844"/>
      <trkpt lat="40.497060" lon="-121.365841"/>
      <trkpt lat="40.497236" lon="-121.365847"/>
      <trkpt lat="40.497339" lon="-121.365859"/>
      <trkpt lat="40.497450" lon="-121.365886"/>
      <trkpt lat="40.497578" lon="-121.365900"/>
      <trkpt lat="40.497674" lon="-121.365849"/>
      <trkpt lat="40.497782" lon="-121.365752"/>
      <trkpt lat="40.498012" lon="-121.365704"/>
      <trkpt lat="40.498154" lon="-121.365656"/>
      <trkpt lat="40.498871" lon="-121.365206"/>
      <trkpt lat="40.498936" lon="-121.365170"/>
      <trkpt lat="40.499026" lon="-121.365151"/>
      <trkpt lat="40.499103" lon="-121.365119"/>
      <trkpt lat="40.499161" lon="-121.365063"/>
      <trkpt lat="40.499244" lon="-121.364905"/>
      <trkpt lat="40.499289" lon="-121.364875"/>
      <trkpt lat="40.499415" lon="-121.364875"/>
      <trkpt lat="40.499534" lon="-121.364896"/>
      <trkpt lat="40.499605" lon="-121.364886"/>
      <trkpt lat="40.499678" lon="-121.364884"/>
      <trkpt lat="40.499778" lon="-121.364913"/>
      <trkpt lat="40.499805" lon="-121.364926"/>
      <trkpt lat="40.499893" lon="-121.365012"/>
      <trkpt lat="40.499958" lon="-121.365049"/>
      <trkpt lat="40.500042" lon="-121.365084"/>
      <trkpt lat="40.500409" lon="-121.365100"/>
      <trkpt lat="40.500480" lon="-121.365111"/>
      <trkpt lat="40.500570" lon="-121.365141"/>
      <trkpt lat="40.500631" lon="-121.365181"/>
      <trkpt lat="40.500717" lon="-121.365293"/>
      <trkpt lat="40.500788" lon="-121.365412"/>
      <trkpt lat="40.500871" lon="-121.365510"/>
      <trkpt lat="40.500941" lon="-121.365570"/>
      <trkpt lat="40.501025" lon="-121.365625"/>
      <trkpt lat="40.501134" lon="-121.365668"/>
      <trkpt lat="40.501302" lon="-121.365701"/>
      <trkpt lat="40.501396" lon="-121.365696"/>
      <trkpt lat="40.501514" lon="-121.365672"/>
      <trkpt lat="40.501637" lon="-121.365597"/>
      <trkpt lat="40.501712" lon="-121.365543"/>
      <trkpt lat="40.501926" lon="-121.365256"/>
      <trkpt lat="40.502038" lon="-121.365125"/>
      <trkpt lat="40.502085" lon="-121.365082"/>
      <trkpt lat="40.502140" lon="-121.365060"/>
      <trkpt lat="40.502454" lon="-121.365004"/>
      <trkpt lat="40.502536" lon="-121.364974"/>
      <trkpt lat="40.502614" lon="-121.364918"/>
      <trkpt lat="40.502711" lon="-121.364863"/>
      <trkpt lat="40.502787" lon="-121.364864"/>
      <trkpt lat="40.502881" lon="-121.364880"/>
      <trkpt lat="40.502961" lon="-121.364868"/>
      <trkpt lat="40.503242" lon="-121.364717"/>
      <trkpt lat="40.503380" lon="-121.364653"/>
      <trkpt lat="40.503515" lon="-121.364540"/>
      <trkpt lat="40.503629" lon="-121.364510"/>
      <trkpt lat="40.503754" lon="-121.364450"/>
      <trkpt lat="40.503857" lon="-121.364390"/>
      <trkpt lat="40.504057" lon="-121.364234"/>
      <trkpt lat="40.504343" lon="-121.364057"/>
      <trkpt lat="40.504563" lon="-121.363961"/>
      <trkpt lat="40.504769" lon="-121.363799"/>
      <trkpt lat="40.504836" lon="-121.363774"/>
      <trkpt lat="40.504951" lon="-121.363772"/>
      <trkpt lat="40.505110" lon="-121.363813"/>
      <trkpt lat="40.505193" lon="-121.363824"/>
      <trkpt lat="40.505273" lon="-121.363853"/>
      <trkpt lat="40.505287" lon="-121.363808"/>
      <trkpt lat="40.505261" lon="-121.363754"/>
      <trkpt lat="40.504969" lon="-121.363338"/>
      <trkpt lat="40.504943" lon="-121.363285"/>
      <trkpt lat="40.504943" lon="-121.363220"/>
      <trkpt lat="40.505014" lon="-121.363062"/>
      <trkpt lat="40.505058" lon="-121.362936"/>
      <trkpt lat="40.505096" lon="-121.362859"/>
      <trkpt lat="40.505330" lon="-121.362464"/>
      <trkpt lat="40.505379" lon="-121.362405"/>
      <trkpt lat="40.505446" lon="-121.362335"/>
      <trkpt lat="40.505502" lon="-121.362327"/>
    </trkseg>
    <trkseg>
      <trkpt lat="40.464419" lon="-121.403824"/>
      <trkpt lat="40.464462" lon="-121.403638"/>
    </trkseg>
    <trkseg>
      <trkpt lat="40.442525" lon="-121.400347"/>
      <trkpt lat="40.442557" lon="-121.400374"/>
      <trkpt lat="40.442609" lon="-121.400379"/>
      <trkpt lat="40.442670" lon="-121.400290"/>
      <trkpt lat="40.442658" lon="-121.400050"/>
      <trkpt lat="40.442658" lon="-121.399926"/>
      <trkpt lat="40.442716" lon="-121.399784"/>
      <trkpt lat="40.442724" lon="-121.399682"/>
      <trkpt lat="40.442718" lon="-121.399560"/>
      <trkpt lat="40.442775" lon="-121.399492"/>
      <trkpt lat="40.442805" lon="-121.399417"/>
      <trkpt lat="40.442816" lon="-121.399363"/>
      <trkpt lat="40.442811" lon="-121.399248"/>
      <trkpt lat="40.442813" lon="-121.399197"/>
      <trkpt lat="40.442856" lon="-121.399135"/>
      <trkpt lat="40.442857" lon="-121.399039"/>
      <trkpt lat="40.442770" lon="-121.398440"/>
      <trkpt lat="40.442713" lon="-121.398202"/>
      <trkpt lat="40.442656" lon="-121.398161"/>
      <trkpt lat="40.442634" lon="-121.398065"/>
      <trkpt lat="40.442656" lon="-121.397990"/>
      <trkpt lat="40.442707" lon="-121.397904"/>
      <trkpt lat="40.442819" lon="-121.397763"/>
      <trkpt lat="40.442997" lon="-121.397622"/>
      <trkpt lat="40.443020" lon="-121.397555"/>
      <trkpt lat="40.443018" lon="-121.397321"/>
      <trkpt lat="40.443038" lon="-121.397177"/>
      <trkpt lat="40.443087" lon="-121.396895"/>
      <trkpt lat="40.443059" lon="-121.396778"/>
      <trkpt lat="40.442974" lon="-121.396540"/>
      <trkpt lat="40.442701" lon="-121.395875"/>
      <trkpt lat="40.442618" lon="-121.395710"/>
      <trkpt lat="40.442583" lon="-121.395554"/>
      <trkpt lat="40.442520" lon="-121.395122"/>
      <trkpt lat="40.442448" lon="-121.394865"/>
      <trkpt lat="40.442430" lon="-121.394752"/>
      <trkpt lat="40.442399" lon="-121.394417"/>
      <trkpt lat="40.442411" lon="-121.394046"/>
      <trkpt lat="40.442440" lon="-121.393948"/>
      <trkpt lat="40.442536" lon="-121.393792"/>
      <trkpt lat="40.442634" lon="-121.393717"/>
      <trkpt lat="40.442774" lon="-121.393702"/>
      <trkpt lat="40.442885" lon="-121.393610"/>
      <trkpt lat="40.442975" lon="-121.393459"/>
      <trkpt lat="40.443061" lon="-121.393376"/>
      <trkpt lat="40.443095" lon="-121.393215"/>
      <trkpt lat="40.443228" lon="-121.393076"/>
      <trkpt lat="40.443330" lon="-121.392995"/>
      <trkpt lat="40.443420" lon="-121.392877"/>
      <trkpt lat="40.443491" lon="-121.392738"/>
      <trkpt lat="40.443483" lon="-121.392521"/>
      <trkpt lat="40.443491" lon="-121.392303"/>
      <trkpt lat="40.443508" lon="-121.392199"/>
      <trkpt lat="40.443542" lon="-121.392078"/>
      <trkpt lat="40.443567" lon="-121.392097"/>
      <trkpt lat="40.443582" lon="-121.392235"/>
      <trkpt lat="40.443633" lon="-121.392442"/>
      <trkpt lat="40.443716" lon="-121.392696"/>
      <trkpt lat="40.443751" lon="-121.392858"/>
      <trkpt lat="40.443795" lon="-121.393025"/>
      <trkpt lat="40.443783" lon="-121.393143"/>
      <trkpt lat="40.443810" lon="-121.393301"/>
      <trkpt lat="40.443881" lon="-121.393481"/>
      <trkpt lat="40.443906" lon="-121.393623"/>
      <trkpt lat="40.443936" lon="-121.393845"/>
      <trkpt lat="40.444096" lon="-121.394445"/>
      <trkpt lat="40.444204" lon="-121.394739"/>
      <trkpt lat="40.444353" lon="-121.395054"/>
      <trkpt lat="40.444439" lon="-121.395322"/>
      <trkpt lat="40.444554" lon="-121.395569"/>
      <trkpt lat="40.444575" lon="-121.395716"/>
      <trkpt lat="40.444699" lon="-121.395911"/>
      <trkpt lat="40.444712" lon="-121.396137"/>
      <trkpt lat="40.444730" lon="-121.396190"/>
      <trkpt lat="40.444792" lon="-121.396233"/>
      <trkpt lat="40.444794" lon="-121.396493"/>
      <trkpt lat="40.445056" lon="-121.397428"/>
      <trkpt lat="40.445233" lon="-121.397946"/>
      <trkpt lat="40.445339" lon="-121.398494"/>
      <trkpt lat="40.445359" lon="-121.398698"/>
      <trkpt lat="40.445386" lon="-121.398749"/>
      <trkpt lat="40.445408" lon="-121.398776"/>
      <trkpt lat="40.445434" lon="-121.398671"/>
      <trkpt lat="40.445452" lon="-121.398434"/>
      <trkpt lat="40.445527" lon="-121.397871"/>
      <trkpt lat="40.445548" lon="-121.397506"/>
      <trkpt lat="40.445583" lon="-121.397352"/>
      <trkpt lat="40.445649" lon="-121.397172"/>
      <trkpt lat="40.445657" lon="-121.397072"/>
      <trkpt lat="40.445698" lon="-121.396989"/>
      <trkpt lat="40.445759" lon="-121.397161"/>
      <trkpt lat="40.445802" lon="-121.397324"/>
      <trkpt lat="40.445896" lon="-121.397737"/>
      <trkpt lat="40.445935" lon="-121.398000"/>
      <trkpt lat="40.445979" lon="-121.398220"/>
      <trkpt lat="40.446049" lon="-121.398448"/>
      <trkpt lat="40.446139" lon="-121.398625"/>
      <trkpt lat="40.446197" lon="-121.398761"/>
      <trkpt lat="40.446241" lon="-121.399140"/>
      <trkpt lat="40.446282" lon="-121.399352"/>
      <trkpt lat="40.446410" lon="-121.399677"/>
      <trkpt lat="40.446488" lon="-121.399827"/>
      <trkpt lat="40.446553" lon="-121.399902"/>
      <trkpt lat="40.446703" lon="-121.400029"/>
      <trkpt lat="40.446780" lon="-121.400152"/>
      <trkpt lat="40.446835" lon="-121.400272"/>
      <trkpt lat="40.446874" lon="-121.400392"/>
      <trkpt lat="40.446894" lon="-121.400479"/>
      <trkpt lat="40.446906" lon="-121.400640"/>
      <trkpt lat="40.446933" lon="-121.400747"/>
      <trkpt lat="40.447025" lon="-121.400964"/>
      <trkpt lat="40.447072" lon="-121.401101"/>
      <trkpt lat="40.447112" lon="-121.401187"/>
      <trkpt lat="40.447315" lon="-121.401395"/>
      <trkpt lat="40.447620" lon="-121.401913"/>
      <trkpt lat="40.447821" lon="-121.402220"/>
      <trkpt lat="40.447888" lon="-121.402372"/>
      <trkpt lat="40.447998" lon="-121.402555"/>
      <trkpt lat="40.448167" lon="-121.402874"/>
      <trkpt lat="40.448234" lon="-121.402977"/>
      <trkpt lat="40.448496" lon="-121.403351"/>
      <trkpt lat="40.448639" lon="-121.403566"/>
      <trkpt lat="40.448805" lon="-121.403732"/>
      <trkpt lat="40.448868" lon="-121.403815"/>
      <trkpt lat="40.448925" lon="-121.403987"/>
      <trkpt lat="40.448990" lon="-121.404143"/>
      <trkpt lat="40.449088" lon="-121.404333"/>
      <trkpt lat="40.449198" lon="-121.404524"/>
      <trkpt lat="40.449333" lon="-121.404685"/>
      <trkpt lat="40.449484" lon="-121.404854"/>
      <trkpt lat="40.449611" lon="-121.404979"/>
      <trkpt lat="40.449682" lon="-121.405012"/>
      <trkpt lat="40.449881" lon="-121.405018"/>
      <trkpt lat="40.449958" lon="-121.405057"/>
      <trkpt lat="40.450017" lon="-121.405068"/>
      <trkpt lat="40.450068" lon="-121.405041"/>
      <trkpt lat="40.450115" lon="-121.405030"/>
      <trkpt lat="40.450196" lon="-121.405079"/>
      <trkpt lat="40.450258" lon="-121.405100"/>
      <trkpt lat="40.450435" lon="-121.405090"/>
      <trkpt lat="40.450525" lon="-121.405071"/>
      <trkpt lat="40.450709" lon="-121.404969"/>
      <trkpt lat="40.450803" lon="-121.404899"/>
      <trkpt lat="40.450882" lon="-121.404888"/>
      <trkpt lat="40.450931" lon="-121.404870"/>
      <trkpt lat="40.450980" lon="-121.404816"/>
      <trkpt lat="40.451025" lon="-121.404719"/>
      <trkpt lat="40.451029" lon="-121.404495"/>
      <trkpt lat="40.451035" lon="-121.404440"/>
      <trkpt lat="40.451076" lon="-121.404416"/>
      <trkpt lat="40.451125" lon="-121.404403"/>
      <trkpt lat="40.451166" lon="-121.404411"/>
      <trkpt lat="40.451317" lon="-121.404513"/>
      <trkpt lat="40.451456" lon="-121.404537"/>
      <trkpt lat="40.451527" lon="-121.404537"/>
      <trkpt lat="40.451570" lon="-121.404518"/>
      <trkpt lat="40.451662" lon="-121.404414"/>
      <trkpt lat="40.451836" lon="-121.404309"/>
      <trkpt lat="40.451872" lon="-121.404253"/>
      <trkpt lat="40.451925" lon="-121.404194"/>
      <trkpt lat="40.452062" lon="-121.404186"/>
      <trkpt lat="40.452256" lon="-121.404202"/>
      <trkpt lat="40.452370" lon="-121.404218"/>
      <trkpt lat="40.452501" lon="-121.404199"/>
      <trkpt lat="40.452566" lon="-121.404204"/>
      <trkpt lat="40.452619" lon="-121.404261"/>
      <trkpt lat="40.452680" lon="-121.404301"/>
      <trkpt lat="40.452779" lon="-121.404304"/>
      <trkpt lat="40.452921" lon="-121.404322"/>
      <trkpt lat="40.453042" lon="-121.404365"/>
      <trkpt lat="40.453176" lon="-121.404363"/>
      <trkpt lat="40.453623" lon="-121.404325"/>
      <trkpt lat="40.453787" lon="-121.404298"/>
      <trkpt lat="40.453995" lon="-121.404282"/>
      <trkpt lat="40.454146" lon="-121.404261"/>
      <trkpt lat="40.454215" lon="-121.404239"/>
      <trkpt lat="40.454274" lon="-121.404186"/>
      <trkpt lat="40.454326" lon="-121.404100"/>
      <trkpt lat="40.454368" lon="-121.404006"/>
      <trkpt lat="40.454554" lon="-121.403778"/>
      <trkpt lat="40.454628" lon="-121.403711"/>
      <trkpt lat="40.454687" lon="-121.403695"/>
      <trkpt lat="40.454717" lon="-121.403673"/>
      <trkpt lat="40.454752" lon="-121.403586"/>
      <trkpt lat="40.454762" lon="-121.403518"/>
      <trkpt lat="40.454772" lon="-121.403410"/>
      <trkpt lat="40.454795" lon="-121.403354"/>
      <trkpt lat="40.454850" lon="-121.403354"/>
      <trkpt lat="40.454909" lon="-121.403392"/>
      <trkpt lat="40.454940" lon="-121.403424"/>
      <trkpt lat="40.454989" lon="-121.403451"/>
      <trkpt lat="40.455024" lon="-121.403445"/>
      <trkpt lat="40.455097" lon="-121.403402"/>
      <trkpt lat="40.455158" lon="-121.403376"/>
      <trkpt lat="40.455193" lon="-121.403314"/>
      <trkpt lat="40.455197" lon="-121.403255"/>
      <trkpt lat="40.455219" lon="-121.403160"/>
      <trkpt lat="40.455240" lon="-121.403099"/>
      <trkpt lat="40.455283" lon="-121.403014"/>
      <trkpt lat="40.455283" lon="-121.402944"/>
      <trkpt lat="40.455244" lon="-121.402654"/>
      <trkpt lat="40.455244" lon="-121.402603"/>
      <trkpt lat="40.455277" lon="-121.402574"/>
      <trkpt lat="40.455334" lon="-121.402614"/>
      <trkpt lat="40.455399" lon="-121.402705"/>
      <trkpt lat="40.455597" lon="-121.403003"/>
      <trkpt lat="40.455679" lon="-121.403091"/>
      <trkpt lat="40.455785" lon="-121.403142"/>
      <trkpt lat="40.455893" lon="-121.403172"/>
      <trkpt lat="40.456002" lon="-121.403182"/>
      <trkpt lat="40.456095" lon="-121.403220"/>
      <trkpt lat="40.456336" lon="-121.403381"/>
      <trkpt lat="40.456403" lon="-121.403416"/>
      <trkpt lat="40.456450" lon="-121.403419"/>
      <trkpt lat="40.456462" lon="-121.403384"/>
      <trkpt lat="40.456464" lon="-121.403306"/>
      <trkpt lat="40.456393" lon="-121.402866"/>
      <trkpt lat="40.456350" lon="-121.402641"/>
      <trkpt lat="40.456342" lon="-121.402477"/>
      <trkpt lat="40.456317" lon="-121.402321"/>
      <trkpt lat="40.456285" lon="-121.402152"/>
      <trkpt lat="40.456250" lon="-121.401627"/>
      <trkpt lat="40.456293" lon="-121.401608"/>
      <trkpt lat="40.456360" lon="-121.401646"/>
      <trkpt lat="40.456453" lon="-121.401734"/>
      <trkpt lat="40.456783" lon="-121.401991"/>
      <trkpt lat="40.456850" lon="-121.402010"/>
      <trkpt lat="40.456931" lon="-121.402012"/>
      <trkpt lat="40.457007" lon="-121.402029"/>
      <trkpt lat="40.457087" lon="-121.402096"/>
      <trkpt lat="40.457142" lon="-121.402160"/>
      <trkpt lat="40.457197" lon="-121.402185"/>
      <trkpt lat="40.457346" lon="-121.402155"/>
      <trkpt lat="40.457434" lon="-121.402160"/>
      <trkpt lat="40.457518" lon="-121.402187"/>
      <trkpt lat="40.457603" lon="-121.402257"/>
      <trkpt lat="40.457789" lon="-121.402464"/>
      <trkpt lat="40.457850" lon="-121.402458"/>
      <trkpt lat="40.457899" lon="-121.402466"/>
      <trkpt lat="40.457938" lon="-121.402509"/>
      <trkpt lat="40.457938" lon="-121.402582"/>
      <trkpt lat="40.457968" lon="-121.402692"/>
      <trkpt lat="40.458007" lon="-121.402726"/>
      <trkpt lat="40.458064" lon="-121.402743"/>
      <trkpt lat="40.458188" lon="-121.402879"/>
      <trkpt lat="40.458205" lon="-121.402930"/>
      <trkpt lat="40.458240" lon="-121.402965"/>
      <trkpt lat="40.458271" lon="-121.402957"/>
      <trkpt lat="40.458291" lon="-121.402914"/>
      <trkpt lat="40.458364" lon="-121.402835"/>
      <trkpt lat="40.458451" lon="-121.402853"/>
      <trkpt lat="40.458525" lon="-121.402917"/>
      <trkpt lat="40.458611" lon="-121.403011"/>
      <trkpt lat="40.458664" lon="-121.403102"/>
      <trkpt lat="40.458771" lon="-121.403207"/>
      <trkpt lat="40.459057" lon="-121.403450"/>
      <trkpt lat="40.459282" lon="-121.403732"/>
      <trkpt lat="40.459390" lon="-121.403832"/>
      <trkpt lat="40.459511" lon="-121.404000"/>
      <trkpt lat="40.459618" lon="-121.404092"/>
      <trkpt lat="40.459720" lon="-121.404118"/>
      <trkpt lat="40.459785" lon="-121.404060"/>
      <trkpt lat="40.459813" lon="-121.403936"/>
      <trkpt lat="40.459793" lon="-121.403684"/>
      <trkpt lat="40.459789" lon="-121.403480"/>
      <trkpt lat="40.459777" lon="-121.403335"/>
      <trkpt lat="40.459760" lon="-121.403255"/>
      <trkpt lat="40.459773" lon="-121.403169"/>
      <trkpt lat="40.459756" lon="-121.403099"/>
      <trkpt lat="40.459758" lon="-121.402732"/>
      <trkpt lat="40.459779" lon="-121.402630"/>
      <trkpt lat="40.459912" lon="-121.402389"/>
      <trkpt lat="40.459936" lon="-121.402332"/>
      <trkpt lat="40.459987" lon="-121.402308"/>
      <trkpt lat="40.460081" lon="-121.402333"/>
      <trkpt lat="40.460150" lon="-121.402391"/>
      <trkpt lat="40.460222" lon="-121.402434"/>
      <trkpt lat="40.460291" lon="-121.402439"/>
      <trkpt lat="40.460344" lon="-121.402466"/>
      <trkpt lat="40.460391" lon="-121.402533"/>
      <trkpt lat="40.460652" lon="-121.402649"/>
      <trkpt lat="40.460693" lon="-121.402705"/>
      <trkpt lat="40.460722" lon="-121.402909"/>
      <trkpt lat="40.460758" lon="-121.403056"/>
      <trkpt lat="40.460848" lon="-121.403362"/>
      <trkpt lat="40.460907" lon="-121.403432"/>
      <trkpt lat="40.460985" lon="-121.403480"/>
      <trkpt lat="40.461113" lon="-121.403531"/>
      <trkpt lat="40.461216" lon="-121.403593"/>
      <trkpt lat="40.461391" lon="-121.403738"/>
      <trkpt lat="40.461507" lon="-121.403786"/>
      <trkpt lat="40.461589" lon="-121.403802"/>
      <trkpt lat="40.461644" lon="-121.403842"/>
      <trkpt lat="40.461675" lon="-121.403923"/>
      <trkpt lat="40.461750" lon="-121.404006"/>
      <trkpt lat="40.461889" lon="-121.404033"/>
      <trkpt lat="40.461979" lon="-121.404019"/>
      <trkpt lat="40.462085" lon="-121.403993"/>
      <trkpt lat="40.462377" lon="-121.403787"/>
      <trkpt lat="40.462495" lon="-121.403762"/>
      <trkpt lat="40.462638" lon="-121.403775"/>
      <trkpt lat="40.462913" lon="-121.403861"/>
      <trkpt lat="40.463060" lon="-121.403915"/>
      <trkpt lat="40.463250" lon="-121.403950"/>
      <trkpt lat="40.463491" lon="-121.403962"/>
      <trkpt lat="40.463676" lon="-121.403945"/>
      <trkpt lat="40.463801" lon="-121.403968"/>
      <trkpt lat="40.463945" lon="-121.403880"/>
      <trkpt lat="40.464028" lon="-121.403869"/>
      <trkpt lat="40.464099" lon="-121.403869"/>
      <trkpt lat="40.464181" lon="-121.403885"/>
      <trkpt lat="40.464266" lon="-121.403877"/>
      <trkpt lat="40.464381" lon="-121.403850"/>
      <trkpt lat="40.464419" lon="-121.403824"/>
    </trkseg>
    <trkseg>
      <trkpt lat="40.442398" lon="-121.400242"/>
      <trkpt lat="40.442525" lon="-121.400347"/>
    </trkseg>
    <trkseg>
      <trkpt lat="40.439464" lon="-121.400770"/>
      <trkpt lat="40.439581" lon="-121.400920"/>
      <trkpt lat="40.439674" lon="-121.401108"/>
      <trkpt lat="40.439784" lon="-121.401235"/>
      <trkpt lat="40.439865" lon="-121.401370"/>
      <trkpt lat="40.439936" lon="-121.401428"/>
      <trkpt lat="40.440032" lon="-121.401470"/>
      <trkpt lat="40.440093" lon="-121.401522"/>
      <trkpt lat="40.440130" lon="-121.401596"/>
      <trkpt lat="40.440169" lon="-121.401772"/>
      <trkpt lat="40.440231" lon="-121.401916"/>
      <trkpt lat="40.440258" lon="-121.401994"/>
      <trkpt lat="40.440272" lon="-121.402069"/>
      <trkpt lat="40.440289" lon="-121.402130"/>
      <trkpt lat="40.440336" lon="-121.402143"/>
      <trkpt lat="40.440401" lon="-121.402226"/>
      <trkpt lat="40.440480" lon="-121.402469"/>
      <trkpt lat="40.440632" lon="-121.402811"/>
      <trkpt lat="40.440833" lon="-121.403243"/>
      <trkpt lat="40.440882" lon="-121.403416"/>
      <trkpt lat="40.440970" lon="-121.403577"/>
      <trkpt lat="40.441052" lon="-121.403713"/>
      <trkpt lat="40.441068" lon="-121.403774"/>
      <trkpt lat="40.441076" lon="-121.403964"/>
      <trkpt lat="40.441085" lon="-121.404045"/>
      <trkpt lat="40.441098" lon="-121.404108"/>
      <trkpt lat="40.441174" lon="-121.404103"/>
      <trkpt lat="40.441309" lon="-121.404073"/>
      <trkpt lat="40.441551" lon="-121.403839"/>
      <trkpt lat="40.441697" lon="-121.403684"/>
      <trkpt lat="40.441760" lon="-121.403547"/>
      <trkpt lat="40.441728" lon="-121.403354"/>
      <trkpt lat="40.441724" lon="-121.403161"/>
      <trkpt lat="40.441617" lon="-121.402596"/>
      <trkpt lat="40.441605" lon="-121.402458"/>
      <trkpt lat="40.441619" lon="-121.402230"/>
      <trkpt lat="40.441615" lon="-121.401860"/>
      <trkpt lat="40.441674" lon="-121.401600"/>
      <trkpt lat="40.441711" lon="-121.401334"/>
      <trkpt lat="40.441783" lon="-121.401171"/>
      <trkpt lat="40.441893" lon="-121.400755"/>
      <trkpt lat="40.441870" lon="-121.400527"/>
      <trkpt lat="40.441877" lon="-121.400468"/>
      <trkpt lat="40.441907" lon="-121.400420"/>
      <trkpt lat="40.442096" lon="-121.400400"/>
      <trkpt lat="40.442220" lon="-121.400306"/>
      <trkpt lat="40.442324" lon="-121.400184"/>
      <trkpt lat="40.442366" lon="-121.400146"/>
      <trkpt lat="40.442393" lon="-121.400169"/>
      <trkpt lat="40.442405" lon="-121.400197"/>
      <trkpt lat="40.442398" lon="-121.400242"/>
    </trkseg>
    <trkseg>
      <trkpt lat="40.439464" lon="-121.400770"/>
      <trkpt lat="40.439379" lon="-121.400457"/>
      <trkpt lat="40.439312" lon="-121.400342"/>
      <trkpt lat="40.439277" lon="-121.400323"/>
      <trkpt lat="40.439231" lon="-121.400317"/>
      <trkpt lat="40.439187" lon="-121.400272"/>
      <trkpt lat="40.439165" lon="-121.400232"/>
      <trkpt lat="40.439151" lon="-121.400158"/>
      <trkpt lat="40.439110" lon="-121.400047"/>
      <trkpt lat="40.439041" lon="-121.399933"/>
      <trkpt lat="40.438984" lon="-121.399865"/>
      <trkpt lat="40.438971" lon="-121.399785"/>
      <trkpt lat="40.438896" lon="-121.399551"/>
      <trkpt lat="40.438833" lon="-121.399425"/>
      <trkpt lat="40.438701" lon="-121.399268"/>
      <trkpt lat="40.438623" lon="-121.399120"/>
      <trkpt lat="40.438461" lon="-121.398940"/>
      <trkpt lat="40.438360" lon="-121.398821"/>
      <trkpt lat="40.438255" lon="-121.398726"/>
      <trkpt lat="40.438198" lon="-121.398708"/>
      <trkpt lat="40.438122" lon="-121.398717"/>
      <trkpt lat="40.437910" lon="-121.398758"/>
      <trkpt lat="40.437779" lon="-121.398747"/>
      <trkpt lat="40.437657" lon="-121.398721"/>
      <trkpt lat="40.437582" lon="-121.398619"/>
      <trkpt lat="40.437529" lon="-121.398525"/>
      <trkpt lat="40.437508" lon="-121.398423"/>
      <trkpt lat="40.437502" lon="-121.398298"/>
      <trkpt lat="40.437460" lon="-121.398212"/>
      <trkpt lat="40.437389" lon="-121.398118"/>
      <trkpt lat="40.437339" lon="-121.398000"/>
      <trkpt lat="40.437340" lon="-121.397900"/>
      <trkpt lat="40.437377" lon="-121.397703"/>
      <trkpt lat="40.437334" lon="-121.397652"/>
      <trkpt lat="40.437273" lon="-121.397628"/>
      <trkpt lat="40.437104" lon="-121.397617"/>
      <trkpt lat="40.436940" lon="-121.397553"/>
      <trkpt lat="40.436840" lon="-121.397468"/>
      <trkpt lat="40.436784" lon="-121.397372"/>
      <trkpt lat="40.436815" lon="-121.397209"/>
    </trkseg>
    <trkseg>
      <trkpt lat="40.436815" lon="-121.397209"/>
      <trkpt lat="40.436861" lon="-121.397062"/>
      <trkpt lat="40.436946" lon="-121.396791"/>
      <trkpt lat="40.436973" lon="-121.396658"/>
      <trkpt lat="40.436976" lon="-121.396530"/>
      <trkpt lat="40.436962" lon="-121.396409"/>
      <trkpt lat="40.436874" lon="-121.396144"/>
      <trkpt lat="40.436840" lon="-121.396075"/>
      <trkpt lat="40.436802" lon="-121.396022"/>
      <trkpt lat="40.436740" lon="-121.395979"/>
      <trkpt lat="40.436686" lon="-121.395960"/>
      <trkpt lat="40.436628" lon="-121.395958"/>
      <trkpt lat="40.436560" lon="-121.395970"/>
      <trkpt lat="40.436501" lon="-121.395938"/>
      <trkpt lat="40.436471" lon="-121.395884"/>
      <trkpt lat="40.436463" lon="-121.395767"/>
      <trkpt lat="40.436424" lon="-121.395637"/>
      <trkpt lat="40.436343" lon="-121.395513"/>
      <trkpt lat="40.436284" lon="-121.395419"/>
      <trkpt lat="40.436217" lon="-121.395290"/>
      <trkpt lat="40.436164" lon="-121.395199"/>
      <trkpt lat="40.436083" lon="-121.395110"/>
      <trkpt lat="40.436011" lon="-121.395011"/>
      <trkpt lat="40.435967" lon="-121.394947"/>
      <trkpt lat="40.435944" lon="-121.394862"/>
      <trkpt lat="40.435918" lon="-121.394806"/>
      <trkpt lat="40.435870" lon="-121.394783"/>
      <trkpt lat="40.435803" lon="-121.394774"/>
      <trkpt lat="40.435755" lon="-121.394735"/>
      <trkpt lat="40.435702" lon="-121.394705"/>
      <trkpt lat="40.435547" lon="-121.394500"/>
      <trkpt lat="40.435471" lon="-121.394428"/>
      <trkpt lat="40.435399" lon="-121.394382"/>
      <trkpt lat="40.435322" lon="-121.394357"/>
      <trkpt lat="40.435254" lon="-121.394353"/>
      <trkpt lat="40.435163" lon="-121.394379"/>
      <trkpt lat="40.435052" lon="-121.394362"/>
      <trkpt lat="40.434923" lon="-121.394366"/>
      <trkpt lat="40.434839" lon="-121.394387"/>
      <trkpt lat="40.434775" lon="-121.394373"/>
      <trkpt lat="40.434725" lon="-121.394329"/>
      <trkpt lat="40.434682" lon="-121.394252"/>
      <trkpt lat="40.434628" lon="-121.394134"/>
      <trkpt lat="40.434527" lon="-121.393984"/>
      <trkpt lat="40.434447" lon="-121.393848"/>
      <trkpt lat="40.434329" lon="-121.393757"/>
      <trkpt lat="40.434238" lon="-121.393721"/>
      <trkpt lat="40.434125" lon="-121.393666"/>
      <trkpt lat="40.434074" lon="-121.393689"/>
      <trkpt lat="40.434029" lon="-121.393716"/>
      <trkpt lat="40.433974" lon="-121.393704"/>
      <trkpt lat="40.433916" lon="-121.393647"/>
      <trkpt lat="40.433850" lon="-121.393572"/>
      <trkpt lat="40.433711" lon="-121.393475"/>
      <trkpt lat="40.433606" lon="-121.393361"/>
      <trkpt lat="40.433532" lon="-121.393260"/>
      <trkpt lat="40.433475" lon="-121.393139"/>
      <trkpt lat="40.433458" lon="-121.393032"/>
      <trkpt lat="40.433444" lon="-121.392947"/>
      <trkpt lat="40.433378" lon="-121.392826"/>
      <trkpt lat="40.433337" lon="-121.392782"/>
      <trkpt lat="40.433281" lon="-121.392762"/>
      <trkpt lat="40.433194" lon="-121.392771"/>
      <trkpt lat="40.433145" lon="-121.392750"/>
      <trkpt lat="40.433066" lon="-121.392687"/>
      <trkpt lat="40.432970" lon="-121.392660"/>
      <trkpt lat="40.432912" lon="-121.392660"/>
      <trkpt lat="40.432851" lon="-121.392645"/>
      <trkpt lat="40.432811" lon="-121.392596"/>
      <trkpt lat="40.432774" lon="-121.392501"/>
      <trkpt lat="40.432741" lon="-121.392416"/>
      <trkpt lat="40.432612" lon="-121.392218"/>
      <trkpt lat="40.432494" lon="-121.392004"/>
      <trkpt lat="40.432423" lon="-121.391868"/>
      <trkpt lat="40.432307" lon="-121.391713"/>
      <trkpt lat="40.432169" lon="-121.391569"/>
      <trkpt lat="40.432108" lon="-121.391487"/>
      <trkpt lat="40.432061" lon="-121.391402"/>
      <trkpt lat="40.432008" lon="-121.391288"/>
      <trkpt lat="40.431943" lon="-121.391211"/>
      <trkpt lat="40.431829" lon="-121.391082"/>
      <trkpt lat="40.431721" lon="-121.391004"/>
      <trkpt lat="40.431642" lon="-121.390944"/>
      <trkpt lat="40.431600" lon="-121.390890"/>
      <trkpt lat="40.431580" lon="-121.390832"/>
      <trkpt lat="40.431566" lon="-121.390761"/>
      <trkpt lat="40.431557" lon="-121.390647"/>
      <trkpt lat="40.431522" lon="-121.390547"/>
      <trkpt lat="40.431492" lon="-121.390484"/>
      <trkpt lat="40.431455" lon="-121.390424"/>
      <trkpt lat="40.431376" lon="-121.390361"/>
      <trkpt lat="40.431287" lon="-121.390325"/>
      <trkpt lat="40.431206" lon="-121.390280"/>
      <trkpt lat="40.431157" lon="-121.390242"/>
      <trkpt lat="40.431081" lon="-121.390209"/>
      <trkpt lat="40.431022" lon="-121.390207"/>
      <trkpt lat="40.430999" lon="-121.390175"/>
      <trkpt lat="40.430981" lon="-121.390119"/>
      <trkpt lat="40.430939" lon="-121.390025"/>
      <trkpt lat="40.430879" lon="-121.389983"/>
      <trkpt lat="40.430811" lon="-121.389966"/>
      <trkpt lat="40.430762" lon="-121.389940"/>
      <trkpt lat="40.430715" lon="-121.389891"/>
      <trkpt lat="40.430667" lon="-121.389832"/>
      <trkpt lat="40.430625" lon="-121.389754"/>
      <trkpt lat="40.430598" lon="-121.389664"/>
      <trkpt lat="40.430499" lon="-121.389512"/>
      <trkpt lat="40.430456" lon="-121.389442"/>
      <trkpt lat="40.430361" lon="-121.389352"/>
      <trkpt lat="40.430297" lon="-121.389305"/>
      <trkpt lat="40.430238" lon="-121.389278"/>
      <trkpt lat="40.430188" lon="-121.389240"/>
      <trkpt lat="40.430168" lon="-121.389206"/>
      <trkpt lat="40.430157" lon="-121.389145"/>
      <trkpt lat="40.430153" lon="-121.389063"/>
      <trkpt lat="40.430122" lon="-121.388995"/>
      <trkpt lat="40.430036" lon="-121.388892"/>
      <trkpt lat="40.429982" lon="-121.388796"/>
      <trkpt lat="40.429960" lon="-121.388727"/>
      <trkpt lat="40.429937" lon="-121.388634"/>
      <trkpt lat="40.429910" lon="-121.388563"/>
      <trkpt lat="40.429858" lon="-121.388488"/>
      <trkpt lat="40.429812" lon="-121.388420"/>
      <trkpt lat="40.429781" lon="-121.388340"/>
      <trkpt lat="40.429727" lon="-121.388263"/>
      <trkpt lat="40.429643" lon="-121.388185"/>
      <trkpt lat="40.429573" lon="-121.388147"/>
      <trkpt lat="40.429442" lon="-121.388088"/>
      <trkpt lat="40.429314" lon="-121.388029"/>
      <trkpt lat="40.429256" lon="-121.387968"/>
      <trkpt lat="40.429218" lon="-121.387886"/>
      <trkpt lat="40.429162" lon="-121.387766"/>
      <trkpt lat="40.429129" lon="-121.387670"/>
      <trkpt lat="40.429102" lon="-121.387572"/>
      <trkpt lat="40.429053" lon="-121.387505"/>
      <trkpt lat="40.429000" lon="-121.387477"/>
      <trkpt lat="40.428954" lon="-121.387478"/>
      <trkpt lat="40.428911" lon="-121.387457"/>
      <trkpt lat="40.428875" lon="-121.387411"/>
      <trkpt lat="40.428850" lon="-121.387340"/>
      <trkpt lat="40.428830" lon="-121.387280"/>
      <trkpt lat="40.428725" lon="-121.387132"/>
      <trkpt lat="40.428700" lon="-121.387089"/>
      <trkpt lat="40.428652" lon="-121.387058"/>
      <trkpt lat="40.428590" lon="-121.387049"/>
      <trkpt lat="40.428525" lon="-121.387065"/>
      <trkpt lat="40.428469" lon="-121.387053"/>
      <trkpt lat="40.428429" lon="-121.387002"/>
      <trkpt lat="40.428404" lon="-121.386930"/>
      <trkpt lat="40.428385" lon="-121.386869"/>
      <trkpt lat="40.428371" lon="-121.386796"/>
      <trkpt lat="40.428338" lon="-121.386751"/>
      <trkpt lat="40.428278" lon="-121.386715"/>
      <trkpt lat="40.428146" lon="-121.386651"/>
      <trkpt lat="40.427998" lon="-121.386562"/>
      <trkpt lat="40.427910" lon="-121.386490"/>
      <trkpt lat="40.427848" lon="-121.386392"/>
      <trkpt lat="40.427814" lon="-121.386268"/>
      <trkpt lat="40.427802" lon="-121.386177"/>
      <trkpt lat="40.427822" lon="-121.386086"/>
      <trkpt lat="40.427848" lon="-121.386011"/>
      <trkpt lat="40.427834" lon="-121.385940"/>
      <trkpt lat="40.427779" lon="-121.385858"/>
      <trkpt lat="40.427630" lon="-121.385685"/>
      <trkpt lat="40.427533" lon="-121.385546"/>
      <trkpt lat="40.427439" lon="-121.385414"/>
      <trkpt lat="40.427411" lon="-121.385312"/>
      <trkpt lat="40.427368" lon="-121.385218"/>
      <trkpt lat="40.427359" lon="-121.385165"/>
      <trkpt lat="40.427370" lon="-121.385098"/>
      <trkpt lat="40.427409" lon="-121.385023"/>
      <trkpt lat="40.427403" lon="-121.384938"/>
      <trkpt lat="40.427349" lon="-121.384875"/>
      <trkpt lat="40.427276" lon="-121.384827"/>
      <trkpt lat="40.427166" lon="-121.384758"/>
      <trkpt lat="40.426963" lon="-121.384525"/>
      <trkpt lat="40.426812" lon="-121.384309"/>
      <trkpt lat="40.426748" lon="-121.384179"/>
      <trkpt lat="40.426682" lon="-121.384124"/>
      <trkpt lat="40.426559" lon="-121.384002"/>
      <trkpt lat="40.426506" lon="-121.383904"/>
      <trkpt lat="40.426372" lon="-121.383610"/>
      <trkpt lat="40.426312" lon="-121.383478"/>
      <trkpt lat="40.426243" lon="-121.383368"/>
      <trkpt lat="40.426158" lon="-121.383267"/>
      <trkpt lat="40.426112" lon="-121.383178"/>
      <trkpt lat="40.426073" lon="-121.383097"/>
      <trkpt lat="40.426045" lon="-121.382995"/>
      <trkpt lat="40.426040" lon="-121.382885"/>
      <trkpt lat="40.425995" lon="-121.382745"/>
      <trkpt lat="40.425943" lon="-121.382598"/>
      <trkpt lat="40.425872" lon="-121.382448"/>
      <trkpt lat="40.425807" lon="-121.382355"/>
      <trkpt lat="40.425655" lon="-121.382216"/>
      <trkpt lat="40.425448" lon="-121.382048"/>
      <trkpt lat="40.425281" lon="-121.381927"/>
      <trkpt lat="40.425059" lon="-121.381776"/>
      <trkpt lat="40.424778" lon="-121.381607"/>
      <trkpt lat="40.424693" lon="-121.381529"/>
      <trkpt lat="40.424569" lon="-121.381385"/>
      <trkpt lat="40.424454" lon="-121.381259"/>
      <trkpt lat="40.424380" lon="-121.381223"/>
      <trkpt lat="40.424291" lon="-121.381202"/>
      <trkpt lat="40.424229" lon="-121.381151"/>
      <trkpt lat="40.424115" lon="-121.380987"/>
      <trkpt lat="40.423971" lon="-121.380825"/>
      <trkpt lat="40.423814" lon="-121.380637"/>
      <trkpt lat="40.423736" lon="-121.380502"/>
      <trkpt lat="40.423685" lon="-121.380460"/>
      <trkpt lat="40.423625" lon="-121.380439"/>
      <trkpt lat="40.423570" lon="-121.380404"/>
      <trkpt lat="40.423537" lon="-121.380354"/>
      <trkpt lat="40.423527" lon="-121.380289"/>
      <trkpt lat="40.423527" lon="-121.380210"/>
      <trkpt lat="40.423524" lon="-121.380125"/>
      <trkpt lat="40.423506" lon="-121.380043"/>
      <trkpt lat="40.423478" lon="-121.379971"/>
      <trkpt lat="40.423235" lon="-121.379700"/>
      <trkpt lat="40.423198" lon="-121.379637"/>
      <trkpt lat="40.423177" lon="-121.379572"/>
      <trkpt lat="40.423138" lon="-121.379440"/>
      <trkpt lat="40.423095" lon="-121.379386"/>
      <trkpt lat="40.423001" lon="-121.379354"/>
      <trkpt lat="40.422917" lon="-121.379320"/>
      <trkpt lat="40.422806" lon="-121.379343"/>
      <trkpt lat="40.422755" lon="-121.379387"/>
      <trkpt lat="40.422688" lon="-121.379456"/>
      <trkpt lat="40.422604" lon="-121.379516"/>
      <trkpt lat="40.422535" lon="-121.379543"/>
      <trkpt lat="40.422468" lon="-121.379519"/>
    </trkseg>
    <trkseg>
      <trkpt lat="40.411432" lon="-121.387461"/>
      <trkpt lat="40.411444" lon="-121.387506"/>
      <trkpt lat="40.411464" lon="-121.387522"/>
      <trkpt lat="40.411488" lon="-121.387512"/>
      <trkpt lat="40.411584" lon="-121.387397"/>
      <trkpt lat="40.411660" lon="-121.387328"/>
      <trkpt lat="40.411809" lon="-121.387344"/>
      <trkpt lat="40.411920" lon="-121.387328"/>
      <trkpt lat="40.412120" lon="-121.387357"/>
      <trkpt lat="40.412281" lon="-121.387411"/>
      <trkpt lat="40.412422" lon="-121.387406"/>
      <trkpt lat="40.412555" lon="-121.387366"/>
      <trkpt lat="40.412704" lon="-121.387280"/>
      <trkpt lat="40.412859" lon="-121.387261"/>
      <trkpt lat="40.413006" lon="-121.387202"/>
      <trkpt lat="40.413178" lon="-121.387095"/>
      <trkpt lat="40.413292" lon="-121.386898"/>
      <trkpt lat="40.413333" lon="-121.386840"/>
      <trkpt lat="40.413463" lon="-121.386714"/>
      <trkpt lat="40.413570" lon="-121.386588"/>
      <trkpt lat="40.413708" lon="-121.386542"/>
      <trkpt lat="40.413813" lon="-121.386475"/>
      <trkpt lat="40.414144" lon="-121.386226"/>
      <trkpt lat="40.414190" lon="-121.386183"/>
      <trkpt lat="40.414250" lon="-121.386183"/>
      <trkpt lat="40.414307" lon="-121.386211"/>
      <trkpt lat="40.414378" lon="-121.386276"/>
      <trkpt lat="40.414436" lon="-121.386387"/>
      <trkpt lat="40.414489" lon="-121.386411"/>
      <trkpt lat="40.414527" lon="-121.386413"/>
      <trkpt lat="40.414576" lon="-121.386408"/>
      <trkpt lat="40.414648" lon="-121.386314"/>
      <trkpt lat="40.414769" lon="-121.386120"/>
      <trkpt lat="40.414842" lon="-121.386078"/>
      <trkpt lat="40.414961" lon="-121.386088"/>
      <trkpt lat="40.415023" lon="-121.386132"/>
      <trkpt lat="40.415097" lon="-121.386167"/>
      <trkpt lat="40.415148" lon="-121.386215"/>
      <trkpt lat="40.415225" lon="-121.386235"/>
      <trkpt lat="40.415324" lon="-121.386231"/>
      <trkpt lat="40.415424" lon="-121.386247"/>
      <trkpt lat="40.415503" lon="-121.386225"/>
      <trkpt lat="40.415573" lon="-121.386140"/>
      <trkpt lat="40.415624" lon="-121.386035"/>
      <trkpt lat="40.415845" lon="-121.385754"/>
      <trkpt lat="40.416091" lon="-121.385594"/>
      <trkpt lat="40.416173" lon="-121.385490"/>
      <trkpt lat="40.416259" lon="-121.385448"/>
      <trkpt lat="40.416339" lon="-121.385440"/>
      <trkpt lat="40.416384" lon="-121.385383"/>
      <trkpt lat="40.416408" lon="-121.385295"/>
      <trkpt lat="40.416424" lon="-121.385190"/>
      <trkpt lat="40.416484" lon="-121.385061"/>
      <trkpt lat="40.416579" lon="-121.384903"/>
      <trkpt lat="40.416727" lon="-121.384745"/>
      <trkpt lat="40.416845" lon="-121.384672"/>
      <trkpt lat="40.416928" lon="-121.384556"/>
      <trkpt lat="40.416988" lon="-121.384506"/>
      <trkpt lat="40.417100" lon="-121.384471"/>
      <trkpt lat="40.417235" lon="-121.384359"/>
      <trkpt lat="40.417405" lon="-121.384281"/>
      <trkpt lat="40.417558" lon="-121.384174"/>
      <trkpt lat="40.417674" lon="-121.384112"/>
      <trkpt lat="40.417744" lon="-121.384037"/>
      <trkpt lat="40.417793" lon="-121.383884"/>
      <trkpt lat="40.417860" lon="-121.383745"/>
      <trkpt lat="40.417911" lon="-121.383594"/>
      <trkpt lat="40.417948" lon="-121.383468"/>
      <trkpt lat="40.417999" lon="-121.383388"/>
      <trkpt lat="40.418036" lon="-121.383364"/>
      <trkpt lat="40.418064" lon="-121.383299"/>
      <trkpt lat="40.418079" lon="-121.383181"/>
      <trkpt lat="40.418134" lon="-121.383071"/>
      <trkpt lat="40.418177" lon="-121.383014"/>
      <trkpt lat="40.418279" lon="-121.382937"/>
      <trkpt lat="40.418334" lon="-121.382884"/>
      <trkpt lat="40.418365" lon="-121.382767"/>
      <trkpt lat="40.418395" lon="-121.382627"/>
      <trkpt lat="40.418471" lon="-121.382503"/>
      <trkpt lat="40.418540" lon="-121.382449"/>
      <trkpt lat="40.418661" lon="-121.382288"/>
      <trkpt lat="40.418761" lon="-121.382232"/>
      <trkpt lat="40.418920" lon="-121.382087"/>
      <trkpt lat="40.418983" lon="-121.382041"/>
      <trkpt lat="40.419028" lon="-121.381969"/>
      <trkpt lat="40.419069" lon="-121.381947"/>
      <trkpt lat="40.419132" lon="-121.381950"/>
      <trkpt lat="40.419191" lon="-121.381998"/>
      <trkpt lat="40.419234" lon="-121.382049"/>
      <trkpt lat="40.419279" lon="-121.382074"/>
      <trkpt lat="40.419357" lon="-121.382071"/>
      <trkpt lat="40.419616" lon="-121.381848"/>
      <trkpt lat="40.419723" lon="-121.381677"/>
      <trkpt lat="40.419763" lon="-121.381599"/>
      <trkpt lat="40.419811" lon="-121.381535"/>
      <trkpt lat="40.419926" lon="-121.381417"/>
      <trkpt lat="40.420043" lon="-121.381365"/>
      <trkpt lat="40.420108" lon="-121.381306"/>
      <trkpt lat="40.420165" lon="-121.381240"/>
      <trkpt lat="40.420206" lon="-121.381156"/>
      <trkpt lat="40.420262" lon="-121.381097"/>
      <trkpt lat="40.420335" lon="-121.381062"/>
      <trkpt lat="40.420431" lon="-121.380998"/>
      <trkpt lat="40.420480" lon="-121.380958"/>
      <trkpt lat="40.420560" lon="-121.380872"/>
      <trkpt lat="40.420621" lon="-121.380786"/>
      <trkpt lat="40.420717" lon="-121.380773"/>
      <trkpt lat="40.420778" lon="-121.380776"/>
      <trkpt lat="40.420839" lon="-121.380834"/>
      <trkpt lat="40.420880" lon="-121.380853"/>
      <trkpt lat="40.420946" lon="-121.380853"/>
      <trkpt lat="40.421017" lon="-121.380808"/>
      <trkpt lat="40.421185" lon="-121.380689"/>
      <trkpt lat="40.421231" lon="-121.380633"/>
      <trkpt lat="40.421258" lon="-121.380574"/>
      <trkpt lat="40.421256" lon="-121.380491"/>
      <trkpt lat="40.421262" lon="-121.380416"/>
      <trkpt lat="40.421274" lon="-121.380349"/>
      <trkpt lat="40.421339" lon="-121.380312"/>
      <trkpt lat="40.421538" lon="-121.380156"/>
      <trkpt lat="40.421642" lon="-121.380097"/>
      <trkpt lat="40.421911" lon="-121.379783"/>
      <trkpt lat="40.421952" lon="-121.379748"/>
      <trkpt lat="40.422013" lon="-121.379638"/>
      <trkpt lat="40.422120" lon="-121.379536"/>
      <trkpt lat="40.422278" lon="-121.379401"/>
      <trkpt lat="40.422318" lon="-121.379394"/>
      <trkpt lat="40.422367" lon="-121.379421"/>
      <trkpt lat="40.422468" lon="-121.379519"/>
    </trkseg>
    <trkseg>
      <trkpt lat="40.352247" lon="-121.351198"/>
      <trkpt lat="40.352305" lon="-121.351192"/>
      <trkpt lat="40.352354" lon="-121.351224"/>
      <trkpt lat="40.352440" lon="-121.351425"/>
      <trkpt lat="40.352478" lon="-121.351447"/>
      <trkpt lat="40.352495" lon="-121.351355"/>
      <trkpt lat="40.352443" lon="-121.351181"/>
      <trkpt lat="40.352418" lon="-121.350950"/>
      <trkpt lat="40.352324" lon="-121.350757"/>
      <trkpt lat="40.352295" lon="-121.350631"/>
      <trkpt lat="40.352236" lon="-121.350591"/>
      <trkpt lat="40.352226" lon="-121.350516"/>
      <trkpt lat="40.352233" lon="-121.350299"/>
      <trkpt lat="40.352189" lon="-121.350234"/>
      <trkpt lat="40.352180" lon="-121.350144"/>
      <trkpt lat="40.352186" lon="-121.349992"/>
      <trkpt lat="40.352241" lon="-121.349756"/>
      <trkpt lat="40.352225" lon="-121.349589"/>
      <trkpt lat="40.352272" lon="-121.349495"/>
      <trkpt lat="40.352343" lon="-121.349409"/>
      <trkpt lat="40.352431" lon="-121.349447"/>
      <trkpt lat="40.352677" lon="-121.349493"/>
      <trkpt lat="40.352830" lon="-121.349595"/>
      <trkpt lat="40.353010" lon="-121.349844"/>
      <trkpt lat="40.353265" lon="-121.349970"/>
      <trkpt lat="40.353406" lon="-121.350029"/>
      <trkpt lat="40.353549" lon="-121.350163"/>
      <trkpt lat="40.353764" lon="-121.350429"/>
      <trkpt lat="40.353909" lon="-121.350646"/>
      <trkpt lat="40.354067" lon="-121.350745"/>
      <trkpt lat="40.354222" lon="-121.350917"/>
      <trkpt lat="40.354463" lon="-121.351276"/>
      <trkpt lat="40.354516" lon="-121.351400"/>
      <trkpt lat="40.354532" lon="-121.351612"/>
      <trkpt lat="40.354594" lon="-121.351829"/>
      <trkpt lat="40.354776" lon="-121.352132"/>
      <trkpt lat="40.355136" lon="-121.352384"/>
      <trkpt lat="40.355493" lon="-121.352537"/>
      <trkpt lat="40.355734" lon="-121.352550"/>
      <trkpt lat="40.356084" lon="-121.352454"/>
      <trkpt lat="40.356713" lon="-121.352491"/>
      <trkpt lat="40.357192" lon="-121.352435"/>
      <trkpt lat="40.357476" lon="-121.352518"/>
      <trkpt lat="40.357674" lon="-121.352585"/>
      <trkpt lat="40.357858" lon="-121.352553"/>
      <trkpt lat="40.358029" lon="-121.352449"/>
      <trkpt lat="40.358187" lon="-121.352317"/>
      <trkpt lat="40.358361" lon="-121.352092"/>
      <trkpt lat="40.358561" lon="-121.351936"/>
      <trkpt lat="40.358731" lon="-121.351850"/>
      <trkpt lat="40.359078" lon="-121.351850"/>
      <trkpt lat="40.359156" lon="-121.351907"/>
      <trkpt lat="40.359213" lon="-121.352135"/>
      <trkpt lat="40.359270" lon="-121.352475"/>
      <trkpt lat="40.359279" lon="-121.352674"/>
      <trkpt lat="40.359397" lon="-121.352947"/>
      <trkpt lat="40.359483" lon="-121.353221"/>
      <trkpt lat="40.359581" lon="-121.353478"/>
      <trkpt lat="40.359671" lon="-121.353618"/>
      <trkpt lat="40.359740" lon="-121.353747"/>
      <trkpt lat="40.359897" lon="-121.353896"/>
      <trkpt lat="40.360006" lon="-121.354026"/>
      <trkpt lat="40.360108" lon="-121.354272"/>
      <trkpt lat="40.360231" lon="-121.354390"/>
      <trkpt lat="40.360560" lon="-121.354605"/>
      <trkpt lat="40.360633" lon="-121.354605"/>
      <trkpt lat="40.360758" lon="-121.354527"/>
      <trkpt lat="40.360810" lon="-121.354461"/>
      <trkpt lat="40.360856" lon="-121.354428"/>
      <trkpt lat="40.360937" lon="-121.354408"/>
      <trkpt lat="40.361038" lon="-121.354510"/>
      <trkpt lat="40.361142" lon="-121.354530"/>
      <trkpt lat="40.361234" lon="-121.354685"/>
      <trkpt lat="40.361361" lon="-121.354849"/>
      <trkpt lat="40.361506" lon="-121.355249"/>
      <trkpt lat="40.361584" lon="-121.355345"/>
      <trkpt lat="40.361894" lon="-121.355597"/>
      <trkpt lat="40.362115" lon="-121.355710"/>
      <trkpt lat="40.362246" lon="-121.355892"/>
      <trkpt lat="40.362316" lon="-121.356053"/>
      <trkpt lat="40.362361" lon="-121.356375"/>
      <trkpt lat="40.362389" lon="-121.356788"/>
      <trkpt lat="40.362422" lon="-121.357094"/>
      <trkpt lat="40.362467" lon="-121.357244"/>
      <trkpt lat="40.362512" lon="-121.357341"/>
      <trkpt lat="40.362683" lon="-121.357454"/>
      <trkpt lat="40.362851" lon="-121.357614"/>
      <trkpt lat="40.363080" lon="-121.357679"/>
      <trkpt lat="40.363174" lon="-121.357743"/>
      <trkpt lat="40.363301" lon="-121.357743"/>
      <trkpt lat="40.363411" lon="-121.357673"/>
      <trkpt lat="40.363513" lon="-121.357663"/>
      <trkpt lat="40.363689" lon="-121.357711"/>
      <trkpt lat="40.363913" lon="-121.357762"/>
      <trkpt lat="40.364257" lon="-121.357861"/>
      <trkpt lat="40.364392" lon="-121.357877"/>
      <trkpt lat="40.364572" lon="-121.357808"/>
      <trkpt lat="40.364719" lon="-121.357872"/>
      <trkpt lat="40.364846" lon="-121.358076"/>
      <trkpt lat="40.364952" lon="-121.358221"/>
      <trkpt lat="40.365050" lon="-121.358285"/>
      <trkpt lat="40.365205" lon="-121.358328"/>
      <trkpt lat="40.365353" lon="-121.358441"/>
      <trkpt lat="40.365569" lon="-121.358617"/>
      <trkpt lat="40.365921" lon="-121.358703"/>
      <trkpt lat="40.366051" lon="-121.358752"/>
      <trkpt lat="40.366219" lon="-121.358870"/>
      <trkpt lat="40.366415" lon="-121.358939"/>
      <trkpt lat="40.366562" lon="-121.359031"/>
      <trkpt lat="40.366787" lon="-121.359342"/>
      <trkpt lat="40.367053" lon="-121.359685"/>
      <trkpt lat="40.367204" lon="-121.359765"/>
      <trkpt lat="40.367416" lon="-121.359808"/>
      <trkpt lat="40.367850" lon="-121.359851"/>
      <trkpt lat="40.368263" lon="-121.359857"/>
      <trkpt lat="40.368757" lon="-121.359846"/>
      <trkpt lat="40.368998" lon="-121.360034"/>
      <trkpt lat="40.369284" lon="-121.360216"/>
      <trkpt lat="40.369517" lon="-121.360495"/>
      <trkpt lat="40.369656" lon="-121.360651"/>
      <trkpt lat="40.369951" lon="-121.360769"/>
      <trkpt lat="40.370057" lon="-121.360747"/>
      <trkpt lat="40.370147" lon="-121.360672"/>
      <trkpt lat="40.370298" lon="-121.360495"/>
      <trkpt lat="40.370367" lon="-121.360495"/>
      <trkpt lat="40.370543" lon="-121.360527"/>
      <trkpt lat="40.370690" lon="-121.360533"/>
      <trkpt lat="40.370903" lon="-121.360393"/>
      <trkpt lat="40.371042" lon="-121.360227"/>
      <trkpt lat="40.371181" lon="-121.359932"/>
      <trkpt lat="40.371230" lon="-121.359664"/>
      <trkpt lat="40.371279" lon="-121.359438"/>
      <trkpt lat="40.371373" lon="-121.359299"/>
      <trkpt lat="40.371499" lon="-121.359095"/>
      <trkpt lat="40.371692" lon="-121.358923"/>
      <trkpt lat="40.371921" lon="-121.358660"/>
      <trkpt lat="40.372096" lon="-121.358381"/>
      <trkpt lat="40.372203" lon="-121.358129"/>
      <trkpt lat="40.372305" lon="-121.357963"/>
      <trkpt lat="40.372423" lon="-121.357722"/>
      <trkpt lat="40.372574" lon="-121.357550"/>
      <trkpt lat="40.372791" lon="-121.357443"/>
      <trkpt lat="40.373089" lon="-121.357491"/>
      <trkpt lat="40.373298" lon="-121.357647"/>
      <trkpt lat="40.373518" lon="-121.357861"/>
      <trkpt lat="40.373610" lon="-121.357896"/>
      <trkpt lat="40.373641" lon="-121.357888"/>
      <trkpt lat="40.373661" lon="-121.357850"/>
      <trkpt lat="40.373647" lon="-121.357703"/>
      <trkpt lat="40.373582" lon="-121.357440"/>
      <trkpt lat="40.373555" lon="-121.357252"/>
      <trkpt lat="40.373508" lon="-121.357107"/>
      <trkpt lat="40.373400" lon="-121.356987"/>
      <trkpt lat="40.373290" lon="-121.356904"/>
      <trkpt lat="40.373085" lon="-121.356574"/>
      <trkpt lat="40.373044" lon="-121.356448"/>
      <trkpt lat="40.373067" lon="-121.356413"/>
      <trkpt lat="40.373124" lon="-121.356413"/>
      <trkpt lat="40.373332" lon="-121.356689"/>
      <trkpt lat="40.373447" lon="-121.356737"/>
      <trkpt lat="40.373598" lon="-121.356831"/>
      <trkpt lat="40.373745" lon="-121.356981"/>
      <trkpt lat="40.373913" lon="-121.357172"/>
      <trkpt lat="40.374003" lon="-121.357295"/>
      <trkpt lat="40.374088" lon="-121.357531"/>
      <trkpt lat="40.374207" lon="-121.357775"/>
      <trkpt lat="40.374356" lon="-121.357942"/>
      <trkpt lat="40.374503" lon="-121.358084"/>
      <trkpt lat="40.374657" lon="-121.358207"/>
      <trkpt lat="40.374936" lon="-121.358395"/>
      <trkpt lat="40.375366" lon="-121.358647"/>
      <trkpt lat="40.375531" lon="-121.358792"/>
      <trkpt lat="40.375735" lon="-121.358982"/>
      <trkpt lat="40.375909" lon="-121.359151"/>
      <trkpt lat="40.376103" lon="-121.359350"/>
      <trkpt lat="40.376242" lon="-121.359468"/>
      <trkpt lat="40.376340" lon="-121.359599"/>
      <trkpt lat="40.376443" lon="-121.359790"/>
      <trkpt lat="40.376567" lon="-121.359980"/>
      <trkpt lat="40.376700" lon="-121.360232"/>
      <trkpt lat="40.376825" lon="-121.360436"/>
      <trkpt lat="40.376966" lon="-121.360640"/>
      <trkpt lat="40.377109" lon="-121.360771"/>
      <trkpt lat="40.377321" lon="-121.360906"/>
      <trkpt lat="40.377442" lon="-121.360943"/>
      <trkpt lat="40.377525" lon="-121.360994"/>
      <trkpt lat="40.377593" lon="-121.361056"/>
      <trkpt lat="40.377675" lon="-121.361198"/>
      <trkpt lat="40.377816" lon="-121.361345"/>
      <trkpt lat="40.378055" lon="-121.361584"/>
      <trkpt lat="40.378326" lon="-121.361761"/>
      <trkpt lat="40.378641" lon="-121.361992"/>
      <trkpt lat="40.378809" lon="-121.362083"/>
      <trkpt lat="40.379001" lon="-121.362153"/>
      <trkpt lat="40.379084" lon="-121.362239"/>
      <trkpt lat="40.379127" lon="-121.362249"/>
      <trkpt lat="40.379326" lon="-121.362252"/>
      <trkpt lat="40.379800" lon="-121.362357"/>
      <trkpt lat="40.379916" lon="-121.362386"/>
      <trkpt lat="40.380096" lon="-121.362464"/>
      <trkpt lat="40.380278" lon="-121.362534"/>
      <trkpt lat="40.380423" lon="-121.362652"/>
      <trkpt lat="40.380531" lon="-121.362748"/>
      <trkpt lat="40.380615" lon="-121.362834"/>
      <trkpt lat="40.380709" lon="-121.363035"/>
      <trkpt lat="40.380848" lon="-121.363247"/>
      <trkpt lat="40.380985" lon="-121.363424"/>
      <trkpt lat="40.381156" lon="-121.363633"/>
      <trkpt lat="40.381285" lon="-121.363775"/>
      <trkpt lat="40.381495" lon="-121.363904"/>
      <trkpt lat="40.381669" lon="-121.364033"/>
      <trkpt lat="40.381853" lon="-121.364162"/>
      <trkpt lat="40.382182" lon="-121.364430"/>
      <trkpt lat="40.382466" lon="-121.364596"/>
      <trkpt lat="40.382578" lon="-121.364644"/>
      <trkpt lat="40.383122" lon="-121.364843"/>
      <trkpt lat="40.383635" lon="-121.364961"/>
      <trkpt lat="40.383931" lon="-121.365012"/>
      <trkpt lat="40.384172" lon="-121.365009"/>
      <trkpt lat="40.384335" lon="-121.364956"/>
      <trkpt lat="40.384546" lon="-121.364913"/>
      <trkpt lat="40.384777" lon="-121.364808"/>
      <trkpt lat="40.384899" lon="-121.364733"/>
      <trkpt lat="40.384993" lon="-121.364666"/>
      <trkpt lat="40.385136" lon="-121.364669"/>
      <trkpt lat="40.385259" lon="-121.364704"/>
      <trkpt lat="40.385424" lon="-121.364824"/>
      <trkpt lat="40.385451" lon="-121.364880"/>
      <trkpt lat="40.385498" lon="-121.364915"/>
      <trkpt lat="40.385561" lon="-121.364910"/>
      <trkpt lat="40.385612" lon="-121.364942"/>
      <trkpt lat="40.385739" lon="-121.365036"/>
      <trkpt lat="40.386000" lon="-121.365162"/>
      <trkpt lat="40.386115" lon="-121.365312"/>
      <trkpt lat="40.386188" lon="-121.365481"/>
      <trkpt lat="40.386248" lon="-121.365701"/>
      <trkpt lat="40.386258" lon="-121.365945"/>
      <trkpt lat="40.386233" lon="-121.366106"/>
      <trkpt lat="40.386244" lon="-121.366211"/>
      <trkpt lat="40.386323" lon="-121.366321"/>
      <trkpt lat="40.386644" lon="-121.366812"/>
      <trkpt lat="40.386709" lon="-121.366946"/>
      <trkpt lat="40.386769" lon="-121.366981"/>
      <trkpt lat="40.386905" lon="-121.367080"/>
      <trkpt lat="40.387006" lon="-121.367123"/>
      <trkpt lat="40.387075" lon="-121.367171"/>
      <trkpt lat="40.387128" lon="-121.367244"/>
      <trkpt lat="40.387144" lon="-121.367335"/>
      <trkpt lat="40.387138" lon="-121.367474"/>
      <trkpt lat="40.387192" lon="-121.367635"/>
      <trkpt lat="40.387310" lon="-121.367732"/>
      <trkpt lat="40.387471" lon="-121.367930"/>
      <trkpt lat="40.387539" lon="-121.368003"/>
      <trkpt lat="40.387586" lon="-121.368115"/>
      <trkpt lat="40.387721" lon="-121.368292"/>
      <trkpt lat="40.387860" lon="-121.368432"/>
      <trkpt lat="40.388005" lon="-121.368504"/>
      <trkpt lat="40.388152" lon="-121.368528"/>
      <trkpt lat="40.388356" lon="-121.368676"/>
      <trkpt lat="40.388505" lon="-121.368861"/>
      <trkpt lat="40.388605" lon="-121.368928"/>
      <trkpt lat="40.388716" lon="-121.369030"/>
      <trkpt lat="40.388869" lon="-121.369218"/>
      <trkpt lat="40.389147" lon="-121.369542"/>
      <trkpt lat="40.389243" lon="-121.369623"/>
      <trkpt lat="40.389255" lon="-121.369725"/>
      <trkpt lat="40.389355" lon="-121.369851"/>
      <trkpt lat="40.389506" lon="-121.369985"/>
      <trkpt lat="40.389956" lon="-121.370215"/>
      <trkpt lat="40.390164" lon="-121.370301"/>
      <trkpt lat="40.390425" lon="-121.370387"/>
      <trkpt lat="40.390562" lon="-121.370465"/>
      <trkpt lat="40.390620" lon="-121.370476"/>
      <trkpt lat="40.390716" lon="-121.370425"/>
      <trkpt lat="40.390799" lon="-121.370285"/>
      <trkpt lat="40.390912" lon="-121.370162"/>
      <trkpt lat="40.391044" lon="-121.370105"/>
      <trkpt lat="40.391128" lon="-121.370097"/>
      <trkpt lat="40.391249" lon="-121.370124"/>
      <trkpt lat="40.391486" lon="-121.370207"/>
      <trkpt lat="40.391690" lon="-121.370293"/>
      <trkpt lat="40.391880" lon="-121.370293"/>
      <trkpt lat="40.392111" lon="-121.370339"/>
      <trkpt lat="40.392323" lon="-121.370419"/>
      <trkpt lat="40.392546" lon="-121.370524"/>
      <trkpt lat="40.392693" lon="-121.370602"/>
      <trkpt lat="40.392852" lon="-121.370658"/>
      <trkpt lat="40.393055" lon="-121.370663"/>
      <trkpt lat="40.393181" lon="-121.370623"/>
      <trkpt lat="40.393332" lon="-121.370620"/>
      <trkpt lat="40.393643" lon="-121.370653"/>
      <trkpt lat="40.393827" lon="-121.370690"/>
      <trkpt lat="40.393945" lon="-121.370679"/>
      <trkpt lat="40.394021" lon="-121.370588"/>
      <trkpt lat="40.394092" lon="-121.370465"/>
      <trkpt lat="40.394168" lon="-121.370387"/>
      <trkpt lat="40.394352" lon="-121.370309"/>
      <trkpt lat="40.394744" lon="-121.370301"/>
      <trkpt lat="40.394932" lon="-121.370269"/>
      <trkpt lat="40.395010" lon="-121.370223"/>
      <trkpt lat="40.395089" lon="-121.370170"/>
      <trkpt lat="40.395185" lon="-121.370165"/>
      <trkpt lat="40.395279" lon="-121.370095"/>
      <trkpt lat="40.395369" lon="-121.370006"/>
      <trkpt lat="40.395426" lon="-121.369926"/>
      <trkpt lat="40.395510" lon="-121.369684"/>
      <trkpt lat="40.395571" lon="-121.369545"/>
      <trkpt lat="40.395610" lon="-121.369483"/>
      <trkpt lat="40.395678" lon="-121.369462"/>
      <trkpt lat="40.395874" lon="-121.369478"/>
      <trkpt lat="40.396009" lon="-121.369494"/>
      <trkpt lat="40.396127" lon="-121.369526"/>
      <trkpt lat="40.396227" lon="-121.369593"/>
      <trkpt lat="40.396368" lon="-121.369706"/>
      <trkpt lat="40.396484" lon="-121.369784"/>
      <trkpt lat="40.396544" lon="-121.369773"/>
      <trkpt lat="40.396611" lon="-121.369625"/>
      <trkpt lat="40.396748" lon="-121.369231"/>
      <trkpt lat="40.396819" lon="-121.369135"/>
      <trkpt lat="40.396971" lon="-121.368971"/>
      <trkpt lat="40.397054" lon="-121.368901"/>
      <trkpt lat="40.397161" lon="-121.368869"/>
      <trkpt lat="40.397234" lon="-121.368877"/>
      <trkpt lat="40.397316" lon="-121.368925"/>
      <trkpt lat="40.397436" lon="-121.368949"/>
      <trkpt lat="40.397530" lon="-121.369019"/>
      <trkpt lat="40.397628" lon="-121.369137"/>
      <trkpt lat="40.397655" lon="-121.369247"/>
      <trkpt lat="40.397628" lon="-121.369411"/>
      <trkpt lat="40.397600" lon="-121.369765"/>
      <trkpt lat="40.397559" lon="-121.369945"/>
      <trkpt lat="40.397543" lon="-121.370033"/>
      <trkpt lat="40.397471" lon="-121.370189"/>
      <trkpt lat="40.397462" lon="-121.370548"/>
      <trkpt lat="40.397440" lon="-121.370733"/>
      <trkpt lat="40.397432" lon="-121.371009"/>
      <trkpt lat="40.397444" lon="-121.371237"/>
      <trkpt lat="40.397534" lon="-121.371607"/>
      <trkpt lat="40.397663" lon="-121.371838"/>
      <trkpt lat="40.397833" lon="-121.372058"/>
      <trkpt lat="40.398025" lon="-121.372286"/>
      <trkpt lat="40.398166" lon="-121.372428"/>
      <trkpt lat="40.398331" lon="-121.372651"/>
      <trkpt lat="40.398433" lon="-121.372882"/>
      <trkpt lat="40.398552" lon="-121.373268"/>
      <trkpt lat="40.398595" lon="-121.373450"/>
      <trkpt lat="40.398644" lon="-121.373756"/>
      <trkpt lat="40.398701" lon="-121.373917"/>
      <trkpt lat="40.398836" lon="-121.374145"/>
      <trkpt lat="40.398962" lon="-121.374284"/>
      <trkpt lat="40.399119" lon="-121.374469"/>
      <trkpt lat="40.399250" lon="-121.374679"/>
      <trkpt lat="40.399491" lon="-121.374942"/>
      <trkpt lat="40.399638" lon="-121.375169"/>
      <trkpt lat="40.399781" lon="-121.375347"/>
      <trkpt lat="40.399839" lon="-121.375483"/>
      <trkpt lat="40.399912" lon="-121.375709"/>
      <trkpt lat="40.400008" lon="-121.375808"/>
      <trkpt lat="40.400088" lon="-121.375840"/>
      <trkpt lat="40.400169" lon="-121.375845"/>
      <trkpt lat="40.400261" lon="-121.375883"/>
      <trkpt lat="40.400368" lon="-121.375974"/>
      <trkpt lat="40.400466" lon="-121.376105"/>
      <trkpt lat="40.400553" lon="-121.376245"/>
      <trkpt lat="40.400627" lon="-121.376425"/>
      <trkpt lat="40.400666" lon="-121.376561"/>
      <trkpt lat="40.400700" lon="-121.376730"/>
      <trkpt lat="40.400707" lon="-121.376830"/>
      <trkpt lat="40.400649" lon="-121.377133"/>
      <trkpt lat="40.400515" lon="-121.377307"/>
      <trkpt lat="40.400417" lon="-121.377401"/>
      <trkpt lat="40.400390" lon="-121.377473"/>
      <trkpt lat="40.400419" lon="-121.377578"/>
      <trkpt lat="40.400486" lon="-121.377696"/>
      <trkpt lat="40.400625" lon="-121.377970"/>
      <trkpt lat="40.400803" lon="-121.378353"/>
      <trkpt lat="40.400915" lon="-121.378498"/>
      <trkpt lat="40.401142" lon="-121.378611"/>
      <trkpt lat="40.401748" lon="-121.379018"/>
      <trkpt lat="40.401940" lon="-121.379099"/>
      <trkpt lat="40.402100" lon="-121.379110"/>
      <trkpt lat="40.402243" lon="-121.379163"/>
      <trkpt lat="40.402402" lon="-121.379238"/>
      <trkpt lat="40.402598" lon="-121.379297"/>
      <trkpt lat="40.402745" lon="-121.379464"/>
      <trkpt lat="40.402851" lon="-121.379614"/>
      <trkpt lat="40.402994" lon="-121.379748"/>
      <trkpt lat="40.403358" lon="-121.380054"/>
      <trkpt lat="40.403489" lon="-121.380118"/>
      <trkpt lat="40.403717" lon="-121.380343"/>
      <trkpt lat="40.403897" lon="-121.380413"/>
      <trkpt lat="40.404248" lon="-121.380612"/>
      <trkpt lat="40.404649" lon="-121.380869"/>
      <trkpt lat="40.404816" lon="-121.380901"/>
      <trkpt lat="40.404935" lon="-121.380960"/>
      <trkpt lat="40.404988" lon="-121.381051"/>
      <trkpt lat="40.405065" lon="-121.381127"/>
      <trkpt lat="40.405200" lon="-121.381175"/>
      <trkpt lat="40.405270" lon="-121.381180"/>
      <trkpt lat="40.405351" lon="-121.381196"/>
      <trkpt lat="40.405425" lon="-121.381277"/>
      <trkpt lat="40.405482" lon="-121.381459"/>
      <trkpt lat="40.405511" lon="-121.381599"/>
      <trkpt lat="40.405609" lon="-121.381658"/>
      <trkpt lat="40.405764" lon="-121.381690"/>
      <trkpt lat="40.405882" lon="-121.381760"/>
      <trkpt lat="40.405931" lon="-121.381829"/>
      <trkpt lat="40.405976" lon="-121.381958"/>
      <trkpt lat="40.406099" lon="-121.382119"/>
      <trkpt lat="40.406197" lon="-121.382312"/>
      <trkpt lat="40.406283" lon="-121.382634"/>
      <trkpt lat="40.406571" lon="-121.383199"/>
      <trkpt lat="40.406597" lon="-121.383369"/>
      <trkpt lat="40.406565" lon="-121.383562"/>
      <trkpt lat="40.406544" lon="-121.383734"/>
      <trkpt lat="40.406556" lon="-121.383900"/>
      <trkpt lat="40.406609" lon="-121.384098"/>
      <trkpt lat="40.406626" lon="-121.384265"/>
      <trkpt lat="40.406679" lon="-121.384377"/>
      <trkpt lat="40.406830" lon="-121.384493"/>
      <trkpt lat="40.407095" lon="-121.384619"/>
      <trkpt lat="40.407345" lon="-121.384635"/>
      <trkpt lat="40.407626" lon="-121.384603"/>
      <trkpt lat="40.407884" lon="-121.384608"/>
      <trkpt lat="40.408068" lon="-121.384603"/>
      <trkpt lat="40.408251" lon="-121.384490"/>
      <trkpt lat="40.408423" lon="-121.384367"/>
      <trkpt lat="40.408517" lon="-121.384276"/>
      <trkpt lat="40.408595" lon="-121.384211"/>
      <trkpt lat="40.408819" lon="-121.384211"/>
      <trkpt lat="40.408958" lon="-121.384195"/>
      <trkpt lat="40.409187" lon="-121.384098"/>
      <trkpt lat="40.409383" lon="-121.384034"/>
      <trkpt lat="40.409538" lon="-121.384023"/>
      <trkpt lat="40.409677" lon="-121.384066"/>
      <trkpt lat="40.409920" lon="-121.384352"/>
      <trkpt lat="40.410050" lon="-121.384487"/>
      <trkpt lat="40.410167" lon="-121.384576"/>
      <trkpt lat="40.410265" lon="-121.384721"/>
      <trkpt lat="40.410392" lon="-121.384817"/>
      <trkpt lat="40.410552" lon="-121.384923"/>
      <trkpt lat="40.410657" lon="-121.385064"/>
      <trkpt lat="40.410755" lon="-121.385429"/>
      <trkpt lat="40.410817" lon="-121.385638"/>
      <trkpt lat="40.410915" lon="-121.385756"/>
      <trkpt lat="40.411070" lon="-121.385853"/>
      <trkpt lat="40.411223" lon="-121.386068"/>
      <trkpt lat="40.411333" lon="-121.386302"/>
      <trkpt lat="40.411378" lon="-121.386699"/>
      <trkpt lat="40.411432" lon="-121.387461"/>
    </trkseg>
    <trkseg>
      <trkpt lat="40.351954" lon="-121.351352"/>
      <trkpt lat="40.352247" lon="-121.351198"/>
    </trkseg>
    <trkseg>
      <trkpt lat="40.261524" lon="-121.338875"/>
      <trkpt lat="40.261616" lon="-121.338852"/>
      <trkpt lat="40.261719" lon="-121.338863"/>
      <trkpt lat="40.261805" lon="-121.338832"/>
      <trkpt lat="40.261955" lon="-121.338799"/>
      <trkpt lat="40.262224" lon="-121.338799"/>
      <trkpt lat="40.262354" lon="-121.338763"/>
      <trkpt lat="40.262494" lon="-121.338703"/>
      <trkpt lat="40.262609" lon="-121.338671"/>
      <trkpt lat="40.262771" lon="-121.338665"/>
      <trkpt lat="40.262890" lon="-121.338642"/>
      <trkpt lat="40.263022" lon="-121.338573"/>
      <trkpt lat="40.263168" lon="-121.338576"/>
      <trkpt lat="40.263461" lon="-121.338533"/>
      <trkpt lat="40.263590" lon="-121.338565"/>
      <trkpt lat="40.263665" lon="-121.338576"/>
      <trkpt lat="40.263733" lon="-121.338549"/>
      <trkpt lat="40.263829" lon="-121.338450"/>
      <trkpt lat="40.263964" lon="-121.338362"/>
      <trkpt lat="40.264388" lon="-121.338332"/>
      <trkpt lat="40.264492" lon="-121.338356"/>
      <trkpt lat="40.264588" lon="-121.338388"/>
      <trkpt lat="40.264668" lon="-121.338423"/>
      <trkpt lat="40.264719" lon="-121.338485"/>
      <trkpt lat="40.264777" lon="-121.338600"/>
      <trkpt lat="40.264846" lon="-121.338799"/>
      <trkpt lat="40.264918" lon="-121.338933"/>
      <trkpt lat="40.265022" lon="-121.339016"/>
      <trkpt lat="40.265096" lon="-121.339115"/>
      <trkpt lat="40.265149" lon="-121.339263"/>
      <trkpt lat="40.265266" lon="-121.339536"/>
      <trkpt lat="40.265362" lon="-121.339703"/>
      <trkpt lat="40.265428" lon="-121.339888"/>
      <trkpt lat="40.265509" lon="-121.340084"/>
      <trkpt lat="40.265563" lon="-121.340199"/>
      <trkpt lat="40.265628" lon="-121.340293"/>
      <trkpt lat="40.265673" lon="-121.340371"/>
      <trkpt lat="40.265687" lon="-121.340478"/>
      <trkpt lat="40.265677" lon="-121.340588"/>
      <trkpt lat="40.265649" lon="-121.340754"/>
      <trkpt lat="40.265663" lon="-121.340885"/>
      <trkpt lat="40.265673" lon="-121.341052"/>
      <trkpt lat="40.265698" lon="-121.341167"/>
      <trkpt lat="40.265765" lon="-121.341274"/>
      <trkpt lat="40.265921" lon="-121.341379"/>
      <trkpt lat="40.266005" lon="-121.341457"/>
      <trkpt lat="40.266050" lon="-121.341513"/>
      <trkpt lat="40.266072" lon="-121.341599"/>
      <trkpt lat="40.266123" lon="-121.342017"/>
      <trkpt lat="40.266166" lon="-121.342176"/>
      <trkpt lat="40.266162" lon="-121.342334"/>
      <trkpt lat="40.266177" lon="-121.342439"/>
      <trkpt lat="40.266287" lon="-121.342629"/>
      <trkpt lat="40.266379" lon="-121.342846"/>
      <trkpt lat="40.266467" lon="-121.342999"/>
      <trkpt lat="40.266549" lon="-121.343187"/>
      <trkpt lat="40.266686" lon="-121.343409"/>
      <trkpt lat="40.266848" lon="-121.343533"/>
      <trkpt lat="40.266985" lon="-121.343600"/>
      <trkpt lat="40.267071" lon="-121.343586"/>
      <trkpt lat="40.267141" lon="-121.343530"/>
      <trkpt lat="40.267223" lon="-121.343439"/>
      <trkpt lat="40.267691" lon="-121.343053"/>
      <trkpt lat="40.267884" lon="-121.342881"/>
      <trkpt lat="40.268012" lon="-121.342795"/>
      <trkpt lat="40.268242" lon="-121.342712"/>
      <trkpt lat="40.268534" lon="-121.342564"/>
      <trkpt lat="40.268850" lon="-121.342446"/>
      <trkpt lat="40.268997" lon="-121.342398"/>
      <trkpt lat="40.269263" lon="-121.342315"/>
      <trkpt lat="40.269521" lon="-121.342283"/>
      <trkpt lat="40.269705" lon="-121.342243"/>
      <trkpt lat="40.270096" lon="-121.342248"/>
      <trkpt lat="40.270331" lon="-121.342280"/>
      <trkpt lat="40.270573" lon="-121.342280"/>
      <trkpt lat="40.270867" lon="-121.342358"/>
      <trkpt lat="40.271027" lon="-121.342390"/>
      <trkpt lat="40.271215" lon="-121.342446"/>
      <trkpt lat="40.271844" lon="-121.342661"/>
      <trkpt lat="40.272058" lon="-121.342634"/>
      <trkpt lat="40.272194" lon="-121.342675"/>
      <trkpt lat="40.272316" lon="-121.342675"/>
      <trkpt lat="40.272736" lon="-121.342653"/>
      <trkpt lat="40.272887" lon="-121.342658"/>
      <trkpt lat="40.273072" lon="-121.342717"/>
      <trkpt lat="40.273217" lon="-121.342704"/>
      <trkpt lat="40.273301" lon="-121.342717"/>
      <trkpt lat="40.273401" lon="-121.342768"/>
      <trkpt lat="40.273546" lon="-121.342766"/>
      <trkpt lat="40.273702" lon="-121.342782"/>
      <trkpt lat="40.273878" lon="-121.342817"/>
      <trkpt lat="40.274089" lon="-121.342782"/>
      <trkpt lat="40.274391" lon="-121.342774"/>
      <trkpt lat="40.274535" lon="-121.342720"/>
      <trkpt lat="40.274735" lon="-121.342653"/>
      <trkpt lat="40.274866" lon="-121.342640"/>
      <trkpt lat="40.275050" lon="-121.342629"/>
      <trkpt lat="40.275130" lon="-121.342583"/>
      <trkpt lat="40.275310" lon="-121.342377"/>
      <trkpt lat="40.275578" lon="-121.341988"/>
      <trkpt lat="40.275677" lon="-121.341945"/>
      <trkpt lat="40.275795" lon="-121.341886"/>
      <trkpt lat="40.275979" lon="-121.341806"/>
      <trkpt lat="40.276258" lon="-121.341773"/>
      <trkpt lat="40.276471" lon="-121.341763"/>
      <trkpt lat="40.276649" lon="-121.341822"/>
      <trkpt lat="40.276929" lon="-121.341897"/>
      <trkpt lat="40.277025" lon="-121.341948"/>
      <trkpt lat="40.277152" lon="-121.342050"/>
      <trkpt lat="40.277277" lon="-121.342055"/>
      <trkpt lat="40.277453" lon="-121.342007"/>
      <trkpt lat="40.277530" lon="-121.341953"/>
      <trkpt lat="40.277653" lon="-121.341851"/>
      <trkpt lat="40.277723" lon="-121.341806"/>
      <trkpt lat="40.277813" lon="-121.341768"/>
      <trkpt lat="40.277985" lon="-121.341628"/>
      <trkpt lat="40.278073" lon="-121.341588"/>
      <trkpt lat="40.278140" lon="-121.341580"/>
      <trkpt lat="40.278220" lon="-121.341599"/>
      <trkpt lat="40.278294" lon="-121.341663"/>
      <trkpt lat="40.278464" lon="-121.341864"/>
      <trkpt lat="40.278517" lon="-121.341993"/>
      <trkpt lat="40.278723" lon="-121.342216"/>
      <trkpt lat="40.278779" lon="-121.342227"/>
      <trkpt lat="40.278846" lon="-121.342256"/>
      <trkpt lat="40.278961" lon="-121.342326"/>
      <trkpt lat="40.279241" lon="-121.342334"/>
      <trkpt lat="40.279335" lon="-121.342361"/>
      <trkpt lat="40.279434" lon="-121.342414"/>
      <trkpt lat="40.279761" lon="-121.342452"/>
      <trkpt lat="40.279996" lon="-121.342524"/>
      <trkpt lat="40.280062" lon="-121.342613"/>
      <trkpt lat="40.280133" lon="-121.342650"/>
      <trkpt lat="40.280307" lon="-121.342650"/>
      <trkpt lat="40.280508" lon="-121.342640"/>
      <trkpt lat="40.280629" lon="-121.342653"/>
      <trkpt lat="40.280915" lon="-121.342607"/>
      <trkpt lat="40.280983" lon="-121.342615"/>
      <trkpt lat="40.281060" lon="-121.342650"/>
      <trkpt lat="40.281175" lon="-121.342712"/>
      <trkpt lat="40.281240" lon="-121.342723"/>
      <trkpt lat="40.281341" lon="-121.342766"/>
      <trkpt lat="40.281537" lon="-121.342908"/>
      <trkpt lat="40.281686" lon="-121.342978"/>
      <trkpt lat="40.281817" lon="-121.343090"/>
      <trkpt lat="40.281963" lon="-121.343219"/>
      <trkpt lat="40.282096" lon="-121.343385"/>
      <trkpt lat="40.282204" lon="-121.343501"/>
      <trkpt lat="40.282321" lon="-121.343672"/>
      <trkpt lat="40.282388" lon="-121.343723"/>
      <trkpt lat="40.282482" lon="-121.343766"/>
      <trkpt lat="40.282677" lon="-121.343959"/>
      <trkpt lat="40.282750" lon="-121.344026"/>
      <trkpt lat="40.282779" lon="-121.344150"/>
      <trkpt lat="40.282881" lon="-121.344354"/>
      <trkpt lat="40.282988" lon="-121.344482"/>
      <trkpt lat="40.283156" lon="-121.344659"/>
      <trkpt lat="40.283307" lon="-121.344836"/>
      <trkpt lat="40.283393" lon="-121.345008"/>
      <trkpt lat="40.283487" lon="-121.345051"/>
      <trkpt lat="40.283594" lon="-121.345078"/>
      <trkpt lat="40.283778" lon="-121.345094"/>
      <trkpt lat="40.283884" lon="-121.345051"/>
      <trkpt lat="40.283987" lon="-121.344975"/>
      <trkpt lat="40.284044" lon="-121.344826"/>
      <trkpt lat="40.284138" lon="-121.344532"/>
      <trkpt lat="40.284146" lon="-121.344316"/>
      <trkpt lat="40.284187" lon="-121.343962"/>
      <trkpt lat="40.284306" lon="-121.343710"/>
      <trkpt lat="40.284432" lon="-121.343495"/>
      <trkpt lat="40.284572" lon="-121.343291"/>
      <trkpt lat="40.284813" lon="-121.342980"/>
      <trkpt lat="40.285077" lon="-121.342573"/>
      <trkpt lat="40.285316" lon="-121.342170"/>
      <trkpt lat="40.285406" lon="-121.342009"/>
      <trkpt lat="40.285480" lon="-121.341897"/>
      <trkpt lat="40.285537" lon="-121.341870"/>
      <trkpt lat="40.285654" lon="-121.341762"/>
      <trkpt lat="40.285791" lon="-121.341532"/>
      <trkpt lat="40.285906" lon="-121.341398"/>
      <trkpt lat="40.286028" lon="-121.341360"/>
      <trkpt lat="40.286192" lon="-121.341290"/>
      <trkpt lat="40.286319" lon="-121.341167"/>
      <trkpt lat="40.286389" lon="-121.341071"/>
      <trkpt lat="40.286507" lon="-121.341022"/>
      <trkpt lat="40.286634" lon="-121.341006"/>
      <trkpt lat="40.286965" lon="-121.341071"/>
      <trkpt lat="40.287248" lon="-121.341033"/>
      <trkpt lat="40.287655" lon="-121.341023"/>
      <trkpt lat="40.287976" lon="-121.340990"/>
      <trkpt lat="40.288369" lon="-121.340904"/>
      <trkpt lat="40.288754" lon="-121.340776"/>
      <trkpt lat="40.289081" lon="-121.340647"/>
      <trkpt lat="40.289286" lon="-121.340620"/>
      <trkpt lat="40.289490" lon="-121.340620"/>
      <trkpt lat="40.289691" lon="-121.340663"/>
      <trkpt lat="40.289838" lon="-121.340743"/>
      <trkpt lat="40.289912" lon="-121.340877"/>
      <trkpt lat="40.289961" lon="-121.341028"/>
      <trkpt lat="40.290062" lon="-121.341182"/>
      <trkpt lat="40.290141" lon="-121.341344"/>
      <trkpt lat="40.290272" lon="-121.341897"/>
      <trkpt lat="40.290575" lon="-121.342740"/>
      <trkpt lat="40.290667" lon="-121.343147"/>
      <trkpt lat="40.290777" lon="-121.343285"/>
      <trkpt lat="40.290910" lon="-121.343687"/>
      <trkpt lat="40.290992" lon="-121.343812"/>
      <trkpt lat="40.291177" lon="-121.343896"/>
      <trkpt lat="40.291263" lon="-121.343967"/>
      <trkpt lat="40.291317" lon="-121.343942"/>
      <trkpt lat="40.291340" lon="-121.343839"/>
      <trkpt lat="40.291497" lon="-121.343430"/>
      <trkpt lat="40.291716" lon="-121.343082"/>
      <trkpt lat="40.291921" lon="-121.342809"/>
      <trkpt lat="40.292023" lon="-121.342648"/>
      <trkpt lat="40.292093" lon="-121.342154"/>
      <trkpt lat="40.292163" lon="-121.341582"/>
      <trkpt lat="40.292228" lon="-121.341398"/>
      <trkpt lat="40.292346" lon="-121.341328"/>
      <trkpt lat="40.292485" lon="-121.341328"/>
      <trkpt lat="40.292657" lon="-121.341409"/>
      <trkpt lat="40.292960" lon="-121.341494"/>
      <trkpt lat="40.293296" lon="-121.341537"/>
      <trkpt lat="40.294120" lon="-121.341570"/>
      <trkpt lat="40.294257" lon="-121.341585"/>
      <trkpt lat="40.294393" lon="-121.341578"/>
      <trkpt lat="40.294433" lon="-121.341527"/>
      <trkpt lat="40.294432" lon="-121.341405"/>
      <trkpt lat="40.294380" lon="-121.341248"/>
      <trkpt lat="40.294269" lon="-121.341071"/>
      <trkpt lat="40.294188" lon="-121.340851"/>
      <trkpt lat="40.293877" lon="-121.340421"/>
      <trkpt lat="40.293733" lon="-121.340244"/>
      <trkpt lat="40.293676" lon="-121.340164"/>
      <trkpt lat="40.293672" lon="-121.340084"/>
      <trkpt lat="40.293742" lon="-121.340062"/>
      <trkpt lat="40.293848" lon="-121.340175"/>
      <trkpt lat="40.294044" lon="-121.340293"/>
      <trkpt lat="40.294286" lon="-121.340411"/>
      <trkpt lat="40.294437" lon="-121.340556"/>
      <trkpt lat="40.294728" lon="-121.340786"/>
      <trkpt lat="40.295153" lon="-121.341033"/>
      <trkpt lat="40.295591" lon="-121.341269"/>
      <trkpt lat="40.295779" lon="-121.341392"/>
      <trkpt lat="40.296128" lon="-121.341712"/>
      <trkpt lat="40.296513" lon="-121.342103"/>
      <trkpt lat="40.296671" lon="-121.342235"/>
      <trkpt lat="40.296806" lon="-121.342310"/>
      <trkpt lat="40.296955" lon="-121.342268"/>
      <trkpt lat="40.297203" lon="-121.342079"/>
      <trkpt lat="40.297318" lon="-121.341999"/>
      <trkpt lat="40.297624" lon="-121.341972"/>
      <trkpt lat="40.297784" lon="-121.342009"/>
      <trkpt lat="40.297997" lon="-121.342074"/>
      <trkpt lat="40.298410" lon="-121.341988"/>
      <trkpt lat="40.298897" lon="-121.342020"/>
      <trkpt lat="40.299007" lon="-121.341988"/>
      <trkpt lat="40.299183" lon="-121.341972"/>
      <trkpt lat="40.299232" lon="-121.341913"/>
      <trkpt lat="40.299093" lon="-121.341703"/>
      <trkpt lat="40.298913" lon="-121.341344"/>
      <trkpt lat="40.298836" lon="-121.340969"/>
      <trkpt lat="40.298795" lon="-121.340663"/>
      <trkpt lat="40.298876" lon="-121.340593"/>
      <trkpt lat="40.299011" lon="-121.340545"/>
      <trkpt lat="40.299253" lon="-121.340480"/>
      <trkpt lat="40.299359" lon="-121.340523"/>
      <trkpt lat="40.299506" lon="-121.340668"/>
      <trkpt lat="40.299670" lon="-121.340754"/>
      <trkpt lat="40.299830" lon="-121.340845"/>
      <trkpt lat="40.299973" lon="-121.340979"/>
      <trkpt lat="40.300051" lon="-121.340995"/>
      <trkpt lat="40.300141" lon="-121.340936"/>
      <trkpt lat="40.300235" lon="-121.340792"/>
      <trkpt lat="40.300546" lon="-121.340513"/>
      <trkpt lat="40.300623" lon="-121.340497"/>
      <trkpt lat="40.300783" lon="-121.340609"/>
      <trkpt lat="40.300881" lon="-121.340759"/>
      <trkpt lat="40.301053" lon="-121.340781"/>
      <trkpt lat="40.301217" lon="-121.340716"/>
      <trkpt lat="40.301356" lon="-121.340738"/>
      <trkpt lat="40.301544" lon="-121.340738"/>
      <trkpt lat="40.301707" lon="-121.340754"/>
      <trkpt lat="40.301826" lon="-121.340877"/>
      <trkpt lat="40.302194" lon="-121.341081"/>
      <trkpt lat="40.302501" lon="-121.341232"/>
      <trkpt lat="40.302734" lon="-121.341237"/>
      <trkpt lat="40.303197" lon="-121.341129"/>
      <trkpt lat="40.303450" lon="-121.341129"/>
      <trkpt lat="40.303810" lon="-121.341006"/>
      <trkpt lat="40.303978" lon="-121.340888"/>
      <trkpt lat="40.304175" lon="-121.340829"/>
      <trkpt lat="40.304551" lon="-121.340834"/>
      <trkpt lat="40.304668" lon="-121.340913"/>
      <trkpt lat="40.305013" lon="-121.341151"/>
      <trkpt lat="40.305402" lon="-121.341430"/>
      <trkpt lat="40.305631" lon="-121.341569"/>
      <trkpt lat="40.306044" lon="-121.341752"/>
      <trkpt lat="40.306273" lon="-121.341859"/>
      <trkpt lat="40.306543" lon="-121.342020"/>
      <trkpt lat="40.306772" lon="-121.342176"/>
      <trkpt lat="40.306981" lon="-121.342347"/>
      <trkpt lat="40.307206" lon="-121.342465"/>
      <trkpt lat="40.307304" lon="-121.342594"/>
      <trkpt lat="40.307410" lon="-121.342991"/>
      <trkpt lat="40.307480" lon="-121.343313"/>
      <trkpt lat="40.307554" lon="-121.343747"/>
      <trkpt lat="40.307713" lon="-121.344193"/>
      <trkpt lat="40.308183" lon="-121.344659"/>
      <trkpt lat="40.308421" lon="-121.344847"/>
      <trkpt lat="40.308588" lon="-121.344901"/>
      <trkpt lat="40.308687" lon="-121.344944"/>
      <trkpt lat="40.308863" lon="-121.345083"/>
      <trkpt lat="40.309022" lon="-121.345121"/>
      <trkpt lat="40.309190" lon="-121.345174"/>
      <trkpt lat="40.309329" lon="-121.345255"/>
      <trkpt lat="40.309525" lon="-121.345357"/>
      <trkpt lat="40.309673" lon="-121.345383"/>
      <trkpt lat="40.309783" lon="-121.345303"/>
      <trkpt lat="40.309947" lon="-121.345207"/>
      <trkpt lat="40.310110" lon="-121.345153"/>
      <trkpt lat="40.310241" lon="-121.345142"/>
      <trkpt lat="40.310384" lon="-121.345147"/>
      <trkpt lat="40.310515" lon="-121.345249"/>
      <trkpt lat="40.310589" lon="-121.345362"/>
      <trkpt lat="40.310617" lon="-121.345566"/>
      <trkpt lat="40.310634" lon="-121.345834"/>
      <trkpt lat="40.310622" lon="-121.346188"/>
      <trkpt lat="40.310675" lon="-121.346633"/>
      <trkpt lat="40.310748" lon="-121.346816"/>
      <trkpt lat="40.310863" lon="-121.346886"/>
      <trkpt lat="40.310982" lon="-121.346918"/>
      <trkpt lat="40.311059" lon="-121.346961"/>
      <trkpt lat="40.311125" lon="-121.347089"/>
      <trkpt lat="40.311166" lon="-121.347202"/>
      <trkpt lat="40.311158" lon="-121.347309"/>
      <trkpt lat="40.311104" lon="-121.347443"/>
      <trkpt lat="40.311047" lon="-121.347669"/>
      <trkpt lat="40.311039" lon="-121.347942"/>
      <trkpt lat="40.311059" lon="-121.348173"/>
      <trkpt lat="40.311092" lon="-121.348452"/>
      <trkpt lat="40.311125" lon="-121.348811"/>
      <trkpt lat="40.311305" lon="-121.349385"/>
      <trkpt lat="40.311513" lon="-121.349675"/>
      <trkpt lat="40.311726" lon="-121.349836"/>
      <trkpt lat="40.311865" lon="-121.349992"/>
      <trkpt lat="40.311984" lon="-121.350190"/>
      <trkpt lat="40.312229" lon="-121.350662"/>
      <trkpt lat="40.312315" lon="-121.351016"/>
      <trkpt lat="40.312413" lon="-121.351623"/>
      <trkpt lat="40.312490" lon="-121.352692"/>
      <trkpt lat="40.312577" lon="-121.353006"/>
      <trkpt lat="40.312642" lon="-121.353307"/>
      <trkpt lat="40.312717" lon="-121.353478"/>
      <trkpt lat="40.312825" lon="-121.354190"/>
      <trkpt lat="40.312955" lon="-121.354553"/>
      <trkpt lat="40.312965" lon="-121.354820"/>
      <trkpt lat="40.312929" lon="-121.355158"/>
      <trkpt lat="40.312889" lon="-121.355268"/>
      <trkpt lat="40.312857" lon="-121.355372"/>
      <trkpt lat="40.312788" lon="-121.355487"/>
      <trkpt lat="40.312730" lon="-121.355616"/>
      <trkpt lat="40.312718" lon="-121.355769"/>
      <trkpt lat="40.312747" lon="-121.356013"/>
      <trkpt lat="40.312779" lon="-121.356188"/>
      <trkpt lat="40.312824" lon="-121.356271"/>
      <trkpt lat="40.312861" lon="-121.356303"/>
      <trkpt lat="40.312919" lon="-121.356316"/>
      <trkpt lat="40.313023" lon="-121.356359"/>
      <trkpt lat="40.313188" lon="-121.356531"/>
      <trkpt lat="40.313508" lon="-121.356928"/>
      <trkpt lat="40.313582" lon="-121.357098"/>
      <trkpt lat="40.313581" lon="-121.357266"/>
      <trkpt lat="40.313542" lon="-121.357450"/>
      <trkpt lat="40.313542" lon="-121.357684"/>
      <trkpt lat="40.313565" lon="-121.357827"/>
      <trkpt lat="40.313617" lon="-121.357972"/>
      <trkpt lat="40.313685" lon="-121.358049"/>
      <trkpt lat="40.313769" lon="-121.358154"/>
      <trkpt lat="40.313900" lon="-121.358269"/>
      <trkpt lat="40.314213" lon="-121.358373"/>
      <trkpt lat="40.314520" lon="-121.358513"/>
      <trkpt lat="40.314724" lon="-121.358588"/>
      <trkpt lat="40.314988" lon="-121.358652"/>
      <trkpt lat="40.315162" lon="-121.358754"/>
      <trkpt lat="40.315371" lon="-121.358848"/>
      <trkpt lat="40.315555" lon="-121.358846"/>
      <trkpt lat="40.315718" lon="-121.358864"/>
      <trkpt lat="40.316019" lon="-121.358947"/>
      <trkpt lat="40.316215" lon="-121.358961"/>
      <trkpt lat="40.316440" lon="-121.359041"/>
      <trkpt lat="40.316682" lon="-121.359084"/>
      <trkpt lat="40.316986" lon="-121.359095"/>
      <trkpt lat="40.317203" lon="-121.359165"/>
      <trkpt lat="40.317414" lon="-121.359245"/>
      <trkpt lat="40.317620" lon="-121.359240"/>
      <trkpt lat="40.317831" lon="-121.359304"/>
      <trkpt lat="40.317952" lon="-121.359414"/>
      <trkpt lat="40.318170" lon="-121.359524"/>
      <trkpt lat="40.318494" lon="-121.359755"/>
      <trkpt lat="40.318751" lon="-121.359894"/>
      <trkpt lat="40.318929" lon="-121.360063"/>
      <trkpt lat="40.319293" lon="-121.360586"/>
      <trkpt lat="40.319467" lon="-121.360860"/>
      <trkpt lat="40.319794" lon="-121.361214"/>
      <trkpt lat="40.320541" lon="-121.361885"/>
      <trkpt lat="40.321465" lon="-121.362617"/>
      <trkpt lat="40.321678" lon="-121.362877"/>
      <trkpt lat="40.321872" lon="-121.363271"/>
      <trkpt lat="40.322034" lon="-121.363472"/>
      <trkpt lat="40.322125" lon="-121.363607"/>
      <trkpt lat="40.322226" lon="-121.363818"/>
      <trkpt lat="40.322344" lon="-121.363934"/>
      <trkpt lat="40.322549" lon="-121.364046"/>
      <trkpt lat="40.322692" lon="-121.364167"/>
      <trkpt lat="40.322864" lon="-121.364414"/>
      <trkpt lat="40.323107" lon="-121.364832"/>
      <trkpt lat="40.323185" lon="-121.364956"/>
      <trkpt lat="40.323262" lon="-121.364974"/>
      <trkpt lat="40.323339" lon="-121.364960"/>
      <trkpt lat="40.323434" lon="-121.364923"/>
      <trkpt lat="40.323496" lon="-121.364878"/>
      <trkpt lat="40.323563" lon="-121.364880"/>
      <trkpt lat="40.323672" lon="-121.364929"/>
      <trkpt lat="40.323874" lon="-121.364966"/>
      <trkpt lat="40.324027" lon="-121.365052"/>
      <trkpt lat="40.324150" lon="-121.365138"/>
      <trkpt lat="40.324520" lon="-121.365516"/>
      <trkpt lat="40.324655" lon="-121.365615"/>
      <trkpt lat="40.324790" lon="-121.365806"/>
      <trkpt lat="40.324933" lon="-121.365929"/>
      <trkpt lat="40.325111" lon="-121.366028"/>
      <trkpt lat="40.325338" lon="-121.366195"/>
      <trkpt lat="40.325471" lon="-121.366262"/>
      <trkpt lat="40.325645" lon="-121.366380"/>
      <trkpt lat="40.325995" lon="-121.366578"/>
      <trkpt lat="40.326160" lon="-121.366624"/>
      <trkpt lat="40.326344" lon="-121.366627"/>
      <trkpt lat="40.326436" lon="-121.366651"/>
      <trkpt lat="40.326553" lon="-121.366710"/>
      <trkpt lat="40.326679" lon="-121.366731"/>
      <trkpt lat="40.326810" lon="-121.366777"/>
      <trkpt lat="40.326943" lon="-121.366750"/>
      <trkpt lat="40.327062" lon="-121.366763"/>
      <trkpt lat="40.327193" lon="-121.366801"/>
      <trkpt lat="40.327407" lon="-121.366812"/>
      <trkpt lat="40.327743" lon="-121.366897"/>
      <trkpt lat="40.327974" lon="-121.366873"/>
      <trkpt lat="40.328127" lon="-121.366871"/>
      <trkpt lat="40.328354" lon="-121.366919"/>
      <trkpt lat="40.328489" lon="-121.366954"/>
      <trkpt lat="40.328620" lon="-121.366949"/>
      <trkpt lat="40.328953" lon="-121.366965"/>
      <trkpt lat="40.329252" lon="-121.366989"/>
      <trkpt lat="40.329430" lon="-121.367032"/>
      <trkpt lat="40.329530" lon="-121.367029"/>
      <trkpt lat="40.329714" lon="-121.367007"/>
      <trkpt lat="40.330080" lon="-121.367061"/>
      <trkpt lat="40.330344" lon="-121.367072"/>
      <trkpt lat="40.330485" lon="-121.367061"/>
      <trkpt lat="40.330614" lon="-121.367104"/>
      <trkpt lat="40.330785" lon="-121.367104"/>
      <trkpt lat="40.330886" lon="-121.367144"/>
      <trkpt lat="40.331035" lon="-121.367276"/>
      <trkpt lat="40.331139" lon="-121.367311"/>
      <trkpt lat="40.331227" lon="-121.367316"/>
      <trkpt lat="40.331299" lon="-121.367351"/>
      <trkpt lat="40.331378" lon="-121.367496"/>
      <trkpt lat="40.331548" lon="-121.367686"/>
      <trkpt lat="40.331607" lon="-121.367769"/>
      <trkpt lat="40.331697" lon="-121.367936"/>
      <trkpt lat="40.331830" lon="-121.368231"/>
      <trkpt lat="40.331941" lon="-121.368362"/>
      <trkpt lat="40.332006" lon="-121.368410"/>
      <trkpt lat="40.332098" lon="-121.368408"/>
      <trkpt lat="40.332178" lon="-121.368418"/>
      <trkpt lat="40.332243" lon="-121.368453"/>
      <trkpt lat="40.332288" lon="-121.368507"/>
      <trkpt lat="40.332356" lon="-121.368566"/>
      <trkpt lat="40.332540" lon="-121.368644"/>
      <trkpt lat="40.332675" lon="-121.368662"/>
      <trkpt lat="40.332795" lon="-121.368711"/>
      <trkpt lat="40.332891" lon="-121.368713"/>
      <trkpt lat="40.333157" lon="-121.368571"/>
      <trkpt lat="40.333284" lon="-121.368469"/>
      <trkpt lat="40.333444" lon="-121.368383"/>
      <trkpt lat="40.333582" lon="-121.368231"/>
      <trkpt lat="40.333738" lon="-121.367968"/>
      <trkpt lat="40.333883" lon="-121.367670"/>
      <trkpt lat="40.333967" lon="-121.367474"/>
      <trkpt lat="40.334047" lon="-121.367337"/>
      <trkpt lat="40.334178" lon="-121.367227"/>
      <trkpt lat="40.334409" lon="-121.366927"/>
      <trkpt lat="40.334552" lon="-121.366833"/>
      <trkpt lat="40.334703" lon="-121.366742"/>
      <trkpt lat="40.334832" lon="-121.366696"/>
      <trkpt lat="40.334991" lon="-121.366678"/>
      <trkpt lat="40.335159" lon="-121.366651"/>
      <trkpt lat="40.335300" lon="-121.366610"/>
      <trkpt lat="40.335517" lon="-121.366581"/>
      <trkpt lat="40.335641" lon="-121.366535"/>
      <trkpt lat="40.335805" lon="-121.366458"/>
      <trkpt lat="40.335954" lon="-121.366375"/>
      <trkpt lat="40.336130" lon="-121.366297"/>
      <trkpt lat="40.336294" lon="-121.366307"/>
      <trkpt lat="40.337167" lon="-121.366275"/>
      <trkpt lat="40.337300" lon="-121.366216"/>
      <trkpt lat="40.337402" lon="-121.366165"/>
      <trkpt lat="40.337600" lon="-121.366128"/>
      <trkpt lat="40.337758" lon="-121.366031"/>
      <trkpt lat="40.337925" lon="-121.365910"/>
      <trkpt lat="40.338158" lon="-121.365814"/>
      <trkpt lat="40.338287" lon="-121.365766"/>
      <trkpt lat="40.338477" lon="-121.365779"/>
      <trkpt lat="40.338731" lon="-121.365817"/>
      <trkpt lat="40.338976" lon="-121.365822"/>
      <trkpt lat="40.339358" lon="-121.365782"/>
      <trkpt lat="40.339553" lon="-121.365771"/>
      <trkpt lat="40.340133" lon="-121.365830"/>
      <trkpt lat="40.340489" lon="-121.365827"/>
      <trkpt lat="40.340804" lon="-121.365862"/>
      <trkpt lat="40.341149" lon="-121.365859"/>
      <trkpt lat="40.341245" lon="-121.365843"/>
      <trkpt lat="40.341368" lon="-121.365725"/>
      <trkpt lat="40.341435" lon="-121.365650"/>
      <trkpt lat="40.341599" lon="-121.365615"/>
      <trkpt lat="40.341795" lon="-121.365618"/>
      <trkpt lat="40.341914" lon="-121.365581"/>
      <trkpt lat="40.342028" lon="-121.365530"/>
      <trkpt lat="40.342104" lon="-121.365420"/>
      <trkpt lat="40.342135" lon="-121.365261"/>
      <trkpt lat="40.342145" lon="-121.365041"/>
      <trkpt lat="40.342141" lon="-121.364752"/>
      <trkpt lat="40.342120" lon="-121.364607"/>
      <trkpt lat="40.342139" lon="-121.364537"/>
      <trkpt lat="40.342167" lon="-121.364478"/>
      <trkpt lat="40.342237" lon="-121.364451"/>
      <trkpt lat="40.342402" lon="-121.364435"/>
      <trkpt lat="40.342537" lon="-121.364438"/>
      <trkpt lat="40.342701" lon="-121.364497"/>
      <trkpt lat="40.342889" lon="-121.364556"/>
      <trkpt lat="40.343218" lon="-121.364765"/>
      <trkpt lat="40.343474" lon="-121.364851"/>
      <trkpt lat="40.343645" lon="-121.364894"/>
      <trkpt lat="40.343795" lon="-121.364886"/>
      <trkpt lat="40.344140" lon="-121.364738"/>
      <trkpt lat="40.344212" lon="-121.364733"/>
      <trkpt lat="40.344279" lon="-121.364752"/>
      <trkpt lat="40.344375" lon="-121.364813"/>
      <trkpt lat="40.344533" lon="-121.364948"/>
      <trkpt lat="40.344678" lon="-121.364982"/>
      <trkpt lat="40.344841" lon="-121.365009"/>
      <trkpt lat="40.344913" lon="-121.365068"/>
      <trkpt lat="40.345099" lon="-121.365181"/>
      <trkpt lat="40.345383" lon="-121.365267"/>
      <trkpt lat="40.345751" lon="-121.365272"/>
      <trkpt lat="40.345937" lon="-121.365192"/>
      <trkpt lat="40.346125" lon="-121.365181"/>
      <trkpt lat="40.346262" lon="-121.365127"/>
      <trkpt lat="40.346409" lon="-121.365047"/>
      <trkpt lat="40.346542" lon="-121.364915"/>
      <trkpt lat="40.346675" lon="-121.364666"/>
      <trkpt lat="40.346806" lon="-121.364449"/>
      <trkpt lat="40.346973" lon="-121.364266"/>
      <trkpt lat="40.347151" lon="-121.364113"/>
      <trkpt lat="40.347296" lon="-121.364052"/>
      <trkpt lat="40.347621" lon="-121.364052"/>
      <trkpt lat="40.347877" lon="-121.364057"/>
      <trkpt lat="40.348351" lon="-121.364046"/>
      <trkpt lat="40.348503" lon="-121.363982"/>
      <trkpt lat="40.348703" lon="-121.363942"/>
      <trkpt lat="40.348940" lon="-121.363910"/>
      <trkpt lat="40.349136" lon="-121.363792"/>
      <trkpt lat="40.349408" lon="-121.363614"/>
      <trkpt lat="40.349584" lon="-121.363445"/>
      <trkpt lat="40.349890" lon="-121.363218"/>
      <trkpt lat="40.350056" lon="-121.363000"/>
      <trkpt lat="40.350211" lon="-121.362815"/>
      <trkpt lat="40.350377" lon="-121.362684"/>
      <trkpt lat="40.350473" lon="-121.362595"/>
      <trkpt lat="40.350528" lon="-121.362491"/>
      <trkpt lat="40.350610" lon="-121.362153"/>
      <trkpt lat="40.350637" lon="-121.361874"/>
      <trkpt lat="40.350649" lon="-121.361490"/>
      <trkpt lat="40.350665" lon="-121.361209"/>
      <trkpt lat="40.350712" lon="-121.361018"/>
      <trkpt lat="40.350833" lon="-121.360742"/>
      <trkpt lat="40.351017" lon="-121.360396"/>
      <trkpt lat="40.351203" lon="-121.360085"/>
      <trkpt lat="40.351223" lon="-121.360002"/>
      <trkpt lat="40.351217" lon="-121.359937"/>
      <trkpt lat="40.351174" lon="-121.359857"/>
      <trkpt lat="40.351223" lon="-121.359822"/>
      <trkpt lat="40.351266" lon="-121.359822"/>
      <trkpt lat="40.351368" lon="-121.359892"/>
      <trkpt lat="40.351456" lon="-121.359918"/>
      <trkpt lat="40.351514" lon="-121.359905"/>
      <trkpt lat="40.351583" lon="-121.359859"/>
      <trkpt lat="40.351605" lon="-121.359798"/>
      <trkpt lat="40.351585" lon="-121.359736"/>
      <trkpt lat="40.351385" lon="-121.359656"/>
      <trkpt lat="40.350661" lon="-121.359240"/>
      <trkpt lat="40.350338" lon="-121.359031"/>
      <trkpt lat="40.350283" lon="-121.358985"/>
      <trkpt lat="40.350044" lon="-121.358728"/>
      <trkpt lat="40.349727" lon="-121.358376"/>
      <trkpt lat="40.349553" lon="-121.358266"/>
      <trkpt lat="40.349426" lon="-121.358221"/>
      <trkpt lat="40.349345" lon="-121.358129"/>
      <trkpt lat="40.349167" lon="-121.357899"/>
      <trkpt lat="40.349038" lon="-121.357719"/>
      <trkpt lat="40.348901" lon="-121.357598"/>
      <trkpt lat="40.348782" lon="-121.357529"/>
      <trkpt lat="40.348715" lon="-121.357440"/>
      <trkpt lat="40.348662" lon="-121.357384"/>
      <trkpt lat="40.348603" lon="-121.357341"/>
      <trkpt lat="40.348570" lon="-121.357295"/>
      <trkpt lat="40.348568" lon="-121.357242"/>
      <trkpt lat="40.348607" lon="-121.357225"/>
      <trkpt lat="40.348922" lon="-121.357217"/>
      <trkpt lat="40.349142" lon="-121.357196"/>
      <trkpt lat="40.349314" lon="-121.357244"/>
      <trkpt lat="40.349610" lon="-121.357164"/>
      <trkpt lat="40.349663" lon="-121.357126"/>
      <trkpt lat="40.349790" lon="-121.357099"/>
      <trkpt lat="40.349829" lon="-121.357003"/>
      <trkpt lat="40.349823" lon="-121.356866"/>
      <trkpt lat="40.349792" lon="-121.356539"/>
      <trkpt lat="40.349794" lon="-121.356265"/>
      <trkpt lat="40.349602" lon="-121.355812"/>
      <trkpt lat="40.349533" lon="-121.355605"/>
      <trkpt lat="40.349527" lon="-121.355404"/>
      <trkpt lat="40.349547" lon="-121.355187"/>
      <trkpt lat="40.349623" lon="-121.354962"/>
      <trkpt lat="40.349674" lon="-121.354830"/>
      <trkpt lat="40.349756" lon="-121.354712"/>
      <trkpt lat="40.349821" lon="-121.354651"/>
      <trkpt lat="40.349929" lon="-121.354626"/>
      <trkpt lat="40.350038" lon="-121.354661"/>
      <trkpt lat="40.350142" lon="-121.354720"/>
      <trkpt lat="40.350316" lon="-121.354771"/>
      <trkpt lat="40.350663" lon="-121.355056"/>
      <trkpt lat="40.350786" lon="-121.355120"/>
      <trkpt lat="40.350931" lon="-121.355136"/>
      <trkpt lat="40.351066" lon="-121.355115"/>
      <trkpt lat="40.351178" lon="-121.355072"/>
      <trkpt lat="40.351229" lon="-121.355013"/>
      <trkpt lat="40.351248" lon="-121.354913"/>
      <trkpt lat="40.351236" lon="-121.354715"/>
      <trkpt lat="40.351201" lon="-121.354463"/>
      <trkpt lat="40.351154" lon="-121.354315"/>
      <trkpt lat="40.351082" lon="-121.354184"/>
      <trkpt lat="40.351033" lon="-121.354063"/>
      <trkpt lat="40.350951" lon="-121.353940"/>
      <trkpt lat="40.350902" lon="-121.353757"/>
      <trkpt lat="40.350745" lon="-121.353376"/>
      <trkpt lat="40.350677" lon="-121.353234"/>
      <trkpt lat="40.350588" lon="-121.353092"/>
      <trkpt lat="40.350342" lon="-121.352907"/>
      <trkpt lat="40.350144" lon="-121.352776"/>
      <trkpt lat="40.350029" lon="-121.352730"/>
      <trkpt lat="40.349911" lon="-121.352615"/>
      <trkpt lat="40.349637" lon="-121.352271"/>
      <trkpt lat="40.349588" lon="-121.352167"/>
      <trkpt lat="40.349586" lon="-121.352076"/>
      <trkpt lat="40.349590" lon="-121.351998"/>
      <trkpt lat="40.349647" lon="-121.351923"/>
      <trkpt lat="40.349776" lon="-121.351767"/>
      <trkpt lat="40.349935" lon="-121.351530"/>
      <trkpt lat="40.350068" lon="-121.351378"/>
      <trkpt lat="40.350248" lon="-121.351191"/>
      <trkpt lat="40.350318" lon="-121.351142"/>
      <trkpt lat="40.350381" lon="-121.351131"/>
      <trkpt lat="40.350457" lon="-121.351145"/>
      <trkpt lat="40.350541" lon="-121.351196"/>
      <trkpt lat="40.350659" lon="-121.351255"/>
      <trkpt lat="40.350853" lon="-121.351279"/>
      <trkpt lat="40.351045" lon="-121.351263"/>
      <trkpt lat="40.351121" lon="-121.351217"/>
      <trkpt lat="40.351172" lon="-121.351193"/>
      <trkpt lat="40.351299" lon="-121.351188"/>
      <trkpt lat="40.351411" lon="-121.351247"/>
      <trkpt lat="40.351624" lon="-121.351309"/>
      <trkpt lat="40.351954" lon="-121.351352"/>
    </trkseg>
    <trkseg>
      <trkpt lat="40.247099" lon="-121.338297"/>
      <trkpt lat="40.247226" lon="-121.338168"/>
      <trkpt lat="40.247305" lon="-121.338145"/>
      <trkpt lat="40.247396" lon="-121.338107"/>
      <trkpt lat="40.247558" lon="-121.338066"/>
      <trkpt lat="40.247855" lon="-121.338024"/>
      <trkpt lat="40.248112" lon="-121.338034"/>
      <trkpt lat="40.248620" lon="-121.338034"/>
      <trkpt lat="40.248735" lon="-121.338099"/>
      <trkpt lat="40.248886" lon="-121.338308"/>
      <trkpt lat="40.249066" lon="-121.338522"/>
      <trkpt lat="40.249271" lon="-121.338716"/>
      <trkpt lat="40.249480" lon="-121.338898"/>
      <trkpt lat="40.249611" lon="-121.338962"/>
      <trkpt lat="40.249820" lon="-121.338973"/>
      <trkpt lat="40.249943" lon="-121.338952"/>
      <trkpt lat="40.250016" lon="-121.338952"/>
      <trkpt lat="40.250123" lon="-121.339005"/>
      <trkpt lat="40.250229" lon="-121.339086"/>
      <trkpt lat="40.250467" lon="-121.339230"/>
      <trkpt lat="40.250594" lon="-121.339332"/>
      <trkpt lat="40.250782" lon="-121.339381"/>
      <trkpt lat="40.250983" lon="-121.339418"/>
      <trkpt lat="40.251187" lon="-121.339526"/>
      <trkpt lat="40.251286" lon="-121.339628"/>
      <trkpt lat="40.251384" lon="-121.339804"/>
      <trkpt lat="40.251519" lon="-121.340030"/>
      <trkpt lat="40.251629" lon="-121.340142"/>
      <trkpt lat="40.251814" lon="-121.340196"/>
      <trkpt lat="40.252031" lon="-121.340282"/>
      <trkpt lat="40.252215" lon="-121.340400"/>
      <trkpt lat="40.252465" lon="-121.340604"/>
      <trkpt lat="40.252620" lon="-121.340663"/>
      <trkpt lat="40.252747" lon="-121.340690"/>
      <trkpt lat="40.252845" lon="-121.340754"/>
      <trkpt lat="40.252915" lon="-121.340861"/>
      <trkpt lat="40.252993" lon="-121.341033"/>
      <trkpt lat="40.253165" lon="-121.341248"/>
      <trkpt lat="40.253316" lon="-121.341473"/>
      <trkpt lat="40.253509" lon="-121.341698"/>
      <trkpt lat="40.253681" lon="-121.341907"/>
      <trkpt lat="40.253812" lon="-121.342320"/>
      <trkpt lat="40.253930" lon="-121.342497"/>
      <trkpt lat="40.254176" lon="-121.342669"/>
      <trkpt lat="40.254356" lon="-121.342723"/>
      <trkpt lat="40.254483" lon="-121.342771"/>
      <trkpt lat="40.254635" lon="-121.342894"/>
      <trkpt lat="40.254761" lon="-121.342986"/>
      <trkpt lat="40.254897" lon="-121.343034"/>
      <trkpt lat="40.255105" lon="-121.343243"/>
      <trkpt lat="40.255257" lon="-121.343324"/>
      <trkpt lat="40.255523" lon="-121.343479"/>
      <trkpt lat="40.255900" lon="-121.343592"/>
      <trkpt lat="40.256035" lon="-121.343629"/>
      <trkpt lat="40.256170" lon="-121.343635"/>
      <trkpt lat="40.256260" lon="-121.343667"/>
      <trkpt lat="40.256428" lon="-121.343849"/>
      <trkpt lat="40.256499" lon="-121.343863"/>
      <trkpt lat="40.256561" lon="-121.343855"/>
      <trkpt lat="40.256628" lon="-121.343828"/>
      <trkpt lat="40.256677" lon="-121.343790"/>
      <trkpt lat="40.256706" lon="-121.343695"/>
      <trkpt lat="40.256755" lon="-121.343565"/>
      <trkpt lat="40.256923" lon="-121.343385"/>
      <trkpt lat="40.257009" lon="-121.343256"/>
      <trkpt lat="40.257009" lon="-121.343141"/>
      <trkpt lat="40.257025" lon="-121.343029"/>
      <trkpt lat="40.257052" lon="-121.342956"/>
      <trkpt lat="40.257105" lon="-121.342849"/>
      <trkpt lat="40.257204" lon="-121.342763"/>
      <trkpt lat="40.257287" lon="-121.342712"/>
      <trkpt lat="40.257373" lon="-121.342693"/>
      <trkpt lat="40.257549" lon="-121.342699"/>
      <trkpt lat="40.257607" lon="-121.342672"/>
      <trkpt lat="40.257641" lon="-121.342621"/>
      <trkpt lat="40.257672" lon="-121.342550"/>
      <trkpt lat="40.257766" lon="-121.342463"/>
      <trkpt lat="40.257885" lon="-121.342366"/>
      <trkpt lat="40.258006" lon="-121.342221"/>
      <trkpt lat="40.258215" lon="-121.342063"/>
      <trkpt lat="40.258282" lon="-121.341993"/>
      <trkpt lat="40.258344" lon="-121.341964"/>
      <trkpt lat="40.258397" lon="-121.341950"/>
      <trkpt lat="40.258434" lon="-121.341921"/>
      <trkpt lat="40.258456" lon="-121.341851"/>
      <trkpt lat="40.258507" lon="-121.341773"/>
      <trkpt lat="40.258587" lon="-121.341709"/>
      <trkpt lat="40.258663" lon="-121.341658"/>
      <trkpt lat="40.258710" lon="-121.341591"/>
      <trkpt lat="40.258780" lon="-121.341417"/>
      <trkpt lat="40.258937" lon="-121.341148"/>
      <trkpt lat="40.259029" lon="-121.340936"/>
      <trkpt lat="40.259164" lon="-121.340741"/>
      <trkpt lat="40.259201" lon="-121.340529"/>
      <trkpt lat="40.259256" lon="-121.340269"/>
      <trkpt lat="40.259349" lon="-121.340081"/>
      <trkpt lat="40.259441" lon="-121.339933"/>
      <trkpt lat="40.259547" lon="-121.339818"/>
      <trkpt lat="40.259643" lon="-121.339729"/>
      <trkpt lat="40.259807" lon="-121.339638"/>
      <trkpt lat="40.259918" lon="-121.339539"/>
      <trkpt lat="40.260020" lon="-121.339496"/>
      <trkpt lat="40.260155" lon="-121.339472"/>
      <trkpt lat="40.260278" lon="-121.339464"/>
      <trkpt lat="40.260440" lon="-121.339402"/>
      <trkpt lat="40.260558" lon="-121.339373"/>
      <trkpt lat="40.260683" lon="-121.339378"/>
      <trkpt lat="40.260795" lon="-121.339365"/>
      <trkpt lat="40.260902" lon="-121.339378"/>
      <trkpt lat="40.261004" lon="-121.339357"/>
      <trkpt lat="40.261105" lon="-121.339263"/>
      <trkpt lat="40.261207" lon="-121.339129"/>
      <trkpt lat="40.261293" lon="-121.338994"/>
      <trkpt lat="40.261355" lon="-121.338941"/>
      <trkpt lat="40.261524" lon="-121.338875"/>
    </trkseg>
    <trkseg>
      <trkpt lat="40.246960" lon="-121.338431"/>
      <trkpt lat="40.247099" lon="-121.338297"/>
    </trkseg>
    <trkseg>
      <trkpt lat="40.241483" lon="-121.340551"/>
      <trkpt lat="40.241569" lon="-121.340432"/>
      <trkpt lat="40.241684" lon="-121.340191"/>
      <trkpt lat="40.241766" lon="-121.340073"/>
      <trkpt lat="40.241872" lon="-121.339971"/>
      <trkpt lat="40.241995" lon="-121.339756"/>
      <trkpt lat="40.242122" lon="-121.339499"/>
      <trkpt lat="40.242323" lon="-121.339198"/>
      <trkpt lat="40.242417" lon="-121.339032"/>
      <trkpt lat="40.242466" lon="-121.338791"/>
      <trkpt lat="40.242478" lon="-121.338383"/>
      <trkpt lat="40.242458" lon="-121.337997"/>
      <trkpt lat="40.242433" lon="-121.337627"/>
      <trkpt lat="40.242421" lon="-121.337305"/>
      <trkpt lat="40.242388" lon="-121.337079"/>
      <trkpt lat="40.242376" lon="-121.336806"/>
      <trkpt lat="40.242356" lon="-121.336564"/>
      <trkpt lat="40.242392" lon="-121.336564"/>
      <trkpt lat="40.242458" lon="-121.336704"/>
      <trkpt lat="40.242536" lon="-121.336978"/>
      <trkpt lat="40.242695" lon="-121.337192"/>
      <trkpt lat="40.242818" lon="-121.337369"/>
      <trkpt lat="40.242920" lon="-121.337557"/>
      <trkpt lat="40.242957" lon="-121.337734"/>
      <trkpt lat="40.243244" lon="-121.338136"/>
      <trkpt lat="40.243408" lon="-121.338420"/>
      <trkpt lat="40.243543" lon="-121.338608"/>
      <trkpt lat="40.243666" lon="-121.338678"/>
      <trkpt lat="40.243862" lon="-121.338753"/>
      <trkpt lat="40.243973" lon="-121.338871"/>
      <trkpt lat="40.244096" lon="-121.338989"/>
      <trkpt lat="40.244288" lon="-121.338978"/>
      <trkpt lat="40.244407" lon="-121.338887"/>
      <trkpt lat="40.244567" lon="-121.338871"/>
      <trkpt lat="40.244747" lon="-121.338930"/>
      <trkpt lat="40.244911" lon="-121.339059"/>
      <trkpt lat="40.245148" lon="-121.339091"/>
      <trkpt lat="40.245390" lon="-121.339080"/>
      <trkpt lat="40.245660" lon="-121.339139"/>
      <trkpt lat="40.245897" lon="-121.339182"/>
      <trkpt lat="40.246139" lon="-121.339150"/>
      <trkpt lat="40.246475" lon="-121.338962"/>
      <trkpt lat="40.246643" lon="-121.338783"/>
      <trkpt lat="40.246774" lon="-121.338624"/>
      <trkpt lat="40.246960" lon="-121.338431"/>
    </trkseg>
    <trkseg>
      <trkpt lat="40.151888" lon="-121.436186"/>
      <trkpt lat="40.151955" lon="-121.436349"/>
      <trkpt lat="40.151997" lon="-121.436436"/>
      <trkpt lat="40.152145" lon="-121.436648"/>
      <trkpt lat="40.152248" lon="-121.436772"/>
      <trkpt lat="40.152350" lon="-121.436917"/>
      <trkpt lat="40.152375" lon="-121.437013"/>
      <trkpt lat="40.152375" lon="-121.437115"/>
      <trkpt lat="40.152506" lon="-121.437512"/>
      <trkpt lat="40.152543" lon="-121.437705"/>
      <trkpt lat="40.152568" lon="-121.437786"/>
      <trkpt lat="40.152625" lon="-121.437925"/>
      <trkpt lat="40.152662" lon="-121.438097"/>
      <trkpt lat="40.152662" lon="-121.438199"/>
      <trkpt lat="40.152678" lon="-121.438295"/>
      <trkpt lat="40.152859" lon="-121.438558"/>
      <trkpt lat="40.153035" lon="-121.438639"/>
      <trkpt lat="40.153146" lon="-121.438740"/>
      <trkpt lat="40.153166" lon="-121.438832"/>
      <trkpt lat="40.153170" lon="-121.438944"/>
      <trkpt lat="40.153166" lon="-121.439019"/>
      <trkpt lat="40.153182" lon="-121.439105"/>
      <trkpt lat="40.153219" lon="-121.439207"/>
      <trkpt lat="40.153379" lon="-121.439701"/>
      <trkpt lat="40.153482" lon="-121.439937"/>
      <trkpt lat="40.153552" lon="-121.440028"/>
      <trkpt lat="40.153654" lon="-121.440124"/>
      <trkpt lat="40.153773" lon="-121.440248"/>
      <trkpt lat="40.153929" lon="-121.440393"/>
      <trkpt lat="40.153986" lon="-121.440430"/>
      <trkpt lat="40.154068" lon="-121.440457"/>
      <trkpt lat="40.154101" lon="-121.440479"/>
      <trkpt lat="40.154162" lon="-121.440559"/>
      <trkpt lat="40.154212" lon="-121.440634"/>
      <trkpt lat="40.154257" lon="-121.440768"/>
      <trkpt lat="40.154298" lon="-121.440843"/>
      <trkpt lat="40.154384" lon="-121.440961"/>
      <trkpt lat="40.154531" lon="-121.441128"/>
      <trkpt lat="40.154630" lon="-121.441208"/>
      <trkpt lat="40.154741" lon="-121.441332"/>
      <trkpt lat="40.154827" lon="-121.441390"/>
      <trkpt lat="40.154917" lon="-121.441428"/>
      <trkpt lat="40.154995" lon="-121.441450"/>
      <trkpt lat="40.155147" lon="-121.441503"/>
      <trkpt lat="40.155212" lon="-121.441562"/>
      <trkpt lat="40.155319" lon="-121.441627"/>
      <trkpt lat="40.155528" lon="-121.441830"/>
      <trkpt lat="40.155634" lon="-121.441991"/>
      <trkpt lat="40.155696" lon="-121.442050"/>
      <trkpt lat="40.155737" lon="-121.442072"/>
      <trkpt lat="40.155921" lon="-121.442109"/>
      <trkpt lat="40.155991" lon="-121.442152"/>
      <trkpt lat="40.156016" lon="-121.442190"/>
      <trkpt lat="40.156003" lon="-121.442233"/>
      <trkpt lat="40.155983" lon="-121.442281"/>
      <trkpt lat="40.155934" lon="-121.442356"/>
      <trkpt lat="40.155897" lon="-121.442437"/>
      <trkpt lat="40.155848" lon="-121.442576"/>
      <trkpt lat="40.155749" lon="-121.442962"/>
      <trkpt lat="40.155729" lon="-121.443177"/>
      <trkpt lat="40.155741" lon="-121.443461"/>
      <trkpt lat="40.155708" lon="-121.443590"/>
      <trkpt lat="40.155704" lon="-121.443697"/>
      <trkpt lat="40.155729" lon="-121.443794"/>
      <trkpt lat="40.155741" lon="-121.443933"/>
      <trkpt lat="40.155790" lon="-121.444110"/>
      <trkpt lat="40.155856" lon="-121.444475"/>
      <trkpt lat="40.155971" lon="-121.444668"/>
      <trkpt lat="40.156131" lon="-121.444877"/>
      <trkpt lat="40.156225" lon="-121.444963"/>
      <trkpt lat="40.156286" lon="-121.445028"/>
      <trkpt lat="40.156311" lon="-121.445087"/>
      <trkpt lat="40.156319" lon="-121.445167"/>
      <trkpt lat="40.156331" lon="-121.445242"/>
      <trkpt lat="40.156356" lon="-121.445333"/>
      <trkpt lat="40.156422" lon="-121.445489"/>
      <trkpt lat="40.156479" lon="-121.445580"/>
      <trkpt lat="40.156508" lon="-121.445602"/>
      <trkpt lat="40.156540" lon="-121.445645"/>
      <trkpt lat="40.156569" lon="-121.445666"/>
      <trkpt lat="40.156582" lon="-121.445645"/>
      <trkpt lat="40.156586" lon="-121.445612"/>
      <trkpt lat="40.156573" lon="-121.445543"/>
      <trkpt lat="40.156516" lon="-121.445414"/>
      <trkpt lat="40.156495" lon="-121.445285"/>
      <trkpt lat="40.156463" lon="-121.445162"/>
      <trkpt lat="40.156458" lon="-121.444894"/>
      <trkpt lat="40.156446" lon="-121.444856"/>
      <trkpt lat="40.156442" lon="-121.444711"/>
      <trkpt lat="40.156500" lon="-121.444561"/>
      <trkpt lat="40.156500" lon="-121.444341"/>
      <trkpt lat="40.156471" lon="-121.444142"/>
      <trkpt lat="40.156495" lon="-121.443901"/>
      <trkpt lat="40.156475" lon="-121.443756"/>
      <trkpt lat="40.156475" lon="-121.443681"/>
      <trkpt lat="40.156483" lon="-121.443617"/>
      <trkpt lat="40.156500" lon="-121.443579"/>
      <trkpt lat="40.156549" lon="-121.443526"/>
      <trkpt lat="40.156590" lon="-121.443520"/>
      <trkpt lat="40.156622" lon="-121.443531"/>
      <trkpt lat="40.156741" lon="-121.443585"/>
      <trkpt lat="40.156897" lon="-121.443590"/>
      <trkpt lat="40.156975" lon="-121.443552"/>
      <trkpt lat="40.157078" lon="-121.443499"/>
      <trkpt lat="40.157242" lon="-121.443332"/>
      <trkpt lat="40.157389" lon="-121.443166"/>
      <trkpt lat="40.157447" lon="-121.443134"/>
      <trkpt lat="40.157570" lon="-121.443118"/>
      <trkpt lat="40.157619" lon="-121.443091"/>
      <trkpt lat="40.157709" lon="-121.442989"/>
      <trkpt lat="40.157738" lon="-121.442860"/>
      <trkpt lat="40.157758" lon="-121.442608"/>
      <trkpt lat="40.157787" lon="-121.442528"/>
      <trkpt lat="40.157820" lon="-121.442474"/>
      <trkpt lat="40.158062" lon="-121.442378"/>
      <trkpt lat="40.158094" lon="-121.442340"/>
      <trkpt lat="40.158119" lon="-121.442286"/>
      <trkpt lat="40.158226" lon="-121.441938"/>
      <trkpt lat="40.158226" lon="-121.441852"/>
      <trkpt lat="40.158217" lon="-121.441728"/>
      <trkpt lat="40.158230" lon="-121.441637"/>
      <trkpt lat="40.158258" lon="-121.441530"/>
      <trkpt lat="40.158320" lon="-121.441417"/>
      <trkpt lat="40.158389" lon="-121.441332"/>
      <trkpt lat="40.158471" lon="-121.441278"/>
      <trkpt lat="40.158689" lon="-121.441154"/>
      <trkpt lat="40.158767" lon="-121.441079"/>
      <trkpt lat="40.158795" lon="-121.441042"/>
      <trkpt lat="40.158849" lon="-121.440811"/>
      <trkpt lat="40.158968" lon="-121.440580"/>
      <trkpt lat="40.159033" lon="-121.440532"/>
      <trkpt lat="40.159058" lon="-121.440538"/>
      <trkpt lat="40.159021" lon="-121.440597"/>
      <trkpt lat="40.158996" lon="-121.440709"/>
      <trkpt lat="40.158955" lon="-121.440865"/>
      <trkpt lat="40.158845" lon="-121.441235"/>
      <trkpt lat="40.158754" lon="-121.441455"/>
      <trkpt lat="40.158730" lon="-121.441594"/>
      <trkpt lat="40.158730" lon="-121.441648"/>
      <trkpt lat="40.158742" lon="-121.441734"/>
      <trkpt lat="40.158738" lon="-121.441809"/>
      <trkpt lat="40.158775" lon="-121.441922"/>
      <trkpt lat="40.158996" lon="-121.442351"/>
      <trkpt lat="40.159148" lon="-121.442581"/>
      <trkpt lat="40.159177" lon="-121.442646"/>
      <trkpt lat="40.159185" lon="-121.442716"/>
      <trkpt lat="40.159177" lon="-121.442780"/>
      <trkpt lat="40.159127" lon="-121.442962"/>
      <trkpt lat="40.159119" lon="-121.443059"/>
      <trkpt lat="40.159119" lon="-121.443214"/>
      <trkpt lat="40.159144" lon="-121.443585"/>
      <trkpt lat="40.159160" lon="-121.443686"/>
      <trkpt lat="40.159189" lon="-121.443735"/>
      <trkpt lat="40.159234" lon="-121.443788"/>
      <trkpt lat="40.159296" lon="-121.443821"/>
      <trkpt lat="40.159521" lon="-121.443982"/>
      <trkpt lat="40.159574" lon="-121.444073"/>
      <trkpt lat="40.159619" lon="-121.444164"/>
      <trkpt lat="40.159689" lon="-121.444218"/>
      <trkpt lat="40.159898" lon="-121.444260"/>
      <trkpt lat="40.160038" lon="-121.444260"/>
      <trkpt lat="40.160259" lon="-121.444223"/>
      <trkpt lat="40.160300" lon="-121.444196"/>
      <trkpt lat="40.160364" lon="-121.444136"/>
      <trkpt lat="40.160443" lon="-121.444040"/>
      <trkpt lat="40.160546" lon="-121.443960"/>
      <trkpt lat="40.160673" lon="-121.443826"/>
      <trkpt lat="40.160706" lon="-121.443810"/>
      <trkpt lat="40.160858" lon="-121.443810"/>
      <trkpt lat="40.160985" lon="-121.443821"/>
      <trkpt lat="40.161067" lon="-121.443778"/>
      <trkpt lat="40.161157" lon="-121.443751"/>
      <trkpt lat="40.161231" lon="-121.443703"/>
      <trkpt lat="40.161259" lon="-121.443676"/>
      <trkpt lat="40.161354" lon="-121.443611"/>
      <trkpt lat="40.161542" lon="-121.443552"/>
      <trkpt lat="40.161653" lon="-121.443531"/>
      <trkpt lat="40.161751" lon="-121.443472"/>
      <trkpt lat="40.161989" lon="-121.443316"/>
      <trkpt lat="40.162227" lon="-121.443086"/>
      <trkpt lat="40.162288" lon="-121.443043"/>
      <trkpt lat="40.162383" lon="-121.443021"/>
      <trkpt lat="40.162780" lon="-121.443037"/>
      <trkpt lat="40.163240" lon="-121.443005"/>
      <trkpt lat="40.163313" lon="-121.442978"/>
      <trkpt lat="40.163395" lon="-121.442941"/>
      <trkpt lat="40.163489" lon="-121.442828"/>
      <trkpt lat="40.163535" lon="-121.442721"/>
      <trkpt lat="40.163604" lon="-121.442571"/>
      <trkpt lat="40.163666" lon="-121.442474"/>
      <trkpt lat="40.163727" lon="-121.442399"/>
      <trkpt lat="40.163793" lon="-121.442345"/>
      <trkpt lat="40.163879" lon="-121.442324"/>
      <trkpt lat="40.163949" lon="-121.442319"/>
      <trkpt lat="40.164023" lon="-121.442297"/>
      <trkpt lat="40.164268" lon="-121.442056"/>
      <trkpt lat="40.164461" lon="-121.441932"/>
      <trkpt lat="40.164769" lon="-121.441771"/>
      <trkpt lat="40.164941" lon="-121.441739"/>
      <trkpt lat="40.165174" lon="-121.441718"/>
      <trkpt lat="40.165269" lon="-121.441761"/>
      <trkpt lat="40.165404" lon="-121.441793"/>
      <trkpt lat="40.165847" lon="-121.441948"/>
      <trkpt lat="40.165949" lon="-121.441964"/>
      <trkpt lat="40.166101" lon="-121.441964"/>
      <trkpt lat="40.166207" lon="-121.441991"/>
      <trkpt lat="40.166310" lon="-121.442050"/>
      <trkpt lat="40.166437" lon="-121.442056"/>
      <trkpt lat="40.166581" lon="-121.442082"/>
      <trkpt lat="40.166699" lon="-121.442163"/>
      <trkpt lat="40.166831" lon="-121.442485"/>
      <trkpt lat="40.166892" lon="-121.442576"/>
      <trkpt lat="40.166978" lon="-121.442640"/>
      <trkpt lat="40.167064" lon="-121.442689"/>
      <trkpt lat="40.167212" lon="-121.442699"/>
      <trkpt lat="40.167372" lon="-121.442673"/>
      <trkpt lat="40.167478" lon="-121.442624"/>
      <trkpt lat="40.167675" lon="-121.442517"/>
      <trkpt lat="40.167819" lon="-121.442453"/>
      <trkpt lat="40.167933" lon="-121.442431"/>
      <trkpt lat="40.168044" lon="-121.442431"/>
      <trkpt lat="40.168191" lon="-121.442394"/>
      <trkpt lat="40.168327" lon="-121.442302"/>
      <trkpt lat="40.168483" lon="-121.442227"/>
      <trkpt lat="40.168573" lon="-121.442168"/>
      <trkpt lat="40.168622" lon="-121.442109"/>
      <trkpt lat="40.168716" lon="-121.442034"/>
      <trkpt lat="40.168819" lon="-121.441986"/>
      <trkpt lat="40.168917" lon="-121.441959"/>
      <trkpt lat="40.168999" lon="-121.441970"/>
      <trkpt lat="40.169073" lon="-121.442007"/>
      <trkpt lat="40.169159" lon="-121.442040"/>
      <trkpt lat="40.169212" lon="-121.442077"/>
      <trkpt lat="40.169237" lon="-121.442125"/>
      <trkpt lat="40.169364" lon="-121.442313"/>
      <trkpt lat="40.169454" lon="-121.442399"/>
      <trkpt lat="40.169651" lon="-121.442608"/>
      <trkpt lat="40.169720" lon="-121.442699"/>
      <trkpt lat="40.169823" lon="-121.442774"/>
      <trkpt lat="40.169971" lon="-121.442957"/>
      <trkpt lat="40.170171" lon="-121.443134"/>
      <trkpt lat="40.170217" lon="-121.443161"/>
      <trkpt lat="40.170286" lon="-121.443172"/>
      <trkpt lat="40.170356" lon="-121.443172"/>
      <trkpt lat="40.170487" lon="-121.443150"/>
      <trkpt lat="40.170553" lon="-121.443155"/>
      <trkpt lat="40.170626" lon="-121.443198"/>
      <trkpt lat="40.170717" lon="-121.443295"/>
      <trkpt lat="40.171004" lon="-121.443488"/>
      <trkpt lat="40.171085" lon="-121.443531"/>
      <trkpt lat="40.171139" lon="-121.443595"/>
      <trkpt lat="40.171250" lon="-121.443681"/>
      <trkpt lat="40.171323" lon="-121.443746"/>
      <trkpt lat="40.171397" lon="-121.443783"/>
      <trkpt lat="40.171483" lon="-121.443804"/>
      <trkpt lat="40.171586" lon="-121.443804"/>
      <trkpt lat="40.171688" lon="-121.443778"/>
      <trkpt lat="40.171967" lon="-121.443649"/>
      <trkpt lat="40.172049" lon="-121.443601"/>
      <trkpt lat="40.172110" lon="-121.443579"/>
      <trkpt lat="40.172217" lon="-121.443563"/>
      <trkpt lat="40.172377" lon="-121.443563"/>
      <trkpt lat="40.172545" lon="-121.443542"/>
      <trkpt lat="40.172836" lon="-121.443472"/>
      <trkpt lat="40.173262" lon="-121.443520"/>
      <trkpt lat="40.173373" lon="-121.443552"/>
      <trkpt lat="40.173688" lon="-121.443751"/>
      <trkpt lat="40.173877" lon="-121.443864"/>
      <trkpt lat="40.174016" lon="-121.443965"/>
      <trkpt lat="40.174332" lon="-121.444180"/>
      <trkpt lat="40.174418" lon="-121.444255"/>
      <trkpt lat="40.174607" lon="-121.444454"/>
      <trkpt lat="40.174713" lon="-121.444609"/>
      <trkpt lat="40.174795" lon="-121.444743"/>
      <trkpt lat="40.174898" lon="-121.444840"/>
      <trkpt lat="40.174984" lon="-121.444883"/>
      <trkpt lat="40.175111" lon="-121.444904"/>
      <trkpt lat="40.175230" lon="-121.444904"/>
      <trkpt lat="40.175324" lon="-121.444920"/>
      <trkpt lat="40.175471" lon="-121.444958"/>
      <trkpt lat="40.175537" lon="-121.444952"/>
      <trkpt lat="40.175615" lon="-121.444861"/>
      <trkpt lat="40.175676" lon="-121.444770"/>
      <trkpt lat="40.175779" lon="-121.444749"/>
      <trkpt lat="40.175869" lon="-121.444749"/>
      <trkpt lat="40.175980" lon="-121.444792"/>
      <trkpt lat="40.176078" lon="-121.444899"/>
      <trkpt lat="40.176144" lon="-121.444985"/>
      <trkpt lat="40.176197" lon="-121.445022"/>
      <trkpt lat="40.176328" lon="-121.445081"/>
      <trkpt lat="40.176443" lon="-121.445156"/>
      <trkpt lat="40.176529" lon="-121.445231"/>
      <trkpt lat="40.176615" lon="-121.445280"/>
      <trkpt lat="40.176738" lon="-121.445382"/>
      <trkpt lat="40.176857" lon="-121.445569"/>
      <trkpt lat="40.176976" lon="-121.445666"/>
      <trkpt lat="40.177181" lon="-121.445816"/>
      <trkpt lat="40.177238" lon="-121.445811"/>
      <trkpt lat="40.177267" lon="-121.445800"/>
      <trkpt lat="40.177299" lon="-121.445773"/>
      <trkpt lat="40.177340" lon="-121.445714"/>
      <trkpt lat="40.177377" lon="-121.445591"/>
      <trkpt lat="40.177431" lon="-121.445473"/>
      <trkpt lat="40.177467" lon="-121.445430"/>
      <trkpt lat="40.177504" lon="-121.445414"/>
      <trkpt lat="40.177537" lon="-121.445408"/>
      <trkpt lat="40.177578" lon="-121.445425"/>
      <trkpt lat="40.177611" lon="-121.445473"/>
      <trkpt lat="40.177701" lon="-121.445714"/>
      <trkpt lat="40.177750" lon="-121.445779"/>
      <trkpt lat="40.177824" lon="-121.445821"/>
      <trkpt lat="40.177935" lon="-121.445854"/>
      <trkpt lat="40.178222" lon="-121.446004"/>
      <trkpt lat="40.178332" lon="-121.446020"/>
      <trkpt lat="40.178406" lon="-121.446047"/>
      <trkpt lat="40.178525" lon="-121.446111"/>
      <trkpt lat="40.178611" lon="-121.446127"/>
      <trkpt lat="40.178660" lon="-121.446127"/>
      <trkpt lat="40.178697" lon="-121.446111"/>
      <trkpt lat="40.178746" lon="-121.446068"/>
      <trkpt lat="40.178836" lon="-121.445950"/>
      <trkpt lat="40.179037" lon="-121.445709"/>
      <trkpt lat="40.179127" lon="-121.445586"/>
      <trkpt lat="40.179172" lon="-121.445510"/>
      <trkpt lat="40.179193" lon="-121.445451"/>
      <trkpt lat="40.179197" lon="-121.445371"/>
      <trkpt lat="40.179004" lon="-121.444786"/>
      <trkpt lat="40.178980" lon="-121.444572"/>
      <trkpt lat="40.178951" lon="-121.444438"/>
      <trkpt lat="40.178824" lon="-121.444094"/>
      <trkpt lat="40.178812" lon="-121.444008"/>
      <trkpt lat="40.178820" lon="-121.443939"/>
      <trkpt lat="40.178894" lon="-121.443740"/>
      <trkpt lat="40.178914" lon="-121.443676"/>
      <trkpt lat="40.178918" lon="-121.443526"/>
      <trkpt lat="40.178824" lon="-121.443064"/>
      <trkpt lat="40.178808" lon="-121.442914"/>
      <trkpt lat="40.178820" lon="-121.442834"/>
      <trkpt lat="40.178861" lon="-121.442673"/>
      <trkpt lat="40.178894" lon="-121.442651"/>
      <trkpt lat="40.178992" lon="-121.442635"/>
      <trkpt lat="40.179050" lon="-121.442598"/>
      <trkpt lat="40.179136" lon="-121.442517"/>
      <trkpt lat="40.179222" lon="-121.442458"/>
      <trkpt lat="40.179336" lon="-121.442399"/>
      <trkpt lat="40.179455" lon="-121.442324"/>
      <trkpt lat="40.179541" lon="-121.442238"/>
      <trkpt lat="40.179603" lon="-121.442142"/>
      <trkpt lat="40.179705" lon="-121.441836"/>
      <trkpt lat="40.179746" lon="-121.441782"/>
      <trkpt lat="40.179783" lon="-121.441755"/>
      <trkpt lat="40.180082" lon="-121.441761"/>
      <trkpt lat="40.180169" lon="-121.441771"/>
      <trkpt lat="40.180222" lon="-121.441761"/>
      <trkpt lat="40.180254" lon="-121.441745"/>
      <trkpt lat="40.180287" lon="-121.441712"/>
      <trkpt lat="40.180341" lon="-121.441589"/>
      <trkpt lat="40.180369" lon="-121.441552"/>
      <trkpt lat="40.180419" lon="-121.441530"/>
      <trkpt lat="40.180509" lon="-121.441508"/>
      <trkpt lat="40.180591" lon="-121.441455"/>
      <trkpt lat="40.180714" lon="-121.441310"/>
      <trkpt lat="40.180800" lon="-121.441181"/>
      <trkpt lat="40.180878" lon="-121.441117"/>
      <trkpt lat="40.180923" lon="-121.441112"/>
      <trkpt lat="40.180972" lon="-121.441042"/>
      <trkpt lat="40.180984" lon="-121.440994"/>
      <trkpt lat="40.181009" lon="-121.440961"/>
      <trkpt lat="40.181050" lon="-121.440956"/>
      <trkpt lat="40.181082" lon="-121.440972"/>
      <trkpt lat="40.181308" lon="-121.440978"/>
      <trkpt lat="40.181414" lon="-121.440929"/>
      <trkpt lat="40.181525" lon="-121.440816"/>
      <trkpt lat="40.181619" lon="-121.440693"/>
      <trkpt lat="40.181685" lon="-121.440575"/>
      <trkpt lat="40.181738" lon="-121.440430"/>
      <trkpt lat="40.181767" lon="-121.440275"/>
      <trkpt lat="40.181824" lon="-121.440141"/>
      <trkpt lat="40.181845" lon="-121.440108"/>
      <trkpt lat="40.181927" lon="-121.439840"/>
      <trkpt lat="40.181976" lon="-121.439577"/>
      <trkpt lat="40.182082" lon="-121.438542"/>
      <trkpt lat="40.182115" lon="-121.438494"/>
      <trkpt lat="40.182169" lon="-121.438456"/>
      <trkpt lat="40.182291" lon="-121.438386"/>
      <trkpt lat="40.182406" lon="-121.438354"/>
      <trkpt lat="40.182603" lon="-121.438349"/>
      <trkpt lat="40.182771" lon="-121.438376"/>
      <trkpt lat="40.182947" lon="-121.438381"/>
      <trkpt lat="40.183250" lon="-121.438381"/>
      <trkpt lat="40.183443" lon="-121.438392"/>
      <trkpt lat="40.183570" lon="-121.438440"/>
      <trkpt lat="40.183689" lon="-121.438467"/>
      <trkpt lat="40.183812" lon="-121.438472"/>
      <trkpt lat="40.183918" lon="-121.438451"/>
      <trkpt lat="40.184107" lon="-121.438376"/>
      <trkpt lat="40.184435" lon="-121.438220"/>
      <trkpt lat="40.184513" lon="-121.438188"/>
      <trkpt lat="40.184775" lon="-121.438161"/>
      <trkpt lat="40.184923" lon="-121.438113"/>
      <trkpt lat="40.185156" lon="-121.438086"/>
      <trkpt lat="40.185234" lon="-121.438113"/>
      <trkpt lat="40.185357" lon="-121.438145"/>
      <trkpt lat="40.185463" lon="-121.438150"/>
      <trkpt lat="40.185558" lon="-121.438124"/>
      <trkpt lat="40.185726" lon="-121.438016"/>
      <trkpt lat="40.185861" lon="-121.437866"/>
      <trkpt lat="40.186005" lon="-121.437673"/>
      <trkpt lat="40.186115" lon="-121.437496"/>
      <trkpt lat="40.186234" lon="-121.437335"/>
      <trkpt lat="40.186320" lon="-121.437244"/>
      <trkpt lat="40.186390" lon="-121.437206"/>
      <trkpt lat="40.186472" lon="-121.437190"/>
      <trkpt lat="40.186582" lon="-121.437190"/>
      <trkpt lat="40.186709" lon="-121.437212"/>
      <trkpt lat="40.186799" lon="-121.437265"/>
      <trkpt lat="40.186914" lon="-121.437378"/>
      <trkpt lat="40.187029" lon="-121.437534"/>
      <trkpt lat="40.187304" lon="-121.437968"/>
      <trkpt lat="40.187525" lon="-121.438301"/>
      <trkpt lat="40.187644" lon="-121.438472"/>
      <trkpt lat="40.187722" lon="-121.438687"/>
      <trkpt lat="40.187734" lon="-121.438810"/>
      <trkpt lat="40.187697" lon="-121.439138"/>
      <trkpt lat="40.187681" lon="-121.439685"/>
      <trkpt lat="40.187709" lon="-121.439819"/>
      <trkpt lat="40.187767" lon="-121.439931"/>
      <trkpt lat="40.187861" lon="-121.440076"/>
      <trkpt lat="40.188160" lon="-121.440302"/>
      <trkpt lat="40.188238" lon="-121.440387"/>
      <trkpt lat="40.188351" lon="-121.440556"/>
      <trkpt lat="40.188439" lon="-121.440677"/>
      <trkpt lat="40.188586" lon="-121.440806"/>
      <trkpt lat="40.188713" lon="-121.440838"/>
      <trkpt lat="40.188816" lon="-121.440833"/>
      <trkpt lat="40.188930" lon="-121.440800"/>
      <trkpt lat="40.189099" lon="-121.440763"/>
      <trkpt lat="40.189209" lon="-121.440731"/>
      <trkpt lat="40.189340" lon="-121.440709"/>
      <trkpt lat="40.189590" lon="-121.440720"/>
      <trkpt lat="40.189656" lon="-121.440752"/>
      <trkpt lat="40.189726" lon="-121.440811"/>
      <trkpt lat="40.189783" lon="-121.440843"/>
      <trkpt lat="40.190135" lon="-121.440650"/>
      <trkpt lat="40.190389" lon="-121.440623"/>
      <trkpt lat="40.190492" lon="-121.440591"/>
      <trkpt lat="40.190566" lon="-121.440532"/>
      <trkpt lat="40.190611" lon="-121.440462"/>
      <trkpt lat="40.190648" lon="-121.440350"/>
      <trkpt lat="40.190660" lon="-121.440135"/>
      <trkpt lat="40.190693" lon="-121.440066"/>
      <trkpt lat="40.190742" lon="-121.440033"/>
      <trkpt lat="40.190791" lon="-121.440017"/>
      <trkpt lat="40.190861" lon="-121.440012"/>
      <trkpt lat="40.190939" lon="-121.439990"/>
      <trkpt lat="40.190971" lon="-121.439942"/>
      <trkpt lat="40.190992" lon="-121.439856"/>
      <trkpt lat="40.191000" lon="-121.439770"/>
      <trkpt lat="40.191000" lon="-121.439620"/>
      <trkpt lat="40.191041" lon="-121.439508"/>
      <trkpt lat="40.191106" lon="-121.439432"/>
      <trkpt lat="40.191246" lon="-121.439320"/>
      <trkpt lat="40.191389" lon="-121.439266"/>
      <trkpt lat="40.191701" lon="-121.439234"/>
      <trkpt lat="40.191848" lon="-121.439229"/>
      <trkpt lat="40.192049" lon="-121.439256"/>
      <trkpt lat="40.192143" lon="-121.439293"/>
      <trkpt lat="40.192168" lon="-121.439320"/>
      <trkpt lat="40.192201" lon="-121.439341"/>
      <trkpt lat="40.192250" lon="-121.439336"/>
      <trkpt lat="40.192336" lon="-121.439282"/>
      <trkpt lat="40.192405" lon="-121.439282"/>
      <trkpt lat="40.192475" lon="-121.439293"/>
      <trkpt lat="40.192520" lon="-121.439293"/>
      <trkpt lat="40.192565" lon="-121.439282"/>
      <trkpt lat="40.192635" lon="-121.439170"/>
      <trkpt lat="40.192692" lon="-121.439068"/>
      <trkpt lat="40.192774" lon="-121.438993"/>
      <trkpt lat="40.192889" lon="-121.438923"/>
      <trkpt lat="40.192983" lon="-121.438880"/>
      <trkpt lat="40.193069" lon="-121.438880"/>
      <trkpt lat="40.193205" lon="-121.438901"/>
      <trkpt lat="40.193336" lon="-121.438950"/>
      <trkpt lat="40.193385" lon="-121.438950"/>
      <trkpt lat="40.193491" lon="-121.438934"/>
      <trkpt lat="40.193655" lon="-121.438960"/>
      <trkpt lat="40.193705" lon="-121.439003"/>
      <trkpt lat="40.193762" lon="-121.439014"/>
      <trkpt lat="40.193795" lon="-121.439009"/>
      <trkpt lat="40.193827" lon="-121.438982"/>
      <trkpt lat="40.193877" lon="-121.438928"/>
      <trkpt lat="40.193909" lon="-121.438864"/>
      <trkpt lat="40.193938" lon="-121.438783"/>
      <trkpt lat="40.193946" lon="-121.438735"/>
      <trkpt lat="40.193946" lon="-121.438585"/>
      <trkpt lat="40.193967" lon="-121.438499"/>
      <trkpt lat="40.194036" lon="-121.438349"/>
      <trkpt lat="40.194045" lon="-121.438290"/>
      <trkpt lat="40.194045" lon="-121.438199"/>
      <trkpt lat="40.194012" lon="-121.438048"/>
      <trkpt lat="40.194004" lon="-121.437968"/>
      <trkpt lat="40.194028" lon="-121.437909"/>
      <trkpt lat="40.194073" lon="-121.437743"/>
      <trkpt lat="40.194131" lon="-121.437576"/>
      <trkpt lat="40.194168" lon="-121.437340"/>
      <trkpt lat="40.194188" lon="-121.437083"/>
      <trkpt lat="40.194213" lon="-121.436858"/>
      <trkpt lat="40.194249" lon="-121.436723"/>
      <trkpt lat="40.194340" lon="-121.436536"/>
      <trkpt lat="40.194528" lon="-121.436471"/>
      <trkpt lat="40.194598" lon="-121.436407"/>
      <trkpt lat="40.194631" lon="-121.436386"/>
      <trkpt lat="40.194725" lon="-121.436391"/>
      <trkpt lat="40.195003" lon="-121.436466"/>
      <trkpt lat="40.195094" lon="-121.436471"/>
      <trkpt lat="40.195118" lon="-121.436444"/>
      <trkpt lat="40.195139" lon="-121.436396"/>
      <trkpt lat="40.195143" lon="-121.436321"/>
      <trkpt lat="40.195192" lon="-121.436107"/>
      <trkpt lat="40.195335" lon="-121.435656"/>
      <trkpt lat="40.195376" lon="-121.435554"/>
      <trkpt lat="40.195499" lon="-121.435372"/>
      <trkpt lat="40.195704" lon="-121.435114"/>
      <trkpt lat="40.195708" lon="-121.435071"/>
      <trkpt lat="40.195684" lon="-121.435071"/>
      <trkpt lat="40.195602" lon="-121.435055"/>
      <trkpt lat="40.195569" lon="-121.435039"/>
      <trkpt lat="40.195544" lon="-121.434975"/>
      <trkpt lat="40.195516" lon="-121.434835"/>
      <trkpt lat="40.195499" lon="-121.434674"/>
      <trkpt lat="40.195499" lon="-121.434508"/>
      <trkpt lat="40.195524" lon="-121.434363"/>
      <trkpt lat="40.195610" lon="-121.434116"/>
      <trkpt lat="40.195622" lon="-121.434025"/>
      <trkpt lat="40.195626" lon="-121.433784"/>
      <trkpt lat="40.195634" lon="-121.433580"/>
      <trkpt lat="40.195651" lon="-121.433462"/>
      <trkpt lat="40.195692" lon="-121.433365"/>
      <trkpt lat="40.195753" lon="-121.433161"/>
      <trkpt lat="40.195807" lon="-121.433033"/>
      <trkpt lat="40.195872" lon="-121.432942"/>
      <trkpt lat="40.195913" lon="-121.432872"/>
      <trkpt lat="40.195938" lon="-121.432813"/>
      <trkpt lat="40.195942" lon="-121.432711"/>
      <trkpt lat="40.195929" lon="-121.432641"/>
      <trkpt lat="40.195905" lon="-121.432561"/>
      <trkpt lat="40.195864" lon="-121.432491"/>
      <trkpt lat="40.195782" lon="-121.432394"/>
      <trkpt lat="40.195647" lon="-121.432217"/>
      <trkpt lat="40.195565" lon="-121.432121"/>
      <trkpt lat="40.195520" lon="-121.432046"/>
      <trkpt lat="40.195483" lon="-121.431960"/>
      <trkpt lat="40.195442" lon="-121.431595"/>
      <trkpt lat="40.195401" lon="-121.431375"/>
      <trkpt lat="40.195360" lon="-121.431214"/>
      <trkpt lat="40.195241" lon="-121.430946"/>
      <trkpt lat="40.195151" lon="-121.430801"/>
      <trkpt lat="40.195012" lon="-121.430613"/>
      <trkpt lat="40.194971" lon="-121.430458"/>
      <trkpt lat="40.194934" lon="-121.430351"/>
      <trkpt lat="40.194856" lon="-121.430179"/>
      <trkpt lat="40.194803" lon="-121.430023"/>
      <trkpt lat="40.194774" lon="-121.429927"/>
      <trkpt lat="40.194708" lon="-121.429793"/>
      <trkpt lat="40.194672" lon="-121.429669"/>
      <trkpt lat="40.194647" lon="-121.429616"/>
      <trkpt lat="40.194602" lon="-121.429567"/>
      <trkpt lat="40.194565" lon="-121.429498"/>
      <trkpt lat="40.194508" lon="-121.429310"/>
      <trkpt lat="40.194499" lon="-121.429229"/>
      <trkpt lat="40.194528" lon="-121.429058"/>
      <trkpt lat="40.194581" lon="-121.428897"/>
      <trkpt lat="40.194618" lon="-121.428709"/>
      <trkpt lat="40.194676" lon="-121.428451"/>
      <trkpt lat="40.194737" lon="-121.428242"/>
      <trkpt lat="40.194778" lon="-121.428157"/>
      <trkpt lat="40.194823" lon="-121.428098"/>
      <trkpt lat="40.194893" lon="-121.428038"/>
      <trkpt lat="40.195003" lon="-121.427931"/>
      <trkpt lat="40.195069" lon="-121.427770"/>
      <trkpt lat="40.195077" lon="-121.427572"/>
      <trkpt lat="40.195069" lon="-121.427432"/>
      <trkpt lat="40.195036" lon="-121.427379"/>
      <trkpt lat="40.194995" lon="-121.427346"/>
      <trkpt lat="40.194971" lon="-121.427314"/>
      <trkpt lat="40.194950" lon="-121.427245"/>
      <trkpt lat="40.195003" lon="-121.427046"/>
      <trkpt lat="40.195008" lon="-121.426976"/>
      <trkpt lat="40.194987" lon="-121.426907"/>
      <trkpt lat="40.194946" lon="-121.426730"/>
      <trkpt lat="40.194938" lon="-121.426638"/>
      <trkpt lat="40.194946" lon="-121.426585"/>
      <trkpt lat="40.194975" lon="-121.426526"/>
      <trkpt lat="40.195003" lon="-121.426424"/>
      <trkpt lat="40.195028" lon="-121.426306"/>
      <trkpt lat="40.195036" lon="-121.426064"/>
      <trkpt lat="40.195061" lon="-121.425984"/>
      <trkpt lat="40.195126" lon="-121.425893"/>
      <trkpt lat="40.195331" lon="-121.425710"/>
      <trkpt lat="40.195434" lon="-121.425630"/>
      <trkpt lat="40.195499" lon="-121.425603"/>
      <trkpt lat="40.195553" lon="-121.425592"/>
      <trkpt lat="40.195606" lon="-121.425603"/>
      <trkpt lat="40.195651" lon="-121.425566"/>
      <trkpt lat="40.195684" lon="-121.425512"/>
      <trkpt lat="40.195700" lon="-121.425426"/>
      <trkpt lat="40.195737" lon="-121.425362"/>
      <trkpt lat="40.195782" lon="-121.425324"/>
      <trkpt lat="40.195860" lon="-121.425286"/>
      <trkpt lat="40.195987" lon="-121.425260"/>
      <trkpt lat="40.196028" lon="-121.425238"/>
      <trkpt lat="40.196106" lon="-121.425233"/>
      <trkpt lat="40.196204" lon="-121.425201"/>
      <trkpt lat="40.196319" lon="-121.425142"/>
      <trkpt lat="40.196401" lon="-121.425093"/>
      <trkpt lat="40.196495" lon="-121.425088"/>
      <trkpt lat="40.196614" lon="-121.425093"/>
      <trkpt lat="40.196745" lon="-121.425126"/>
      <trkpt lat="40.196876" lon="-121.425093"/>
      <trkpt lat="40.196999" lon="-121.425088"/>
      <trkpt lat="40.197142" lon="-121.425056"/>
      <trkpt lat="40.197278" lon="-121.425050"/>
      <trkpt lat="40.197409" lon="-121.425072"/>
      <trkpt lat="40.197605" lon="-121.425126"/>
      <trkpt lat="40.197741" lon="-121.425115"/>
      <trkpt lat="40.197823" lon="-121.425088"/>
      <trkpt lat="40.198073" lon="-121.424986"/>
      <trkpt lat="40.198306" lon="-121.424884"/>
      <trkpt lat="40.198474" lon="-121.424804"/>
      <trkpt lat="40.198671" lon="-121.424702"/>
      <trkpt lat="40.198765" lon="-121.424670"/>
      <trkpt lat="40.198921" lon="-121.424589"/>
      <trkpt lat="40.199072" lon="-121.424487"/>
      <trkpt lat="40.199216" lon="-121.424358"/>
      <trkpt lat="40.199302" lon="-121.424224"/>
      <trkpt lat="40.199400" lon="-121.424053"/>
      <trkpt lat="40.199523" lon="-121.423870"/>
      <trkpt lat="40.199695" lon="-121.423683"/>
      <trkpt lat="40.199904" lon="-121.423559"/>
      <trkpt lat="40.200064" lon="-121.423420"/>
      <trkpt lat="40.200117" lon="-121.423350"/>
      <trkpt lat="40.200133" lon="-121.423286"/>
      <trkpt lat="40.200142" lon="-121.423071"/>
      <trkpt lat="40.200121" lon="-121.423012"/>
      <trkpt lat="40.200060" lon="-121.422953"/>
      <trkpt lat="40.199925" lon="-121.422846"/>
      <trkpt lat="40.199834" lon="-121.422803"/>
      <trkpt lat="40.199744" lon="-121.422781"/>
      <trkpt lat="40.199666" lon="-121.422738"/>
      <trkpt lat="40.199576" lon="-121.422663"/>
      <trkpt lat="40.199474" lon="-121.422599"/>
      <trkpt lat="40.199367" lon="-121.422578"/>
      <trkpt lat="40.199236" lon="-121.422561"/>
      <trkpt lat="40.199081" lon="-121.422588"/>
      <trkpt lat="40.198945" lon="-121.422599"/>
      <trkpt lat="40.198785" lon="-121.422626"/>
      <trkpt lat="40.198622" lon="-121.422647"/>
      <trkpt lat="40.198228" lon="-121.422733"/>
      <trkpt lat="40.198142" lon="-121.422744"/>
      <trkpt lat="40.197970" lon="-121.422733"/>
      <trkpt lat="40.197823" lon="-121.422685"/>
      <trkpt lat="40.197749" lon="-121.422679"/>
      <trkpt lat="40.197712" lon="-121.422679"/>
      <trkpt lat="40.197609" lon="-121.422712"/>
      <trkpt lat="40.197515" lon="-121.422701"/>
      <trkpt lat="40.197405" lon="-121.422610"/>
      <trkpt lat="40.197167" lon="-121.422325"/>
      <trkpt lat="40.197069" lon="-121.422186"/>
      <trkpt lat="40.196979" lon="-121.422100"/>
      <trkpt lat="40.196872" lon="-121.421928"/>
      <trkpt lat="40.196733" lon="-121.421617"/>
      <trkpt lat="40.196634" lon="-121.421483"/>
      <trkpt lat="40.196589" lon="-121.421403"/>
      <trkpt lat="40.196556" lon="-121.421306"/>
      <trkpt lat="40.196528" lon="-121.421156"/>
      <trkpt lat="40.196323" lon="-121.420732"/>
      <trkpt lat="40.196290" lon="-121.420646"/>
      <trkpt lat="40.196216" lon="-121.420416"/>
      <trkpt lat="40.196102" lon="-121.420147"/>
      <trkpt lat="40.195897" lon="-121.419729"/>
      <trkpt lat="40.195856" lon="-121.419595"/>
      <trkpt lat="40.195790" lon="-121.419439"/>
      <trkpt lat="40.195692" lon="-121.419246"/>
      <trkpt lat="40.195676" lon="-121.419193"/>
      <trkpt lat="40.195676" lon="-121.419123"/>
      <trkpt lat="40.195692" lon="-121.419058"/>
      <trkpt lat="40.195696" lon="-121.418999"/>
      <trkpt lat="40.195688" lon="-121.418935"/>
      <trkpt lat="40.195651" lon="-121.418844"/>
      <trkpt lat="40.195589" lon="-121.418731"/>
      <trkpt lat="40.195540" lon="-121.418372"/>
      <trkpt lat="40.195516" lon="-121.418222"/>
      <trkpt lat="40.195401" lon="-121.417927"/>
      <trkpt lat="40.195221" lon="-121.417637"/>
      <trkpt lat="40.195135" lon="-121.417417"/>
      <trkpt lat="40.195090" lon="-121.417294"/>
      <trkpt lat="40.195085" lon="-121.417208"/>
      <trkpt lat="40.195098" lon="-121.417170"/>
      <trkpt lat="40.195122" lon="-121.417133"/>
      <trkpt lat="40.195130" lon="-121.417090"/>
      <trkpt lat="40.195126" lon="-121.417041"/>
      <trkpt lat="40.195090" lon="-121.416977"/>
      <trkpt lat="40.195085" lon="-121.416886"/>
      <trkpt lat="40.195106" lon="-121.416854"/>
      <trkpt lat="40.195135" lon="-121.416779"/>
      <trkpt lat="40.195139" lon="-121.416730"/>
      <trkpt lat="40.195147" lon="-121.416687"/>
      <trkpt lat="40.195143" lon="-121.416645"/>
      <trkpt lat="40.195135" lon="-121.416607"/>
      <trkpt lat="40.195118" lon="-121.416575"/>
      <trkpt lat="40.195106" lon="-121.416537"/>
      <trkpt lat="40.195085" lon="-121.416505"/>
      <trkpt lat="40.195081" lon="-121.416457"/>
      <trkpt lat="40.195085" lon="-121.416408"/>
      <trkpt lat="40.195094" lon="-121.416365"/>
      <trkpt lat="40.195085" lon="-121.416323"/>
      <trkpt lat="40.195065" lon="-121.416290"/>
      <trkpt lat="40.195008" lon="-121.416237"/>
      <trkpt lat="40.194995" lon="-121.416194"/>
      <trkpt lat="40.194963" lon="-121.416108"/>
      <trkpt lat="40.194921" lon="-121.416044"/>
      <trkpt lat="40.194885" lon="-121.415947"/>
      <trkpt lat="40.194815" lon="-121.415808"/>
      <trkpt lat="40.194782" lon="-121.415700"/>
      <trkpt lat="40.194762" lon="-121.415593"/>
      <trkpt lat="40.194770" lon="-121.415432"/>
      <trkpt lat="40.194745" lon="-121.415330"/>
      <trkpt lat="40.194688" lon="-121.415196"/>
      <trkpt lat="40.194598" lon="-121.415030"/>
      <trkpt lat="40.194528" lon="-121.414960"/>
      <trkpt lat="40.194483" lon="-121.414928"/>
      <trkpt lat="40.194459" lon="-121.414858"/>
      <trkpt lat="40.194475" lon="-121.414815"/>
      <trkpt lat="40.194524" lon="-121.414756"/>
      <trkpt lat="40.194557" lon="-121.414729"/>
      <trkpt lat="40.194663" lon="-121.414611"/>
      <trkpt lat="40.194684" lon="-121.414568"/>
      <trkpt lat="40.194708" lon="-121.414483"/>
      <trkpt lat="40.194708" lon="-121.414397"/>
      <trkpt lat="40.194680" lon="-121.414316"/>
      <trkpt lat="40.194659" lon="-121.414279"/>
      <trkpt lat="40.194610" lon="-121.414225"/>
      <trkpt lat="40.194577" lon="-121.414204"/>
      <trkpt lat="40.194528" lon="-121.414150"/>
      <trkpt lat="40.194499" lon="-121.414069"/>
      <trkpt lat="40.194495" lon="-121.413973"/>
      <trkpt lat="40.194524" lon="-121.413630"/>
      <trkpt lat="40.194549" lon="-121.413592"/>
      <trkpt lat="40.194577" lon="-121.413571"/>
      <trkpt lat="40.194631" lon="-121.413506"/>
      <trkpt lat="40.194672" lon="-121.413431"/>
      <trkpt lat="40.194684" lon="-121.413388"/>
      <trkpt lat="40.194729" lon="-121.413147"/>
      <trkpt lat="40.194819" lon="-121.412803"/>
      <trkpt lat="40.194836" lon="-121.412664"/>
      <trkpt lat="40.194905" lon="-121.412439"/>
      <trkpt lat="40.194934" lon="-121.412256"/>
      <trkpt lat="40.194942" lon="-121.412122"/>
      <trkpt lat="40.194942" lon="-121.411757"/>
      <trkpt lat="40.194950" lon="-121.411656"/>
      <trkpt lat="40.194979" lon="-121.411505"/>
      <trkpt lat="40.195008" lon="-121.411285"/>
      <trkpt lat="40.195024" lon="-121.410990"/>
      <trkpt lat="40.195053" lon="-121.410765"/>
      <trkpt lat="40.195126" lon="-121.410389"/>
      <trkpt lat="40.195139" lon="-121.410245"/>
      <trkpt lat="40.195221" lon="-121.409885"/>
      <trkpt lat="40.195344" lon="-121.409462"/>
      <trkpt lat="40.195385" lon="-121.409360"/>
      <trkpt lat="40.195413" lon="-121.409327"/>
      <trkpt lat="40.195462" lon="-121.409301"/>
      <trkpt lat="40.195536" lon="-121.409290"/>
      <trkpt lat="40.195630" lon="-121.409258"/>
      <trkpt lat="40.195680" lon="-121.409231"/>
      <trkpt lat="40.195774" lon="-121.409134"/>
      <trkpt lat="40.195848" lon="-121.409070"/>
      <trkpt lat="40.195901" lon="-121.409006"/>
      <trkpt lat="40.195921" lon="-121.408973"/>
      <trkpt lat="40.195929" lon="-121.408941"/>
      <trkpt lat="40.195929" lon="-121.408909"/>
      <trkpt lat="40.195905" lon="-121.408888"/>
      <trkpt lat="40.195577" lon="-121.408818"/>
      <trkpt lat="40.195421" lon="-121.408748"/>
      <trkpt lat="40.195385" lon="-121.408716"/>
      <trkpt lat="40.195323" lon="-121.408705"/>
      <trkpt lat="40.195126" lon="-121.408732"/>
      <trkpt lat="40.195040" lon="-121.408759"/>
      <trkpt lat="40.194913" lon="-121.408845"/>
      <trkpt lat="40.194782" lon="-121.408888"/>
      <trkpt lat="40.194639" lon="-121.408920"/>
      <trkpt lat="40.194544" lon="-121.408925"/>
      <trkpt lat="40.194450" lon="-121.409006"/>
      <trkpt lat="40.194192" lon="-121.409209"/>
      <trkpt lat="40.194028" lon="-121.409354"/>
      <trkpt lat="40.193897" lon="-121.409504"/>
      <trkpt lat="40.193803" lon="-121.409628"/>
      <trkpt lat="40.193737" lon="-121.409762"/>
      <trkpt lat="40.193672" lon="-121.409934"/>
      <trkpt lat="40.193614" lon="-121.410137"/>
      <trkpt lat="40.193553" lon="-121.410422"/>
      <trkpt lat="40.193491" lon="-121.410647"/>
      <trkpt lat="40.193459" lon="-121.410808"/>
      <trkpt lat="40.193414" lon="-121.411076"/>
      <trkpt lat="40.193389" lon="-121.411151"/>
      <trkpt lat="40.193368" lon="-121.411200"/>
      <trkpt lat="40.193360" lon="-121.411232"/>
      <trkpt lat="40.193336" lon="-121.411259"/>
      <trkpt lat="40.193315" lon="-121.411269"/>
      <trkpt lat="40.193295" lon="-121.411269"/>
      <trkpt lat="40.193283" lon="-121.411264"/>
      <trkpt lat="40.193274" lon="-121.411226"/>
      <trkpt lat="40.193274" lon="-121.411184"/>
      <trkpt lat="40.193303" lon="-121.411103"/>
      <trkpt lat="40.193328" lon="-121.410947"/>
      <trkpt lat="40.193328" lon="-121.410765"/>
      <trkpt lat="40.193307" lon="-121.410663"/>
      <trkpt lat="40.193299" lon="-121.410486"/>
      <trkpt lat="40.193278" lon="-121.410331"/>
      <trkpt lat="40.193246" lon="-121.409864"/>
      <trkpt lat="40.193250" lon="-121.409773"/>
      <trkpt lat="40.193266" lon="-121.409681"/>
      <trkpt lat="40.193283" lon="-121.409515"/>
      <trkpt lat="40.193307" lon="-121.409188"/>
      <trkpt lat="40.193344" lon="-121.408946"/>
      <trkpt lat="40.193393" lon="-121.408775"/>
      <trkpt lat="40.193426" lon="-121.408550"/>
      <trkpt lat="40.193471" lon="-121.408410"/>
      <trkpt lat="40.193532" lon="-121.408169"/>
      <trkpt lat="40.193586" lon="-121.407815"/>
      <trkpt lat="40.193590" lon="-121.407691"/>
      <trkpt lat="40.193573" lon="-121.407498"/>
      <trkpt lat="40.193586" lon="-121.407300"/>
      <trkpt lat="40.193606" lon="-121.407149"/>
      <trkpt lat="40.193639" lon="-121.407021"/>
      <trkpt lat="40.193680" lon="-121.406897"/>
      <trkpt lat="40.193733" lon="-121.406790"/>
      <trkpt lat="40.193807" lon="-121.406715"/>
      <trkpt lat="40.193987" lon="-121.406575"/>
      <trkpt lat="40.194065" lon="-121.406495"/>
      <trkpt lat="40.194278" lon="-121.406211"/>
      <trkpt lat="40.194413" lon="-121.406055"/>
      <trkpt lat="40.194475" lon="-121.405996"/>
      <trkpt lat="40.194524" lon="-121.405937"/>
      <trkpt lat="40.194524" lon="-121.405916"/>
      <trkpt lat="40.194483" lon="-121.405916"/>
      <trkpt lat="40.194327" lon="-121.405980"/>
      <trkpt lat="40.194245" lon="-121.405991"/>
      <trkpt lat="40.194176" lon="-121.406039"/>
      <trkpt lat="40.194024" lon="-121.406200"/>
      <trkpt lat="40.193766" lon="-121.406377"/>
      <trkpt lat="40.193672" lon="-121.406447"/>
      <trkpt lat="40.193418" lon="-121.406597"/>
      <trkpt lat="40.193241" lon="-121.406677"/>
      <trkpt lat="40.192942" lon="-121.406903"/>
      <trkpt lat="40.192770" lon="-121.407053"/>
      <trkpt lat="40.192688" lon="-121.407117"/>
      <trkpt lat="40.192504" lon="-121.407305"/>
      <trkpt lat="40.192422" lon="-121.407412"/>
      <trkpt lat="40.192348" lon="-121.407557"/>
      <trkpt lat="40.192160" lon="-121.407868"/>
      <trkpt lat="40.192139" lon="-121.407890"/>
      <trkpt lat="40.192110" lon="-121.407906"/>
      <trkpt lat="40.192090" lon="-121.407895"/>
      <trkpt lat="40.192082" lon="-121.407874"/>
      <trkpt lat="40.192082" lon="-121.407815"/>
      <trkpt lat="40.192110" lon="-121.407101"/>
      <trkpt lat="40.192143" lon="-121.406935"/>
      <trkpt lat="40.192160" lon="-121.406903"/>
      <trkpt lat="40.192201" lon="-121.406849"/>
      <trkpt lat="40.192270" lon="-121.406779"/>
      <trkpt lat="40.192377" lon="-121.406699"/>
      <trkpt lat="40.192455" lon="-121.406624"/>
      <trkpt lat="40.192537" lon="-121.406516"/>
      <trkpt lat="40.192631" lon="-121.406377"/>
      <trkpt lat="40.192696" lon="-121.406243"/>
      <trkpt lat="40.192758" lon="-121.406066"/>
      <trkpt lat="40.192840" lon="-121.405647"/>
      <trkpt lat="40.192848" lon="-121.405417"/>
      <trkpt lat="40.192906" lon="-121.405256"/>
      <trkpt lat="40.192983" lon="-121.405165"/>
      <trkpt lat="40.193053" lon="-121.405014"/>
      <trkpt lat="40.193061" lon="-121.404912"/>
      <trkpt lat="40.193086" lon="-121.404837"/>
      <trkpt lat="40.193127" lon="-121.404752"/>
      <trkpt lat="40.193151" lon="-121.404687"/>
      <trkpt lat="40.193172" lon="-121.404607"/>
      <trkpt lat="40.193164" lon="-121.404510"/>
      <trkpt lat="40.193160" lon="-121.404381"/>
      <trkpt lat="40.193180" lon="-121.404285"/>
      <trkpt lat="40.193209" lon="-121.404183"/>
      <trkpt lat="40.193262" lon="-121.404076"/>
      <trkpt lat="40.193287" lon="-121.404043"/>
      <trkpt lat="40.193479" lon="-121.403990"/>
      <trkpt lat="40.193598" lon="-121.403899"/>
      <trkpt lat="40.193627" lon="-121.403856"/>
      <trkpt lat="40.193709" lon="-121.403711"/>
      <trkpt lat="40.193770" lon="-121.403652"/>
      <trkpt lat="40.193852" lon="-121.403598"/>
      <trkpt lat="40.194000" lon="-121.403448"/>
      <trkpt lat="40.194143" lon="-121.403217"/>
      <trkpt lat="40.194291" lon="-121.403078"/>
      <trkpt lat="40.194426" lon="-121.402981"/>
      <trkpt lat="40.194532" lon="-121.402928"/>
      <trkpt lat="40.194663" lon="-121.402831"/>
      <trkpt lat="40.194831" lon="-121.402692"/>
      <trkpt lat="40.194934" lon="-121.402633"/>
      <trkpt lat="40.195073" lon="-121.402504"/>
      <trkpt lat="40.195106" lon="-121.402434"/>
      <trkpt lat="40.195172" lon="-121.402273"/>
      <trkpt lat="40.195298" lon="-121.402102"/>
      <trkpt lat="40.195356" lon="-121.402064"/>
      <trkpt lat="40.195413" lon="-121.402048"/>
      <trkpt lat="40.195540" lon="-121.402042"/>
      <trkpt lat="40.195594" lon="-121.402032"/>
      <trkpt lat="40.195647" lon="-121.402005"/>
      <trkpt lat="40.195909" lon="-121.401930"/>
      <trkpt lat="40.196102" lon="-121.401849"/>
      <trkpt lat="40.196257" lon="-121.401764"/>
      <trkpt lat="40.196323" lon="-121.401742"/>
      <trkpt lat="40.196380" lon="-121.401737"/>
      <trkpt lat="40.196454" lon="-121.401705"/>
      <trkpt lat="40.196524" lon="-121.401629"/>
      <trkpt lat="40.196712" lon="-121.401479"/>
      <trkpt lat="40.196921" lon="-121.401281"/>
      <trkpt lat="40.197069" lon="-121.401216"/>
      <trkpt lat="40.197269" lon="-121.401055"/>
      <trkpt lat="40.197360" lon="-121.400937"/>
      <trkpt lat="40.197474" lon="-121.400744"/>
      <trkpt lat="40.197564" lon="-121.400632"/>
      <trkpt lat="40.197683" lon="-121.400551"/>
      <trkpt lat="40.197839" lon="-121.400423"/>
      <trkpt lat="40.197946" lon="-121.400321"/>
      <trkpt lat="40.198052" lon="-121.400186"/>
      <trkpt lat="40.198081" lon="-121.400160"/>
      <trkpt lat="40.198105" lon="-121.400127"/>
      <trkpt lat="40.198159" lon="-121.400074"/>
      <trkpt lat="40.198208" lon="-121.400036"/>
      <trkpt lat="40.198240" lon="-121.399988"/>
      <trkpt lat="40.198314" lon="-121.399929"/>
      <trkpt lat="40.198355" lon="-121.399838"/>
      <trkpt lat="40.198396" lon="-121.399709"/>
      <trkpt lat="40.198425" lon="-121.399559"/>
      <trkpt lat="40.198470" lon="-121.399435"/>
      <trkpt lat="40.198556" lon="-121.399280"/>
      <trkpt lat="40.198593" lon="-121.399221"/>
      <trkpt lat="40.198630" lon="-121.399044"/>
      <trkpt lat="40.198683" lon="-121.398867"/>
      <trkpt lat="40.198728" lon="-121.398604"/>
      <trkpt lat="40.198740" lon="-121.398448"/>
      <trkpt lat="40.198761" lon="-121.398346"/>
      <trkpt lat="40.198798" lon="-121.398266"/>
      <trkpt lat="40.198818" lon="-121.398159"/>
      <trkpt lat="40.198827" lon="-121.398051"/>
      <trkpt lat="40.198851" lon="-121.397971"/>
      <trkpt lat="40.198929" lon="-121.397826"/>
      <trkpt lat="40.199023" lon="-121.397601"/>
      <trkpt lat="40.199281" lon="-121.397123"/>
      <trkpt lat="40.199330" lon="-121.396995"/>
      <trkpt lat="40.199367" lon="-121.396914"/>
      <trkpt lat="40.199388" lon="-121.396828"/>
      <trkpt lat="40.199421" lon="-121.396608"/>
      <trkpt lat="40.199601" lon="-121.396109"/>
      <trkpt lat="40.199683" lon="-121.395911"/>
      <trkpt lat="40.199744" lon="-121.395809"/>
      <trkpt lat="40.199875" lon="-121.395632"/>
      <trkpt lat="40.200088" lon="-121.395289"/>
      <trkpt lat="40.200474" lon="-121.394736"/>
      <trkpt lat="40.200597" lon="-121.394543"/>
      <trkpt lat="40.200658" lon="-121.394430"/>
      <trkpt lat="40.200846" lon="-121.394216"/>
      <trkpt lat="40.200900" lon="-121.394114"/>
      <trkpt lat="40.201076" lon="-121.394001"/>
      <trkpt lat="40.201186" lon="-121.393958"/>
      <trkpt lat="40.201338" lon="-121.393867"/>
      <trkpt lat="40.201461" lon="-121.393755"/>
      <trkpt lat="40.201666" lon="-121.393481"/>
      <trkpt lat="40.201748" lon="-121.393379"/>
      <trkpt lat="40.201891" lon="-121.393336"/>
      <trkpt lat="40.201998" lon="-121.393299"/>
      <trkpt lat="40.202063" lon="-121.393256"/>
      <trkpt lat="40.202149" lon="-121.393186"/>
      <trkpt lat="40.202219" lon="-121.393100"/>
      <trkpt lat="40.202338" lon="-121.392848"/>
      <trkpt lat="40.202391" lon="-121.392767"/>
      <trkpt lat="40.202436" lon="-121.392724"/>
      <trkpt lat="40.202489" lon="-121.392703"/>
      <trkpt lat="40.202543" lon="-121.392660"/>
      <trkpt lat="40.202588" lon="-121.392590"/>
      <trkpt lat="40.202625" lon="-121.392515"/>
      <trkpt lat="40.202731" lon="-121.392397"/>
      <trkpt lat="40.202875" lon="-121.392279"/>
      <trkpt lat="40.203075" lon="-121.392081"/>
      <trkpt lat="40.203174" lon="-121.391952"/>
      <trkpt lat="40.203378" lon="-121.391566"/>
      <trkpt lat="40.203473" lon="-121.391367"/>
      <trkpt lat="40.203501" lon="-121.391287"/>
      <trkpt lat="40.203510" lon="-121.391206"/>
      <trkpt lat="40.203497" lon="-121.391126"/>
      <trkpt lat="40.203469" lon="-121.391062"/>
      <trkpt lat="40.203436" lon="-121.391008"/>
      <trkpt lat="40.203432" lon="-121.390901"/>
      <trkpt lat="40.203489" lon="-121.390783"/>
      <trkpt lat="40.203727" lon="-121.390482"/>
      <trkpt lat="40.203776" lon="-121.390407"/>
      <trkpt lat="40.203817" lon="-121.390321"/>
      <trkpt lat="40.203919" lon="-121.390128"/>
      <trkpt lat="40.204038" lon="-121.389983"/>
      <trkpt lat="40.204116" lon="-121.389871"/>
      <trkpt lat="40.204186" lon="-121.389731"/>
      <trkpt lat="40.204296" lon="-121.389554"/>
      <trkpt lat="40.204333" lon="-121.389479"/>
      <trkpt lat="40.204370" lon="-121.389436"/>
      <trkpt lat="40.204403" lon="-121.389409"/>
      <trkpt lat="40.204468" lon="-121.389388"/>
      <trkpt lat="40.204534" lon="-121.389356"/>
      <trkpt lat="40.204599" lon="-121.389307"/>
      <trkpt lat="40.204649" lon="-121.389243"/>
      <trkpt lat="40.204726" lon="-121.389152"/>
      <trkpt lat="40.204788" lon="-121.389130"/>
      <trkpt lat="40.204837" lon="-121.389130"/>
      <trkpt lat="40.204960" lon="-121.389157"/>
      <trkpt lat="40.205116" lon="-121.389077"/>
      <trkpt lat="40.205214" lon="-121.389044"/>
      <trkpt lat="40.205439" lon="-121.388991"/>
      <trkpt lat="40.205607" lon="-121.388943"/>
      <trkpt lat="40.205689" lon="-121.388943"/>
      <trkpt lat="40.205767" lon="-121.388959"/>
      <trkpt lat="40.205816" lon="-121.388996"/>
      <trkpt lat="40.205874" lon="-121.389018"/>
      <trkpt lat="40.205927" lon="-121.389023"/>
      <trkpt lat="40.206021" lon="-121.388937"/>
      <trkpt lat="40.206103" lon="-121.388835"/>
      <trkpt lat="40.206226" lon="-121.388664"/>
      <trkpt lat="40.206275" lon="-121.388583"/>
      <trkpt lat="40.206357" lon="-121.388487"/>
      <trkpt lat="40.206394" lon="-121.388454"/>
      <trkpt lat="40.206431" lon="-121.388433"/>
      <trkpt lat="40.206476" lon="-121.388428"/>
      <trkpt lat="40.206726" lon="-121.388460"/>
      <trkpt lat="40.206824" lon="-121.388449"/>
      <trkpt lat="40.206902" lon="-121.388417"/>
      <trkpt lat="40.207025" lon="-121.388326"/>
      <trkpt lat="40.207135" lon="-121.388213"/>
      <trkpt lat="40.207234" lon="-121.388122"/>
      <trkpt lat="40.207312" lon="-121.387998"/>
      <trkpt lat="40.207377" lon="-121.387843"/>
      <trkpt lat="40.207373" lon="-121.387800"/>
      <trkpt lat="40.207377" lon="-121.387784"/>
      <trkpt lat="40.207365" lon="-121.387730"/>
      <trkpt lat="40.207312" lon="-121.387612"/>
      <trkpt lat="40.207324" lon="-121.387532"/>
      <trkpt lat="40.207349" lon="-121.387478"/>
      <trkpt lat="40.207361" lon="-121.387392"/>
      <trkpt lat="40.207324" lon="-121.387156"/>
      <trkpt lat="40.207324" lon="-121.387006"/>
      <trkpt lat="40.207332" lon="-121.386824"/>
      <trkpt lat="40.207353" lon="-121.386700"/>
      <trkpt lat="40.207385" lon="-121.386604"/>
      <trkpt lat="40.207410" lon="-121.386475"/>
      <trkpt lat="40.207410" lon="-121.386362"/>
      <trkpt lat="40.207426" lon="-121.386244"/>
      <trkpt lat="40.207463" lon="-121.386207"/>
      <trkpt lat="40.207496" lon="-121.386223"/>
      <trkpt lat="40.207525" lon="-121.386309"/>
      <trkpt lat="40.207820" lon="-121.386684"/>
      <trkpt lat="40.207988" lon="-121.386867"/>
      <trkpt lat="40.208119" lon="-121.386952"/>
      <trkpt lat="40.208160" lon="-121.386990"/>
      <trkpt lat="40.208229" lon="-121.387086"/>
      <trkpt lat="40.208287" lon="-121.387146"/>
      <trkpt lat="40.208426" lon="-121.387199"/>
      <trkpt lat="40.208475" lon="-121.387231"/>
      <trkpt lat="40.208520" lon="-121.387269"/>
      <trkpt lat="40.208750" lon="-121.387382"/>
      <trkpt lat="40.208840" lon="-121.387403"/>
      <trkpt lat="40.209004" lon="-121.387408"/>
      <trkpt lat="40.209393" lon="-121.387387"/>
      <trkpt lat="40.209491" lon="-121.387349"/>
      <trkpt lat="40.209565" lon="-121.387349"/>
      <trkpt lat="40.209655" lon="-121.387339"/>
      <trkpt lat="40.209725" lon="-121.387323"/>
      <trkpt lat="40.209782" lon="-121.387290"/>
      <trkpt lat="40.209884" lon="-121.387274"/>
      <trkpt lat="40.210081" lon="-121.387253"/>
      <trkpt lat="40.210397" lon="-121.387129"/>
      <trkpt lat="40.210466" lon="-121.387108"/>
      <trkpt lat="40.210519" lon="-121.387070"/>
      <trkpt lat="40.210634" lon="-121.387054"/>
      <trkpt lat="40.210679" lon="-121.387044"/>
      <trkpt lat="40.210704" lon="-121.387028"/>
      <trkpt lat="40.210708" lon="-121.387011"/>
      <trkpt lat="40.210683" lon="-121.386979"/>
      <trkpt lat="40.210630" lon="-121.386963"/>
      <trkpt lat="40.210540" lon="-121.386952"/>
      <trkpt lat="40.210442" lon="-121.386926"/>
      <trkpt lat="40.210298" lon="-121.386840"/>
      <trkpt lat="40.209917" lon="-121.386786"/>
      <trkpt lat="40.209843" lon="-121.386754"/>
      <trkpt lat="40.209774" lon="-121.386684"/>
      <trkpt lat="40.209712" lon="-121.386593"/>
      <trkpt lat="40.209671" lon="-121.386496"/>
      <trkpt lat="40.209639" lon="-121.386234"/>
      <trkpt lat="40.209606" lon="-121.386056"/>
      <trkpt lat="40.209557" lon="-121.385901"/>
      <trkpt lat="40.209516" lon="-121.385713"/>
      <trkpt lat="40.209512" lon="-121.385595"/>
      <trkpt lat="40.209520" lon="-121.385386"/>
      <trkpt lat="40.209524" lon="-121.384962"/>
      <trkpt lat="40.209561" lon="-121.384807"/>
      <trkpt lat="40.209634" lon="-121.384367"/>
      <trkpt lat="40.209721" lon="-121.383986"/>
      <trkpt lat="40.209897" lon="-121.383407"/>
      <trkpt lat="40.209930" lon="-121.383133"/>
      <trkpt lat="40.210040" lon="-121.382897"/>
      <trkpt lat="40.210077" lon="-121.382795"/>
      <trkpt lat="40.210081" lon="-121.382763"/>
      <trkpt lat="40.210106" lon="-121.382653"/>
      <trkpt lat="40.210110" lon="-121.382495"/>
      <trkpt lat="40.210151" lon="-121.382317"/>
      <trkpt lat="40.210159" lon="-121.382023"/>
      <trkpt lat="40.210151" lon="-121.381894"/>
      <trkpt lat="40.210155" lon="-121.381792"/>
      <trkpt lat="40.210196" lon="-121.381572"/>
      <trkpt lat="40.210241" lon="-121.381507"/>
      <trkpt lat="40.210290" lon="-121.381389"/>
      <trkpt lat="40.210310" lon="-121.381255"/>
      <trkpt lat="40.210327" lon="-121.381084"/>
      <trkpt lat="40.210302" lon="-121.380966"/>
      <trkpt lat="40.210270" lon="-121.380858"/>
      <trkpt lat="40.210257" lon="-121.380692"/>
      <trkpt lat="40.210274" lon="-121.380456"/>
      <trkpt lat="40.210278" lon="-121.380317"/>
      <trkpt lat="40.210290" lon="-121.380140"/>
      <trkpt lat="40.210331" lon="-121.379861"/>
      <trkpt lat="40.210315" lon="-121.379812"/>
      <trkpt lat="40.210294" lon="-121.379769"/>
      <trkpt lat="40.210245" lon="-121.379630"/>
      <trkpt lat="40.210249" lon="-121.379453"/>
      <trkpt lat="40.210286" lon="-121.379244"/>
      <trkpt lat="40.210315" lon="-121.379147"/>
      <trkpt lat="40.210327" lon="-121.379061"/>
      <trkpt lat="40.210302" lon="-121.378874"/>
      <trkpt lat="40.210290" lon="-121.378815"/>
      <trkpt lat="40.210294" lon="-121.378729"/>
      <trkpt lat="40.210319" lon="-121.378648"/>
      <trkpt lat="40.210335" lon="-121.378541"/>
      <trkpt lat="40.210335" lon="-121.378412"/>
      <trkpt lat="40.210323" lon="-121.378058"/>
      <trkpt lat="40.210331" lon="-121.377736"/>
      <trkpt lat="40.210331" lon="-121.377431"/>
      <trkpt lat="40.210351" lon="-121.377345"/>
      <trkpt lat="40.210388" lon="-121.377243"/>
      <trkpt lat="40.210450" lon="-121.377119"/>
      <trkpt lat="40.210638" lon="-121.376588"/>
      <trkpt lat="40.210671" lon="-121.376465"/>
      <trkpt lat="40.210777" lon="-121.376283"/>
      <trkpt lat="40.210827" lon="-121.376143"/>
      <trkpt lat="40.210868" lon="-121.375987"/>
      <trkpt lat="40.210880" lon="-121.375875"/>
      <trkpt lat="40.210868" lon="-121.375741"/>
      <trkpt lat="40.210868" lon="-121.375682"/>
      <trkpt lat="40.210892" lon="-121.375612"/>
      <trkpt lat="40.210913" lon="-121.375494"/>
      <trkpt lat="40.210925" lon="-121.375365"/>
      <trkpt lat="40.210925" lon="-121.375236"/>
      <trkpt lat="40.210892" lon="-121.375135"/>
      <trkpt lat="40.210806" lon="-121.375011"/>
      <trkpt lat="40.210720" lon="-121.374839"/>
      <trkpt lat="40.210626" lon="-121.374732"/>
      <trkpt lat="40.210560" lon="-121.374673"/>
      <trkpt lat="40.210524" lon="-121.374614"/>
      <trkpt lat="40.210462" lon="-121.374351"/>
      <trkpt lat="40.210442" lon="-121.374228"/>
      <trkpt lat="40.210417" lon="-121.374164"/>
      <trkpt lat="40.210339" lon="-121.374062"/>
      <trkpt lat="40.210274" lon="-121.373783"/>
      <trkpt lat="40.210224" lon="-121.373482"/>
      <trkpt lat="40.210224" lon="-121.373359"/>
      <trkpt lat="40.210208" lon="-121.373160"/>
      <trkpt lat="40.210192" lon="-121.372876"/>
      <trkpt lat="40.210159" lon="-121.372581"/>
      <trkpt lat="40.210130" lon="-121.372468"/>
      <trkpt lat="40.210052" lon="-121.372034"/>
      <trkpt lat="40.209966" lon="-121.371658"/>
      <trkpt lat="40.209901" lon="-121.371342"/>
      <trkpt lat="40.209864" lon="-121.371079"/>
      <trkpt lat="40.209831" lon="-121.370822"/>
      <trkpt lat="40.209811" lon="-121.370586"/>
      <trkpt lat="40.209819" lon="-121.370366"/>
      <trkpt lat="40.209815" lon="-121.370151"/>
      <trkpt lat="40.209782" lon="-121.370038"/>
      <trkpt lat="40.209782" lon="-121.369936"/>
      <trkpt lat="40.209761" lon="-121.369668"/>
      <trkpt lat="40.209737" lon="-121.369427"/>
      <trkpt lat="40.209684" lon="-121.369218"/>
      <trkpt lat="40.209581" lon="-121.368939"/>
      <trkpt lat="40.209405" lon="-121.368574"/>
      <trkpt lat="40.209262" lon="-121.368247"/>
      <trkpt lat="40.209167" lon="-121.368075"/>
      <trkpt lat="40.209131" lon="-121.367962"/>
      <trkpt lat="40.209012" lon="-121.367657"/>
      <trkpt lat="40.208901" lon="-121.367437"/>
      <trkpt lat="40.208872" lon="-121.367372"/>
      <trkpt lat="40.208868" lon="-121.367308"/>
      <trkpt lat="40.208856" lon="-121.367244"/>
      <trkpt lat="40.208770" lon="-121.366954"/>
      <trkpt lat="40.208594" lon="-121.366230"/>
      <trkpt lat="40.208528" lon="-121.365983"/>
      <trkpt lat="40.208512" lon="-121.365865"/>
      <trkpt lat="40.208512" lon="-121.365693"/>
      <trkpt lat="40.208487" lon="-121.365227"/>
      <trkpt lat="40.208483" lon="-121.364733"/>
      <trkpt lat="40.208434" lon="-121.364481"/>
      <trkpt lat="40.208369" lon="-121.364315"/>
      <trkpt lat="40.208299" lon="-121.364062"/>
      <trkpt lat="40.208295" lon="-121.363982"/>
      <trkpt lat="40.208262" lon="-121.363639"/>
      <trkpt lat="40.208225" lon="-121.363354"/>
      <trkpt lat="40.208184" lon="-121.363129"/>
      <trkpt lat="40.208147" lon="-121.362984"/>
      <trkpt lat="40.208110" lon="-121.362888"/>
      <trkpt lat="40.208086" lon="-121.362786"/>
      <trkpt lat="40.208057" lon="-121.362603"/>
      <trkpt lat="40.208041" lon="-121.362308"/>
      <trkpt lat="40.207963" lon="-121.361804"/>
      <trkpt lat="40.207906" lon="-121.361563"/>
      <trkpt lat="40.207787" lon="-121.361150"/>
      <trkpt lat="40.207758" lon="-121.360999"/>
      <trkpt lat="40.207746" lon="-121.360887"/>
      <trkpt lat="40.207766" lon="-121.359884"/>
      <trkpt lat="40.207787" lon="-121.359685"/>
      <trkpt lat="40.207893" lon="-121.359245"/>
      <trkpt lat="40.207947" lon="-121.358955"/>
      <trkpt lat="40.207979" lon="-121.358746"/>
      <trkpt lat="40.208008" lon="-121.358628"/>
      <trkpt lat="40.208045" lon="-121.358537"/>
      <trkpt lat="40.208168" lon="-121.358355"/>
      <trkpt lat="40.208365" lon="-121.357963"/>
      <trkpt lat="40.208442" lon="-121.357834"/>
      <trkpt lat="40.208532" lon="-121.357711"/>
      <trkpt lat="40.208590" lon="-121.357657"/>
      <trkpt lat="40.208651" lon="-121.357550"/>
      <trkpt lat="40.208672" lon="-121.357454"/>
      <trkpt lat="40.208717" lon="-121.357351"/>
      <trkpt lat="40.208778" lon="-121.357260"/>
      <trkpt lat="40.208807" lon="-121.357174"/>
      <trkpt lat="40.208856" lon="-121.357094"/>
      <trkpt lat="40.208967" lon="-121.356949"/>
      <trkpt lat="40.209299" lon="-121.356579"/>
      <trkpt lat="40.209544" lon="-121.356338"/>
      <trkpt lat="40.209655" lon="-121.356220"/>
      <trkpt lat="40.209753" lon="-121.356123"/>
      <trkpt lat="40.209876" lon="-121.356005"/>
      <trkpt lat="40.209995" lon="-121.355908"/>
      <trkpt lat="40.210069" lon="-121.355866"/>
      <trkpt lat="40.210134" lon="-121.355844"/>
      <trkpt lat="40.210241" lon="-121.355737"/>
      <trkpt lat="40.210642" lon="-121.355597"/>
      <trkpt lat="40.210884" lon="-121.355576"/>
      <trkpt lat="40.210991" lon="-121.355560"/>
      <trkpt lat="40.211056" lon="-121.355565"/>
      <trkpt lat="40.211150" lon="-121.355614"/>
      <trkpt lat="40.211277" lon="-121.355630"/>
      <trkpt lat="40.211593" lon="-121.355635"/>
      <trkpt lat="40.211781" lon="-121.355614"/>
      <trkpt lat="40.211875" lon="-121.355635"/>
      <trkpt lat="40.211978" lon="-121.355640"/>
      <trkpt lat="40.212125" lon="-121.355614"/>
      <trkpt lat="40.212347" lon="-121.355549"/>
      <trkpt lat="40.212392" lon="-121.355522"/>
      <trkpt lat="40.212494" lon="-121.355474"/>
      <trkpt lat="40.212973" lon="-121.355013"/>
      <trkpt lat="40.213055" lon="-121.354922"/>
      <trkpt lat="40.213121" lon="-121.354895"/>
      <trkpt lat="40.213313" lon="-121.354702"/>
      <trkpt lat="40.213498" lon="-121.354503"/>
      <trkpt lat="40.213662" lon="-121.354272"/>
      <trkpt lat="40.213686" lon="-121.354230"/>
      <trkpt lat="40.213768" lon="-121.354138"/>
      <trkpt lat="40.213858" lon="-121.354063"/>
      <trkpt lat="40.213920" lon="-121.354042"/>
      <trkpt lat="40.214026" lon="-121.354036"/>
      <trkpt lat="40.214149" lon="-121.354042"/>
      <trkpt lat="40.214292" lon="-121.354074"/>
      <trkpt lat="40.214378" lon="-121.354122"/>
      <trkpt lat="40.214481" lon="-121.354192"/>
      <trkpt lat="40.214587" lon="-121.354299"/>
      <trkpt lat="40.214632" lon="-121.354396"/>
      <trkpt lat="40.214661" lon="-121.354519"/>
      <trkpt lat="40.214681" lon="-121.354669"/>
      <trkpt lat="40.214677" lon="-121.354825"/>
      <trkpt lat="40.214665" lon="-121.354959"/>
      <trkpt lat="40.214636" lon="-121.355088"/>
      <trkpt lat="40.214509" lon="-121.355479"/>
      <trkpt lat="40.214469" lon="-121.355683"/>
      <trkpt lat="40.214452" lon="-121.355823"/>
      <trkpt lat="40.214452" lon="-121.356005"/>
      <trkpt lat="40.214464" lon="-121.356145"/>
      <trkpt lat="40.214509" lon="-121.356300"/>
      <trkpt lat="40.214620" lon="-121.356542"/>
      <trkpt lat="40.214718" lon="-121.356718"/>
      <trkpt lat="40.214837" lon="-121.356917"/>
      <trkpt lat="40.214956" lon="-121.357164"/>
      <trkpt lat="40.215108" lon="-121.357523"/>
      <trkpt lat="40.215255" lon="-121.357770"/>
      <trkpt lat="40.215370" lon="-121.358038"/>
      <trkpt lat="40.215488" lon="-121.358301"/>
      <trkpt lat="40.215497" lon="-121.358365"/>
      <trkpt lat="40.215558" lon="-121.358521"/>
      <trkpt lat="40.215689" lon="-121.358907"/>
      <trkpt lat="40.215767" lon="-121.359041"/>
      <trkpt lat="40.215857" lon="-121.359143"/>
      <trkpt lat="40.215951" lon="-121.359197"/>
      <trkpt lat="40.216050" lon="-121.359224"/>
      <trkpt lat="40.216381" lon="-121.359186"/>
      <trkpt lat="40.216566" lon="-121.359224"/>
      <trkpt lat="40.216636" lon="-121.359245"/>
      <trkpt lat="40.216750" lon="-121.359256"/>
      <trkpt lat="40.216885" lon="-121.359288"/>
      <trkpt lat="40.217201" lon="-121.359411"/>
      <trkpt lat="40.217324" lon="-121.359476"/>
      <trkpt lat="40.217397" lon="-121.359535"/>
      <trkpt lat="40.217459" lon="-121.359610"/>
      <trkpt lat="40.217549" lon="-121.359765"/>
      <trkpt lat="40.217684" lon="-121.360050"/>
      <trkpt lat="40.217762" lon="-121.360146"/>
      <trkpt lat="40.217864" lon="-121.360259"/>
      <trkpt lat="40.217954" lon="-121.360350"/>
      <trkpt lat="40.218204" lon="-121.360484"/>
      <trkpt lat="40.218270" lon="-121.360538"/>
      <trkpt lat="40.218397" lon="-121.360613"/>
      <trkpt lat="40.218520" lon="-121.360624"/>
      <trkpt lat="40.218606" lon="-121.360581"/>
      <trkpt lat="40.218647" lon="-121.360527"/>
      <trkpt lat="40.218733" lon="-121.360366"/>
      <trkpt lat="40.218757" lon="-121.360238"/>
      <trkpt lat="40.218770" lon="-121.360087"/>
      <trkpt lat="40.218811" lon="-121.359932"/>
      <trkpt lat="40.218856" lon="-121.359674"/>
      <trkpt lat="40.218852" lon="-121.359535"/>
      <trkpt lat="40.218864" lon="-121.359347"/>
      <trkpt lat="40.218897" lon="-121.359208"/>
      <trkpt lat="40.218929" lon="-121.359004"/>
      <trkpt lat="40.218942" lon="-121.358832"/>
      <trkpt lat="40.218929" lon="-121.358575"/>
      <trkpt lat="40.218921" lon="-121.358264"/>
      <trkpt lat="40.218954" lon="-121.357545"/>
      <trkpt lat="40.218978" lon="-121.357373"/>
      <trkpt lat="40.218999" lon="-121.357271"/>
      <trkpt lat="40.219015" lon="-121.357158"/>
      <trkpt lat="40.219015" lon="-121.356960"/>
      <trkpt lat="40.219056" lon="-121.356772"/>
      <trkpt lat="40.219110" lon="-121.356670"/>
      <trkpt lat="40.219425" lon="-121.356198"/>
      <trkpt lat="40.219601" lon="-121.355984"/>
      <trkpt lat="40.219687" lon="-121.355817"/>
      <trkpt lat="40.219908" lon="-121.355270"/>
      <trkpt lat="40.219945" lon="-121.355120"/>
      <trkpt lat="40.220007" lon="-121.354739"/>
      <trkpt lat="40.220101" lon="-121.354294"/>
      <trkpt lat="40.220158" lon="-121.354058"/>
      <trkpt lat="40.220187" lon="-121.353897"/>
      <trkpt lat="40.220199" lon="-121.353639"/>
      <trkpt lat="40.220240" lon="-121.353436"/>
      <trkpt lat="40.220314" lon="-121.353124"/>
      <trkpt lat="40.220347" lon="-121.352840"/>
      <trkpt lat="40.220383" lon="-121.352674"/>
      <trkpt lat="40.220400" lon="-121.352647"/>
      <trkpt lat="40.220498" lon="-121.352223"/>
      <trkpt lat="40.220543" lon="-121.351773"/>
      <trkpt lat="40.220642" lon="-121.351435"/>
      <trkpt lat="40.220678" lon="-121.351252"/>
      <trkpt lat="40.220723" lon="-121.350716"/>
      <trkpt lat="40.220789" lon="-121.350528"/>
      <trkpt lat="40.220838" lon="-121.350254"/>
      <trkpt lat="40.220904" lon="-121.349981"/>
      <trkpt lat="40.220969" lon="-121.349739"/>
      <trkpt lat="40.221072" lon="-121.349482"/>
      <trkpt lat="40.221272" lon="-121.349112"/>
      <trkpt lat="40.221371" lon="-121.348962"/>
      <trkpt lat="40.221477" lon="-121.348822"/>
      <trkpt lat="40.221555" lon="-121.348742"/>
      <trkpt lat="40.221637" lon="-121.348672"/>
      <trkpt lat="40.221686" lon="-121.348607"/>
      <trkpt lat="40.221723" lon="-121.348575"/>
      <trkpt lat="40.221801" lon="-121.348527"/>
      <trkpt lat="40.221911" lon="-121.348495"/>
      <trkpt lat="40.221993" lon="-121.348495"/>
      <trkpt lat="40.222100" lon="-121.348527"/>
      <trkpt lat="40.222272" lon="-121.348527"/>
      <trkpt lat="40.222350" lon="-121.348463"/>
      <trkpt lat="40.222501" lon="-121.348296"/>
      <trkpt lat="40.222722" lon="-121.348119"/>
      <trkpt lat="40.222829" lon="-121.348007"/>
      <trkpt lat="40.222903" lon="-121.347969"/>
      <trkpt lat="40.222997" lon="-121.347942"/>
      <trkpt lat="40.223079" lon="-121.347953"/>
      <trkpt lat="40.223124" lon="-121.347991"/>
      <trkpt lat="40.223226" lon="-121.348093"/>
      <trkpt lat="40.223435" lon="-121.348441"/>
      <trkpt lat="40.223546" lon="-121.348602"/>
      <trkpt lat="40.223652" lon="-121.348736"/>
      <trkpt lat="40.223750" lon="-121.348876"/>
      <trkpt lat="40.223787" lon="-121.348978"/>
      <trkpt lat="40.223865" lon="-121.349139"/>
      <trkpt lat="40.224029" lon="-121.349369"/>
      <trkpt lat="40.224099" lon="-121.349498"/>
      <trkpt lat="40.224217" lon="-121.349659"/>
      <trkpt lat="40.224266" lon="-121.349782"/>
      <trkpt lat="40.224328" lon="-121.349975"/>
      <trkpt lat="40.224336" lon="-121.350190"/>
      <trkpt lat="40.224369" lon="-121.350330"/>
      <trkpt lat="40.224410" lon="-121.350437"/>
      <trkpt lat="40.224447" lon="-121.350506"/>
      <trkpt lat="40.224488" lon="-121.350539"/>
      <trkpt lat="40.224606" lon="-121.350592"/>
      <trkpt lat="40.224684" lon="-121.350619"/>
      <trkpt lat="40.224811" lon="-121.350694"/>
      <trkpt lat="40.224934" lon="-121.350802"/>
      <trkpt lat="40.225180" lon="-121.351032"/>
      <trkpt lat="40.225290" lon="-121.351129"/>
      <trkpt lat="40.225622" lon="-121.351360"/>
      <trkpt lat="40.225790" lon="-121.351590"/>
      <trkpt lat="40.225917" lon="-121.351698"/>
      <trkpt lat="40.226122" lon="-121.351837"/>
      <trkpt lat="40.226237" lon="-121.351880"/>
      <trkpt lat="40.226318" lon="-121.351944"/>
      <trkpt lat="40.226433" lon="-121.352068"/>
      <trkpt lat="40.226511" lon="-121.352132"/>
      <trkpt lat="40.226572" lon="-121.352218"/>
      <trkpt lat="40.226630" lon="-121.352325"/>
      <trkpt lat="40.226691" lon="-121.352454"/>
      <trkpt lat="40.226757" lon="-121.352556"/>
      <trkpt lat="40.226806" lon="-121.352663"/>
      <trkpt lat="40.226929" lon="-121.353071"/>
      <trkpt lat="40.226986" lon="-121.353350"/>
      <trkpt lat="40.227019" lon="-121.353484"/>
      <trkpt lat="40.227047" lon="-121.353779"/>
      <trkpt lat="40.227039" lon="-121.353988"/>
      <trkpt lat="40.227015" lon="-121.354117"/>
      <trkpt lat="40.226962" lon="-121.354246"/>
      <trkpt lat="40.226912" lon="-121.354331"/>
      <trkpt lat="40.226871" lon="-121.354498"/>
      <trkpt lat="40.226867" lon="-121.354621"/>
      <trkpt lat="40.226925" lon="-121.354991"/>
      <trkpt lat="40.226966" lon="-121.355082"/>
      <trkpt lat="40.227047" lon="-121.355125"/>
      <trkpt lat="40.227121" lon="-121.355152"/>
      <trkpt lat="40.227232" lon="-121.355233"/>
      <trkpt lat="40.227314" lon="-121.355308"/>
      <trkpt lat="40.227375" lon="-121.355431"/>
      <trkpt lat="40.227387" lon="-121.355576"/>
      <trkpt lat="40.227392" lon="-121.355705"/>
      <trkpt lat="40.227367" lon="-121.355823"/>
      <trkpt lat="40.227330" lon="-121.355908"/>
      <trkpt lat="40.227326" lon="-121.355962"/>
      <trkpt lat="40.227338" lon="-121.356016"/>
      <trkpt lat="40.227359" lon="-121.356053"/>
      <trkpt lat="40.227441" lon="-121.356150"/>
      <trkpt lat="40.227482" lon="-121.356252"/>
      <trkpt lat="40.227506" lon="-121.356273"/>
      <trkpt lat="40.227568" lon="-121.356268"/>
      <trkpt lat="40.227686" lon="-121.356182"/>
      <trkpt lat="40.227785" lon="-121.356145"/>
      <trkpt lat="40.227895" lon="-121.356064"/>
      <trkpt lat="40.228026" lon="-121.355898"/>
      <trkpt lat="40.228108" lon="-121.355817"/>
      <trkpt lat="40.228170" lon="-121.355790"/>
      <trkpt lat="40.228243" lon="-121.355774"/>
      <trkpt lat="40.228321" lon="-121.355823"/>
      <trkpt lat="40.228350" lon="-121.355860"/>
      <trkpt lat="40.228387" lon="-121.355866"/>
      <trkpt lat="40.228481" lon="-121.355790"/>
      <trkpt lat="40.228555" lon="-121.355694"/>
      <trkpt lat="40.228616" lon="-121.355651"/>
      <trkpt lat="40.228698" lon="-121.355528"/>
      <trkpt lat="40.228751" lon="-121.355356"/>
      <trkpt lat="40.228809" lon="-121.355104"/>
      <trkpt lat="40.228850" lon="-121.354986"/>
      <trkpt lat="40.228915" lon="-121.354879"/>
      <trkpt lat="40.228948" lon="-121.354809"/>
      <trkpt lat="40.229345" lon="-121.354380"/>
      <trkpt lat="40.229525" lon="-121.354160"/>
      <trkpt lat="40.229722" lon="-121.353865"/>
      <trkpt lat="40.229906" lon="-121.353564"/>
      <trkpt lat="40.230201" lon="-121.353049"/>
      <trkpt lat="40.230283" lon="-121.352872"/>
      <trkpt lat="40.230504" lon="-121.352459"/>
      <trkpt lat="40.230574" lon="-121.352298"/>
      <trkpt lat="40.230668" lon="-121.352105"/>
      <trkpt lat="40.230750" lon="-121.351976"/>
      <trkpt lat="40.230844" lon="-121.351864"/>
      <trkpt lat="40.230938" lon="-121.351773"/>
      <trkpt lat="40.231233" lon="-121.351510"/>
      <trkpt lat="40.231311" lon="-121.351418"/>
      <trkpt lat="40.231413" lon="-121.351279"/>
      <trkpt lat="40.231520" lon="-121.351166"/>
      <trkpt lat="40.231606" lon="-121.351107"/>
      <trkpt lat="40.231864" lon="-121.350823"/>
      <trkpt lat="40.231978" lon="-121.350678"/>
      <trkpt lat="40.232191" lon="-121.350512"/>
      <trkpt lat="40.232314" lon="-121.350383"/>
      <trkpt lat="40.232417" lon="-121.350233"/>
      <trkpt lat="40.232560" lon="-121.349836"/>
      <trkpt lat="40.232613" lon="-121.349654"/>
      <trkpt lat="40.232679" lon="-121.349461"/>
      <trkpt lat="40.232757" lon="-121.349085"/>
      <trkpt lat="40.232798" lon="-121.348913"/>
      <trkpt lat="40.232830" lon="-121.348801"/>
      <trkpt lat="40.232863" lon="-121.348726"/>
      <trkpt lat="40.232908" lon="-121.348656"/>
      <trkpt lat="40.233088" lon="-121.348157"/>
      <trkpt lat="40.233129" lon="-121.348023"/>
      <trkpt lat="40.233162" lon="-121.347959"/>
      <trkpt lat="40.233187" lon="-121.347926"/>
      <trkpt lat="40.233289" lon="-121.347814"/>
      <trkpt lat="40.233563" lon="-121.347556"/>
      <trkpt lat="40.233826" lon="-121.347385"/>
      <trkpt lat="40.233883" lon="-121.347374"/>
      <trkpt lat="40.233965" lon="-121.347401"/>
      <trkpt lat="40.234120" lon="-121.347497"/>
      <trkpt lat="40.234182" lon="-121.347594"/>
      <trkpt lat="40.234202" lon="-121.347685"/>
      <trkpt lat="40.234321" lon="-121.347932"/>
      <trkpt lat="40.234616" lon="-121.348264"/>
      <trkpt lat="40.234825" lon="-121.348452"/>
      <trkpt lat="40.234989" lon="-121.348543"/>
      <trkpt lat="40.235103" lon="-121.348618"/>
      <trkpt lat="40.235202" lon="-121.348699"/>
      <trkpt lat="40.235292" lon="-121.348806"/>
      <trkpt lat="40.235591" lon="-121.349182"/>
      <trkpt lat="40.235631" lon="-121.349294"/>
      <trkpt lat="40.235648" lon="-121.349418"/>
      <trkpt lat="40.235660" lon="-121.349707"/>
      <trkpt lat="40.235672" lon="-121.349841"/>
      <trkpt lat="40.235713" lon="-121.350045"/>
      <trkpt lat="40.235705" lon="-121.350335"/>
      <trkpt lat="40.235717" lon="-121.350474"/>
      <trkpt lat="40.235742" lon="-121.350544"/>
      <trkpt lat="40.235881" lon="-121.350700"/>
      <trkpt lat="40.235980" lon="-121.350823"/>
      <trkpt lat="40.236143" lon="-121.351048"/>
      <trkpt lat="40.236188" lon="-121.351172"/>
      <trkpt lat="40.236344" lon="-121.351510"/>
      <trkpt lat="40.236405" lon="-121.351628"/>
      <trkpt lat="40.236475" lon="-121.351724"/>
      <trkpt lat="40.236512" lon="-121.351805"/>
      <trkpt lat="40.236643" lon="-121.352186"/>
      <trkpt lat="40.236795" lon="-121.352422"/>
      <trkpt lat="40.236868" lon="-121.352545"/>
      <trkpt lat="40.236885" lon="-121.352727"/>
      <trkpt lat="40.236913" lon="-121.352894"/>
      <trkpt lat="40.236999" lon="-121.353119"/>
      <trkpt lat="40.237040" lon="-121.353242"/>
      <trkpt lat="40.237061" lon="-121.353344"/>
      <trkpt lat="40.237073" lon="-121.353693"/>
      <trkpt lat="40.237114" lon="-121.353972"/>
      <trkpt lat="40.237204" lon="-121.354396"/>
      <trkpt lat="40.237253" lon="-121.354530"/>
      <trkpt lat="40.237536" lon="-121.355152"/>
      <trkpt lat="40.237573" lon="-121.355281"/>
      <trkpt lat="40.237589" lon="-121.355420"/>
      <trkpt lat="40.237614" lon="-121.355699"/>
      <trkpt lat="40.237646" lon="-121.356284"/>
      <trkpt lat="40.237609" lon="-121.356515"/>
      <trkpt lat="40.237548" lon="-121.356778"/>
      <trkpt lat="40.237507" lon="-121.356917"/>
      <trkpt lat="40.237409" lon="-121.357105"/>
      <trkpt lat="40.237310" lon="-121.357260"/>
      <trkpt lat="40.237216" lon="-121.357389"/>
      <trkpt lat="40.236942" lon="-121.357727"/>
      <trkpt lat="40.236799" lon="-121.357867"/>
      <trkpt lat="40.236725" lon="-121.357963"/>
      <trkpt lat="40.236623" lon="-121.358135"/>
      <trkpt lat="40.236528" lon="-121.358322"/>
      <trkpt lat="40.236446" lon="-121.358499"/>
      <trkpt lat="40.236377" lon="-121.358709"/>
      <trkpt lat="40.236328" lon="-121.358945"/>
      <trkpt lat="40.236324" lon="-121.359057"/>
      <trkpt lat="40.236315" lon="-121.359116"/>
      <trkpt lat="40.236217" lon="-121.359363"/>
      <trkpt lat="40.236209" lon="-121.359454"/>
      <trkpt lat="40.236242" lon="-121.359546"/>
      <trkpt lat="40.236324" lon="-121.359701"/>
      <trkpt lat="40.236463" lon="-121.359878"/>
      <trkpt lat="40.236557" lon="-121.360034"/>
      <trkpt lat="40.236623" lon="-121.360275"/>
      <trkpt lat="40.236639" lon="-121.360425"/>
      <trkpt lat="40.236627" lon="-121.360602"/>
      <trkpt lat="40.236582" lon="-121.360779"/>
      <trkpt lat="40.236533" lon="-121.361037"/>
      <trkpt lat="40.236381" lon="-121.361665"/>
      <trkpt lat="40.236307" lon="-121.361885"/>
      <trkpt lat="40.236250" lon="-121.362072"/>
      <trkpt lat="40.236217" lon="-121.362475"/>
      <trkpt lat="40.236131" lon="-121.362893"/>
      <trkpt lat="40.236074" lon="-121.363306"/>
      <trkpt lat="40.236021" lon="-121.363488"/>
      <trkpt lat="40.235980" lon="-121.363660"/>
      <trkpt lat="40.235918" lon="-121.364025"/>
      <trkpt lat="40.235869" lon="-121.364105"/>
      <trkpt lat="40.235759" lon="-121.364325"/>
      <trkpt lat="40.235759" lon="-121.364390"/>
      <trkpt lat="40.235808" lon="-121.364438"/>
      <trkpt lat="40.235906" lon="-121.364470"/>
      <trkpt lat="40.236066" lon="-121.364497"/>
      <trkpt lat="40.236369" lon="-121.364433"/>
      <trkpt lat="40.236578" lon="-121.364304"/>
      <trkpt lat="40.236696" lon="-121.364261"/>
      <trkpt lat="40.236897" lon="-121.364154"/>
      <trkpt lat="40.237134" lon="-121.363977"/>
      <trkpt lat="40.237388" lon="-121.363843"/>
      <trkpt lat="40.237556" lon="-121.363735"/>
      <trkpt lat="40.237728" lon="-121.363660"/>
      <trkpt lat="40.238175" lon="-121.363397"/>
      <trkpt lat="40.238457" lon="-121.363258"/>
      <trkpt lat="40.238719" lon="-121.363156"/>
      <trkpt lat="40.238908" lon="-121.363108"/>
      <trkpt lat="40.239362" lon="-121.363043"/>
      <trkpt lat="40.239587" lon="-121.363070"/>
      <trkpt lat="40.239878" lon="-121.363065"/>
      <trkpt lat="40.239968" lon="-121.363091"/>
      <trkpt lat="40.240071" lon="-121.363172"/>
      <trkpt lat="40.240202" lon="-121.363252"/>
      <trkpt lat="40.240324" lon="-121.363376"/>
      <trkpt lat="40.240406" lon="-121.363526"/>
      <trkpt lat="40.240496" lon="-121.363714"/>
      <trkpt lat="40.240541" lon="-121.363918"/>
      <trkpt lat="40.240623" lon="-121.364572"/>
      <trkpt lat="40.240607" lon="-121.365087"/>
      <trkpt lat="40.240586" lon="-121.365253"/>
      <trkpt lat="40.240586" lon="-121.365361"/>
      <trkpt lat="40.240599" lon="-121.365403"/>
      <trkpt lat="40.240615" lon="-121.365425"/>
      <trkpt lat="40.240640" lon="-121.365430"/>
      <trkpt lat="40.240677" lon="-121.365420"/>
      <trkpt lat="40.240742" lon="-121.365366"/>
      <trkpt lat="40.240828" lon="-121.365243"/>
      <trkpt lat="40.240914" lon="-121.365098"/>
      <trkpt lat="40.241012" lon="-121.364910"/>
      <trkpt lat="40.241127" lon="-121.364653"/>
      <trkpt lat="40.241229" lon="-121.364384"/>
      <trkpt lat="40.241278" lon="-121.364154"/>
      <trkpt lat="40.241397" lon="-121.363542"/>
      <trkpt lat="40.241463" lon="-121.363258"/>
      <trkpt lat="40.241549" lon="-121.362957"/>
      <trkpt lat="40.241622" lon="-121.362539"/>
      <trkpt lat="40.241667" lon="-121.362147"/>
      <trkpt lat="40.241672" lon="-121.361997"/>
      <trkpt lat="40.241663" lon="-121.361863"/>
      <trkpt lat="40.241618" lon="-121.361745"/>
      <trkpt lat="40.241598" lon="-121.361670"/>
      <trkpt lat="40.241557" lon="-121.361552"/>
      <trkpt lat="40.241508" lon="-121.361455"/>
      <trkpt lat="40.241381" lon="-121.361332"/>
      <trkpt lat="40.241311" lon="-121.361294"/>
      <trkpt lat="40.240758" lon="-121.361166"/>
      <trkpt lat="40.240697" lon="-121.361139"/>
      <trkpt lat="40.240525" lon="-121.361123"/>
      <trkpt lat="40.240435" lon="-121.361096"/>
      <trkpt lat="40.239927" lon="-121.361037"/>
      <trkpt lat="40.239894" lon="-121.361010"/>
      <trkpt lat="40.239862" lon="-121.360946"/>
      <trkpt lat="40.239849" lon="-121.360860"/>
      <trkpt lat="40.239915" lon="-121.360710"/>
      <trkpt lat="40.239985" lon="-121.360635"/>
      <trkpt lat="40.240103" lon="-121.360538"/>
      <trkpt lat="40.240238" lon="-121.360399"/>
      <trkpt lat="40.240341" lon="-121.360259"/>
      <trkpt lat="40.240435" lon="-121.360082"/>
      <trkpt lat="40.240623" lon="-121.359749"/>
      <trkpt lat="40.240738" lon="-121.359567"/>
      <trkpt lat="40.240812" lon="-121.359460"/>
      <trkpt lat="40.240816" lon="-121.359411"/>
      <trkpt lat="40.240849" lon="-121.359331"/>
      <trkpt lat="40.240906" lon="-121.359283"/>
      <trkpt lat="40.240992" lon="-121.359234"/>
      <trkpt lat="40.241066" lon="-121.359170"/>
      <trkpt lat="40.241143" lon="-121.359068"/>
      <trkpt lat="40.241242" lon="-121.358832"/>
      <trkpt lat="40.241320" lon="-121.358628"/>
      <trkpt lat="40.241381" lon="-121.358424"/>
      <trkpt lat="40.241430" lon="-121.358221"/>
      <trkpt lat="40.241504" lon="-121.358001"/>
      <trkpt lat="40.241635" lon="-121.357711"/>
      <trkpt lat="40.241778" lon="-121.357276"/>
      <trkpt lat="40.241860" lon="-121.356933"/>
      <trkpt lat="40.241889" lon="-121.356767"/>
      <trkpt lat="40.241901" lon="-121.356563"/>
      <trkpt lat="40.241889" lon="-121.356268"/>
      <trkpt lat="40.241860" lon="-121.356032"/>
      <trkpt lat="40.241856" lon="-121.355517"/>
      <trkpt lat="40.241835" lon="-121.355034"/>
      <trkpt lat="40.241827" lon="-121.354991"/>
      <trkpt lat="40.241799" lon="-121.354938"/>
      <trkpt lat="40.241692" lon="-121.354803"/>
      <trkpt lat="40.241659" lon="-121.354787"/>
      <trkpt lat="40.241426" lon="-121.354557"/>
      <trkpt lat="40.241315" lon="-121.354439"/>
      <trkpt lat="40.241266" lon="-121.354331"/>
      <trkpt lat="40.241238" lon="-121.354192"/>
      <trkpt lat="40.241233" lon="-121.354047"/>
      <trkpt lat="40.241270" lon="-121.353623"/>
      <trkpt lat="40.241295" lon="-121.353484"/>
      <trkpt lat="40.241373" lon="-121.353323"/>
      <trkpt lat="40.241389" lon="-121.353162"/>
      <trkpt lat="40.241397" lon="-121.353017"/>
      <trkpt lat="40.241381" lon="-121.352867"/>
      <trkpt lat="40.241389" lon="-121.352722"/>
      <trkpt lat="40.241459" lon="-121.352475"/>
      <trkpt lat="40.241479" lon="-121.352368"/>
      <trkpt lat="40.241496" lon="-121.352073"/>
      <trkpt lat="40.241520" lon="-121.351858"/>
      <trkpt lat="40.241553" lon="-121.351703"/>
      <trkpt lat="40.241639" lon="-121.351526"/>
      <trkpt lat="40.241741" lon="-121.351354"/>
      <trkpt lat="40.241917" lon="-121.351086"/>
      <trkpt lat="40.242184" lon="-121.350893"/>
      <trkpt lat="40.242433" lon="-121.350807"/>
      <trkpt lat="40.242507" lon="-121.350807"/>
      <trkpt lat="40.242814" lon="-121.350946"/>
      <trkpt lat="40.243006" lon="-121.351005"/>
      <trkpt lat="40.243117" lon="-121.350995"/>
      <trkpt lat="40.243187" lon="-121.350957"/>
      <trkpt lat="40.243400" lon="-121.350646"/>
      <trkpt lat="40.243502" lon="-121.350474"/>
      <trkpt lat="40.243527" lon="-121.350324"/>
      <trkpt lat="40.243527" lon="-121.350158"/>
      <trkpt lat="40.243506" lon="-121.350024"/>
      <trkpt lat="40.243383" lon="-121.349809"/>
      <trkpt lat="40.243326" lon="-121.349745"/>
      <trkpt lat="40.243228" lon="-121.349664"/>
      <trkpt lat="40.243109" lon="-121.349595"/>
      <trkpt lat="40.242994" lon="-121.349536"/>
      <trkpt lat="40.242802" lon="-121.349477"/>
      <trkpt lat="40.242675" lon="-121.349444"/>
      <trkpt lat="40.242552" lon="-121.349369"/>
      <trkpt lat="40.242478" lon="-121.349289"/>
      <trkpt lat="40.242306" lon="-121.349010"/>
      <trkpt lat="40.242130" lon="-121.348811"/>
      <trkpt lat="40.241962" lon="-121.348667"/>
      <trkpt lat="40.241725" lon="-121.348522"/>
      <trkpt lat="40.241614" lon="-121.348447"/>
      <trkpt lat="40.241438" lon="-121.348366"/>
      <trkpt lat="40.241274" lon="-121.348307"/>
      <trkpt lat="40.241143" lon="-121.348275"/>
      <trkpt lat="40.241066" lon="-121.348243"/>
      <trkpt lat="40.241033" lon="-121.348211"/>
      <trkpt lat="40.241021" lon="-121.348157"/>
      <trkpt lat="40.241045" lon="-121.348114"/>
      <trkpt lat="40.241098" lon="-121.348060"/>
      <trkpt lat="40.241229" lon="-121.347857"/>
      <trkpt lat="40.241496" lon="-121.347368"/>
      <trkpt lat="40.241586" lon="-121.347170"/>
      <trkpt lat="40.241688" lon="-121.346987"/>
      <trkpt lat="40.241799" lon="-121.346848"/>
      <trkpt lat="40.241901" lon="-121.346655"/>
      <trkpt lat="40.241971" lon="-121.346446"/>
      <trkpt lat="40.241999" lon="-121.346258"/>
      <trkpt lat="40.241991" lon="-121.346092"/>
      <trkpt lat="40.241962" lon="-121.345899"/>
      <trkpt lat="40.241971" lon="-121.345759"/>
      <trkpt lat="40.242040" lon="-121.345335"/>
      <trkpt lat="40.242097" lon="-121.345029"/>
      <trkpt lat="40.242159" lon="-121.344745"/>
      <trkpt lat="40.242200" lon="-121.344520"/>
      <trkpt lat="40.242229" lon="-121.344311"/>
      <trkpt lat="40.242245" lon="-121.344128"/>
      <trkpt lat="40.242229" lon="-121.344005"/>
      <trkpt lat="40.242208" lon="-121.343903"/>
      <trkpt lat="40.242196" lon="-121.343565"/>
      <trkpt lat="40.242093" lon="-121.343281"/>
      <trkpt lat="40.242007" lon="-121.343071"/>
      <trkpt lat="40.241774" lon="-121.342691"/>
      <trkpt lat="40.241577" lon="-121.342304"/>
      <trkpt lat="40.241524" lon="-121.342165"/>
      <trkpt lat="40.241455" lon="-121.342079"/>
      <trkpt lat="40.241352" lon="-121.341934"/>
      <trkpt lat="40.241283" lon="-121.341827"/>
      <trkpt lat="40.241213" lon="-121.341666"/>
      <trkpt lat="40.241201" lon="-121.341575"/>
      <trkpt lat="40.241242" lon="-121.341521"/>
      <trkpt lat="40.241299" lon="-121.341430"/>
      <trkpt lat="40.241365" lon="-121.341296"/>
      <trkpt lat="40.241401" lon="-121.341162"/>
      <trkpt lat="40.241411" lon="-121.341065"/>
      <trkpt lat="40.241403" lon="-121.340906"/>
      <trkpt lat="40.241403" lon="-121.340774"/>
      <trkpt lat="40.241420" lon="-121.340670"/>
      <trkpt lat="40.241483" lon="-121.340551"/>
    </trkseg>
    <trkseg>
      <trkpt lat="40.101901" lon="-121.386301"/>
      <trkpt lat="40.101944" lon="-121.386314"/>
      <trkpt lat="40.101981" lon="-121.386341"/>
      <trkpt lat="40.102010" lon="-121.386373"/>
      <trkpt lat="40.102043" lon="-121.386394"/>
      <trkpt lat="40.102061" lon="-121.386403"/>
      <trkpt lat="40.102080" lon="-121.386400"/>
      <trkpt lat="40.102112" lon="-121.386373"/>
      <trkpt lat="40.102182" lon="-121.386330"/>
      <trkpt lat="40.102215" lon="-121.386303"/>
      <trkpt lat="40.102252" lon="-121.386287"/>
      <trkpt lat="40.102281" lon="-121.386260"/>
      <trkpt lat="40.102330" lon="-121.386201"/>
      <trkpt lat="40.102391" lon="-121.386148"/>
      <trkpt lat="40.102420" lon="-121.386116"/>
      <trkpt lat="40.102494" lon="-121.386083"/>
      <trkpt lat="40.102531" lon="-121.386078"/>
      <trkpt lat="40.102613" lon="-121.386083"/>
      <trkpt lat="40.102646" lon="-121.386105"/>
      <trkpt lat="40.102687" lon="-121.386110"/>
      <trkpt lat="40.102761" lon="-121.386132"/>
      <trkpt lat="40.102798" lon="-121.386158"/>
      <trkpt lat="40.102831" lon="-121.386191"/>
      <trkpt lat="40.102904" lon="-121.386303"/>
      <trkpt lat="40.102958" lon="-121.386373"/>
      <trkpt lat="40.102999" lon="-121.386394"/>
      <trkpt lat="40.103064" lon="-121.386454"/>
      <trkpt lat="40.103138" lon="-121.386496"/>
      <trkpt lat="40.103175" lon="-121.386507"/>
      <trkpt lat="40.103253" lon="-121.386507"/>
      <trkpt lat="40.103360" lon="-121.386555"/>
      <trkpt lat="40.103421" lon="-121.386641"/>
      <trkpt lat="40.103483" lon="-121.386706"/>
      <trkpt lat="40.103528" lon="-121.386813"/>
      <trkpt lat="40.103549" lon="-121.386850"/>
      <trkpt lat="40.103553" lon="-121.386904"/>
      <trkpt lat="40.103573" lon="-121.386947"/>
      <trkpt lat="40.103598" lon="-121.387044"/>
      <trkpt lat="40.103651" lon="-121.387178"/>
      <trkpt lat="40.103680" lon="-121.387269"/>
      <trkpt lat="40.103770" lon="-121.387435"/>
      <trkpt lat="40.103795" lon="-121.387467"/>
      <trkpt lat="40.103914" lon="-121.387671"/>
      <trkpt lat="40.103992" lon="-121.387768"/>
      <trkpt lat="40.104025" lon="-121.387795"/>
      <trkpt lat="40.104102" lon="-121.387821"/>
      <trkpt lat="40.104139" lon="-121.387816"/>
      <trkpt lat="40.104172" lon="-121.387805"/>
      <trkpt lat="40.104320" lon="-121.387736"/>
      <trkpt lat="40.104357" lon="-121.387725"/>
      <trkpt lat="40.104398" lon="-121.387725"/>
      <trkpt lat="40.104513" lon="-121.387757"/>
      <trkpt lat="40.104542" lon="-121.387784"/>
      <trkpt lat="40.104595" lon="-121.387859"/>
      <trkpt lat="40.104673" lon="-121.387907"/>
      <trkpt lat="40.104821" lon="-121.387966"/>
      <trkpt lat="40.104857" lon="-121.387961"/>
      <trkpt lat="40.104923" lon="-121.387934"/>
      <trkpt lat="40.105058" lon="-121.387859"/>
      <trkpt lat="40.105095" lon="-121.387843"/>
      <trkpt lat="40.105210" lon="-121.387720"/>
      <trkpt lat="40.105268" lon="-121.387677"/>
      <trkpt lat="40.105333" lon="-121.387639"/>
      <trkpt lat="40.105362" lon="-121.387612"/>
      <trkpt lat="40.105411" lon="-121.387542"/>
      <trkpt lat="40.105457" lon="-121.387424"/>
      <trkpt lat="40.105481" lon="-121.387387"/>
      <trkpt lat="40.105514" lon="-121.387360"/>
      <trkpt lat="40.105547" lon="-121.387344"/>
      <trkpt lat="40.105662" lon="-121.387344"/>
      <trkpt lat="40.105703" lon="-121.387355"/>
      <trkpt lat="40.105740" lon="-121.387392"/>
      <trkpt lat="40.105789" lon="-121.387457"/>
      <trkpt lat="40.105883" lon="-121.387542"/>
      <trkpt lat="40.105916" lon="-121.387564"/>
      <trkpt lat="40.106043" lon="-121.387628"/>
      <trkpt lat="40.106080" lon="-121.387634"/>
      <trkpt lat="40.106138" lon="-121.387623"/>
      <trkpt lat="40.106170" lon="-121.387580"/>
      <trkpt lat="40.106228" lon="-121.387532"/>
      <trkpt lat="40.106248" lon="-121.387494"/>
      <trkpt lat="40.106302" lon="-121.387430"/>
      <trkpt lat="40.106318" lon="-121.387387"/>
      <trkpt lat="40.106367" lon="-121.387323"/>
      <trkpt lat="40.106445" lon="-121.387312"/>
      <trkpt lat="40.106486" lon="-121.387317"/>
      <trkpt lat="40.106527" lon="-121.387333"/>
      <trkpt lat="40.106560" lon="-121.387360"/>
      <trkpt lat="40.106634" lon="-121.387382"/>
      <trkpt lat="40.106671" lon="-121.387403"/>
      <trkpt lat="40.106745" lon="-121.387408"/>
      <trkpt lat="40.106782" lon="-121.387387"/>
      <trkpt lat="40.106880" lon="-121.387306"/>
      <trkpt lat="40.106946" lon="-121.387146"/>
      <trkpt lat="40.106954" lon="-121.387103"/>
      <trkpt lat="40.106975" lon="-121.387065"/>
      <trkpt lat="40.106999" lon="-121.387033"/>
      <trkpt lat="40.107036" lon="-121.387028"/>
      <trkpt lat="40.107077" lon="-121.387033"/>
      <trkpt lat="40.107110" lon="-121.387054"/>
      <trkpt lat="40.107151" lon="-121.387070"/>
      <trkpt lat="40.107192" lon="-121.387070"/>
      <trkpt lat="40.107266" lon="-121.387108"/>
      <trkpt lat="40.107422" lon="-121.387162"/>
      <trkpt lat="40.107459" lon="-121.387183"/>
      <trkpt lat="40.107504" lon="-121.387199"/>
      <trkpt lat="40.107754" lon="-121.387204"/>
      <trkpt lat="40.107832" lon="-121.387194"/>
      <trkpt lat="40.107873" lon="-121.387194"/>
      <trkpt lat="40.107943" lon="-121.387172"/>
      <trkpt lat="40.108021" lon="-121.387162"/>
      <trkpt lat="40.108140" lon="-121.387162"/>
      <trkpt lat="40.108177" lon="-121.387167"/>
      <trkpt lat="40.108255" lon="-121.387162"/>
      <trkpt lat="40.108328" lon="-121.387140"/>
      <trkpt lat="40.108415" lon="-121.387103"/>
      <trkpt lat="40.108447" lon="-121.387081"/>
      <trkpt lat="40.108480" lon="-121.387044"/>
      <trkpt lat="40.108538" lon="-121.386990"/>
      <trkpt lat="40.108583" lon="-121.386920"/>
      <trkpt lat="40.108607" lon="-121.386893"/>
      <trkpt lat="40.108640" lon="-121.386872"/>
      <trkpt lat="40.108681" lon="-121.386867"/>
      <trkpt lat="40.108833" lon="-121.386867"/>
      <trkpt lat="40.108870" lon="-121.386856"/>
      <trkpt lat="40.108923" lon="-121.386824"/>
      <trkpt lat="40.108985" lon="-121.386700"/>
      <trkpt lat="40.109038" lon="-121.386641"/>
      <trkpt lat="40.109108" lon="-121.386604"/>
      <trkpt lat="40.109137" lon="-121.386582"/>
      <trkpt lat="40.109174" lon="-121.386577"/>
      <trkpt lat="40.109206" lon="-121.386550"/>
      <trkpt lat="40.109248" lon="-121.386539"/>
      <trkpt lat="40.109285" lon="-121.386512"/>
      <trkpt lat="40.109325" lon="-121.386502"/>
      <trkpt lat="40.109490" lon="-121.386491"/>
      <trkpt lat="40.109531" lon="-121.386480"/>
      <trkpt lat="40.109568" lon="-121.386448"/>
      <trkpt lat="40.109600" lon="-121.386437"/>
      <trkpt lat="40.109633" lon="-121.386416"/>
      <trkpt lat="40.109666" lon="-121.386389"/>
      <trkpt lat="40.109724" lon="-121.386330"/>
      <trkpt lat="40.109764" lon="-121.386260"/>
      <trkpt lat="40.109777" lon="-121.386223"/>
      <trkpt lat="40.109818" lon="-121.386153"/>
      <trkpt lat="40.109842" lon="-121.386121"/>
      <trkpt lat="40.109949" lon="-121.386051"/>
      <trkpt lat="40.110076" lon="-121.385890"/>
      <trkpt lat="40.110183" lon="-121.385842"/>
      <trkpt lat="40.110220" lon="-121.385837"/>
      <trkpt lat="40.110294" lon="-121.385837"/>
      <trkpt lat="40.110363" lon="-121.385804"/>
      <trkpt lat="40.110523" lon="-121.385686"/>
      <trkpt lat="40.110581" lon="-121.385633"/>
      <trkpt lat="40.110647" lon="-121.385590"/>
      <trkpt lat="40.110725" lon="-121.385568"/>
      <trkpt lat="40.110762" lon="-121.385568"/>
      <trkpt lat="40.110798" lon="-121.385584"/>
      <trkpt lat="40.110913" lon="-121.385622"/>
      <trkpt lat="40.110983" lon="-121.385676"/>
      <trkpt lat="40.111016" lon="-121.385708"/>
      <trkpt lat="40.111057" lon="-121.385719"/>
      <trkpt lat="40.111127" lon="-121.385772"/>
      <trkpt lat="40.111262" lon="-121.385863"/>
      <trkpt lat="40.111373" lon="-121.385880"/>
      <trkpt lat="40.111455" lon="-121.385885"/>
      <trkpt lat="40.111537" lon="-121.385912"/>
      <trkpt lat="40.111578" lon="-121.385912"/>
      <trkpt lat="40.111701" lon="-121.385944"/>
      <trkpt lat="40.111734" lon="-121.385960"/>
      <trkpt lat="40.111812" lon="-121.385981"/>
      <trkpt lat="40.111931" lon="-121.385998"/>
      <trkpt lat="40.112001" lon="-121.386035"/>
      <trkpt lat="40.112148" lon="-121.386094"/>
      <trkpt lat="40.112222" lon="-121.386116"/>
      <trkpt lat="40.112296" lon="-121.386121"/>
      <trkpt lat="40.112312" lon="-121.386083"/>
      <trkpt lat="40.112333" lon="-121.385992"/>
      <trkpt lat="40.112357" lon="-121.385960"/>
      <trkpt lat="40.112390" lon="-121.385938"/>
      <trkpt lat="40.112427" lon="-121.385933"/>
      <trkpt lat="40.112460" lon="-121.385960"/>
      <trkpt lat="40.112513" lon="-121.386035"/>
      <trkpt lat="40.112538" lon="-121.386078"/>
      <trkpt lat="40.112554" lon="-121.386121"/>
      <trkpt lat="40.112558" lon="-121.386175"/>
      <trkpt lat="40.112587" lon="-121.386201"/>
      <trkpt lat="40.112620" lon="-121.386223"/>
      <trkpt lat="40.112653" lon="-121.386207"/>
      <trkpt lat="40.112682" lon="-121.386180"/>
      <trkpt lat="40.112727" lon="-121.386116"/>
      <trkpt lat="40.112755" lon="-121.386089"/>
      <trkpt lat="40.112792" lon="-121.386089"/>
      <trkpt lat="40.112858" lon="-121.386137"/>
      <trkpt lat="40.112878" lon="-121.386180"/>
      <trkpt lat="40.112903" lon="-121.386212"/>
      <trkpt lat="40.112932" lon="-121.386298"/>
      <trkpt lat="40.112956" lon="-121.386336"/>
      <trkpt lat="40.112985" lon="-121.386368"/>
      <trkpt lat="40.113022" lon="-121.386384"/>
      <trkpt lat="40.113063" lon="-121.386384"/>
      <trkpt lat="40.113096" lon="-121.386357"/>
      <trkpt lat="40.113121" lon="-121.386330"/>
      <trkpt lat="40.113137" lon="-121.386287"/>
      <trkpt lat="40.113161" lon="-121.386250"/>
      <trkpt lat="40.113198" lon="-121.386239"/>
      <trkpt lat="40.113231" lon="-121.386266"/>
      <trkpt lat="40.113281" lon="-121.386394"/>
      <trkpt lat="40.113342" lon="-121.386454"/>
      <trkpt lat="40.113379" lon="-121.386464"/>
      <trkpt lat="40.113420" lon="-121.386459"/>
      <trkpt lat="40.113527" lon="-121.386427"/>
      <trkpt lat="40.113609" lon="-121.386421"/>
      <trkpt lat="40.113646" lon="-121.386437"/>
      <trkpt lat="40.113720" lon="-121.386486"/>
      <trkpt lat="40.113871" lon="-121.386545"/>
      <trkpt lat="40.113933" lon="-121.386555"/>
      <trkpt lat="40.114011" lon="-121.386550"/>
      <trkpt lat="40.114089" lon="-121.386566"/>
      <trkpt lat="40.114146" lon="-121.386593"/>
      <trkpt lat="40.114335" lon="-121.386630"/>
      <trkpt lat="40.114483" lon="-121.386674"/>
      <trkpt lat="40.114561" lon="-121.386706"/>
      <trkpt lat="40.114597" lon="-121.386716"/>
      <trkpt lat="40.114630" lon="-121.386738"/>
      <trkpt lat="40.114741" lon="-121.386786"/>
      <trkpt lat="40.114774" lon="-121.386808"/>
      <trkpt lat="40.114815" lon="-121.386813"/>
      <trkpt lat="40.114971" lon="-121.386818"/>
      <trkpt lat="40.115213" lon="-121.386872"/>
      <trkpt lat="40.115266" lon="-121.386872"/>
      <trkpt lat="40.115340" lon="-121.386856"/>
      <trkpt lat="40.115463" lon="-121.386765"/>
      <trkpt lat="40.115504" lon="-121.386727"/>
      <trkpt lat="40.115574" lon="-121.386700"/>
      <trkpt lat="40.115660" lon="-121.386695"/>
      <trkpt lat="40.115721" lon="-121.386754"/>
      <trkpt lat="40.115771" lon="-121.386829"/>
      <trkpt lat="40.115783" lon="-121.386872"/>
      <trkpt lat="40.115824" lon="-121.386958"/>
      <trkpt lat="40.115877" lon="-121.387022"/>
      <trkpt lat="40.115939" lon="-121.387086"/>
      <trkpt lat="40.116009" lon="-121.387129"/>
      <trkpt lat="40.116070" lon="-121.387215"/>
      <trkpt lat="40.116119" lon="-121.387312"/>
      <trkpt lat="40.116136" lon="-121.387355"/>
      <trkpt lat="40.116185" lon="-121.387435"/>
      <trkpt lat="40.116230" lon="-121.387580"/>
      <trkpt lat="40.116255" lon="-121.387612"/>
      <trkpt lat="40.116292" lon="-121.387698"/>
      <trkpt lat="40.116320" lon="-121.387736"/>
      <trkpt lat="40.116366" lon="-121.387816"/>
      <trkpt lat="40.116402" lon="-121.388020"/>
      <trkpt lat="40.116402" lon="-121.388122"/>
      <trkpt lat="40.116394" lon="-121.388165"/>
      <trkpt lat="40.116394" lon="-121.388218"/>
      <trkpt lat="40.116374" lon="-121.388320"/>
      <trkpt lat="40.116374" lon="-121.388369"/>
      <trkpt lat="40.116349" lon="-121.388465"/>
      <trkpt lat="40.116320" lon="-121.388551"/>
      <trkpt lat="40.116312" lon="-121.388658"/>
      <trkpt lat="40.116341" lon="-121.388750"/>
      <trkpt lat="40.116382" lon="-121.388841"/>
      <trkpt lat="40.116394" lon="-121.388889"/>
      <trkpt lat="40.116452" lon="-121.388975"/>
      <trkpt lat="40.116484" lon="-121.389002"/>
      <trkpt lat="40.116587" lon="-121.389066"/>
      <trkpt lat="40.116644" lon="-121.389136"/>
      <trkpt lat="40.116739" lon="-121.389227"/>
      <trkpt lat="40.116772" lon="-121.389254"/>
      <trkpt lat="40.116821" lon="-121.389318"/>
      <trkpt lat="40.116841" lon="-121.389356"/>
      <trkpt lat="40.116886" lon="-121.389420"/>
      <trkpt lat="40.116948" lon="-121.389495"/>
      <trkpt lat="40.117001" lon="-121.389570"/>
      <trkpt lat="40.117042" lon="-121.389661"/>
      <trkpt lat="40.117071" lon="-121.389710"/>
      <trkpt lat="40.117104" lon="-121.389736"/>
      <trkpt lat="40.117133" lon="-121.389769"/>
      <trkpt lat="40.117174" lon="-121.389860"/>
      <trkpt lat="40.117215" lon="-121.389978"/>
      <trkpt lat="40.117252" lon="-121.390107"/>
      <trkpt lat="40.117280" lon="-121.390262"/>
      <trkpt lat="40.117272" lon="-121.390310"/>
      <trkpt lat="40.117256" lon="-121.390359"/>
      <trkpt lat="40.117247" lon="-121.390407"/>
      <trkpt lat="40.117235" lon="-121.390450"/>
      <trkpt lat="40.117231" lon="-121.390498"/>
      <trkpt lat="40.117235" lon="-121.390552"/>
      <trkpt lat="40.117260" lon="-121.390590"/>
      <trkpt lat="40.117293" lon="-121.390622"/>
      <trkpt lat="40.117346" lon="-121.390691"/>
      <trkpt lat="40.117407" lon="-121.390756"/>
      <trkpt lat="40.117436" lon="-121.390799"/>
      <trkpt lat="40.117502" lon="-121.390847"/>
      <trkpt lat="40.117563" lon="-121.390906"/>
      <trkpt lat="40.117580" lon="-121.390954"/>
      <trkpt lat="40.117588" lon="-121.391008"/>
      <trkpt lat="40.117580" lon="-121.391062"/>
      <trkpt lat="40.117547" lon="-121.391164"/>
      <trkpt lat="40.117539" lon="-121.391217"/>
      <trkpt lat="40.117543" lon="-121.391265"/>
      <trkpt lat="40.117572" lon="-121.391292"/>
      <trkpt lat="40.117609" lon="-121.391351"/>
      <trkpt lat="40.117604" lon="-121.391448"/>
      <trkpt lat="40.117625" lon="-121.391491"/>
      <trkpt lat="40.117691" lon="-121.391534"/>
      <trkpt lat="40.117715" lon="-121.391576"/>
      <trkpt lat="40.117740" lon="-121.391662"/>
      <trkpt lat="40.117740" lon="-121.391738"/>
      <trkpt lat="40.117760" lon="-121.391775"/>
      <trkpt lat="40.117793" lon="-121.391791"/>
      <trkpt lat="40.117830" lon="-121.391796"/>
      <trkpt lat="40.117908" lon="-121.391796"/>
      <trkpt lat="40.117941" lon="-121.391786"/>
      <trkpt lat="40.117978" lon="-121.391786"/>
      <trkpt lat="40.118052" lon="-121.391823"/>
      <trkpt lat="40.118076" lon="-121.391861"/>
      <trkpt lat="40.118117" lon="-121.391941"/>
      <trkpt lat="40.118146" lon="-121.391968"/>
      <trkpt lat="40.118183" lon="-121.391984"/>
      <trkpt lat="40.118248" lon="-121.392000"/>
      <trkpt lat="40.118367" lon="-121.392000"/>
      <trkpt lat="40.118413" lon="-121.392011"/>
      <trkpt lat="40.118515" lon="-121.392086"/>
      <trkpt lat="40.118687" lon="-121.392252"/>
      <trkpt lat="40.118749" lon="-121.392301"/>
      <trkpt lat="40.118778" lon="-121.392333"/>
      <trkpt lat="40.118946" lon="-121.392488"/>
      <trkpt lat="40.118983" lon="-121.392499"/>
      <trkpt lat="40.119135" lon="-121.392499"/>
      <trkpt lat="40.119245" lon="-121.392521"/>
      <trkpt lat="40.119393" lon="-121.392542"/>
      <trkpt lat="40.119541" lon="-121.392601"/>
      <trkpt lat="40.119578" lon="-121.392633"/>
      <trkpt lat="40.119652" lon="-121.392671"/>
      <trkpt lat="40.119725" lon="-121.392660"/>
      <trkpt lat="40.119844" lon="-121.392671"/>
      <trkpt lat="40.119881" lon="-121.392687"/>
      <trkpt lat="40.119902" lon="-121.392751"/>
      <trkpt lat="40.119902" lon="-121.392805"/>
      <trkpt lat="40.119877" lon="-121.392896"/>
      <trkpt lat="40.119881" lon="-121.392896"/>
      <trkpt lat="40.119877" lon="-121.392944"/>
      <trkpt lat="40.119844" lon="-121.393095"/>
      <trkpt lat="40.119807" lon="-121.393191"/>
      <trkpt lat="40.119783" lon="-121.393229"/>
      <trkpt lat="40.119783" lon="-121.393325"/>
      <trkpt lat="40.119824" lon="-121.393400"/>
      <trkpt lat="40.119861" lon="-121.393400"/>
      <trkpt lat="40.119934" lon="-121.393384"/>
      <trkpt lat="40.119971" lon="-121.393390"/>
      <trkpt lat="40.120004" lon="-121.393417"/>
      <trkpt lat="40.120041" lon="-121.393427"/>
      <trkpt lat="40.120070" lon="-121.393454"/>
      <trkpt lat="40.120090" lon="-121.393497"/>
      <trkpt lat="40.120086" lon="-121.393545"/>
      <trkpt lat="40.120062" lon="-121.393578"/>
      <trkpt lat="40.120021" lon="-121.393658"/>
      <trkpt lat="40.120008" lon="-121.393712"/>
      <trkpt lat="40.120012" lon="-121.393765"/>
      <trkpt lat="40.120021" lon="-121.393819"/>
      <trkpt lat="40.120037" lon="-121.393862"/>
      <trkpt lat="40.120066" lon="-121.393915"/>
      <trkpt lat="40.120119" lon="-121.394060"/>
      <trkpt lat="40.120176" lon="-121.394194"/>
      <trkpt lat="40.120189" lon="-121.394291"/>
      <trkpt lat="40.120201" lon="-121.394334"/>
      <trkpt lat="40.120222" lon="-121.394377"/>
      <trkpt lat="40.120246" lon="-121.394473"/>
      <trkpt lat="40.120267" lon="-121.394731"/>
      <trkpt lat="40.120267" lon="-121.394827"/>
      <trkpt lat="40.120275" lon="-121.394881"/>
      <trkpt lat="40.120287" lon="-121.394924"/>
      <trkpt lat="40.120291" lon="-121.395026"/>
      <trkpt lat="40.120275" lon="-121.395128"/>
      <trkpt lat="40.120271" lon="-121.395358"/>
      <trkpt lat="40.120230" lon="-121.395552"/>
      <trkpt lat="40.120230" lon="-121.395605"/>
      <trkpt lat="40.120238" lon="-121.395659"/>
      <trkpt lat="40.120250" lon="-121.395707"/>
      <trkpt lat="40.120271" lon="-121.395745"/>
      <trkpt lat="40.120295" lon="-121.395804"/>
      <trkpt lat="40.120324" lon="-121.395836"/>
      <trkpt lat="40.120390" lon="-121.395884"/>
      <trkpt lat="40.120423" lon="-121.395900"/>
      <trkpt lat="40.120521" lon="-121.395970"/>
      <trkpt lat="40.120558" lon="-121.395981"/>
      <trkpt lat="40.120665" lon="-121.396045"/>
      <trkpt lat="40.120816" lon="-121.396109"/>
      <trkpt lat="40.120939" lon="-121.396185"/>
      <trkpt lat="40.120989" lon="-121.396254"/>
      <trkpt lat="40.121022" lon="-121.396453"/>
      <trkpt lat="40.121046" lon="-121.396544"/>
      <trkpt lat="40.121108" lon="-121.396619"/>
      <trkpt lat="40.121173" lon="-121.396753"/>
      <trkpt lat="40.121247" lon="-121.396866"/>
      <trkpt lat="40.121424" lon="-121.396989"/>
      <trkpt lat="40.121485" lon="-121.397037"/>
      <trkpt lat="40.121682" lon="-121.397059"/>
      <trkpt lat="40.121797" lon="-121.397118"/>
      <trkpt lat="40.121879" lon="-121.397139"/>
      <trkpt lat="40.121912" lon="-121.397155"/>
      <trkpt lat="40.121990" lon="-121.397172"/>
      <trkpt lat="40.122027" lon="-121.397193"/>
      <trkpt lat="40.122064" lon="-121.397204"/>
      <trkpt lat="40.122100" lon="-121.397225"/>
      <trkpt lat="40.122137" lon="-121.397236"/>
      <trkpt lat="40.122232" lon="-121.397322"/>
      <trkpt lat="40.122297" lon="-121.397375"/>
      <trkpt lat="40.122367" lon="-121.397413"/>
      <trkpt lat="40.122396" lon="-121.397445"/>
      <trkpt lat="40.122465" lon="-121.397499"/>
      <trkpt lat="40.122527" lon="-121.397558"/>
      <trkpt lat="40.122625" lon="-121.397622"/>
      <trkpt lat="40.122707" lon="-121.397628"/>
      <trkpt lat="40.122831" lon="-121.397601"/>
      <trkpt lat="40.123015" lon="-121.397601"/>
      <trkpt lat="40.123171" lon="-121.397628"/>
      <trkpt lat="40.123298" lon="-121.397665"/>
      <trkpt lat="40.123364" lon="-121.397692"/>
      <trkpt lat="40.123555" lon="-121.397786"/>
      <trkpt lat="40.123643" lon="-121.397831"/>
      <trkpt lat="40.123864" lon="-121.397960"/>
      <trkpt lat="40.124002" lon="-121.398027"/>
      <trkpt lat="40.124268" lon="-121.398191"/>
      <trkpt lat="40.124334" lon="-121.398223"/>
      <trkpt lat="40.124373" lon="-121.398258"/>
      <trkpt lat="40.124445" lon="-121.398290"/>
      <trkpt lat="40.124521" lon="-121.398363"/>
      <trkpt lat="40.124578" lon="-121.398430"/>
      <trkpt lat="40.124806" lon="-121.398620"/>
      <trkpt lat="40.124951" lon="-121.398722"/>
      <trkpt lat="40.125005" lon="-121.398733"/>
      <trkpt lat="40.125115" lon="-121.398733"/>
      <trkpt lat="40.125152" lon="-121.398722"/>
      <trkpt lat="40.125259" lon="-121.398754"/>
      <trkpt lat="40.125284" lon="-121.398781"/>
      <trkpt lat="40.125390" lon="-121.398835"/>
      <trkpt lat="40.125444" lon="-121.398894"/>
      <trkpt lat="40.125464" lon="-121.398926"/>
      <trkpt lat="40.125521" lon="-121.398985"/>
      <trkpt lat="40.125608" lon="-121.399044"/>
      <trkpt lat="40.125661" lon="-121.399103"/>
      <trkpt lat="40.125751" lon="-121.399173"/>
      <trkpt lat="40.125804" lon="-121.399242"/>
      <trkpt lat="40.125854" lon="-121.399323"/>
      <trkpt lat="40.125878" lon="-121.399355"/>
      <trkpt lat="40.125911" lon="-121.399441"/>
      <trkpt lat="40.125960" lon="-121.399521"/>
      <trkpt lat="40.126014" lon="-121.399623"/>
      <trkpt lat="40.126042" lon="-121.399698"/>
      <trkpt lat="40.126149" lon="-121.399865"/>
      <trkpt lat="40.126157" lon="-121.399907"/>
      <trkpt lat="40.126174" lon="-121.399945"/>
      <trkpt lat="40.126202" lon="-121.400085"/>
      <trkpt lat="40.126215" lon="-121.400122"/>
      <trkpt lat="40.126223" lon="-121.400229"/>
      <trkpt lat="40.126223" lon="-121.400363"/>
      <trkpt lat="40.126252" lon="-121.400557"/>
      <trkpt lat="40.126268" lon="-121.400605"/>
      <trkpt lat="40.126297" lon="-121.400653"/>
      <trkpt lat="40.126317" lon="-121.400707"/>
      <trkpt lat="40.126334" lon="-121.400760"/>
      <trkpt lat="40.126334" lon="-121.400809"/>
      <trkpt lat="40.126379" lon="-121.400873"/>
      <trkpt lat="40.126395" lon="-121.400916"/>
      <trkpt lat="40.126440" lon="-121.400975"/>
      <trkpt lat="40.126452" lon="-121.401018"/>
      <trkpt lat="40.126551" lon="-121.401152"/>
      <trkpt lat="40.126571" lon="-121.401190"/>
      <trkpt lat="40.126592" lon="-121.401281"/>
      <trkpt lat="40.126592" lon="-121.401372"/>
      <trkpt lat="40.126613" lon="-121.401495"/>
      <trkpt lat="40.126608" lon="-121.401592"/>
      <trkpt lat="40.126604" lon="-121.401935"/>
      <trkpt lat="40.126543" lon="-121.402053"/>
      <trkpt lat="40.126539" lon="-121.402096"/>
      <trkpt lat="40.126539" lon="-121.402187"/>
      <trkpt lat="40.126555" lon="-121.402305"/>
      <trkpt lat="40.126551" lon="-121.402391"/>
      <trkpt lat="40.126543" lon="-121.402434"/>
      <trkpt lat="40.126494" lon="-121.402541"/>
      <trkpt lat="40.126494" lon="-121.402670"/>
      <trkpt lat="40.126539" lon="-121.402799"/>
      <trkpt lat="40.126617" lon="-121.402885"/>
      <trkpt lat="40.126715" lon="-121.402938"/>
      <trkpt lat="40.126740" lon="-121.402960"/>
      <trkpt lat="40.126797" lon="-121.402992"/>
      <trkpt lat="40.126891" lon="-121.403062"/>
      <trkpt lat="40.126949" lon="-121.403115"/>
      <trkpt lat="40.126973" lon="-121.403148"/>
      <trkpt lat="40.127055" lon="-121.403233"/>
      <trkpt lat="40.127097" lon="-121.403287"/>
      <trkpt lat="40.127142" lon="-121.403405"/>
      <trkpt lat="40.127154" lon="-121.403491"/>
      <trkpt lat="40.127174" lon="-121.403528"/>
      <trkpt lat="40.127224" lon="-121.403588"/>
      <trkpt lat="40.127244" lon="-121.403625"/>
      <trkpt lat="40.127297" lon="-121.403679"/>
      <trkpt lat="40.127355" lon="-121.403716"/>
      <trkpt lat="40.127388" lon="-121.403743"/>
      <trkpt lat="40.127437" lon="-121.403802"/>
      <trkpt lat="40.127470" lon="-121.403829"/>
      <trkpt lat="40.127523" lon="-121.403888"/>
      <trkpt lat="40.127585" lon="-121.403920"/>
      <trkpt lat="40.127646" lon="-121.403974"/>
      <trkpt lat="40.127683" lon="-121.404049"/>
      <trkpt lat="40.127753" lon="-121.404135"/>
      <trkpt lat="40.127773" lon="-121.404167"/>
      <trkpt lat="40.127863" lon="-121.404242"/>
      <trkpt lat="40.127941" lon="-121.404285"/>
      <trkpt lat="40.128023" lon="-121.404371"/>
      <trkpt lat="40.128118" lon="-121.404430"/>
      <trkpt lat="40.128138" lon="-121.404462"/>
      <trkpt lat="40.128208" lon="-121.404489"/>
      <trkpt lat="40.128282" lon="-121.404489"/>
      <trkpt lat="40.128352" lon="-121.404510"/>
      <trkpt lat="40.128372" lon="-121.404542"/>
      <trkpt lat="40.128397" lon="-121.404617"/>
      <trkpt lat="40.128413" lon="-121.404709"/>
      <trkpt lat="40.128417" lon="-121.404757"/>
      <trkpt lat="40.128434" lon="-121.404811"/>
      <trkpt lat="40.128536" lon="-121.404929"/>
      <trkpt lat="40.128598" lon="-121.404972"/>
      <trkpt lat="40.128651" lon="-121.404982"/>
      <trkpt lat="40.128725" lon="-121.404982"/>
      <trkpt lat="40.128831" lon="-121.404934"/>
      <trkpt lat="40.128889" lon="-121.404875"/>
      <trkpt lat="40.128971" lon="-121.404762"/>
      <trkpt lat="40.129073" lon="-121.404558"/>
      <trkpt lat="40.129098" lon="-121.404526"/>
      <trkpt lat="40.129172" lon="-121.404446"/>
      <trkpt lat="40.129303" lon="-121.404360"/>
      <trkpt lat="40.129369" lon="-121.404322"/>
      <trkpt lat="40.129475" lon="-121.404322"/>
      <trkpt lat="40.129586" lon="-121.404338"/>
      <trkpt lat="40.129787" lon="-121.404344"/>
      <trkpt lat="40.129820" lon="-121.404355"/>
      <trkpt lat="40.129894" lon="-121.404365"/>
      <trkpt lat="40.129927" lon="-121.404381"/>
      <trkpt lat="40.129996" lon="-121.404403"/>
      <trkpt lat="40.130037" lon="-121.404408"/>
      <trkpt lat="40.130144" lon="-121.404435"/>
      <trkpt lat="40.130214" lon="-121.404424"/>
      <trkpt lat="40.130283" lon="-121.404398"/>
      <trkpt lat="40.130468" lon="-121.404392"/>
      <trkpt lat="40.130542" lon="-121.404376"/>
      <trkpt lat="40.130620" lon="-121.404376"/>
      <trkpt lat="40.130690" lon="-121.404387"/>
      <trkpt lat="40.130808" lon="-121.404473"/>
      <trkpt lat="40.130833" lon="-121.404505"/>
      <trkpt lat="40.130866" lon="-121.404521"/>
      <trkpt lat="40.130919" lon="-121.404574"/>
      <trkpt lat="40.131030" lon="-121.404596"/>
      <trkpt lat="40.131108" lon="-121.404574"/>
      <trkpt lat="40.131145" lon="-121.404569"/>
      <trkpt lat="40.131214" lon="-121.404569"/>
      <trkpt lat="40.131235" lon="-121.404585"/>
      <trkpt lat="40.131370" lon="-121.404612"/>
      <trkpt lat="40.131436" lon="-121.404644"/>
      <trkpt lat="40.131473" lon="-121.404655"/>
      <trkpt lat="40.131506" lon="-121.404671"/>
      <trkpt lat="40.131596" lon="-121.404687"/>
      <trkpt lat="40.131629" lon="-121.404687"/>
      <trkpt lat="40.131740" lon="-121.404650"/>
      <trkpt lat="40.131760" lon="-121.404612"/>
      <trkpt lat="40.131834" lon="-121.404521"/>
      <trkpt lat="40.131879" lon="-121.404456"/>
      <trkpt lat="40.131908" lon="-121.404424"/>
      <trkpt lat="40.131945" lon="-121.404414"/>
      <trkpt lat="40.131982" lon="-121.404414"/>
      <trkpt lat="40.132092" lon="-121.404435"/>
      <trkpt lat="40.132166" lon="-121.404440"/>
      <trkpt lat="40.132634" lon="-121.404440"/>
      <trkpt lat="40.132691" lon="-121.404467"/>
      <trkpt lat="40.132814" lon="-121.404542"/>
      <trkpt lat="40.132851" lon="-121.404542"/>
      <trkpt lat="40.132925" lon="-121.404521"/>
      <trkpt lat="40.133031" lon="-121.404521"/>
      <trkpt lat="40.133060" lon="-121.404553"/>
      <trkpt lat="40.133134" lon="-121.404558"/>
      <trkpt lat="40.133159" lon="-121.404580"/>
      <trkpt lat="40.133212" lon="-121.404644"/>
      <trkpt lat="40.133241" lon="-121.404725"/>
      <trkpt lat="40.133269" lon="-121.404752"/>
      <trkpt lat="40.133282" lon="-121.404789"/>
      <trkpt lat="40.133323" lon="-121.404854"/>
      <trkpt lat="40.133372" lon="-121.404907"/>
      <trkpt lat="40.133421" lon="-121.404972"/>
      <trkpt lat="40.133495" lon="-121.405052"/>
      <trkpt lat="40.133614" lon="-121.405154"/>
      <trkpt lat="40.133667" lon="-121.405218"/>
      <trkpt lat="40.133725" lon="-121.405256"/>
      <trkpt lat="40.133753" lon="-121.405266"/>
      <trkpt lat="40.133843" lon="-121.405336"/>
      <trkpt lat="40.133909" lon="-121.405368"/>
      <trkpt lat="40.133950" lon="-121.405406"/>
      <trkpt lat="40.133966" lon="-121.405454"/>
      <trkpt lat="40.134020" lon="-121.405572"/>
      <trkpt lat="40.134028" lon="-121.405615"/>
      <trkpt lat="40.134045" lon="-121.405653"/>
      <trkpt lat="40.134073" lon="-121.405674"/>
      <trkpt lat="40.134122" lon="-121.405728"/>
      <trkpt lat="40.134167" lon="-121.405792"/>
      <trkpt lat="40.134196" lon="-121.405808"/>
      <trkpt lat="40.134266" lon="-121.405894"/>
      <trkpt lat="40.134516" lon="-121.406060"/>
      <trkpt lat="40.134541" lon="-121.406093"/>
      <trkpt lat="40.134574" lon="-121.406114"/>
      <trkpt lat="40.134598" lon="-121.406141"/>
      <trkpt lat="40.134668" lon="-121.406227"/>
      <trkpt lat="40.134709" lon="-121.406254"/>
      <trkpt lat="40.134877" lon="-121.406345"/>
      <trkpt lat="40.134951" lon="-121.406366"/>
      <trkpt lat="40.134984" lon="-121.406388"/>
      <trkpt lat="40.135008" lon="-121.406414"/>
      <trkpt lat="40.135070" lon="-121.406452"/>
      <trkpt lat="40.135094" lon="-121.406479"/>
      <trkpt lat="40.135242" lon="-121.406575"/>
      <trkpt lat="40.135279" lon="-121.406581"/>
      <trkpt lat="40.135312" lon="-121.406613"/>
      <trkpt lat="40.135377" lon="-121.406645"/>
      <trkpt lat="40.135443" lon="-121.406667"/>
      <trkpt lat="40.135513" lon="-121.406699"/>
      <trkpt lat="40.135574" lon="-121.406699"/>
      <trkpt lat="40.135607" lon="-121.406710"/>
      <trkpt lat="40.135644" lon="-121.406710"/>
      <trkpt lat="40.135710" lon="-121.406726"/>
      <trkpt lat="40.135775" lon="-121.406747"/>
      <trkpt lat="40.135874" lon="-121.406790"/>
      <trkpt lat="40.135943" lon="-121.406806"/>
      <trkpt lat="40.135980" lon="-121.406806"/>
      <trkpt lat="40.136087" lon="-121.406790"/>
      <trkpt lat="40.136198" lon="-121.406790"/>
      <trkpt lat="40.136271" lon="-121.406806"/>
      <trkpt lat="40.136337" lon="-121.406828"/>
      <trkpt lat="40.136452" lon="-121.406838"/>
      <trkpt lat="40.136526" lon="-121.406838"/>
      <trkpt lat="40.136632" lon="-121.406822"/>
      <trkpt lat="40.136780" lon="-121.406822"/>
      <trkpt lat="40.136842" lon="-121.406849"/>
      <trkpt lat="40.136928" lon="-121.406919"/>
      <trkpt lat="40.137067" lon="-121.406972"/>
      <trkpt lat="40.137137" lon="-121.406983"/>
      <trkpt lat="40.137215" lon="-121.406983"/>
      <trkpt lat="40.137284" lon="-121.406972"/>
      <trkpt lat="40.137321" lon="-121.406962"/>
      <trkpt lat="40.137354" lon="-121.406962"/>
      <trkpt lat="40.137424" lon="-121.406935"/>
      <trkpt lat="40.137498" lon="-121.406930"/>
      <trkpt lat="40.137506" lon="-121.406924"/>
      <trkpt lat="40.137543" lon="-121.406919"/>
      <trkpt lat="40.137580" lon="-121.406903"/>
      <trkpt lat="40.137617" lon="-121.406897"/>
      <trkpt lat="40.137653" lon="-121.406897"/>
      <trkpt lat="40.137690" lon="-121.406908"/>
      <trkpt lat="40.137764" lon="-121.406913"/>
      <trkpt lat="40.137801" lon="-121.406908"/>
      <trkpt lat="40.137834" lon="-121.406887"/>
      <trkpt lat="40.137900" lon="-121.406870"/>
      <trkpt lat="40.137969" lon="-121.406838"/>
      <trkpt lat="40.138002" lon="-121.406833"/>
      <trkpt lat="40.138039" lon="-121.406838"/>
      <trkpt lat="40.138178" lon="-121.406844"/>
      <trkpt lat="40.138211" lon="-121.406854"/>
      <trkpt lat="40.138248" lon="-121.406860"/>
      <trkpt lat="40.138351" lon="-121.406897"/>
      <trkpt lat="40.138424" lon="-121.406913"/>
      <trkpt lat="40.138572" lon="-121.406908"/>
      <trkpt lat="40.138609" lon="-121.406913"/>
      <trkpt lat="40.138683" lon="-121.406913"/>
      <trkpt lat="40.138753" lon="-121.406908"/>
      <trkpt lat="40.138855" lon="-121.406865"/>
      <trkpt lat="40.139077" lon="-121.406865"/>
      <trkpt lat="40.139146" lon="-121.406892"/>
      <trkpt lat="40.139175" lon="-121.406919"/>
      <trkpt lat="40.139249" lon="-121.406962"/>
      <trkpt lat="40.139319" lon="-121.406972"/>
      <trkpt lat="40.139384" lon="-121.407005"/>
      <trkpt lat="40.139532" lon="-121.407123"/>
      <trkpt lat="40.139638" lon="-121.407224"/>
      <trkpt lat="40.139749" lon="-121.407321"/>
      <trkpt lat="40.139815" lon="-121.407348"/>
      <trkpt lat="40.139917" lon="-121.407380"/>
      <trkpt lat="40.139962" lon="-121.407386"/>
      <trkpt lat="40.140040" lon="-121.407407"/>
      <trkpt lat="40.140069" lon="-121.407428"/>
      <trkpt lat="40.140102" lon="-121.407444"/>
      <trkpt lat="40.140200" lon="-121.407477"/>
      <trkpt lat="40.140274" lon="-121.407493"/>
      <trkpt lat="40.140368" lon="-121.407536"/>
      <trkpt lat="40.140418" lon="-121.407589"/>
      <trkpt lat="40.140438" lon="-121.407622"/>
      <trkpt lat="40.140467" lon="-121.407643"/>
      <trkpt lat="40.140532" lon="-121.407680"/>
      <trkpt lat="40.140602" lon="-121.407697"/>
      <trkpt lat="40.140791" lon="-121.407691"/>
      <trkpt lat="40.140901" lon="-121.407680"/>
      <trkpt lat="40.140943" lon="-121.407659"/>
      <trkpt lat="40.140971" lon="-121.407627"/>
      <trkpt lat="40.141000" lon="-121.407611"/>
      <trkpt lat="40.141168" lon="-121.407605"/>
      <trkpt lat="40.141303" lon="-121.407589"/>
      <trkpt lat="40.141340" lon="-121.407589"/>
      <trkpt lat="40.141496" lon="-121.407605"/>
      <trkpt lat="40.141529" lon="-121.407622"/>
      <trkpt lat="40.141558" lon="-121.407643"/>
      <trkpt lat="40.141623" lon="-121.407675"/>
      <trkpt lat="40.141689" lon="-121.407697"/>
      <trkpt lat="40.142050" lon="-121.407702"/>
      <trkpt lat="40.142119" lon="-121.407718"/>
      <trkpt lat="40.142189" lon="-121.407723"/>
      <trkpt lat="40.142230" lon="-121.407718"/>
      <trkpt lat="40.142333" lon="-121.407664"/>
      <trkpt lat="40.142370" lon="-121.407654"/>
      <trkpt lat="40.142402" lon="-121.407632"/>
      <trkpt lat="40.142472" lon="-121.407627"/>
      <trkpt lat="40.142505" lon="-121.407632"/>
      <trkpt lat="40.142599" lon="-121.407675"/>
      <trkpt lat="40.142632" lon="-121.407697"/>
      <trkpt lat="40.142706" lon="-121.407707"/>
      <trkpt lat="40.142739" lon="-121.407729"/>
      <trkpt lat="40.142772" lon="-121.407740"/>
      <trkpt lat="40.142825" lon="-121.407788"/>
      <trkpt lat="40.142894" lon="-121.407927"/>
      <trkpt lat="40.142907" lon="-121.407965"/>
      <trkpt lat="40.142931" lon="-121.407997"/>
      <trkpt lat="40.142952" lon="-121.408035"/>
      <trkpt lat="40.143042" lon="-121.408126"/>
      <trkpt lat="40.143075" lon="-121.408147"/>
      <trkpt lat="40.143141" lon="-121.408174"/>
      <trkpt lat="40.143247" lon="-121.408185"/>
      <trkpt lat="40.143276" lon="-121.408201"/>
      <trkpt lat="40.143317" lon="-121.408206"/>
      <trkpt lat="40.143387" lon="-121.408303"/>
      <trkpt lat="40.143411" lon="-121.408330"/>
      <trkpt lat="40.143469" lon="-121.408378"/>
      <trkpt lat="40.143501" lon="-121.408399"/>
      <trkpt lat="40.143571" lon="-121.408415"/>
      <trkpt lat="40.143633" lon="-121.408453"/>
      <trkpt lat="40.143698" lon="-121.408480"/>
      <trkpt lat="40.143735" lon="-121.408485"/>
      <trkpt lat="40.143879" lon="-121.408485"/>
      <trkpt lat="40.143932" lon="-121.408496"/>
      <trkpt lat="40.143965" lon="-121.408517"/>
      <trkpt lat="40.144018" lon="-121.408571"/>
      <trkpt lat="40.144080" lon="-121.408609"/>
      <trkpt lat="40.144170" lon="-121.408678"/>
      <trkpt lat="40.144219" lon="-121.408743"/>
      <trkpt lat="40.144301" lon="-121.408807"/>
      <trkpt lat="40.144383" lon="-121.408823"/>
      <trkpt lat="40.144445" lon="-121.408850"/>
      <trkpt lat="40.144514" lon="-121.408866"/>
      <trkpt lat="40.144555" lon="-121.408866"/>
      <trkpt lat="40.144580" lon="-121.408850"/>
      <trkpt lat="40.144617" lon="-121.408839"/>
      <trkpt lat="40.144760" lon="-121.408839"/>
      <trkpt lat="40.144789" lon="-121.408850"/>
      <trkpt lat="40.144846" lon="-121.408904"/>
      <trkpt lat="40.144912" lon="-121.408973"/>
      <trkpt lat="40.145002" lon="-121.409022"/>
      <trkpt lat="40.145035" lon="-121.409032"/>
      <trkpt lat="40.145105" lon="-121.409032"/>
      <trkpt lat="40.145187" lon="-121.409006"/>
      <trkpt lat="40.145257" lon="-121.409006"/>
      <trkpt lat="40.145322" lon="-121.409038"/>
      <trkpt lat="40.145445" lon="-121.409108"/>
      <trkpt lat="40.145490" lon="-121.409113"/>
      <trkpt lat="40.145523" lon="-121.409129"/>
      <trkpt lat="40.145580" lon="-121.409177"/>
      <trkpt lat="40.145642" lon="-121.409220"/>
      <trkpt lat="40.145712" lon="-121.409220"/>
      <trkpt lat="40.145744" lon="-121.409209"/>
      <trkpt lat="40.145888" lon="-121.409118"/>
      <trkpt lat="40.145999" lon="-121.409108"/>
      <trkpt lat="40.146036" lon="-121.409097"/>
      <trkpt lat="40.146073" lon="-121.409097"/>
      <trkpt lat="40.146142" lon="-121.409118"/>
      <trkpt lat="40.146175" lon="-121.409124"/>
      <trkpt lat="40.146212" lon="-121.409145"/>
      <trkpt lat="40.146282" lon="-121.409166"/>
      <trkpt lat="40.146355" lon="-121.409166"/>
      <trkpt lat="40.146429" lon="-121.409140"/>
      <trkpt lat="40.146491" lon="-121.409102"/>
      <trkpt lat="40.146544" lon="-121.409027"/>
      <trkpt lat="40.146573" lon="-121.409000"/>
      <trkpt lat="40.146597" lon="-121.408968"/>
      <trkpt lat="40.146663" lon="-121.408920"/>
      <trkpt lat="40.146733" lon="-121.408925"/>
      <trkpt lat="40.146729" lon="-121.408930"/>
      <trkpt lat="40.146766" lon="-121.408930"/>
      <trkpt lat="40.146794" lon="-121.408946"/>
      <trkpt lat="40.146815" lon="-121.408973"/>
      <trkpt lat="40.146831" lon="-121.409011"/>
      <trkpt lat="40.146839" lon="-121.409054"/>
      <trkpt lat="40.146843" lon="-121.409140"/>
      <trkpt lat="40.146856" lon="-121.409183"/>
      <trkpt lat="40.146864" lon="-121.409231"/>
      <trkpt lat="40.146884" lon="-121.409268"/>
      <trkpt lat="40.146938" lon="-121.409322"/>
      <trkpt lat="40.147003" lon="-121.409429"/>
      <trkpt lat="40.147053" lon="-121.409478"/>
      <trkpt lat="40.147126" lon="-121.409478"/>
      <trkpt lat="40.147163" lon="-121.409462"/>
      <trkpt lat="40.147229" lon="-121.409424"/>
      <trkpt lat="40.147299" lon="-121.409424"/>
      <trkpt lat="40.147323" lon="-121.409451"/>
      <trkpt lat="40.147335" lon="-121.409488"/>
      <trkpt lat="40.147377" lon="-121.409558"/>
      <trkpt lat="40.147401" lon="-121.409585"/>
      <trkpt lat="40.147430" lon="-121.409606"/>
      <trkpt lat="40.147500" lon="-121.409633"/>
      <trkpt lat="40.147532" lon="-121.409655"/>
      <trkpt lat="40.147569" lon="-121.409665"/>
      <trkpt lat="40.147672" lon="-121.409714"/>
      <trkpt lat="40.147729" lon="-121.409757"/>
      <trkpt lat="40.147750" lon="-121.409783"/>
      <trkpt lat="40.147778" lon="-121.409805"/>
      <trkpt lat="40.147926" lon="-121.409896"/>
      <trkpt lat="40.148000" lon="-121.409891"/>
      <trkpt lat="40.148037" lon="-121.409869"/>
      <trkpt lat="40.148135" lon="-121.409794"/>
      <trkpt lat="40.148209" lon="-121.409778"/>
      <trkpt lat="40.148279" lon="-121.409778"/>
      <trkpt lat="40.148373" lon="-121.409816"/>
      <trkpt lat="40.148467" lon="-121.409880"/>
      <trkpt lat="40.148672" lon="-121.410154"/>
      <trkpt lat="40.148713" lon="-121.410191"/>
      <trkpt lat="40.148775" lon="-121.410223"/>
      <trkpt lat="40.148812" lon="-121.410223"/>
      <trkpt lat="40.148877" lon="-121.410255"/>
      <trkpt lat="40.148935" lon="-121.410309"/>
      <trkpt lat="40.148996" lon="-121.410352"/>
      <trkpt lat="40.149099" lon="-121.410384"/>
      <trkpt lat="40.149132" lon="-121.410406"/>
      <trkpt lat="40.149283" lon="-121.410395"/>
      <trkpt lat="40.149349" lon="-121.410357"/>
      <trkpt lat="40.149386" lon="-121.410341"/>
      <trkpt lat="40.149419" lon="-121.410320"/>
      <trkpt lat="40.149455" lon="-121.410309"/>
      <trkpt lat="40.149484" lon="-121.410288"/>
      <trkpt lat="40.149554" lon="-121.410261"/>
      <trkpt lat="40.149591" lon="-121.410261"/>
      <trkpt lat="40.149619" lon="-121.410271"/>
      <trkpt lat="40.149693" lon="-121.410282"/>
      <trkpt lat="40.149726" lon="-121.410293"/>
      <trkpt lat="40.149882" lon="-121.410368"/>
      <trkpt lat="40.149956" lon="-121.410363"/>
      <trkpt lat="40.149993" lon="-121.410352"/>
      <trkpt lat="40.150066" lon="-121.410341"/>
      <trkpt lat="40.150136" lon="-121.410352"/>
      <trkpt lat="40.150267" lon="-121.410432"/>
      <trkpt lat="40.150325" lon="-121.410475"/>
      <trkpt lat="40.150357" lon="-121.410492"/>
      <trkpt lat="40.150386" lon="-121.410513"/>
      <trkpt lat="40.150493" lon="-121.410561"/>
      <trkpt lat="40.150513" lon="-121.410599"/>
      <trkpt lat="40.150546" lon="-121.410626"/>
      <trkpt lat="40.150640" lon="-121.410674"/>
      <trkpt lat="40.150669" lon="-121.410695"/>
      <trkpt lat="40.150825" lon="-121.410787"/>
      <trkpt lat="40.150919" lon="-121.410872"/>
      <trkpt lat="40.150936" lon="-121.410910"/>
      <trkpt lat="40.151009" lon="-121.411012"/>
      <trkpt lat="40.151034" lon="-121.411039"/>
      <trkpt lat="40.151091" lon="-121.411135"/>
      <trkpt lat="40.151145" lon="-121.411194"/>
      <trkpt lat="40.151255" lon="-121.411371"/>
      <trkpt lat="40.151272" lon="-121.411419"/>
      <trkpt lat="40.151317" lon="-121.411468"/>
      <trkpt lat="40.151358" lon="-121.411543"/>
      <trkpt lat="40.151391" lon="-121.411629"/>
      <trkpt lat="40.151413" lon="-121.411704"/>
      <trkpt lat="40.151421" lon="-121.411749"/>
      <trkpt lat="40.151438" lon="-121.411792"/>
      <trkpt lat="40.151512" lon="-121.411932"/>
      <trkpt lat="40.151514" lon="-121.412002"/>
      <trkpt lat="40.151534" lon="-121.412018"/>
      <trkpt lat="40.151579" lon="-121.412093"/>
      <trkpt lat="40.151608" lon="-121.412152"/>
      <trkpt lat="40.151668" lon="-121.412203"/>
      <trkpt lat="40.151692" lon="-121.412229"/>
      <trkpt lat="40.151780" lon="-121.412331"/>
      <trkpt lat="40.151789" lon="-121.412350"/>
      <trkpt lat="40.151825" lon="-121.412380"/>
      <trkpt lat="40.151836" lon="-121.412393"/>
      <trkpt lat="40.151866" lon="-121.412415"/>
      <trkpt lat="40.152061" lon="-121.412482"/>
      <trkpt lat="40.152188" lon="-121.412538"/>
      <trkpt lat="40.152262" lon="-121.412562"/>
      <trkpt lat="40.152313" lon="-121.412589"/>
      <trkpt lat="40.152328" lon="-121.412602"/>
      <trkpt lat="40.152385" lon="-121.412613"/>
      <trkpt lat="40.152477" lon="-121.412610"/>
      <trkpt lat="40.152543" lon="-121.412632"/>
      <trkpt lat="40.152555" lon="-121.412648"/>
      <trkpt lat="40.152635" lon="-121.412691"/>
      <trkpt lat="40.152662" lon="-121.412715"/>
      <trkpt lat="40.152854" lon="-121.412774"/>
      <trkpt lat="40.152947" lon="-121.412785"/>
      <trkpt lat="40.153021" lon="-121.412782"/>
      <trkpt lat="40.153076" lon="-121.412771"/>
      <trkpt lat="40.153189" lon="-121.412769"/>
      <trkpt lat="40.153207" lon="-121.412761"/>
      <trkpt lat="40.153242" lon="-121.412758"/>
      <trkpt lat="40.153297" lon="-121.412736"/>
      <trkpt lat="40.153334" lon="-121.412715"/>
      <trkpt lat="40.153379" lon="-121.412704"/>
      <trkpt lat="40.153558" lon="-121.412600"/>
      <trkpt lat="40.153574" lon="-121.412584"/>
      <trkpt lat="40.153675" lon="-121.412538"/>
      <trkpt lat="40.153783" lon="-121.412538"/>
      <trkpt lat="40.153910" lon="-121.412525"/>
      <trkpt lat="40.154019" lon="-121.412522"/>
      <trkpt lat="40.154109" lon="-121.412511"/>
      <trkpt lat="40.154128" lon="-121.412506"/>
      <trkpt lat="40.154160" lon="-121.412487"/>
      <trkpt lat="40.154195" lon="-121.412476"/>
      <trkpt lat="40.154249" lon="-121.412474"/>
      <trkpt lat="40.154283" lon="-121.412463"/>
      <trkpt lat="40.154353" lon="-121.412463"/>
      <trkpt lat="40.154406" lon="-121.412471"/>
      <trkpt lat="40.154472" lon="-121.412500"/>
      <trkpt lat="40.154507" lon="-121.412509"/>
      <trkpt lat="40.154548" lon="-121.412527"/>
      <trkpt lat="40.154663" lon="-121.412565"/>
      <trkpt lat="40.154681" lon="-121.412567"/>
      <trkpt lat="40.154714" lon="-121.412584"/>
      <trkpt lat="40.154997" lon="-121.412578"/>
      <trkpt lat="40.155013" lon="-121.412584"/>
      <trkpt lat="40.155058" lon="-121.412613"/>
      <trkpt lat="40.155151" lon="-121.412661"/>
      <trkpt lat="40.155231" lon="-121.412699"/>
      <trkpt lat="40.155300" lon="-121.412699"/>
      <trkpt lat="40.155386" lon="-121.412661"/>
      <trkpt lat="40.155423" lon="-121.412661"/>
      <trkpt lat="40.155507" lon="-121.412691"/>
      <trkpt lat="40.155542" lon="-121.412696"/>
      <trkpt lat="40.155591" lon="-121.412718"/>
      <trkpt lat="40.155620" lon="-121.412774"/>
      <trkpt lat="40.155667" lon="-121.412801"/>
      <trkpt lat="40.155755" lon="-121.412817"/>
      <trkpt lat="40.155809" lon="-121.412817"/>
      <trkpt lat="40.155825" lon="-121.412825"/>
      <trkpt lat="40.155868" lon="-121.412863"/>
      <trkpt lat="40.156024" lon="-121.412863"/>
      <trkpt lat="40.156075" lon="-121.412879"/>
      <trkpt lat="40.156124" lon="-121.412914"/>
      <trkpt lat="40.156147" lon="-121.412948"/>
      <trkpt lat="40.156176" lon="-121.412975"/>
      <trkpt lat="40.156192" lon="-121.413010"/>
      <trkpt lat="40.156229" lon="-121.413058"/>
      <trkpt lat="40.156278" lon="-121.413088"/>
      <trkpt lat="40.156309" lon="-121.413123"/>
      <trkpt lat="40.156368" lon="-121.413225"/>
      <trkpt lat="40.156372" lon="-121.413249"/>
      <trkpt lat="40.156383" lon="-121.413265"/>
      <trkpt lat="40.156397" lon="-121.413310"/>
      <trkpt lat="40.156409" lon="-121.413329"/>
      <trkpt lat="40.156442" lon="-121.413407"/>
      <trkpt lat="40.156446" lon="-121.413428"/>
      <trkpt lat="40.156497" lon="-121.413514"/>
      <trkpt lat="40.156514" lon="-121.413557"/>
      <trkpt lat="40.156530" lon="-121.413622"/>
      <trkpt lat="40.156561" lon="-121.413702"/>
      <trkpt lat="40.156575" lon="-121.413715"/>
      <trkpt lat="40.156639" lon="-121.413820"/>
      <trkpt lat="40.156664" lon="-121.413852"/>
      <trkpt lat="40.156711" lon="-121.413941"/>
      <trkpt lat="40.156715" lon="-121.413965"/>
      <trkpt lat="40.156774" lon="-121.414094"/>
      <trkpt lat="40.156811" lon="-121.414166"/>
      <trkpt lat="40.156869" lon="-121.414263"/>
      <trkpt lat="40.156873" lon="-121.414287"/>
      <trkpt lat="40.156903" lon="-121.414370"/>
      <trkpt lat="40.156909" lon="-121.414413"/>
      <trkpt lat="40.156891" lon="-121.414523"/>
      <trkpt lat="40.156860" lon="-121.414576"/>
      <trkpt lat="40.156856" lon="-121.414619"/>
      <trkpt lat="40.156873" lon="-121.414681"/>
      <trkpt lat="40.156877" lon="-121.414724"/>
      <trkpt lat="40.156907" lon="-121.414778"/>
      <trkpt lat="40.156932" lon="-121.414837"/>
      <trkpt lat="40.156932" lon="-121.414858"/>
      <trkpt lat="40.156957" lon="-121.414923"/>
      <trkpt lat="40.156965" lon="-121.414968"/>
      <trkpt lat="40.156971" lon="-121.415105"/>
      <trkpt lat="40.156979" lon="-121.415201"/>
      <trkpt lat="40.156996" lon="-121.415247"/>
      <trkpt lat="40.157024" lon="-121.415303"/>
      <trkpt lat="40.157024" lon="-121.415346"/>
      <trkpt lat="40.157018" lon="-121.415373"/>
      <trkpt lat="40.157008" lon="-121.415397"/>
      <trkpt lat="40.156985" lon="-121.415432"/>
      <trkpt lat="40.156969" lon="-121.415502"/>
      <trkpt lat="40.156985" lon="-121.415585"/>
      <trkpt lat="40.156983" lon="-121.415746"/>
      <trkpt lat="40.156973" lon="-121.415765"/>
      <trkpt lat="40.156946" lon="-121.415797"/>
      <trkpt lat="40.156899" lon="-121.415826"/>
      <trkpt lat="40.156813" lon="-121.415861"/>
      <trkpt lat="40.156745" lon="-121.415904"/>
      <trkpt lat="40.156700" lon="-121.415944"/>
      <trkpt lat="40.156651" lon="-121.416009"/>
      <trkpt lat="40.156588" lon="-121.416148"/>
      <trkpt lat="40.156504" lon="-121.416272"/>
      <trkpt lat="40.156479" lon="-121.416282"/>
      <trkpt lat="40.156395" lon="-121.416360"/>
      <trkpt lat="40.156360" lon="-121.416376"/>
      <trkpt lat="40.156313" lon="-121.416406"/>
      <trkpt lat="40.156249" lon="-121.416403"/>
      <trkpt lat="40.156214" lon="-121.416416"/>
      <trkpt lat="40.156202" lon="-121.416433"/>
      <trkpt lat="40.156206" lon="-121.416457"/>
      <trkpt lat="40.156217" lon="-121.416473"/>
      <trkpt lat="40.156233" lon="-121.416483"/>
      <trkpt lat="40.156266" lon="-121.416492"/>
      <trkpt lat="40.156309" lon="-121.416526"/>
      <trkpt lat="40.156321" lon="-121.416540"/>
      <trkpt lat="40.156321" lon="-121.416564"/>
      <trkpt lat="40.156313" lon="-121.416583"/>
      <trkpt lat="40.156301" lon="-121.416596"/>
      <trkpt lat="40.156282" lon="-121.416601"/>
      <trkpt lat="40.156225" lon="-121.416658"/>
      <trkpt lat="40.156214" lon="-121.416677"/>
      <trkpt lat="40.156208" lon="-121.416722"/>
      <trkpt lat="40.156188" lon="-121.416763"/>
      <trkpt lat="40.156178" lon="-121.416803"/>
      <trkpt lat="40.156151" lon="-121.416862"/>
      <trkpt lat="40.156143" lon="-121.416902"/>
      <trkpt lat="40.156141" lon="-121.416964"/>
      <trkpt lat="40.156157" lon="-121.417052"/>
      <trkpt lat="40.156217" lon="-121.417253"/>
      <trkpt lat="40.156227" lon="-121.417269"/>
      <trkpt lat="40.156231" lon="-121.417288"/>
      <trkpt lat="40.156243" lon="-121.417304"/>
      <trkpt lat="40.156288" lon="-121.417395"/>
      <trkpt lat="40.156288" lon="-121.417417"/>
      <trkpt lat="40.156299" lon="-121.417462"/>
      <trkpt lat="40.156313" lon="-121.417505"/>
      <trkpt lat="40.156315" lon="-121.417573"/>
      <trkpt lat="40.156309" lon="-121.417597"/>
      <trkpt lat="40.156260" lon="-121.417715"/>
      <trkpt lat="40.156245" lon="-121.417731"/>
      <trkpt lat="40.156229" lon="-121.417766"/>
      <trkpt lat="40.156231" lon="-121.417857"/>
      <trkpt lat="40.156210" lon="-121.418066"/>
      <trkpt lat="40.156196" lon="-121.418109"/>
      <trkpt lat="40.156186" lon="-121.418154"/>
      <trkpt lat="40.156155" lon="-121.418238"/>
      <trkpt lat="40.156153" lon="-121.418267"/>
      <trkpt lat="40.156169" lon="-121.418391"/>
      <trkpt lat="40.156180" lon="-121.418503"/>
      <trkpt lat="40.156184" lon="-121.418525"/>
      <trkpt lat="40.156213" lon="-121.418608"/>
      <trkpt lat="40.156231" lon="-121.418645"/>
      <trkpt lat="40.156241" lon="-121.418739"/>
      <trkpt lat="40.156268" lon="-121.418873"/>
      <trkpt lat="40.156268" lon="-121.418897"/>
      <trkpt lat="40.156260" lon="-121.418919"/>
      <trkpt lat="40.156249" lon="-121.418986"/>
      <trkpt lat="40.156253" lon="-121.419008"/>
      <trkpt lat="40.156286" lon="-121.419061"/>
      <trkpt lat="40.156335" lon="-121.419096"/>
      <trkpt lat="40.156374" lon="-121.419144"/>
      <trkpt lat="40.156424" lon="-121.419230"/>
      <trkpt lat="40.156436" lon="-121.419270"/>
      <trkpt lat="40.156485" lon="-121.419386"/>
      <trkpt lat="40.156516" lon="-121.419410"/>
      <trkpt lat="40.156563" lon="-121.419429"/>
      <trkpt lat="40.156571" lon="-121.419447"/>
      <trkpt lat="40.156573" lon="-121.419469"/>
      <trkpt lat="40.156563" lon="-121.419520"/>
      <trkpt lat="40.156567" lon="-121.419565"/>
      <trkpt lat="40.156606" lon="-121.419640"/>
      <trkpt lat="40.156668" lon="-121.419716"/>
      <trkpt lat="40.156696" lon="-121.419740"/>
      <trkpt lat="40.156729" lon="-121.419793"/>
      <trkpt lat="40.156729" lon="-121.419817"/>
      <trkpt lat="40.156735" lon="-121.419839"/>
      <trkpt lat="40.156733" lon="-121.419871"/>
      <trkpt lat="40.156709" lon="-121.419928"/>
      <trkpt lat="40.156700" lon="-121.419970"/>
      <trkpt lat="40.156719" lon="-121.420051"/>
      <trkpt lat="40.156729" lon="-121.420118"/>
      <trkpt lat="40.156727" lon="-121.420164"/>
      <trkpt lat="40.156698" lon="-121.420292"/>
      <trkpt lat="40.156680" lon="-121.420335"/>
      <trkpt lat="40.156655" lon="-121.420418"/>
      <trkpt lat="40.156633" lon="-121.420523"/>
      <trkpt lat="40.156631" lon="-121.420692"/>
      <trkpt lat="40.156645" lon="-121.420732"/>
      <trkpt lat="40.156653" lon="-121.420780"/>
      <trkpt lat="40.156657" lon="-121.420992"/>
      <trkpt lat="40.156672" lon="-121.421054"/>
      <trkpt lat="40.156672" lon="-121.421076"/>
      <trkpt lat="40.156643" lon="-121.421188"/>
      <trkpt lat="40.156633" lon="-121.421255"/>
      <trkpt lat="40.156569" lon="-121.421430"/>
      <trkpt lat="40.156553" lon="-121.421518"/>
      <trkpt lat="40.156553" lon="-121.421542"/>
      <trkpt lat="40.156559" lon="-121.421564"/>
      <trkpt lat="40.156559" lon="-121.421727"/>
      <trkpt lat="40.156563" lon="-121.421749"/>
      <trkpt lat="40.156565" lon="-121.421813"/>
      <trkpt lat="40.156571" lon="-121.421835"/>
      <trkpt lat="40.156567" lon="-121.421856"/>
      <trkpt lat="40.156571" lon="-121.421926"/>
      <trkpt lat="40.156573" lon="-121.422124"/>
      <trkpt lat="40.156569" lon="-121.422146"/>
      <trkpt lat="40.156567" lon="-121.422280"/>
      <trkpt lat="40.156571" lon="-121.422363"/>
      <trkpt lat="40.156575" lon="-121.422384"/>
      <trkpt lat="40.156575" lon="-121.422451"/>
      <trkpt lat="40.156567" lon="-121.422492"/>
      <trkpt lat="40.156532" lon="-121.422572"/>
      <trkpt lat="40.156528" lon="-121.422620"/>
      <trkpt lat="40.156508" lon="-121.422661"/>
      <trkpt lat="40.156497" lon="-121.422704"/>
      <trkpt lat="40.156473" lon="-121.422768"/>
      <trkpt lat="40.156465" lon="-121.422808"/>
      <trkpt lat="40.156446" lon="-121.422848"/>
      <trkpt lat="40.156405" lon="-121.422964"/>
      <trkpt lat="40.156377" lon="-121.423058"/>
      <trkpt lat="40.156331" lon="-121.423133"/>
      <trkpt lat="40.156284" lon="-121.423200"/>
      <trkpt lat="40.156213" lon="-121.423278"/>
      <trkpt lat="40.156155" lon="-121.423358"/>
      <trkpt lat="40.156085" lon="-121.423490"/>
      <trkpt lat="40.156069" lon="-121.423562"/>
      <trkpt lat="40.156061" lon="-121.423629"/>
      <trkpt lat="40.156061" lon="-121.423677"/>
      <trkpt lat="40.156046" lon="-121.423744"/>
      <trkpt lat="40.156046" lon="-121.423771"/>
      <trkpt lat="40.156018" lon="-121.423948"/>
      <trkpt lat="40.156018" lon="-121.423996"/>
      <trkpt lat="40.156014" lon="-121.424020"/>
      <trkpt lat="40.155962" lon="-121.424198"/>
      <trkpt lat="40.155962" lon="-121.424267"/>
      <trkpt lat="40.155946" lon="-121.424361"/>
      <trkpt lat="40.155942" lon="-121.424404"/>
      <trkpt lat="40.155936" lon="-121.424756"/>
      <trkpt lat="40.155919" lon="-121.424825"/>
      <trkpt lat="40.155897" lon="-121.424890"/>
      <trkpt lat="40.155891" lon="-121.424932"/>
      <trkpt lat="40.155841" lon="-121.425061"/>
      <trkpt lat="40.155837" lon="-121.425085"/>
      <trkpt lat="40.155811" lon="-121.425144"/>
      <trkpt lat="40.155784" lon="-121.425228"/>
      <trkpt lat="40.155782" lon="-121.425394"/>
      <trkpt lat="40.155798" lon="-121.425472"/>
      <trkpt lat="40.155848" lon="-121.425598"/>
      <trkpt lat="40.155889" lon="-121.425675"/>
      <trkpt lat="40.155981" lon="-121.425802"/>
      <trkpt lat="40.156046" lon="-121.425882"/>
      <trkpt lat="40.156096" lon="-121.425968"/>
      <trkpt lat="40.156104" lon="-121.425989"/>
      <trkpt lat="40.156110" lon="-121.426029"/>
      <trkpt lat="40.156163" lon="-121.426140"/>
      <trkpt lat="40.156198" lon="-121.426185"/>
      <trkpt lat="40.156225" lon="-121.426239"/>
      <trkpt lat="40.156258" lon="-121.426287"/>
      <trkpt lat="40.156309" lon="-121.426349"/>
      <trkpt lat="40.156319" lon="-121.426367"/>
      <trkpt lat="40.156360" lon="-121.426410"/>
      <trkpt lat="40.156446" lon="-121.426480"/>
      <trkpt lat="40.156495" lon="-121.426504"/>
      <trkpt lat="40.156526" lon="-121.426526"/>
      <trkpt lat="40.156694" lon="-121.426660"/>
      <trkpt lat="40.156735" lon="-121.426697"/>
      <trkpt lat="40.156782" lon="-121.426716"/>
      <trkpt lat="40.156813" lon="-121.426740"/>
      <trkpt lat="40.156869" lon="-121.426821"/>
      <trkpt lat="40.156914" lon="-121.426861"/>
      <trkpt lat="40.156977" lon="-121.426904"/>
      <trkpt lat="40.157045" lon="-121.426925"/>
      <trkpt lat="40.157067" lon="-121.426955"/>
      <trkpt lat="40.157088" lon="-121.426990"/>
      <trkpt lat="40.157096" lon="-121.427057"/>
      <trkpt lat="40.157096" lon="-121.427177"/>
      <trkpt lat="40.157080" lon="-121.427269"/>
      <trkpt lat="40.157063" lon="-121.427317"/>
      <trkpt lat="40.156998" lon="-121.427430"/>
      <trkpt lat="40.156901" lon="-121.427526"/>
      <trkpt lat="40.156832" lon="-121.427572"/>
      <trkpt lat="40.156700" lon="-121.427695"/>
      <trkpt lat="40.156659" lon="-121.427741"/>
      <trkpt lat="40.156596" lon="-121.427789"/>
      <trkpt lat="40.156540" lon="-121.427869"/>
      <trkpt lat="40.156465" lon="-121.428025"/>
      <trkpt lat="40.156419" lon="-121.428087"/>
      <trkpt lat="40.156399" lon="-121.428124"/>
      <trkpt lat="40.156358" lon="-121.428170"/>
      <trkpt lat="40.156323" lon="-121.428202"/>
      <trkpt lat="40.156247" lon="-121.428242"/>
      <trkpt lat="40.156044" lon="-121.428374"/>
      <trkpt lat="40.155870" lon="-121.428465"/>
      <trkpt lat="40.155835" lon="-121.428481"/>
      <trkpt lat="40.155817" lon="-121.428484"/>
      <trkpt lat="40.155721" lon="-121.428540"/>
      <trkpt lat="40.155653" lon="-121.428567"/>
      <trkpt lat="40.155593" lon="-121.428572"/>
      <trkpt lat="40.155378" lon="-121.428572"/>
      <trkpt lat="40.155319" lon="-121.428564"/>
      <trkpt lat="40.155257" lon="-121.428564"/>
      <trkpt lat="40.155179" lon="-121.428543"/>
      <trkpt lat="40.155122" lon="-121.428540"/>
      <trkpt lat="40.155013" lon="-121.428586"/>
      <trkpt lat="40.154952" lon="-121.428629"/>
      <trkpt lat="40.154927" lon="-121.428637"/>
      <trkpt lat="40.154843" lon="-121.428639"/>
      <trkpt lat="40.154810" lon="-121.428655"/>
      <trkpt lat="40.154763" lon="-121.428693"/>
      <trkpt lat="40.154741" lon="-121.428722"/>
      <trkpt lat="40.154677" lon="-121.428841"/>
      <trkpt lat="40.154624" lon="-121.428926"/>
      <trkpt lat="40.154599" lon="-121.428958"/>
      <trkpt lat="40.154509" lon="-121.429060"/>
      <trkpt lat="40.154478" lon="-121.429087"/>
      <trkpt lat="40.154427" lon="-121.429122"/>
      <trkpt lat="40.154398" lon="-121.429149"/>
      <trkpt lat="40.154320" lon="-121.429251"/>
      <trkpt lat="40.154306" lon="-121.429262"/>
      <trkpt lat="40.154277" lon="-121.429302"/>
      <trkpt lat="40.154261" lon="-121.429312"/>
      <trkpt lat="40.154226" lon="-121.429363"/>
      <trkpt lat="40.154187" lon="-121.429409"/>
      <trkpt lat="40.154158" lon="-121.429436"/>
      <trkpt lat="40.154031" lon="-121.429484"/>
      <trkpt lat="40.153953" lon="-121.429535"/>
      <trkpt lat="40.153914" lon="-121.429583"/>
      <trkpt lat="40.153826" lon="-121.429736"/>
      <trkpt lat="40.153761" lon="-121.429841"/>
      <trkpt lat="40.153730" lon="-121.429919"/>
      <trkpt lat="40.153703" lon="-121.429967"/>
      <trkpt lat="40.153658" lon="-121.430082"/>
      <trkpt lat="40.153658" lon="-121.430147"/>
      <trkpt lat="40.153670" lon="-121.430208"/>
      <trkpt lat="40.153695" lon="-121.430262"/>
      <trkpt lat="40.153730" lon="-121.430308"/>
      <trkpt lat="40.153761" lon="-121.430361"/>
      <trkpt lat="40.153777" lon="-121.430402"/>
      <trkpt lat="40.153787" lon="-121.430487"/>
      <trkpt lat="40.153767" lon="-121.430646"/>
      <trkpt lat="40.153744" lon="-121.430731"/>
      <trkpt lat="40.153732" lon="-121.430801"/>
      <trkpt lat="40.153726" lon="-121.431008"/>
      <trkpt lat="40.153699" lon="-121.431091"/>
      <trkpt lat="40.153687" lon="-121.431107"/>
      <trkpt lat="40.153648" lon="-121.431182"/>
      <trkpt lat="40.153619" lon="-121.431228"/>
      <trkpt lat="40.153578" lon="-121.431284"/>
      <trkpt lat="40.153509" lon="-121.431321"/>
      <trkpt lat="40.153453" lon="-121.431372"/>
      <trkpt lat="40.153418" lon="-121.431421"/>
      <trkpt lat="40.153385" lon="-121.431488"/>
      <trkpt lat="40.153338" lon="-121.431568"/>
      <trkpt lat="40.153330" lon="-121.431590"/>
      <trkpt lat="40.153301" lon="-121.431745"/>
      <trkpt lat="40.153295" lon="-121.432027"/>
      <trkpt lat="40.153287" lon="-121.432070"/>
      <trkpt lat="40.153267" lon="-121.432134"/>
      <trkpt lat="40.153197" lon="-121.432300"/>
      <trkpt lat="40.153137" lon="-121.432394"/>
      <trkpt lat="40.153094" lon="-121.432494"/>
      <trkpt lat="40.153088" lon="-121.432536"/>
      <trkpt lat="40.153082" lon="-121.432630"/>
      <trkpt lat="40.153078" lon="-121.432655"/>
      <trkpt lat="40.153070" lon="-121.432673"/>
      <trkpt lat="40.153058" lon="-121.432740"/>
      <trkpt lat="40.153025" lon="-121.432802"/>
      <trkpt lat="40.152990" lon="-121.432848"/>
      <trkpt lat="40.152957" lon="-121.432869"/>
      <trkpt lat="40.152883" lon="-121.432891"/>
      <trkpt lat="40.152787" lon="-121.432899"/>
      <trkpt lat="40.152711" lon="-121.432915"/>
      <trkpt lat="40.152676" lon="-121.432931"/>
      <trkpt lat="40.152580" lon="-121.432955"/>
      <trkpt lat="40.152535" lon="-121.432990"/>
      <trkpt lat="40.152449" lon="-121.433108"/>
      <trkpt lat="40.152412" lon="-121.433183"/>
      <trkpt lat="40.152369" lon="-121.433231"/>
      <trkpt lat="40.152326" lon="-121.433314"/>
      <trkpt lat="40.152299" lon="-121.433349"/>
      <trkpt lat="40.152279" lon="-121.433387"/>
      <trkpt lat="40.152250" lon="-121.433411"/>
      <trkpt lat="40.152180" lon="-121.433457"/>
      <trkpt lat="40.152022" lon="-121.433607"/>
      <trkpt lat="40.151998" lon="-121.433644"/>
      <trkpt lat="40.151940" lon="-121.433792"/>
      <trkpt lat="40.151928" lon="-121.433811"/>
      <trkpt lat="40.151920" lon="-121.433832"/>
      <trkpt lat="40.151862" lon="-121.433913"/>
      <trkpt lat="40.151813" lon="-121.434006"/>
      <trkpt lat="40.151807" lon="-121.434028"/>
      <trkpt lat="40.151811" lon="-121.434210"/>
      <trkpt lat="40.151809" lon="-121.434331"/>
      <trkpt lat="40.151813" lon="-121.434352"/>
      <trkpt lat="40.151813" lon="-121.434398"/>
      <trkpt lat="40.151803" lon="-121.434470"/>
      <trkpt lat="40.151803" lon="-121.434540"/>
      <trkpt lat="40.151797" lon="-121.434586"/>
      <trkpt lat="40.151790" lon="-121.434704"/>
      <trkpt lat="40.151799" lon="-121.434747"/>
      <trkpt lat="40.151803" lon="-121.434798"/>
      <trkpt lat="40.151823" lon="-121.434878"/>
      <trkpt lat="40.151819" lon="-121.435034"/>
      <trkpt lat="40.151807" lon="-121.435125"/>
      <trkpt lat="40.151764" lon="-121.435256"/>
      <trkpt lat="40.151752" lon="-121.435326"/>
      <trkpt lat="40.151750" lon="-121.435393"/>
      <trkpt lat="40.151766" lon="-121.435441"/>
      <trkpt lat="40.151778" lon="-121.435508"/>
      <trkpt lat="40.151782" lon="-121.435575"/>
      <trkpt lat="40.151778" lon="-121.435618"/>
      <trkpt lat="40.151764" lon="-121.435688"/>
      <trkpt lat="40.151745" lon="-121.435731"/>
      <trkpt lat="40.151733" lon="-121.435747"/>
      <trkpt lat="40.151725" lon="-121.435766"/>
      <trkpt lat="40.151686" lon="-121.435806"/>
      <trkpt lat="40.151674" lon="-121.435825"/>
      <trkpt lat="40.151655" lon="-121.435876"/>
      <trkpt lat="40.151653" lon="-121.435919"/>
      <trkpt lat="40.151666" lon="-121.435967"/>
      <trkpt lat="40.151692" lon="-121.436021"/>
      <trkpt lat="40.151774" lon="-121.436082"/>
      <trkpt lat="40.151803" lon="-121.436091"/>
      <trkpt lat="40.151852" lon="-121.436115"/>
      <trkpt lat="40.151875" lon="-121.436144"/>
      <trkpt lat="40.151888" lon="-121.436186"/>
    </trkseg>
    <trkseg>
      <trkpt lat="40.085256" lon="-121.371693"/>
      <trkpt lat="40.085369" lon="-121.371707"/>
      <trkpt lat="40.085427" lon="-121.371739"/>
      <trkpt lat="40.085583" lon="-121.371878"/>
      <trkpt lat="40.085624" lon="-121.371943"/>
      <trkpt lat="40.085665" lon="-121.372029"/>
      <trkpt lat="40.085681" lon="-121.372125"/>
      <trkpt lat="40.085706" lon="-121.372200"/>
      <trkpt lat="40.085821" lon="-121.372286"/>
      <trkpt lat="40.085870" lon="-121.372340"/>
      <trkpt lat="40.085903" lon="-121.372426"/>
      <trkpt lat="40.086026" lon="-121.372490"/>
      <trkpt lat="40.086108" lon="-121.372522"/>
      <trkpt lat="40.086247" lon="-121.372544"/>
      <trkpt lat="40.086305" lon="-121.372586"/>
      <trkpt lat="40.086346" lon="-121.372640"/>
      <trkpt lat="40.086403" lon="-121.372812"/>
      <trkpt lat="40.086469" lon="-121.372973"/>
      <trkpt lat="40.086486" lon="-121.373080"/>
      <trkpt lat="40.086543" lon="-121.373241"/>
      <trkpt lat="40.086568" lon="-121.373445"/>
      <trkpt lat="40.086592" lon="-121.373520"/>
      <trkpt lat="40.086699" lon="-121.373788"/>
      <trkpt lat="40.086732" lon="-121.373960"/>
      <trkpt lat="40.086740" lon="-121.374153"/>
      <trkpt lat="40.086781" lon="-121.374228"/>
      <trkpt lat="40.086830" lon="-121.374292"/>
      <trkpt lat="40.086896" lon="-121.374335"/>
      <trkpt lat="40.086978" lon="-121.374464"/>
      <trkpt lat="40.087011" lon="-121.374528"/>
      <trkpt lat="40.087068" lon="-121.374689"/>
      <trkpt lat="40.087118" lon="-121.374743"/>
      <trkpt lat="40.087298" lon="-121.374893"/>
      <trkpt lat="40.087397" lon="-121.375022"/>
      <trkpt lat="40.087462" lon="-121.375161"/>
      <trkpt lat="40.087561" lon="-121.375258"/>
      <trkpt lat="40.087602" lon="-121.375322"/>
      <trkpt lat="40.087668" lon="-121.375387"/>
      <trkpt lat="40.087799" lon="-121.375601"/>
      <trkpt lat="40.087832" lon="-121.375784"/>
      <trkpt lat="40.087856" lon="-121.375859"/>
      <trkpt lat="40.087873" lon="-121.375955"/>
      <trkpt lat="40.087922" lon="-121.376159"/>
      <trkpt lat="40.088029" lon="-121.376256"/>
      <trkpt lat="40.088094" lon="-121.376288"/>
      <trkpt lat="40.088291" lon="-121.376320"/>
      <trkpt lat="40.088357" lon="-121.376342"/>
      <trkpt lat="40.088414" lon="-121.376395"/>
      <trkpt lat="40.088472" lon="-121.376427"/>
      <trkpt lat="40.088529" lon="-121.376481"/>
      <trkpt lat="40.088595" lon="-121.376503"/>
      <trkpt lat="40.088751" lon="-121.376460"/>
      <trkpt lat="40.089063" lon="-121.376460"/>
      <trkpt lat="40.089358" lon="-121.376524"/>
      <trkpt lat="40.089432" lon="-121.376535"/>
      <trkpt lat="40.089506" lon="-121.376556"/>
      <trkpt lat="40.089637" lon="-121.376556"/>
      <trkpt lat="40.089785" lon="-121.376578"/>
      <trkpt lat="40.089892" lon="-121.376674"/>
      <trkpt lat="40.090031" lon="-121.376782"/>
      <trkpt lat="40.090204" lon="-121.376889"/>
      <trkpt lat="40.090261" lon="-121.376942"/>
      <trkpt lat="40.090294" lon="-121.377017"/>
      <trkpt lat="40.090384" lon="-121.377125"/>
      <trkpt lat="40.090524" lon="-121.377243"/>
      <trkpt lat="40.090590" lon="-121.377275"/>
      <trkpt lat="40.090705" lon="-121.377361"/>
      <trkpt lat="40.090754" lon="-121.377415"/>
      <trkpt lat="40.090795" lon="-121.377479"/>
      <trkpt lat="40.090844" lon="-121.377533"/>
      <trkpt lat="40.091025" lon="-121.377640"/>
      <trkpt lat="40.091082" lon="-121.377683"/>
      <trkpt lat="40.091230" lon="-121.377779"/>
      <trkpt lat="40.091435" lon="-121.377854"/>
      <trkpt lat="40.091509" lon="-121.377844"/>
      <trkpt lat="40.091583" lon="-121.377844"/>
      <trkpt lat="40.091665" lon="-121.377865"/>
      <trkpt lat="40.091722" lon="-121.377940"/>
      <trkpt lat="40.091763" lon="-121.378015"/>
      <trkpt lat="40.091780" lon="-121.378112"/>
      <trkpt lat="40.091772" lon="-121.378208"/>
      <trkpt lat="40.091796" lon="-121.378380"/>
      <trkpt lat="40.091796" lon="-121.378659"/>
      <trkpt lat="40.091854" lon="-121.378756"/>
      <trkpt lat="40.091919" lon="-121.378799"/>
      <trkpt lat="40.091993" lon="-121.378874"/>
      <trkpt lat="40.092067" lon="-121.378863"/>
      <trkpt lat="40.092272" lon="-121.378702"/>
      <trkpt lat="40.092346" lon="-121.378681"/>
      <trkpt lat="40.092527" lon="-121.378702"/>
      <trkpt lat="40.092674" lon="-121.378681"/>
      <trkpt lat="40.092814" lon="-121.378681"/>
      <trkpt lat="40.092888" lon="-121.378691"/>
      <trkpt lat="40.093027" lon="-121.378702"/>
      <trkpt lat="40.093109" lon="-121.378734"/>
      <trkpt lat="40.093274" lon="-121.378884"/>
      <trkpt lat="40.093413" lon="-121.378949"/>
      <trkpt lat="40.093610" lon="-121.379056"/>
      <trkpt lat="40.093643" lon="-121.379067"/>
      <trkpt lat="40.093692" lon="-121.379131"/>
      <trkpt lat="40.093864" lon="-121.379281"/>
      <trkpt lat="40.093930" lon="-121.379313"/>
      <trkpt lat="40.094070" lon="-121.379313"/>
      <trkpt lat="40.094127" lon="-121.379356"/>
      <trkpt lat="40.094144" lon="-121.379431"/>
      <trkpt lat="40.094176" lon="-121.379507"/>
      <trkpt lat="40.094535" lon="-121.379643"/>
      <trkpt lat="40.094663" lon="-121.379716"/>
      <trkpt lat="40.095145" lon="-121.380022"/>
      <trkpt lat="40.095311" lon="-121.380185"/>
      <trkpt lat="40.095473" lon="-121.380461"/>
      <trkpt lat="40.095522" lon="-121.380515"/>
      <trkpt lat="40.095576" lon="-121.380609"/>
      <trkpt lat="40.095658" lon="-121.380681"/>
      <trkpt lat="40.095728" lon="-121.380730"/>
      <trkpt lat="40.095875" lon="-121.380815"/>
      <trkpt lat="40.095933" lon="-121.380869"/>
      <trkpt lat="40.096195" lon="-121.381030"/>
      <trkpt lat="40.096401" lon="-121.381116"/>
      <trkpt lat="40.096458" lon="-121.381159"/>
      <trkpt lat="40.096589" lon="-121.381223"/>
      <trkpt lat="40.096803" lon="-121.381288"/>
      <trkpt lat="40.096868" lon="-121.381320"/>
      <trkpt lat="40.097000" lon="-121.381373"/>
      <trkpt lat="40.097065" lon="-121.381395"/>
      <trkpt lat="40.097213" lon="-121.381406"/>
      <trkpt lat="40.097377" lon="-121.381449"/>
      <trkpt lat="40.097492" lon="-121.381534"/>
      <trkpt lat="40.097558" lon="-121.381577"/>
      <trkpt lat="40.097615" lon="-121.381642"/>
      <trkpt lat="40.097886" lon="-121.381770"/>
      <trkpt lat="40.097935" lon="-121.381813"/>
      <trkpt lat="40.098001" lon="-121.381835"/>
      <trkpt lat="40.098206" lon="-121.381867"/>
      <trkpt lat="40.098272" lon="-121.381888"/>
      <trkpt lat="40.098337" lon="-121.381899"/>
      <trkpt lat="40.098477" lon="-121.381899"/>
      <trkpt lat="40.098551" lon="-121.381910"/>
      <trkpt lat="40.098863" lon="-121.382006"/>
      <trkpt lat="40.098936" lon="-121.382006"/>
      <trkpt lat="40.099076" lon="-121.381942"/>
      <trkpt lat="40.099232" lon="-121.381856"/>
      <trkpt lat="40.099281" lon="-121.381792"/>
      <trkpt lat="40.099339" lon="-121.381738"/>
      <trkpt lat="40.099527" lon="-121.381642"/>
      <trkpt lat="40.099593" lon="-121.381652"/>
      <trkpt lat="40.099650" lon="-121.381695"/>
      <trkpt lat="40.099683" lon="-121.381770"/>
      <trkpt lat="40.099683" lon="-121.381856"/>
      <trkpt lat="40.099601" lon="-121.382006"/>
      <trkpt lat="40.099568" lon="-121.382081"/>
      <trkpt lat="40.099527" lon="-121.382146"/>
      <trkpt lat="40.099503" lon="-121.382221"/>
      <trkpt lat="40.099511" lon="-121.382307"/>
      <trkpt lat="40.099585" lon="-121.382403"/>
      <trkpt lat="40.099741" lon="-121.382554"/>
      <trkpt lat="40.099837" lon="-121.382709"/>
      <trkpt lat="40.099876" lon="-121.382798"/>
      <trkpt lat="40.099940" lon="-121.382977"/>
      <trkpt lat="40.099952" lon="-121.383055"/>
      <trkpt lat="40.099938" lon="-121.383240"/>
      <trkpt lat="40.099962" lon="-121.383369"/>
      <trkpt lat="40.100003" lon="-121.383444"/>
      <trkpt lat="40.100126" lon="-121.383519"/>
      <trkpt lat="40.100225" lon="-121.383691"/>
      <trkpt lat="40.100241" lon="-121.383841"/>
      <trkpt lat="40.100245" lon="-121.384002"/>
      <trkpt lat="40.100239" lon="-121.384098"/>
      <trkpt lat="40.100241" lon="-121.384377"/>
      <trkpt lat="40.100266" lon="-121.384560"/>
      <trkpt lat="40.100299" lon="-121.384646"/>
      <trkpt lat="40.100340" lon="-121.384710"/>
      <trkpt lat="40.100414" lon="-121.384957"/>
      <trkpt lat="40.100611" lon="-121.385118"/>
      <trkpt lat="40.100709" lon="-121.385246"/>
      <trkpt lat="40.100734" lon="-121.385322"/>
      <trkpt lat="40.100766" lon="-121.385397"/>
      <trkpt lat="40.100947" lon="-121.385654"/>
      <trkpt lat="40.101029" lon="-121.385729"/>
      <trkpt lat="40.101078" lon="-121.385794"/>
      <trkpt lat="40.101144" lon="-121.385826"/>
      <trkpt lat="40.101333" lon="-121.385933"/>
      <trkpt lat="40.101390" lon="-121.385976"/>
      <trkpt lat="40.101456" lon="-121.385998"/>
      <trkpt lat="40.101497" lon="-121.386062"/>
      <trkpt lat="40.101604" lon="-121.386169"/>
      <trkpt lat="40.101669" lon="-121.386191"/>
      <trkpt lat="40.101901" lon="-121.386301"/>
    </trkseg>
    <trkseg>
      <trkpt lat="40.051472" lon="-121.395053"/>
      <trkpt lat="40.051513" lon="-121.395053"/>
      <trkpt lat="40.051558" lon="-121.395063"/>
      <trkpt lat="40.051599" lon="-121.395047"/>
      <trkpt lat="40.051747" lon="-121.394897"/>
      <trkpt lat="40.051813" lon="-121.394854"/>
      <trkpt lat="40.051858" lon="-121.394843"/>
      <trkpt lat="40.051936" lon="-121.394817"/>
      <trkpt lat="40.051969" lon="-121.394795"/>
      <trkpt lat="40.052084" lon="-121.394768"/>
      <trkpt lat="40.052125" lon="-121.394752"/>
      <trkpt lat="40.052264" lon="-121.394715"/>
      <trkpt lat="40.052297" lon="-121.394693"/>
      <trkpt lat="40.052416" lon="-121.394677"/>
      <trkpt lat="40.052453" lon="-121.394666"/>
      <trkpt lat="40.052540" lon="-121.394629"/>
      <trkpt lat="40.052626" lon="-121.394602"/>
      <trkpt lat="40.052679" lon="-121.394570"/>
      <trkpt lat="40.052708" lon="-121.394527"/>
      <trkpt lat="40.052802" lon="-121.394307"/>
      <trkpt lat="40.052848" lon="-121.394227"/>
      <trkpt lat="40.052885" lon="-121.394189"/>
      <trkpt lat="40.053119" lon="-121.394092"/>
      <trkpt lat="40.053151" lon="-121.394071"/>
      <trkpt lat="40.053213" lon="-121.394012"/>
      <trkpt lat="40.053238" lon="-121.393980"/>
      <trkpt lat="40.053258" lon="-121.393937"/>
      <trkpt lat="40.053295" lon="-121.393889"/>
      <trkpt lat="40.053316" lon="-121.393851"/>
      <trkpt lat="40.053373" lon="-121.393679"/>
      <trkpt lat="40.053381" lon="-121.393631"/>
      <trkpt lat="40.053381" lon="-121.393556"/>
      <trkpt lat="40.053357" lon="-121.393481"/>
      <trkpt lat="40.053349" lon="-121.393438"/>
      <trkpt lat="40.053332" lon="-121.393400"/>
      <trkpt lat="40.053308" lon="-121.393368"/>
      <trkpt lat="40.053279" lon="-121.393341"/>
      <trkpt lat="40.053234" lon="-121.393272"/>
      <trkpt lat="40.053238" lon="-121.393191"/>
      <trkpt lat="40.053262" lon="-121.393100"/>
      <trkpt lat="40.053332" lon="-121.392987"/>
      <trkpt lat="40.053336" lon="-121.392944"/>
      <trkpt lat="40.053336" lon="-121.392843"/>
      <trkpt lat="40.053299" lon="-121.392757"/>
      <trkpt lat="40.053271" lon="-121.392714"/>
      <trkpt lat="40.053250" lon="-121.392671"/>
      <trkpt lat="40.053234" lon="-121.392564"/>
      <trkpt lat="40.053234" lon="-121.392365"/>
      <trkpt lat="40.053238" lon="-121.392317"/>
      <trkpt lat="40.053271" lon="-121.392252"/>
      <trkpt lat="40.053279" lon="-121.392140"/>
      <trkpt lat="40.053271" lon="-121.392081"/>
      <trkpt lat="40.053250" lon="-121.392043"/>
      <trkpt lat="40.053242" lon="-121.392000"/>
      <trkpt lat="40.053188" lon="-121.391936"/>
      <trkpt lat="40.053176" lon="-121.391893"/>
      <trkpt lat="40.053160" lon="-121.391856"/>
      <trkpt lat="40.053147" lon="-121.391754"/>
      <trkpt lat="40.053164" lon="-121.391711"/>
      <trkpt lat="40.053188" lon="-121.391678"/>
      <trkpt lat="40.053221" lon="-121.391625"/>
      <trkpt lat="40.053230" lon="-121.391582"/>
      <trkpt lat="40.053225" lon="-121.391480"/>
      <trkpt lat="40.053209" lon="-121.391442"/>
      <trkpt lat="40.053156" lon="-121.391373"/>
      <trkpt lat="40.053135" lon="-121.391335"/>
      <trkpt lat="40.053123" lon="-121.391196"/>
      <trkpt lat="40.053098" lon="-121.391126"/>
      <trkpt lat="40.053045" lon="-121.391040"/>
      <trkpt lat="40.053028" lon="-121.390997"/>
      <trkpt lat="40.053036" lon="-121.390949"/>
      <trkpt lat="40.053073" lon="-121.390852"/>
      <trkpt lat="40.053094" lon="-121.390745"/>
      <trkpt lat="40.053094" lon="-121.390648"/>
      <trkpt lat="40.053069" lon="-121.390536"/>
      <trkpt lat="40.053028" lon="-121.390407"/>
      <trkpt lat="40.053016" lon="-121.390198"/>
      <trkpt lat="40.053008" lon="-121.390155"/>
      <trkpt lat="40.053008" lon="-121.390005"/>
      <trkpt lat="40.052999" lon="-121.389956"/>
      <trkpt lat="40.052999" lon="-121.389720"/>
      <trkpt lat="40.053004" lon="-121.389667"/>
      <trkpt lat="40.053016" lon="-121.389629"/>
      <trkpt lat="40.053016" lon="-121.389479"/>
      <trkpt lat="40.053004" lon="-121.389415"/>
      <trkpt lat="40.053004" lon="-121.389366"/>
      <trkpt lat="40.053016" lon="-121.389329"/>
      <trkpt lat="40.053053" lon="-121.389302"/>
      <trkpt lat="40.053078" lon="-121.389254"/>
      <trkpt lat="40.053090" lon="-121.389157"/>
      <trkpt lat="40.053094" lon="-121.388980"/>
      <trkpt lat="40.053106" lon="-121.388937"/>
      <trkpt lat="40.053131" lon="-121.388900"/>
      <trkpt lat="40.053209" lon="-121.388803"/>
      <trkpt lat="40.053225" lon="-121.388755"/>
      <trkpt lat="40.053234" lon="-121.388696"/>
      <trkpt lat="40.053266" lon="-121.388556"/>
      <trkpt lat="40.053287" lon="-121.388412"/>
      <trkpt lat="40.053271" lon="-121.388331"/>
      <trkpt lat="40.053230" lon="-121.388218"/>
      <trkpt lat="40.053197" lon="-121.388186"/>
      <trkpt lat="40.053139" lon="-121.388116"/>
      <trkpt lat="40.053131" lon="-121.388074"/>
      <trkpt lat="40.053114" lon="-121.388025"/>
      <trkpt lat="40.053119" lon="-121.388020"/>
      <trkpt lat="40.053102" lon="-121.387902"/>
      <trkpt lat="40.053102" lon="-121.387854"/>
      <trkpt lat="40.053045" lon="-121.387623"/>
      <trkpt lat="40.053028" lon="-121.387462"/>
      <trkpt lat="40.053036" lon="-121.387408"/>
      <trkpt lat="40.053053" lon="-121.387371"/>
      <trkpt lat="40.053065" lon="-121.387323"/>
      <trkpt lat="40.053069" lon="-121.387258"/>
      <trkpt lat="40.053069" lon="-121.387162"/>
      <trkpt lat="40.053061" lon="-121.387076"/>
      <trkpt lat="40.053082" lon="-121.386979"/>
      <trkpt lat="40.053102" lon="-121.386936"/>
      <trkpt lat="40.053135" lon="-121.386786"/>
      <trkpt lat="40.053184" lon="-121.386711"/>
      <trkpt lat="40.053217" lon="-121.386695"/>
      <trkpt lat="40.053312" lon="-121.386765"/>
      <trkpt lat="40.053349" lon="-121.386765"/>
      <trkpt lat="40.053390" lon="-121.386674"/>
      <trkpt lat="40.053431" lon="-121.386421"/>
      <trkpt lat="40.053427" lon="-121.386373"/>
      <trkpt lat="40.053439" lon="-121.386234"/>
      <trkpt lat="40.053443" lon="-121.386089"/>
      <trkpt lat="40.053451" lon="-121.386035"/>
      <trkpt lat="40.053476" lon="-121.385960"/>
      <trkpt lat="40.053484" lon="-121.385906"/>
      <trkpt lat="40.053496" lon="-121.385858"/>
      <trkpt lat="40.053517" lon="-121.385804"/>
      <trkpt lat="40.053546" lon="-121.385756"/>
      <trkpt lat="40.053566" lon="-121.385810"/>
      <trkpt lat="40.053566" lon="-121.385971"/>
      <trkpt lat="40.053583" lon="-121.386078"/>
      <trkpt lat="40.053583" lon="-121.386185"/>
      <trkpt lat="40.053587" lon="-121.386244"/>
      <trkpt lat="40.053607" lon="-121.386287"/>
      <trkpt lat="40.053620" lon="-121.386336"/>
      <trkpt lat="40.053657" lon="-121.386421"/>
      <trkpt lat="40.053706" lon="-121.386588"/>
      <trkpt lat="40.053767" lon="-121.386674"/>
      <trkpt lat="40.053772" lon="-121.386732"/>
      <trkpt lat="40.053772" lon="-121.386845"/>
      <trkpt lat="40.053833" lon="-121.387060"/>
      <trkpt lat="40.053841" lon="-121.387108"/>
      <trkpt lat="40.053841" lon="-121.387221"/>
      <trkpt lat="40.053849" lon="-121.387274"/>
      <trkpt lat="40.053886" lon="-121.387269"/>
      <trkpt lat="40.053940" lon="-121.387001"/>
      <trkpt lat="40.053964" lon="-121.386910"/>
      <trkpt lat="40.053973" lon="-121.386802"/>
      <trkpt lat="40.053989" lon="-121.386711"/>
      <trkpt lat="40.053989" lon="-121.386668"/>
      <trkpt lat="40.053969" lon="-121.386572"/>
      <trkpt lat="40.053952" lon="-121.386523"/>
      <trkpt lat="40.053944" lon="-121.386475"/>
      <trkpt lat="40.053940" lon="-121.386421"/>
      <trkpt lat="40.053940" lon="-121.386325"/>
      <trkpt lat="40.053977" lon="-121.386196"/>
      <trkpt lat="40.053977" lon="-121.386148"/>
      <trkpt lat="40.053997" lon="-121.385976"/>
      <trkpt lat="40.054051" lon="-121.385837"/>
      <trkpt lat="40.054059" lon="-121.385745"/>
      <trkpt lat="40.054059" lon="-121.385702"/>
      <trkpt lat="40.054038" lon="-121.385617"/>
      <trkpt lat="40.053997" lon="-121.385542"/>
      <trkpt lat="40.053989" lon="-121.385483"/>
      <trkpt lat="40.053989" lon="-121.385440"/>
      <trkpt lat="40.054006" lon="-121.385327"/>
      <trkpt lat="40.054026" lon="-121.385273"/>
      <trkpt lat="40.054026" lon="-121.385214"/>
      <trkpt lat="40.054014" lon="-121.385177"/>
      <trkpt lat="40.054010" lon="-121.385016"/>
      <trkpt lat="40.054030" lon="-121.384962"/>
      <trkpt lat="40.054038" lon="-121.384919"/>
      <trkpt lat="40.054038" lon="-121.384630"/>
      <trkpt lat="40.054063" lon="-121.384383"/>
      <trkpt lat="40.054075" lon="-121.384098"/>
      <trkpt lat="40.054071" lon="-121.383997"/>
      <trkpt lat="40.054084" lon="-121.383943"/>
      <trkpt lat="40.054092" lon="-121.383836"/>
      <trkpt lat="40.054112" lon="-121.383734"/>
      <trkpt lat="40.054141" lon="-121.383648"/>
      <trkpt lat="40.054186" lon="-121.383492"/>
      <trkpt lat="40.054203" lon="-121.383449"/>
      <trkpt lat="40.054231" lon="-121.383347"/>
      <trkpt lat="40.054260" lon="-121.383310"/>
      <trkpt lat="40.054268" lon="-121.383267"/>
      <trkpt lat="40.054281" lon="-121.383229"/>
      <trkpt lat="40.054289" lon="-121.383181"/>
      <trkpt lat="40.054305" lon="-121.383128"/>
      <trkpt lat="40.054309" lon="-121.383074"/>
      <trkpt lat="40.054346" lon="-121.382972"/>
      <trkpt lat="40.054350" lon="-121.382924"/>
      <trkpt lat="40.054363" lon="-121.382886"/>
      <trkpt lat="40.054470" lon="-121.382790"/>
      <trkpt lat="40.054494" lon="-121.382757"/>
      <trkpt lat="40.054511" lon="-121.382720"/>
      <trkpt lat="40.054519" lon="-121.382677"/>
      <trkpt lat="40.054519" lon="-121.382527"/>
      <trkpt lat="40.054531" lon="-121.382479"/>
      <trkpt lat="40.054589" lon="-121.382409"/>
      <trkpt lat="40.054638" lon="-121.382328"/>
      <trkpt lat="40.054675" lon="-121.382242"/>
      <trkpt lat="40.054728" lon="-121.382151"/>
      <trkpt lat="40.054757" lon="-121.382049"/>
      <trkpt lat="40.054761" lon="-121.381942"/>
      <trkpt lat="40.054773" lon="-121.381878"/>
      <trkpt lat="40.054798" lon="-121.381765"/>
      <trkpt lat="40.054814" lon="-121.381717"/>
      <trkpt lat="40.054835" lon="-121.381685"/>
      <trkpt lat="40.054864" lon="-121.381652"/>
      <trkpt lat="40.054909" lon="-121.381556"/>
      <trkpt lat="40.054987" lon="-121.381449"/>
      <trkpt lat="40.055016" lon="-121.381422"/>
      <trkpt lat="40.055036" lon="-121.381384"/>
      <trkpt lat="40.055048" lon="-121.381266"/>
      <trkpt lat="40.055090" lon="-121.381137"/>
      <trkpt lat="40.055135" lon="-121.381041"/>
      <trkpt lat="40.055159" lon="-121.381009"/>
      <trkpt lat="40.055246" lon="-121.381014"/>
      <trkpt lat="40.055287" lon="-121.381025"/>
      <trkpt lat="40.055344" lon="-121.381025"/>
      <trkpt lat="40.055393" lon="-121.381035"/>
      <trkpt lat="40.055439" lon="-121.381057"/>
      <trkpt lat="40.055517" lon="-121.381084"/>
      <trkpt lat="40.055558" lon="-121.381089"/>
      <trkpt lat="40.055591" lon="-121.381051"/>
      <trkpt lat="40.055619" lon="-121.380993"/>
      <trkpt lat="40.055632" lon="-121.380944"/>
      <trkpt lat="40.055636" lon="-121.380848"/>
      <trkpt lat="40.055648" lon="-121.380757"/>
      <trkpt lat="40.055681" lon="-121.380601"/>
      <trkpt lat="40.055685" lon="-121.380461"/>
      <trkpt lat="40.055693" lon="-121.380370"/>
      <trkpt lat="40.055693" lon="-121.380284"/>
      <trkpt lat="40.055689" lon="-121.380241"/>
      <trkpt lat="40.055710" lon="-121.380140"/>
      <trkpt lat="40.055714" lon="-121.380016"/>
      <trkpt lat="40.055722" lon="-121.379968"/>
      <trkpt lat="40.055722" lon="-121.379871"/>
      <trkpt lat="40.055726" lon="-121.379818"/>
      <trkpt lat="40.055742" lon="-121.379705"/>
      <trkpt lat="40.055742" lon="-121.379609"/>
      <trkpt lat="40.055730" lon="-121.379571"/>
      <trkpt lat="40.055722" lon="-121.379523"/>
      <trkpt lat="40.055681" lon="-121.379431"/>
      <trkpt lat="40.055607" lon="-121.379330"/>
      <trkpt lat="40.055554" lon="-121.379271"/>
      <trkpt lat="40.055525" lon="-121.379222"/>
      <trkpt lat="40.055508" lon="-121.379174"/>
      <trkpt lat="40.055496" lon="-121.379083"/>
      <trkpt lat="40.055496" lon="-121.378933"/>
      <trkpt lat="40.055492" lon="-121.378809"/>
      <trkpt lat="40.055525" lon="-121.378788"/>
      <trkpt lat="40.055558" lon="-121.378809"/>
      <trkpt lat="40.055595" lon="-121.378852"/>
      <trkpt lat="40.055706" lon="-121.378965"/>
      <trkpt lat="40.055742" lon="-121.378986"/>
      <trkpt lat="40.055824" lon="-121.378992"/>
      <trkpt lat="40.055952" lon="-121.378992"/>
      <trkpt lat="40.055964" lon="-121.378933"/>
      <trkpt lat="40.055931" lon="-121.378906"/>
      <trkpt lat="40.055845" lon="-121.378857"/>
      <trkpt lat="40.055808" lon="-121.378841"/>
      <trkpt lat="40.055751" lon="-121.378782"/>
      <trkpt lat="40.055685" lon="-121.378745"/>
      <trkpt lat="40.055660" lon="-121.378718"/>
      <trkpt lat="40.055611" lon="-121.378589"/>
      <trkpt lat="40.055607" lon="-121.378546"/>
      <trkpt lat="40.055644" lon="-121.378552"/>
      <trkpt lat="40.055734" lon="-121.378664"/>
      <trkpt lat="40.055767" lon="-121.378686"/>
      <trkpt lat="40.055841" lon="-121.378697"/>
      <trkpt lat="40.055972" lon="-121.378707"/>
      <trkpt lat="40.056067" lon="-121.378734"/>
      <trkpt lat="40.056145" lon="-121.378745"/>
      <trkpt lat="40.056223" lon="-121.378745"/>
      <trkpt lat="40.056276" lon="-121.378756"/>
      <trkpt lat="40.056399" lon="-121.378809"/>
      <trkpt lat="40.056436" lon="-121.378831"/>
      <trkpt lat="40.056650" lon="-121.379115"/>
      <trkpt lat="40.056687" lon="-121.379212"/>
      <trkpt lat="40.056748" lon="-121.379271"/>
      <trkpt lat="40.056794" lon="-121.379292"/>
      <trkpt lat="40.056839" lon="-121.379303"/>
      <trkpt lat="40.056929" lon="-121.379340"/>
      <trkpt lat="40.056999" lon="-121.379415"/>
      <trkpt lat="40.057069" lon="-121.379507"/>
      <trkpt lat="40.057081" lon="-121.379576"/>
      <trkpt lat="40.057102" lon="-121.379625"/>
      <trkpt lat="40.057106" lon="-121.379678"/>
      <trkpt lat="40.057130" lon="-121.379721"/>
      <trkpt lat="40.057171" lon="-121.379732"/>
      <trkpt lat="40.057307" lon="-121.379732"/>
      <trkpt lat="40.057389" lon="-121.379764"/>
      <trkpt lat="40.057430" lon="-121.379769"/>
      <trkpt lat="40.057504" lon="-121.379807"/>
      <trkpt lat="40.057553" lon="-121.379812"/>
      <trkpt lat="40.057594" lon="-121.379834"/>
      <trkpt lat="40.057783" lon="-121.379973"/>
      <trkpt lat="40.057849" lon="-121.380048"/>
      <trkpt lat="40.057931" lon="-121.380118"/>
      <trkpt lat="40.057968" lon="-121.380156"/>
      <trkpt lat="40.058136" lon="-121.380295"/>
      <trkpt lat="40.058169" lon="-121.380317"/>
      <trkpt lat="40.058284" lon="-121.380370"/>
      <trkpt lat="40.058436" lon="-121.380413"/>
      <trkpt lat="40.058473" lon="-121.380413"/>
      <trkpt lat="40.058506" lon="-121.380386"/>
      <trkpt lat="40.058555" lon="-121.380263"/>
      <trkpt lat="40.058584" lon="-121.380183"/>
      <trkpt lat="40.058596" lon="-121.380134"/>
      <trkpt lat="40.058617" lon="-121.380102"/>
      <trkpt lat="40.058633" lon="-121.380059"/>
      <trkpt lat="40.058674" lon="-121.379973"/>
      <trkpt lat="40.058682" lon="-121.379930"/>
      <trkpt lat="40.058711" lon="-121.379850"/>
      <trkpt lat="40.058736" lon="-121.379818"/>
      <trkpt lat="40.058781" lon="-121.379796"/>
      <trkpt lat="40.058830" lon="-121.379791"/>
      <trkpt lat="40.058908" lon="-121.379823"/>
      <trkpt lat="40.058941" lon="-121.379855"/>
      <trkpt lat="40.059031" lon="-121.379930"/>
      <trkpt lat="40.059130" lon="-121.380038"/>
      <trkpt lat="40.059154" lon="-121.380075"/>
      <trkpt lat="40.059187" lon="-121.380107"/>
      <trkpt lat="40.059245" lon="-121.380150"/>
      <trkpt lat="40.059294" lon="-121.380204"/>
      <trkpt lat="40.059347" lon="-121.380274"/>
      <trkpt lat="40.059466" lon="-121.380317"/>
      <trkpt lat="40.059606" lon="-121.380488"/>
      <trkpt lat="40.059631" lon="-121.380537"/>
      <trkpt lat="40.059750" lon="-121.380601"/>
      <trkpt lat="40.059766" lon="-121.380644"/>
      <trkpt lat="40.059746" lon="-121.380681"/>
      <trkpt lat="40.059668" lon="-121.380697"/>
      <trkpt lat="40.059639" lon="-121.380730"/>
      <trkpt lat="40.059627" lon="-121.380794"/>
      <trkpt lat="40.059651" lon="-121.380826"/>
      <trkpt lat="40.059688" lon="-121.380842"/>
      <trkpt lat="40.059713" lon="-121.380864"/>
      <trkpt lat="40.059742" lon="-121.380917"/>
      <trkpt lat="40.059807" lon="-121.381003"/>
      <trkpt lat="40.059865" lon="-121.381046"/>
      <trkpt lat="40.059902" lon="-121.381062"/>
      <trkpt lat="40.060004" lon="-121.381073"/>
      <trkpt lat="40.060140" lon="-121.381073"/>
      <trkpt lat="40.060218" lon="-121.381035"/>
      <trkpt lat="40.060279" lon="-121.380993"/>
      <trkpt lat="40.060341" lon="-121.380939"/>
      <trkpt lat="40.060394" lon="-121.380901"/>
      <trkpt lat="40.060489" lon="-121.380864"/>
      <trkpt lat="40.060530" lon="-121.380853"/>
      <trkpt lat="40.060563" lon="-121.380832"/>
      <trkpt lat="40.060674" lon="-121.380719"/>
      <trkpt lat="40.060710" lon="-121.380697"/>
      <trkpt lat="40.060801" lon="-121.380660"/>
      <trkpt lat="40.060830" lon="-121.380633"/>
      <trkpt lat="40.060854" lon="-121.380596"/>
      <trkpt lat="40.060916" lon="-121.380526"/>
      <trkpt lat="40.060973" lon="-121.380467"/>
      <trkpt lat="40.061039" lon="-121.380408"/>
      <trkpt lat="40.061105" lon="-121.380376"/>
      <trkpt lat="40.061207" lon="-121.380301"/>
      <trkpt lat="40.061388" lon="-121.380199"/>
      <trkpt lat="40.061491" lon="-121.380134"/>
      <trkpt lat="40.061528" lon="-121.380123"/>
      <trkpt lat="40.061679" lon="-121.380022"/>
      <trkpt lat="40.061807" lon="-121.379963"/>
      <trkpt lat="40.061844" lon="-121.379952"/>
      <trkpt lat="40.061881" lon="-121.379930"/>
      <trkpt lat="40.061963" lon="-121.379925"/>
      <trkpt lat="40.062012" lon="-121.379936"/>
      <trkpt lat="40.062045" lon="-121.379963"/>
      <trkpt lat="40.062115" lon="-121.379995"/>
      <trkpt lat="40.062205" lon="-121.380016"/>
      <trkpt lat="40.062246" lon="-121.380011"/>
      <trkpt lat="40.062283" lon="-121.379984"/>
      <trkpt lat="40.062316" lon="-121.379968"/>
      <trkpt lat="40.062394" lon="-121.379898"/>
      <trkpt lat="40.062418" lon="-121.379855"/>
      <trkpt lat="40.062447" lon="-121.379829"/>
      <trkpt lat="40.062509" lon="-121.379748"/>
      <trkpt lat="40.062533" lon="-121.379705"/>
      <trkpt lat="40.062558" lon="-121.379678"/>
      <trkpt lat="40.062579" lon="-121.379635"/>
      <trkpt lat="40.062612" lon="-121.379614"/>
      <trkpt lat="40.062652" lon="-121.379598"/>
      <trkpt lat="40.062718" lon="-121.379544"/>
      <trkpt lat="40.062886" lon="-121.379319"/>
      <trkpt lat="40.062911" lon="-121.379271"/>
      <trkpt lat="40.062940" lon="-121.379228"/>
      <trkpt lat="40.062997" lon="-121.379169"/>
      <trkpt lat="40.063034" lon="-121.379147"/>
      <trkpt lat="40.063080" lon="-121.379136"/>
      <trkpt lat="40.063116" lon="-121.379115"/>
      <trkpt lat="40.063305" lon="-121.379067"/>
      <trkpt lat="40.063429" lon="-121.378997"/>
      <trkpt lat="40.063453" lon="-121.378970"/>
      <trkpt lat="40.063502" lon="-121.378954"/>
      <trkpt lat="40.063580" lon="-121.378943"/>
      <trkpt lat="40.063617" lon="-121.378943"/>
      <trkpt lat="40.063667" lon="-121.378959"/>
      <trkpt lat="40.063745" lon="-121.378959"/>
      <trkpt lat="40.063781" lon="-121.378954"/>
      <trkpt lat="40.063876" lon="-121.378895"/>
      <trkpt lat="40.063970" lon="-121.378884"/>
      <trkpt lat="40.064069" lon="-121.378890"/>
      <trkpt lat="40.064122" lon="-121.378900"/>
      <trkpt lat="40.064163" lon="-121.378884"/>
      <trkpt lat="40.064200" lon="-121.378857"/>
      <trkpt lat="40.064241" lon="-121.378836"/>
      <trkpt lat="40.064282" lon="-121.378825"/>
      <trkpt lat="40.064336" lon="-121.378831"/>
      <trkpt lat="40.064373" lon="-121.378852"/>
      <trkpt lat="40.064512" lon="-121.378874"/>
      <trkpt lat="40.064586" lon="-121.378852"/>
      <trkpt lat="40.064672" lon="-121.378857"/>
      <trkpt lat="40.064767" lon="-121.378900"/>
      <trkpt lat="40.064804" lon="-121.378911"/>
      <trkpt lat="40.064878" lon="-121.378884"/>
      <trkpt lat="40.064886" lon="-121.378868"/>
      <trkpt lat="40.064927" lon="-121.378857"/>
      <trkpt lat="40.064964" lon="-121.378836"/>
      <trkpt lat="40.065017" lon="-121.378756"/>
      <trkpt lat="40.065116" lon="-121.378681"/>
      <trkpt lat="40.065235" lon="-121.378681"/>
      <trkpt lat="40.065272" lon="-121.378670"/>
      <trkpt lat="40.065305" lon="-121.378638"/>
      <trkpt lat="40.065383" lon="-121.378573"/>
      <trkpt lat="40.065526" lon="-121.378471"/>
      <trkpt lat="40.065567" lon="-121.378444"/>
      <trkpt lat="40.065604" lon="-121.378428"/>
      <trkpt lat="40.065686" lon="-121.378380"/>
      <trkpt lat="40.065736" lon="-121.378343"/>
      <trkpt lat="40.065838" lon="-121.378294"/>
      <trkpt lat="40.066044" lon="-121.378235"/>
      <trkpt lat="40.066237" lon="-121.378128"/>
      <trkpt lat="40.066327" lon="-121.378090"/>
      <trkpt lat="40.066393" lon="-121.378042"/>
      <trkpt lat="40.066466" lon="-121.377978"/>
      <trkpt lat="40.066491" lon="-121.377951"/>
      <trkpt lat="40.066713" lon="-121.377876"/>
      <trkpt lat="40.066754" lon="-121.377870"/>
      <trkpt lat="40.066836" lon="-121.377870"/>
      <trkpt lat="40.066910" lon="-121.377887"/>
      <trkpt lat="40.067029" lon="-121.377897"/>
      <trkpt lat="40.067066" lon="-121.377935"/>
      <trkpt lat="40.067103" lon="-121.377956"/>
      <trkpt lat="40.067140" lon="-121.377962"/>
      <trkpt lat="40.067177" lon="-121.377940"/>
      <trkpt lat="40.067197" lon="-121.377908"/>
      <trkpt lat="40.067226" lon="-121.377881"/>
      <trkpt lat="40.067411" lon="-121.377833"/>
      <trkpt lat="40.067452" lon="-121.377795"/>
      <trkpt lat="40.067526" lon="-121.377747"/>
      <trkpt lat="40.067608" lon="-121.377683"/>
      <trkpt lat="40.067632" lon="-121.377651"/>
      <trkpt lat="40.067727" lon="-121.377570"/>
      <trkpt lat="40.067793" lon="-121.377500"/>
      <trkpt lat="40.067834" lon="-121.377463"/>
      <trkpt lat="40.067858" lon="-121.377431"/>
      <trkpt lat="40.067891" lon="-121.377404"/>
      <trkpt lat="40.067924" lon="-121.377366"/>
      <trkpt lat="40.067948" lon="-121.377323"/>
      <trkpt lat="40.068010" lon="-121.377253"/>
      <trkpt lat="40.068031" lon="-121.377195"/>
      <trkpt lat="40.068158" lon="-121.377034"/>
      <trkpt lat="40.068195" lon="-121.377023"/>
      <trkpt lat="40.068228" lon="-121.377001"/>
      <trkpt lat="40.068363" lon="-121.376948"/>
      <trkpt lat="40.068449" lon="-121.376883"/>
      <trkpt lat="40.068552" lon="-121.376782"/>
      <trkpt lat="40.068605" lon="-121.376706"/>
      <trkpt lat="40.068671" lon="-121.376594"/>
      <trkpt lat="40.068737" lon="-121.376465"/>
      <trkpt lat="40.068794" lon="-121.376390"/>
      <trkpt lat="40.068852" lon="-121.376325"/>
      <trkpt lat="40.068885" lon="-121.376299"/>
      <trkpt lat="40.068917" lon="-121.376283"/>
      <trkpt lat="40.068954" lon="-121.376256"/>
      <trkpt lat="40.068991" lon="-121.376224"/>
      <trkpt lat="40.069114" lon="-121.376041"/>
      <trkpt lat="40.069254" lon="-121.375816"/>
      <trkpt lat="40.069324" lon="-121.375687"/>
      <trkpt lat="40.069348" lon="-121.375634"/>
      <trkpt lat="40.069377" lon="-121.375553"/>
      <trkpt lat="40.069398" lon="-121.375516"/>
      <trkpt lat="40.069414" lon="-121.375462"/>
      <trkpt lat="40.069472" lon="-121.375328"/>
      <trkpt lat="40.069521" lon="-121.375247"/>
      <trkpt lat="40.069640" lon="-121.375102"/>
      <trkpt lat="40.069669" lon="-121.375054"/>
      <trkpt lat="40.069738" lon="-121.375017"/>
      <trkpt lat="40.069767" lon="-121.374995"/>
      <trkpt lat="40.069972" lon="-121.374786"/>
      <trkpt lat="40.070038" lon="-121.374738"/>
      <trkpt lat="40.070108" lon="-121.374700"/>
      <trkpt lat="40.070149" lon="-121.374668"/>
      <trkpt lat="40.070219" lon="-121.374636"/>
      <trkpt lat="40.070256" lon="-121.374609"/>
      <trkpt lat="40.070288" lon="-121.374593"/>
      <trkpt lat="40.070338" lon="-121.374582"/>
      <trkpt lat="40.070379" lon="-121.374582"/>
      <trkpt lat="40.070428" lon="-121.374571"/>
      <trkpt lat="40.070469" lon="-121.374571"/>
      <trkpt lat="40.070588" lon="-121.374555"/>
      <trkpt lat="40.070662" lon="-121.374507"/>
      <trkpt lat="40.070707" lon="-121.374453"/>
      <trkpt lat="40.070736" lon="-121.374426"/>
      <trkpt lat="40.070769" lon="-121.374405"/>
      <trkpt lat="40.070814" lon="-121.374394"/>
      <trkpt lat="40.070859" lon="-121.374394"/>
      <trkpt lat="40.071167" lon="-121.374362"/>
      <trkpt lat="40.071282" lon="-121.374314"/>
      <trkpt lat="40.071319" lon="-121.374287"/>
      <trkpt lat="40.071352" lon="-121.374239"/>
      <trkpt lat="40.071397" lon="-121.374217"/>
      <trkpt lat="40.071500" lon="-121.374115"/>
      <trkpt lat="40.071586" lon="-121.374019"/>
      <trkpt lat="40.071688" lon="-121.373933"/>
      <trkpt lat="40.071738" lon="-121.373922"/>
      <trkpt lat="40.071770" lon="-121.373901"/>
      <trkpt lat="40.071849" lon="-121.373863"/>
      <trkpt lat="40.071931" lon="-121.373815"/>
      <trkpt lat="40.072054" lon="-121.373783"/>
      <trkpt lat="40.072152" lon="-121.373745"/>
      <trkpt lat="40.072316" lon="-121.373692"/>
      <trkpt lat="40.072386" lon="-121.373654"/>
      <trkpt lat="40.072641" lon="-121.373552"/>
      <trkpt lat="40.072883" lon="-121.373466"/>
      <trkpt lat="40.073006" lon="-121.373370"/>
      <trkpt lat="40.073096" lon="-121.373338"/>
      <trkpt lat="40.073211" lon="-121.373230"/>
      <trkpt lat="40.073252" lon="-121.373155"/>
      <trkpt lat="40.073293" lon="-121.373059"/>
      <trkpt lat="40.073310" lon="-121.372962"/>
      <trkpt lat="40.073335" lon="-121.372865"/>
      <trkpt lat="40.073425" lon="-121.372737"/>
      <trkpt lat="40.073589" lon="-121.372404"/>
      <trkpt lat="40.073597" lon="-121.372340"/>
      <trkpt lat="40.073729" lon="-121.372082"/>
      <trkpt lat="40.073778" lon="-121.372007"/>
      <trkpt lat="40.073835" lon="-121.371954"/>
      <trkpt lat="40.073917" lon="-121.371943"/>
      <trkpt lat="40.074139" lon="-121.371932"/>
      <trkpt lat="40.074213" lon="-121.371921"/>
      <trkpt lat="40.074574" lon="-121.371921"/>
      <trkpt lat="40.074640" lon="-121.371932"/>
      <trkpt lat="40.074870" lon="-121.371954"/>
      <trkpt lat="40.074944" lon="-121.371975"/>
      <trkpt lat="40.075075" lon="-121.372039"/>
      <trkpt lat="40.075149" lon="-121.372018"/>
      <trkpt lat="40.075215" lon="-121.371986"/>
      <trkpt lat="40.075288" lon="-121.371986"/>
      <trkpt lat="40.075428" lon="-121.371943"/>
      <trkpt lat="40.075502" lon="-121.371964"/>
      <trkpt lat="40.075584" lon="-121.372104"/>
      <trkpt lat="40.075699" lon="-121.372200"/>
      <trkpt lat="40.075888" lon="-121.372308"/>
      <trkpt lat="40.075953" lon="-121.372308"/>
      <trkpt lat="40.076216" lon="-121.372393"/>
      <trkpt lat="40.076405" lon="-121.372490"/>
      <trkpt lat="40.076528" lon="-121.372511"/>
      <trkpt lat="40.076659" lon="-121.372426"/>
      <trkpt lat="40.076725" lon="-121.372447"/>
      <trkpt lat="40.076996" lon="-121.372597"/>
      <trkpt lat="40.077070" lon="-121.372608"/>
      <trkpt lat="40.077267" lon="-121.372704"/>
      <trkpt lat="40.077407" lon="-121.372747"/>
      <trkpt lat="40.077554" lon="-121.372747"/>
      <trkpt lat="40.077686" lon="-121.372812"/>
      <trkpt lat="40.077940" lon="-121.372855"/>
      <trkpt lat="40.078129" lon="-121.372984"/>
      <trkpt lat="40.078326" lon="-121.373080"/>
      <trkpt lat="40.078392" lon="-121.373080"/>
      <trkpt lat="40.078466" lon="-121.373091"/>
      <trkpt lat="40.078671" lon="-121.373037"/>
      <trkpt lat="40.078802" lon="-121.372962"/>
      <trkpt lat="40.078876" lon="-121.372930"/>
      <trkpt lat="40.079007" lon="-121.372844"/>
      <trkpt lat="40.079130" lon="-121.372747"/>
      <trkpt lat="40.079311" lon="-121.372629"/>
      <trkpt lat="40.079385" lon="-121.372629"/>
      <trkpt lat="40.079451" lon="-121.372651"/>
      <trkpt lat="40.079516" lon="-121.372683"/>
      <trkpt lat="40.079582" lon="-121.372726"/>
      <trkpt lat="40.079631" lon="-121.372780"/>
      <trkpt lat="40.079697" lon="-121.372919"/>
      <trkpt lat="40.079763" lon="-121.372962"/>
      <trkpt lat="40.079845" lon="-121.373059"/>
      <trkpt lat="40.079869" lon="-121.373134"/>
      <trkpt lat="40.079935" lon="-121.373230"/>
      <trkpt lat="40.080165" lon="-121.373359"/>
      <trkpt lat="40.080222" lon="-121.373413"/>
      <trkpt lat="40.080296" lon="-121.373541"/>
      <trkpt lat="40.080313" lon="-121.373616"/>
      <trkpt lat="40.080362" lon="-121.373788"/>
      <trkpt lat="40.080436" lon="-121.374024"/>
      <trkpt lat="40.080469" lon="-121.374110"/>
      <trkpt lat="40.080542" lon="-121.374250"/>
      <trkpt lat="40.080600" lon="-121.374282"/>
      <trkpt lat="40.080649" lon="-121.374335"/>
      <trkpt lat="40.080912" lon="-121.374464"/>
      <trkpt lat="40.081002" lon="-121.374539"/>
      <trkpt lat="40.081043" lon="-121.374604"/>
      <trkpt lat="40.081125" lon="-121.374604"/>
      <trkpt lat="40.081199" lon="-121.374593"/>
      <trkpt lat="40.081265" lon="-121.374550"/>
      <trkpt lat="40.081363" lon="-121.374421"/>
      <trkpt lat="40.081585" lon="-121.374389"/>
      <trkpt lat="40.081634" lon="-121.374335"/>
      <trkpt lat="40.081708" lon="-121.374303"/>
      <trkpt lat="40.081856" lon="-121.374292"/>
      <trkpt lat="40.081921" lon="-121.374271"/>
      <trkpt lat="40.081987" lon="-121.374228"/>
      <trkpt lat="40.082053" lon="-121.374174"/>
      <trkpt lat="40.082118" lon="-121.374132"/>
      <trkpt lat="40.082250" lon="-121.374024"/>
      <trkpt lat="40.082389" lon="-121.373960"/>
      <trkpt lat="40.082471" lon="-121.373938"/>
      <trkpt lat="40.082619" lon="-121.373938"/>
      <trkpt lat="40.082677" lon="-121.373874"/>
      <trkpt lat="40.082767" lon="-121.373756"/>
      <trkpt lat="40.082825" lon="-121.373702"/>
      <trkpt lat="40.082849" lon="-121.373670"/>
      <trkpt lat="40.082915" lon="-121.373638"/>
      <trkpt lat="40.083038" lon="-121.373552"/>
      <trkpt lat="40.083136" lon="-121.373434"/>
      <trkpt lat="40.083235" lon="-121.373273"/>
      <trkpt lat="40.083333" lon="-121.373144"/>
      <trkpt lat="40.083424" lon="-121.372994"/>
      <trkpt lat="40.083481" lon="-121.372930"/>
      <trkpt lat="40.083654" lon="-121.372769"/>
      <trkpt lat="40.083752" lon="-121.372619"/>
      <trkpt lat="40.083810" lon="-121.372565"/>
      <trkpt lat="40.083851" lon="-121.372490"/>
      <trkpt lat="40.083900" lon="-121.372426"/>
      <trkpt lat="40.083957" lon="-121.372372"/>
      <trkpt lat="40.084056" lon="-121.372243"/>
      <trkpt lat="40.084187" lon="-121.372168"/>
      <trkpt lat="40.084261" lon="-121.372136"/>
      <trkpt lat="40.084335" lon="-121.372125"/>
      <trkpt lat="40.084466" lon="-121.372050"/>
      <trkpt lat="40.084540" lon="-121.372029"/>
      <trkpt lat="40.084680" lon="-121.371964"/>
      <trkpt lat="40.084753" lon="-121.371964"/>
      <trkpt lat="40.084819" lon="-121.371932"/>
      <trkpt lat="40.084950" lon="-121.371857"/>
      <trkpt lat="40.085094" lon="-121.371699"/>
      <trkpt lat="40.085164" lon="-121.371664"/>
      <trkpt lat="40.085256" lon="-121.371693"/>
    </trkseg>
    <trkseg>
      <trkpt lat="40.034784" lon="-121.387322"/>
      <trkpt lat="40.034770" lon="-121.387349"/>
      <trkpt lat="40.034753" lon="-121.387366"/>
      <trkpt lat="40.034720" lon="-121.387379"/>
      <trkpt lat="40.034704" lon="-121.387371"/>
      <trkpt lat="40.034659" lon="-121.387363"/>
      <trkpt lat="40.034603" lon="-121.387382"/>
      <trkpt lat="40.034571" lon="-121.387403"/>
      <trkpt lat="40.034558" lon="-121.387419"/>
      <trkpt lat="40.034544" lon="-121.387467"/>
      <trkpt lat="40.034568" lon="-121.387505"/>
      <trkpt lat="40.034607" lon="-121.387505"/>
      <trkpt lat="40.034642" lon="-121.387516"/>
      <trkpt lat="40.034681" lon="-121.387542"/>
      <trkpt lat="40.034694" lon="-121.387593"/>
      <trkpt lat="40.034675" lon="-121.387703"/>
      <trkpt lat="40.034714" lon="-121.387789"/>
      <trkpt lat="40.034714" lon="-121.387816"/>
      <trkpt lat="40.034692" lon="-121.387880"/>
      <trkpt lat="40.034683" lon="-121.387961"/>
      <trkpt lat="40.034710" lon="-121.388068"/>
      <trkpt lat="40.034710" lon="-121.388202"/>
      <trkpt lat="40.034706" lon="-121.388227"/>
      <trkpt lat="40.034690" lon="-121.388269"/>
      <trkpt lat="40.034669" lon="-121.388347"/>
      <trkpt lat="40.034653" lon="-121.388422"/>
      <trkpt lat="40.034653" lon="-121.388446"/>
      <trkpt lat="40.034663" lon="-121.388470"/>
      <trkpt lat="40.034677" lon="-121.388489"/>
      <trkpt lat="40.034733" lon="-121.388530"/>
      <trkpt lat="40.034839" lon="-121.388559"/>
      <trkpt lat="40.034926" lon="-121.388610"/>
      <trkpt lat="40.034963" lon="-121.388664"/>
      <trkpt lat="40.034971" lon="-121.388685"/>
      <trkpt lat="40.034973" lon="-121.388712"/>
      <trkpt lat="40.035026" lon="-121.388787"/>
      <trkpt lat="40.035035" lon="-121.388811"/>
      <trkpt lat="40.035065" lon="-121.388849"/>
      <trkpt lat="40.035125" lon="-121.388892"/>
      <trkpt lat="40.035150" lon="-121.388897"/>
      <trkpt lat="40.035211" lon="-121.388897"/>
      <trkpt lat="40.035304" lon="-121.388827"/>
      <trkpt lat="40.035343" lon="-121.388774"/>
      <trkpt lat="40.035359" lon="-121.388766"/>
      <trkpt lat="40.035380" lon="-121.388766"/>
      <trkpt lat="40.035390" lon="-121.388787"/>
      <trkpt lat="40.035386" lon="-121.388841"/>
      <trkpt lat="40.035373" lon="-121.388910"/>
      <trkpt lat="40.035355" lon="-121.388959"/>
      <trkpt lat="40.035300" lon="-121.389063"/>
      <trkpt lat="40.035277" lon="-121.389128"/>
      <trkpt lat="40.035263" lon="-121.389184"/>
      <trkpt lat="40.035256" lon="-121.389232"/>
      <trkpt lat="40.035234" lon="-121.389315"/>
      <trkpt lat="40.035209" lon="-121.389382"/>
      <trkpt lat="40.035197" lon="-121.389428"/>
      <trkpt lat="40.035199" lon="-121.389452"/>
      <trkpt lat="40.035219" lon="-121.389458"/>
      <trkpt lat="40.035279" lon="-121.389396"/>
      <trkpt lat="40.035297" lon="-121.389358"/>
      <trkpt lat="40.035310" lon="-121.389318"/>
      <trkpt lat="40.035314" lon="-121.389291"/>
      <trkpt lat="40.035318" lon="-121.389203"/>
      <trkpt lat="40.035334" lon="-121.389162"/>
      <trkpt lat="40.035353" lon="-121.389157"/>
      <trkpt lat="40.035388" lon="-121.389130"/>
      <trkpt lat="40.035515" lon="-121.389007"/>
      <trkpt lat="40.035548" lon="-121.388980"/>
      <trkpt lat="40.035585" lon="-121.388969"/>
      <trkpt lat="40.035599" lon="-121.388994"/>
      <trkpt lat="40.035599" lon="-121.389020"/>
      <trkpt lat="40.035564" lon="-121.389120"/>
      <trkpt lat="40.035538" lon="-121.389171"/>
      <trkpt lat="40.035503" lon="-121.389267"/>
      <trkpt lat="40.035472" lon="-121.389334"/>
      <trkpt lat="40.035456" lon="-121.389380"/>
      <trkpt lat="40.035452" lon="-121.389409"/>
      <trkpt lat="40.035454" lon="-121.389433"/>
      <trkpt lat="40.035470" lon="-121.389447"/>
      <trkpt lat="40.035521" lon="-121.389425"/>
      <trkpt lat="40.035558" lon="-121.389436"/>
      <trkpt lat="40.035610" lon="-121.389468"/>
      <trkpt lat="40.035655" lon="-121.389560"/>
      <trkpt lat="40.035680" lon="-121.389640"/>
      <trkpt lat="40.035692" lon="-121.389712"/>
      <trkpt lat="40.035688" lon="-121.389766"/>
      <trkpt lat="40.035700" lon="-121.390013"/>
      <trkpt lat="40.035720" lon="-121.390104"/>
      <trkpt lat="40.035733" lon="-121.390316"/>
      <trkpt lat="40.035745" lon="-121.390383"/>
      <trkpt lat="40.035764" lon="-121.390522"/>
      <trkpt lat="40.035760" lon="-121.390713"/>
      <trkpt lat="40.035766" lon="-121.390742"/>
      <trkpt lat="40.035768" lon="-121.390796"/>
      <trkpt lat="40.035776" lon="-121.390855"/>
      <trkpt lat="40.035774" lon="-121.391088"/>
      <trkpt lat="40.035786" lon="-121.391180"/>
      <trkpt lat="40.035786" lon="-121.391255"/>
      <trkpt lat="40.035782" lon="-121.391282"/>
      <trkpt lat="40.035758" lon="-121.391354"/>
      <trkpt lat="40.035735" lon="-121.391451"/>
      <trkpt lat="40.035733" lon="-121.391480"/>
      <trkpt lat="40.035756" lon="-121.391601"/>
      <trkpt lat="40.035753" lon="-121.391657"/>
      <trkpt lat="40.035751" lon="-121.391692"/>
      <trkpt lat="40.035737" lon="-121.391748"/>
      <trkpt lat="40.035737" lon="-121.391772"/>
      <trkpt lat="40.035723" lon="-121.391823"/>
      <trkpt lat="40.035708" lon="-121.391901"/>
      <trkpt lat="40.035710" lon="-121.391936"/>
      <trkpt lat="40.035716" lon="-121.391960"/>
      <trkpt lat="40.035729" lon="-121.391981"/>
      <trkpt lat="40.035739" lon="-121.392014"/>
      <trkpt lat="40.035741" lon="-121.392073"/>
      <trkpt lat="40.035774" lon="-121.392193"/>
      <trkpt lat="40.035776" lon="-121.392309"/>
      <trkpt lat="40.035792" lon="-121.392408"/>
      <trkpt lat="40.035817" lon="-121.392502"/>
      <trkpt lat="40.035825" lon="-121.392617"/>
      <trkpt lat="40.035834" lon="-121.392641"/>
      <trkpt lat="40.035842" lon="-121.392722"/>
      <trkpt lat="40.035887" lon="-121.392958"/>
      <trkpt lat="40.035940" lon="-121.393076"/>
      <trkpt lat="40.035942" lon="-121.393162"/>
      <trkpt lat="40.035932" lon="-121.393282"/>
      <trkpt lat="40.035981" lon="-121.393368"/>
      <trkpt lat="40.035994" lon="-121.393379"/>
      <trkpt lat="40.036012" lon="-121.393384"/>
      <trkpt lat="40.036031" lon="-121.393400"/>
      <trkpt lat="40.036047" lon="-121.393449"/>
      <trkpt lat="40.036070" lon="-121.393486"/>
      <trkpt lat="40.036088" lon="-121.393537"/>
      <trkpt lat="40.036117" lon="-121.393588"/>
      <trkpt lat="40.036201" lon="-121.393690"/>
      <trkpt lat="40.036211" lon="-121.393712"/>
      <trkpt lat="40.036277" lon="-121.393744"/>
      <trkpt lat="40.036300" lon="-121.393765"/>
      <trkpt lat="40.036312" lon="-121.393784"/>
      <trkpt lat="40.036333" lon="-121.393827"/>
      <trkpt lat="40.036347" lon="-121.393880"/>
      <trkpt lat="40.036390" lon="-121.394009"/>
      <trkpt lat="40.036429" lon="-121.394060"/>
      <trkpt lat="40.036454" lon="-121.394138"/>
      <trkpt lat="40.036462" lon="-121.394227"/>
      <trkpt lat="40.036462" lon="-121.394312"/>
      <trkpt lat="40.036480" lon="-121.394369"/>
      <trkpt lat="40.036485" lon="-121.394420"/>
      <trkpt lat="40.036519" lon="-121.394479"/>
      <trkpt lat="40.036536" lon="-121.394522"/>
      <trkpt lat="40.036561" lon="-121.394554"/>
      <trkpt lat="40.036626" lon="-121.394607"/>
      <trkpt lat="40.036737" lon="-121.394758"/>
      <trkpt lat="40.036799" lon="-121.394892"/>
      <trkpt lat="40.036856" lon="-121.394972"/>
      <trkpt lat="40.036910" lon="-121.395058"/>
      <trkpt lat="40.036951" lon="-121.395155"/>
      <trkpt lat="40.037025" lon="-121.395289"/>
      <trkpt lat="40.037053" lon="-121.395326"/>
      <trkpt lat="40.037098" lon="-121.395439"/>
      <trkpt lat="40.037111" lon="-121.395498"/>
      <trkpt lat="40.037160" lon="-121.395584"/>
      <trkpt lat="40.037230" lon="-121.395761"/>
      <trkpt lat="40.037234" lon="-121.395809"/>
      <trkpt lat="40.037246" lon="-121.395857"/>
      <trkpt lat="40.037250" lon="-121.395911"/>
      <trkpt lat="40.037250" lon="-121.396024"/>
      <trkpt lat="40.037259" lon="-121.396088"/>
      <trkpt lat="40.037349" lon="-121.396206"/>
      <trkpt lat="40.037398" lon="-121.396303"/>
      <trkpt lat="40.037423" lon="-121.396335"/>
      <trkpt lat="40.037448" lon="-121.396383"/>
      <trkpt lat="40.037464" lon="-121.396426"/>
      <trkpt lat="40.037476" lon="-121.396469"/>
      <trkpt lat="40.037476" lon="-121.396533"/>
      <trkpt lat="40.037460" lon="-121.396587"/>
      <trkpt lat="40.037452" lon="-121.396641"/>
      <trkpt lat="40.037452" lon="-121.396694"/>
      <trkpt lat="40.037460" lon="-121.396850"/>
      <trkpt lat="40.037481" lon="-121.396952"/>
      <trkpt lat="40.037481" lon="-121.397059"/>
      <trkpt lat="40.037493" lon="-121.397161"/>
      <trkpt lat="40.037505" lon="-121.397215"/>
      <trkpt lat="40.037521" lon="-121.397317"/>
      <trkpt lat="40.037546" lon="-121.397375"/>
      <trkpt lat="40.037591" lon="-121.397520"/>
      <trkpt lat="40.037600" lon="-121.397574"/>
      <trkpt lat="40.037579" lon="-121.397735"/>
      <trkpt lat="40.037571" lon="-121.397847"/>
      <trkpt lat="40.037550" lon="-121.397998"/>
      <trkpt lat="40.037550" lon="-121.398046"/>
      <trkpt lat="40.037538" lon="-121.398164"/>
      <trkpt lat="40.037542" lon="-121.398368"/>
      <trkpt lat="40.037530" lon="-121.398481"/>
      <trkpt lat="40.037509" lon="-121.398577"/>
      <trkpt lat="40.037509" lon="-121.398631"/>
      <trkpt lat="40.037526" lon="-121.398749"/>
      <trkpt lat="40.037538" lon="-121.398792"/>
      <trkpt lat="40.037612" lon="-121.398883"/>
      <trkpt lat="40.037624" lon="-121.398937"/>
      <trkpt lat="40.037632" lon="-121.399140"/>
      <trkpt lat="40.037649" lon="-121.399258"/>
      <trkpt lat="40.037727" lon="-121.399387"/>
      <trkpt lat="40.037780" lon="-121.399451"/>
      <trkpt lat="40.037846" lon="-121.399586"/>
      <trkpt lat="40.037866" lon="-121.399655"/>
      <trkpt lat="40.037908" lon="-121.399757"/>
      <trkpt lat="40.038018" lon="-121.399897"/>
      <trkpt lat="40.038043" lon="-121.399945"/>
      <trkpt lat="40.038109" lon="-121.400009"/>
      <trkpt lat="40.038138" lon="-121.400052"/>
      <trkpt lat="40.038207" lon="-121.400111"/>
      <trkpt lat="40.038277" lon="-121.400213"/>
      <trkpt lat="40.038359" lon="-121.400288"/>
      <trkpt lat="40.038380" lon="-121.400337"/>
      <trkpt lat="40.038396" lon="-121.400385"/>
      <trkpt lat="40.038401" lon="-121.400439"/>
      <trkpt lat="40.038384" lon="-121.400546"/>
      <trkpt lat="40.038368" lon="-121.400599"/>
      <trkpt lat="40.038364" lon="-121.400701"/>
      <trkpt lat="40.038355" lon="-121.400755"/>
      <trkpt lat="40.038351" lon="-121.400927"/>
      <trkpt lat="40.038364" lon="-121.400986"/>
      <trkpt lat="40.038380" lon="-121.401034"/>
      <trkpt lat="40.038483" lon="-121.401109"/>
      <trkpt lat="40.038581" lon="-121.401115"/>
      <trkpt lat="40.038663" lon="-121.401066"/>
      <trkpt lat="40.038692" lon="-121.401023"/>
      <trkpt lat="40.038737" lon="-121.400932"/>
      <trkpt lat="40.038766" lon="-121.400884"/>
      <trkpt lat="40.038811" lon="-121.400787"/>
      <trkpt lat="40.038873" lon="-121.400723"/>
      <trkpt lat="40.038922" lon="-121.400653"/>
      <trkpt lat="40.038955" lon="-121.400621"/>
      <trkpt lat="40.039082" lon="-121.400449"/>
      <trkpt lat="40.039115" lon="-121.400369"/>
      <trkpt lat="40.039144" lon="-121.400321"/>
      <trkpt lat="40.039259" lon="-121.400042"/>
      <trkpt lat="40.039288" lon="-121.399983"/>
      <trkpt lat="40.039316" lon="-121.399945"/>
      <trkpt lat="40.039419" lon="-121.399752"/>
      <trkpt lat="40.039435" lon="-121.399709"/>
      <trkpt lat="40.039485" lon="-121.399629"/>
      <trkpt lat="40.039550" lon="-121.399505"/>
      <trkpt lat="40.039665" lon="-121.399350"/>
      <trkpt lat="40.039711" lon="-121.399258"/>
      <trkpt lat="40.039735" lon="-121.399194"/>
      <trkpt lat="40.039764" lon="-121.399146"/>
      <trkpt lat="40.039817" lon="-121.399081"/>
      <trkpt lat="40.039887" lon="-121.398937"/>
      <trkpt lat="40.039912" lon="-121.398910"/>
      <trkpt lat="40.039949" lon="-121.398829"/>
      <trkpt lat="40.039986" lon="-121.398792"/>
      <trkpt lat="40.040039" lon="-121.398701"/>
      <trkpt lat="40.040056" lon="-121.398663"/>
      <trkpt lat="40.040121" lon="-121.398566"/>
      <trkpt lat="40.040158" lon="-121.398502"/>
      <trkpt lat="40.040261" lon="-121.398373"/>
      <trkpt lat="40.040327" lon="-121.398314"/>
      <trkpt lat="40.040413" lon="-121.398196"/>
      <trkpt lat="40.040491" lon="-121.398110"/>
      <trkpt lat="40.040659" lon="-121.397987"/>
      <trkpt lat="40.040696" lon="-121.397955"/>
      <trkpt lat="40.040721" lon="-121.397923"/>
      <trkpt lat="40.040750" lon="-121.397896"/>
      <trkpt lat="40.040807" lon="-121.397826"/>
      <trkpt lat="40.040869" lon="-121.397729"/>
      <trkpt lat="40.040934" lon="-121.397617"/>
      <trkpt lat="40.040971" lon="-121.397520"/>
      <trkpt lat="40.040980" lon="-121.397456"/>
      <trkpt lat="40.040976" lon="-121.397193"/>
      <trkpt lat="40.040984" lon="-121.397139"/>
      <trkpt lat="40.041025" lon="-121.397048"/>
      <trkpt lat="40.041037" lon="-121.397000"/>
      <trkpt lat="40.041041" lon="-121.396818"/>
      <trkpt lat="40.041054" lon="-121.396721"/>
      <trkpt lat="40.041049" lon="-121.396581"/>
      <trkpt lat="40.041041" lon="-121.396533"/>
      <trkpt lat="40.041041" lon="-121.396490"/>
      <trkpt lat="40.041066" lon="-121.396356"/>
      <trkpt lat="40.041054" lon="-121.396313"/>
      <trkpt lat="40.041049" lon="-121.396169"/>
      <trkpt lat="40.041025" lon="-121.395691"/>
      <trkpt lat="40.041066" lon="-121.395487"/>
      <trkpt lat="40.041103" lon="-121.395364"/>
      <trkpt lat="40.041160" lon="-121.395133"/>
      <trkpt lat="40.041165" lon="-121.395047"/>
      <trkpt lat="40.041165" lon="-121.394935"/>
      <trkpt lat="40.041160" lon="-121.394892"/>
      <trkpt lat="40.041160" lon="-121.394683"/>
      <trkpt lat="40.041169" lon="-121.394570"/>
      <trkpt lat="40.041205" lon="-121.394414"/>
      <trkpt lat="40.041234" lon="-121.394334"/>
      <trkpt lat="40.041304" lon="-121.394210"/>
      <trkpt lat="40.041329" lon="-121.394178"/>
      <trkpt lat="40.041370" lon="-121.394071"/>
      <trkpt lat="40.041419" lon="-121.394017"/>
      <trkpt lat="40.041505" lon="-121.393889"/>
      <trkpt lat="40.041534" lon="-121.393862"/>
      <trkpt lat="40.041600" lon="-121.393760"/>
      <trkpt lat="40.041645" lon="-121.393717"/>
      <trkpt lat="40.041723" lon="-121.393663"/>
      <trkpt lat="40.041764" lon="-121.393663"/>
      <trkpt lat="40.041883" lon="-121.393631"/>
      <trkpt lat="40.041982" lon="-121.393524"/>
      <trkpt lat="40.042019" lon="-121.393465"/>
      <trkpt lat="40.042052" lon="-121.393384"/>
      <trkpt lat="40.042088" lon="-121.393240"/>
      <trkpt lat="40.042097" lon="-121.393186"/>
      <trkpt lat="40.042113" lon="-121.393138"/>
      <trkpt lat="40.042121" lon="-121.393052"/>
      <trkpt lat="40.042121" lon="-121.392843"/>
      <trkpt lat="40.042113" lon="-121.392800"/>
      <trkpt lat="40.042109" lon="-121.392751"/>
      <trkpt lat="40.042088" lon="-121.392660"/>
      <trkpt lat="40.042088" lon="-121.392569"/>
      <trkpt lat="40.042047" lon="-121.392472"/>
      <trkpt lat="40.042027" lon="-121.392370"/>
      <trkpt lat="40.042023" lon="-121.392274"/>
      <trkpt lat="40.042011" lon="-121.392231"/>
      <trkpt lat="40.041998" lon="-121.392161"/>
      <trkpt lat="40.041961" lon="-121.392054"/>
      <trkpt lat="40.041949" lon="-121.392000"/>
      <trkpt lat="40.041933" lon="-121.391957"/>
      <trkpt lat="40.041933" lon="-121.391909"/>
      <trkpt lat="40.041900" lon="-121.391834"/>
      <trkpt lat="40.041891" lon="-121.391786"/>
      <trkpt lat="40.041896" lon="-121.391678"/>
      <trkpt lat="40.041916" lon="-121.391614"/>
      <trkpt lat="40.041920" lon="-121.391566"/>
      <trkpt lat="40.041912" lon="-121.391507"/>
      <trkpt lat="40.041871" lon="-121.391330"/>
      <trkpt lat="40.041867" lon="-121.391239"/>
      <trkpt lat="40.041875" lon="-121.391174"/>
      <trkpt lat="40.041900" lon="-121.391067"/>
      <trkpt lat="40.041904" lon="-121.390852"/>
      <trkpt lat="40.041924" lon="-121.390740"/>
      <trkpt lat="40.041928" lon="-121.390659"/>
      <trkpt lat="40.041941" lon="-121.390547"/>
      <trkpt lat="40.041957" lon="-121.390493"/>
      <trkpt lat="40.041986" lon="-121.390278"/>
      <trkpt lat="40.042006" lon="-121.390166"/>
      <trkpt lat="40.042006" lon="-121.390010"/>
      <trkpt lat="40.042015" lon="-121.389962"/>
      <trkpt lat="40.042039" lon="-121.389865"/>
      <trkpt lat="40.042072" lon="-121.389838"/>
      <trkpt lat="40.042109" lon="-121.389833"/>
      <trkpt lat="40.042146" lon="-121.389849"/>
      <trkpt lat="40.042158" lon="-121.389956"/>
      <trkpt lat="40.042171" lon="-121.389999"/>
      <trkpt lat="40.042195" lon="-121.390150"/>
      <trkpt lat="40.042277" lon="-121.390289"/>
      <trkpt lat="40.042347" lon="-121.390364"/>
      <trkpt lat="40.042372" lon="-121.390412"/>
      <trkpt lat="40.042405" lon="-121.390450"/>
      <trkpt lat="40.042442" lon="-121.390477"/>
      <trkpt lat="40.042466" lon="-121.390514"/>
      <trkpt lat="40.042487" lon="-121.390563"/>
      <trkpt lat="40.042512" lon="-121.390600"/>
      <trkpt lat="40.042520" lon="-121.390654"/>
      <trkpt lat="40.042536" lon="-121.390702"/>
      <trkpt lat="40.042553" lon="-121.390718"/>
      <trkpt lat="40.042589" lon="-121.390729"/>
      <trkpt lat="40.042631" lon="-121.390750"/>
      <trkpt lat="40.042700" lon="-121.390815"/>
      <trkpt lat="40.042721" lon="-121.390858"/>
      <trkpt lat="40.042746" lon="-121.390976"/>
      <trkpt lat="40.042762" lon="-121.391019"/>
      <trkpt lat="40.042795" lon="-121.391067"/>
      <trkpt lat="40.042828" lon="-121.391088"/>
      <trkpt lat="40.042869" lon="-121.391126"/>
      <trkpt lat="40.042947" lon="-121.391169"/>
      <trkpt lat="40.043041" lon="-121.391185"/>
      <trkpt lat="40.043115" lon="-121.391249"/>
      <trkpt lat="40.043152" lon="-121.391265"/>
      <trkpt lat="40.043197" lon="-121.391298"/>
      <trkpt lat="40.043238" lon="-121.391335"/>
      <trkpt lat="40.043279" lon="-121.391346"/>
      <trkpt lat="40.043316" lon="-121.391389"/>
      <trkpt lat="40.043337" lon="-121.391437"/>
      <trkpt lat="40.043448" lon="-121.391496"/>
      <trkpt lat="40.043551" lon="-121.391534"/>
      <trkpt lat="40.043674" lon="-121.391598"/>
      <trkpt lat="40.043715" lon="-121.391614"/>
      <trkpt lat="40.043834" lon="-121.391684"/>
      <trkpt lat="40.043863" lon="-121.391716"/>
      <trkpt lat="40.043928" lon="-121.391764"/>
      <trkpt lat="40.044006" lon="-121.391813"/>
      <trkpt lat="40.044109" lon="-121.391888"/>
      <trkpt lat="40.044134" lon="-121.391925"/>
      <trkpt lat="40.044195" lon="-121.391979"/>
      <trkpt lat="40.044261" lon="-121.392054"/>
      <trkpt lat="40.044335" lon="-121.392097"/>
      <trkpt lat="40.044372" lon="-121.392108"/>
      <trkpt lat="40.044409" lon="-121.392129"/>
      <trkpt lat="40.044442" lon="-121.392167"/>
      <trkpt lat="40.044483" lon="-121.392199"/>
      <trkpt lat="40.044499" lon="-121.392242"/>
      <trkpt lat="40.044532" lon="-121.392285"/>
      <trkpt lat="40.044590" lon="-121.392392"/>
      <trkpt lat="40.044696" lon="-121.392499"/>
      <trkpt lat="40.044733" lon="-121.392531"/>
      <trkpt lat="40.044824" lon="-121.392580"/>
      <trkpt lat="40.044885" lon="-121.392671"/>
      <trkpt lat="40.044967" lon="-121.392730"/>
      <trkpt lat="40.045004" lon="-121.392751"/>
      <trkpt lat="40.045041" lon="-121.392783"/>
      <trkpt lat="40.045066" lon="-121.392832"/>
      <trkpt lat="40.045099" lon="-121.392869"/>
      <trkpt lat="40.045140" lon="-121.392896"/>
      <trkpt lat="40.045201" lon="-121.392961"/>
      <trkpt lat="40.045234" lon="-121.392982"/>
      <trkpt lat="40.045259" lon="-121.393014"/>
      <trkpt lat="40.045300" lon="-121.393025"/>
      <trkpt lat="40.045333" lon="-121.393046"/>
      <trkpt lat="40.045374" lon="-121.393057"/>
      <trkpt lat="40.045493" lon="-121.393052"/>
      <trkpt lat="40.045616" lon="-121.393122"/>
      <trkpt lat="40.045760" lon="-121.393218"/>
      <trkpt lat="40.045920" lon="-121.393304"/>
      <trkpt lat="40.045965" lon="-121.393315"/>
      <trkpt lat="40.046043" lon="-121.393299"/>
      <trkpt lat="40.046080" lon="-121.393282"/>
      <trkpt lat="40.046158" lon="-121.393282"/>
      <trkpt lat="40.046294" lon="-121.393331"/>
      <trkpt lat="40.046351" lon="-121.393336"/>
      <trkpt lat="40.046392" lon="-121.393347"/>
      <trkpt lat="40.046425" lon="-121.393368"/>
      <trkpt lat="40.046454" lon="-121.393400"/>
      <trkpt lat="40.046499" lon="-121.393400"/>
      <trkpt lat="40.046532" lon="-121.393427"/>
      <trkpt lat="40.046651" lon="-121.393438"/>
      <trkpt lat="40.046688" lon="-121.393454"/>
      <trkpt lat="40.046778" lon="-121.393481"/>
      <trkpt lat="40.047045" lon="-121.393475"/>
      <trkpt lat="40.047131" lon="-121.393513"/>
      <trkpt lat="40.047230" lon="-121.393578"/>
      <trkpt lat="40.047263" lon="-121.393610"/>
      <trkpt lat="40.047333" lon="-121.393658"/>
      <trkpt lat="40.047362" lon="-121.393690"/>
      <trkpt lat="40.047464" lon="-121.393760"/>
      <trkpt lat="40.047632" lon="-121.393840"/>
      <trkpt lat="40.047764" lon="-121.393846"/>
      <trkpt lat="40.047801" lon="-121.393862"/>
      <trkpt lat="40.047978" lon="-121.393867"/>
      <trkpt lat="40.048027" lon="-121.393873"/>
      <trkpt lat="40.048101" lon="-121.393894"/>
      <trkpt lat="40.048273" lon="-121.393894"/>
      <trkpt lat="40.048364" lon="-121.393915"/>
      <trkpt lat="40.048442" lon="-121.393910"/>
      <trkpt lat="40.048491" lon="-121.393921"/>
      <trkpt lat="40.048528" lon="-121.393921"/>
      <trkpt lat="40.048606" lon="-121.393942"/>
      <trkpt lat="40.048622" lon="-121.393964"/>
      <trkpt lat="40.048737" lon="-121.393964"/>
      <trkpt lat="40.048819" lon="-121.393953"/>
      <trkpt lat="40.048856" lon="-121.393953"/>
      <trkpt lat="40.048889" lon="-121.393969"/>
      <trkpt lat="40.048910" lon="-121.394012"/>
      <trkpt lat="40.048914" lon="-121.394071"/>
      <trkpt lat="40.048914" lon="-121.394189"/>
      <trkpt lat="40.048918" lon="-121.394237"/>
      <trkpt lat="40.048930" lon="-121.394286"/>
      <trkpt lat="40.049029" lon="-121.394382"/>
      <trkpt lat="40.049062" lon="-121.394398"/>
      <trkpt lat="40.049098" lon="-121.394404"/>
      <trkpt lat="40.049144" lon="-121.394393"/>
      <trkpt lat="40.049222" lon="-121.394393"/>
      <trkpt lat="40.049263" lon="-121.394414"/>
      <trkpt lat="40.049320" lon="-121.394479"/>
      <trkpt lat="40.049357" lon="-121.394500"/>
      <trkpt lat="40.049398" lon="-121.394511"/>
      <trkpt lat="40.049472" lon="-121.394565"/>
      <trkpt lat="40.049583" lon="-121.394656"/>
      <trkpt lat="40.049632" lon="-121.394672"/>
      <trkpt lat="40.049706" lon="-121.394731"/>
      <trkpt lat="40.049858" lon="-121.394763"/>
      <trkpt lat="40.049899" lon="-121.394752"/>
      <trkpt lat="40.049965" lon="-121.394709"/>
      <trkpt lat="40.050047" lon="-121.394715"/>
      <trkpt lat="40.050088" lon="-121.394731"/>
      <trkpt lat="40.050125" lon="-121.394752"/>
      <trkpt lat="40.050162" lon="-121.394763"/>
      <trkpt lat="40.050195" lon="-121.394790"/>
      <trkpt lat="40.050277" lon="-121.394817"/>
      <trkpt lat="40.050359" lon="-121.394827"/>
      <trkpt lat="40.050499" lon="-121.394827"/>
      <trkpt lat="40.050606" lon="-121.394779"/>
      <trkpt lat="40.050643" lon="-121.394779"/>
      <trkpt lat="40.050680" lon="-121.394806"/>
      <trkpt lat="40.050737" lon="-121.394876"/>
      <trkpt lat="40.050770" lon="-121.394919"/>
      <trkpt lat="40.050823" lon="-121.395031"/>
      <trkpt lat="40.050860" lon="-121.395058"/>
      <trkpt lat="40.050901" lon="-121.395063"/>
      <trkpt lat="40.051094" lon="-121.395063"/>
      <trkpt lat="40.051176" lon="-121.395053"/>
      <trkpt lat="40.051213" lon="-121.395037"/>
      <trkpt lat="40.051254" lon="-121.395037"/>
      <trkpt lat="40.051345" lon="-121.395026"/>
      <trkpt lat="40.051390" lon="-121.395031"/>
      <trkpt lat="40.051472" lon="-121.395053"/>
    </trkseg>
    <trkseg>
      <trkpt lat="40.032840" lon="-121.363188"/>
      <trkpt lat="40.032938" lon="-121.363242"/>
      <trkpt lat="40.032954" lon="-121.363258"/>
      <trkpt lat="40.032983" lon="-121.363298"/>
      <trkpt lat="40.033004" lon="-121.363311"/>
      <trkpt lat="40.033039" lon="-121.363346"/>
      <trkpt lat="40.033075" lon="-121.363408"/>
      <trkpt lat="40.033112" lon="-121.363542"/>
      <trkpt lat="40.033121" lon="-121.363671"/>
      <trkpt lat="40.033121" lon="-121.363698"/>
      <trkpt lat="40.033112" lon="-121.363751"/>
      <trkpt lat="40.033112" lon="-121.363885"/>
      <trkpt lat="40.033121" lon="-121.363918"/>
      <trkpt lat="40.033139" lon="-121.363963"/>
      <trkpt lat="40.033166" lon="-121.363995"/>
      <trkpt lat="40.033203" lon="-121.364003"/>
      <trkpt lat="40.033221" lon="-121.363995"/>
      <trkpt lat="40.033268" lon="-121.363963"/>
      <trkpt lat="40.033289" lon="-121.363971"/>
      <trkpt lat="40.033314" lon="-121.364009"/>
      <trkpt lat="40.033334" lon="-121.364052"/>
      <trkpt lat="40.033342" lon="-121.364084"/>
      <trkpt lat="40.033344" lon="-121.364213"/>
      <trkpt lat="40.033355" lon="-121.364266"/>
      <trkpt lat="40.033365" lon="-121.364355"/>
      <trkpt lat="40.033386" lon="-121.364411"/>
      <trkpt lat="40.033400" lon="-121.364433"/>
      <trkpt lat="40.033418" lon="-121.364473"/>
      <trkpt lat="40.033425" lon="-121.364513"/>
      <trkpt lat="40.033429" lon="-121.364591"/>
      <trkpt lat="40.033406" lon="-121.364717"/>
      <trkpt lat="40.033400" lon="-121.364808"/>
      <trkpt lat="40.033371" lon="-121.364945"/>
      <trkpt lat="40.033357" lon="-121.364974"/>
      <trkpt lat="40.033351" lon="-121.365001"/>
      <trkpt lat="40.033340" lon="-121.365025"/>
      <trkpt lat="40.033326" lon="-121.365095"/>
      <trkpt lat="40.033312" lon="-121.365275"/>
      <trkpt lat="40.033316" lon="-121.365551"/>
      <trkpt lat="40.033312" lon="-121.365610"/>
      <trkpt lat="40.033301" lon="-121.365658"/>
      <trkpt lat="40.033289" lon="-121.365680"/>
      <trkpt lat="40.033205" lon="-121.365784"/>
      <trkpt lat="40.033139" lon="-121.365910"/>
      <trkpt lat="40.033102" lon="-121.366010"/>
      <trkpt lat="40.033040" lon="-121.366208"/>
      <trkpt lat="40.033026" lon="-121.366270"/>
      <trkpt lat="40.033012" lon="-121.366310"/>
      <trkpt lat="40.033001" lon="-121.366358"/>
      <trkpt lat="40.032983" lon="-121.366412"/>
      <trkpt lat="40.032969" lon="-121.366471"/>
      <trkpt lat="40.032901" lon="-121.366667"/>
      <trkpt lat="40.032862" lon="-121.366876"/>
      <trkpt lat="40.032843" lon="-121.366954"/>
      <trkpt lat="40.032843" lon="-121.367010"/>
      <trkpt lat="40.032837" lon="-121.367067"/>
      <trkpt lat="40.032810" lon="-121.367214"/>
      <trkpt lat="40.032804" lon="-121.367292"/>
      <trkpt lat="40.032823" lon="-121.367340"/>
      <trkpt lat="40.032825" lon="-121.367421"/>
      <trkpt lat="40.032841" lon="-121.367525"/>
      <trkpt lat="40.032848" lon="-121.367708"/>
      <trkpt lat="40.032860" lon="-121.367842"/>
      <trkpt lat="40.032858" lon="-121.367957"/>
      <trkpt lat="40.032899" lon="-121.368064"/>
      <trkpt lat="40.032903" lon="-121.368134"/>
      <trkpt lat="40.032917" lon="-121.368193"/>
      <trkpt lat="40.032934" lon="-121.368241"/>
      <trkpt lat="40.032938" lon="-121.368268"/>
      <trkpt lat="40.032942" lon="-121.368338"/>
      <trkpt lat="40.032948" lon="-121.368365"/>
      <trkpt lat="40.032946" lon="-121.368512"/>
      <trkpt lat="40.032969" lon="-121.368628"/>
      <trkpt lat="40.032973" lon="-121.368716"/>
      <trkpt lat="40.032901" lon="-121.368899"/>
      <trkpt lat="40.032854" lon="-121.369051"/>
      <trkpt lat="40.032843" lon="-121.369073"/>
      <trkpt lat="40.032817" lon="-121.369228"/>
      <trkpt lat="40.032810" lon="-121.369317"/>
      <trkpt lat="40.032772" lon="-121.369448"/>
      <trkpt lat="40.032751" lon="-121.369494"/>
      <trkpt lat="40.032689" lon="-121.369591"/>
      <trkpt lat="40.032593" lon="-121.369722"/>
      <trkpt lat="40.032535" lon="-121.369888"/>
      <trkpt lat="40.032498" lon="-121.370012"/>
      <trkpt lat="40.032490" lon="-121.370087"/>
      <trkpt lat="40.032490" lon="-121.370197"/>
      <trkpt lat="40.032472" lon="-121.370320"/>
      <trkpt lat="40.032443" lon="-121.370454"/>
      <trkpt lat="40.032429" lon="-121.370500"/>
      <trkpt lat="40.032429" lon="-121.370556"/>
      <trkpt lat="40.032418" lon="-121.370642"/>
      <trkpt lat="40.032418" lon="-121.370806"/>
      <trkpt lat="40.032412" lon="-121.370832"/>
      <trkpt lat="40.032420" lon="-121.370894"/>
      <trkpt lat="40.032420" lon="-121.371103"/>
      <trkpt lat="40.032410" lon="-121.371157"/>
      <trkpt lat="40.032406" lon="-121.371224"/>
      <trkpt lat="40.032422" lon="-121.371310"/>
      <trkpt lat="40.032457" lon="-121.371409"/>
      <trkpt lat="40.032476" lon="-121.371436"/>
      <trkpt lat="40.032505" lon="-121.371460"/>
      <trkpt lat="40.032529" lon="-121.371503"/>
      <trkpt lat="40.032570" lon="-121.371543"/>
      <trkpt lat="40.032603" lon="-121.371586"/>
      <trkpt lat="40.032626" lon="-121.371637"/>
      <trkpt lat="40.032661" lon="-121.371667"/>
      <trkpt lat="40.032681" lon="-121.371677"/>
      <trkpt lat="40.032708" lon="-121.371744"/>
      <trkpt lat="40.032712" lon="-121.371768"/>
      <trkpt lat="40.032753" lon="-121.371809"/>
      <trkpt lat="40.032767" lon="-121.371827"/>
      <trkpt lat="40.032776" lon="-121.371849"/>
      <trkpt lat="40.032806" lon="-121.371884"/>
      <trkpt lat="40.032825" lon="-121.371894"/>
      <trkpt lat="40.032899" lon="-121.371980"/>
      <trkpt lat="40.032925" lon="-121.372023"/>
      <trkpt lat="40.032956" lon="-121.372114"/>
      <trkpt lat="40.032960" lon="-121.372139"/>
      <trkpt lat="40.032960" lon="-121.372246"/>
      <trkpt lat="40.032950" lon="-121.372332"/>
      <trkpt lat="40.032948" lon="-121.372388"/>
      <trkpt lat="40.032938" lon="-121.372442"/>
      <trkpt lat="40.032936" lon="-121.372495"/>
      <trkpt lat="40.032913" lon="-121.372603"/>
      <trkpt lat="40.032909" lon="-121.372715"/>
      <trkpt lat="40.032924" lon="-121.372844"/>
      <trkpt lat="40.032925" lon="-121.372892"/>
      <trkpt lat="40.032936" lon="-121.372927"/>
      <trkpt lat="40.032956" lon="-121.372967"/>
      <trkpt lat="40.032969" lon="-121.373016"/>
      <trkpt lat="40.032973" lon="-121.373099"/>
      <trkpt lat="40.032973" lon="-121.373346"/>
      <trkpt lat="40.032969" lon="-121.373370"/>
      <trkpt lat="40.032989" lon="-121.373437"/>
      <trkpt lat="40.032993" lon="-121.373498"/>
      <trkpt lat="40.032997" lon="-121.373600"/>
      <trkpt lat="40.032995" lon="-121.373928"/>
      <trkpt lat="40.032999" lon="-121.373989"/>
      <trkpt lat="40.033008" lon="-121.374040"/>
      <trkpt lat="40.033051" lon="-121.374129"/>
      <trkpt lat="40.033053" lon="-121.374156"/>
      <trkpt lat="40.033061" lon="-121.374185"/>
      <trkpt lat="40.033100" lon="-121.374244"/>
      <trkpt lat="40.033135" lon="-121.374314"/>
      <trkpt lat="40.033168" lon="-121.374354"/>
      <trkpt lat="40.033231" lon="-121.374418"/>
      <trkpt lat="40.033342" lon="-121.374566"/>
      <trkpt lat="40.033359" lon="-121.374577"/>
      <trkpt lat="40.033383" lon="-121.374620"/>
      <trkpt lat="40.033402" lon="-121.374662"/>
      <trkpt lat="40.033441" lon="-121.374794"/>
      <trkpt lat="40.033457" lon="-121.374896"/>
      <trkpt lat="40.033451" lon="-121.374899"/>
      <trkpt lat="40.033459" lon="-121.374952"/>
      <trkpt lat="40.033568" lon="-121.375229"/>
      <trkpt lat="40.033583" lon="-121.375250"/>
      <trkpt lat="40.033611" lon="-121.375338"/>
      <trkpt lat="40.033632" lon="-121.375381"/>
      <trkpt lat="40.033661" lon="-121.375419"/>
      <trkpt lat="40.033677" lon="-121.375462"/>
      <trkpt lat="40.033681" lon="-121.375489"/>
      <trkpt lat="40.033677" lon="-121.375518"/>
      <trkpt lat="40.033667" lon="-121.375540"/>
      <trkpt lat="40.033640" lon="-121.375572"/>
      <trkpt lat="40.033636" lon="-121.375596"/>
      <trkpt lat="40.033651" lon="-121.375652"/>
      <trkpt lat="40.033659" lon="-121.375671"/>
      <trkpt lat="40.033784" lon="-121.375700"/>
      <trkpt lat="40.033839" lon="-121.375776"/>
      <trkpt lat="40.033848" lon="-121.375805"/>
      <trkpt lat="40.033852" lon="-121.375861"/>
      <trkpt lat="40.033846" lon="-121.375912"/>
      <trkpt lat="40.033786" lon="-121.376081"/>
      <trkpt lat="40.033800" lon="-121.376216"/>
      <trkpt lat="40.033819" lon="-121.376296"/>
      <trkpt lat="40.033881" lon="-121.376460"/>
      <trkpt lat="40.033930" lon="-121.376529"/>
      <trkpt lat="40.033977" lon="-121.376610"/>
      <trkpt lat="40.034004" lon="-121.376647"/>
      <trkpt lat="40.034010" lon="-121.376674"/>
      <trkpt lat="40.034008" lon="-121.376698"/>
      <trkpt lat="40.033987" lon="-121.376736"/>
      <trkpt lat="40.033963" lon="-121.376768"/>
      <trkpt lat="40.033920" lon="-121.376886"/>
      <trkpt lat="40.033915" lon="-121.376977"/>
      <trkpt lat="40.033926" lon="-121.377015"/>
      <trkpt lat="40.033932" lon="-121.377066"/>
      <trkpt lat="40.033940" lon="-121.377093"/>
      <trkpt lat="40.033963" lon="-121.377138"/>
      <trkpt lat="40.033981" lon="-121.377157"/>
      <trkpt lat="40.034016" lon="-121.377178"/>
      <trkpt lat="40.034049" lon="-121.377211"/>
      <trkpt lat="40.034100" lon="-121.377286"/>
      <trkpt lat="40.034148" lon="-121.377339"/>
      <trkpt lat="40.034166" lon="-121.377382"/>
      <trkpt lat="40.034168" lon="-121.377409"/>
      <trkpt lat="40.034160" lon="-121.377465"/>
      <trkpt lat="40.034131" lon="-121.377538"/>
      <trkpt lat="40.034098" lon="-121.377653"/>
      <trkpt lat="40.034098" lon="-121.377790"/>
      <trkpt lat="40.034174" lon="-121.377959"/>
      <trkpt lat="40.034197" lon="-121.378090"/>
      <trkpt lat="40.034197" lon="-121.378125"/>
      <trkpt lat="40.034180" lon="-121.378230"/>
      <trkpt lat="40.034174" lon="-121.378254"/>
      <trkpt lat="40.034162" lon="-121.378276"/>
      <trkpt lat="40.034131" lon="-121.378404"/>
      <trkpt lat="40.034117" lon="-121.378450"/>
      <trkpt lat="40.034115" lon="-121.378479"/>
      <trkpt lat="40.034100" lon="-121.378557"/>
      <trkpt lat="40.034100" lon="-121.378616"/>
      <trkpt lat="40.034112" lon="-121.378774"/>
      <trkpt lat="40.034121" lon="-121.378831"/>
      <trkpt lat="40.034145" lon="-121.378933"/>
      <trkpt lat="40.034148" lon="-121.378989"/>
      <trkpt lat="40.034156" lon="-121.379013"/>
      <trkpt lat="40.034170" lon="-121.379093"/>
      <trkpt lat="40.034180" lon="-121.379112"/>
      <trkpt lat="40.034184" lon="-121.379136"/>
      <trkpt lat="40.034186" lon="-121.379276"/>
      <trkpt lat="40.034203" lon="-121.379501"/>
      <trkpt lat="40.034213" lon="-121.379525"/>
      <trkpt lat="40.034215" lon="-121.379552"/>
      <trkpt lat="40.034242" lon="-121.379651"/>
      <trkpt lat="40.034244" lon="-121.379713"/>
      <trkpt lat="40.034264" lon="-121.379769"/>
      <trkpt lat="40.034277" lon="-121.379871"/>
      <trkpt lat="40.034318" lon="-121.380046"/>
      <trkpt lat="40.034365" lon="-121.380132"/>
      <trkpt lat="40.034369" lon="-121.380158"/>
      <trkpt lat="40.034406" lon="-121.380255"/>
      <trkpt lat="40.034445" lon="-121.380325"/>
      <trkpt lat="40.034464" lon="-121.380384"/>
      <trkpt lat="40.034497" lon="-121.380437"/>
      <trkpt lat="40.034552" lon="-121.380542"/>
      <trkpt lat="40.034583" lon="-121.380630"/>
      <trkpt lat="40.034587" lon="-121.380657"/>
      <trkpt lat="40.034612" lon="-121.380740"/>
      <trkpt lat="40.034612" lon="-121.380791"/>
      <trkpt lat="40.034595" lon="-121.380845"/>
      <trkpt lat="40.034573" lon="-121.380885"/>
      <trkpt lat="40.034564" lon="-121.380909"/>
      <trkpt lat="40.034554" lon="-121.380966"/>
      <trkpt lat="40.034568" lon="-121.381046"/>
      <trkpt lat="40.034587" lon="-121.381081"/>
      <trkpt lat="40.034612" lon="-121.381159"/>
      <trkpt lat="40.034618" lon="-121.381301"/>
      <trkpt lat="40.034636" lon="-121.381467"/>
      <trkpt lat="40.034632" lon="-121.381577"/>
      <trkpt lat="40.034595" lon="-121.381811"/>
      <trkpt lat="40.034583" lon="-121.381862"/>
      <trkpt lat="40.034513" lon="-121.382036"/>
      <trkpt lat="40.034517" lon="-121.382071"/>
      <trkpt lat="40.034544" lon="-121.382159"/>
      <trkpt lat="40.034548" lon="-121.382186"/>
      <trkpt lat="40.034568" lon="-121.382245"/>
      <trkpt lat="40.034583" lon="-121.382267"/>
      <trkpt lat="40.034591" lon="-121.382288"/>
      <trkpt lat="40.034620" lon="-121.382406"/>
      <trkpt lat="40.034624" lon="-121.382433"/>
      <trkpt lat="40.034626" lon="-121.382551"/>
      <trkpt lat="40.034632" lon="-121.382575"/>
      <trkpt lat="40.034634" lon="-121.382634"/>
      <trkpt lat="40.034653" lon="-121.382717"/>
      <trkpt lat="40.034669" lon="-121.382739"/>
      <trkpt lat="40.034683" lon="-121.382824"/>
      <trkpt lat="40.034690" lon="-121.382993"/>
      <trkpt lat="40.034671" lon="-121.383071"/>
      <trkpt lat="40.034607" lon="-121.383187"/>
      <trkpt lat="40.034573" lon="-121.383238"/>
      <trkpt lat="40.034531" lon="-121.383331"/>
      <trkpt lat="40.034525" lon="-121.383382"/>
      <trkpt lat="40.034552" lon="-121.383476"/>
      <trkpt lat="40.034556" lon="-121.383506"/>
      <trkpt lat="40.034614" lon="-121.383608"/>
      <trkpt lat="40.034636" lon="-121.383688"/>
      <trkpt lat="40.034649" lon="-121.383766"/>
      <trkpt lat="40.034649" lon="-121.383809"/>
      <trkpt lat="40.034659" lon="-121.383879"/>
      <trkpt lat="40.034688" lon="-121.383991"/>
      <trkpt lat="40.034704" lon="-121.384096"/>
      <trkpt lat="40.034704" lon="-121.384179"/>
      <trkpt lat="40.034677" lon="-121.384268"/>
      <trkpt lat="40.034616" lon="-121.384412"/>
      <trkpt lat="40.034599" lon="-121.384469"/>
      <trkpt lat="40.034591" lon="-121.384533"/>
      <trkpt lat="40.034583" lon="-121.384672"/>
      <trkpt lat="40.034566" lon="-121.384780"/>
      <trkpt lat="40.034536" lon="-121.384828"/>
      <trkpt lat="40.034517" lon="-121.384884"/>
      <trkpt lat="40.034521" lon="-121.384911"/>
      <trkpt lat="40.034534" lon="-121.384930"/>
      <trkpt lat="40.034552" lon="-121.384935"/>
      <trkpt lat="40.034573" lon="-121.384933"/>
      <trkpt lat="40.034632" lon="-121.384884"/>
      <trkpt lat="40.034644" lon="-121.384866"/>
      <trkpt lat="40.034675" lon="-121.384847"/>
      <trkpt lat="40.034698" lon="-121.384852"/>
      <trkpt lat="40.034706" lon="-121.384879"/>
      <trkpt lat="40.034708" lon="-121.384906"/>
      <trkpt lat="40.034698" lon="-121.384965"/>
      <trkpt lat="40.034681" lon="-121.385013"/>
      <trkpt lat="40.034657" lon="-121.385048"/>
      <trkpt lat="40.034612" lon="-121.385126"/>
      <trkpt lat="40.034605" lon="-121.385147"/>
      <trkpt lat="40.034616" lon="-121.385174"/>
      <trkpt lat="40.034634" lon="-121.385174"/>
      <trkpt lat="40.034653" lon="-121.385163"/>
      <trkpt lat="40.034669" lon="-121.385177"/>
      <trkpt lat="40.034663" lon="-121.385206"/>
      <trkpt lat="40.034665" lon="-121.385260"/>
      <trkpt lat="40.034622" lon="-121.385378"/>
      <trkpt lat="40.034599" lon="-121.385453"/>
      <trkpt lat="40.034558" lon="-121.385542"/>
      <trkpt lat="40.034534" lon="-121.385582"/>
      <trkpt lat="40.034519" lon="-121.385627"/>
      <trkpt lat="40.034521" lon="-121.385651"/>
      <trkpt lat="40.034540" lon="-121.385665"/>
      <trkpt lat="40.034593" lon="-121.385611"/>
      <trkpt lat="40.034612" lon="-121.385603"/>
      <trkpt lat="40.034628" lon="-121.385617"/>
      <trkpt lat="40.034628" lon="-121.385641"/>
      <trkpt lat="40.034614" lon="-121.385692"/>
      <trkpt lat="40.034601" lon="-121.385711"/>
      <trkpt lat="40.034587" lon="-121.385754"/>
      <trkpt lat="40.034566" lon="-121.385794"/>
      <trkpt lat="40.034531" lon="-121.385882"/>
      <trkpt lat="40.034490" lon="-121.385971"/>
      <trkpt lat="40.034476" lon="-121.386016"/>
      <trkpt lat="40.034437" lon="-121.386110"/>
      <trkpt lat="40.034423" lon="-121.386161"/>
      <trkpt lat="40.034386" lon="-121.386250"/>
      <trkpt lat="40.034353" lon="-121.386311"/>
      <trkpt lat="40.034314" lon="-121.386370"/>
      <trkpt lat="40.034260" lon="-121.386378"/>
      <trkpt lat="40.034264" lon="-121.386429"/>
      <trkpt lat="40.034295" lon="-121.386456"/>
      <trkpt lat="40.034359" lon="-121.386464"/>
      <trkpt lat="40.034392" lon="-121.386486"/>
      <trkpt lat="40.034421" lon="-121.386515"/>
      <trkpt lat="40.034445" lon="-121.386563"/>
      <trkpt lat="40.034476" lon="-121.386601"/>
      <trkpt lat="40.034499" lon="-121.386585"/>
      <trkpt lat="40.034525" lon="-121.386555"/>
      <trkpt lat="40.034562" lon="-121.386502"/>
      <trkpt lat="40.034597" lon="-121.386480"/>
      <trkpt lat="40.034618" lon="-121.386478"/>
      <trkpt lat="40.034630" lon="-121.386494"/>
      <trkpt lat="40.034632" lon="-121.386523"/>
      <trkpt lat="40.034587" lon="-121.386676"/>
      <trkpt lat="40.034579" lon="-121.386757"/>
      <trkpt lat="40.034566" lon="-121.386808"/>
      <trkpt lat="40.034585" lon="-121.386821"/>
      <trkpt lat="40.034597" lon="-121.386805"/>
      <trkpt lat="40.034626" lon="-121.386743"/>
      <trkpt lat="40.034649" lon="-121.386706"/>
      <trkpt lat="40.034669" lon="-121.386692"/>
      <trkpt lat="40.034688" lon="-121.386692"/>
      <trkpt lat="40.034694" lon="-121.386716"/>
      <trkpt lat="40.034698" lon="-121.386767"/>
      <trkpt lat="40.034651" lon="-121.386883"/>
      <trkpt lat="40.034638" lon="-121.386958"/>
      <trkpt lat="40.034638" lon="-121.386982"/>
      <trkpt lat="40.034659" lon="-121.387033"/>
      <trkpt lat="40.034751" lon="-121.387129"/>
      <trkpt lat="40.034766" lon="-121.387151"/>
      <trkpt lat="40.034770" lon="-121.387175"/>
      <trkpt lat="40.034794" lon="-121.387215"/>
      <trkpt lat="40.034799" lon="-121.387266"/>
      <trkpt lat="40.034784" lon="-121.387322"/>
    </trkseg>
    <trkseg>
      <trkpt lat="40.021617" lon="-121.283628"/>
      <trkpt lat="40.021642" lon="-121.283666"/>
      <trkpt lat="40.021646" lon="-121.283714"/>
      <trkpt lat="40.021670" lon="-121.283762"/>
      <trkpt lat="40.021703" lon="-121.283789"/>
      <trkpt lat="40.021757" lon="-121.283864"/>
      <trkpt lat="40.021802" lon="-121.283945"/>
      <trkpt lat="40.021835" lon="-121.284031"/>
      <trkpt lat="40.021851" lon="-121.284133"/>
      <trkpt lat="40.021863" lon="-121.284176"/>
      <trkpt lat="40.021904" lon="-121.284256"/>
      <trkpt lat="40.021917" lon="-121.284299"/>
      <trkpt lat="40.021937" lon="-121.284401"/>
      <trkpt lat="40.021991" lon="-121.284438"/>
      <trkpt lat="40.022028" lon="-121.284449"/>
      <trkpt lat="40.022102" lon="-121.284444"/>
      <trkpt lat="40.022134" lon="-121.284428"/>
      <trkpt lat="40.022208" lon="-121.284406"/>
      <trkpt lat="40.022286" lon="-121.284396"/>
      <trkpt lat="40.022381" lon="-121.284396"/>
      <trkpt lat="40.022471" lon="-121.284422"/>
      <trkpt lat="40.022529" lon="-121.284454"/>
      <trkpt lat="40.022590" lon="-121.284514"/>
      <trkpt lat="40.022677" lon="-121.284653"/>
      <trkpt lat="40.022718" lon="-121.284744"/>
      <trkpt lat="40.022726" lon="-121.284792"/>
      <trkpt lat="40.022726" lon="-121.284841"/>
      <trkpt lat="40.022747" lon="-121.284884"/>
      <trkpt lat="40.022763" lon="-121.284937"/>
      <trkpt lat="40.022771" lon="-121.284991"/>
      <trkpt lat="40.022808" lon="-121.285130"/>
      <trkpt lat="40.022816" lon="-121.285238"/>
      <trkpt lat="40.022821" lon="-121.285388"/>
      <trkpt lat="40.022833" lon="-121.285484"/>
      <trkpt lat="40.022833" lon="-121.285801"/>
      <trkpt lat="40.022845" lon="-121.285871"/>
      <trkpt lat="40.022886" lon="-121.285956"/>
      <trkpt lat="40.022919" lon="-121.285983"/>
      <trkpt lat="40.022964" lon="-121.285989"/>
      <trkpt lat="40.023005" lon="-121.286005"/>
      <trkpt lat="40.023083" lon="-121.286021"/>
      <trkpt lat="40.023162" lon="-121.286016"/>
      <trkpt lat="40.023203" lon="-121.286005"/>
      <trkpt lat="40.023231" lon="-121.285978"/>
      <trkpt lat="40.023268" lon="-121.285962"/>
      <trkpt lat="40.023412" lon="-121.285833"/>
      <trkpt lat="40.023507" lon="-121.285769"/>
      <trkpt lat="40.023585" lon="-121.285758"/>
      <trkpt lat="40.023622" lon="-121.285769"/>
      <trkpt lat="40.023654" lon="-121.285796"/>
      <trkpt lat="40.023745" lon="-121.285898"/>
      <trkpt lat="40.023831" lon="-121.285978"/>
      <trkpt lat="40.023860" lon="-121.286010"/>
      <trkpt lat="40.023893" lon="-121.286032"/>
      <trkpt lat="40.023917" lon="-121.286069"/>
      <trkpt lat="40.024045" lon="-121.286144"/>
      <trkpt lat="40.024074" lon="-121.286176"/>
      <trkpt lat="40.024143" lon="-121.286219"/>
      <trkpt lat="40.024246" lon="-121.286348"/>
      <trkpt lat="40.024349" lon="-121.286407"/>
      <trkpt lat="40.024369" lon="-121.286445"/>
      <trkpt lat="40.024451" lon="-121.286547"/>
      <trkpt lat="40.024451" lon="-121.286606"/>
      <trkpt lat="40.024398" lon="-121.286665"/>
      <trkpt lat="40.024373" lon="-121.286702"/>
      <trkpt lat="40.024271" lon="-121.286836"/>
      <trkpt lat="40.024221" lon="-121.286906"/>
      <trkpt lat="40.024172" lon="-121.286986"/>
      <trkpt lat="40.024135" lon="-121.287121"/>
      <trkpt lat="40.024115" lon="-121.287319"/>
      <trkpt lat="40.024102" lon="-121.287367"/>
      <trkpt lat="40.024086" lon="-121.287469"/>
      <trkpt lat="40.024074" lon="-121.287512"/>
      <trkpt lat="40.024065" lon="-121.287566"/>
      <trkpt lat="40.024053" lon="-121.287609"/>
      <trkpt lat="40.023983" lon="-121.287780"/>
      <trkpt lat="40.023954" lon="-121.287877"/>
      <trkpt lat="40.023934" lon="-121.287914"/>
      <trkpt lat="40.023889" lon="-121.288134"/>
      <trkpt lat="40.023889" lon="-121.288183"/>
      <trkpt lat="40.023893" lon="-121.288236"/>
      <trkpt lat="40.023905" lon="-121.288279"/>
      <trkpt lat="40.023979" lon="-121.288424"/>
      <trkpt lat="40.024041" lon="-121.288478"/>
      <trkpt lat="40.024094" lon="-121.288542"/>
      <trkpt lat="40.024143" lon="-121.288725"/>
      <trkpt lat="40.024160" lon="-121.288773"/>
      <trkpt lat="40.024172" lon="-121.288826"/>
      <trkpt lat="40.024246" lon="-121.288955"/>
      <trkpt lat="40.024258" lon="-121.288998"/>
      <trkpt lat="40.024291" lon="-121.289084"/>
      <trkpt lat="40.024299" lon="-121.289132"/>
      <trkpt lat="40.024353" lon="-121.289261"/>
      <trkpt lat="40.024377" lon="-121.289304"/>
      <trkpt lat="40.024410" lon="-121.289395"/>
      <trkpt lat="40.024451" lon="-121.289561"/>
      <trkpt lat="40.024472" lon="-121.289663"/>
      <trkpt lat="40.024472" lon="-121.289813"/>
      <trkpt lat="40.024464" lon="-121.289910"/>
      <trkpt lat="40.024464" lon="-121.289964"/>
      <trkpt lat="40.024476" lon="-121.290066"/>
      <trkpt lat="40.024480" lon="-121.290221"/>
      <trkpt lat="40.024493" lon="-121.290269"/>
      <trkpt lat="40.024562" lon="-121.290382"/>
      <trkpt lat="40.024579" lon="-121.290425"/>
      <trkpt lat="40.024657" lon="-121.290511"/>
      <trkpt lat="40.024817" lon="-121.290656"/>
      <trkpt lat="40.024965" lon="-121.290667"/>
      <trkpt lat="40.025043" lon="-121.290699"/>
      <trkpt lat="40.025064" lon="-121.290742"/>
      <trkpt lat="40.025072" lon="-121.290795"/>
      <trkpt lat="40.025088" lon="-121.290843"/>
      <trkpt lat="40.025129" lon="-121.290935"/>
      <trkpt lat="40.025137" lon="-121.290983"/>
      <trkpt lat="40.025162" lon="-121.291085"/>
      <trkpt lat="40.025166" lon="-121.291139"/>
      <trkpt lat="40.025179" lon="-121.291181"/>
      <trkpt lat="40.025211" lon="-121.291385"/>
      <trkpt lat="40.025236" lon="-121.291466"/>
      <trkpt lat="40.025253" lon="-121.291621"/>
      <trkpt lat="40.025293" lon="-121.291820"/>
      <trkpt lat="40.025318" lon="-121.291868"/>
      <trkpt lat="40.025351" lon="-121.291890"/>
      <trkpt lat="40.025445" lon="-121.291975"/>
      <trkpt lat="40.025511" lon="-121.292013"/>
      <trkpt lat="40.025540" lon="-121.292045"/>
      <trkpt lat="40.025688" lon="-121.292152"/>
      <trkpt lat="40.025717" lon="-121.292190"/>
      <trkpt lat="40.025824" lon="-121.292238"/>
      <trkpt lat="40.025864" lon="-121.292249"/>
      <trkpt lat="40.026021" lon="-121.292254"/>
      <trkpt lat="40.026095" lon="-121.292270"/>
      <trkpt lat="40.026189" lon="-121.292362"/>
      <trkpt lat="40.026234" lon="-121.292431"/>
      <trkpt lat="40.026279" lon="-121.292565"/>
      <trkpt lat="40.026279" lon="-121.292721"/>
      <trkpt lat="40.026251" lon="-121.292850"/>
      <trkpt lat="40.026222" lon="-121.292941"/>
      <trkpt lat="40.026197" lon="-121.293037"/>
      <trkpt lat="40.026168" lon="-121.293123"/>
      <trkpt lat="40.026148" lon="-121.293220"/>
      <trkpt lat="40.026148" lon="-121.293268"/>
      <trkpt lat="40.026136" lon="-121.293317"/>
      <trkpt lat="40.026119" lon="-121.293359"/>
      <trkpt lat="40.026111" lon="-121.293413"/>
      <trkpt lat="40.026095" lon="-121.293461"/>
      <trkpt lat="40.026074" lon="-121.293499"/>
      <trkpt lat="40.026062" lon="-121.293547"/>
      <trkpt lat="40.026066" lon="-121.293708"/>
      <trkpt lat="40.026086" lon="-121.293928"/>
      <trkpt lat="40.026111" lon="-121.294025"/>
      <trkpt lat="40.026160" lon="-121.294094"/>
      <trkpt lat="40.026201" lon="-121.294169"/>
      <trkpt lat="40.026333" lon="-121.294363"/>
      <trkpt lat="40.026353" lon="-121.294405"/>
      <trkpt lat="40.026411" lon="-121.294475"/>
      <trkpt lat="40.026431" lon="-121.294518"/>
      <trkpt lat="40.026505" lon="-121.294615"/>
      <trkpt lat="40.026538" lon="-121.294641"/>
      <trkpt lat="40.026563" lon="-121.294674"/>
      <trkpt lat="40.026587" lon="-121.294717"/>
      <trkpt lat="40.026641" lon="-121.294786"/>
      <trkpt lat="40.026653" lon="-121.294829"/>
      <trkpt lat="40.026690" lon="-121.294926"/>
      <trkpt lat="40.026711" lon="-121.294969"/>
      <trkpt lat="40.026748" lon="-121.295103"/>
      <trkpt lat="40.026776" lon="-121.295167"/>
      <trkpt lat="40.026801" lon="-121.295215"/>
      <trkpt lat="40.026871" lon="-121.295275"/>
      <trkpt lat="40.026896" lon="-121.295312"/>
      <trkpt lat="40.026928" lon="-121.295409"/>
      <trkpt lat="40.026982" lon="-121.295484"/>
      <trkpt lat="40.027023" lon="-121.295575"/>
      <trkpt lat="40.027048" lon="-121.295613"/>
      <trkpt lat="40.027085" lon="-121.295704"/>
      <trkpt lat="40.027093" lon="-121.295752"/>
      <trkpt lat="40.027158" lon="-121.295907"/>
      <trkpt lat="40.027175" lon="-121.295956"/>
      <trkpt lat="40.027200" lon="-121.295993"/>
      <trkpt lat="40.027220" lon="-121.296047"/>
      <trkpt lat="40.027249" lon="-121.296079"/>
      <trkpt lat="40.027269" lon="-121.296117"/>
      <trkpt lat="40.027282" lon="-121.296165"/>
      <trkpt lat="40.027298" lon="-121.296208"/>
      <trkpt lat="40.027331" lon="-121.296267"/>
      <trkpt lat="40.027343" lon="-121.296310"/>
      <trkpt lat="40.027384" lon="-121.296401"/>
      <trkpt lat="40.027491" lon="-121.296471"/>
      <trkpt lat="40.027586" lon="-121.296503"/>
      <trkpt lat="40.027664" lon="-121.296541"/>
      <trkpt lat="40.027779" lon="-121.296583"/>
      <trkpt lat="40.027820" lon="-121.296594"/>
      <trkpt lat="40.027894" lon="-121.296599"/>
      <trkpt lat="40.027997" lon="-121.296648"/>
      <trkpt lat="40.028033" lon="-121.296659"/>
      <trkpt lat="40.028070" lon="-121.296680"/>
      <trkpt lat="40.028153" lon="-121.296696"/>
      <trkpt lat="40.028288" lon="-121.296760"/>
      <trkpt lat="40.028325" lon="-121.296798"/>
      <trkpt lat="40.028350" lon="-121.296830"/>
      <trkpt lat="40.028415" lon="-121.297023"/>
      <trkpt lat="40.028436" lon="-121.297066"/>
      <trkpt lat="40.028444" lon="-121.297131"/>
      <trkpt lat="40.028436" lon="-121.297179"/>
      <trkpt lat="40.028407" lon="-121.297211"/>
      <trkpt lat="40.028387" lon="-121.297254"/>
      <trkpt lat="40.028346" lon="-121.297447"/>
      <trkpt lat="40.028333" lon="-121.297490"/>
      <trkpt lat="40.028284" lon="-121.297554"/>
      <trkpt lat="40.028099" lon="-121.297672"/>
      <trkpt lat="40.028075" lon="-121.297699"/>
      <trkpt lat="40.028021" lon="-121.297774"/>
      <trkpt lat="40.028001" lon="-121.297817"/>
      <trkpt lat="40.027935" lon="-121.298042"/>
      <trkpt lat="40.027927" lon="-121.298139"/>
      <trkpt lat="40.027927" lon="-121.298289"/>
      <trkpt lat="40.027906" lon="-121.298386"/>
      <trkpt lat="40.027877" lon="-121.298477"/>
      <trkpt lat="40.027865" lon="-121.298579"/>
      <trkpt lat="40.027898" lon="-121.298692"/>
      <trkpt lat="40.027927" lon="-121.298724"/>
      <trkpt lat="40.027939" lon="-121.298777"/>
      <trkpt lat="40.027968" lon="-121.298826"/>
      <trkpt lat="40.028029" lon="-121.298896"/>
      <trkpt lat="40.028099" lon="-121.298997"/>
      <trkpt lat="40.028112" lon="-121.299046"/>
      <trkpt lat="40.028136" lon="-121.299089"/>
      <trkpt lat="40.028218" lon="-121.299207"/>
      <trkpt lat="40.028264" lon="-121.299282"/>
      <trkpt lat="40.028276" lon="-121.299325"/>
      <trkpt lat="40.028300" lon="-121.299362"/>
      <trkpt lat="40.028317" lon="-121.299405"/>
      <trkpt lat="40.028346" lon="-121.299432"/>
      <trkpt lat="40.028456" lon="-121.299502"/>
      <trkpt lat="40.028535" lon="-121.299528"/>
      <trkpt lat="40.028650" lon="-121.299528"/>
      <trkpt lat="40.028691" lon="-121.299539"/>
      <trkpt lat="40.028732" lon="-121.299539"/>
      <trkpt lat="40.028806" lon="-121.299566"/>
      <trkpt lat="40.028880" lon="-121.299566"/>
      <trkpt lat="40.029003" lon="-121.299577"/>
      <trkpt lat="40.029081" lon="-121.299577"/>
      <trkpt lat="40.029114" lon="-121.299598"/>
      <trkpt lat="40.029151" lon="-121.299614"/>
      <trkpt lat="40.029192" lon="-121.299630"/>
      <trkpt lat="40.029229" lon="-121.299636"/>
      <trkpt lat="40.029253" lon="-121.299668"/>
      <trkpt lat="40.029249" lon="-121.299722"/>
      <trkpt lat="40.029225" lon="-121.299759"/>
      <trkpt lat="40.029212" lon="-121.299834"/>
      <trkpt lat="40.029241" lon="-121.299882"/>
      <trkpt lat="40.029389" lon="-121.299974"/>
      <trkpt lat="40.029492" lon="-121.300097"/>
      <trkpt lat="40.029529" lon="-121.300119"/>
      <trkpt lat="40.029598" lon="-121.300285"/>
      <trkpt lat="40.029607" lon="-121.300338"/>
      <trkpt lat="40.029607" lon="-121.300398"/>
      <trkpt lat="40.029570" lon="-121.300532"/>
      <trkpt lat="40.029570" lon="-121.300585"/>
      <trkpt lat="40.029582" lon="-121.300650"/>
      <trkpt lat="40.029607" lon="-121.300687"/>
      <trkpt lat="40.029619" lon="-121.300730"/>
      <trkpt lat="40.029656" lon="-121.300778"/>
      <trkpt lat="40.029718" lon="-121.300854"/>
      <trkpt lat="40.029796" lon="-121.300923"/>
      <trkpt lat="40.029824" lon="-121.300988"/>
      <trkpt lat="40.029878" lon="-121.301052"/>
      <trkpt lat="40.029894" lon="-121.301100"/>
      <trkpt lat="40.029944" lon="-121.301170"/>
      <trkpt lat="40.029985" lon="-121.301256"/>
      <trkpt lat="40.030013" lon="-121.301358"/>
      <trkpt lat="40.030021" lon="-121.301411"/>
      <trkpt lat="40.030038" lon="-121.301454"/>
      <trkpt lat="40.030075" lon="-121.301599"/>
      <trkpt lat="40.030083" lon="-121.301653"/>
      <trkpt lat="40.030116" lon="-121.301744"/>
      <trkpt lat="40.030124" lon="-121.301798"/>
      <trkpt lat="40.030136" lon="-121.301948"/>
      <trkpt lat="40.030153" lon="-121.301991"/>
      <trkpt lat="40.030161" lon="-121.302044"/>
      <trkpt lat="40.030173" lon="-121.302093"/>
      <trkpt lat="40.030178" lon="-121.302393"/>
      <trkpt lat="40.030186" lon="-121.302441"/>
      <trkpt lat="40.030186" lon="-121.302597"/>
      <trkpt lat="40.030182" lon="-121.302656"/>
      <trkpt lat="40.030186" lon="-121.302742"/>
      <trkpt lat="40.030182" lon="-121.302795"/>
      <trkpt lat="40.030198" lon="-121.302897"/>
      <trkpt lat="40.030239" lon="-121.303074"/>
      <trkpt lat="40.030243" lon="-121.303128"/>
      <trkpt lat="40.030243" lon="-121.303278"/>
      <trkpt lat="40.030231" lon="-121.303428"/>
      <trkpt lat="40.030198" lon="-121.303573"/>
      <trkpt lat="40.030190" lon="-121.303627"/>
      <trkpt lat="40.030215" lon="-121.303836"/>
      <trkpt lat="40.030231" lon="-121.303884"/>
      <trkpt lat="40.030268" lon="-121.303906"/>
      <trkpt lat="40.030309" lon="-121.303911"/>
      <trkpt lat="40.030350" lon="-121.303906"/>
      <trkpt lat="40.030506" lon="-121.303900"/>
      <trkpt lat="40.030617" lon="-121.303927"/>
      <trkpt lat="40.030662" lon="-121.303927"/>
      <trkpt lat="40.030806" lon="-121.303992"/>
      <trkpt lat="40.030872" lon="-121.304035"/>
      <trkpt lat="40.030909" lon="-121.304045"/>
      <trkpt lat="40.031011" lon="-121.304136"/>
      <trkpt lat="40.031057" lon="-121.304158"/>
      <trkpt lat="40.031085" lon="-121.304185"/>
      <trkpt lat="40.031110" lon="-121.304217"/>
      <trkpt lat="40.031126" lon="-121.304260"/>
      <trkpt lat="40.031126" lon="-121.304314"/>
      <trkpt lat="40.030987" lon="-121.304539"/>
      <trkpt lat="40.030954" lon="-121.304571"/>
      <trkpt lat="40.030929" lon="-121.304609"/>
      <trkpt lat="40.030909" lon="-121.304652"/>
      <trkpt lat="40.030896" lon="-121.304694"/>
      <trkpt lat="40.030872" lon="-121.304721"/>
      <trkpt lat="40.030851" lon="-121.304818"/>
      <trkpt lat="40.030831" lon="-121.304861"/>
      <trkpt lat="40.030806" lon="-121.304898"/>
      <trkpt lat="40.030687" lon="-121.305022"/>
      <trkpt lat="40.030572" lon="-121.305204"/>
      <trkpt lat="40.030518" lon="-121.305333"/>
      <trkpt lat="40.030490" lon="-121.305429"/>
      <trkpt lat="40.030469" lon="-121.305467"/>
      <trkpt lat="40.030440" lon="-121.305558"/>
      <trkpt lat="40.030420" lon="-121.305703"/>
      <trkpt lat="40.030416" lon="-121.305789"/>
      <trkpt lat="40.030420" lon="-121.306137"/>
      <trkpt lat="40.030399" lon="-121.306411"/>
      <trkpt lat="40.030387" lon="-121.306454"/>
      <trkpt lat="40.030387" lon="-121.306502"/>
      <trkpt lat="40.030412" lon="-121.306604"/>
      <trkpt lat="40.030412" lon="-121.306760"/>
      <trkpt lat="40.030420" lon="-121.306813"/>
      <trkpt lat="40.030412" lon="-121.307259"/>
      <trkpt lat="40.030399" lon="-121.307355"/>
      <trkpt lat="40.030399" lon="-121.307457"/>
      <trkpt lat="40.030383" lon="-121.307709"/>
      <trkpt lat="40.030383" lon="-121.307817"/>
      <trkpt lat="40.030363" lon="-121.307967"/>
      <trkpt lat="40.030330" lon="-121.308058"/>
      <trkpt lat="40.030268" lon="-121.308165"/>
      <trkpt lat="40.030239" lon="-121.308192"/>
      <trkpt lat="40.030190" lon="-121.308256"/>
      <trkpt lat="40.030120" lon="-121.308364"/>
      <trkpt lat="40.030108" lon="-121.308412"/>
      <trkpt lat="40.030063" lon="-121.308487"/>
      <trkpt lat="40.029939" lon="-121.308659"/>
      <trkpt lat="40.029878" lon="-121.308777"/>
      <trkpt lat="40.029861" lon="-121.308820"/>
      <trkpt lat="40.029796" lon="-121.308938"/>
      <trkpt lat="40.029767" lon="-121.309034"/>
      <trkpt lat="40.029759" lon="-121.309136"/>
      <trkpt lat="40.029742" lon="-121.309238"/>
      <trkpt lat="40.029742" lon="-121.309394"/>
      <trkpt lat="40.029750" lon="-121.309490"/>
      <trkpt lat="40.029750" lon="-121.309592"/>
      <trkpt lat="40.029742" lon="-121.309640"/>
      <trkpt lat="40.029726" lon="-121.309683"/>
      <trkpt lat="40.029697" lon="-121.309726"/>
      <trkpt lat="40.029664" lon="-121.309753"/>
      <trkpt lat="40.029631" lon="-121.309764"/>
      <trkpt lat="40.029594" lon="-121.309758"/>
      <trkpt lat="40.029467" lon="-121.309715"/>
      <trkpt lat="40.029397" lon="-121.309715"/>
      <trkpt lat="40.029377" lon="-121.309732"/>
      <trkpt lat="40.029303" lon="-121.309753"/>
      <trkpt lat="40.029208" lon="-121.309817"/>
      <trkpt lat="40.029110" lon="-121.309957"/>
      <trkpt lat="40.029081" lon="-121.309989"/>
      <trkpt lat="40.028974" lon="-121.310016"/>
      <trkpt lat="40.028908" lon="-121.310064"/>
      <trkpt lat="40.028875" lon="-121.310161"/>
      <trkpt lat="40.028875" lon="-121.310214"/>
      <trkpt lat="40.028851" lon="-121.310252"/>
      <trkpt lat="40.028810" lon="-121.310424"/>
      <trkpt lat="40.028793" lon="-121.310467"/>
      <trkpt lat="40.028781" lon="-121.310515"/>
      <trkpt lat="40.028777" lon="-121.310563"/>
      <trkpt lat="40.028765" lon="-121.310611"/>
      <trkpt lat="40.028760" lon="-121.310708"/>
      <trkpt lat="40.028752" lon="-121.310756"/>
      <trkpt lat="40.028760" lon="-121.310810"/>
      <trkpt lat="40.028785" lon="-121.310853"/>
      <trkpt lat="40.028834" lon="-121.310923"/>
      <trkpt lat="40.028859" lon="-121.310971"/>
      <trkpt lat="40.028875" lon="-121.311019"/>
      <trkpt lat="40.028917" lon="-121.311099"/>
      <trkpt lat="40.028949" lon="-121.311180"/>
      <trkpt lat="40.028986" lon="-121.311309"/>
      <trkpt lat="40.028990" lon="-121.311357"/>
      <trkpt lat="40.029040" lon="-121.311529"/>
      <trkpt lat="40.029044" lon="-121.311582"/>
      <trkpt lat="40.029064" lon="-121.311620"/>
      <trkpt lat="40.029081" lon="-121.311684"/>
      <trkpt lat="40.029089" lon="-121.311786"/>
      <trkpt lat="40.029089" lon="-121.311840"/>
      <trkpt lat="40.029077" lon="-121.311899"/>
      <trkpt lat="40.029085" lon="-121.311947"/>
      <trkpt lat="40.029106" lon="-121.311990"/>
      <trkpt lat="40.029134" lon="-121.312028"/>
      <trkpt lat="40.029151" lon="-121.312076"/>
      <trkpt lat="40.029159" lon="-121.312129"/>
      <trkpt lat="40.029208" lon="-121.312199"/>
      <trkpt lat="40.029221" lon="-121.312247"/>
      <trkpt lat="40.029229" lon="-121.312457"/>
      <trkpt lat="40.029200" lon="-121.312553"/>
      <trkpt lat="40.029184" lon="-121.312596"/>
      <trkpt lat="40.029147" lon="-121.312730"/>
      <trkpt lat="40.029138" lon="-121.312779"/>
      <trkpt lat="40.029110" lon="-121.312864"/>
      <trkpt lat="40.029077" lon="-121.312945"/>
      <trkpt lat="40.029064" lon="-121.312988"/>
      <trkpt lat="40.029007" lon="-121.313235"/>
      <trkpt lat="40.029007" lon="-121.313342"/>
      <trkpt lat="40.028995" lon="-121.313455"/>
      <trkpt lat="40.028995" lon="-121.313556"/>
      <trkpt lat="40.029011" lon="-121.313664"/>
      <trkpt lat="40.029007" lon="-121.313766"/>
      <trkpt lat="40.029011" lon="-121.313819"/>
      <trkpt lat="40.029032" lon="-121.313916"/>
      <trkpt lat="40.029032" lon="-121.313969"/>
      <trkpt lat="40.029048" lon="-121.314130"/>
      <trkpt lat="40.029106" lon="-121.314270"/>
      <trkpt lat="40.029134" lon="-121.314367"/>
      <trkpt lat="40.029159" lon="-121.314404"/>
      <trkpt lat="40.029175" lon="-121.314447"/>
      <trkpt lat="40.029229" lon="-121.314522"/>
      <trkpt lat="40.029377" lon="-121.314656"/>
      <trkpt lat="40.029463" lon="-121.314828"/>
      <trkpt lat="40.029512" lon="-121.314951"/>
      <trkpt lat="40.029508" lon="-121.315005"/>
      <trkpt lat="40.029537" lon="-121.315214"/>
      <trkpt lat="40.029537" lon="-121.315273"/>
      <trkpt lat="40.029549" lon="-121.315380"/>
      <trkpt lat="40.029570" lon="-121.315429"/>
      <trkpt lat="40.029578" lon="-121.315477"/>
      <trkpt lat="40.029578" lon="-121.315691"/>
      <trkpt lat="40.029586" lon="-121.315745"/>
      <trkpt lat="40.029635" lon="-121.315826"/>
      <trkpt lat="40.029672" lon="-121.315917"/>
      <trkpt lat="40.029697" lon="-121.316046"/>
      <trkpt lat="40.029693" lon="-121.316158"/>
      <trkpt lat="40.029693" lon="-121.316319"/>
      <trkpt lat="40.029701" lon="-121.316367"/>
      <trkpt lat="40.029713" lon="-121.316416"/>
      <trkpt lat="40.029722" lon="-121.316469"/>
      <trkpt lat="40.029779" lon="-121.316678"/>
      <trkpt lat="40.029837" lon="-121.316748"/>
      <trkpt lat="40.029853" lon="-121.316796"/>
      <trkpt lat="40.029898" lon="-121.317054"/>
      <trkpt lat="40.029898" lon="-121.317161"/>
      <trkpt lat="40.029874" lon="-121.317306"/>
      <trkpt lat="40.029804" lon="-121.317532"/>
      <trkpt lat="40.029804" lon="-121.317553"/>
      <trkpt lat="40.029771" lon="-121.317687"/>
      <trkpt lat="40.029730" lon="-121.317778"/>
      <trkpt lat="40.029718" lon="-121.317826"/>
      <trkpt lat="40.029701" lon="-121.317998"/>
      <trkpt lat="40.029709" lon="-121.318079"/>
      <trkpt lat="40.029709" lon="-121.318138"/>
      <trkpt lat="40.029713" lon="-121.318186"/>
      <trkpt lat="40.029734" lon="-121.318234"/>
      <trkpt lat="40.029746" lon="-121.318282"/>
      <trkpt lat="40.029750" lon="-121.318331"/>
      <trkpt lat="40.029746" lon="-121.318481"/>
      <trkpt lat="40.029750" lon="-121.318529"/>
      <trkpt lat="40.029750" lon="-121.318604"/>
      <trkpt lat="40.029763" lon="-121.318653"/>
      <trkpt lat="40.029763" lon="-121.318803"/>
      <trkpt lat="40.029742" lon="-121.318889"/>
      <trkpt lat="40.029742" lon="-121.318996"/>
      <trkpt lat="40.029767" lon="-121.319087"/>
      <trkpt lat="40.029792" lon="-121.319125"/>
      <trkpt lat="40.029927" lon="-121.319243"/>
      <trkpt lat="40.030026" lon="-121.319307"/>
      <trkpt lat="40.030141" lon="-121.319345"/>
      <trkpt lat="40.030239" lon="-121.319420"/>
      <trkpt lat="40.030264" lon="-121.319457"/>
      <trkpt lat="40.030301" lon="-121.319473"/>
      <trkpt lat="40.030383" lon="-121.319490"/>
      <trkpt lat="40.030457" lon="-121.319527"/>
      <trkpt lat="40.030490" lon="-121.319548"/>
      <trkpt lat="40.030535" lon="-121.319565"/>
      <trkpt lat="40.030568" lon="-121.319591"/>
      <trkpt lat="40.030588" lon="-121.319634"/>
      <trkpt lat="40.030584" lon="-121.319742"/>
      <trkpt lat="40.030572" lon="-121.319790"/>
      <trkpt lat="40.030572" lon="-121.319838"/>
      <trkpt lat="40.030547" lon="-121.319935"/>
      <trkpt lat="40.030551" lon="-121.319983"/>
      <trkpt lat="40.030535" lon="-121.320085"/>
      <trkpt lat="40.030555" lon="-121.320133"/>
      <trkpt lat="40.030564" lon="-121.320182"/>
      <trkpt lat="40.030584" lon="-121.320230"/>
      <trkpt lat="40.030592" lon="-121.320278"/>
      <trkpt lat="40.030621" lon="-121.320364"/>
      <trkpt lat="40.030639" lon="-121.320448"/>
      <trkpt lat="40.030668" lon="-121.320544"/>
      <trkpt lat="40.030662" lon="-121.320756"/>
      <trkpt lat="40.030662" lon="-121.320978"/>
      <trkpt lat="40.030619" lon="-121.321168"/>
      <trkpt lat="40.030597" lon="-121.321212"/>
      <trkpt lat="40.030572" lon="-121.321281"/>
      <trkpt lat="40.030566" lon="-121.321337"/>
      <trkpt lat="40.030543" lon="-121.321458"/>
      <trkpt lat="40.030535" lon="-121.321541"/>
      <trkpt lat="40.030521" lon="-121.321584"/>
      <trkpt lat="40.030496" lon="-121.321708"/>
      <trkpt lat="40.030496" lon="-121.321732"/>
      <trkpt lat="40.030484" lon="-121.321780"/>
      <trkpt lat="40.030375" lon="-121.322078"/>
      <trkpt lat="40.030346" lon="-121.322131"/>
      <trkpt lat="40.030321" lon="-121.322198"/>
      <trkpt lat="40.030303" lon="-121.322279"/>
      <trkpt lat="40.030305" lon="-121.322367"/>
      <trkpt lat="40.030311" lon="-121.322389"/>
      <trkpt lat="40.030303" lon="-121.322445"/>
      <trkpt lat="40.030293" lon="-121.322475"/>
      <trkpt lat="40.030284" lon="-121.322526"/>
      <trkpt lat="40.030284" lon="-121.322700"/>
      <trkpt lat="40.030280" lon="-121.322722"/>
      <trkpt lat="40.030278" lon="-121.322818"/>
      <trkpt lat="40.030264" lon="-121.322917"/>
      <trkpt lat="40.030262" lon="-121.323025"/>
      <trkpt lat="40.030254" lon="-121.323067"/>
      <trkpt lat="40.030254" lon="-121.323223"/>
      <trkpt lat="40.030243" lon="-121.323274"/>
      <trkpt lat="40.030243" lon="-121.323406"/>
      <trkpt lat="40.030247" lon="-121.323457"/>
      <trkpt lat="40.030264" lon="-121.323502"/>
      <trkpt lat="40.030276" lon="-121.323633"/>
      <trkpt lat="40.030262" lon="-121.323682"/>
      <trkpt lat="40.030247" lon="-121.323784"/>
      <trkpt lat="40.030254" lon="-121.323864"/>
      <trkpt lat="40.030251" lon="-121.323942"/>
      <trkpt lat="40.030258" lon="-121.323966"/>
      <trkpt lat="40.030258" lon="-121.324020"/>
      <trkpt lat="40.030268" lon="-121.324071"/>
      <trkpt lat="40.030268" lon="-121.324095"/>
      <trkpt lat="40.030336" lon="-121.324250"/>
      <trkpt lat="40.030360" lon="-121.324320"/>
      <trkpt lat="40.030385" lon="-121.324358"/>
      <trkpt lat="40.030420" lon="-121.324446"/>
      <trkpt lat="40.030424" lon="-121.324470"/>
      <trkpt lat="40.030434" lon="-121.324492"/>
      <trkpt lat="40.030440" lon="-121.324519"/>
      <trkpt lat="40.030484" lon="-121.324575"/>
      <trkpt lat="40.030502" lon="-121.324586"/>
      <trkpt lat="40.030562" lon="-121.324586"/>
      <trkpt lat="40.030699" lon="-121.324545"/>
      <trkpt lat="40.030742" lon="-121.324505"/>
      <trkpt lat="40.030761" lon="-121.324478"/>
      <trkpt lat="40.030818" lon="-121.324417"/>
      <trkpt lat="40.030857" lon="-121.324403"/>
      <trkpt lat="40.030898" lon="-121.324401"/>
      <trkpt lat="40.030915" lon="-121.324411"/>
      <trkpt lat="40.030927" lon="-121.324484"/>
      <trkpt lat="40.030925" lon="-121.324545"/>
      <trkpt lat="40.030907" lon="-121.324639"/>
      <trkpt lat="40.030905" lon="-121.324696"/>
      <trkpt lat="40.030896" lon="-121.324731"/>
      <trkpt lat="40.030894" lon="-121.324819"/>
      <trkpt lat="40.030909" lon="-121.324835"/>
      <trkpt lat="40.030933" lon="-121.324846"/>
      <trkpt lat="40.030952" lon="-121.324843"/>
      <trkpt lat="40.031073" lon="-121.324755"/>
      <trkpt lat="40.031094" lon="-121.324731"/>
      <trkpt lat="40.031143" lon="-121.324701"/>
      <trkpt lat="40.031172" lon="-121.324677"/>
      <trkpt lat="40.031211" lon="-121.324680"/>
      <trkpt lat="40.031246" lon="-121.324709"/>
      <trkpt lat="40.031258" lon="-121.324731"/>
      <trkpt lat="40.031264" lon="-121.324814"/>
      <trkpt lat="40.031260" lon="-121.324900"/>
      <trkpt lat="40.031274" lon="-121.324945"/>
      <trkpt lat="40.031303" lon="-121.324953"/>
      <trkpt lat="40.031315" lon="-121.324937"/>
      <trkpt lat="40.031365" lon="-121.324913"/>
      <trkpt lat="40.031379" lon="-121.324926"/>
      <trkpt lat="40.031377" lon="-121.324977"/>
      <trkpt lat="40.031348" lon="-121.325125"/>
      <trkpt lat="40.031338" lon="-121.325208"/>
      <trkpt lat="40.031309" lon="-121.325299"/>
      <trkpt lat="40.031305" lon="-121.325350"/>
      <trkpt lat="40.031291" lon="-121.325417"/>
      <trkpt lat="40.031307" lon="-121.325468"/>
      <trkpt lat="40.031336" lon="-121.325535"/>
      <trkpt lat="40.031315" lon="-121.325575"/>
      <trkpt lat="40.031274" lon="-121.325618"/>
      <trkpt lat="40.031270" lon="-121.325643"/>
      <trkpt lat="40.031270" lon="-121.325720"/>
      <trkpt lat="40.031305" lon="-121.325777"/>
      <trkpt lat="40.031322" lon="-121.325819"/>
      <trkpt lat="40.031322" lon="-121.325870"/>
      <trkpt lat="40.031289" lon="-121.325892"/>
      <trkpt lat="40.031184" lon="-121.325921"/>
      <trkpt lat="40.031149" lon="-121.325940"/>
      <trkpt lat="40.031065" lon="-121.325964"/>
      <trkpt lat="40.030999" lon="-121.326010"/>
      <trkpt lat="40.030962" lon="-121.326026"/>
      <trkpt lat="40.030942" lon="-121.326029"/>
      <trkpt lat="40.030857" lon="-121.325999"/>
      <trkpt lat="40.030845" lon="-121.325986"/>
      <trkpt lat="40.030771" lon="-121.325962"/>
      <trkpt lat="40.030714" lon="-121.325964"/>
      <trkpt lat="40.030699" lon="-121.325975"/>
      <trkpt lat="40.030627" lon="-121.326061"/>
      <trkpt lat="40.030590" lon="-121.326098"/>
      <trkpt lat="40.030580" lon="-121.326123"/>
      <trkpt lat="40.030566" lon="-121.326139"/>
      <trkpt lat="40.030521" lon="-121.326187"/>
      <trkpt lat="40.030486" lon="-121.326211"/>
      <trkpt lat="40.030367" lon="-121.326329"/>
      <trkpt lat="40.030350" lon="-121.326353"/>
      <trkpt lat="40.030334" lon="-121.326364"/>
      <trkpt lat="40.030217" lon="-121.326506"/>
      <trkpt lat="40.030192" lon="-121.326544"/>
      <trkpt lat="40.030186" lon="-121.326568"/>
      <trkpt lat="40.030182" lon="-121.326595"/>
      <trkpt lat="40.030186" lon="-121.326675"/>
      <trkpt lat="40.030167" lon="-121.326715"/>
      <trkpt lat="40.030143" lon="-121.326753"/>
      <trkpt lat="40.030130" lon="-121.326801"/>
      <trkpt lat="40.030130" lon="-121.326825"/>
      <trkpt lat="40.030151" lon="-121.326874"/>
      <trkpt lat="40.030176" lon="-121.326911"/>
      <trkpt lat="40.030178" lon="-121.326962"/>
      <trkpt lat="40.030192" lon="-121.327008"/>
      <trkpt lat="40.030200" lon="-121.327056"/>
      <trkpt lat="40.030198" lon="-121.327212"/>
      <trkpt lat="40.030169" lon="-121.327305"/>
      <trkpt lat="40.030153" lon="-121.327399"/>
      <trkpt lat="40.030149" lon="-121.327563"/>
      <trkpt lat="40.030157" lon="-121.327617"/>
      <trkpt lat="40.030190" lon="-121.327657"/>
      <trkpt lat="40.030198" lon="-121.327681"/>
      <trkpt lat="40.030231" lon="-121.327716"/>
      <trkpt lat="40.030276" lon="-121.327799"/>
      <trkpt lat="40.030311" lon="-121.327826"/>
      <trkpt lat="40.030350" lon="-121.327885"/>
      <trkpt lat="40.030354" lon="-121.327909"/>
      <trkpt lat="40.030350" lon="-121.327938"/>
      <trkpt lat="40.030321" lon="-121.328003"/>
      <trkpt lat="40.030307" lon="-121.328048"/>
      <trkpt lat="40.030309" lon="-121.328073"/>
      <trkpt lat="40.030330" lon="-121.328142"/>
      <trkpt lat="40.030287" lon="-121.328282"/>
      <trkpt lat="40.030287" lon="-121.328333"/>
      <trkpt lat="40.030268" lon="-121.328459"/>
      <trkpt lat="40.030268" lon="-121.328483"/>
      <trkpt lat="40.030284" lon="-121.328531"/>
      <trkpt lat="40.030319" lon="-121.328569"/>
      <trkpt lat="40.030373" lon="-121.328638"/>
      <trkpt lat="40.030383" lon="-121.328657"/>
      <trkpt lat="40.030426" lon="-121.328706"/>
      <trkpt lat="40.030449" lon="-121.328749"/>
      <trkpt lat="40.030451" lon="-121.328773"/>
      <trkpt lat="40.030440" lon="-121.328821"/>
      <trkpt lat="40.030402" lon="-121.328960"/>
      <trkpt lat="40.030402" lon="-121.329011"/>
      <trkpt lat="40.030395" lon="-121.329038"/>
      <trkpt lat="40.030395" lon="-121.329076"/>
      <trkpt lat="40.030403" lon="-121.329100"/>
      <trkpt lat="40.030414" lon="-121.329178"/>
      <trkpt lat="40.030422" lon="-121.329202"/>
      <trkpt lat="40.030440" lon="-121.329231"/>
      <trkpt lat="40.030447" lon="-121.329258"/>
      <trkpt lat="40.030451" lon="-121.329312"/>
      <trkpt lat="40.030447" lon="-121.329339"/>
      <trkpt lat="40.030432" lon="-121.329381"/>
      <trkpt lat="40.030422" lon="-121.329516"/>
      <trkpt lat="40.030412" lon="-121.329566"/>
      <trkpt lat="40.030412" lon="-121.329776"/>
      <trkpt lat="40.030383" lon="-121.329910"/>
      <trkpt lat="40.030385" lon="-121.329961"/>
      <trkpt lat="40.030381" lon="-121.330015"/>
      <trkpt lat="40.030367" lon="-121.330087"/>
      <trkpt lat="40.030364" lon="-121.330138"/>
      <trkpt lat="40.030375" lon="-121.330240"/>
      <trkpt lat="40.030406" lon="-121.330312"/>
      <trkpt lat="40.030410" lon="-121.330339"/>
      <trkpt lat="40.030408" lon="-121.330489"/>
      <trkpt lat="40.030434" lon="-121.330653"/>
      <trkpt lat="40.030434" lon="-121.330709"/>
      <trkpt lat="40.030426" lon="-121.330832"/>
      <trkpt lat="40.030412" lon="-121.330883"/>
      <trkpt lat="40.030414" lon="-121.330908"/>
      <trkpt lat="40.030403" lon="-121.331010"/>
      <trkpt lat="40.030402" lon="-121.331087"/>
      <trkpt lat="40.030391" lon="-121.331230"/>
      <trkpt lat="40.030391" lon="-121.331339"/>
      <trkpt lat="40.030395" lon="-121.331393"/>
      <trkpt lat="40.030408" lon="-121.331439"/>
      <trkpt lat="40.030418" lon="-121.331457"/>
      <trkpt lat="40.030424" lon="-121.331514"/>
      <trkpt lat="40.030463" lon="-121.331664"/>
      <trkpt lat="40.030473" lon="-121.331715"/>
      <trkpt lat="40.030478" lon="-121.331769"/>
      <trkpt lat="40.030488" lon="-121.331817"/>
      <trkpt lat="40.030488" lon="-121.331895"/>
      <trkpt lat="40.030479" lon="-121.331948"/>
      <trkpt lat="40.030449" lon="-121.332037"/>
      <trkpt lat="40.030442" lon="-121.332088"/>
      <trkpt lat="40.030451" lon="-121.332144"/>
      <trkpt lat="40.030471" lon="-121.332190"/>
      <trkpt lat="40.030496" lon="-121.332321"/>
      <trkpt lat="40.030498" lon="-121.332399"/>
      <trkpt lat="40.030494" lon="-121.332437"/>
      <trkpt lat="40.030494" lon="-121.332485"/>
      <trkpt lat="40.030498" lon="-121.332512"/>
      <trkpt lat="40.030508" lon="-121.332538"/>
      <trkpt lat="40.030525" lon="-121.332643"/>
      <trkpt lat="40.030549" lon="-121.332691"/>
      <trkpt lat="40.030549" lon="-121.332718"/>
      <trkpt lat="40.030558" lon="-121.332766"/>
      <trkpt lat="40.030582" lon="-121.332844"/>
      <trkpt lat="40.030590" lon="-121.332892"/>
      <trkpt lat="40.030615" lon="-121.332970"/>
      <trkpt lat="40.030627" lon="-121.333045"/>
      <trkpt lat="40.030638" lon="-121.333064"/>
      <trkpt lat="40.030652" lon="-121.333193"/>
      <trkpt lat="40.030697" lon="-121.333273"/>
      <trkpt lat="40.030703" lon="-121.333298"/>
      <trkpt lat="40.030716" lon="-121.333316"/>
      <trkpt lat="40.030720" lon="-121.333343"/>
      <trkpt lat="40.030716" lon="-121.333394"/>
      <trkpt lat="40.030650" lon="-121.333587"/>
      <trkpt lat="40.030646" lon="-121.333670"/>
      <trkpt lat="40.030650" lon="-121.333697"/>
      <trkpt lat="40.030670" lon="-121.333743"/>
      <trkpt lat="40.030675" lon="-121.333772"/>
      <trkpt lat="40.030666" lon="-121.334016"/>
      <trkpt lat="40.030670" lon="-121.334043"/>
      <trkpt lat="40.030687" lon="-121.334089"/>
      <trkpt lat="40.030707" lon="-121.334132"/>
      <trkpt lat="40.030716" lon="-121.334188"/>
      <trkpt lat="40.030746" lon="-121.334279"/>
      <trkpt lat="40.030753" lon="-121.334432"/>
      <trkpt lat="40.030763" lon="-121.334545"/>
      <trkpt lat="40.030759" lon="-121.334571"/>
      <trkpt lat="40.030763" lon="-121.334679"/>
      <trkpt lat="40.030753" lon="-121.334751"/>
      <trkpt lat="40.030751" lon="-121.334800"/>
      <trkpt lat="40.030732" lon="-121.334893"/>
      <trkpt lat="40.030726" lon="-121.334974"/>
      <trkpt lat="40.030749" lon="-121.335070"/>
      <trkpt lat="40.030792" lon="-121.335180"/>
      <trkpt lat="40.030796" lon="-121.335205"/>
      <trkpt lat="40.030777" lon="-121.335307"/>
      <trkpt lat="40.030777" lon="-121.335333"/>
      <trkpt lat="40.030759" lon="-121.335403"/>
      <trkpt lat="40.030716" lon="-121.335489"/>
      <trkpt lat="40.030691" lon="-121.335526"/>
      <trkpt lat="40.030662" lon="-121.335559"/>
      <trkpt lat="40.030629" lon="-121.335647"/>
      <trkpt lat="40.030617" lon="-121.335730"/>
      <trkpt lat="40.030625" lon="-121.335835"/>
      <trkpt lat="40.030625" lon="-121.335888"/>
      <trkpt lat="40.030599" lon="-121.336015"/>
      <trkpt lat="40.030564" lon="-121.336127"/>
      <trkpt lat="40.030562" lon="-121.336151"/>
      <trkpt lat="40.030566" lon="-121.336151"/>
      <trkpt lat="40.030574" lon="-121.336334"/>
      <trkpt lat="40.030582" lon="-121.336358"/>
      <trkpt lat="40.030580" lon="-121.336438"/>
      <trkpt lat="40.030586" lon="-121.336497"/>
      <trkpt lat="40.030582" lon="-121.336666"/>
      <trkpt lat="40.030590" lon="-121.336717"/>
      <trkpt lat="40.030594" lon="-121.336983"/>
      <trkpt lat="40.030586" lon="-121.337036"/>
      <trkpt lat="40.030584" lon="-121.337112"/>
      <trkpt lat="40.030607" lon="-121.337216"/>
      <trkpt lat="40.030609" lon="-121.337345"/>
      <trkpt lat="40.030627" lon="-121.337455"/>
      <trkpt lat="40.030631" lon="-121.337640"/>
      <trkpt lat="40.030664" lon="-121.337745"/>
      <trkpt lat="40.030675" lon="-121.337804"/>
      <trkpt lat="40.030670" lon="-121.337852"/>
      <trkpt lat="40.030679" lon="-121.337962"/>
      <trkpt lat="40.030695" lon="-121.338064"/>
      <trkpt lat="40.030693" lon="-121.338139"/>
      <trkpt lat="40.030689" lon="-121.338166"/>
      <trkpt lat="40.030681" lon="-121.338187"/>
      <trkpt lat="40.030617" lon="-121.338329"/>
      <trkpt lat="40.030609" lon="-121.338410"/>
      <trkpt lat="40.030607" lon="-121.338474"/>
      <trkpt lat="40.030590" lon="-121.338544"/>
      <trkpt lat="40.030590" lon="-121.338716"/>
      <trkpt lat="40.030580" lon="-121.338761"/>
      <trkpt lat="40.030576" lon="-121.338842"/>
      <trkpt lat="40.030601" lon="-121.338943"/>
      <trkpt lat="40.030601" lon="-121.338997"/>
      <trkpt lat="40.030586" lon="-121.339051"/>
      <trkpt lat="40.030568" lon="-121.339096"/>
      <trkpt lat="40.030558" lon="-121.339142"/>
      <trkpt lat="40.030560" lon="-121.339193"/>
      <trkpt lat="40.030582" lon="-121.339274"/>
      <trkpt lat="40.030601" lon="-121.339375"/>
      <trkpt lat="40.030601" lon="-121.339405"/>
      <trkpt lat="40.030586" lon="-121.339507"/>
      <trkpt lat="40.030586" lon="-121.339587"/>
      <trkpt lat="40.030574" lon="-121.339670"/>
      <trkpt lat="40.030576" lon="-121.339748"/>
      <trkpt lat="40.030562" lon="-121.339829"/>
      <trkpt lat="40.030533" lon="-121.339896"/>
      <trkpt lat="40.030521" lon="-121.339941"/>
      <trkpt lat="40.030523" lon="-121.340070"/>
      <trkpt lat="40.030529" lon="-121.340094"/>
      <trkpt lat="40.030537" lon="-121.340199"/>
      <trkpt lat="40.030537" lon="-121.340274"/>
      <trkpt lat="40.030508" lon="-121.340389"/>
      <trkpt lat="40.030508" lon="-121.340494"/>
      <trkpt lat="40.030496" lon="-121.340564"/>
      <trkpt lat="40.030478" lon="-121.340609"/>
      <trkpt lat="40.030469" lon="-121.340649"/>
      <trkpt lat="40.030432" lon="-121.340727"/>
      <trkpt lat="40.030416" lon="-121.340776"/>
      <trkpt lat="40.030399" lon="-121.340885"/>
      <trkpt lat="40.030397" lon="-121.341038"/>
      <trkpt lat="40.030389" lon="-121.341114"/>
      <trkpt lat="40.030391" lon="-121.341298"/>
      <trkpt lat="40.030414" lon="-121.341430"/>
      <trkpt lat="40.030414" lon="-121.341529"/>
      <trkpt lat="40.030403" lon="-121.341639"/>
      <trkpt lat="40.030399" lon="-121.341843"/>
      <trkpt lat="40.030385" lon="-121.341950"/>
      <trkpt lat="40.030397" lon="-121.342007"/>
      <trkpt lat="40.030416" lon="-121.342245"/>
      <trkpt lat="40.030430" lon="-121.342320"/>
      <trkpt lat="40.030432" lon="-121.342347"/>
      <trkpt lat="40.030422" lon="-121.342347"/>
      <trkpt lat="40.030479" lon="-121.342425"/>
      <trkpt lat="40.030535" lon="-121.342535"/>
      <trkpt lat="40.030537" lon="-121.342586"/>
      <trkpt lat="40.030601" lon="-121.342744"/>
      <trkpt lat="40.030609" lon="-121.342774"/>
      <trkpt lat="40.030627" lon="-121.342795"/>
      <trkpt lat="40.030640" lon="-121.342822"/>
      <trkpt lat="40.030687" lon="-121.342878"/>
      <trkpt lat="40.030716" lon="-121.342929"/>
      <trkpt lat="40.030738" lon="-121.342996"/>
      <trkpt lat="40.030751" lon="-121.343074"/>
      <trkpt lat="40.030757" lon="-121.343152"/>
      <trkpt lat="40.030763" lon="-121.343173"/>
      <trkpt lat="40.030763" lon="-121.343224"/>
      <trkpt lat="40.030777" lon="-121.343307"/>
      <trkpt lat="40.030777" lon="-121.343383"/>
      <trkpt lat="40.030794" lon="-121.343428"/>
      <trkpt lat="40.030816" lon="-121.343474"/>
      <trkpt lat="40.030847" lon="-121.343565"/>
      <trkpt lat="40.030849" lon="-121.343747"/>
      <trkpt lat="40.030843" lon="-121.343798"/>
      <trkpt lat="40.030812" lon="-121.343911"/>
      <trkpt lat="40.030794" lon="-121.343954"/>
      <trkpt lat="40.030783" lon="-121.344005"/>
      <trkpt lat="40.030777" lon="-121.344013"/>
      <trkpt lat="40.030779" lon="-121.344152"/>
      <trkpt lat="40.030790" lon="-121.344174"/>
      <trkpt lat="40.030796" lon="-121.344225"/>
      <trkpt lat="40.030796" lon="-121.344276"/>
      <trkpt lat="40.030783" lon="-121.344335"/>
      <trkpt lat="40.030749" lon="-121.344426"/>
      <trkpt lat="40.030744" lon="-121.344450"/>
      <trkpt lat="40.030744" lon="-121.344474"/>
      <trkpt lat="40.030771" lon="-121.344576"/>
      <trkpt lat="40.030800" lon="-121.344622"/>
      <trkpt lat="40.030816" lon="-121.344665"/>
      <trkpt lat="40.030831" lon="-121.344740"/>
      <trkpt lat="40.030831" lon="-121.344791"/>
      <trkpt lat="40.030820" lon="-121.344842"/>
      <trkpt lat="40.030812" lon="-121.344863"/>
      <trkpt lat="40.030765" lon="-121.344933"/>
      <trkpt lat="40.030732" lon="-121.344992"/>
      <trkpt lat="40.030712" lon="-121.345062"/>
      <trkpt lat="40.030689" lon="-121.345207"/>
      <trkpt lat="40.030658" lon="-121.345346"/>
      <trkpt lat="40.030662" lon="-121.345472"/>
      <trkpt lat="40.030675" lon="-121.345523"/>
      <trkpt lat="40.030742" lon="-121.345628"/>
      <trkpt lat="40.030755" lon="-121.345673"/>
      <trkpt lat="40.030755" lon="-121.345727"/>
      <trkpt lat="40.030746" lon="-121.345772"/>
      <trkpt lat="40.030693" lon="-121.345880"/>
      <trkpt lat="40.030695" lon="-121.345896"/>
      <trkpt lat="40.030679" lon="-121.345901"/>
      <trkpt lat="40.030664" lon="-121.345915"/>
      <trkpt lat="40.030644" lon="-121.345963"/>
      <trkpt lat="40.030638" lon="-121.346041"/>
      <trkpt lat="40.030670" lon="-121.346145"/>
      <trkpt lat="40.030668" lon="-121.346223"/>
      <trkpt lat="40.030648" lon="-121.346277"/>
      <trkpt lat="40.030615" lon="-121.346301"/>
      <trkpt lat="40.030603" lon="-121.346317"/>
      <trkpt lat="40.030592" lon="-121.346368"/>
      <trkpt lat="40.030554" lon="-121.346454"/>
      <trkpt lat="40.030551" lon="-121.346529"/>
      <trkpt lat="40.030535" lon="-121.346572"/>
      <trkpt lat="40.030486" lon="-121.346647"/>
      <trkpt lat="40.030469" lon="-121.346698"/>
      <trkpt lat="40.030465" lon="-121.346802"/>
      <trkpt lat="40.030455" lon="-121.346821"/>
      <trkpt lat="40.030438" lon="-121.347060"/>
      <trkpt lat="40.030428" lon="-121.347116"/>
      <trkpt lat="40.030426" lon="-121.347221"/>
      <trkpt lat="40.030416" lon="-121.347269"/>
      <trkpt lat="40.030410" lon="-121.347350"/>
      <trkpt lat="40.030387" lon="-121.347425"/>
      <trkpt lat="40.030371" lon="-121.347524"/>
      <trkpt lat="40.030371" lon="-121.347578"/>
      <trkpt lat="40.030402" lon="-121.347647"/>
      <trkpt lat="40.030412" lon="-121.347698"/>
      <trkpt lat="40.030410" lon="-121.347725"/>
      <trkpt lat="40.030451" lon="-121.347784"/>
      <trkpt lat="40.030514" lon="-121.347926"/>
      <trkpt lat="40.030529" lon="-121.347945"/>
      <trkpt lat="40.030537" lon="-121.347966"/>
      <trkpt lat="40.030545" lon="-121.348017"/>
      <trkpt lat="40.030578" lon="-121.348090"/>
      <trkpt lat="40.030582" lon="-121.348114"/>
      <trkpt lat="40.030582" lon="-121.348224"/>
      <trkpt lat="40.030535" lon="-121.348366"/>
      <trkpt lat="40.030523" lon="-121.348414"/>
      <trkpt lat="40.030518" lon="-121.348516"/>
      <trkpt lat="40.030521" lon="-121.348629"/>
      <trkpt lat="40.030545" lon="-121.348715"/>
      <trkpt lat="40.030554" lon="-121.348766"/>
      <trkpt lat="40.030584" lon="-121.348827"/>
      <trkpt lat="40.030609" lon="-121.348924"/>
      <trkpt lat="40.030642" lon="-121.348996"/>
      <trkpt lat="40.030693" lon="-121.349042"/>
      <trkpt lat="40.030753" lon="-121.349114"/>
      <trkpt lat="40.030761" lon="-121.349139"/>
      <trkpt lat="40.030767" lon="-121.349206"/>
      <trkpt lat="40.030765" lon="-121.349375"/>
      <trkpt lat="40.030769" lon="-121.349423"/>
      <trkpt lat="40.030792" lon="-121.349498"/>
      <trkpt lat="40.030792" lon="-121.349525"/>
      <trkpt lat="40.030783" lon="-121.349562"/>
      <trkpt lat="40.030757" lon="-121.349613"/>
      <trkpt lat="40.030753" lon="-121.349678"/>
      <trkpt lat="40.030783" lon="-121.349949"/>
      <trkpt lat="40.030781" lon="-121.350128"/>
      <trkpt lat="40.030788" lon="-121.350209"/>
      <trkpt lat="40.030794" lon="-121.350397"/>
      <trkpt lat="40.030800" lon="-121.350418"/>
      <trkpt lat="40.030808" lon="-121.350499"/>
      <trkpt lat="40.030804" lon="-121.350584"/>
      <trkpt lat="40.030773" lon="-121.350777"/>
      <trkpt lat="40.030753" lon="-121.350847"/>
      <trkpt lat="40.030751" lon="-121.350949"/>
      <trkpt lat="40.030734" lon="-121.351080"/>
      <trkpt lat="40.030716" lon="-121.351121"/>
      <trkpt lat="40.030699" lon="-121.351131"/>
      <trkpt lat="40.030687" lon="-121.351148"/>
      <trkpt lat="40.030679" lon="-121.351172"/>
      <trkpt lat="40.030670" lon="-121.351220"/>
      <trkpt lat="40.030666" lon="-121.351306"/>
      <trkpt lat="40.030693" lon="-121.351402"/>
      <trkpt lat="40.030707" lon="-121.351480"/>
      <trkpt lat="40.030763" lon="-121.351542"/>
      <trkpt lat="40.030769" lon="-121.351590"/>
      <trkpt lat="40.030746" lon="-121.351657"/>
      <trkpt lat="40.030749" lon="-121.351708"/>
      <trkpt lat="40.030779" lon="-121.351813"/>
      <trkpt lat="40.030779" lon="-121.351893"/>
      <trkpt lat="40.030769" lon="-121.351915"/>
      <trkpt lat="40.030757" lon="-121.351990"/>
      <trkpt lat="40.030755" lon="-121.352170"/>
      <trkpt lat="40.030749" lon="-121.352285"/>
      <trkpt lat="40.030759" lon="-121.352363"/>
      <trkpt lat="40.030759" lon="-121.352481"/>
      <trkpt lat="40.030732" lon="-121.352628"/>
      <trkpt lat="40.030732" lon="-121.352752"/>
      <trkpt lat="40.030736" lon="-121.352853"/>
      <trkpt lat="40.030744" lon="-121.352880"/>
      <trkpt lat="40.030744" lon="-121.352988"/>
      <trkpt lat="40.030749" lon="-121.353068"/>
      <trkpt lat="40.030755" lon="-121.353089"/>
      <trkpt lat="40.030757" lon="-121.353132"/>
      <trkpt lat="40.030763" lon="-121.353154"/>
      <trkpt lat="40.030779" lon="-121.353258"/>
      <trkpt lat="40.030820" lon="-121.353379"/>
      <trkpt lat="40.030829" lon="-121.353427"/>
      <trkpt lat="40.030855" lon="-121.353468"/>
      <trkpt lat="40.030892" lon="-121.353556"/>
      <trkpt lat="40.030905" lon="-121.353610"/>
      <trkpt lat="40.030931" lon="-121.353656"/>
      <trkpt lat="40.030938" lon="-121.353682"/>
      <trkpt lat="40.030966" lon="-121.353747"/>
      <trkpt lat="40.030966" lon="-121.353774"/>
      <trkpt lat="40.030972" lon="-121.353798"/>
      <trkpt lat="40.031005" lon="-121.353870"/>
      <trkpt lat="40.031022" lon="-121.353918"/>
      <trkpt lat="40.031048" lon="-121.354044"/>
      <trkpt lat="40.031044" lon="-121.354093"/>
      <trkpt lat="40.031026" lon="-121.354170"/>
      <trkpt lat="40.031030" lon="-121.354270"/>
      <trkpt lat="40.031003" lon="-121.354390"/>
      <trkpt lat="40.030995" lon="-121.354444"/>
      <trkpt lat="40.030991" lon="-121.354533"/>
      <trkpt lat="40.031001" lon="-121.354559"/>
      <trkpt lat="40.031005" lon="-121.354589"/>
      <trkpt lat="40.031014" lon="-121.354747"/>
      <trkpt lat="40.031014" lon="-121.354825"/>
      <trkpt lat="40.030989" lon="-121.354929"/>
      <trkpt lat="40.030972" lon="-121.354975"/>
      <trkpt lat="40.030960" lon="-121.355061"/>
      <trkpt lat="40.030964" lon="-121.355310"/>
      <trkpt lat="40.030946" lon="-121.355412"/>
      <trkpt lat="40.030938" lon="-121.355512"/>
      <trkpt lat="40.030938" lon="-121.355565"/>
      <trkpt lat="40.030929" lon="-121.355614"/>
      <trkpt lat="40.030927" lon="-121.355667"/>
      <trkpt lat="40.030933" lon="-121.355691"/>
      <trkpt lat="40.030962" lon="-121.355756"/>
      <trkpt lat="40.030970" lon="-121.355807"/>
      <trkpt lat="40.031022" lon="-121.355927"/>
      <trkpt lat="40.031024" lon="-121.356032"/>
      <trkpt lat="40.031034" lon="-121.356086"/>
      <trkpt lat="40.031065" lon="-121.356185"/>
      <trkpt lat="40.031087" lon="-121.356236"/>
      <trkpt lat="40.031118" lon="-121.356332"/>
      <trkpt lat="40.031133" lon="-121.356354"/>
      <trkpt lat="40.031153" lon="-121.356405"/>
      <trkpt lat="40.031168" lon="-121.356517"/>
      <trkpt lat="40.031188" lon="-121.356593"/>
      <trkpt lat="40.031200" lon="-121.356617"/>
      <trkpt lat="40.031250" lon="-121.356673"/>
      <trkpt lat="40.031285" lon="-121.356700"/>
      <trkpt lat="40.031299" lon="-121.356716"/>
      <trkpt lat="40.031346" lon="-121.356743"/>
      <trkpt lat="40.031472" lon="-121.356880"/>
      <trkpt lat="40.031556" lon="-121.357016"/>
      <trkpt lat="40.031576" lon="-121.357054"/>
      <trkpt lat="40.031597" lon="-121.357105"/>
      <trkpt lat="40.031628" lon="-121.357148"/>
      <trkpt lat="40.031685" lon="-121.357258"/>
      <trkpt lat="40.031728" lon="-121.357319"/>
      <trkpt lat="40.031777" lon="-121.357432"/>
      <trkpt lat="40.031802" lon="-121.357475"/>
      <trkpt lat="40.031819" lon="-121.357518"/>
      <trkpt lat="40.031843" lon="-121.357558"/>
      <trkpt lat="40.031855" lon="-121.357574"/>
      <trkpt lat="40.031894" lon="-121.357604"/>
      <trkpt lat="40.031956" lon="-121.357665"/>
      <trkpt lat="40.031995" lon="-121.357692"/>
      <trkpt lat="40.032053" lon="-121.357775"/>
      <trkpt lat="40.032102" lon="-121.357885"/>
      <trkpt lat="40.032184" lon="-121.358019"/>
      <trkpt lat="40.032215" lon="-121.358054"/>
      <trkpt lat="40.032227" lon="-121.358103"/>
      <trkpt lat="40.032246" lon="-121.358129"/>
      <trkpt lat="40.032264" lon="-121.358175"/>
      <trkpt lat="40.032307" lon="-121.358261"/>
      <trkpt lat="40.032322" lon="-121.358309"/>
      <trkpt lat="40.032348" lon="-121.358357"/>
      <trkpt lat="40.032385" lon="-121.358406"/>
      <trkpt lat="40.032410" lon="-121.358454"/>
      <trkpt lat="40.032449" lon="-121.358548"/>
      <trkpt lat="40.032476" lon="-121.358634"/>
      <trkpt lat="40.032484" lon="-121.358695"/>
      <trkpt lat="40.032459" lon="-121.358762"/>
      <trkpt lat="40.032447" lon="-121.358784"/>
      <trkpt lat="40.032433" lon="-121.358838"/>
      <trkpt lat="40.032426" lon="-121.358886"/>
      <trkpt lat="40.032429" lon="-121.358996"/>
      <trkpt lat="40.032433" lon="-121.359023"/>
      <trkpt lat="40.032447" lon="-121.359071"/>
      <trkpt lat="40.032472" lon="-121.359114"/>
      <trkpt lat="40.032490" lon="-121.359159"/>
      <trkpt lat="40.032502" lon="-121.359213"/>
      <trkpt lat="40.032519" lon="-121.359261"/>
      <trkpt lat="40.032519" lon="-121.359312"/>
      <trkpt lat="40.032539" lon="-121.359471"/>
      <trkpt lat="40.032539" lon="-121.359581"/>
      <trkpt lat="40.032535" lon="-121.359607"/>
      <trkpt lat="40.032517" lon="-121.359669"/>
      <trkpt lat="40.032509" lon="-121.359728"/>
      <trkpt lat="40.032486" lon="-121.359763"/>
      <trkpt lat="40.032447" lon="-121.359798"/>
      <trkpt lat="40.032435" lon="-121.359819"/>
      <trkpt lat="40.032429" lon="-121.359843"/>
      <trkpt lat="40.032429" lon="-121.359867"/>
      <trkpt lat="40.032441" lon="-121.359918"/>
      <trkpt lat="40.032451" lon="-121.359940"/>
      <trkpt lat="40.032463" lon="-121.360045"/>
      <trkpt lat="40.032484" lon="-121.360082"/>
      <trkpt lat="40.032490" lon="-121.360103"/>
      <trkpt lat="40.032515" lon="-121.360144"/>
      <trkpt lat="40.032548" lon="-121.360179"/>
      <trkpt lat="40.032581" lon="-121.360200"/>
      <trkpt lat="40.032599" lon="-121.360205"/>
      <trkpt lat="40.032615" lon="-121.360216"/>
      <trkpt lat="40.032658" lon="-121.360270"/>
      <trkpt lat="40.032693" lon="-121.360353"/>
      <trkpt lat="40.032698" lon="-121.360388"/>
      <trkpt lat="40.032689" lon="-121.360484"/>
      <trkpt lat="40.032658" lon="-121.360543"/>
      <trkpt lat="40.032640" lon="-121.360613"/>
      <trkpt lat="40.032638" lon="-121.360795"/>
      <trkpt lat="40.032624" lon="-121.360849"/>
      <trkpt lat="40.032613" lon="-121.360871"/>
      <trkpt lat="40.032595" lon="-121.360946"/>
      <trkpt lat="40.032589" lon="-121.361037"/>
      <trkpt lat="40.032589" lon="-121.361150"/>
      <trkpt lat="40.032603" lon="-121.361227"/>
      <trkpt lat="40.032609" lon="-121.361327"/>
      <trkpt lat="40.032605" lon="-121.361367"/>
      <trkpt lat="40.032597" lon="-121.361386"/>
      <trkpt lat="40.032587" lon="-121.361434"/>
      <trkpt lat="40.032568" lon="-121.361480"/>
      <trkpt lat="40.032560" lon="-121.361512"/>
      <trkpt lat="40.032556" lon="-121.361538"/>
      <trkpt lat="40.032558" lon="-121.361595"/>
      <trkpt lat="40.032613" lon="-121.361777"/>
      <trkpt lat="40.032620" lon="-121.361855"/>
      <trkpt lat="40.032620" lon="-121.361927"/>
      <trkpt lat="40.032630" lon="-121.361954"/>
      <trkpt lat="40.032652" lon="-121.361984"/>
      <trkpt lat="40.032673" lon="-121.362003"/>
      <trkpt lat="40.032712" lon="-121.362059"/>
      <trkpt lat="40.032755" lon="-121.362096"/>
      <trkpt lat="40.032786" lon="-121.362131"/>
      <trkpt lat="40.032809" lon="-121.362198"/>
      <trkpt lat="40.032819" lon="-121.362284"/>
      <trkpt lat="40.032821" lon="-121.362391"/>
      <trkpt lat="40.032813" lon="-121.362440"/>
      <trkpt lat="40.032737" lon="-121.362657"/>
      <trkpt lat="40.032708" lon="-121.362764"/>
      <trkpt lat="40.032700" lon="-121.362839"/>
      <trkpt lat="40.032700" lon="-121.362920"/>
      <trkpt lat="40.032710" lon="-121.362965"/>
      <trkpt lat="40.032712" lon="-121.363016"/>
      <trkpt lat="40.032739" lon="-121.363091"/>
      <trkpt lat="40.032773" lon="-121.363151"/>
      <trkpt lat="40.032840" lon="-121.363188"/>
    </trkseg>
    <trkseg>
      <trkpt lat="40.006883" lon="-121.251566"/>
      <trkpt lat="40.007021" lon="-121.251604"/>
      <trkpt lat="40.007042" lon="-121.251616"/>
      <trkpt lat="40.007038" lon="-121.251667"/>
      <trkpt lat="40.007005" lon="-121.251780"/>
      <trkpt lat="40.006937" lon="-121.251906"/>
      <trkpt lat="40.006912" lon="-121.251941"/>
      <trkpt lat="40.006871" lon="-121.252021"/>
      <trkpt lat="40.006839" lon="-121.252158"/>
      <trkpt lat="40.006826" lon="-121.252233"/>
      <trkpt lat="40.006841" lon="-121.252340"/>
      <trkpt lat="40.006836" lon="-121.252415"/>
      <trkpt lat="40.006795" lon="-121.252579"/>
      <trkpt lat="40.006791" lon="-121.252625"/>
      <trkpt lat="40.006783" lon="-121.252649"/>
      <trkpt lat="40.006769" lon="-121.252727"/>
      <trkpt lat="40.006771" lon="-121.252850"/>
      <trkpt lat="40.006765" lon="-121.252957"/>
      <trkpt lat="40.006767" lon="-121.253167"/>
      <trkpt lat="40.006765" lon="-121.253193"/>
      <trkpt lat="40.006740" lon="-121.253266"/>
      <trkpt lat="40.006738" lon="-121.253317"/>
      <trkpt lat="40.006732" lon="-121.253341"/>
      <trkpt lat="40.006719" lon="-121.253456"/>
      <trkpt lat="40.006719" lon="-121.253660"/>
      <trkpt lat="40.006744" lon="-121.253730"/>
      <trkpt lat="40.006756" lon="-121.253751"/>
      <trkpt lat="40.006758" lon="-121.253778"/>
      <trkpt lat="40.006752" lon="-121.253802"/>
      <trkpt lat="40.006728" lon="-121.253840"/>
      <trkpt lat="40.006650" lon="-121.253899"/>
      <trkpt lat="40.006596" lon="-121.253968"/>
      <trkpt lat="40.006565" lon="-121.254030"/>
      <trkpt lat="40.006493" lon="-121.254146"/>
      <trkpt lat="40.006432" lon="-121.254255"/>
      <trkpt lat="40.006288" lon="-121.254443"/>
      <trkpt lat="40.006218" lon="-121.254612"/>
      <trkpt lat="40.006212" lon="-121.254717"/>
      <trkpt lat="40.006195" lon="-121.254760"/>
      <trkpt lat="40.006165" lon="-121.254792"/>
      <trkpt lat="40.006124" lon="-121.254859"/>
      <trkpt lat="40.006115" lon="-121.254937"/>
      <trkpt lat="40.006132" lon="-121.255009"/>
      <trkpt lat="40.006142" lon="-121.255143"/>
      <trkpt lat="40.006169" lon="-121.255216"/>
      <trkpt lat="40.006195" lon="-121.255342"/>
      <trkpt lat="40.006200" lon="-121.255425"/>
      <trkpt lat="40.006210" lon="-121.255476"/>
      <trkpt lat="40.006214" lon="-121.255529"/>
      <trkpt lat="40.006212" lon="-121.255586"/>
      <trkpt lat="40.006200" lon="-121.255605"/>
      <trkpt lat="40.006146" lon="-121.255626"/>
      <trkpt lat="40.006099" lon="-121.255658"/>
      <trkpt lat="40.006037" lon="-121.255712"/>
      <trkpt lat="40.006011" lon="-121.255755"/>
      <trkpt lat="40.005967" lon="-121.255809"/>
      <trkpt lat="40.005914" lon="-121.255940"/>
      <trkpt lat="40.005889" lon="-121.256034"/>
      <trkpt lat="40.005875" lon="-121.256154"/>
      <trkpt lat="40.005840" lon="-121.256326"/>
      <trkpt lat="40.005832" lon="-121.256345"/>
      <trkpt lat="40.005822" lon="-121.256390"/>
      <trkpt lat="40.005805" lon="-121.256431"/>
      <trkpt lat="40.005783" lon="-121.256468"/>
      <trkpt lat="40.005754" lon="-121.256535"/>
      <trkpt lat="40.005744" lon="-121.256584"/>
      <trkpt lat="40.005741" lon="-121.256734"/>
      <trkpt lat="40.005746" lon="-121.256758"/>
      <trkpt lat="40.005746" lon="-121.256833"/>
      <trkpt lat="40.005723" lon="-121.256957"/>
      <trkpt lat="40.005721" lon="-121.257064"/>
      <trkpt lat="40.005713" lon="-121.257088"/>
      <trkpt lat="40.005700" lon="-121.257101"/>
      <trkpt lat="40.005645" lon="-121.257101"/>
      <trkpt lat="40.005540" lon="-121.257128"/>
      <trkpt lat="40.005491" lon="-121.257160"/>
      <trkpt lat="40.005433" lon="-121.257219"/>
      <trkpt lat="40.005322" lon="-121.257372"/>
      <trkpt lat="40.005304" lon="-121.257423"/>
      <trkpt lat="40.005296" lon="-121.257498"/>
      <trkpt lat="40.005285" lon="-121.257520"/>
      <trkpt lat="40.005263" lon="-121.257589"/>
      <trkpt lat="40.005252" lon="-121.257608"/>
      <trkpt lat="40.005209" lon="-121.257656"/>
      <trkpt lat="40.005129" lon="-121.257718"/>
      <trkpt lat="40.005090" lon="-121.257764"/>
      <trkpt lat="40.005078" lon="-121.257788"/>
      <trkpt lat="40.005055" lon="-121.257852"/>
      <trkpt lat="40.005047" lon="-121.257903"/>
      <trkpt lat="40.005047" lon="-121.257954"/>
      <trkpt lat="40.005051" lon="-121.257978"/>
      <trkpt lat="40.005102" lon="-121.258054"/>
      <trkpt lat="40.005113" lon="-121.258075"/>
      <trkpt lat="40.005187" lon="-121.258172"/>
      <trkpt lat="40.005220" lon="-121.258206"/>
      <trkpt lat="40.005232" lon="-121.258230"/>
      <trkpt lat="40.005234" lon="-121.258257"/>
      <trkpt lat="40.005228" lon="-121.258279"/>
      <trkpt lat="40.005150" lon="-121.258367"/>
      <trkpt lat="40.005115" lon="-121.258434"/>
      <trkpt lat="40.005113" lon="-121.258461"/>
      <trkpt lat="40.005123" lon="-121.258555"/>
      <trkpt lat="40.005135" lon="-121.258574"/>
      <trkpt lat="40.005162" lon="-121.258641"/>
      <trkpt lat="40.005185" lon="-121.258681"/>
      <trkpt lat="40.005209" lon="-121.258756"/>
      <trkpt lat="40.005213" lon="-121.258780"/>
      <trkpt lat="40.005218" lon="-121.258885"/>
      <trkpt lat="40.005205" lon="-121.258944"/>
      <trkpt lat="40.005162" lon="-121.259062"/>
      <trkpt lat="40.005160" lon="-121.259089"/>
      <trkpt lat="40.005248" lon="-121.259185"/>
      <trkpt lat="40.005279" lon="-121.259212"/>
      <trkpt lat="40.005318" lon="-121.259263"/>
      <trkpt lat="40.005333" lon="-121.259309"/>
      <trkpt lat="40.005343" lon="-121.259360"/>
      <trkpt lat="40.005384" lon="-121.259454"/>
      <trkpt lat="40.005452" lon="-121.259561"/>
      <trkpt lat="40.005458" lon="-121.259582"/>
      <trkpt lat="40.005592" lon="-121.259765"/>
      <trkpt lat="40.005631" lon="-121.259797"/>
      <trkpt lat="40.005653" lon="-121.259837"/>
      <trkpt lat="40.005670" lon="-121.259853"/>
      <trkpt lat="40.005702" lon="-121.259910"/>
      <trkpt lat="40.005709" lon="-121.259934"/>
      <trkpt lat="40.005709" lon="-121.260049"/>
      <trkpt lat="40.005717" lon="-121.260105"/>
      <trkpt lat="40.005756" lon="-121.260218"/>
      <trkpt lat="40.005764" lon="-121.260253"/>
      <trkpt lat="40.005803" lon="-121.260347"/>
      <trkpt lat="40.005817" lon="-121.260422"/>
      <trkpt lat="40.005828" lon="-121.260443"/>
      <trkpt lat="40.005912" lon="-121.260575"/>
      <trkpt lat="40.005945" lon="-121.260639"/>
      <trkpt lat="40.005990" lon="-121.260749"/>
      <trkpt lat="40.006019" lon="-121.260846"/>
      <trkpt lat="40.006037" lon="-121.260883"/>
      <trkpt lat="40.006041" lon="-121.260931"/>
      <trkpt lat="40.006066" lon="-121.260969"/>
      <trkpt lat="40.006095" lon="-121.261055"/>
      <trkpt lat="40.006173" lon="-121.261200"/>
      <trkpt lat="40.006202" lon="-121.261232"/>
      <trkpt lat="40.006234" lon="-121.261253"/>
      <trkpt lat="40.006304" lon="-121.261296"/>
      <trkpt lat="40.006346" lon="-121.261312"/>
      <trkpt lat="40.006432" lon="-121.261398"/>
      <trkpt lat="40.006535" lon="-121.261473"/>
      <trkpt lat="40.006604" lon="-121.261511"/>
      <trkpt lat="40.006674" lon="-121.261559"/>
      <trkpt lat="40.006740" lon="-121.261618"/>
      <trkpt lat="40.006797" lon="-121.261688"/>
      <trkpt lat="40.006834" lon="-121.261779"/>
      <trkpt lat="40.006888" lon="-121.261843"/>
      <trkpt lat="40.006962" lon="-121.261972"/>
      <trkpt lat="40.006999" lon="-121.262063"/>
      <trkpt lat="40.007028" lon="-121.262096"/>
      <trkpt lat="40.007064" lon="-121.262192"/>
      <trkpt lat="40.007110" lon="-121.262273"/>
      <trkpt lat="40.007221" lon="-121.262407"/>
      <trkpt lat="40.007340" lon="-121.262514"/>
      <trkpt lat="40.007414" lon="-121.262557"/>
      <trkpt lat="40.007451" lon="-121.262584"/>
      <trkpt lat="40.007484" lon="-121.262616"/>
      <trkpt lat="40.007623" lon="-121.262702"/>
      <trkpt lat="40.007734" lon="-121.262739"/>
      <trkpt lat="40.007816" lon="-121.262750"/>
      <trkpt lat="40.007853" lon="-121.262750"/>
      <trkpt lat="40.008010" lon="-121.262713"/>
      <trkpt lat="40.008268" lon="-121.262637"/>
      <trkpt lat="40.008359" lon="-121.262573"/>
      <trkpt lat="40.008416" lon="-121.262519"/>
      <trkpt lat="40.008523" lon="-121.262466"/>
      <trkpt lat="40.008585" lon="-121.262412"/>
      <trkpt lat="40.008622" lon="-121.262396"/>
      <trkpt lat="40.008692" lon="-121.262380"/>
      <trkpt lat="40.008794" lon="-121.262342"/>
      <trkpt lat="40.008823" lon="-121.262321"/>
      <trkpt lat="40.008938" lon="-121.262278"/>
      <trkpt lat="40.009168" lon="-121.262251"/>
      <trkpt lat="40.009201" lon="-121.262240"/>
      <trkpt lat="40.009555" lon="-121.262240"/>
      <trkpt lat="40.009591" lon="-121.262230"/>
      <trkpt lat="40.009620" lon="-121.262208"/>
      <trkpt lat="40.009657" lon="-121.262133"/>
      <trkpt lat="40.009686" lon="-121.262106"/>
      <trkpt lat="40.009752" lon="-121.262155"/>
      <trkpt lat="40.009780" lon="-121.262214"/>
      <trkpt lat="40.009805" lon="-121.262246"/>
      <trkpt lat="40.009813" lon="-121.262294"/>
      <trkpt lat="40.009801" lon="-121.262342"/>
      <trkpt lat="40.009756" lon="-121.262471"/>
      <trkpt lat="40.009678" lon="-121.262562"/>
      <trkpt lat="40.009645" lon="-121.262589"/>
      <trkpt lat="40.009546" lon="-121.262653"/>
      <trkpt lat="40.009518" lon="-121.262680"/>
      <trkpt lat="40.009489" lon="-121.262696"/>
      <trkpt lat="40.009419" lon="-121.262750"/>
      <trkpt lat="40.009312" lon="-121.262793"/>
      <trkpt lat="40.009066" lon="-121.262997"/>
      <trkpt lat="40.009012" lon="-121.263056"/>
      <trkpt lat="40.008988" lon="-121.263088"/>
      <trkpt lat="40.008913" lon="-121.263206"/>
      <trkpt lat="40.008885" lon="-121.263297"/>
      <trkpt lat="40.008868" lon="-121.263335"/>
      <trkpt lat="40.008840" lon="-121.263367"/>
      <trkpt lat="40.008819" lon="-121.263415"/>
      <trkpt lat="40.008790" lon="-121.263506"/>
      <trkpt lat="40.008716" lon="-121.263694"/>
      <trkpt lat="40.008675" lon="-121.263780"/>
      <trkpt lat="40.008605" lon="-121.263893"/>
      <trkpt lat="40.008531" lon="-121.263995"/>
      <trkpt lat="40.008494" lon="-121.264032"/>
      <trkpt lat="40.008474" lon="-121.264064"/>
      <trkpt lat="40.008396" lon="-121.264161"/>
      <trkpt lat="40.008330" lon="-121.264274"/>
      <trkpt lat="40.008273" lon="-121.264343"/>
      <trkpt lat="40.008252" lon="-121.264375"/>
      <trkpt lat="40.008223" lon="-121.264402"/>
      <trkpt lat="40.008030" lon="-121.264531"/>
      <trkpt lat="40.007952" lon="-121.264558"/>
      <trkpt lat="40.007919" lon="-121.264585"/>
      <trkpt lat="40.007882" lon="-121.264601"/>
      <trkpt lat="40.007738" lon="-121.264638"/>
      <trkpt lat="40.007701" lon="-121.264654"/>
      <trkpt lat="40.007632" lon="-121.264660"/>
      <trkpt lat="40.007484" lon="-121.264660"/>
      <trkpt lat="40.007463" lon="-121.264644"/>
      <trkpt lat="40.007467" lon="-121.264638"/>
      <trkpt lat="40.007430" lon="-121.264633"/>
      <trkpt lat="40.007397" lon="-121.264617"/>
      <trkpt lat="40.007369" lon="-121.264590"/>
      <trkpt lat="40.007311" lon="-121.264552"/>
      <trkpt lat="40.007245" lon="-121.264531"/>
      <trkpt lat="40.007184" lon="-121.264504"/>
      <trkpt lat="40.007159" lon="-121.264483"/>
      <trkpt lat="40.007064" lon="-121.264440"/>
      <trkpt lat="40.007032" lon="-121.264413"/>
      <trkpt lat="40.006921" lon="-121.264354"/>
      <trkpt lat="40.006785" lon="-121.264316"/>
      <trkpt lat="40.006703" lon="-121.264311"/>
      <trkpt lat="40.006641" lon="-121.264322"/>
      <trkpt lat="40.006493" lon="-121.264322"/>
      <trkpt lat="40.006465" lon="-121.264349"/>
      <trkpt lat="40.006444" lon="-121.264445"/>
      <trkpt lat="40.006337" lon="-121.264687"/>
      <trkpt lat="40.006276" lon="-121.264805"/>
      <trkpt lat="40.006251" lon="-121.264842"/>
      <trkpt lat="40.006234" lon="-121.264885"/>
      <trkpt lat="40.006197" lon="-121.265014"/>
      <trkpt lat="40.006197" lon="-121.265110"/>
      <trkpt lat="40.006193" lon="-121.265148"/>
      <trkpt lat="40.006222" lon="-121.265244"/>
      <trkpt lat="40.006234" lon="-121.265368"/>
      <trkpt lat="40.006230" lon="-121.265577"/>
      <trkpt lat="40.006214" lon="-121.265674"/>
      <trkpt lat="40.006197" lon="-121.265738"/>
      <trkpt lat="40.006156" lon="-121.265813"/>
      <trkpt lat="40.006140" lon="-121.265856"/>
      <trkpt lat="40.006119" lon="-121.265894"/>
      <trkpt lat="40.006107" lon="-121.265936"/>
      <trkpt lat="40.006095" lon="-121.266038"/>
      <trkpt lat="40.006091" lon="-121.266140"/>
      <trkpt lat="40.006082" lon="-121.266194"/>
      <trkpt lat="40.006082" lon="-121.266344"/>
      <trkpt lat="40.006095" lon="-121.266387"/>
      <trkpt lat="40.006107" lon="-121.266489"/>
      <trkpt lat="40.006111" lon="-121.266586"/>
      <trkpt lat="40.006095" lon="-121.266650"/>
      <trkpt lat="40.006037" lon="-121.266773"/>
      <trkpt lat="40.005992" lon="-121.266843"/>
      <trkpt lat="40.005967" lon="-121.266945"/>
      <trkpt lat="40.005967" lon="-121.266993"/>
      <trkpt lat="40.005955" lon="-121.267101"/>
      <trkpt lat="40.005935" lon="-121.267192"/>
      <trkpt lat="40.005914" lon="-121.267235"/>
      <trkpt lat="40.005889" lon="-121.267267"/>
      <trkpt lat="40.005869" lon="-121.267304"/>
      <trkpt lat="40.005811" lon="-121.267433"/>
      <trkpt lat="40.005791" lon="-121.267471"/>
      <trkpt lat="40.005791" lon="-121.267487"/>
      <trkpt lat="40.005729" lon="-121.267610"/>
      <trkpt lat="40.005606" lon="-121.267825"/>
      <trkpt lat="40.005544" lon="-121.267943"/>
      <trkpt lat="40.005458" lon="-121.268055"/>
      <trkpt lat="40.005409" lon="-121.268136"/>
      <trkpt lat="40.005335" lon="-121.268238"/>
      <trkpt lat="40.005187" lon="-121.268383"/>
      <trkpt lat="40.005088" lon="-121.268485"/>
      <trkpt lat="40.005063" lon="-121.268517"/>
      <trkpt lat="40.004969" lon="-121.268592"/>
      <trkpt lat="40.004944" lon="-121.268629"/>
      <trkpt lat="40.004883" lon="-121.268742"/>
      <trkpt lat="40.004854" lon="-121.268780"/>
      <trkpt lat="40.004759" lon="-121.268833"/>
      <trkpt lat="40.004698" lon="-121.268876"/>
      <trkpt lat="40.004669" lon="-121.268908"/>
      <trkpt lat="40.004648" lon="-121.268951"/>
      <trkpt lat="40.004595" lon="-121.269021"/>
      <trkpt lat="40.004521" lon="-121.269080"/>
      <trkpt lat="40.004447" lon="-121.269112"/>
      <trkpt lat="40.004418" lon="-121.269139"/>
      <trkpt lat="40.004390" lon="-121.269171"/>
      <trkpt lat="40.004336" lon="-121.269257"/>
      <trkpt lat="40.004316" lon="-121.269300"/>
      <trkpt lat="40.004303" lon="-121.269348"/>
      <trkpt lat="40.004328" lon="-121.269391"/>
      <trkpt lat="40.004447" lon="-121.269413"/>
      <trkpt lat="40.004521" lon="-121.269434"/>
      <trkpt lat="40.004599" lon="-121.269493"/>
      <trkpt lat="40.004640" lon="-121.269515"/>
      <trkpt lat="40.004681" lon="-121.269525"/>
      <trkpt lat="40.004718" lon="-121.269547"/>
      <trkpt lat="40.004755" lon="-121.269558"/>
      <trkpt lat="40.004895" lon="-121.269638"/>
      <trkpt lat="40.004961" lon="-121.269692"/>
      <trkpt lat="40.005068" lon="-121.269740"/>
      <trkpt lat="40.005162" lon="-121.269826"/>
      <trkpt lat="40.005187" lon="-121.269863"/>
      <trkpt lat="40.005215" lon="-121.269895"/>
      <trkpt lat="40.005289" lon="-121.269944"/>
      <trkpt lat="40.005355" lon="-121.270003"/>
      <trkpt lat="40.005474" lon="-121.270153"/>
      <trkpt lat="40.005503" lon="-121.270180"/>
      <trkpt lat="40.005618" lon="-121.270266"/>
      <trkpt lat="40.005713" lon="-121.270351"/>
      <trkpt lat="40.005754" lon="-121.270378"/>
      <trkpt lat="40.005791" lon="-121.270389"/>
      <trkpt lat="40.005820" lon="-121.270421"/>
      <trkpt lat="40.005922" lon="-121.270486"/>
      <trkpt lat="40.006091" lon="-121.270609"/>
      <trkpt lat="40.006181" lon="-121.270689"/>
      <trkpt lat="40.006292" lon="-121.270743"/>
      <trkpt lat="40.006395" lon="-121.270829"/>
      <trkpt lat="40.006571" lon="-121.270915"/>
      <trkpt lat="40.006608" lon="-121.270920"/>
      <trkpt lat="40.006723" lon="-121.270920"/>
      <trkpt lat="40.006797" lon="-121.270915"/>
      <trkpt lat="40.006834" lon="-121.270925"/>
      <trkpt lat="40.006867" lon="-121.270958"/>
      <trkpt lat="40.006871" lon="-121.271011"/>
      <trkpt lat="40.006863" lon="-121.271054"/>
      <trkpt lat="40.006859" lon="-121.271060"/>
      <trkpt lat="40.006859" lon="-121.271172"/>
      <trkpt lat="40.006867" lon="-121.271226"/>
      <trkpt lat="40.006888" lon="-121.271285"/>
      <trkpt lat="40.006904" lon="-121.271403"/>
      <trkpt lat="40.006945" lon="-121.271489"/>
      <trkpt lat="40.006958" lon="-121.271532"/>
      <trkpt lat="40.006978" lon="-121.271574"/>
      <trkpt lat="40.007003" lon="-121.271607"/>
      <trkpt lat="40.007015" lon="-121.271650"/>
      <trkpt lat="40.007056" lon="-121.271730"/>
      <trkpt lat="40.007097" lon="-121.271880"/>
      <trkpt lat="40.007118" lon="-121.271923"/>
      <trkpt lat="40.007151" lon="-121.272014"/>
      <trkpt lat="40.007266" lon="-121.272224"/>
      <trkpt lat="40.007328" lon="-121.272277"/>
      <trkpt lat="40.007360" lon="-121.272320"/>
      <trkpt lat="40.007381" lon="-121.272358"/>
      <trkpt lat="40.007434" lon="-121.272422"/>
      <trkpt lat="40.007455" lon="-121.272465"/>
      <trkpt lat="40.007492" lon="-121.272492"/>
      <trkpt lat="40.007517" lon="-121.272524"/>
      <trkpt lat="40.007549" lon="-121.272551"/>
      <trkpt lat="40.007648" lon="-121.272706"/>
      <trkpt lat="40.007701" lon="-121.272771"/>
      <trkpt lat="40.007747" lon="-121.272846"/>
      <trkpt lat="40.007845" lon="-121.272953"/>
      <trkpt lat="40.007870" lon="-121.272996"/>
      <trkpt lat="40.007899" lon="-121.273034"/>
      <trkpt lat="40.007964" lon="-121.273093"/>
      <trkpt lat="40.008112" lon="-121.273254"/>
      <trkpt lat="40.008137" lon="-121.273291"/>
      <trkpt lat="40.008158" lon="-121.273339"/>
      <trkpt lat="40.008211" lon="-121.273415"/>
      <trkpt lat="40.008293" lon="-121.273511"/>
      <trkpt lat="40.008334" lon="-121.273602"/>
      <trkpt lat="40.008363" lon="-121.273634"/>
      <trkpt lat="40.008429" lon="-121.273683"/>
      <trkpt lat="40.008572" lon="-121.273720"/>
      <trkpt lat="40.008605" lon="-121.273736"/>
      <trkpt lat="40.008716" lon="-121.273828"/>
      <trkpt lat="40.008741" lon="-121.273833"/>
      <trkpt lat="40.008774" lon="-121.273860"/>
      <trkpt lat="40.008811" lon="-121.273881"/>
      <trkpt lat="40.008844" lon="-121.273913"/>
      <trkpt lat="40.008901" lon="-121.274047"/>
      <trkpt lat="40.009074" lon="-121.274316"/>
      <trkpt lat="40.009123" lon="-121.274418"/>
      <trkpt lat="40.009201" lon="-121.274530"/>
      <trkpt lat="40.009234" lon="-121.274616"/>
      <trkpt lat="40.009415" lon="-121.274857"/>
      <trkpt lat="40.009444" lon="-121.274890"/>
      <trkpt lat="40.009489" lon="-121.274911"/>
      <trkpt lat="40.009604" lon="-121.275019"/>
      <trkpt lat="40.009649" lon="-121.275045"/>
      <trkpt lat="40.009719" lon="-121.275077"/>
      <trkpt lat="40.009830" lon="-121.275163"/>
      <trkpt lat="40.009887" lon="-121.275222"/>
      <trkpt lat="40.009912" lon="-121.275260"/>
      <trkpt lat="40.010007" lon="-121.275330"/>
      <trkpt lat="40.010080" lon="-121.275346"/>
      <trkpt lat="40.010150" lon="-121.275394"/>
      <trkpt lat="40.010253" lon="-121.275544"/>
      <trkpt lat="40.010282" lon="-121.275576"/>
      <trkpt lat="40.010306" lon="-121.275619"/>
      <trkpt lat="40.010327" lon="-121.275668"/>
      <trkpt lat="40.010434" lon="-121.275812"/>
      <trkpt lat="40.010500" lon="-121.275920"/>
      <trkpt lat="40.010553" lon="-121.275984"/>
      <trkpt lat="40.010578" lon="-121.276022"/>
      <trkpt lat="40.010676" lon="-121.276118"/>
      <trkpt lat="40.010705" lon="-121.276161"/>
      <trkpt lat="40.010738" lon="-121.276193"/>
      <trkpt lat="40.010808" lon="-121.276231"/>
      <trkpt lat="40.010902" lon="-121.276327"/>
      <trkpt lat="40.010956" lon="-121.276392"/>
      <trkpt lat="40.010984" lon="-121.276483"/>
      <trkpt lat="40.010993" lon="-121.276644"/>
      <trkpt lat="40.011001" lon="-121.276735"/>
      <trkpt lat="40.011013" lon="-121.276778"/>
      <trkpt lat="40.011050" lon="-121.276875"/>
      <trkpt lat="40.011075" lon="-121.276987"/>
      <trkpt lat="40.011087" lon="-121.276993"/>
      <trkpt lat="40.011116" lon="-121.277057"/>
      <trkpt lat="40.011153" lon="-121.277111"/>
      <trkpt lat="40.011227" lon="-121.277239"/>
      <trkpt lat="40.011288" lon="-121.277298"/>
      <trkpt lat="40.011346" lon="-121.277363"/>
      <trkpt lat="40.011404" lon="-121.277438"/>
      <trkpt lat="40.011436" lon="-121.277459"/>
      <trkpt lat="40.011539" lon="-121.277545"/>
      <trkpt lat="40.011568" lon="-121.277577"/>
      <trkpt lat="40.011588" lon="-121.277727"/>
      <trkpt lat="40.011621" lon="-121.277862"/>
      <trkpt lat="40.011699" lon="-121.277996"/>
      <trkpt lat="40.011753" lon="-121.278065"/>
      <trkpt lat="40.011794" lon="-121.278060"/>
      <trkpt lat="40.011806" lon="-121.278001"/>
      <trkpt lat="40.011790" lon="-121.277899"/>
      <trkpt lat="40.011781" lon="-121.277754"/>
      <trkpt lat="40.011790" lon="-121.277690"/>
      <trkpt lat="40.011810" lon="-121.277652"/>
      <trkpt lat="40.011831" lon="-121.277583"/>
      <trkpt lat="40.011839" lon="-121.277497"/>
      <trkpt lat="40.011839" lon="-121.277443"/>
      <trkpt lat="40.011765" lon="-121.277288"/>
      <trkpt lat="40.011728" lon="-121.277223"/>
      <trkpt lat="40.011646" lon="-121.277143"/>
      <trkpt lat="40.011625" lon="-121.277116"/>
      <trkpt lat="40.011601" lon="-121.277052"/>
      <trkpt lat="40.011580" lon="-121.277025"/>
      <trkpt lat="40.011556" lon="-121.276939"/>
      <trkpt lat="40.011601" lon="-121.276934"/>
      <trkpt lat="40.011671" lon="-121.277003"/>
      <trkpt lat="40.011707" lon="-121.277025"/>
      <trkpt lat="40.011777" lon="-121.277052"/>
      <trkpt lat="40.011855" lon="-121.277073"/>
      <trkpt lat="40.011925" lon="-121.277111"/>
      <trkpt lat="40.011966" lon="-121.277121"/>
      <trkpt lat="40.012094" lon="-121.277207"/>
      <trkpt lat="40.012143" lon="-121.277282"/>
      <trkpt lat="40.012159" lon="-121.277325"/>
      <trkpt lat="40.012209" lon="-121.277491"/>
      <trkpt lat="40.012217" lon="-121.277540"/>
      <trkpt lat="40.012242" lon="-121.277636"/>
      <trkpt lat="40.012270" lon="-121.277733"/>
      <trkpt lat="40.012291" lon="-121.277776"/>
      <trkpt lat="40.012361" lon="-121.277958"/>
      <trkpt lat="40.012435" lon="-121.278071"/>
      <trkpt lat="40.012468" lon="-121.278103"/>
      <trkpt lat="40.012496" lon="-121.278060"/>
      <trkpt lat="40.012472" lon="-121.278023"/>
      <trkpt lat="40.012455" lon="-121.277985"/>
      <trkpt lat="40.012447" lon="-121.277942"/>
      <trkpt lat="40.012447" lon="-121.277894"/>
      <trkpt lat="40.012488" lon="-121.277599"/>
      <trkpt lat="40.012521" lon="-121.277518"/>
      <trkpt lat="40.012558" lon="-121.277400"/>
      <trkpt lat="40.012562" lon="-121.277352"/>
      <trkpt lat="40.012578" lon="-121.277266"/>
      <trkpt lat="40.012583" lon="-121.277175"/>
      <trkpt lat="40.012624" lon="-121.277019"/>
      <trkpt lat="40.012632" lon="-121.276783"/>
      <trkpt lat="40.012587" lon="-121.276649"/>
      <trkpt lat="40.012550" lon="-121.276606"/>
      <trkpt lat="40.012459" lon="-121.276537"/>
      <trkpt lat="40.012406" lon="-121.276488"/>
      <trkpt lat="40.012336" lon="-121.276461"/>
      <trkpt lat="40.012324" lon="-121.276413"/>
      <trkpt lat="40.012361" lon="-121.276408"/>
      <trkpt lat="40.012554" lon="-121.276408"/>
      <trkpt lat="40.012681" lon="-121.276419"/>
      <trkpt lat="40.012837" lon="-121.276478"/>
      <trkpt lat="40.012874" lon="-121.276499"/>
      <trkpt lat="40.012932" lon="-121.276563"/>
      <trkpt lat="40.012998" lon="-121.276676"/>
      <trkpt lat="40.013018" lon="-121.276773"/>
      <trkpt lat="40.013039" lon="-121.276810"/>
      <trkpt lat="40.013043" lon="-121.276859"/>
      <trkpt lat="40.013059" lon="-121.276955"/>
      <trkpt lat="40.013063" lon="-121.277009"/>
      <trkpt lat="40.013076" lon="-121.277057"/>
      <trkpt lat="40.013096" lon="-121.277100"/>
      <trkpt lat="40.013121" lon="-121.277191"/>
      <trkpt lat="40.013133" lon="-121.277293"/>
      <trkpt lat="40.013174" lon="-121.277422"/>
      <trkpt lat="40.013289" lon="-121.277593"/>
      <trkpt lat="40.013367" lon="-121.277642"/>
      <trkpt lat="40.013404" lon="-121.277652"/>
      <trkpt lat="40.013478" lon="-121.277685"/>
      <trkpt lat="40.013536" lon="-121.277722"/>
      <trkpt lat="40.013647" lon="-121.277754"/>
      <trkpt lat="40.013729" lon="-121.277770"/>
      <trkpt lat="40.013803" lon="-121.277792"/>
      <trkpt lat="40.013996" lon="-121.277787"/>
      <trkpt lat="40.014111" lon="-121.277754"/>
      <trkpt lat="40.014222" lon="-121.277717"/>
      <trkpt lat="40.014296" lon="-121.277701"/>
      <trkpt lat="40.014403" lon="-121.277652"/>
      <trkpt lat="40.014510" lon="-121.277620"/>
      <trkpt lat="40.014547" lon="-121.277615"/>
      <trkpt lat="40.014620" lon="-121.277615"/>
      <trkpt lat="40.014682" lon="-121.277636"/>
      <trkpt lat="40.014764" lon="-121.277674"/>
      <trkpt lat="40.014797" lon="-121.277701"/>
      <trkpt lat="40.014949" lon="-121.277744"/>
      <trkpt lat="40.015126" lon="-121.277803"/>
      <trkpt lat="40.015167" lon="-121.277808"/>
      <trkpt lat="40.015241" lon="-121.277829"/>
      <trkpt lat="40.015463" lon="-121.277829"/>
      <trkpt lat="40.015586" lon="-121.277808"/>
      <trkpt lat="40.015660" lon="-121.277803"/>
      <trkpt lat="40.015734" lon="-121.277781"/>
      <trkpt lat="40.015816" lon="-121.277744"/>
      <trkpt lat="40.015919" lon="-121.277674"/>
      <trkpt lat="40.015993" lon="-121.277647"/>
      <trkpt lat="40.016083" lon="-121.277647"/>
      <trkpt lat="40.016120" lon="-121.277663"/>
      <trkpt lat="40.016149" lon="-121.277669"/>
      <trkpt lat="40.016178" lon="-121.277701"/>
      <trkpt lat="40.016256" lon="-121.277706"/>
      <trkpt lat="40.016330" lon="-121.277722"/>
      <trkpt lat="40.016478" lon="-121.277722"/>
      <trkpt lat="40.016551" lon="-121.277706"/>
      <trkpt lat="40.016588" lon="-121.277717"/>
      <trkpt lat="40.016625" lon="-121.277738"/>
      <trkpt lat="40.016675" lon="-121.277781"/>
      <trkpt lat="40.016699" lon="-121.277813"/>
      <trkpt lat="40.016720" lon="-121.277851"/>
      <trkpt lat="40.016720" lon="-121.277963"/>
      <trkpt lat="40.016703" lon="-121.278065"/>
      <trkpt lat="40.016699" lon="-121.278119"/>
      <trkpt lat="40.016679" lon="-121.278226"/>
      <trkpt lat="40.016666" lon="-121.278269"/>
      <trkpt lat="40.016662" lon="-121.278318"/>
      <trkpt lat="40.016646" lon="-121.278419"/>
      <trkpt lat="40.016646" lon="-121.278473"/>
      <trkpt lat="40.016634" lon="-121.278580"/>
      <trkpt lat="40.016621" lon="-121.278623"/>
      <trkpt lat="40.016601" lon="-121.278731"/>
      <trkpt lat="40.016547" lon="-121.278908"/>
      <trkpt lat="40.016523" lon="-121.279020"/>
      <trkpt lat="40.016514" lon="-121.279117"/>
      <trkpt lat="40.016519" lon="-121.279165"/>
      <trkpt lat="40.016543" lon="-121.279197"/>
      <trkpt lat="40.016572" lon="-121.279224"/>
      <trkpt lat="40.016593" lon="-121.279267"/>
      <trkpt lat="40.016625" lon="-121.279353"/>
      <trkpt lat="40.016634" lon="-121.279401"/>
      <trkpt lat="40.016634" lon="-121.279503"/>
      <trkpt lat="40.016638" lon="-121.279557"/>
      <trkpt lat="40.016654" lon="-121.279664"/>
      <trkpt lat="40.016662" lon="-121.279766"/>
      <trkpt lat="40.016699" lon="-121.279857"/>
      <trkpt lat="40.016724" lon="-121.279900"/>
      <trkpt lat="40.016736" lon="-121.279948"/>
      <trkpt lat="40.016753" lon="-121.279991"/>
      <trkpt lat="40.016794" lon="-121.280083"/>
      <trkpt lat="40.016851" lon="-121.280152"/>
      <trkpt lat="40.016884" lon="-121.280179"/>
      <trkpt lat="40.016913" lon="-121.280217"/>
      <trkpt lat="40.016966" lon="-121.280270"/>
      <trkpt lat="40.017040" lon="-121.280388"/>
      <trkpt lat="40.017069" lon="-121.280420"/>
      <trkpt lat="40.017106" lon="-121.280512"/>
      <trkpt lat="40.017135" lon="-121.280603"/>
      <trkpt lat="40.017135" lon="-121.280705"/>
      <trkpt lat="40.017147" lon="-121.280758"/>
      <trkpt lat="40.017172" lon="-121.280796"/>
      <trkpt lat="40.017213" lon="-121.280876"/>
      <trkpt lat="40.017320" lon="-121.280957"/>
      <trkpt lat="40.017394" lon="-121.280989"/>
      <trkpt lat="40.017500" lon="-121.281048"/>
      <trkpt lat="40.017550" lon="-121.281070"/>
      <trkpt lat="40.017583" lon="-121.281096"/>
      <trkpt lat="40.017624" lon="-121.281118"/>
      <trkpt lat="40.017718" lon="-121.281204"/>
      <trkpt lat="40.017767" lon="-121.281220"/>
      <trkpt lat="40.017911" lon="-121.281300"/>
      <trkpt lat="40.017956" lon="-121.281311"/>
      <trkpt lat="40.018067" lon="-121.281375"/>
      <trkpt lat="40.018096" lon="-121.281402"/>
      <trkpt lat="40.018129" lon="-121.281418"/>
      <trkpt lat="40.018178" lon="-121.281434"/>
      <trkpt lat="40.018252" lon="-121.281483"/>
      <trkpt lat="40.018285" lon="-121.281509"/>
      <trkpt lat="40.018322" lon="-121.281531"/>
      <trkpt lat="40.018396" lon="-121.281563"/>
      <trkpt lat="40.018433" lon="-121.281574"/>
      <trkpt lat="40.018630" lon="-121.281692"/>
      <trkpt lat="40.018749" lon="-121.281702"/>
      <trkpt lat="40.018795" lon="-121.281724"/>
      <trkpt lat="40.018889" lon="-121.281810"/>
      <trkpt lat="40.018914" lon="-121.281858"/>
      <trkpt lat="40.018926" lon="-121.281901"/>
      <trkpt lat="40.018947" lon="-121.281944"/>
      <trkpt lat="40.018967" lon="-121.282094"/>
      <trkpt lat="40.018980" lon="-121.282341"/>
      <trkpt lat="40.018992" lon="-121.282443"/>
      <trkpt lat="40.019037" lon="-121.282598"/>
      <trkpt lat="40.019066" lon="-121.282759"/>
      <trkpt lat="40.019070" lon="-121.282808"/>
      <trkpt lat="40.019107" lon="-121.282952"/>
      <trkpt lat="40.019156" lon="-121.283028"/>
      <trkpt lat="40.019164" lon="-121.283081"/>
      <trkpt lat="40.019222" lon="-121.283253"/>
      <trkpt lat="40.019259" lon="-121.283344"/>
      <trkpt lat="40.019292" lon="-121.283392"/>
      <trkpt lat="40.019308" lon="-121.283446"/>
      <trkpt lat="40.019329" lon="-121.283484"/>
      <trkpt lat="40.019357" lon="-121.283575"/>
      <trkpt lat="40.019403" lon="-121.283773"/>
      <trkpt lat="40.019472" lon="-121.283902"/>
      <trkpt lat="40.019509" lon="-121.283988"/>
      <trkpt lat="40.019530" lon="-121.284025"/>
      <trkpt lat="40.019620" lon="-121.284133"/>
      <trkpt lat="40.019690" lon="-121.284245"/>
      <trkpt lat="40.019711" lon="-121.284288"/>
      <trkpt lat="40.019776" lon="-121.284336"/>
      <trkpt lat="40.019818" lon="-121.284342"/>
      <trkpt lat="40.019916" lon="-121.284369"/>
      <trkpt lat="40.019953" lon="-121.284379"/>
      <trkpt lat="40.019986" lon="-121.284396"/>
      <trkpt lat="40.020023" lon="-121.284396"/>
      <trkpt lat="40.020093" lon="-121.284417"/>
      <trkpt lat="40.020146" lon="-121.284417"/>
      <trkpt lat="40.020220" lon="-121.284438"/>
      <trkpt lat="40.020368" lon="-121.284449"/>
      <trkpt lat="40.020446" lon="-121.284471"/>
      <trkpt lat="40.020565" lon="-121.284476"/>
      <trkpt lat="40.020643" lon="-121.284487"/>
      <trkpt lat="40.020799" lon="-121.284487"/>
      <trkpt lat="40.020865" lon="-121.284471"/>
      <trkpt lat="40.020939" lon="-121.284428"/>
      <trkpt lat="40.021079" lon="-121.284358"/>
      <trkpt lat="40.021136" lon="-121.284315"/>
      <trkpt lat="40.021169" lon="-121.284304"/>
      <trkpt lat="40.021251" lon="-121.284218"/>
      <trkpt lat="40.021309" lon="-121.284170"/>
      <trkpt lat="40.021362" lon="-121.284111"/>
      <trkpt lat="40.021395" lon="-121.284084"/>
      <trkpt lat="40.021440" lon="-121.284020"/>
      <trkpt lat="40.021477" lon="-121.283934"/>
      <trkpt lat="40.021531" lon="-121.283752"/>
      <trkpt lat="40.021539" lon="-121.283704"/>
      <trkpt lat="40.021551" lon="-121.283660"/>
      <trkpt lat="40.021576" lon="-121.283634"/>
      <trkpt lat="40.021617" lon="-121.283628"/>
    </trkseg>
    <trkseg>
      <trkpt lat="40.007071" lon="-121.250598"/>
      <trkpt lat="40.007023" lon="-121.250945"/>
      <trkpt lat="40.006883" lon="-121.251566"/>
    </trkseg>
    <trkseg>
      <trkpt lat="40.007096" lon="-121.249902"/>
      <trkpt lat="40.007096" lon="-121.250157"/>
      <trkpt lat="40.007092" lon="-121.250336"/>
      <trkpt lat="40.007071" lon="-121.250598"/>
    </trkseg>
    <trkseg>
      <trkpt lat="40.006986" lon="-121.249441"/>
      <trkpt lat="40.007042" lon="-121.249908"/>
      <trkpt lat="40.007096" lon="-121.249902"/>
    </trkseg>
  </trk>
</gpx>
