<?xml version="1.0" encoding="UTF-8"?>
<gpx version="1.1" creator="unburnt" xmlns="http://www.topografix.com/GPX/1/1">
  <metadata><name>PCT - California Section R</name><copyright author="OpenStreetMap contributors"><license>https://opendatacommons.org/licenses/odbl/</license></copyright></metadata>
  <trk><name>PCT - California Section R</name>
    <trkseg>
      <trkpt lat="41.844399" lon="-123.209979"/>
      <trkpt lat="41.844469" lon="-123.210232"/>
      <trkpt lat="41.844567" lon="-123.210326"/>
      <trkpt lat="41.844643" lon="-123.210479"/>
      <trkpt lat="41.844601" lon="-123.210567"/>
      <trkpt lat="41.844539" lon="-123.210643"/>
      <trkpt lat="41.844445" lon="-123.210678"/>
      <trkpt lat="41.844365" lon="-123.210739"/>
      <trkpt lat="41.844409" lon="-123.210983"/>
      <trkpt lat="41.844301" lon="-123.211056"/>
      <trkpt lat="41.844265" lon="-123.211141"/>
      <trkpt lat="41.844315" lon="-123.211195"/>
      <trkpt lat="41.844363" lon="-123.211195"/>
      <trkpt lat="41.844359" lon="-123.211270"/>
      <trkpt lat="41.844260" lon="-123.211372"/>
      <trkpt lat="41.844178" lon="-123.211525"/>
      <trkpt lat="41.844166" lon="-123.211616"/>
      <trkpt lat="41.844128" lon="-123.211621"/>
      <trkpt lat="41.844074" lon="-123.211643"/>
      <trkpt lat="41.843952" lon="-123.211784"/>
      <trkpt lat="41.843877" lon="-123.211912"/>
      <trkpt lat="41.843965" lon="-123.211953"/>
      <trkpt lat="41.844060" lon="-123.212013"/>
      <trkpt lat="41.844139" lon="-123.212053"/>
      <trkpt lat="41.844191" lon="-123.212135"/>
      <trkpt lat="41.844118" lon="-123.212169"/>
      <trkpt lat="41.843986" lon="-123.212194"/>
      <trkpt lat="41.843854" lon="-123.212222"/>
      <trkpt lat="41.843832" lon="-123.212289"/>
      <trkpt lat="41.843900" lon="-123.212323"/>
      <trkpt lat="41.844063" lon="-123.212347"/>
      <trkpt lat="41.844151" lon="-123.212418"/>
      <trkpt lat="41.844262" lon="-123.212433"/>
      <trkpt lat="41.844407" lon="-123.212467"/>
      <trkpt lat="41.844641" lon="-123.212442"/>
      <trkpt lat="41.844747" lon="-123.212509"/>
      <trkpt lat="41.844960" lon="-123.212475"/>
      <trkpt lat="41.845138" lon="-123.212287"/>
      <trkpt lat="41.845262" lon="-123.212265"/>
      <trkpt lat="41.845398" lon="-123.212123"/>
      <trkpt lat="41.845476" lon="-123.212078"/>
      <trkpt lat="41.845652" lon="-123.212088"/>
      <trkpt lat="41.845722" lon="-123.212064"/>
      <trkpt lat="41.845976" lon="-123.212000"/>
      <trkpt lat="41.846096" lon="-123.212147"/>
      <trkpt lat="41.846206" lon="-123.212351"/>
      <trkpt lat="41.846425" lon="-123.212620"/>
      <trkpt lat="41.846595" lon="-123.212890"/>
      <trkpt lat="41.846649" lon="-123.213003"/>
      <trkpt lat="41.846717" lon="-123.213035"/>
      <trkpt lat="41.846763" lon="-123.213008"/>
      <trkpt lat="41.846803" lon="-123.212933"/>
      <trkpt lat="41.846861" lon="-123.212705"/>
      <trkpt lat="41.846933" lon="-123.212681"/>
      <trkpt lat="41.846938" lon="-123.212637"/>
      <trkpt lat="41.846944" lon="-123.212531"/>
      <trkpt lat="41.847030" lon="-123.212339"/>
      <trkpt lat="41.847057" lon="-123.212330"/>
      <trkpt lat="41.847055" lon="-123.212289"/>
      <trkpt lat="41.847031" lon="-123.212226"/>
      <trkpt lat="41.847033" lon="-123.212182"/>
      <trkpt lat="41.847065" lon="-123.212078"/>
      <trkpt lat="41.847074" lon="-123.212011"/>
      <trkpt lat="41.847031" lon="-123.211812"/>
      <trkpt lat="41.846845" lon="-123.211557"/>
      <trkpt lat="41.846792" lon="-123.211394"/>
      <trkpt lat="41.846785" lon="-123.211286"/>
      <trkpt lat="41.846845" lon="-123.210981"/>
      <trkpt lat="41.846965" lon="-123.210812"/>
      <trkpt lat="41.847091" lon="-123.210482"/>
      <trkpt lat="41.847139" lon="-123.210310"/>
      <trkpt lat="41.847165" lon="-123.210283"/>
      <trkpt lat="41.847197" lon="-123.210361"/>
      <trkpt lat="41.847231" lon="-123.210449"/>
      <trkpt lat="41.847219" lon="-123.210659"/>
      <trkpt lat="41.847234" lon="-123.210846"/>
      <trkpt lat="41.847307" lon="-123.211042"/>
      <trkpt lat="41.847330" lon="-123.211058"/>
      <trkpt lat="41.847352" lon="-123.211026"/>
      <trkpt lat="41.847358" lon="-123.210905"/>
      <trkpt lat="41.847464" lon="-123.210702"/>
      <trkpt lat="41.847542" lon="-123.210618"/>
      <trkpt lat="41.847612" lon="-123.210645"/>
      <trkpt lat="41.847686" lon="-123.210707"/>
      <trkpt lat="41.847764" lon="-123.210905"/>
      <trkpt lat="41.847994" lon="-123.211428"/>
      <trkpt lat="41.848102" lon="-123.211635"/>
      <trkpt lat="41.848180" lon="-123.211807"/>
      <trkpt lat="41.848200" lon="-123.211949"/>
      <trkpt lat="41.848284" lon="-123.212177"/>
      <trkpt lat="41.848349" lon="-123.212327"/>
      <trkpt lat="41.848399" lon="-123.212316"/>
      <trkpt lat="41.848480" lon="-123.212165"/>
      <trkpt lat="41.848572" lon="-123.212088"/>
      <trkpt lat="41.848687" lon="-123.211903"/>
      <trkpt lat="41.848773" lon="-123.211678"/>
      <trkpt lat="41.848813" lon="-123.211482"/>
      <trkpt lat="41.848807" lon="-123.211367"/>
      <trkpt lat="41.848879" lon="-123.211201"/>
      <trkpt lat="41.848917" lon="-123.211010"/>
      <trkpt lat="41.848983" lon="-123.210729"/>
      <trkpt lat="41.849015" lon="-123.210514"/>
      <trkpt lat="41.849049" lon="-123.210299"/>
      <trkpt lat="41.849071" lon="-123.210141"/>
      <trkpt lat="41.849105" lon="-123.209916"/>
      <trkpt lat="41.849299" lon="-123.209782"/>
      <trkpt lat="41.849354" lon="-123.209706"/>
      <trkpt lat="41.849354" lon="-123.209599"/>
      <trkpt lat="41.849339" lon="-123.209489"/>
      <trkpt lat="41.849283" lon="-123.209143"/>
      <trkpt lat="41.849274" lon="-123.208998"/>
      <trkpt lat="41.849336" lon="-123.208773"/>
      <trkpt lat="41.849320" lon="-123.208565"/>
      <trkpt lat="41.849289" lon="-123.208497"/>
      <trkpt lat="41.849306" lon="-123.208347"/>
      <trkpt lat="41.849398" lon="-123.208245"/>
      <trkpt lat="41.849524" lon="-123.208247"/>
      <trkpt lat="41.849603" lon="-123.208209"/>
      <trkpt lat="41.849699" lon="-123.208118"/>
      <trkpt lat="41.849820" lon="-123.208049"/>
      <trkpt lat="41.849942" lon="-123.208156"/>
      <trkpt lat="41.850016" lon="-123.208213"/>
      <trkpt lat="41.850078" lon="-123.208204"/>
      <trkpt lat="41.850231" lon="-123.208352"/>
      <trkpt lat="41.850353" lon="-123.208510"/>
      <trkpt lat="41.850436" lon="-123.208651"/>
      <trkpt lat="41.850476" lon="-123.208849"/>
      <trkpt lat="41.850465" lon="-123.208958"/>
      <trkpt lat="41.850421" lon="-123.209004"/>
      <trkpt lat="41.850333" lon="-123.208851"/>
      <trkpt lat="41.850263" lon="-123.208787"/>
      <trkpt lat="41.850160" lon="-123.208757"/>
      <trkpt lat="41.850112" lon="-123.208886"/>
      <trkpt lat="41.850120" lon="-123.209202"/>
      <trkpt lat="41.850248" lon="-123.209599"/>
      <trkpt lat="41.850271" lon="-123.209838"/>
      <trkpt lat="41.850395" lon="-123.210224"/>
      <trkpt lat="41.850425" lon="-123.210581"/>
      <trkpt lat="41.850411" lon="-123.210739"/>
      <trkpt lat="41.850439" lon="-123.210828"/>
      <trkpt lat="41.850487" lon="-123.210919"/>
      <trkpt lat="41.850535" lon="-123.210999"/>
      <trkpt lat="41.850622" lon="-123.211128"/>
      <trkpt lat="41.850633" lon="-123.211278"/>
      <trkpt lat="41.850639" lon="-123.211404"/>
      <trkpt lat="41.850588" lon="-123.211560"/>
      <trkpt lat="41.850651" lon="-123.211825"/>
      <trkpt lat="41.850664" lon="-123.212004"/>
      <trkpt lat="41.850752" lon="-123.212445"/>
      <trkpt lat="41.850799" lon="-123.212625"/>
      <trkpt lat="41.850811" lon="-123.212748"/>
      <trkpt lat="41.850801" lon="-123.212885"/>
      <trkpt lat="41.850913" lon="-123.213048"/>
      <trkpt lat="41.851057" lon="-123.213204"/>
      <trkpt lat="41.851133" lon="-123.213416"/>
      <trkpt lat="41.851177" lon="-123.213470"/>
      <trkpt lat="41.851197" lon="-123.213325"/>
      <trkpt lat="41.851173" lon="-123.213145"/>
      <trkpt lat="41.851241" lon="-123.212930"/>
      <trkpt lat="41.851207" lon="-123.212762"/>
      <trkpt lat="41.851278" lon="-123.212528"/>
      <trkpt lat="41.851373" lon="-123.212397"/>
      <trkpt lat="41.851502" lon="-123.212228"/>
      <trkpt lat="41.851640" lon="-123.212126"/>
      <trkpt lat="41.851732" lon="-123.212123"/>
      <trkpt lat="41.851802" lon="-123.212193"/>
      <trkpt lat="41.852000" lon="-123.212349"/>
      <trkpt lat="41.852088" lon="-123.212563"/>
      <trkpt lat="41.852289" lon="-123.212778"/>
      <trkpt lat="41.852351" lon="-123.212788"/>
      <trkpt lat="41.852395" lon="-123.212770"/>
      <trkpt lat="41.852509" lon="-123.212692"/>
      <trkpt lat="41.852535" lon="-123.212713"/>
      <trkpt lat="41.852549" lon="-123.212780"/>
      <trkpt lat="41.852553" lon="-123.212941"/>
      <trkpt lat="41.852503" lon="-123.213113"/>
      <trkpt lat="41.852349" lon="-123.213108"/>
      <trkpt lat="41.852213" lon="-123.213041"/>
      <trkpt lat="41.852090" lon="-123.213059"/>
      <trkpt lat="41.852014" lon="-123.213161"/>
      <trkpt lat="41.852042" lon="-123.213451"/>
      <trkpt lat="41.852110" lon="-123.213682"/>
      <trkpt lat="41.852230" lon="-123.213865"/>
      <trkpt lat="41.852302" lon="-123.213882"/>
      <trkpt lat="41.852309" lon="-123.213802"/>
      <trkpt lat="41.852273" lon="-123.213668"/>
      <trkpt lat="41.852375" lon="-123.213612"/>
      <trkpt lat="41.852465" lon="-123.213765"/>
      <trkpt lat="41.852499" lon="-123.213888"/>
      <trkpt lat="41.852481" lon="-123.214022"/>
      <trkpt lat="41.852539" lon="-123.214175"/>
      <trkpt lat="41.852716" lon="-123.214396"/>
      <trkpt lat="41.852783" lon="-123.214526"/>
      <trkpt lat="41.852776" lon="-123.214598"/>
      <trkpt lat="41.852739" lon="-123.214643"/>
      <trkpt lat="41.852714" lon="-123.214689"/>
      <trkpt lat="41.852684" lon="-123.214753"/>
      <trkpt lat="41.852647" lon="-123.214857"/>
      <trkpt lat="41.852614" lon="-123.214914"/>
      <trkpt lat="41.852559" lon="-123.214950"/>
      <trkpt lat="41.852500" lon="-123.215015"/>
      <trkpt lat="41.852453" lon="-123.215116"/>
      <trkpt lat="41.852432" lon="-123.215216"/>
      <trkpt lat="41.852429" lon="-123.215296"/>
      <trkpt lat="41.852443" lon="-123.215371"/>
      <trkpt lat="41.852478" lon="-123.215466"/>
      <trkpt lat="41.852609" lon="-123.215749"/>
      <trkpt lat="41.852650" lon="-123.215850"/>
      <trkpt lat="41.852677" lon="-123.215948"/>
      <trkpt lat="41.852702" lon="-123.216077"/>
      <trkpt lat="41.852759" lon="-123.216226"/>
      <trkpt lat="41.852858" lon="-123.216426"/>
      <trkpt lat="41.852903" lon="-123.216510"/>
      <trkpt lat="41.852905" lon="-123.216540"/>
      <trkpt lat="41.852890" lon="-123.216560"/>
      <trkpt lat="41.852794" lon="-123.216584"/>
      <trkpt lat="41.852747" lon="-123.216621"/>
      <trkpt lat="41.852716" lon="-123.216659"/>
      <trkpt lat="41.852691" lon="-123.216712"/>
      <trkpt lat="41.852673" lon="-123.216802"/>
      <trkpt lat="41.852674" lon="-123.216870"/>
      <trkpt lat="41.852689" lon="-123.216932"/>
      <trkpt lat="41.852711" lon="-123.216985"/>
      <trkpt lat="41.852762" lon="-123.217054"/>
      <trkpt lat="41.852806" lon="-123.217100"/>
      <trkpt lat="41.852855" lon="-123.217135"/>
      <trkpt lat="41.852894" lon="-123.217167"/>
      <trkpt lat="41.852971" lon="-123.217263"/>
      <trkpt lat="41.852994" lon="-123.217287"/>
      <trkpt lat="41.853023" lon="-123.217297"/>
      <trkpt lat="41.853103" lon="-123.217278"/>
      <trkpt lat="41.853119" lon="-123.217284"/>
      <trkpt lat="41.853132" lon="-123.217302"/>
      <trkpt lat="41.853132" lon="-123.217333"/>
      <trkpt lat="41.853106" lon="-123.217415"/>
      <trkpt lat="41.853104" lon="-123.217483"/>
      <trkpt lat="41.853119" lon="-123.217538"/>
      <trkpt lat="41.853139" lon="-123.217572"/>
      <trkpt lat="41.853161" lon="-123.217594"/>
      <trkpt lat="41.853176" lon="-123.217630"/>
      <trkpt lat="41.853174" lon="-123.217671"/>
      <trkpt lat="41.853159" lon="-123.217725"/>
      <trkpt lat="41.853132" lon="-123.217782"/>
      <trkpt lat="41.853117" lon="-123.217859"/>
      <trkpt lat="41.853110" lon="-123.218131"/>
      <trkpt lat="41.853087" lon="-123.218233"/>
      <trkpt lat="41.853087" lon="-123.218384"/>
      <trkpt lat="41.853025" lon="-123.218719"/>
      <trkpt lat="41.852941" lon="-123.218896"/>
      <trkpt lat="41.852932" lon="-123.219067"/>
      <trkpt lat="41.852895" lon="-123.219202"/>
      <trkpt lat="41.852867" lon="-123.219270"/>
      <trkpt lat="41.852859" lon="-123.219352"/>
      <trkpt lat="41.852872" lon="-123.219373"/>
      <trkpt lat="41.852891" lon="-123.219366"/>
      <trkpt lat="41.852928" lon="-123.219287"/>
      <trkpt lat="41.853061" lon="-123.219102"/>
      <trkpt lat="41.853111" lon="-123.219011"/>
      <trkpt lat="41.853143" lon="-123.218942"/>
      <trkpt lat="41.853173" lon="-123.218866"/>
      <trkpt lat="41.853234" lon="-123.218683"/>
      <trkpt lat="41.853343" lon="-123.218413"/>
      <trkpt lat="41.853454" lon="-123.218172"/>
      <trkpt lat="41.853485" lon="-123.218111"/>
      <trkpt lat="41.853508" lon="-123.218059"/>
      <trkpt lat="41.853558" lon="-123.218029"/>
      <trkpt lat="41.853632" lon="-123.218003"/>
      <trkpt lat="41.853696" lon="-123.217957"/>
      <trkpt lat="41.853742" lon="-123.217874"/>
      <trkpt lat="41.853836" lon="-123.217778"/>
      <trkpt lat="41.853950" lon="-123.217676"/>
      <trkpt lat="41.854139" lon="-123.217516"/>
      <trkpt lat="41.854189" lon="-123.217475"/>
      <trkpt lat="41.854213" lon="-123.217466"/>
      <trkpt lat="41.854223" lon="-123.217450"/>
      <trkpt lat="41.854227" lon="-123.217427"/>
      <trkpt lat="41.854213" lon="-123.217374"/>
      <trkpt lat="41.854202" lon="-123.217318"/>
      <trkpt lat="41.854203" lon="-123.217269"/>
      <trkpt lat="41.854223" lon="-123.217228"/>
      <trkpt lat="41.854251" lon="-123.217193"/>
      <trkpt lat="41.854277" lon="-123.217151"/>
      <trkpt lat="41.854299" lon="-123.217100"/>
      <trkpt lat="41.854321" lon="-123.217082"/>
      <trkpt lat="41.854337" lon="-123.217064"/>
      <trkpt lat="41.854343" lon="-123.217047"/>
      <trkpt lat="41.854341" lon="-123.217023"/>
      <trkpt lat="41.854329" lon="-123.216996"/>
      <trkpt lat="41.854312" lon="-123.216978"/>
      <trkpt lat="41.854290" lon="-123.216958"/>
      <trkpt lat="41.854259" lon="-123.216919"/>
      <trkpt lat="41.854241" lon="-123.216872"/>
      <trkpt lat="41.854233" lon="-123.216831"/>
      <trkpt lat="41.854230" lon="-123.216789"/>
      <trkpt lat="41.854235" lon="-123.216757"/>
      <trkpt lat="41.854249" lon="-123.216725"/>
      <trkpt lat="41.854270" lon="-123.216700"/>
      <trkpt lat="41.854338" lon="-123.216665"/>
      <trkpt lat="41.854418" lon="-123.216634"/>
      <trkpt lat="41.854419" lon="-123.216498"/>
      <trkpt lat="41.854473" lon="-123.216458"/>
      <trkpt lat="41.854543" lon="-123.216471"/>
      <trkpt lat="41.854577" lon="-123.216535"/>
      <trkpt lat="41.854604" lon="-123.216616"/>
      <trkpt lat="41.854601" lon="-123.216654"/>
      <trkpt lat="41.854586" lon="-123.216704"/>
      <trkpt lat="41.854556" lon="-123.216749"/>
      <trkpt lat="41.854533" lon="-123.216777"/>
      <trkpt lat="41.854524" lon="-123.216808"/>
      <trkpt lat="41.854529" lon="-123.216837"/>
      <trkpt lat="41.854541" lon="-123.216863"/>
      <trkpt lat="41.854597" lon="-123.216911"/>
      <trkpt lat="41.854632" lon="-123.216938"/>
      <trkpt lat="41.854652" lon="-123.216967"/>
      <trkpt lat="41.854656" lon="-123.217005"/>
      <trkpt lat="41.854644" lon="-123.217037"/>
      <trkpt lat="41.854624" lon="-123.217072"/>
      <trkpt lat="41.854587" lon="-123.217110"/>
      <trkpt lat="41.854543" lon="-123.217187"/>
      <trkpt lat="41.854527" lon="-123.217252"/>
      <trkpt lat="41.854531" lon="-123.217312"/>
      <trkpt lat="41.854551" lon="-123.217381"/>
      <trkpt lat="41.854572" lon="-123.217447"/>
      <trkpt lat="41.854579" lon="-123.217476"/>
      <trkpt lat="41.854578" lon="-123.217501"/>
      <trkpt lat="41.854569" lon="-123.217524"/>
      <trkpt lat="41.854546" lon="-123.217606"/>
      <trkpt lat="41.854549" lon="-123.217657"/>
      <trkpt lat="41.854561" lon="-123.217685"/>
      <trkpt lat="41.854565" lon="-123.217717"/>
      <trkpt lat="41.854557" lon="-123.217741"/>
      <trkpt lat="41.854498" lon="-123.217794"/>
      <trkpt lat="41.854482" lon="-123.217825"/>
      <trkpt lat="41.854434" lon="-123.218020"/>
      <trkpt lat="41.854369" lon="-123.218201"/>
      <trkpt lat="41.854306" lon="-123.218473"/>
      <trkpt lat="41.854300" lon="-123.218523"/>
      <trkpt lat="41.854301" lon="-123.218573"/>
      <trkpt lat="41.854317" lon="-123.218617"/>
      <trkpt lat="41.854353" lon="-123.218670"/>
      <trkpt lat="41.854368" lon="-123.218683"/>
      <trkpt lat="41.854384" lon="-123.218682"/>
      <trkpt lat="41.854397" lon="-123.218672"/>
      <trkpt lat="41.854408" lon="-123.218645"/>
      <trkpt lat="41.854415" lon="-123.218576"/>
      <trkpt lat="41.854430" lon="-123.218530"/>
      <trkpt lat="41.854570" lon="-123.218289"/>
      <trkpt lat="41.854637" lon="-123.218150"/>
      <trkpt lat="41.854728" lon="-123.218020"/>
      <trkpt lat="41.854805" lon="-123.217898"/>
      <trkpt lat="41.854830" lon="-123.217839"/>
      <trkpt lat="41.854833" lon="-123.217783"/>
      <trkpt lat="41.854843" lon="-123.217729"/>
      <trkpt lat="41.854866" lon="-123.217682"/>
      <trkpt lat="41.854887" lon="-123.217658"/>
      <trkpt lat="41.854900" lon="-123.217631"/>
      <trkpt lat="41.854911" lon="-123.217573"/>
      <trkpt lat="41.854919" lon="-123.217522"/>
      <trkpt lat="41.854934" lon="-123.217488"/>
      <trkpt lat="41.854951" lon="-123.217467"/>
      <trkpt lat="41.855043" lon="-123.217405"/>
      <trkpt lat="41.855086" lon="-123.217359"/>
      <trkpt lat="41.855125" lon="-123.217299"/>
      <trkpt lat="41.855147" lon="-123.217200"/>
      <trkpt lat="41.855189" lon="-123.217071"/>
      <trkpt lat="41.855209" lon="-123.217038"/>
      <trkpt lat="41.855228" lon="-123.216990"/>
      <trkpt lat="41.855238" lon="-123.216904"/>
      <trkpt lat="41.855252" lon="-123.216812"/>
      <trkpt lat="41.855318" lon="-123.216468"/>
      <trkpt lat="41.855364" lon="-123.216246"/>
      <trkpt lat="41.855395" lon="-123.216155"/>
      <trkpt lat="41.855423" lon="-123.216113"/>
      <trkpt lat="41.855453" lon="-123.216084"/>
      <trkpt lat="41.855478" lon="-123.216075"/>
      <trkpt lat="41.855492" lon="-123.216079"/>
      <trkpt lat="41.855500" lon="-123.216090"/>
      <trkpt lat="41.855500" lon="-123.216105"/>
      <trkpt lat="41.855476" lon="-123.216150"/>
      <trkpt lat="41.855464" lon="-123.216205"/>
      <trkpt lat="41.855457" lon="-123.216322"/>
      <trkpt lat="41.855484" lon="-123.216739"/>
      <trkpt lat="41.855467" lon="-123.217105"/>
      <trkpt lat="41.855460" lon="-123.217197"/>
      <trkpt lat="41.855448" lon="-123.217271"/>
      <trkpt lat="41.855435" lon="-123.217325"/>
      <trkpt lat="41.855425" lon="-123.217436"/>
      <trkpt lat="41.855414" lon="-123.217582"/>
      <trkpt lat="41.855401" lon="-123.217620"/>
      <trkpt lat="41.855380" lon="-123.217658"/>
      <trkpt lat="41.855370" lon="-123.217703"/>
      <trkpt lat="41.855369" lon="-123.217748"/>
      <trkpt lat="41.855366" lon="-123.217789"/>
      <trkpt lat="41.855351" lon="-123.217848"/>
      <trkpt lat="41.855342" lon="-123.217910"/>
      <trkpt lat="41.855339" lon="-123.218022"/>
      <trkpt lat="41.855339" lon="-123.218128"/>
      <trkpt lat="41.855327" lon="-123.218223"/>
      <trkpt lat="41.855308" lon="-123.218323"/>
      <trkpt lat="41.855309" lon="-123.218366"/>
      <trkpt lat="41.855316" lon="-123.218409"/>
      <trkpt lat="41.855336" lon="-123.218478"/>
      <trkpt lat="41.855362" lon="-123.218532"/>
      <trkpt lat="41.855491" lon="-123.218720"/>
      <trkpt lat="41.855621" lon="-123.218932"/>
      <trkpt lat="41.855656" lon="-123.218975"/>
      <trkpt lat="41.855693" lon="-123.219006"/>
      <trkpt lat="41.855818" lon="-123.219081"/>
      <trkpt lat="41.855858" lon="-123.219111"/>
      <trkpt lat="41.855898" lon="-123.219145"/>
      <trkpt lat="41.855934" lon="-123.219159"/>
      <trkpt lat="41.855977" lon="-123.219160"/>
      <trkpt lat="41.856015" lon="-123.219172"/>
      <trkpt lat="41.856067" lon="-123.219212"/>
      <trkpt lat="41.856086" lon="-123.219236"/>
      <trkpt lat="41.856103" lon="-123.219266"/>
      <trkpt lat="41.856119" lon="-123.219283"/>
      <trkpt lat="41.856145" lon="-123.219301"/>
      <trkpt lat="41.856185" lon="-123.219340"/>
      <trkpt lat="41.856281" lon="-123.219457"/>
      <trkpt lat="41.856313" lon="-123.219500"/>
      <trkpt lat="41.856344" lon="-123.219565"/>
      <trkpt lat="41.856369" lon="-123.219599"/>
      <trkpt lat="41.856402" lon="-123.219616"/>
      <trkpt lat="41.856446" lon="-123.219623"/>
      <trkpt lat="41.856506" lon="-123.219613"/>
      <trkpt lat="41.856555" lon="-123.219592"/>
      <trkpt lat="41.856583" lon="-123.219590"/>
      <trkpt lat="41.856610" lon="-123.219602"/>
      <trkpt lat="41.856641" lon="-123.219631"/>
      <trkpt lat="41.856678" lon="-123.219690"/>
      <trkpt lat="41.856707" lon="-123.219713"/>
      <trkpt lat="41.856739" lon="-123.219718"/>
      <trkpt lat="41.856822" lon="-123.219700"/>
      <trkpt lat="41.856854" lon="-123.219751"/>
      <trkpt lat="41.856896" lon="-123.219813"/>
      <trkpt lat="41.856886" lon="-123.219987"/>
      <trkpt lat="41.856954" lon="-123.220183"/>
      <trkpt lat="41.857031" lon="-123.220462"/>
      <trkpt lat="41.857056" lon="-123.220500"/>
      <trkpt lat="41.857092" lon="-123.220530"/>
      <trkpt lat="41.857134" lon="-123.220546"/>
      <trkpt lat="41.857170" lon="-123.220577"/>
      <trkpt lat="41.857207" lon="-123.220641"/>
      <trkpt lat="41.857260" lon="-123.220738"/>
      <trkpt lat="41.857320" lon="-123.220825"/>
      <trkpt lat="41.857391" lon="-123.220895"/>
      <trkpt lat="41.857486" lon="-123.220969"/>
      <trkpt lat="41.857543" lon="-123.221012"/>
      <trkpt lat="41.857601" lon="-123.221041"/>
      <trkpt lat="41.857631" lon="-123.221047"/>
      <trkpt lat="41.857655" lon="-123.221037"/>
      <trkpt lat="41.857673" lon="-123.221020"/>
      <trkpt lat="41.857799" lon="-123.220669"/>
      <trkpt lat="41.857803" lon="-123.220489"/>
      <trkpt lat="41.857771" lon="-123.220317"/>
      <trkpt lat="41.857795" lon="-123.220140"/>
      <trkpt lat="41.857797" lon="-123.219910"/>
      <trkpt lat="41.857917" lon="-123.219682"/>
      <trkpt lat="41.858059" lon="-123.219572"/>
      <trkpt lat="41.858355" lon="-123.219218"/>
      <trkpt lat="41.858608" lon="-123.218968"/>
      <trkpt lat="41.858656" lon="-123.218861"/>
      <trkpt lat="41.858672" lon="-123.218695"/>
      <trkpt lat="41.858740" lon="-123.218579"/>
      <trkpt lat="41.858920" lon="-123.218451"/>
      <trkpt lat="41.859036" lon="-123.218354"/>
      <trkpt lat="41.859108" lon="-123.218201"/>
      <trkpt lat="41.859136" lon="-123.218104"/>
      <trkpt lat="41.859188" lon="-123.217874"/>
      <trkpt lat="41.859288" lon="-123.217654"/>
      <trkpt lat="41.859366" lon="-123.217557"/>
      <trkpt lat="41.859539" lon="-123.217324"/>
      <trkpt lat="41.859653" lon="-123.217273"/>
      <trkpt lat="41.859765" lon="-123.217139"/>
      <trkpt lat="41.859855" lon="-123.216949"/>
      <trkpt lat="41.859943" lon="-123.216755"/>
      <trkpt lat="41.860019" lon="-123.216536"/>
      <trkpt lat="41.860426" lon="-123.215870"/>
      <trkpt lat="41.860738" lon="-123.215162"/>
      <trkpt lat="41.860866" lon="-123.214848"/>
      <trkpt lat="41.861014" lon="-123.214575"/>
      <trkpt lat="41.861199" lon="-123.214293"/>
      <trkpt lat="41.861301" lon="-123.214108"/>
      <trkpt lat="41.861449" lon="-123.213786"/>
      <trkpt lat="41.861503" lon="-123.213663"/>
      <trkpt lat="41.861541" lon="-123.213523"/>
      <trkpt lat="41.861589" lon="-123.213405"/>
      <trkpt lat="41.861769" lon="-123.213285"/>
      <trkpt lat="41.861879" lon="-123.213177"/>
      <trkpt lat="41.862004" lon="-123.213016"/>
      <trkpt lat="41.862062" lon="-123.212890"/>
      <trkpt lat="41.862138" lon="-123.212818"/>
      <trkpt lat="41.862160" lon="-123.212737"/>
      <trkpt lat="41.862176" lon="-123.212665"/>
      <trkpt lat="41.862284" lon="-123.212576"/>
      <trkpt lat="41.862362" lon="-123.212448"/>
      <trkpt lat="41.862444" lon="-123.212343"/>
      <trkpt lat="41.862500" lon="-123.212198"/>
      <trkpt lat="41.862574" lon="-123.212080"/>
      <trkpt lat="41.862662" lon="-123.211992"/>
      <trkpt lat="41.862741" lon="-123.211866"/>
      <trkpt lat="41.862801" lon="-123.211702"/>
      <trkpt lat="41.862875" lon="-123.211517"/>
      <trkpt lat="41.863039" lon="-123.211294"/>
      <trkpt lat="41.863177" lon="-123.211066"/>
      <trkpt lat="41.863239" lon="-123.210916"/>
      <trkpt lat="41.863293" lon="-123.210755"/>
      <trkpt lat="41.863337" lon="-123.210645"/>
      <trkpt lat="41.863459" lon="-123.210471"/>
      <trkpt lat="41.863582" lon="-123.210415"/>
      <trkpt lat="41.863684" lon="-123.210348"/>
      <trkpt lat="41.863790" lon="-123.210358"/>
      <trkpt lat="41.863876" lon="-123.210380"/>
      <trkpt lat="41.864088" lon="-123.210407"/>
      <trkpt lat="41.864242" lon="-123.210460"/>
      <trkpt lat="41.864373" lon="-123.210487"/>
      <trkpt lat="41.864515" lon="-123.210495"/>
      <trkpt lat="41.864667" lon="-123.210608"/>
      <trkpt lat="41.864975" lon="-123.210755"/>
      <trkpt lat="41.865136" lon="-123.210871"/>
      <trkpt lat="41.865300" lon="-123.211013"/>
      <trkpt lat="41.865462" lon="-123.211141"/>
      <trkpt lat="41.865558" lon="-123.211249"/>
      <trkpt lat="41.865732" lon="-123.211340"/>
      <trkpt lat="41.865862" lon="-123.211340"/>
      <trkpt lat="41.865947" lon="-123.211319"/>
      <trkpt lat="41.866089" lon="-123.211136"/>
      <trkpt lat="41.866185" lon="-123.211029"/>
      <trkpt lat="41.866283" lon="-123.210905"/>
      <trkpt lat="41.866457" lon="-123.210664"/>
      <trkpt lat="41.866553" lon="-123.210562"/>
      <trkpt lat="41.866647" lon="-123.210439"/>
      <trkpt lat="41.866767" lon="-123.210338"/>
      <trkpt lat="41.866956" lon="-123.210235"/>
      <trkpt lat="41.866986" lon="-123.210267"/>
      <trkpt lat="41.866912" lon="-123.210420"/>
      <trkpt lat="41.866807" lon="-123.210473"/>
      <trkpt lat="41.866740" lon="-123.210602"/>
      <trkpt lat="41.866657" lon="-123.210825"/>
      <trkpt lat="41.866625" lon="-123.210948"/>
      <trkpt lat="41.866623" lon="-123.211068"/>
      <trkpt lat="41.866677" lon="-123.211211"/>
      <trkpt lat="41.866802" lon="-123.211343"/>
      <trkpt lat="41.866928" lon="-123.211418"/>
      <trkpt lat="41.867270" lon="-123.211611"/>
      <trkpt lat="41.867715" lon="-123.211906"/>
      <trkpt lat="41.867923" lon="-123.212024"/>
      <trkpt lat="41.868001" lon="-123.212019"/>
      <trkpt lat="41.868069" lon="-123.211986"/>
      <trkpt lat="41.868081" lon="-123.211944"/>
      <trkpt lat="41.868057" lon="-123.211919"/>
      <trkpt lat="41.867993" lon="-123.211895"/>
      <trkpt lat="41.867927" lon="-123.211842"/>
      <trkpt lat="41.867855" lon="-123.211748"/>
      <trkpt lat="41.867787" lon="-123.211606"/>
      <trkpt lat="41.867665" lon="-123.211412"/>
      <trkpt lat="41.867571" lon="-123.211201"/>
      <trkpt lat="41.867534" lon="-123.211029"/>
      <trkpt lat="41.867543" lon="-123.210892"/>
      <trkpt lat="41.867573" lon="-123.210820"/>
      <trkpt lat="41.867603" lon="-123.210854"/>
      <trkpt lat="41.867605" lon="-123.210908"/>
      <trkpt lat="41.867659" lon="-123.210999"/>
      <trkpt lat="41.867783" lon="-123.211125"/>
      <trkpt lat="41.867825" lon="-123.211120"/>
      <trkpt lat="41.867827" lon="-123.211080"/>
      <trkpt lat="41.867797" lon="-123.210989"/>
      <trkpt lat="41.867807" lon="-123.210841"/>
      <trkpt lat="41.867891" lon="-123.210656"/>
      <trkpt lat="41.868029" lon="-123.210530"/>
      <trkpt lat="41.868137" lon="-123.210495"/>
      <trkpt lat="41.868273" lon="-123.210482"/>
      <trkpt lat="41.868426" lon="-123.210409"/>
      <trkpt lat="41.868556" lon="-123.210323"/>
      <trkpt lat="41.868632" lon="-123.210216"/>
      <trkpt lat="41.868684" lon="-123.210034"/>
      <trkpt lat="41.868762" lon="-123.209881"/>
      <trkpt lat="41.868878" lon="-123.209795"/>
      <trkpt lat="41.869078" lon="-123.209677"/>
      <trkpt lat="41.869171" lon="-123.209688"/>
      <trkpt lat="41.869271" lon="-123.209664"/>
      <trkpt lat="41.869359" lon="-123.209613"/>
      <trkpt lat="41.869413" lon="-123.209520"/>
      <trkpt lat="41.869485" lon="-123.209460"/>
      <trkpt lat="41.869598" lon="-123.209477"/>
      <trkpt lat="41.869659" lon="-123.209449"/>
      <trkpt lat="41.869751" lon="-123.209318"/>
      <trkpt lat="41.869916" lon="-123.209183"/>
      <trkpt lat="41.870026" lon="-123.209111"/>
      <trkpt lat="41.870310" lon="-123.208886"/>
      <trkpt lat="41.870420" lon="-123.208803"/>
      <trkpt lat="41.870531" lon="-123.208647"/>
      <trkpt lat="41.870633" lon="-123.208534"/>
      <trkpt lat="41.870891" lon="-123.208272"/>
      <trkpt lat="41.871025" lon="-123.208164"/>
      <trkpt lat="41.871173" lon="-123.208116"/>
      <trkpt lat="41.871243" lon="-123.208078"/>
      <trkpt lat="41.871344" lon="-123.207963"/>
      <trkpt lat="41.871530" lon="-123.207778"/>
      <trkpt lat="41.871644" lon="-123.207706"/>
      <trkpt lat="41.871796" lon="-123.207585"/>
      <trkpt lat="41.871897" lon="-123.207528"/>
      <trkpt lat="41.872065" lon="-123.207373"/>
      <trkpt lat="41.872153" lon="-123.207244"/>
      <trkpt lat="41.872207" lon="-123.207126"/>
      <trkpt lat="41.872465" lon="-123.206837"/>
      <trkpt lat="41.872547" lon="-123.206751"/>
      <trkpt lat="41.872671" lon="-123.206689"/>
      <trkpt lat="41.872719" lon="-123.206657"/>
      <trkpt lat="41.872810" lon="-123.206563"/>
      <trkpt lat="41.872870" lon="-123.206512"/>
      <trkpt lat="41.872972" lon="-123.206472"/>
      <trkpt lat="41.873062" lon="-123.206413"/>
      <trkpt lat="41.873162" lon="-123.206386"/>
      <trkpt lat="41.873218" lon="-123.206338"/>
      <trkpt lat="41.873350" lon="-123.206297"/>
      <trkpt lat="41.873527" lon="-123.206276"/>
      <trkpt lat="41.873601" lon="-123.206257"/>
      <trkpt lat="41.873691" lon="-123.206187"/>
      <trkpt lat="41.873831" lon="-123.206179"/>
      <trkpt lat="41.873983" lon="-123.206131"/>
      <trkpt lat="41.874051" lon="-123.206080"/>
      <trkpt lat="41.874115" lon="-123.206002"/>
      <trkpt lat="41.874198" lon="-123.205954"/>
      <trkpt lat="41.874268" lon="-123.205825"/>
      <trkpt lat="41.874352" lon="-123.205705"/>
      <trkpt lat="41.874454" lon="-123.205592"/>
      <trkpt lat="41.874564" lon="-123.205501"/>
      <trkpt lat="41.874644" lon="-123.205353"/>
      <trkpt lat="41.874600" lon="-123.205329"/>
      <trkpt lat="41.874494" lon="-123.205367"/>
      <trkpt lat="41.874360" lon="-123.205310"/>
      <trkpt lat="41.874282" lon="-123.205281"/>
      <trkpt lat="41.874238" lon="-123.205182"/>
      <trkpt lat="41.874231" lon="-123.205104"/>
      <trkpt lat="41.874231" lon="-123.205023"/>
      <trkpt lat="41.874209" lon="-123.204943"/>
      <trkpt lat="41.874196" lon="-123.204836"/>
      <trkpt lat="41.874192" lon="-123.204688"/>
      <trkpt lat="41.874235" lon="-123.204683"/>
      <trkpt lat="41.874316" lon="-123.204771"/>
      <trkpt lat="41.874406" lon="-123.204779"/>
      <trkpt lat="41.874496" lon="-123.204798"/>
      <trkpt lat="41.874518" lon="-123.204739"/>
      <trkpt lat="41.874398" lon="-123.204522"/>
      <trkpt lat="41.874374" lon="-123.204385"/>
      <trkpt lat="41.874378" lon="-123.204270"/>
      <trkpt lat="41.874498" lon="-123.204409"/>
      <trkpt lat="41.874624" lon="-123.204447"/>
      <trkpt lat="41.874816" lon="-123.204436"/>
      <trkpt lat="41.874999" lon="-123.204382"/>
      <trkpt lat="41.875135" lon="-123.204315"/>
      <trkpt lat="41.875271" lon="-123.204286"/>
      <trkpt lat="41.875367" lon="-123.204246"/>
      <trkpt lat="41.875459" lon="-123.204168"/>
      <trkpt lat="41.875567" lon="-123.204047"/>
      <trkpt lat="41.875716" lon="-123.203913"/>
      <trkpt lat="41.875794" lon="-123.203854"/>
      <trkpt lat="41.875864" lon="-123.203846"/>
      <trkpt lat="41.876018" lon="-123.203763"/>
      <trkpt lat="41.876086" lon="-123.203701"/>
      <trkpt lat="41.876202" lon="-123.203634"/>
      <trkpt lat="41.876373" lon="-123.203664"/>
      <trkpt lat="41.876551" lon="-123.203647"/>
      <trkpt lat="41.876679" lon="-123.203690"/>
      <trkpt lat="41.876955" lon="-123.203752"/>
      <trkpt lat="41.877358" lon="-123.203763"/>
      <trkpt lat="41.877785" lon="-123.203816"/>
      <trkpt lat="41.877899" lon="-123.203862"/>
      <trkpt lat="41.877983" lon="-123.203975"/>
      <trkpt lat="41.878099" lon="-123.204136"/>
      <trkpt lat="41.878153" lon="-123.204168"/>
      <trkpt lat="41.878149" lon="-123.204103"/>
      <trkpt lat="41.878019" lon="-123.203747"/>
      <trkpt lat="41.877927" lon="-123.203653"/>
      <trkpt lat="41.877728" lon="-123.203502"/>
      <trkpt lat="41.877644" lon="-123.203411"/>
      <trkpt lat="41.877568" lon="-123.203280"/>
      <trkpt lat="41.877422" lon="-123.203143"/>
      <trkpt lat="41.877378" lon="-123.203077"/>
      <trkpt lat="41.877360" lon="-123.202993"/>
      <trkpt lat="41.877412" lon="-123.202886"/>
      <trkpt lat="41.877494" lon="-123.202886"/>
      <trkpt lat="41.877710" lon="-123.203020"/>
      <trkpt lat="41.877873" lon="-123.203202"/>
      <trkpt lat="41.878071" lon="-123.203309"/>
      <trkpt lat="41.878219" lon="-123.203352"/>
      <trkpt lat="41.878398" lon="-123.203317"/>
      <trkpt lat="41.878544" lon="-123.203226"/>
      <trkpt lat="41.878764" lon="-123.203143"/>
      <trkpt lat="41.878854" lon="-123.203114"/>
      <trkpt lat="41.878898" lon="-123.203076"/>
      <trkpt lat="41.879101" lon="-123.202929"/>
      <trkpt lat="41.879277" lon="-123.202743"/>
      <trkpt lat="41.879429" lon="-123.202625"/>
      <trkpt lat="41.879645" lon="-123.202373"/>
      <trkpt lat="41.879838" lon="-123.202215"/>
      <trkpt lat="41.879982" lon="-123.202078"/>
      <trkpt lat="41.880130" lon="-123.201984"/>
      <trkpt lat="41.880428" lon="-123.201693"/>
      <trkpt lat="41.880577" lon="-123.201598"/>
      <trkpt lat="41.880879" lon="-123.201488"/>
      <trkpt lat="41.881051" lon="-123.201341"/>
      <trkpt lat="41.881550" lon="-123.200652"/>
      <trkpt lat="41.881688" lon="-123.200440"/>
      <trkpt lat="41.882133" lon="-123.200058"/>
      <trkpt lat="41.882323" lon="-123.199833"/>
      <trkpt lat="41.882643" lon="-123.199249"/>
      <trkpt lat="41.882827" lon="-123.198969"/>
      <trkpt lat="41.882949" lon="-123.198713"/>
      <trkpt lat="41.883032" lon="-123.198571"/>
      <trkpt lat="41.883143" lon="-123.198435"/>
      <trkpt lat="41.883240" lon="-123.198292"/>
      <trkpt lat="41.883300" lon="-123.198148"/>
      <trkpt lat="41.883419" lon="-123.198015"/>
      <trkpt lat="41.883551" lon="-123.197907"/>
      <trkpt lat="41.883614" lon="-123.197895"/>
      <trkpt lat="41.883651" lon="-123.197926"/>
      <trkpt lat="41.883782" lon="-123.198185"/>
      <trkpt lat="41.883839" lon="-123.198354"/>
      <trkpt lat="41.883916" lon="-123.198541"/>
      <trkpt lat="41.884014" lon="-123.198821"/>
      <trkpt lat="41.884104" lon="-123.198964"/>
      <trkpt lat="41.884198" lon="-123.199105"/>
      <trkpt lat="41.884328" lon="-123.199248"/>
      <trkpt lat="41.884521" lon="-123.199412"/>
      <trkpt lat="41.884660" lon="-123.199537"/>
      <trkpt lat="41.884839" lon="-123.199638"/>
      <trkpt lat="41.884931" lon="-123.199697"/>
      <trkpt lat="41.885124" lon="-123.199740"/>
      <trkpt lat="41.885364" lon="-123.199769"/>
      <trkpt lat="41.885627" lon="-123.199796"/>
      <trkpt lat="41.885862" lon="-123.199862"/>
      <trkpt lat="41.885993" lon="-123.199924"/>
      <trkpt lat="41.886135" lon="-123.200002"/>
      <trkpt lat="41.886320" lon="-123.200126"/>
      <trkpt lat="41.886640" lon="-123.200304"/>
      <trkpt lat="41.886737" lon="-123.200306"/>
      <trkpt lat="41.886839" lon="-123.200274"/>
      <trkpt lat="41.886961" lon="-123.200341"/>
      <trkpt lat="41.887077" lon="-123.200386"/>
      <trkpt lat="41.887164" lon="-123.200381"/>
      <trkpt lat="41.887208" lon="-123.200349"/>
      <trkpt lat="41.887259" lon="-123.200328"/>
      <trkpt lat="41.887315" lon="-123.200311"/>
      <trkpt lat="41.887362" lon="-123.200322"/>
      <trkpt lat="41.887598" lon="-123.200518"/>
      <trkpt lat="41.887730" lon="-123.200638"/>
      <trkpt lat="41.887876" lon="-123.200746"/>
      <trkpt lat="41.888116" lon="-123.200895"/>
      <trkpt lat="41.888243" lon="-123.200930"/>
      <trkpt lat="41.888340" lon="-123.201006"/>
      <trkpt lat="41.888502" lon="-123.201018"/>
      <trkpt lat="41.888590" lon="-123.200987"/>
      <trkpt lat="41.888683" lon="-123.200941"/>
      <trkpt lat="41.888768" lon="-123.200981"/>
      <trkpt lat="41.888812" lon="-123.201075"/>
      <trkpt lat="41.888847" lon="-123.201068"/>
      <trkpt lat="41.888849" lon="-123.201020"/>
      <trkpt lat="41.888828" lon="-123.200942"/>
      <trkpt lat="41.888662" lon="-123.200709"/>
      <trkpt lat="41.888551" lon="-123.200653"/>
      <trkpt lat="41.888458" lon="-123.200625"/>
      <trkpt lat="41.888324" lon="-123.200629"/>
      <trkpt lat="41.888320" lon="-123.200588"/>
      <trkpt lat="41.888377" lon="-123.200568"/>
      <trkpt lat="41.888423" lon="-123.200537"/>
      <trkpt lat="41.888532" lon="-123.200531"/>
      <trkpt lat="41.888673" lon="-123.200512"/>
      <trkpt lat="41.888860" lon="-123.200512"/>
      <trkpt lat="41.889021" lon="-123.200589"/>
      <trkpt lat="41.889137" lon="-123.200748"/>
      <trkpt lat="41.889206" lon="-123.200919"/>
      <trkpt lat="41.889280" lon="-123.200990"/>
      <trkpt lat="41.889351" lon="-123.201135"/>
      <trkpt lat="41.889481" lon="-123.201223"/>
      <trkpt lat="41.889557" lon="-123.201244"/>
      <trkpt lat="41.889715" lon="-123.201250"/>
      <trkpt lat="41.889799" lon="-123.201276"/>
      <trkpt lat="41.889865" lon="-123.201328"/>
      <trkpt lat="41.889926" lon="-123.201411"/>
      <trkpt lat="41.889996" lon="-123.201544"/>
      <trkpt lat="41.890018" lon="-123.201539"/>
      <trkpt lat="41.889992" lon="-123.201426"/>
      <trkpt lat="41.889969" lon="-123.201353"/>
      <trkpt lat="41.889918" lon="-123.201146"/>
      <trkpt lat="41.889864" lon="-123.201047"/>
      <trkpt lat="41.889767" lon="-123.200982"/>
      <trkpt lat="41.889657" lon="-123.200938"/>
      <trkpt lat="41.889565" lon="-123.200823"/>
      <trkpt lat="41.889517" lon="-123.200741"/>
      <trkpt lat="41.889508" lon="-123.200668"/>
      <trkpt lat="41.889591" lon="-123.200735"/>
      <trkpt lat="41.889727" lon="-123.200775"/>
      <trkpt lat="41.889859" lon="-123.200769"/>
      <trkpt lat="41.889982" lon="-123.200798"/>
      <trkpt lat="41.890059" lon="-123.200788"/>
      <trkpt lat="41.890188" lon="-123.200740"/>
      <trkpt lat="41.890252" lon="-123.200663"/>
      <trkpt lat="41.890342" lon="-123.200584"/>
      <trkpt lat="41.890376" lon="-123.200590"/>
      <trkpt lat="41.890314" lon="-123.200658"/>
      <trkpt lat="41.890239" lon="-123.200779"/>
      <trkpt lat="41.890202" lon="-123.200861"/>
      <trkpt lat="41.890393" lon="-123.200717"/>
      <trkpt lat="41.890520" lon="-123.200697"/>
      <trkpt lat="41.890548" lon="-123.200727"/>
      <trkpt lat="41.890482" lon="-123.200790"/>
      <trkpt lat="41.890370" lon="-123.200853"/>
      <trkpt lat="41.890370" lon="-123.200901"/>
      <trkpt lat="41.890358" lon="-123.200960"/>
      <trkpt lat="41.890403" lon="-123.201020"/>
      <trkpt lat="41.890445" lon="-123.201102"/>
      <trkpt lat="41.890520" lon="-123.201318"/>
      <trkpt lat="41.890536" lon="-123.201420"/>
      <trkpt lat="41.890524" lon="-123.201528"/>
    </trkseg>
    <trkseg>
      <trkpt lat="41.890524" lon="-123.201528"/>
      <trkpt lat="41.890624" lon="-123.201681"/>
      <trkpt lat="41.890707" lon="-123.201774"/>
      <trkpt lat="41.890760" lon="-123.201828"/>
      <trkpt lat="41.890850" lon="-123.201869"/>
      <trkpt lat="41.890956" lon="-123.201876"/>
      <trkpt lat="41.891003" lon="-123.201908"/>
      <trkpt lat="41.891049" lon="-123.201947"/>
      <trkpt lat="41.891116" lon="-123.201982"/>
      <trkpt lat="41.891160" lon="-123.202056"/>
      <trkpt lat="41.891207" lon="-123.202112"/>
      <trkpt lat="41.891253" lon="-123.202160"/>
      <trkpt lat="41.891373" lon="-123.202266"/>
      <trkpt lat="41.891409" lon="-123.202294"/>
      <trkpt lat="41.891542" lon="-123.202529"/>
      <trkpt lat="41.891571" lon="-123.202571"/>
      <trkpt lat="41.891602" lon="-123.202629"/>
      <trkpt lat="41.891721" lon="-123.202825"/>
      <trkpt lat="41.891764" lon="-123.202969"/>
      <trkpt lat="41.891790" lon="-123.203125"/>
      <trkpt lat="41.891818" lon="-123.203235"/>
      <trkpt lat="41.891856" lon="-123.203341"/>
      <trkpt lat="41.891881" lon="-123.203455"/>
      <trkpt lat="41.891919" lon="-123.203522"/>
      <trkpt lat="41.891952" lon="-123.203610"/>
      <trkpt lat="41.891989" lon="-123.203723"/>
      <trkpt lat="41.892003" lon="-123.203843"/>
      <trkpt lat="41.892035" lon="-123.204165"/>
      <trkpt lat="41.892032" lon="-123.204281"/>
      <trkpt lat="41.892012" lon="-123.204459"/>
      <trkpt lat="41.891979" lon="-123.204525"/>
      <trkpt lat="41.891955" lon="-123.204597"/>
      <trkpt lat="41.891957" lon="-123.204660"/>
      <trkpt lat="41.892008" lon="-123.204748"/>
      <trkpt lat="41.892056" lon="-123.204785"/>
      <trkpt lat="41.892096" lon="-123.204830"/>
      <trkpt lat="41.892124" lon="-123.204872"/>
      <trkpt lat="41.892188" lon="-123.204917"/>
      <trkpt lat="41.892239" lon="-123.204962"/>
      <trkpt lat="41.892307" lon="-123.204984"/>
      <trkpt lat="41.892364" lon="-123.204994"/>
      <trkpt lat="41.892472" lon="-123.204983"/>
      <trkpt lat="41.892579" lon="-123.204921"/>
      <trkpt lat="41.892650" lon="-123.204831"/>
      <trkpt lat="41.892708" lon="-123.204809"/>
      <trkpt lat="41.892793" lon="-123.204705"/>
      <trkpt lat="41.892987" lon="-123.204447"/>
      <trkpt lat="41.893065" lon="-123.204390"/>
      <trkpt lat="41.893133" lon="-123.204345"/>
      <trkpt lat="41.893205" lon="-123.204272"/>
      <trkpt lat="41.893289" lon="-123.204195"/>
      <trkpt lat="41.893471" lon="-123.204074"/>
      <trkpt lat="41.893904" lon="-123.203733"/>
      <trkpt lat="41.894098" lon="-123.203588"/>
      <trkpt lat="41.894337" lon="-123.203352"/>
      <trkpt lat="41.894502" lon="-123.203335"/>
      <trkpt lat="41.894602" lon="-123.203230"/>
      <trkpt lat="41.894679" lon="-123.203204"/>
      <trkpt lat="41.894741" lon="-123.203126"/>
      <trkpt lat="41.894882" lon="-123.203017"/>
      <trkpt lat="41.894958" lon="-123.202990"/>
      <trkpt lat="41.895081" lon="-123.203000"/>
      <trkpt lat="41.895269" lon="-123.202709"/>
      <trkpt lat="41.895381" lon="-123.202433"/>
      <trkpt lat="41.895432" lon="-123.202390"/>
      <trkpt lat="41.895495" lon="-123.202379"/>
      <trkpt lat="41.895541" lon="-123.202320"/>
      <trkpt lat="41.895673" lon="-123.202263"/>
      <trkpt lat="41.895734" lon="-123.202168"/>
      <trkpt lat="41.895802" lon="-123.202145"/>
      <trkpt lat="41.896014" lon="-123.202027"/>
      <trkpt lat="41.896221" lon="-123.201994"/>
      <trkpt lat="41.896456" lon="-123.201987"/>
      <trkpt lat="41.896628" lon="-123.202055"/>
      <trkpt lat="41.896819" lon="-123.202036"/>
      <trkpt lat="41.896858" lon="-123.202055"/>
      <trkpt lat="41.896985" lon="-123.202022"/>
      <trkpt lat="41.897118" lon="-123.202038"/>
      <trkpt lat="41.897262" lon="-123.201990"/>
      <trkpt lat="41.897528" lon="-123.202018"/>
      <trkpt lat="41.897829" lon="-123.202100"/>
      <trkpt lat="41.898053" lon="-123.202196"/>
      <trkpt lat="41.898251" lon="-123.202188"/>
      <trkpt lat="41.898440" lon="-123.202210"/>
      <trkpt lat="41.898805" lon="-123.202206"/>
      <trkpt lat="41.898927" lon="-123.202242"/>
      <trkpt lat="41.899053" lon="-123.202238"/>
      <trkpt lat="41.899165" lon="-123.202231"/>
      <trkpt lat="41.899375" lon="-123.202134"/>
      <trkpt lat="41.899517" lon="-123.202094"/>
      <trkpt lat="41.899686" lon="-123.202001"/>
      <trkpt lat="41.899825" lon="-123.201853"/>
      <trkpt lat="41.899967" lon="-123.201775"/>
      <trkpt lat="41.900069" lon="-123.201739"/>
      <trkpt lat="41.900234" lon="-123.201683"/>
      <trkpt lat="41.900350" lon="-123.201652"/>
      <trkpt lat="41.900493" lon="-123.201593"/>
      <trkpt lat="41.900595" lon="-123.201495"/>
      <trkpt lat="41.900727" lon="-123.201397"/>
      <trkpt lat="41.900851" lon="-123.201319"/>
      <trkpt lat="41.900936" lon="-123.201335"/>
      <trkpt lat="41.901084" lon="-123.201432"/>
      <trkpt lat="41.901278" lon="-123.201505"/>
      <trkpt lat="41.901572" lon="-123.201507"/>
      <trkpt lat="41.901654" lon="-123.201553"/>
      <trkpt lat="41.901952" lon="-123.201590"/>
      <trkpt lat="41.902226" lon="-123.201610"/>
      <trkpt lat="41.902461" lon="-123.201663"/>
      <trkpt lat="41.902684" lon="-123.201740"/>
      <trkpt lat="41.902937" lon="-123.201876"/>
      <trkpt lat="41.903077" lon="-123.202024"/>
      <trkpt lat="41.903201" lon="-123.202140"/>
      <trkpt lat="41.903277" lon="-123.202194"/>
      <trkpt lat="41.903332" lon="-123.202216"/>
      <trkpt lat="41.903537" lon="-123.202368"/>
      <trkpt lat="41.903746" lon="-123.202521"/>
      <trkpt lat="41.903986" lon="-123.202639"/>
      <trkpt lat="41.904098" lon="-123.202634"/>
      <trkpt lat="41.904238" lon="-123.202608"/>
      <trkpt lat="41.904589" lon="-123.202507"/>
      <trkpt lat="41.904683" lon="-123.202486"/>
      <trkpt lat="41.904742" lon="-123.202462"/>
      <trkpt lat="41.904908" lon="-123.202381"/>
      <trkpt lat="41.905168" lon="-123.202110"/>
      <trkpt lat="41.905331" lon="-123.201980"/>
      <trkpt lat="41.905636" lon="-123.201708"/>
      <trkpt lat="41.905734" lon="-123.201701"/>
      <trkpt lat="41.905821" lon="-123.201721"/>
      <trkpt lat="41.905895" lon="-123.201763"/>
      <trkpt lat="41.905941" lon="-123.201758"/>
      <trkpt lat="41.906009" lon="-123.201719"/>
      <trkpt lat="41.906042" lon="-123.201679"/>
      <trkpt lat="41.906074" lon="-123.201657"/>
      <trkpt lat="41.906172" lon="-123.201593"/>
      <trkpt lat="41.906220" lon="-123.201526"/>
      <trkpt lat="41.906303" lon="-123.201461"/>
      <trkpt lat="41.906397" lon="-123.201288"/>
      <trkpt lat="41.906502" lon="-123.201125"/>
      <trkpt lat="41.906624" lon="-123.200991"/>
      <trkpt lat="41.906797" lon="-123.200592"/>
      <trkpt lat="41.907085" lon="-123.200173"/>
      <trkpt lat="41.907407" lon="-123.199908"/>
      <trkpt lat="41.907615" lon="-123.199688"/>
      <trkpt lat="41.907759" lon="-123.199595"/>
      <trkpt lat="41.907880" lon="-123.199519"/>
      <trkpt lat="41.908020" lon="-123.199514"/>
      <trkpt lat="41.908120" lon="-123.199474"/>
      <trkpt lat="41.908202" lon="-123.199498"/>
      <trkpt lat="41.908276" lon="-123.199519"/>
      <trkpt lat="41.908332" lon="-123.199506"/>
      <trkpt lat="41.908573" lon="-123.199556"/>
      <trkpt lat="41.908775" lon="-123.199632"/>
      <trkpt lat="41.908896" lon="-123.199568"/>
      <trkpt lat="41.909028" lon="-123.199560"/>
      <trkpt lat="41.909290" lon="-123.199479"/>
      <trkpt lat="41.909483" lon="-123.199536"/>
      <trkpt lat="41.909558" lon="-123.199539"/>
      <trkpt lat="41.909638" lon="-123.199534"/>
      <trkpt lat="41.909744" lon="-123.199521"/>
      <trkpt lat="41.909859" lon="-123.199550"/>
      <trkpt lat="41.909959" lon="-123.199602"/>
      <trkpt lat="41.910053" lon="-123.199705"/>
      <trkpt lat="41.910182" lon="-123.199860"/>
      <trkpt lat="41.910278" lon="-123.199931"/>
      <trkpt lat="41.910508" lon="-123.200077"/>
      <trkpt lat="41.910723" lon="-123.200239"/>
      <trkpt lat="41.911058" lon="-123.200448"/>
      <trkpt lat="41.911274" lon="-123.200533"/>
      <trkpt lat="41.911431" lon="-123.200649"/>
      <trkpt lat="41.911549" lon="-123.200735"/>
      <trkpt lat="41.911705" lon="-123.200785"/>
      <trkpt lat="41.911795" lon="-123.200815"/>
      <trkpt lat="41.911897" lon="-123.200890"/>
      <trkpt lat="41.911921" lon="-123.200874"/>
    </trkseg>
    <trkseg>
      <trkpt lat="41.911921" lon="-123.200874"/>
      <trkpt lat="41.911889" lon="-123.200803"/>
      <trkpt lat="41.911821" lon="-123.200745"/>
      <trkpt lat="41.911710" lon="-123.200633"/>
      <trkpt lat="41.911617" lon="-123.200433"/>
      <trkpt lat="41.911551" lon="-123.200235"/>
      <trkpt lat="41.911542" lon="-123.200079"/>
      <trkpt lat="41.911552" lon="-123.199938"/>
      <trkpt lat="41.911580" lon="-123.199891"/>
      <trkpt lat="41.911642" lon="-123.199853"/>
      <trkpt lat="41.911716" lon="-123.199876"/>
      <trkpt lat="41.911794" lon="-123.199862"/>
      <trkpt lat="41.911913" lon="-123.199803"/>
      <trkpt lat="41.912218" lon="-123.199618"/>
      <trkpt lat="41.912510" lon="-123.199298"/>
      <trkpt lat="41.912802" lon="-123.198978"/>
      <trkpt lat="41.913074" lon="-123.198651"/>
      <trkpt lat="41.913340" lon="-123.198275"/>
      <trkpt lat="41.913478" lon="-123.198145"/>
      <trkpt lat="41.913548" lon="-123.198134"/>
      <trkpt lat="41.913617" lon="-123.198155"/>
      <trkpt lat="41.913755" lon="-123.198243"/>
      <trkpt lat="41.914018" lon="-123.198534"/>
      <trkpt lat="41.914120" lon="-123.198611"/>
      <trkpt lat="41.914126" lon="-123.198570"/>
      <trkpt lat="41.914001" lon="-123.198300"/>
      <trkpt lat="41.913902" lon="-123.198053"/>
      <trkpt lat="41.913793" lon="-123.197897"/>
      <trkpt lat="41.913716" lon="-123.197767"/>
      <trkpt lat="41.913732" lon="-123.197625"/>
      <trkpt lat="41.913715" lon="-123.197502"/>
      <trkpt lat="41.913672" lon="-123.197376"/>
      <trkpt lat="41.913651" lon="-123.197259"/>
      <trkpt lat="41.913616" lon="-123.197143"/>
      <trkpt lat="41.913591" lon="-123.197090"/>
      <trkpt lat="41.913610" lon="-123.197073"/>
      <trkpt lat="41.913637" lon="-123.197087"/>
      <trkpt lat="41.913670" lon="-123.197134"/>
      <trkpt lat="41.913873" lon="-123.197402"/>
      <trkpt lat="41.913959" lon="-123.197495"/>
      <trkpt lat="41.914057" lon="-123.197535"/>
      <trkpt lat="41.914294" lon="-123.197782"/>
      <trkpt lat="41.914425" lon="-123.197831"/>
      <trkpt lat="41.914508" lon="-123.197843"/>
      <trkpt lat="41.914583" lon="-123.197833"/>
      <trkpt lat="41.914659" lon="-123.197753"/>
      <trkpt lat="41.914692" lon="-123.197678"/>
      <trkpt lat="41.914477" lon="-123.197535"/>
      <trkpt lat="41.914380" lon="-123.197433"/>
      <trkpt lat="41.914245" lon="-123.197230"/>
      <trkpt lat="41.914072" lon="-123.197012"/>
      <trkpt lat="41.914064" lon="-123.196968"/>
      <trkpt lat="41.914099" lon="-123.196964"/>
      <trkpt lat="41.914135" lon="-123.196988"/>
      <trkpt lat="41.914645" lon="-123.197262"/>
      <trkpt lat="41.915016" lon="-123.197229"/>
      <trkpt lat="41.915296" lon="-123.197197"/>
      <trkpt lat="41.915567" lon="-123.197148"/>
      <trkpt lat="41.915699" lon="-123.197191"/>
      <trkpt lat="41.915812" lon="-123.197251"/>
      <trkpt lat="41.915957" lon="-123.197335"/>
      <trkpt lat="41.916060" lon="-123.197333"/>
      <trkpt lat="41.916115" lon="-123.197286"/>
      <trkpt lat="41.916142" lon="-123.197192"/>
      <trkpt lat="41.916177" lon="-123.197038"/>
      <trkpt lat="41.916408" lon="-123.196959"/>
      <trkpt lat="41.916742" lon="-123.196822"/>
      <trkpt lat="41.916837" lon="-123.196741"/>
      <trkpt lat="41.916928" lon="-123.196607"/>
      <trkpt lat="41.917010" lon="-123.196447"/>
      <trkpt lat="41.917032" lon="-123.196107"/>
      <trkpt lat="41.916964" lon="-123.195725"/>
      <trkpt lat="41.916964" lon="-123.195558"/>
      <trkpt lat="41.916897" lon="-123.195217"/>
      <trkpt lat="41.916888" lon="-123.195113"/>
      <trkpt lat="41.916934" lon="-123.194938"/>
      <trkpt lat="41.916936" lon="-123.194616"/>
      <trkpt lat="41.916866" lon="-123.194488"/>
      <trkpt lat="41.916787" lon="-123.194340"/>
      <trkpt lat="41.916769" lon="-123.194198"/>
      <trkpt lat="41.916797" lon="-123.194123"/>
      <trkpt lat="41.916862" lon="-123.194066"/>
      <trkpt lat="41.916879" lon="-123.193992"/>
      <trkpt lat="41.916804" lon="-123.193905"/>
      <trkpt lat="41.916767" lon="-123.193806"/>
      <trkpt lat="41.916792" lon="-123.193675"/>
      <trkpt lat="41.916808" lon="-123.193377"/>
      <trkpt lat="41.916888" lon="-123.193111"/>
      <trkpt lat="41.916908" lon="-123.192882"/>
      <trkpt lat="41.916903" lon="-123.192438"/>
      <trkpt lat="41.916803" lon="-123.191926"/>
      <trkpt lat="41.916793" lon="-123.191683"/>
      <trkpt lat="41.916812" lon="-123.191365"/>
      <trkpt lat="41.916882" lon="-123.191237"/>
      <trkpt lat="41.917032" lon="-123.191130"/>
      <trkpt lat="41.917266" lon="-123.190934"/>
      <trkpt lat="41.917403" lon="-123.190840"/>
      <trkpt lat="41.917640" lon="-123.190728"/>
      <trkpt lat="41.917765" lon="-123.190652"/>
      <trkpt lat="41.917830" lon="-123.190572"/>
      <trkpt lat="41.917964" lon="-123.190397"/>
      <trkpt lat="41.918044" lon="-123.190242"/>
      <trkpt lat="41.918305" lon="-123.189372"/>
      <trkpt lat="41.918429" lon="-123.189044"/>
      <trkpt lat="41.918617" lon="-123.188572"/>
      <trkpt lat="41.918709" lon="-123.188445"/>
      <trkpt lat="41.919024" lon="-123.188077"/>
      <trkpt lat="41.919168" lon="-123.187914"/>
      <trkpt lat="41.919242" lon="-123.187814"/>
      <trkpt lat="41.919367" lon="-123.187729"/>
      <trkpt lat="41.919427" lon="-123.187589"/>
      <trkpt lat="41.919449" lon="-123.187500"/>
      <trkpt lat="41.919481" lon="-123.187417"/>
      <trkpt lat="41.919515" lon="-123.187153"/>
      <trkpt lat="41.919611" lon="-123.186870"/>
      <trkpt lat="41.919631" lon="-123.186704"/>
      <trkpt lat="41.919685" lon="-123.186462"/>
      <trkpt lat="41.919814" lon="-123.186170"/>
      <trkpt lat="41.919850" lon="-123.186154"/>
      <trkpt lat="41.919887" lon="-123.186198"/>
      <trkpt lat="41.919906" lon="-123.186299"/>
      <trkpt lat="41.919918" lon="-123.186590"/>
      <trkpt lat="41.919950" lon="-123.186696"/>
      <trkpt lat="41.920038" lon="-123.186889"/>
      <trkpt lat="41.920154" lon="-123.187012"/>
      <trkpt lat="41.920279" lon="-123.187120"/>
      <trkpt lat="41.920349" lon="-123.187216"/>
      <trkpt lat="41.920403" lon="-123.187326"/>
      <trkpt lat="41.920495" lon="-123.187669"/>
      <trkpt lat="41.920643" lon="-123.187892"/>
      <trkpt lat="41.920794" lon="-123.188107"/>
      <trkpt lat="41.920912" lon="-123.188212"/>
      <trkpt lat="41.921035" lon="-123.188287"/>
      <trkpt lat="41.921096" lon="-123.188335"/>
      <trkpt lat="41.921146" lon="-123.188332"/>
      <trkpt lat="41.921213" lon="-123.188254"/>
      <trkpt lat="41.921253" lon="-123.188249"/>
      <trkpt lat="41.921363" lon="-123.188434"/>
      <trkpt lat="41.921430" lon="-123.188515"/>
      <trkpt lat="41.921545" lon="-123.188523"/>
      <trkpt lat="41.921696" lon="-123.188477"/>
      <trkpt lat="41.921788" lon="-123.188394"/>
      <trkpt lat="41.921900" lon="-123.188367"/>
      <trkpt lat="41.921946" lon="-123.188300"/>
      <trkpt lat="41.922069" lon="-123.188121"/>
      <trkpt lat="41.922179" lon="-123.188056"/>
      <trkpt lat="41.922341" lon="-123.187771"/>
      <trkpt lat="41.922481" lon="-123.187637"/>
      <trkpt lat="41.922513" lon="-123.187468"/>
      <trkpt lat="41.922600" lon="-123.187318"/>
      <trkpt lat="41.922696" lon="-123.187109"/>
      <trkpt lat="41.922710" lon="-123.186988"/>
      <trkpt lat="41.922758" lon="-123.186851"/>
      <trkpt lat="41.922786" lon="-123.186744"/>
      <trkpt lat="41.923177" lon="-123.185927"/>
      <trkpt lat="41.923231" lon="-123.185509"/>
      <trkpt lat="41.923311" lon="-123.184929"/>
      <trkpt lat="41.923335" lon="-123.184554"/>
      <trkpt lat="41.923413" lon="-123.184185"/>
      <trkpt lat="41.923496" lon="-123.183855"/>
      <trkpt lat="41.923604" lon="-123.183598"/>
      <trkpt lat="41.923710" lon="-123.183242"/>
      <trkpt lat="41.923862" lon="-123.182809"/>
      <trkpt lat="41.923983" lon="-123.182595"/>
      <trkpt lat="41.924133" lon="-123.182383"/>
      <trkpt lat="41.924199" lon="-123.182174"/>
      <trkpt lat="41.924236" lon="-123.181918"/>
      <trkpt lat="41.924298" lon="-123.181559"/>
      <trkpt lat="41.924334" lon="-123.181296"/>
      <trkpt lat="41.924410" lon="-123.181036"/>
      <trkpt lat="41.924488" lon="-123.180677"/>
      <trkpt lat="41.924483" lon="-123.180513"/>
      <trkpt lat="41.924512" lon="-123.180280"/>
      <trkpt lat="41.924646" lon="-123.179945"/>
      <trkpt lat="41.924736" lon="-123.179561"/>
      <trkpt lat="41.924834" lon="-123.179102"/>
      <trkpt lat="41.924933" lon="-123.178134"/>
      <trkpt lat="41.924961" lon="-123.177716"/>
      <trkpt lat="41.925001" lon="-123.177468"/>
      <trkpt lat="41.925184" lon="-123.177079"/>
      <trkpt lat="41.925382" lon="-123.176737"/>
      <trkpt lat="41.925460" lon="-123.176514"/>
      <trkpt lat="41.925504" lon="-123.176420"/>
      <trkpt lat="41.925587" lon="-123.176382"/>
      <trkpt lat="41.925647" lon="-123.176408"/>
      <trkpt lat="41.925799" lon="-123.176671"/>
      <trkpt lat="41.925948" lon="-123.176858"/>
      <trkpt lat="41.926153" lon="-123.177397"/>
      <trkpt lat="41.926258" lon="-123.177525"/>
      <trkpt lat="41.926318" lon="-123.177649"/>
      <trkpt lat="41.926438" lon="-123.177826"/>
      <trkpt lat="41.926422" lon="-123.178035"/>
      <trkpt lat="41.926453" lon="-123.178148"/>
      <trkpt lat="41.926537" lon="-123.178342"/>
      <trkpt lat="41.926590" lon="-123.178464"/>
      <trkpt lat="41.926663" lon="-123.178582"/>
      <trkpt lat="41.926864" lon="-123.178636"/>
      <trkpt lat="41.927025" lon="-123.178707"/>
      <trkpt lat="41.927192" lon="-123.178669"/>
      <trkpt lat="41.927458" lon="-123.178806"/>
      <trkpt lat="41.927601" lon="-123.178818"/>
      <trkpt lat="41.927868" lon="-123.178818"/>
      <trkpt lat="41.928021" lon="-123.178722"/>
      <trkpt lat="41.928461" lon="-123.178628"/>
      <trkpt lat="41.928523" lon="-123.178620"/>
      <trkpt lat="41.928595" lon="-123.178644"/>
      <trkpt lat="41.928648" lon="-123.178709"/>
      <trkpt lat="41.928763" lon="-123.178758"/>
      <trkpt lat="41.928934" lon="-123.178724"/>
      <trkpt lat="41.929180" lon="-123.178563"/>
      <trkpt lat="41.929353" lon="-123.178470"/>
      <trkpt lat="41.929449" lon="-123.178357"/>
      <trkpt lat="41.929565" lon="-123.178228"/>
      <trkpt lat="41.929751" lon="-123.178105"/>
      <trkpt lat="41.929970" lon="-123.177737"/>
      <trkpt lat="41.930112" lon="-123.177552"/>
      <trkpt lat="41.930357" lon="-123.177230"/>
      <trkpt lat="41.930423" lon="-123.177061"/>
      <trkpt lat="41.930505" lon="-123.176938"/>
      <trkpt lat="41.930695" lon="-123.176717"/>
      <trkpt lat="41.930780" lon="-123.176557"/>
      <trkpt lat="41.930927" lon="-123.176383"/>
      <trkpt lat="41.931030" lon="-123.176241"/>
      <trkpt lat="41.931187" lon="-123.175967"/>
      <trkpt lat="41.931223" lon="-123.175836"/>
      <trkpt lat="41.931305" lon="-123.175642"/>
      <trkpt lat="41.931477" lon="-123.175377"/>
      <trkpt lat="41.931665" lon="-123.174937"/>
      <trkpt lat="41.931984" lon="-123.174480"/>
      <trkpt lat="41.932278" lon="-123.173972"/>
      <trkpt lat="41.932580" lon="-123.173612"/>
      <trkpt lat="41.932673" lon="-123.173472"/>
      <trkpt lat="41.932746" lon="-123.173304"/>
      <trkpt lat="41.932925" lon="-123.173183"/>
      <trkpt lat="41.933062" lon="-123.173030"/>
      <trkpt lat="41.933278" lon="-123.172733"/>
      <trkpt lat="41.933575" lon="-123.172497"/>
      <trkpt lat="41.933714" lon="-123.172373"/>
      <trkpt lat="41.933819" lon="-123.172250"/>
      <trkpt lat="41.933962" lon="-123.171886"/>
      <trkpt lat="41.934210" lon="-123.171368"/>
      <trkpt lat="41.934468" lon="-123.170092"/>
      <trkpt lat="41.934572" lon="-123.169820"/>
      <trkpt lat="41.934773" lon="-123.169230"/>
      <trkpt lat="41.934913" lon="-123.169017"/>
      <trkpt lat="41.935040" lon="-123.168698"/>
      <trkpt lat="41.935110" lon="-123.168392"/>
      <trkpt lat="41.935120" lon="-123.167596"/>
      <trkpt lat="41.935108" lon="-123.166915"/>
      <trkpt lat="41.935088" lon="-123.166595"/>
      <trkpt lat="41.934867" lon="-123.165965"/>
      <trkpt lat="41.934817" lon="-123.165702"/>
      <trkpt lat="41.934813" lon="-123.165515"/>
      <trkpt lat="41.934851" lon="-123.165268"/>
      <trkpt lat="41.934901" lon="-123.165166"/>
      <trkpt lat="41.934973" lon="-123.165150"/>
      <trkpt lat="41.935116" lon="-123.165142"/>
      <trkpt lat="41.935268" lon="-123.165082"/>
      <trkpt lat="41.935658" lon="-123.164823"/>
      <trkpt lat="41.935976" lon="-123.164694"/>
      <trkpt lat="41.936102" lon="-123.164533"/>
      <trkpt lat="41.936162" lon="-123.164329"/>
      <trkpt lat="41.936230" lon="-123.164147"/>
      <trkpt lat="41.936216" lon="-123.163752"/>
      <trkpt lat="41.936198" lon="-123.163559"/>
      <trkpt lat="41.936226" lon="-123.163447"/>
      <trkpt lat="41.936365" lon="-123.163374"/>
      <trkpt lat="41.936593" lon="-123.163286"/>
      <trkpt lat="41.936708" lon="-123.163189"/>
      <trkpt lat="41.936804" lon="-123.163100"/>
      <trkpt lat="41.936866" lon="-123.162945"/>
      <trkpt lat="41.936896" lon="-123.162693"/>
      <trkpt lat="41.936836" lon="-123.162132"/>
      <trkpt lat="41.936754" lon="-123.161864"/>
      <trkpt lat="41.936399" lon="-123.161062"/>
      <trkpt lat="41.936234" lon="-123.160555"/>
      <trkpt lat="41.935930" lon="-123.159628"/>
      <trkpt lat="41.935750" lon="-123.159187"/>
      <trkpt lat="41.935563" lon="-123.158865"/>
      <trkpt lat="41.935254" lon="-123.158605"/>
      <trkpt lat="41.934981" lon="-123.158444"/>
      <trkpt lat="41.934666" lon="-123.158356"/>
      <trkpt lat="41.934165" lon="-123.158378"/>
      <trkpt lat="41.933840" lon="-123.158235"/>
      <trkpt lat="41.933603" lon="-123.157992"/>
      <trkpt lat="41.933142" lon="-123.157417"/>
      <trkpt lat="41.933067" lon="-123.157253"/>
      <trkpt lat="41.932947" lon="-123.156824"/>
      <trkpt lat="41.932690" lon="-123.156132"/>
      <trkpt lat="41.932628" lon="-123.155899"/>
      <trkpt lat="41.932583" lon="-123.155555"/>
      <trkpt lat="41.932622" lon="-123.155183"/>
      <trkpt lat="41.932658" lon="-123.155049"/>
      <trkpt lat="41.932730" lon="-123.154931"/>
      <trkpt lat="41.932746" lon="-123.154807"/>
      <trkpt lat="41.932757" lon="-123.154568"/>
      <trkpt lat="41.932801" lon="-123.154235"/>
      <trkpt lat="41.932950" lon="-123.154010"/>
      <trkpt lat="41.932882" lon="-123.153835"/>
      <trkpt lat="41.932547" lon="-123.153413"/>
      <trkpt lat="41.932071" lon="-123.153182"/>
      <trkpt lat="41.931684" lon="-123.152715"/>
      <trkpt lat="41.931616" lon="-123.152517"/>
      <trkpt lat="41.931393" lon="-123.152318"/>
      <trkpt lat="41.931106" lon="-123.152195"/>
      <trkpt lat="41.930946" lon="-123.152080"/>
      <trkpt lat="41.930862" lon="-123.152034"/>
      <trkpt lat="41.930750" lon="-123.151851"/>
      <trkpt lat="41.930591" lon="-123.151685"/>
      <trkpt lat="41.930423" lon="-123.151503"/>
      <trkpt lat="41.930375" lon="-123.151411"/>
      <trkpt lat="41.930407" lon="-123.151283"/>
      <trkpt lat="41.930854" lon="-123.150709"/>
      <trkpt lat="41.930966" lon="-123.150526"/>
      <trkpt lat="41.931131" lon="-123.150359"/>
      <trkpt lat="41.931209" lon="-123.150194"/>
      <trkpt lat="41.931301" lon="-123.150038"/>
      <trkpt lat="41.931435" lon="-123.149931"/>
      <trkpt lat="41.931608" lon="-123.149958"/>
      <trkpt lat="41.931782" lon="-123.149920"/>
      <trkpt lat="41.931918" lon="-123.149850"/>
      <trkpt lat="41.932073" lon="-123.149698"/>
      <trkpt lat="41.932183" lon="-123.149647"/>
      <trkpt lat="41.932347" lon="-123.149673"/>
      <trkpt lat="41.932632" lon="-123.149823"/>
      <trkpt lat="41.932742" lon="-123.149968"/>
      <trkpt lat="41.932887" lon="-123.150178"/>
      <trkpt lat="41.933059" lon="-123.150277"/>
      <trkpt lat="41.933191" lon="-123.150392"/>
      <trkpt lat="41.933382" lon="-123.150446"/>
      <trkpt lat="41.933490" lon="-123.150534"/>
      <trkpt lat="41.933574" lon="-123.150612"/>
      <trkpt lat="41.933650" lon="-123.150628"/>
      <trkpt lat="41.933729" lon="-123.150607"/>
      <trkpt lat="41.933803" lon="-123.150548"/>
      <trkpt lat="41.933967" lon="-123.150416"/>
      <trkpt lat="41.934172" lon="-123.150296"/>
      <trkpt lat="41.934304" lon="-123.150242"/>
      <trkpt lat="41.934412" lon="-123.150247"/>
      <trkpt lat="41.934520" lon="-123.150253"/>
      <trkpt lat="41.934639" lon="-123.150347"/>
      <trkpt lat="41.934721" lon="-123.150371"/>
      <trkpt lat="41.934761" lon="-123.150455"/>
      <trkpt lat="41.934851" lon="-123.150524"/>
      <trkpt lat="41.934970" lon="-123.150609"/>
      <trkpt lat="41.935062" lon="-123.150671"/>
      <trkpt lat="41.935152" lon="-123.150687"/>
      <trkpt lat="41.935268" lon="-123.150647"/>
      <trkpt lat="41.935493" lon="-123.150499"/>
      <trkpt lat="41.935735" lon="-123.150390"/>
      <trkpt lat="41.935831" lon="-123.150328"/>
      <trkpt lat="41.936188" lon="-123.150070"/>
      <trkpt lat="41.936405" lon="-123.150001"/>
      <trkpt lat="41.936547" lon="-123.150033"/>
      <trkpt lat="41.936712" lon="-123.150159"/>
      <trkpt lat="41.936832" lon="-123.150296"/>
      <trkpt lat="41.936974" lon="-123.150427"/>
      <trkpt lat="41.937125" lon="-123.150518"/>
      <trkpt lat="41.937207" lon="-123.150526"/>
      <trkpt lat="41.937321" lon="-123.150441"/>
      <trkpt lat="41.937479" lon="-123.150344"/>
      <trkpt lat="41.937580" lon="-123.150266"/>
      <trkpt lat="41.937698" lon="-123.150194"/>
      <trkpt lat="41.937788" lon="-123.150094"/>
      <trkpt lat="41.937814" lon="-123.149931"/>
      <trkpt lat="41.937888" lon="-123.149842"/>
      <trkpt lat="41.937993" lon="-123.149794"/>
      <trkpt lat="41.938087" lon="-123.149655"/>
      <trkpt lat="41.938153" lon="-123.149518"/>
      <trkpt lat="41.938321" lon="-123.149298"/>
      <trkpt lat="41.938422" lon="-123.149293"/>
      <trkpt lat="41.938604" lon="-123.149325"/>
      <trkpt lat="41.938847" lon="-123.149260"/>
      <trkpt lat="41.938977" lon="-123.149202"/>
      <trkpt lat="41.939115" lon="-123.149110"/>
      <trkpt lat="41.939390" lon="-123.148895"/>
      <trkpt lat="41.939569" lon="-123.148842"/>
      <trkpt lat="41.939821" lon="-123.148676"/>
      <trkpt lat="41.939953" lon="-123.148509"/>
      <trkpt lat="41.940174" lon="-123.148260"/>
      <trkpt lat="41.940284" lon="-123.148083"/>
      <trkpt lat="41.940391" lon="-123.147943"/>
      <trkpt lat="41.940521" lon="-123.147863"/>
      <trkpt lat="41.940687" lon="-123.147672"/>
      <trkpt lat="41.940878" lon="-123.147528"/>
      <trkpt lat="41.941038" lon="-123.147458"/>
      <trkpt lat="41.941317" lon="-123.147141"/>
      <trkpt lat="41.941421" lon="-123.146935"/>
      <trkpt lat="41.941465" lon="-123.146822"/>
      <trkpt lat="41.941609" lon="-123.146739"/>
      <trkpt lat="41.941824" lon="-123.146707"/>
      <trkpt lat="41.941950" lon="-123.146720"/>
      <trkpt lat="41.942006" lon="-123.146795"/>
      <trkpt lat="41.942056" lon="-123.146680"/>
      <trkpt lat="41.942050" lon="-123.146532"/>
      <trkpt lat="41.941935" lon="-123.146143"/>
      <trkpt lat="41.941932" lon="-123.145835"/>
      <trkpt lat="41.941844" lon="-123.145575"/>
      <trkpt lat="41.941879" lon="-123.145299"/>
      <trkpt lat="41.941876" lon="-123.145090"/>
    </trkseg>
    <trkseg>
      <trkpt lat="41.941876" lon="-123.145090"/>
      <trkpt lat="41.941877" lon="-123.144883"/>
      <trkpt lat="41.941916" lon="-123.144672"/>
      <trkpt lat="41.942045" lon="-123.144419"/>
      <trkpt lat="41.942165" lon="-123.144258"/>
      <trkpt lat="41.942211" lon="-123.144100"/>
      <trkpt lat="41.942329" lon="-123.143952"/>
      <trkpt lat="41.942403" lon="-123.143826"/>
      <trkpt lat="41.942427" lon="-123.143754"/>
      <trkpt lat="41.942425" lon="-123.143681"/>
      <trkpt lat="41.942387" lon="-123.143577"/>
      <trkpt lat="41.942183" lon="-123.143311"/>
      <trkpt lat="41.941988" lon="-123.143003"/>
      <trkpt lat="41.941934" lon="-123.142847"/>
      <trkpt lat="41.941920" lon="-123.142702"/>
      <trkpt lat="41.941877" lon="-123.142567"/>
      <trkpt lat="41.941912" lon="-123.142480"/>
      <trkpt lat="41.942036" lon="-123.142367"/>
      <trkpt lat="41.942105" lon="-123.142262"/>
      <trkpt lat="41.942207" lon="-123.142174"/>
      <trkpt lat="41.942265" lon="-123.141999"/>
      <trkpt lat="41.942279" lon="-123.141820"/>
      <trkpt lat="41.942235" lon="-123.141485"/>
      <trkpt lat="41.942237" lon="-123.141125"/>
      <trkpt lat="41.942139" lon="-123.140884"/>
      <trkpt lat="41.942173" lon="-123.140717"/>
      <trkpt lat="41.942141" lon="-123.140610"/>
      <trkpt lat="41.942014" lon="-123.140463"/>
      <trkpt lat="41.941908" lon="-123.140366"/>
      <trkpt lat="41.941910" lon="-123.140323"/>
      <trkpt lat="41.942029" lon="-123.140302"/>
      <trkpt lat="41.942077" lon="-123.140264"/>
      <trkpt lat="41.942103" lon="-123.140224"/>
      <trkpt lat="41.942087" lon="-123.140160"/>
      <trkpt lat="41.941988" lon="-123.140090"/>
      <trkpt lat="41.941852" lon="-123.139934"/>
      <trkpt lat="41.941730" lon="-123.139781"/>
      <trkpt lat="41.941399" lon="-123.138920"/>
      <trkpt lat="41.941295" lon="-123.138491"/>
      <trkpt lat="41.941202" lon="-123.138011"/>
      <trkpt lat="41.941084" lon="-123.137426"/>
      <trkpt lat="41.941048" lon="-123.137295"/>
      <trkpt lat="41.941056" lon="-123.137249"/>
      <trkpt lat="41.941108" lon="-123.137274"/>
      <trkpt lat="41.941311" lon="-123.137544"/>
      <trkpt lat="41.941547" lon="-123.137923"/>
      <trkpt lat="41.941768" lon="-123.138188"/>
      <trkpt lat="41.941836" lon="-123.138188"/>
      <trkpt lat="41.941878" lon="-123.138143"/>
      <trkpt lat="41.941898" lon="-123.138062"/>
      <trkpt lat="41.941978" lon="-123.137941"/>
      <trkpt lat="41.941967" lon="-123.137873"/>
      <trkpt lat="41.941918" lon="-123.137778"/>
      <trkpt lat="41.941912" lon="-123.137687"/>
      <trkpt lat="41.941832" lon="-123.137526"/>
      <trkpt lat="41.941776" lon="-123.137343"/>
      <trkpt lat="41.941684" lon="-123.137185"/>
      <trkpt lat="41.941618" lon="-123.137139"/>
      <trkpt lat="41.941545" lon="-123.137038"/>
      <trkpt lat="41.941505" lon="-123.136890"/>
      <trkpt lat="41.941507" lon="-123.136764"/>
      <trkpt lat="41.941487" lon="-123.136694"/>
      <trkpt lat="41.941435" lon="-123.136627"/>
      <trkpt lat="41.941387" lon="-123.136579"/>
      <trkpt lat="41.941357" lon="-123.136187"/>
      <trkpt lat="41.941373" lon="-123.135940"/>
      <trkpt lat="41.941353" lon="-123.135696"/>
      <trkpt lat="41.941325" lon="-123.135479"/>
      <trkpt lat="41.941281" lon="-123.135348"/>
      <trkpt lat="41.941172" lon="-123.135187"/>
      <trkpt lat="41.940938" lon="-123.134811"/>
      <trkpt lat="41.940628" lon="-123.134272"/>
      <trkpt lat="41.940431" lon="-123.134001"/>
      <trkpt lat="41.940296" lon="-123.133894"/>
      <trkpt lat="41.940128" lon="-123.133666"/>
      <trkpt lat="41.940024" lon="-123.133518"/>
      <trkpt lat="41.939871" lon="-123.133207"/>
      <trkpt lat="41.939663" lon="-123.132944"/>
      <trkpt lat="41.939474" lon="-123.132786"/>
      <trkpt lat="41.939177" lon="-123.132543"/>
      <trkpt lat="41.939083" lon="-123.132403"/>
      <trkpt lat="41.939023" lon="-123.132175"/>
      <trkpt lat="41.938885" lon="-123.131834"/>
      <trkpt lat="41.938714" lon="-123.131311"/>
      <trkpt lat="41.938664" lon="-123.131059"/>
      <trkpt lat="41.938662" lon="-123.130785"/>
      <trkpt lat="41.938764" lon="-123.130587"/>
      <trkpt lat="41.938825" lon="-123.130391"/>
      <trkpt lat="41.938837" lon="-123.130300"/>
      <trkpt lat="41.938795" lon="-123.130174"/>
      <trkpt lat="41.938696" lon="-123.129946"/>
      <trkpt lat="41.938674" lon="-123.129774"/>
      <trkpt lat="41.938608" lon="-123.129608"/>
      <trkpt lat="41.938424" lon="-123.129393"/>
      <trkpt lat="41.938179" lon="-123.128999"/>
      <trkpt lat="41.938211" lon="-123.128902"/>
      <trkpt lat="41.938325" lon="-123.128733"/>
      <trkpt lat="41.938353" lon="-123.128625"/>
      <trkpt lat="41.938361" lon="-123.128527"/>
      <trkpt lat="41.938322" lon="-123.128382"/>
      <trkpt lat="41.938333" lon="-123.128307"/>
      <trkpt lat="41.938368" lon="-123.128247"/>
      <trkpt lat="41.938348" lon="-123.128149"/>
      <trkpt lat="41.938301" lon="-123.128073"/>
      <trkpt lat="41.938265" lon="-123.128012"/>
      <trkpt lat="41.938253" lon="-123.127907"/>
      <trkpt lat="41.938121" lon="-123.127693"/>
      <trkpt lat="41.937991" lon="-123.127620"/>
      <trkpt lat="41.937818" lon="-123.127451"/>
      <trkpt lat="41.937768" lon="-123.127328"/>
      <trkpt lat="41.937733" lon="-123.127127"/>
      <trkpt lat="41.937726" lon="-123.126893"/>
      <trkpt lat="41.937800" lon="-123.126770"/>
      <trkpt lat="41.937945" lon="-123.126555"/>
      <trkpt lat="41.937969" lon="-123.126462"/>
      <trkpt lat="41.937939" lon="-123.126360"/>
      <trkpt lat="41.937758" lon="-123.126028"/>
      <trkpt lat="41.937682" lon="-123.125893"/>
      <trkpt lat="41.937704" lon="-123.125810"/>
      <trkpt lat="41.937812" lon="-123.125609"/>
      <trkpt lat="41.937838" lon="-123.125550"/>
      <trkpt lat="41.937800" lon="-123.125469"/>
      <trkpt lat="41.937738" lon="-123.125432"/>
      <trkpt lat="41.937698" lon="-123.125372"/>
      <trkpt lat="41.937694" lon="-123.125289"/>
      <trkpt lat="41.937652" lon="-123.125185"/>
      <trkpt lat="41.937660" lon="-123.124970"/>
      <trkpt lat="41.937700" lon="-123.124922"/>
      <trkpt lat="41.937756" lon="-123.124930"/>
      <trkpt lat="41.937838" lon="-123.124994"/>
      <trkpt lat="41.937890" lon="-123.125112"/>
      <trkpt lat="41.937923" lon="-123.125230"/>
      <trkpt lat="41.938011" lon="-123.125330"/>
      <trkpt lat="41.938083" lon="-123.125426"/>
      <trkpt lat="41.938101" lon="-123.125539"/>
      <trkpt lat="41.938049" lon="-123.125649"/>
      <trkpt lat="41.938099" lon="-123.125783"/>
      <trkpt lat="41.938211" lon="-123.125925"/>
      <trkpt lat="41.938355" lon="-123.126070"/>
      <trkpt lat="41.938504" lon="-123.126295"/>
      <trkpt lat="41.938526" lon="-123.126378"/>
      <trkpt lat="41.938526" lon="-123.126598"/>
      <trkpt lat="41.938552" lon="-123.126732"/>
      <trkpt lat="41.938626" lon="-123.126837"/>
      <trkpt lat="41.939113" lon="-123.127081"/>
      <trkpt lat="41.939460" lon="-123.127357"/>
      <trkpt lat="41.939582" lon="-123.127524"/>
      <trkpt lat="41.939625" lon="-123.127679"/>
      <trkpt lat="41.939627" lon="-123.127840"/>
      <trkpt lat="41.939677" lon="-123.128143"/>
      <trkpt lat="41.939695" lon="-123.128460"/>
      <trkpt lat="41.939679" lon="-123.128658"/>
      <trkpt lat="41.939701" lon="-123.128760"/>
      <trkpt lat="41.939775" lon="-123.128837"/>
      <trkpt lat="41.939867" lon="-123.128849"/>
      <trkpt lat="41.939945" lon="-123.128918"/>
      <trkpt lat="41.940069" lon="-123.129065"/>
      <trkpt lat="41.940236" lon="-123.129207"/>
      <trkpt lat="41.940292" lon="-123.129224"/>
      <trkpt lat="41.940356" lon="-123.129195"/>
      <trkpt lat="41.940391" lon="-123.129077"/>
      <trkpt lat="41.940390" lon="-123.128967"/>
      <trkpt lat="41.940324" lon="-123.128849"/>
      <trkpt lat="41.940232" lon="-123.128741"/>
      <trkpt lat="41.940115" lon="-123.128663"/>
      <trkpt lat="41.940087" lon="-123.128558"/>
      <trkpt lat="41.940158" lon="-123.128387"/>
      <trkpt lat="41.940173" lon="-123.128168"/>
      <trkpt lat="41.940122" lon="-123.127837"/>
      <trkpt lat="41.940154" lon="-123.127489"/>
      <trkpt lat="41.940126" lon="-123.127272"/>
      <trkpt lat="41.940106" lon="-123.127070"/>
      <trkpt lat="41.940062" lon="-123.126955"/>
      <trkpt lat="41.939982" lon="-123.126867"/>
      <trkpt lat="41.939831" lon="-123.126783"/>
      <trkpt lat="41.939745" lon="-123.126676"/>
      <trkpt lat="41.939689" lon="-123.126569"/>
      <trkpt lat="41.939560" lon="-123.126483"/>
      <trkpt lat="41.939480" lon="-123.126378"/>
      <trkpt lat="41.939410" lon="-123.126252"/>
      <trkpt lat="41.939322" lon="-123.126045"/>
      <trkpt lat="41.939270" lon="-123.125877"/>
      <trkpt lat="41.939203" lon="-123.125518"/>
      <trkpt lat="41.939123" lon="-123.125196"/>
      <trkpt lat="41.939192" lon="-123.124914"/>
      <trkpt lat="41.939194" lon="-123.124691"/>
      <trkpt lat="41.939246" lon="-123.124420"/>
      <trkpt lat="41.939304" lon="-123.124286"/>
      <trkpt lat="41.939364" lon="-123.124190"/>
      <trkpt lat="41.939344" lon="-123.124104"/>
      <trkpt lat="41.939208" lon="-123.123964"/>
      <trkpt lat="41.939155" lon="-123.123873"/>
      <trkpt lat="41.939133" lon="-123.123755"/>
      <trkpt lat="41.939051" lon="-123.123559"/>
      <trkpt lat="41.938913" lon="-123.123455"/>
      <trkpt lat="41.938813" lon="-123.123307"/>
      <trkpt lat="41.938712" lon="-123.123192"/>
      <trkpt lat="41.938706" lon="-123.123063"/>
      <trkpt lat="41.938752" lon="-123.122854"/>
      <trkpt lat="41.938722" lon="-123.122741"/>
      <trkpt lat="41.938744" lon="-123.122650"/>
      <trkpt lat="41.938716" lon="-123.122352"/>
      <trkpt lat="41.938632" lon="-123.122073"/>
      <trkpt lat="41.938640" lon="-123.121505"/>
      <trkpt lat="41.938584" lon="-123.121403"/>
      <trkpt lat="41.938335" lon="-123.121111"/>
      <trkpt lat="41.938179" lon="-123.120751"/>
      <trkpt lat="41.938089" lon="-123.120512"/>
      <trkpt lat="41.937930" lon="-123.120158"/>
      <trkpt lat="41.937910" lon="-123.120106"/>
      <trkpt lat="41.937911" lon="-123.120073"/>
      <trkpt lat="41.937945" lon="-123.120078"/>
      <trkpt lat="41.937977" lon="-123.120091"/>
      <trkpt lat="41.938217" lon="-123.120204"/>
      <trkpt lat="41.938482" lon="-123.120306"/>
      <trkpt lat="41.938566" lon="-123.120242"/>
      <trkpt lat="41.938600" lon="-123.120110"/>
      <trkpt lat="41.938586" lon="-123.120021"/>
      <trkpt lat="41.938504" lon="-123.120008"/>
      <trkpt lat="41.938420" lon="-123.119960"/>
      <trkpt lat="41.937928" lon="-123.119512"/>
      <trkpt lat="41.937800" lon="-123.119316"/>
      <trkpt lat="41.937686" lon="-123.119099"/>
      <trkpt lat="41.937445" lon="-123.118785"/>
      <trkpt lat="41.937389" lon="-123.118544"/>
      <trkpt lat="41.937295" lon="-123.118342"/>
      <trkpt lat="41.937279" lon="-123.118240"/>
      <trkpt lat="41.936892" lon="-123.117449"/>
      <trkpt lat="41.936716" lon="-123.117176"/>
      <trkpt lat="41.936633" lon="-123.117052"/>
      <trkpt lat="41.936477" lon="-123.116816"/>
      <trkpt lat="41.936321" lon="-123.116588"/>
      <trkpt lat="41.936198" lon="-123.116395"/>
      <trkpt lat="41.936100" lon="-123.116143"/>
      <trkpt lat="41.936084" lon="-123.115969"/>
      <trkpt lat="41.936094" lon="-123.115607"/>
      <trkpt lat="41.936052" lon="-123.115507"/>
      <trkpt lat="41.935826" lon="-123.115220"/>
      <trkpt lat="41.935677" lon="-123.114968"/>
      <trkpt lat="41.935643" lon="-123.114826"/>
      <trkpt lat="41.935623" lon="-123.114606"/>
      <trkpt lat="41.935651" lon="-123.114274"/>
      <trkpt lat="41.935715" lon="-123.114005"/>
      <trkpt lat="41.935775" lon="-123.113828"/>
      <trkpt lat="41.935886" lon="-123.113716"/>
      <trkpt lat="41.936165" lon="-123.113678"/>
      <trkpt lat="41.936409" lon="-123.113490"/>
      <trkpt lat="41.936794" lon="-123.113091"/>
      <trkpt lat="41.936996" lon="-123.112822"/>
      <trkpt lat="41.937369" lon="-123.112519"/>
      <trkpt lat="41.938001" lon="-123.112028"/>
      <trkpt lat="41.938395" lon="-123.111765"/>
      <trkpt lat="41.938698" lon="-123.111377"/>
      <trkpt lat="41.938873" lon="-123.111294"/>
      <trkpt lat="41.939137" lon="-123.110966"/>
      <trkpt lat="41.939580" lon="-123.110299"/>
      <trkpt lat="41.939681" lon="-123.110046"/>
      <trkpt lat="41.939770" lon="-123.109679"/>
      <trkpt lat="41.939913" lon="-123.109480"/>
      <trkpt lat="41.939969" lon="-123.109348"/>
      <trkpt lat="41.940068" lon="-123.109271"/>
      <trkpt lat="41.940202" lon="-123.109231"/>
      <trkpt lat="41.940362" lon="-123.109086"/>
      <trkpt lat="41.940447" lon="-123.109033"/>
      <trkpt lat="41.940571" lon="-123.108982"/>
      <trkpt lat="41.940693" lon="-123.109006"/>
      <trkpt lat="41.940733" lon="-123.108907"/>
      <trkpt lat="41.940709" lon="-123.108794"/>
      <trkpt lat="41.940737" lon="-123.108700"/>
      <trkpt lat="41.940864" lon="-123.108609"/>
      <trkpt lat="41.940902" lon="-123.108536"/>
      <trkpt lat="41.941054" lon="-123.108461"/>
      <trkpt lat="41.941122" lon="-123.108343"/>
      <trkpt lat="41.941108" lon="-123.108086"/>
      <trkpt lat="41.941156" lon="-123.107877"/>
      <trkpt lat="41.941221" lon="-123.107689"/>
      <trkpt lat="41.941221" lon="-123.107540"/>
      <trkpt lat="41.941359" lon="-123.107343"/>
      <trkpt lat="41.941409" lon="-123.107179"/>
      <trkpt lat="41.941475" lon="-123.107069"/>
      <trkpt lat="41.941593" lon="-123.107053"/>
      <trkpt lat="41.941760" lon="-123.106841"/>
      <trkpt lat="41.941895" lon="-123.106677"/>
      <trkpt lat="41.942169" lon="-123.106149"/>
      <trkpt lat="41.942331" lon="-123.106063"/>
      <trkpt lat="41.942353" lon="-123.105961"/>
      <trkpt lat="41.942379" lon="-123.105884"/>
      <trkpt lat="41.942445" lon="-123.105870"/>
      <trkpt lat="41.942528" lon="-123.105916"/>
      <trkpt lat="41.942588" lon="-123.105900"/>
      <trkpt lat="41.942636" lon="-123.105779"/>
      <trkpt lat="41.942678" lon="-123.105733"/>
      <trkpt lat="41.942746" lon="-123.105707"/>
      <trkpt lat="41.942841" lon="-123.105633"/>
      <trkpt lat="41.942947" lon="-123.105508"/>
      <trkpt lat="41.943119" lon="-123.105412"/>
      <trkpt lat="41.943213" lon="-123.105291"/>
      <trkpt lat="41.943298" lon="-123.105176"/>
      <trkpt lat="41.943378" lon="-123.104982"/>
      <trkpt lat="41.943392" lon="-123.104797"/>
      <trkpt lat="41.943422" lon="-123.104667"/>
      <trkpt lat="41.943556" lon="-123.104339"/>
      <trkpt lat="41.943681" lon="-123.104151"/>
      <trkpt lat="41.943739" lon="-123.104092"/>
      <trkpt lat="41.943775" lon="-123.103993"/>
      <trkpt lat="41.943775" lon="-123.103877"/>
      <trkpt lat="41.943901" lon="-123.103569"/>
      <trkpt lat="41.944005" lon="-123.103480"/>
      <trkpt lat="41.944017" lon="-123.103354"/>
      <trkpt lat="41.944001" lon="-123.103220"/>
      <trkpt lat="41.944210" lon="-123.102692"/>
      <trkpt lat="41.944357" lon="-123.102414"/>
      <trkpt lat="41.944430" lon="-123.102249"/>
      <trkpt lat="41.944517" lon="-123.102209"/>
      <trkpt lat="41.944615" lon="-123.102134"/>
      <trkpt lat="41.944711" lon="-123.102008"/>
      <trkpt lat="41.944848" lon="-123.101856"/>
      <trkpt lat="41.944984" lon="-123.101791"/>
      <trkpt lat="41.945108" lon="-123.101758"/>
      <trkpt lat="41.945216" lon="-123.101782"/>
      <trkpt lat="41.945265" lon="-123.101740"/>
      <trkpt lat="41.945351" lon="-123.101616"/>
      <trkpt lat="41.945463" lon="-123.101402"/>
      <trkpt lat="41.945619" lon="-123.101201"/>
      <trkpt lat="41.945613" lon="-123.101115"/>
      <trkpt lat="41.945543" lon="-123.100978"/>
      <trkpt lat="41.945557" lon="-123.100900"/>
      <trkpt lat="41.945593" lon="-123.100747"/>
      <trkpt lat="41.945621" lon="-123.100578"/>
      <trkpt lat="41.945764" lon="-123.100396"/>
      <trkpt lat="41.945890" lon="-123.100184"/>
      <trkpt lat="41.945976" lon="-123.100122"/>
      <trkpt lat="41.945986" lon="-123.100020"/>
      <trkpt lat="41.946053" lon="-123.099937"/>
      <trkpt lat="41.946095" lon="-123.099800"/>
      <trkpt lat="41.946331" lon="-123.099454"/>
      <trkpt lat="41.946443" lon="-123.099237"/>
      <trkpt lat="41.946526" lon="-123.098947"/>
      <trkpt lat="41.947013" lon="-123.097987"/>
      <trkpt lat="41.947171" lon="-123.097781"/>
      <trkpt lat="41.947268" lon="-123.097528"/>
      <trkpt lat="41.947304" lon="-123.097241"/>
      <trkpt lat="41.947326" lon="-123.096906"/>
      <trkpt lat="41.947382" lon="-123.096598"/>
      <trkpt lat="41.947444" lon="-123.096423"/>
      <trkpt lat="41.947520" lon="-123.096284"/>
      <trkpt lat="41.947584" lon="-123.096112"/>
      <trkpt lat="41.947639" lon="-123.095925"/>
      <trkpt lat="41.947649" lon="-123.095589"/>
      <trkpt lat="41.947731" lon="-123.095415"/>
      <trkpt lat="41.947871" lon="-123.095246"/>
      <trkpt lat="41.947977" lon="-123.095093"/>
      <trkpt lat="41.947979" lon="-123.095002"/>
      <trkpt lat="41.948019" lon="-123.094924"/>
      <trkpt lat="41.948070" lon="-123.094849"/>
      <trkpt lat="41.948138" lon="-123.094777"/>
      <trkpt lat="41.948238" lon="-123.094661"/>
      <trkpt lat="41.948270" lon="-123.094570"/>
      <trkpt lat="41.948310" lon="-123.094444"/>
      <trkpt lat="41.948312" lon="-123.094350"/>
      <trkpt lat="41.948294" lon="-123.094227"/>
      <trkpt lat="41.948246" lon="-123.094012"/>
      <trkpt lat="41.948212" lon="-123.093806"/>
      <trkpt lat="41.948218" lon="-123.093698"/>
      <trkpt lat="41.948250" lon="-123.093556"/>
      <trkpt lat="41.948292" lon="-123.093331"/>
      <trkpt lat="41.948326" lon="-123.093213"/>
      <trkpt lat="41.948391" lon="-123.092953"/>
      <trkpt lat="41.948409" lon="-123.092658"/>
      <trkpt lat="41.948427" lon="-123.092172"/>
      <trkpt lat="41.948437" lon="-123.091780"/>
      <trkpt lat="41.948441" lon="-123.091641"/>
      <trkpt lat="41.948421" lon="-123.091515"/>
      <trkpt lat="41.948362" lon="-123.091362"/>
      <trkpt lat="41.948324" lon="-123.091185"/>
      <trkpt lat="41.948330" lon="-123.090930"/>
      <trkpt lat="41.948370" lon="-123.090796"/>
      <trkpt lat="41.948414" lon="-123.090560"/>
      <trkpt lat="41.948521" lon="-123.090249"/>
      <trkpt lat="41.948539" lon="-123.089908"/>
      <trkpt lat="41.948571" lon="-123.089734"/>
      <trkpt lat="41.948611" lon="-123.089624"/>
      <trkpt lat="41.948661" lon="-123.089546"/>
      <trkpt lat="41.948780" lon="-123.089391"/>
      <trkpt lat="41.948814" lon="-123.089292"/>
      <trkpt lat="41.948828" lon="-123.089187"/>
      <trkpt lat="41.948797" lon="-123.088696"/>
      <trkpt lat="41.948832" lon="-123.088310"/>
      <trkpt lat="41.948826" lon="-123.088071"/>
      <trkpt lat="41.948671" lon="-123.087513"/>
      <trkpt lat="41.948677" lon="-123.087374"/>
      <trkpt lat="41.948797" lon="-123.087215"/>
      <trkpt lat="41.948816" lon="-123.087108"/>
      <trkpt lat="41.948780" lon="-123.086794"/>
      <trkpt lat="41.948783" lon="-123.086682"/>
      <trkpt lat="41.948830" lon="-123.086580"/>
      <trkpt lat="41.948898" lon="-123.086510"/>
      <trkpt lat="41.949008" lon="-123.086459"/>
      <trkpt lat="41.949040" lon="-123.086429"/>
      <trkpt lat="41.949056" lon="-123.086371"/>
      <trkpt lat="41.949058" lon="-123.086271"/>
      <trkpt lat="41.949058" lon="-123.086126"/>
      <trkpt lat="41.949094" lon="-123.086000"/>
      <trkpt lat="41.949148" lon="-123.085850"/>
      <trkpt lat="41.949541" lon="-123.085405"/>
      <trkpt lat="41.949760" lon="-123.085273"/>
      <trkpt lat="41.949850" lon="-123.085083"/>
      <trkpt lat="41.949914" lon="-123.084796"/>
      <trkpt lat="41.949957" lon="-123.084592"/>
      <trkpt lat="41.949950" lon="-123.084351"/>
      <trkpt lat="41.950011" lon="-123.084174"/>
      <trkpt lat="41.950099" lon="-123.084000"/>
      <trkpt lat="41.950191" lon="-123.083833"/>
      <trkpt lat="41.950552" lon="-123.083281"/>
      <trkpt lat="41.950658" lon="-123.083007"/>
      <trkpt lat="41.950833" lon="-123.082720"/>
      <trkpt lat="41.950895" lon="-123.082476"/>
      <trkpt lat="41.950997" lon="-123.082235"/>
      <trkpt lat="41.950985" lon="-123.082111"/>
      <trkpt lat="41.951021" lon="-123.081964"/>
      <trkpt lat="41.951130" lon="-123.081765"/>
      <trkpt lat="41.951208" lon="-123.081695"/>
      <trkpt lat="41.951278" lon="-123.081559"/>
      <trkpt lat="41.951390" lon="-123.081339"/>
      <trkpt lat="41.951701" lon="-123.080963"/>
      <trkpt lat="41.951982" lon="-123.080773"/>
      <trkpt lat="41.952391" lon="-123.080547"/>
      <trkpt lat="41.952549" lon="-123.080405"/>
      <trkpt lat="41.952816" lon="-123.080252"/>
      <trkpt lat="41.953251" lon="-123.079877"/>
      <trkpt lat="41.953428" lon="-123.079654"/>
      <trkpt lat="41.953642" lon="-123.079493"/>
      <trkpt lat="41.953714" lon="-123.079348"/>
      <trkpt lat="41.953706" lon="-123.079201"/>
      <trkpt lat="41.953648" lon="-123.079103"/>
      <trkpt lat="41.953660" lon="-123.078912"/>
      <trkpt lat="41.953773" lon="-123.078783"/>
      <trkpt lat="41.954017" lon="-123.078707"/>
      <trkpt lat="41.954348" lon="-123.078480"/>
      <trkpt lat="41.954422" lon="-123.078370"/>
      <trkpt lat="41.954382" lon="-123.077879"/>
      <trkpt lat="41.954362" lon="-123.077369"/>
      <trkpt lat="41.954250" lon="-123.076868"/>
      <trkpt lat="41.954152" lon="-123.076672"/>
      <trkpt lat="41.954097" lon="-123.076484"/>
      <trkpt lat="41.953937" lon="-123.076226"/>
      <trkpt lat="41.953881" lon="-123.075977"/>
      <trkpt lat="41.953855" lon="-123.075762"/>
      <trkpt lat="41.953759" lon="-123.075355"/>
      <trkpt lat="41.953684" lon="-123.074952"/>
      <trkpt lat="41.953537" lon="-123.074665"/>
      <trkpt lat="41.953472" lon="-123.074413"/>
      <trkpt lat="41.953468" lon="-123.074065"/>
      <trkpt lat="41.953375" lon="-123.073501"/>
      <trkpt lat="41.953337" lon="-123.073032"/>
      <trkpt lat="41.953381" lon="-123.072310"/>
      <trkpt lat="41.953398" lon="-123.071793"/>
      <trkpt lat="41.953251" lon="-123.071323"/>
      <trkpt lat="41.952882" lon="-123.070502"/>
      <trkpt lat="41.952531" lon="-123.070076"/>
      <trkpt lat="41.952361" lon="-123.069792"/>
      <trkpt lat="41.952100" lon="-123.069448"/>
      <trkpt lat="41.951978" lon="-123.069170"/>
      <trkpt lat="41.951827" lon="-123.068931"/>
      <trkpt lat="41.951735" lon="-123.068646"/>
      <trkpt lat="41.951643" lon="-123.068341"/>
      <trkpt lat="41.951633" lon="-123.067973"/>
      <trkpt lat="41.951569" lon="-123.067582"/>
      <trkpt lat="41.951641" lon="-123.067348"/>
      <trkpt lat="41.951862" lon="-123.067056"/>
      <trkpt lat="41.952100" lon="-123.066866"/>
      <trkpt lat="41.952245" lon="-123.066637"/>
      <trkpt lat="41.952363" lon="-123.066410"/>
      <trkpt lat="41.952493" lon="-123.066222"/>
      <trkpt lat="41.952617" lon="-123.065894"/>
      <trkpt lat="41.952644" lon="-123.065634"/>
      <trkpt lat="41.952662" lon="-123.065443"/>
      <trkpt lat="41.952592" lon="-123.065243"/>
      <trkpt lat="41.952592" lon="-123.065068"/>
      <trkpt lat="41.952517" lon="-123.064860"/>
      <trkpt lat="41.952517" lon="-123.064697"/>
      <trkpt lat="41.952443" lon="-123.064528"/>
      <trkpt lat="41.952445" lon="-123.064357"/>
      <trkpt lat="41.952743" lon="-123.063982"/>
      <trkpt lat="41.952865" lon="-123.063592"/>
      <trkpt lat="41.952957" lon="-123.063160"/>
      <trkpt lat="41.952963" lon="-123.062943"/>
      <trkpt lat="41.952890" lon="-123.062517"/>
      <trkpt lat="41.952902" lon="-123.062313"/>
      <trkpt lat="41.953240" lon="-123.061720"/>
      <trkpt lat="41.953403" lon="-123.061192"/>
      <trkpt lat="41.953357" lon="-123.061002"/>
      <trkpt lat="41.953010" lon="-123.060583"/>
      <trkpt lat="41.952598" lon="-123.060322"/>
      <trkpt lat="41.952357" lon="-123.060095"/>
      <trkpt lat="41.952085" lon="-123.059602"/>
      <trkpt lat="41.952025" lon="-123.059310"/>
      <trkpt lat="41.952067" lon="-123.058930"/>
      <trkpt lat="41.952198" lon="-123.058568"/>
      <trkpt lat="41.952057" lon="-123.057758"/>
      <trkpt lat="41.951780" lon="-123.056558"/>
      <trkpt lat="41.951592" lon="-123.054547"/>
      <trkpt lat="41.951620" lon="-123.054087"/>
      <trkpt lat="41.951771" lon="-123.053511"/>
      <trkpt lat="41.951783" lon="-123.053200"/>
      <trkpt lat="41.951737" lon="-123.052982"/>
      <trkpt lat="41.951688" lon="-123.052592"/>
      <trkpt lat="41.951673" lon="-123.052362"/>
      <trkpt lat="41.951687" lon="-123.052159"/>
      <trkpt lat="41.951559" lon="-123.051006"/>
      <trkpt lat="41.951263" lon="-123.050277"/>
      <trkpt lat="41.951245" lon="-123.050070"/>
      <trkpt lat="41.951288" lon="-123.049927"/>
      <trkpt lat="41.951492" lon="-123.049702"/>
      <trkpt lat="41.951587" lon="-123.049418"/>
      <trkpt lat="41.951683" lon="-123.049117"/>
      <trkpt lat="41.951650" lon="-123.048460"/>
      <trkpt lat="41.951691" lon="-123.047905"/>
      <trkpt lat="41.951619" lon="-123.047690"/>
      <trkpt lat="41.951382" lon="-123.047150"/>
      <trkpt lat="41.951100" lon="-123.046778"/>
      <trkpt lat="41.950845" lon="-123.046601"/>
      <trkpt lat="41.950738" lon="-123.046457"/>
      <trkpt lat="41.950687" lon="-123.046297"/>
      <trkpt lat="41.950686" lon="-123.046086"/>
      <trkpt lat="41.950798" lon="-123.045858"/>
      <trkpt lat="41.951080" lon="-123.045443"/>
      <trkpt lat="41.951158" lon="-123.045240"/>
      <trkpt lat="41.951172" lon="-123.045010"/>
      <trkpt lat="41.951216" lon="-123.044788"/>
      <trkpt lat="41.951292" lon="-123.044488"/>
      <trkpt lat="41.951296" lon="-123.043742"/>
      <trkpt lat="41.951312" lon="-123.043308"/>
      <trkpt lat="41.951348" lon="-123.043061"/>
      <trkpt lat="41.951336" lon="-123.042954"/>
      <trkpt lat="41.951144" lon="-123.042567"/>
      <trkpt lat="41.951127" lon="-123.042447"/>
      <trkpt lat="41.951127" lon="-123.041807"/>
      <trkpt lat="41.951108" lon="-123.041580"/>
      <trkpt lat="41.951072" lon="-123.041405"/>
      <trkpt lat="41.950757" lon="-123.040373"/>
      <trkpt lat="41.950514" lon="-123.039864"/>
      <trkpt lat="41.950051" lon="-123.038372"/>
      <trkpt lat="41.950030" lon="-123.038172"/>
      <trkpt lat="41.950067" lon="-123.037884"/>
      <trkpt lat="41.950147" lon="-123.037557"/>
      <trkpt lat="41.950191" lon="-123.037326"/>
      <trkpt lat="41.950130" lon="-123.037012"/>
      <trkpt lat="41.950067" lon="-123.036677"/>
      <trkpt lat="41.949863" lon="-123.035932"/>
      <trkpt lat="41.949820" lon="-123.035717"/>
      <trkpt lat="41.949835" lon="-123.035560"/>
      <trkpt lat="41.949840" lon="-123.035336"/>
      <trkpt lat="41.949868" lon="-123.035143"/>
      <trkpt lat="41.949967" lon="-123.034982"/>
      <trkpt lat="41.950143" lon="-123.034837"/>
      <trkpt lat="41.950315" lon="-123.034628"/>
      <trkpt lat="41.950454" lon="-123.034000"/>
      <trkpt lat="41.950527" lon="-123.033862"/>
      <trkpt lat="41.950530" lon="-123.033684"/>
      <trkpt lat="41.950466" lon="-123.033265"/>
      <trkpt lat="41.950443" lon="-123.032817"/>
      <trkpt lat="41.950374" lon="-123.032488"/>
      <trkpt lat="41.950275" lon="-123.032233"/>
      <trkpt lat="41.950177" lon="-123.032095"/>
      <trkpt lat="41.950042" lon="-123.032012"/>
      <trkpt lat="41.949960" lon="-123.031865"/>
      <trkpt lat="41.949936" lon="-123.031656"/>
      <trkpt lat="41.949890" lon="-123.031445"/>
      <trkpt lat="41.949824" lon="-123.031205"/>
      <trkpt lat="41.949736" lon="-123.030819"/>
      <trkpt lat="41.949417" lon="-123.030015"/>
      <trkpt lat="41.949233" lon="-123.029800"/>
      <trkpt lat="41.948938" lon="-123.029418"/>
      <trkpt lat="41.948723" lon="-123.029076"/>
      <trkpt lat="41.948632" lon="-123.028870"/>
      <trkpt lat="41.948455" lon="-123.028636"/>
      <trkpt lat="41.948372" lon="-123.028447"/>
      <trkpt lat="41.947989" lon="-123.028003"/>
      <trkpt lat="41.947890" lon="-123.027845"/>
      <trkpt lat="41.947808" lon="-123.027697"/>
      <trkpt lat="41.947613" lon="-123.026990"/>
      <trkpt lat="41.947594" lon="-123.026662"/>
      <trkpt lat="41.947538" lon="-123.026367"/>
      <trkpt lat="41.947172" lon="-123.025442"/>
      <trkpt lat="41.947079" lon="-123.024999"/>
      <trkpt lat="41.947055" lon="-123.024580"/>
      <trkpt lat="41.947075" lon="-123.023969"/>
      <trkpt lat="41.947015" lon="-123.023550"/>
      <trkpt lat="41.946995" lon="-123.023111"/>
      <trkpt lat="41.947143" lon="-123.022682"/>
      <trkpt lat="41.947252" lon="-123.022355"/>
      <trkpt lat="41.947390" lon="-123.022097"/>
      <trkpt lat="41.947542" lon="-123.021630"/>
      <trkpt lat="41.947701" lon="-123.021346"/>
      <trkpt lat="41.947797" lon="-123.021169"/>
      <trkpt lat="41.947969" lon="-123.020997"/>
      <trkpt lat="41.948128" lon="-123.020879"/>
      <trkpt lat="41.948192" lon="-123.020772"/>
      <trkpt lat="41.948200" lon="-123.020498"/>
      <trkpt lat="41.948148" lon="-123.020214"/>
      <trkpt lat="41.948192" lon="-123.019598"/>
      <trkpt lat="41.948162" lon="-123.019213"/>
      <trkpt lat="41.948220" lon="-123.018712"/>
      <trkpt lat="41.948280" lon="-123.018358"/>
      <trkpt lat="41.948400" lon="-123.017918"/>
      <trkpt lat="41.948383" lon="-123.017462"/>
      <trkpt lat="41.948391" lon="-123.016904"/>
      <trkpt lat="41.948348" lon="-123.016486"/>
      <trkpt lat="41.948280" lon="-123.015912"/>
      <trkpt lat="41.948127" lon="-123.015370"/>
      <trkpt lat="41.948064" lon="-123.015107"/>
      <trkpt lat="41.948052" lon="-123.014823"/>
      <trkpt lat="41.947989" lon="-123.014592"/>
      <trkpt lat="41.947848" lon="-123.014273"/>
      <trkpt lat="41.947801" lon="-123.014125"/>
      <trkpt lat="41.947789" lon="-123.013889"/>
      <trkpt lat="41.947653" lon="-123.013567"/>
      <trkpt lat="41.947546" lon="-123.013342"/>
      <trkpt lat="41.947119" lon="-123.012629"/>
      <trkpt lat="41.946879" lon="-123.012221"/>
      <trkpt lat="41.946620" lon="-123.011674"/>
      <trkpt lat="41.946503" lon="-123.011478"/>
      <trkpt lat="41.946208" lon="-123.011358"/>
      <trkpt lat="41.946149" lon="-123.011314"/>
      <trkpt lat="41.946085" lon="-123.011198"/>
      <trkpt lat="41.945994" lon="-123.011148"/>
      <trkpt lat="41.945830" lon="-123.011105"/>
      <trkpt lat="41.945742" lon="-123.011030"/>
      <trkpt lat="41.945674" lon="-123.010901"/>
      <trkpt lat="41.945543" lon="-123.010756"/>
      <trkpt lat="41.945413" lon="-123.010685"/>
      <trkpt lat="41.945026" lon="-123.010614"/>
      <trkpt lat="41.944872" lon="-123.010593"/>
      <trkpt lat="41.944747" lon="-123.010518"/>
      <trkpt lat="41.944589" lon="-123.010486"/>
      <trkpt lat="41.944118" lon="-123.010298"/>
      <trkpt lat="41.943997" lon="-123.010172"/>
      <trkpt lat="41.943897" lon="-123.010032"/>
      <trkpt lat="41.943672" lon="-123.009895"/>
      <trkpt lat="41.943456" lon="-123.009785"/>
      <trkpt lat="41.943203" lon="-123.009718"/>
      <trkpt lat="41.943101" lon="-123.009630"/>
      <trkpt lat="41.942967" lon="-123.009456"/>
      <trkpt lat="41.942831" lon="-123.009415"/>
      <trkpt lat="41.942584" lon="-123.009281"/>
      <trkpt lat="41.942403" lon="-123.009238"/>
      <trkpt lat="41.942094" lon="-123.009081"/>
      <trkpt lat="41.941995" lon="-123.009012"/>
      <trkpt lat="41.941954" lon="-123.008938"/>
      <trkpt lat="41.942017" lon="-123.008857"/>
      <trkpt lat="41.942045" lon="-123.008804"/>
      <trkpt lat="41.942063" lon="-123.008739"/>
      <trkpt lat="41.942075" lon="-123.008670"/>
      <trkpt lat="41.942072" lon="-123.008610"/>
      <trkpt lat="41.942069" lon="-123.008546"/>
      <trkpt lat="41.942025" lon="-123.008507"/>
      <trkpt lat="41.941845" lon="-123.008520"/>
      <trkpt lat="41.941632" lon="-123.008513"/>
      <trkpt lat="41.941525" lon="-123.008469"/>
      <trkpt lat="41.941337" lon="-123.008409"/>
      <trkpt lat="41.941204" lon="-123.008391"/>
      <trkpt lat="41.941118" lon="-123.008350"/>
      <trkpt lat="41.941090" lon="-123.008259"/>
      <trkpt lat="41.941084" lon="-123.008176"/>
      <trkpt lat="41.940956" lon="-123.007937"/>
      <trkpt lat="41.940848" lon="-123.007691"/>
      <trkpt lat="41.940741" lon="-123.007613"/>
      <trkpt lat="41.940563" lon="-123.007343"/>
      <trkpt lat="41.940505" lon="-123.007283"/>
      <trkpt lat="41.940385" lon="-123.007240"/>
      <trkpt lat="41.940288" lon="-123.007173"/>
      <trkpt lat="41.939911" lon="-123.006792"/>
      <trkpt lat="41.939821" lon="-123.006776"/>
      <trkpt lat="41.939673" lon="-123.006760"/>
      <trkpt lat="41.939602" lon="-123.006741"/>
      <trkpt lat="41.939563" lon="-123.006685"/>
      <trkpt lat="41.939512" lon="-123.006631"/>
      <trkpt lat="41.939416" lon="-123.006626"/>
      <trkpt lat="41.939223" lon="-123.006648"/>
      <trkpt lat="41.939137" lon="-123.006655"/>
      <trkpt lat="41.938903" lon="-123.006607"/>
      <trkpt lat="41.938817" lon="-123.006615"/>
      <trkpt lat="41.938468" lon="-123.006521"/>
      <trkpt lat="41.938344" lon="-123.006438"/>
      <trkpt lat="41.938060" lon="-123.006188"/>
      <trkpt lat="41.937965" lon="-123.006167"/>
      <trkpt lat="41.937792" lon="-123.006218"/>
      <trkpt lat="41.937608" lon="-123.006234"/>
      <trkpt lat="41.937465" lon="-123.006230"/>
      <trkpt lat="41.937229" lon="-123.006132"/>
      <trkpt lat="41.937055" lon="-123.006017"/>
      <trkpt lat="41.936662" lon="-123.005896"/>
      <trkpt lat="41.936483" lon="-123.005869"/>
      <trkpt lat="41.936381" lon="-123.005859"/>
      <trkpt lat="41.936299" lon="-123.005773"/>
      <trkpt lat="41.936210" lon="-123.005666"/>
      <trkpt lat="41.936118" lon="-123.005574"/>
      <trkpt lat="41.935990" lon="-123.005497"/>
      <trkpt lat="41.935920" lon="-123.005467"/>
      <trkpt lat="41.935842" lon="-123.005459"/>
      <trkpt lat="41.935413" lon="-123.005572"/>
      <trkpt lat="41.935344" lon="-123.005609"/>
      <trkpt lat="41.935222" lon="-123.005582"/>
      <trkpt lat="41.935142" lon="-123.005588"/>
      <trkpt lat="41.934982" lon="-123.005660"/>
      <trkpt lat="41.934683" lon="-123.005660"/>
      <trkpt lat="41.934260" lon="-123.005684"/>
      <trkpt lat="41.934168" lon="-123.005718"/>
      <trkpt lat="41.934097" lon="-123.005775"/>
      <trkpt lat="41.933975" lon="-123.005883"/>
      <trkpt lat="41.933749" lon="-123.005950"/>
      <trkpt lat="41.933592" lon="-123.006025"/>
      <trkpt lat="41.933364" lon="-123.006089"/>
      <trkpt lat="41.933221" lon="-123.006097"/>
      <trkpt lat="41.933035" lon="-123.006097"/>
      <trkpt lat="41.932887" lon="-123.006071"/>
      <trkpt lat="41.932714" lon="-123.005953"/>
      <trkpt lat="41.932480" lon="-123.005792"/>
      <trkpt lat="41.932367" lon="-123.005682"/>
      <trkpt lat="41.932272" lon="-123.005533"/>
      <trkpt lat="41.932165" lon="-123.005360"/>
      <trkpt lat="41.932039" lon="-123.005003"/>
      <trkpt lat="41.932007" lon="-123.004856"/>
      <trkpt lat="41.931995" lon="-123.004615"/>
      <trkpt lat="41.931944" lon="-123.004472"/>
      <trkpt lat="41.931830" lon="-123.004263"/>
      <trkpt lat="41.931790" lon="-123.004153"/>
      <trkpt lat="41.931773" lon="-123.004027"/>
      <trkpt lat="41.931672" lon="-123.003318"/>
      <trkpt lat="41.931608" lon="-123.002965"/>
      <trkpt lat="41.931616" lon="-123.002597"/>
      <trkpt lat="41.931534" lon="-123.002297"/>
      <trkpt lat="41.931515" lon="-123.002031"/>
      <trkpt lat="41.931439" lon="-123.001811"/>
      <trkpt lat="41.931297" lon="-123.001454"/>
      <trkpt lat="41.931120" lon="-123.000969"/>
      <trkpt lat="41.930934" lon="-123.000639"/>
      <trkpt lat="41.930816" lon="-123.000406"/>
      <trkpt lat="41.930738" lon="-123.000183"/>
      <trkpt lat="41.930607" lon="-122.999885"/>
      <trkpt lat="41.930447" lon="-122.999314"/>
      <trkpt lat="41.930423" lon="-122.999172"/>
      <trkpt lat="41.930418" lon="-122.999008"/>
      <trkpt lat="41.930433" lon="-122.998788"/>
      <trkpt lat="41.930472" lon="-122.998608"/>
      <trkpt lat="41.930517" lon="-122.998464"/>
      <trkpt lat="41.930650" lon="-122.998182"/>
      <trkpt lat="41.930748" lon="-122.997973"/>
      <trkpt lat="41.930814" lon="-122.997807"/>
      <trkpt lat="41.930846" lon="-122.997659"/>
      <trkpt lat="41.930894" lon="-122.997361"/>
      <trkpt lat="41.930988" lon="-122.997034"/>
      <trkpt lat="41.930990" lon="-122.996865"/>
      <trkpt lat="41.930998" lon="-122.996785"/>
      <trkpt lat="41.931076" lon="-122.996543"/>
      <trkpt lat="41.931087" lon="-122.996409"/>
      <trkpt lat="41.931087" lon="-122.996286"/>
      <trkpt lat="41.931151" lon="-122.996106"/>
      <trkpt lat="41.931201" lon="-122.995975"/>
      <trkpt lat="41.931231" lon="-122.995862"/>
      <trkpt lat="41.931242" lon="-122.995755"/>
      <trkpt lat="41.931205" lon="-122.995685"/>
      <trkpt lat="41.930996" lon="-122.995473"/>
      <trkpt lat="41.930922" lon="-122.995361"/>
      <trkpt lat="41.930860" lon="-122.995125"/>
      <trkpt lat="41.930822" lon="-122.995062"/>
      <trkpt lat="41.930708" lon="-122.994978"/>
      <trkpt lat="41.930640" lon="-122.994840"/>
      <trkpt lat="41.930627" lon="-122.994660"/>
      <trkpt lat="41.930592" lon="-122.994517"/>
      <trkpt lat="41.930523" lon="-122.994392"/>
      <trkpt lat="41.930417" lon="-122.994298"/>
      <trkpt lat="41.930347" lon="-122.994160"/>
      <trkpt lat="41.930275" lon="-122.993958"/>
      <trkpt lat="41.930257" lon="-122.993778"/>
      <trkpt lat="41.930271" lon="-122.993614"/>
      <trkpt lat="41.930335" lon="-122.993496"/>
      <trkpt lat="41.930345" lon="-122.993354"/>
      <trkpt lat="41.930361" lon="-122.993156"/>
      <trkpt lat="41.930409" lon="-122.992979"/>
      <trkpt lat="41.930425" lon="-122.992845"/>
      <trkpt lat="41.930355" lon="-122.992558"/>
      <trkpt lat="41.930365" lon="-122.992408"/>
      <trkpt lat="41.930519" lon="-122.991951"/>
      <trkpt lat="41.930650" lon="-122.991458"/>
      <trkpt lat="41.930712" lon="-122.991356"/>
      <trkpt lat="41.930752" lon="-122.991168"/>
      <trkpt lat="41.930790" lon="-122.990817"/>
      <trkpt lat="41.930862" lon="-122.990637"/>
      <trkpt lat="41.930888" lon="-122.990495"/>
      <trkpt lat="41.930958" lon="-122.990326"/>
      <trkpt lat="41.931020" lon="-122.990146"/>
      <trkpt lat="41.931145" lon="-122.989717"/>
      <trkpt lat="41.931249" lon="-122.989524"/>
      <trkpt lat="41.931305" lon="-122.989323"/>
      <trkpt lat="41.931375" lon="-122.989041"/>
      <trkpt lat="41.931413" lon="-122.988870"/>
      <trkpt lat="41.931479" lon="-122.988762"/>
      <trkpt lat="41.931564" lon="-122.988639"/>
      <trkpt lat="41.931714" lon="-122.988505"/>
      <trkpt lat="41.931828" lon="-122.988430"/>
      <trkpt lat="41.931940" lon="-122.988322"/>
      <trkpt lat="41.932197" lon="-122.987971"/>
      <trkpt lat="41.932285" lon="-122.987735"/>
      <trkpt lat="41.932417" lon="-122.987507"/>
      <trkpt lat="41.932490" lon="-122.987475"/>
      <trkpt lat="41.932578" lon="-122.987453"/>
      <trkpt lat="41.932618" lon="-122.987429"/>
      <trkpt lat="41.932624" lon="-122.987335"/>
      <trkpt lat="41.932638" lon="-122.987180"/>
      <trkpt lat="41.932768" lon="-122.987008"/>
      <trkpt lat="41.932925" lon="-122.986684"/>
      <trkpt lat="41.933029" lon="-122.986584"/>
      <trkpt lat="41.933087" lon="-122.986512"/>
      <trkpt lat="41.933119" lon="-122.986442"/>
      <trkpt lat="41.933195" lon="-122.986160"/>
      <trkpt lat="41.933259" lon="-122.986045"/>
      <trkpt lat="41.933354" lon="-122.985922"/>
      <trkpt lat="41.933448" lon="-122.985697"/>
      <trkpt lat="41.933528" lon="-122.985557"/>
      <trkpt lat="41.933670" lon="-122.985466"/>
      <trkpt lat="41.933791" lon="-122.985396"/>
      <trkpt lat="41.933855" lon="-122.985345"/>
      <trkpt lat="41.933901" lon="-122.985262"/>
      <trkpt lat="41.933949" lon="-122.985123"/>
      <trkpt lat="41.933983" lon="-122.985037"/>
      <trkpt lat="41.934146" lon="-122.984838"/>
      <trkpt lat="41.934208" lon="-122.984731"/>
      <trkpt lat="41.934238" lon="-122.984632"/>
      <trkpt lat="41.934266" lon="-122.984463"/>
      <trkpt lat="41.934327" lon="-122.984317"/>
      <trkpt lat="41.934468" lon="-122.984184"/>
      <trkpt lat="41.934539" lon="-122.984020"/>
      <trkpt lat="41.934607" lon="-122.983940"/>
      <trkpt lat="41.934673" lon="-122.983881"/>
      <trkpt lat="41.934681" lon="-122.983768"/>
      <trkpt lat="41.934767" lon="-122.983596"/>
      <trkpt lat="41.934915" lon="-122.983293"/>
      <trkpt lat="41.934968" lon="-122.983140"/>
      <trkpt lat="41.934989" lon="-122.982969"/>
      <trkpt lat="41.935014" lon="-122.982617"/>
      <trkpt lat="41.935040" lon="-122.982443"/>
      <trkpt lat="41.935083" lon="-122.982307"/>
      <trkpt lat="41.935078" lon="-122.982204"/>
      <trkpt lat="41.935040" lon="-122.982100"/>
      <trkpt lat="41.934919" lon="-122.981923"/>
      <trkpt lat="41.934829" lon="-122.981802"/>
      <trkpt lat="41.934739" lon="-122.981673"/>
      <trkpt lat="41.934647" lon="-122.981504"/>
      <trkpt lat="41.934571" lon="-122.981319"/>
      <trkpt lat="41.934537" lon="-122.981110"/>
      <trkpt lat="41.934510" lon="-122.980874"/>
      <trkpt lat="41.934514" lon="-122.980649"/>
      <trkpt lat="41.934553" lon="-122.980504"/>
      <trkpt lat="41.934709" lon="-122.980262"/>
      <trkpt lat="41.934776" lon="-122.980136"/>
      <trkpt lat="41.934923" lon="-122.979756"/>
      <trkpt lat="41.934959" lon="-122.979527"/>
      <trkpt lat="41.934953" lon="-122.979350"/>
      <trkpt lat="41.935040" lon="-122.979055"/>
      <trkpt lat="41.935102" lon="-122.978731"/>
      <trkpt lat="41.935112" lon="-122.978562"/>
      <trkpt lat="41.935086" lon="-122.978119"/>
      <trkpt lat="41.935024" lon="-122.977827"/>
      <trkpt lat="41.935012" lon="-122.977639"/>
      <trkpt lat="41.935030" lon="-122.977449"/>
      <trkpt lat="41.935128" lon="-122.977065"/>
      <trkpt lat="41.935140" lon="-122.976869"/>
      <trkpt lat="41.935070" lon="-122.976652"/>
      <trkpt lat="41.935070" lon="-122.976362"/>
      <trkpt lat="41.934975" lon="-122.976059"/>
      <trkpt lat="41.934905" lon="-122.975670"/>
      <trkpt lat="41.934805" lon="-122.975373"/>
      <trkpt lat="41.934753" lon="-122.975078"/>
      <trkpt lat="41.934787" lon="-122.974809"/>
      <trkpt lat="41.934781" lon="-122.974713"/>
      <trkpt lat="41.934709" lon="-122.974576"/>
      <trkpt lat="41.934583" lon="-122.974348"/>
      <trkpt lat="41.934342" lon="-122.974088"/>
      <trkpt lat="41.934276" lon="-122.973940"/>
      <trkpt lat="41.934240" lon="-122.973822"/>
      <trkpt lat="41.934232" lon="-122.973589"/>
      <trkpt lat="41.934274" lon="-122.973374"/>
      <trkpt lat="41.934286" lon="-122.973259"/>
      <trkpt lat="41.934296" lon="-122.973200"/>
      <trkpt lat="41.934266" lon="-122.973136"/>
      <trkpt lat="41.934226" lon="-122.973155"/>
      <trkpt lat="41.934139" lon="-122.973275"/>
      <trkpt lat="41.933980" lon="-122.973350"/>
      <trkpt lat="41.933837" lon="-122.973404"/>
      <trkpt lat="41.933656" lon="-122.973380"/>
      <trkpt lat="41.933542" lon="-122.973300"/>
      <trkpt lat="41.933490" lon="-122.973180"/>
      <trkpt lat="41.933449" lon="-122.972992"/>
      <trkpt lat="41.933376" lon="-122.972843"/>
      <trkpt lat="41.933332" lon="-122.972741"/>
      <trkpt lat="41.933275" lon="-122.972650"/>
      <trkpt lat="41.933057" lon="-122.972210"/>
      <trkpt lat="41.932877" lon="-122.971972"/>
      <trkpt lat="41.932788" lon="-122.971859"/>
      <trkpt lat="41.932758" lon="-122.971706"/>
      <trkpt lat="41.932776" lon="-122.971387"/>
      <trkpt lat="41.932754" lon="-122.971237"/>
      <trkpt lat="41.932680" lon="-122.970625"/>
      <trkpt lat="41.932674" lon="-122.970282"/>
      <trkpt lat="41.932644" lon="-122.969485"/>
      <trkpt lat="41.932568" lon="-122.969289"/>
      <trkpt lat="41.932534" lon="-122.969051"/>
      <trkpt lat="41.932514" lon="-122.968785"/>
      <trkpt lat="41.932504" lon="-122.968310"/>
      <trkpt lat="41.932467" lon="-122.967997"/>
      <trkpt lat="41.932415" lon="-122.967675"/>
      <trkpt lat="41.932494" lon="-122.967364"/>
      <trkpt lat="41.932618" lon="-122.967165"/>
      <trkpt lat="41.932738" lon="-122.966929"/>
      <trkpt lat="41.932738" lon="-122.966768"/>
      <trkpt lat="41.932734" lon="-122.966623"/>
      <trkpt lat="41.932758" lon="-122.966436"/>
      <trkpt lat="41.932837" lon="-122.966183"/>
      <trkpt lat="41.932897" lon="-122.965980"/>
      <trkpt lat="41.933009" lon="-122.965663"/>
      <trkpt lat="41.933061" lon="-122.965438"/>
      <trkpt lat="41.933109" lon="-122.965282"/>
      <trkpt lat="41.933185" lon="-122.965196"/>
      <trkpt lat="41.933256" lon="-122.965009"/>
      <trkpt lat="41.933292" lon="-122.964805"/>
      <trkpt lat="41.933384" lon="-122.964703"/>
      <trkpt lat="41.933644" lon="-122.964531"/>
      <trkpt lat="41.933853" lon="-122.964452"/>
      <trkpt lat="41.934059" lon="-122.964392"/>
      <trkpt lat="41.934212" lon="-122.964323"/>
      <trkpt lat="41.934418" lon="-122.964075"/>
      <trkpt lat="41.934518" lon="-122.963646"/>
      <trkpt lat="41.934570" lon="-122.963415"/>
      <trkpt lat="41.934621" lon="-122.963303"/>
      <trkpt lat="41.934848" lon="-122.963063"/>
      <trkpt lat="41.935292" lon="-122.962772"/>
      <trkpt lat="41.935639" lon="-122.962493"/>
      <trkpt lat="41.935831" lon="-122.962294"/>
      <trkpt lat="41.935826" lon="-122.962176"/>
      <trkpt lat="41.935823" lon="-122.961951"/>
      <trkpt lat="41.935846" lon="-122.961763"/>
      <trkpt lat="41.935938" lon="-122.961608"/>
      <trkpt lat="41.936054" lon="-122.961527"/>
      <trkpt lat="41.936218" lon="-122.961495"/>
      <trkpt lat="41.936377" lon="-122.961500"/>
      <trkpt lat="41.936641" lon="-122.961586"/>
      <trkpt lat="41.936772" lon="-122.961618"/>
      <trkpt lat="41.936928" lon="-122.961640"/>
      <trkpt lat="41.937108" lon="-122.961586"/>
      <trkpt lat="41.937391" lon="-122.961554"/>
      <trkpt lat="41.937606" lon="-122.961559"/>
      <trkpt lat="41.937786" lon="-122.961581"/>
      <trkpt lat="41.937997" lon="-122.961538"/>
      <trkpt lat="41.938177" lon="-122.961565"/>
      <trkpt lat="41.938724" lon="-122.961661"/>
      <trkpt lat="41.939023" lon="-122.961602"/>
      <trkpt lat="41.939328" lon="-122.961477"/>
      <trkpt lat="41.939534" lon="-122.961361"/>
      <trkpt lat="41.939725" lon="-122.961355"/>
      <trkpt lat="41.939901" lon="-122.961393"/>
      <trkpt lat="41.940064" lon="-122.961495"/>
      <trkpt lat="41.940288" lon="-122.961618"/>
      <trkpt lat="41.940463" lon="-122.961661"/>
      <trkpt lat="41.940627" lon="-122.961769"/>
      <trkpt lat="41.941040" lon="-122.961812"/>
      <trkpt lat="41.941313" lon="-122.961838"/>
      <trkpt lat="41.941716" lon="-122.961849"/>
      <trkpt lat="41.941968" lon="-122.961726"/>
      <trkpt lat="41.942207" lon="-122.961629"/>
      <trkpt lat="41.942580" lon="-122.961377"/>
      <trkpt lat="41.942662" lon="-122.961350"/>
      <trkpt lat="41.942858" lon="-122.961371"/>
      <trkpt lat="41.943229" lon="-122.961259"/>
      <trkpt lat="41.943472" lon="-122.961162"/>
      <trkpt lat="41.943624" lon="-122.961077"/>
      <trkpt lat="41.943879" lon="-122.960980"/>
      <trkpt lat="41.944043" lon="-122.960915"/>
      <trkpt lat="41.944326" lon="-122.960899"/>
      <trkpt lat="41.944454" lon="-122.960862"/>
      <trkpt lat="41.944725" lon="-122.960867"/>
      <trkpt lat="41.944876" lon="-122.960862"/>
      <trkpt lat="41.945112" lon="-122.960775"/>
      <trkpt lat="41.945522" lon="-122.960742"/>
      <trkpt lat="41.945678" lon="-122.960685"/>
      <trkpt lat="41.945806" lon="-122.960588"/>
      <trkpt lat="41.945926" lon="-122.960449"/>
      <trkpt lat="41.946018" lon="-122.960192"/>
      <trkpt lat="41.946137" lon="-122.959880"/>
      <trkpt lat="41.946249" lon="-122.959703"/>
      <trkpt lat="41.946421" lon="-122.959591"/>
      <trkpt lat="41.946672" lon="-122.959419"/>
      <trkpt lat="41.946899" lon="-122.959381"/>
      <trkpt lat="41.947123" lon="-122.959462"/>
      <trkpt lat="41.947215" lon="-122.959532"/>
      <trkpt lat="41.947546" lon="-122.959580"/>
      <trkpt lat="41.947833" lon="-122.959628"/>
      <trkpt lat="41.948188" lon="-122.959639"/>
      <trkpt lat="41.948557" lon="-122.959548"/>
      <trkpt lat="41.948743" lon="-122.959499"/>
      <trkpt lat="41.949341" lon="-122.959542"/>
      <trkpt lat="41.949545" lon="-122.959542"/>
      <trkpt lat="41.949732" lon="-122.959591"/>
      <trkpt lat="41.949932" lon="-122.959558"/>
      <trkpt lat="41.950083" lon="-122.959499"/>
      <trkpt lat="41.950530" lon="-122.959397"/>
      <trkpt lat="41.950765" lon="-122.959269"/>
      <trkpt lat="41.951041" lon="-122.959108"/>
      <trkpt lat="41.951655" lon="-122.958834"/>
      <trkpt lat="41.951875" lon="-122.958793"/>
      <trkpt lat="41.952472" lon="-122.958800"/>
      <trkpt lat="41.952737" lon="-122.958762"/>
      <trkpt lat="41.952896" lon="-122.958738"/>
      <trkpt lat="41.953007" lon="-122.958614"/>
      <trkpt lat="41.953179" lon="-122.958249"/>
      <trkpt lat="41.953331" lon="-122.957917"/>
      <trkpt lat="41.953562" lon="-122.957563"/>
      <trkpt lat="41.953781" lon="-122.957246"/>
      <trkpt lat="41.954037" lon="-122.957016"/>
      <trkpt lat="41.955062" lon="-122.956200"/>
      <trkpt lat="41.955174" lon="-122.955927"/>
      <trkpt lat="41.955266" lon="-122.955696"/>
      <trkpt lat="41.955309" lon="-122.955433"/>
      <trkpt lat="41.955357" lon="-122.955202"/>
      <trkpt lat="41.955457" lon="-122.955074"/>
      <trkpt lat="41.955577" lon="-122.955047"/>
      <trkpt lat="41.955712" lon="-122.955047"/>
      <trkpt lat="41.955972" lon="-122.954838"/>
      <trkpt lat="41.955996" lon="-122.954650"/>
      <trkpt lat="41.955997" lon="-122.954508"/>
      <trkpt lat="41.956059" lon="-122.954258"/>
      <trkpt lat="41.956171" lon="-122.954097"/>
      <trkpt lat="41.956315" lon="-122.953754"/>
      <trkpt lat="41.956435" lon="-122.953612"/>
      <trkpt lat="41.956638" lon="-122.953379"/>
      <trkpt lat="41.956953" lon="-122.953084"/>
      <trkpt lat="41.957164" lon="-122.952906"/>
      <trkpt lat="41.957852" lon="-122.951663"/>
      <trkpt lat="41.958261" lon="-122.951109"/>
      <trkpt lat="41.958440" lon="-122.950975"/>
      <trkpt lat="41.958784" lon="-122.950423"/>
      <trkpt lat="41.959347" lon="-122.949624"/>
      <trkpt lat="41.959858" lon="-122.949223"/>
      <trkpt lat="41.960001" lon="-122.949135"/>
      <trkpt lat="41.960300" lon="-122.949039"/>
      <trkpt lat="41.960495" lon="-122.948910"/>
      <trkpt lat="41.960627" lon="-122.948744"/>
      <trkpt lat="41.960826" lon="-122.948615"/>
      <trkpt lat="41.960962" lon="-122.948465"/>
      <trkpt lat="41.961074" lon="-122.948272"/>
      <trkpt lat="41.961160" lon="-122.947948"/>
      <trkpt lat="41.961162" lon="-122.947730"/>
      <trkpt lat="41.961193" lon="-122.947537"/>
      <trkpt lat="41.961245" lon="-122.947295"/>
      <trkpt lat="41.961448" lon="-122.946908"/>
      <trkpt lat="41.961660" lon="-122.946705"/>
      <trkpt lat="41.961845" lon="-122.946522"/>
      <trkpt lat="41.961955" lon="-122.946426"/>
      <trkpt lat="41.962087" lon="-122.946208"/>
      <trkpt lat="41.962270" lon="-122.946137"/>
      <trkpt lat="41.962517" lon="-122.945935"/>
      <trkpt lat="41.962633" lon="-122.945820"/>
      <trkpt lat="41.962777" lon="-122.945611"/>
      <trkpt lat="41.962902" lon="-122.945463"/>
      <trkpt lat="41.963042" lon="-122.945368"/>
      <trkpt lat="41.963216" lon="-122.945294"/>
      <trkpt lat="41.963483" lon="-122.945187"/>
      <trkpt lat="41.963840" lon="-122.944918"/>
      <trkpt lat="41.963906" lon="-122.944860"/>
      <trkpt lat="41.964010" lon="-122.944602"/>
      <trkpt lat="41.964169" lon="-122.944334"/>
      <trkpt lat="41.964335" lon="-122.944015"/>
      <trkpt lat="41.964393" lon="-122.943771"/>
      <trkpt lat="41.964472" lon="-122.942823"/>
      <trkpt lat="41.964535" lon="-122.942605"/>
      <trkpt lat="41.964815" lon="-122.941974"/>
      <trkpt lat="41.964975" lon="-122.941588"/>
      <trkpt lat="41.965170" lon="-122.940939"/>
      <trkpt lat="41.965278" lon="-122.940608"/>
      <trkpt lat="41.965457" lon="-122.940253"/>
      <trkpt lat="41.965860" lon="-122.939914"/>
      <trkpt lat="41.966308" lon="-122.939683"/>
      <trkpt lat="41.966883" lon="-122.939235"/>
      <trkpt lat="41.967526" lon="-122.939056"/>
      <trkpt lat="41.968142" lon="-122.938857"/>
      <trkpt lat="41.968696" lon="-122.938731"/>
      <trkpt lat="41.968884" lon="-122.938691"/>
      <trkpt lat="41.969043" lon="-122.938600"/>
      <trkpt lat="41.969105" lon="-122.938511"/>
      <trkpt lat="41.969102" lon="-122.938463"/>
      <trkpt lat="41.969011" lon="-122.938356"/>
      <trkpt lat="41.968768" lon="-122.937983"/>
      <trkpt lat="41.968513" lon="-122.937707"/>
      <trkpt lat="41.968417" lon="-122.937653"/>
      <trkpt lat="41.967970" lon="-122.937572"/>
      <trkpt lat="41.967597" lon="-122.937613"/>
      <trkpt lat="41.967219" lon="-122.937663"/>
      <trkpt lat="41.966907" lon="-122.937701"/>
      <trkpt lat="41.966552" lon="-122.937613"/>
      <trkpt lat="41.966146" lon="-122.937562"/>
      <trkpt lat="41.965649" lon="-122.937551"/>
      <trkpt lat="41.965416" lon="-122.937532"/>
      <trkpt lat="41.964815" lon="-122.937674"/>
      <trkpt lat="41.964631" lon="-122.937644"/>
      <trkpt lat="41.964576" lon="-122.937596"/>
      <trkpt lat="41.964544" lon="-122.937468"/>
      <trkpt lat="41.964543" lon="-122.937293"/>
      <trkpt lat="41.964499" lon="-122.937123"/>
      <trkpt lat="41.964337" lon="-122.936894"/>
      <trkpt lat="41.964141" lon="-122.936636"/>
      <trkpt lat="41.964010" lon="-122.936411"/>
      <trkpt lat="41.963870" lon="-122.936314"/>
      <trkpt lat="41.963655" lon="-122.936352"/>
      <trkpt lat="41.963499" lon="-122.936304"/>
      <trkpt lat="41.963389" lon="-122.936314"/>
      <trkpt lat="41.963192" lon="-122.936379"/>
      <trkpt lat="41.963118" lon="-122.936368"/>
      <trkpt lat="41.963090" lon="-122.936271"/>
      <trkpt lat="41.963154" lon="-122.935966"/>
      <trkpt lat="41.963130" lon="-122.935478"/>
      <trkpt lat="41.963204" lon="-122.935030"/>
      <trkpt lat="41.963270" lon="-122.934646"/>
      <trkpt lat="41.963441" lon="-122.934195"/>
      <trkpt lat="41.963631" lon="-122.934024"/>
      <trkpt lat="41.963708" lon="-122.933898"/>
      <trkpt lat="41.963824" lon="-122.933640"/>
      <trkpt lat="41.964149" lon="-122.933262"/>
      <trkpt lat="41.964405" lon="-122.933113"/>
      <trkpt lat="41.964556" lon="-122.932919"/>
      <trkpt lat="41.964769" lon="-122.932613"/>
      <trkpt lat="41.964913" lon="-122.932378"/>
      <trkpt lat="41.965140" lon="-122.932170"/>
      <trkpt lat="41.965314" lon="-122.932082"/>
      <trkpt lat="41.965789" lon="-122.931867"/>
      <trkpt lat="41.965992" lon="-122.931760"/>
      <trkpt lat="41.966095" lon="-122.931637"/>
      <trkpt lat="41.966319" lon="-122.931529"/>
      <trkpt lat="41.966542" lon="-122.931363"/>
      <trkpt lat="41.966710" lon="-122.931123"/>
      <trkpt lat="41.966849" lon="-122.931065"/>
      <trkpt lat="41.967002" lon="-122.931077"/>
      <trkpt lat="41.967205" lon="-122.931042"/>
      <trkpt lat="41.967575" lon="-122.930811"/>
      <trkpt lat="41.967731" lon="-122.930650"/>
      <trkpt lat="41.967934" lon="-122.930521"/>
      <trkpt lat="41.968078" lon="-122.930497"/>
      <trkpt lat="41.968300" lon="-122.930612"/>
      <trkpt lat="41.968393" lon="-122.930663"/>
      <trkpt lat="41.968722" lon="-122.930703"/>
      <trkpt lat="41.968931" lon="-122.930687"/>
      <trkpt lat="41.969019" lon="-122.930623"/>
      <trkpt lat="41.969135" lon="-122.930472"/>
      <trkpt lat="41.969235" lon="-122.930306"/>
      <trkpt lat="41.969345" lon="-122.929947"/>
      <trkpt lat="41.969366" lon="-122.929826"/>
      <trkpt lat="41.969375" lon="-122.929704"/>
      <trkpt lat="41.969396" lon="-122.929611"/>
      <trkpt lat="41.969443" lon="-122.929420"/>
      <trkpt lat="41.969509" lon="-122.929213"/>
      <trkpt lat="41.969628" lon="-122.929011"/>
      <trkpt lat="41.969825" lon="-122.928868"/>
      <trkpt lat="41.970034" lon="-122.928649"/>
      <trkpt lat="41.970158" lon="-122.928308"/>
      <trkpt lat="41.970308" lon="-122.928005"/>
      <trkpt lat="41.970421" lon="-122.927823"/>
      <trkpt lat="41.970599" lon="-122.927675"/>
      <trkpt lat="41.970836" lon="-122.927490"/>
      <trkpt lat="41.971031" lon="-122.927442"/>
      <trkpt lat="41.971161" lon="-122.927310"/>
      <trkpt lat="41.971291" lon="-122.927211"/>
      <trkpt lat="41.971385" lon="-122.927188"/>
      <trkpt lat="41.971478" lon="-122.927144"/>
      <trkpt lat="41.971535" lon="-122.927088"/>
      <trkpt lat="41.971828" lon="-122.926617"/>
      <trkpt lat="41.971933" lon="-122.926542"/>
      <trkpt lat="41.972102" lon="-122.926492"/>
      <trkpt lat="41.972330" lon="-122.926508"/>
      <trkpt lat="41.972561" lon="-122.926594"/>
      <trkpt lat="41.972784" lon="-122.926621"/>
      <trkpt lat="41.973040" lon="-122.926589"/>
      <trkpt lat="41.973223" lon="-122.926551"/>
      <trkpt lat="41.973347" lon="-122.926481"/>
      <trkpt lat="41.973494" lon="-122.926395"/>
      <trkpt lat="41.973642" lon="-122.926197"/>
      <trkpt lat="41.973882" lon="-122.925715"/>
      <trkpt lat="41.974104" lon="-122.925645"/>
      <trkpt lat="41.974318" lon="-122.925522"/>
      <trkpt lat="41.974491" lon="-122.925473"/>
      <trkpt lat="41.974775" lon="-122.925540"/>
      <trkpt lat="41.975078" lon="-122.925633"/>
      <trkpt lat="41.975317" lon="-122.925548"/>
      <trkpt lat="41.975508" lon="-122.925457"/>
      <trkpt lat="41.975632" lon="-122.925344"/>
      <trkpt lat="41.975703" lon="-122.925093"/>
      <trkpt lat="41.975684" lon="-122.924534"/>
      <trkpt lat="41.975735" lon="-122.924293"/>
      <trkpt lat="41.975867" lon="-122.924105"/>
      <trkpt lat="41.976007" lon="-122.923955"/>
      <trkpt lat="41.976210" lon="-122.923783"/>
      <trkpt lat="41.976410" lon="-122.923735"/>
      <trkpt lat="41.976535" lon="-122.923633"/>
      <trkpt lat="41.976828" lon="-122.923397"/>
      <trkpt lat="41.977163" lon="-122.923188"/>
      <trkpt lat="41.977502" lon="-122.923005"/>
      <trkpt lat="41.977710" lon="-122.922887"/>
      <trkpt lat="41.978220" lon="-122.922592"/>
      <trkpt lat="41.978707" lon="-122.922142"/>
      <trkpt lat="41.979028" lon="-122.921847"/>
      <trkpt lat="41.979258" lon="-122.921768"/>
      <trkpt lat="41.979867" lon="-122.921283"/>
      <trkpt lat="41.980030" lon="-122.921192"/>
      <trkpt lat="41.980214" lon="-122.921235"/>
      <trkpt lat="41.980493" lon="-122.921294"/>
      <trkpt lat="41.980705" lon="-122.921235"/>
      <trkpt lat="41.980836" lon="-122.921047"/>
      <trkpt lat="41.981340" lon="-122.920558"/>
      <trkpt lat="41.981424" lon="-122.920440"/>
      <trkpt lat="41.981501" lon="-122.920434"/>
      <trkpt lat="41.981545" lon="-122.920469"/>
      <trkpt lat="41.981625" lon="-122.920514"/>
      <trkpt lat="41.981690" lon="-122.920460"/>
      <trkpt lat="41.981783" lon="-122.920255"/>
      <trkpt lat="41.981850" lon="-122.920193"/>
      <trkpt lat="41.981932" lon="-122.920149"/>
      <trkpt lat="41.982010" lon="-122.919992"/>
      <trkpt lat="41.982055" lon="-122.919769"/>
      <trkpt lat="41.982152" lon="-122.919403"/>
      <trkpt lat="41.982191" lon="-122.919213"/>
      <trkpt lat="41.982190" lon="-122.919112"/>
      <trkpt lat="41.982249" lon="-122.919018"/>
      <trkpt lat="41.982298" lon="-122.918974"/>
      <trkpt lat="41.982443" lon="-122.918909"/>
      <trkpt lat="41.982583" lon="-122.918805"/>
      <trkpt lat="41.982749" lon="-122.918736"/>
      <trkpt lat="41.983081" lon="-122.918411"/>
      <trkpt lat="41.983218" lon="-122.918378"/>
      <trkpt lat="41.983435" lon="-122.918540"/>
      <trkpt lat="41.983508" lon="-122.918479"/>
      <trkpt lat="41.983712" lon="-122.918060"/>
      <trkpt lat="41.983738" lon="-122.917837"/>
      <trkpt lat="41.983854" lon="-122.917606"/>
    </trkseg>
    <trkseg>
      <trkpt lat="41.983854" lon="-122.917606"/>
      <trkpt lat="41.984018" lon="-122.917464"/>
      <trkpt lat="41.984154" lon="-122.917416"/>
      <trkpt lat="41.984198" lon="-122.917346"/>
      <trkpt lat="41.984208" lon="-122.917279"/>
      <trkpt lat="41.984198" lon="-122.917094"/>
      <trkpt lat="41.984293" lon="-122.916804"/>
      <trkpt lat="41.984346" lon="-122.916718"/>
      <trkpt lat="41.984648" lon="-122.916874"/>
      <trkpt lat="41.984842" lon="-122.916892"/>
      <trkpt lat="41.985107" lon="-122.916799"/>
      <trkpt lat="41.985422" lon="-122.916589"/>
      <trkpt lat="41.985571" lon="-122.916555"/>
      <trkpt lat="41.985697" lon="-122.916498"/>
      <trkpt lat="41.985801" lon="-122.916466"/>
      <trkpt lat="41.985904" lon="-122.916536"/>
      <trkpt lat="41.986004" lon="-122.916820"/>
      <trkpt lat="41.986109" lon="-122.917017"/>
      <trkpt lat="41.986227" lon="-122.917083"/>
      <trkpt lat="41.986510" lon="-122.917131"/>
      <trkpt lat="41.986670" lon="-122.917243"/>
      <trkpt lat="41.986889" lon="-122.917217"/>
      <trkpt lat="41.987057" lon="-122.917174"/>
      <trkpt lat="41.987216" lon="-122.917174"/>
      <trkpt lat="41.987408" lon="-122.917099"/>
      <trkpt lat="41.987559" lon="-122.917212"/>
      <trkpt lat="41.987718" lon="-122.917217"/>
      <trkpt lat="41.987966" lon="-122.917088"/>
      <trkpt lat="41.988169" lon="-122.916960"/>
      <trkpt lat="41.988257" lon="-122.916960"/>
      <trkpt lat="41.988305" lon="-122.917056"/>
      <trkpt lat="41.988376" lon="-122.917528"/>
      <trkpt lat="41.988584" lon="-122.917941"/>
      <trkpt lat="41.988584" lon="-122.918386"/>
      <trkpt lat="41.988548" lon="-122.918751"/>
      <trkpt lat="41.988560" lon="-122.919213"/>
      <trkpt lat="41.988707" lon="-122.919497"/>
      <trkpt lat="41.988807" lon="-122.919824"/>
      <trkpt lat="41.988963" lon="-122.920430"/>
      <trkpt lat="41.989313" lon="-122.920983"/>
      <trkpt lat="41.989577" lon="-122.921090"/>
      <trkpt lat="41.989752" lon="-122.921396"/>
      <trkpt lat="41.990123" lon="-122.921525"/>
      <trkpt lat="41.990350" lon="-122.921503"/>
      <trkpt lat="41.990665" lon="-122.921138"/>
      <trkpt lat="41.990948" lon="-122.920886"/>
      <trkpt lat="41.991179" lon="-122.920575"/>
      <trkpt lat="41.991343" lon="-122.920462"/>
      <trkpt lat="41.991554" lon="-122.920232"/>
      <trkpt lat="41.991833" lon="-122.920232"/>
      <trkpt lat="41.992296" lon="-122.920023"/>
      <trkpt lat="41.992706" lon="-122.919878"/>
      <trkpt lat="41.992990" lon="-122.919685"/>
      <trkpt lat="41.993285" lon="-122.919320"/>
      <trkpt lat="41.993685" lon="-122.918749"/>
      <trkpt lat="41.993918" lon="-122.918301"/>
      <trkpt lat="41.994006" lon="-122.917957"/>
      <trkpt lat="41.994034" lon="-122.917759"/>
      <trkpt lat="41.994005" lon="-122.917565"/>
      <trkpt lat="41.993978" lon="-122.917349"/>
      <trkpt lat="41.993793" lon="-122.917000"/>
      <trkpt lat="41.993609" lon="-122.916791"/>
      <trkpt lat="41.993536" lon="-122.916573"/>
      <trkpt lat="41.993335" lon="-122.916365"/>
      <trkpt lat="41.993197" lon="-122.916171"/>
      <trkpt lat="41.992987" lon="-122.915956"/>
      <trkpt lat="41.992868" lon="-122.915779"/>
      <trkpt lat="41.992824" lon="-122.915672"/>
      <trkpt lat="41.992826" lon="-122.915511"/>
      <trkpt lat="41.992876" lon="-122.915318"/>
      <trkpt lat="41.992842" lon="-122.915238"/>
      <trkpt lat="41.992786" lon="-122.915154"/>
      <trkpt lat="41.992678" lon="-122.915077"/>
      <trkpt lat="41.992445" lon="-122.914612"/>
      <trkpt lat="41.992379" lon="-122.914470"/>
      <trkpt lat="41.992453" lon="-122.914272"/>
      <trkpt lat="41.992447" lon="-122.914122"/>
      <trkpt lat="41.992423" lon="-122.913937"/>
      <trkpt lat="41.992310" lon="-122.913631"/>
      <trkpt lat="41.992180" lon="-122.913304"/>
      <trkpt lat="41.992142" lon="-122.913089"/>
      <trkpt lat="41.992206" lon="-122.912926"/>
      <trkpt lat="41.992399" lon="-122.912687"/>
      <trkpt lat="41.992661" lon="-122.912266"/>
      <trkpt lat="41.992710" lon="-122.912024"/>
      <trkpt lat="41.992858" lon="-122.911772"/>
      <trkpt lat="41.992946" lon="-122.911489"/>
      <trkpt lat="41.992998" lon="-122.911461"/>
      <trkpt lat="41.993021" lon="-122.911458"/>
      <trkpt lat="41.993091" lon="-122.911528"/>
      <trkpt lat="41.993203" lon="-122.911944"/>
      <trkpt lat="41.993223" lon="-122.912144"/>
      <trkpt lat="41.993176" lon="-122.912276"/>
      <trkpt lat="41.993136" lon="-122.912765"/>
      <trkpt lat="41.993147" lon="-122.913085"/>
      <trkpt lat="41.993230" lon="-122.913306"/>
      <trkpt lat="41.993406" lon="-122.913574"/>
      <trkpt lat="41.993486" lon="-122.913636"/>
      <trkpt lat="41.993601" lon="-122.913679"/>
      <trkpt lat="41.993751" lon="-122.913781"/>
      <trkpt lat="41.993803" lon="-122.913789"/>
      <trkpt lat="41.993787" lon="-122.913618"/>
      <trkpt lat="41.993751" lon="-122.913461"/>
      <trkpt lat="41.993791" lon="-122.913245"/>
      <trkpt lat="41.993829" lon="-122.913159"/>
      <trkpt lat="41.993916" lon="-122.913102"/>
      <trkpt lat="41.994138" lon="-122.913041"/>
      <trkpt lat="41.994281" lon="-122.912982"/>
      <trkpt lat="41.994423" lon="-122.912959"/>
      <trkpt lat="41.994562" lon="-122.912869"/>
      <trkpt lat="41.994648" lon="-122.912883"/>
      <trkpt lat="41.994688" lon="-122.912976"/>
      <trkpt lat="41.994698" lon="-122.913172"/>
      <trkpt lat="41.994806" lon="-122.913347"/>
      <trkpt lat="41.994940" lon="-122.913431"/>
      <trkpt lat="41.995091" lon="-122.913405"/>
      <trkpt lat="41.995293" lon="-122.913269"/>
      <trkpt lat="41.995367" lon="-122.913173"/>
      <trkpt lat="41.995450" lon="-122.913037"/>
      <trkpt lat="41.995858" lon="-122.912673"/>
      <trkpt lat="41.995910" lon="-122.912470"/>
      <trkpt lat="41.996058" lon="-122.912305"/>
      <trkpt lat="41.996205" lon="-122.912071"/>
      <trkpt lat="41.996305" lon="-122.911912"/>
      <trkpt lat="41.996528" lon="-122.911716"/>
      <trkpt lat="41.996612" lon="-122.911576"/>
      <trkpt lat="41.996901" lon="-122.911413"/>
      <trkpt lat="41.997122" lon="-122.911370"/>
      <trkpt lat="41.997405" lon="-122.911375"/>
      <trkpt lat="41.997538" lon="-122.911327"/>
      <trkpt lat="41.997708" lon="-122.911187"/>
      <trkpt lat="41.997869" lon="-122.911147"/>
      <trkpt lat="41.997977" lon="-122.911094"/>
      <trkpt lat="41.998258" lon="-122.911115"/>
      <trkpt lat="41.998479" lon="-122.911027"/>
      <trkpt lat="41.998707" lon="-122.911053"/>
      <trkpt lat="41.998882" lon="-122.911196"/>
      <trkpt lat="41.998976" lon="-122.911206"/>
      <trkpt lat="41.999065" lon="-122.911257"/>
      <trkpt lat="41.999119" lon="-122.911261"/>
      <trkpt lat="41.999191" lon="-122.911268"/>
      <trkpt lat="41.999394" lon="-122.911115"/>
      <trkpt lat="41.999707" lon="-122.911118"/>
      <trkpt lat="41.999966" lon="-122.911236"/>
      <trkpt lat="42.000190" lon="-122.911254"/>
      <trkpt lat="42.000796" lon="-122.911244"/>
      <trkpt lat="42.001308" lon="-122.911220"/>
      <trkpt lat="42.001575" lon="-122.911284"/>
      <trkpt lat="42.001738" lon="-122.911212"/>
      <trkpt lat="42.001958" lon="-122.911196"/>
      <trkpt lat="42.002272" lon="-122.911094"/>
      <trkpt lat="42.002472" lon="-122.911077"/>
      <trkpt lat="42.002580" lon="-122.911016"/>
      <trkpt lat="42.002637" lon="-122.910941"/>
      <trkpt lat="42.002623" lon="-122.910721"/>
      <trkpt lat="42.002763" lon="-122.910426"/>
      <trkpt lat="42.002896" lon="-122.910270"/>
      <trkpt lat="42.002998" lon="-122.910096"/>
      <trkpt lat="42.003022" lon="-122.909879"/>
      <trkpt lat="42.002982" lon="-122.909634"/>
      <trkpt lat="42.002843" lon="-122.909507"/>
      <trkpt lat="42.002657" lon="-122.909181"/>
      <trkpt lat="42.002609" lon="-122.908993"/>
      <trkpt lat="42.002500" lon="-122.908632"/>
      <trkpt lat="42.002506" lon="-122.908465"/>
      <trkpt lat="42.002544" lon="-122.908430"/>
      <trkpt lat="42.002601" lon="-122.908457"/>
      <trkpt lat="42.002693" lon="-122.908580"/>
      <trkpt lat="42.002821" lon="-122.908666"/>
      <trkpt lat="42.002932" lon="-122.908811"/>
      <trkpt lat="42.003042" lon="-122.908886"/>
      <trkpt lat="42.003235" lon="-122.908948"/>
      <trkpt lat="42.003411" lon="-122.909047"/>
      <trkpt lat="42.003532" lon="-122.909034"/>
      <trkpt lat="42.003600" lon="-122.909076"/>
      <trkpt lat="42.003674" lon="-122.909201"/>
      <trkpt lat="42.003732" lon="-122.909391"/>
      <trkpt lat="42.003849" lon="-122.910305"/>
      <trkpt lat="42.003819" lon="-122.910812"/>
      <trkpt lat="42.003700" lon="-122.911161"/>
      <trkpt lat="42.003684" lon="-122.911448"/>
      <trkpt lat="42.003820" lon="-122.911787"/>
      <trkpt lat="42.003860" lon="-122.911987"/>
      <trkpt lat="42.003895" lon="-122.912206"/>
      <trkpt lat="42.003931" lon="-122.912471"/>
      <trkpt lat="42.003897" lon="-122.912732"/>
      <trkpt lat="42.003712" lon="-122.912994"/>
      <trkpt lat="42.003675" lon="-122.913118"/>
      <trkpt lat="42.003688" lon="-122.913251"/>
      <trkpt lat="42.003768" lon="-122.913322"/>
      <trkpt lat="42.003916" lon="-122.913340"/>
      <trkpt lat="42.004066" lon="-122.913242"/>
      <trkpt lat="42.004297" lon="-122.913133"/>
      <trkpt lat="42.004559" lon="-122.912944"/>
      <trkpt lat="42.004712" lon="-122.912877"/>
      <trkpt lat="42.004800" lon="-122.912805"/>
      <trkpt lat="42.004957" lon="-122.912580"/>
      <trkpt lat="42.005179" lon="-122.912443"/>
      <trkpt lat="42.005294" lon="-122.912309"/>
    </trkseg>
    <trkseg>
      <trkpt lat="42.005294" lon="-122.912309"/>
      <trkpt lat="42.005342" lon="-122.912252"/>
      <trkpt lat="42.005372" lon="-122.912145"/>
      <trkpt lat="42.005483" lon="-122.911987"/>
      <trkpt lat="42.005494" lon="-122.911837"/>
      <trkpt lat="42.005611" lon="-122.911635"/>
      <trkpt lat="42.005655" lon="-122.911515"/>
      <trkpt lat="42.005784" lon="-122.911351"/>
      <trkpt lat="42.005932" lon="-122.910930"/>
      <trkpt lat="42.006075" lon="-122.910474"/>
      <trkpt lat="42.006101" lon="-122.910249"/>
      <trkpt lat="42.006213" lon="-122.909997"/>
      <trkpt lat="42.006257" lon="-122.909881"/>
      <trkpt lat="42.006289" lon="-122.909675"/>
      <trkpt lat="42.006335" lon="-122.909404"/>
      <trkpt lat="42.006376" lon="-122.908910"/>
      <trkpt lat="42.006436" lon="-122.908532"/>
      <trkpt lat="42.006416" lon="-122.908258"/>
      <trkpt lat="42.006428" lon="-122.907988"/>
      <trkpt lat="42.006588" lon="-122.907628"/>
      <trkpt lat="42.006849" lon="-122.907285"/>
      <trkpt lat="42.006942" lon="-122.907078"/>
      <trkpt lat="42.007090" lon="-122.906899"/>
      <trkpt lat="42.007132" lon="-122.906783"/>
      <trkpt lat="42.007192" lon="-122.906718"/>
      <trkpt lat="42.007315" lon="-122.906612"/>
      <trkpt lat="42.007387" lon="-122.906512"/>
      <trkpt lat="42.007417" lon="-122.906392"/>
      <trkpt lat="42.007640" lon="-122.906177"/>
      <trkpt lat="42.007784" lon="-122.905933"/>
      <trkpt lat="42.007811" lon="-122.905807"/>
      <trkpt lat="42.007843" lon="-122.905544"/>
      <trkpt lat="42.007919" lon="-122.905346"/>
      <trkpt lat="42.007987" lon="-122.905131"/>
      <trkpt lat="42.008126" lon="-122.904450"/>
      <trkpt lat="42.008254" lon="-122.903996"/>
      <trkpt lat="42.008284" lon="-122.903937"/>
      <trkpt lat="42.008268" lon="-122.903594"/>
      <trkpt lat="42.008286" lon="-122.903355"/>
      <trkpt lat="42.008264" lon="-122.903219"/>
      <trkpt lat="42.008182" lon="-122.902991"/>
      <trkpt lat="42.008118" lon="-122.902685"/>
      <trkpt lat="42.008102" lon="-122.902527"/>
      <trkpt lat="42.008116" lon="-122.902296"/>
      <trkpt lat="42.008058" lon="-122.902006"/>
      <trkpt lat="42.008033" lon="-122.901835"/>
      <trkpt lat="42.008027" lon="-122.901692"/>
      <trkpt lat="42.008074" lon="-122.901381"/>
      <trkpt lat="42.008090" lon="-122.901201"/>
      <trkpt lat="42.008077" lon="-122.901046"/>
      <trkpt lat="42.008098" lon="-122.900840"/>
      <trkpt lat="42.008092" lon="-122.900676"/>
      <trkpt lat="42.008130" lon="-122.900384"/>
      <trkpt lat="42.008174" lon="-122.900268"/>
      <trkpt lat="42.008184" lon="-122.900193"/>
      <trkpt lat="42.008256" lon="-122.900051"/>
      <trkpt lat="42.008258" lon="-122.899917"/>
      <trkpt lat="42.008258" lon="-122.899772"/>
      <trkpt lat="42.008210" lon="-122.899445"/>
      <trkpt lat="42.008176" lon="-122.899270"/>
      <trkpt lat="42.008182" lon="-122.899096"/>
      <trkpt lat="42.008228" lon="-122.898720"/>
      <trkpt lat="42.008312" lon="-122.898450"/>
      <trkpt lat="42.008347" lon="-122.898262"/>
      <trkpt lat="42.008455" lon="-122.898023"/>
      <trkpt lat="42.008473" lon="-122.897787"/>
      <trkpt lat="42.008645" lon="-122.897369"/>
      <trkpt lat="42.008776" lon="-122.897224"/>
      <trkpt lat="42.008953" lon="-122.896937"/>
      <trkpt lat="42.009121" lon="-122.896822"/>
      <trkpt lat="42.009346" lon="-122.896529"/>
      <trkpt lat="42.009420" lon="-122.896376"/>
      <trkpt lat="42.009619" lon="-122.896293"/>
      <trkpt lat="42.009774" lon="-122.896089"/>
      <trkpt lat="42.009910" lon="-122.895926"/>
      <trkpt lat="42.010159" lon="-122.895690"/>
      <trkpt lat="42.010323" lon="-122.895572"/>
      <trkpt lat="42.010494" lon="-122.895360"/>
      <trkpt lat="42.010685" lon="-122.895150"/>
      <trkpt lat="42.011006" lon="-122.894805"/>
      <trkpt lat="42.011251" lon="-122.894646"/>
      <trkpt lat="42.011413" lon="-122.894507"/>
      <trkpt lat="42.011682" lon="-122.894426"/>
      <trkpt lat="42.011817" lon="-122.894512"/>
      <trkpt lat="42.012003" lon="-122.894526"/>
      <trkpt lat="42.012166" lon="-122.894576"/>
      <trkpt lat="42.012393" lon="-122.894764"/>
      <trkpt lat="42.012626" lon="-122.894928"/>
      <trkpt lat="42.012989" lon="-122.895137"/>
      <trkpt lat="42.013168" lon="-122.895185"/>
      <trkpt lat="42.013400" lon="-122.895210"/>
      <trkpt lat="42.013519" lon="-122.895279"/>
      <trkpt lat="42.013655" lon="-122.895437"/>
      <trkpt lat="42.013999" lon="-122.895875"/>
      <trkpt lat="42.014145" lon="-122.895993"/>
      <trkpt lat="42.014276" lon="-122.896046"/>
      <trkpt lat="42.014567" lon="-122.896191"/>
      <trkpt lat="42.014683" lon="-122.896194"/>
      <trkpt lat="42.014990" lon="-122.896108"/>
      <trkpt lat="42.015564" lon="-122.896108"/>
      <trkpt lat="42.015915" lon="-122.896178"/>
      <trkpt lat="42.016088" lon="-122.896188"/>
      <trkpt lat="42.016250" lon="-122.896227"/>
      <trkpt lat="42.016414" lon="-122.896309"/>
      <trkpt lat="42.016799" lon="-122.896682"/>
      <trkpt lat="42.017012" lon="-122.896878"/>
      <trkpt lat="42.017158" lon="-122.896945"/>
      <trkpt lat="42.017300" lon="-122.896897"/>
      <trkpt lat="42.017457" lon="-122.896671"/>
      <trkpt lat="42.017537" lon="-122.896290"/>
      <trkpt lat="42.017541" lon="-122.895861"/>
      <trkpt lat="42.017505" lon="-122.895507"/>
      <trkpt lat="42.017533" lon="-122.895287"/>
      <trkpt lat="42.017515" lon="-122.895057"/>
      <trkpt lat="42.017541" lon="-122.894729"/>
      <trkpt lat="42.017485" lon="-122.894375"/>
      <trkpt lat="42.017517" lon="-122.893973"/>
      <trkpt lat="42.017361" lon="-122.893458"/>
      <trkpt lat="42.017405" lon="-122.893310"/>
      <trkpt lat="42.017401" lon="-122.893141"/>
      <trkpt lat="42.017473" lon="-122.893040"/>
      <trkpt lat="42.017555" lon="-122.892844"/>
      <trkpt lat="42.017558" lon="-122.892500"/>
      <trkpt lat="42.017636" lon="-122.892420"/>
      <trkpt lat="42.017722" lon="-122.892460"/>
      <trkpt lat="42.018160" lon="-122.892637"/>
      <trkpt lat="42.018380" lon="-122.892589"/>
      <trkpt lat="42.018667" lon="-122.892656"/>
      <trkpt lat="42.018850" lon="-122.892785"/>
      <trkpt lat="42.019017" lon="-122.892849"/>
      <trkpt lat="42.019101" lon="-122.892919"/>
      <trkpt lat="42.019230" lon="-122.892946"/>
      <trkpt lat="42.019436" lon="-122.893037"/>
      <trkpt lat="42.019681" lon="-122.893115"/>
      <trkpt lat="42.020430" lon="-122.893201"/>
      <trkpt lat="42.020545" lon="-122.893163"/>
      <trkpt lat="42.020749" lon="-122.893074"/>
      <trkpt lat="42.020874" lon="-122.893050"/>
      <trkpt lat="42.021008" lon="-122.892962"/>
      <trkpt lat="42.021167" lon="-122.892911"/>
      <trkpt lat="42.021213" lon="-122.892881"/>
      <trkpt lat="42.021299" lon="-122.892798"/>
      <trkpt lat="42.021584" lon="-122.892584"/>
      <trkpt lat="42.021667" lon="-122.892535"/>
      <trkpt lat="42.021767" lon="-122.892463"/>
      <trkpt lat="42.021869" lon="-122.892374"/>
      <trkpt lat="42.022004" lon="-122.892305"/>
      <trkpt lat="42.022102" lon="-122.892176"/>
      <trkpt lat="42.022203" lon="-122.892004"/>
      <trkpt lat="42.022229" lon="-122.891884"/>
      <trkpt lat="42.022197" lon="-122.891771"/>
      <trkpt lat="42.022106" lon="-122.891712"/>
      <trkpt lat="42.022008" lon="-122.891661"/>
      <trkpt lat="42.021612" lon="-122.891449"/>
      <trkpt lat="42.021486" lon="-122.891285"/>
      <trkpt lat="42.021331" lon="-122.891084"/>
      <trkpt lat="42.021265" lon="-122.890934"/>
      <trkpt lat="42.021165" lon="-122.890526"/>
      <trkpt lat="42.021121" lon="-122.890408"/>
      <trkpt lat="42.020906" lon="-122.889982"/>
      <trkpt lat="42.020709" lon="-122.889665"/>
      <trkpt lat="42.020613" lon="-122.889558"/>
      <trkpt lat="42.020556" lon="-122.889397"/>
      <trkpt lat="42.020488" lon="-122.889309"/>
      <trkpt lat="42.020402" lon="-122.889260"/>
      <trkpt lat="42.020310" lon="-122.889073"/>
      <trkpt lat="42.020171" lon="-122.888762"/>
      <trkpt lat="42.020163" lon="-122.888646"/>
      <trkpt lat="42.020117" lon="-122.888536"/>
      <trkpt lat="42.020081" lon="-122.888485"/>
      <trkpt lat="42.019998" lon="-122.888432"/>
      <trkpt lat="42.019940" lon="-122.888418"/>
      <trkpt lat="42.019890" lon="-122.888367"/>
      <trkpt lat="42.019756" lon="-122.888198"/>
      <trkpt lat="42.019511" lon="-122.887957"/>
      <trkpt lat="42.019382" lon="-122.887777"/>
      <trkpt lat="42.019332" lon="-122.887689"/>
      <trkpt lat="42.019308" lon="-122.887605"/>
      <trkpt lat="42.019346" lon="-122.887292"/>
      <trkpt lat="42.019354" lon="-122.887088"/>
      <trkpt lat="42.019302" lon="-122.886938"/>
      <trkpt lat="42.019290" lon="-122.886782"/>
      <trkpt lat="42.019292" lon="-122.886565"/>
      <trkpt lat="42.019268" lon="-122.886439"/>
      <trkpt lat="42.019213" lon="-122.886310"/>
      <trkpt lat="42.019189" lon="-122.886211"/>
      <trkpt lat="42.019155" lon="-122.885964"/>
      <trkpt lat="42.019167" lon="-122.885717"/>
      <trkpt lat="42.019153" lon="-122.885529"/>
      <trkpt lat="42.019157" lon="-122.885398"/>
      <trkpt lat="42.019205" lon="-122.885213"/>
      <trkpt lat="42.019242" lon="-122.885135"/>
      <trkpt lat="42.019258" lon="-122.885047"/>
      <trkpt lat="42.019236" lon="-122.884945"/>
      <trkpt lat="42.019205" lon="-122.884803"/>
      <trkpt lat="42.019207" lon="-122.884440"/>
      <trkpt lat="42.019220" lon="-122.884151"/>
      <trkpt lat="42.019254" lon="-122.883917"/>
      <trkpt lat="42.019408" lon="-122.883537"/>
      <trkpt lat="42.019481" lon="-122.883408"/>
      <trkpt lat="42.019613" lon="-122.883094"/>
      <trkpt lat="42.019830" lon="-122.882619"/>
      <trkpt lat="42.020065" lon="-122.882364"/>
      <trkpt lat="42.020163" lon="-122.882214"/>
      <trkpt lat="42.020286" lon="-122.882032"/>
      <trkpt lat="42.020416" lon="-122.881868"/>
      <trkpt lat="42.020468" lon="-122.881801"/>
      <trkpt lat="42.020472" lon="-122.881678"/>
      <trkpt lat="42.020488" lon="-122.881570"/>
      <trkpt lat="42.020508" lon="-122.881463"/>
      <trkpt lat="42.020558" lon="-122.881254"/>
      <trkpt lat="42.020695" lon="-122.880809"/>
      <trkpt lat="42.020749" lon="-122.880570"/>
      <trkpt lat="42.020773" lon="-122.880364"/>
      <trkpt lat="42.020886" lon="-122.880071"/>
      <trkpt lat="42.021137" lon="-122.879476"/>
      <trkpt lat="42.021181" lon="-122.879328"/>
      <trkpt lat="42.021225" lon="-122.879079"/>
      <trkpt lat="42.021273" lon="-122.878912"/>
      <trkpt lat="42.021291" lon="-122.878768"/>
      <trkpt lat="42.021335" lon="-122.878588"/>
      <trkpt lat="42.021392" lon="-122.878397"/>
      <trkpt lat="42.021386" lon="-122.878228"/>
      <trkpt lat="42.021357" lon="-122.878113"/>
      <trkpt lat="42.021331" lon="-122.878011"/>
      <trkpt lat="42.021333" lon="-122.877941"/>
      <trkpt lat="42.021371" lon="-122.877652"/>
      <trkpt lat="42.021474" lon="-122.877461"/>
      <trkpt lat="42.021590" lon="-122.877317"/>
      <trkpt lat="42.021669" lon="-122.877215"/>
      <trkpt lat="42.021761" lon="-122.877046"/>
      <trkpt lat="42.021907" lon="-122.876638"/>
      <trkpt lat="42.022042" lon="-122.876134"/>
      <trkpt lat="42.022169" lon="-122.875415"/>
      <trkpt lat="42.022349" lon="-122.874881"/>
      <trkpt lat="42.022557" lon="-122.874355"/>
      <trkpt lat="42.022787" lon="-122.873820"/>
      <trkpt lat="42.022965" lon="-122.873615"/>
      <trkpt lat="42.023090" lon="-122.873535"/>
      <trkpt lat="42.023321" lon="-122.873521"/>
      <trkpt lat="42.023574" lon="-122.873588"/>
      <trkpt lat="42.023690" lon="-122.873653"/>
      <trkpt lat="42.023984" lon="-122.873961"/>
      <trkpt lat="42.024193" lon="-122.874114"/>
      <trkpt lat="42.024355" lon="-122.874227"/>
      <trkpt lat="42.024459" lon="-122.874366"/>
      <trkpt lat="42.024706" lon="-122.874546"/>
      <trkpt lat="42.025156" lon="-122.874758"/>
      <trkpt lat="42.025368" lon="-122.874838"/>
      <trkpt lat="42.025523" lon="-122.874833"/>
      <trkpt lat="42.025707" lon="-122.874822"/>
      <trkpt lat="42.025933" lon="-122.874896"/>
      <trkpt lat="42.026205" lon="-122.874869"/>
      <trkpt lat="42.026536" lon="-122.874768"/>
      <trkpt lat="42.026959" lon="-122.874546"/>
      <trkpt lat="42.027217" lon="-122.874479"/>
      <trkpt lat="42.027519" lon="-122.874559"/>
      <trkpt lat="42.028018" lon="-122.874777"/>
      <trkpt lat="42.028362" lon="-122.875092"/>
      <trkpt lat="42.028523" lon="-122.875114"/>
      <trkpt lat="42.028810" lon="-122.875309"/>
      <trkpt lat="42.029036" lon="-122.875495"/>
      <trkpt lat="42.029265" lon="-122.875554"/>
      <trkpt lat="42.029517" lon="-122.875693"/>
      <trkpt lat="42.029650" lon="-122.875685"/>
      <trkpt lat="42.029842" lon="-122.875660"/>
      <trkpt lat="42.030289" lon="-122.875455"/>
      <trkpt lat="42.030695" lon="-122.875369"/>
      <trkpt lat="42.031051" lon="-122.875066"/>
      <trkpt lat="42.031374" lon="-122.874860"/>
      <trkpt lat="42.031641" lon="-122.874667"/>
      <trkpt lat="42.031829" lon="-122.874597"/>
      <trkpt lat="42.032131" lon="-122.874400"/>
      <trkpt lat="42.032575" lon="-122.873985"/>
      <trkpt lat="42.032851" lon="-122.873540"/>
      <trkpt lat="42.032964" lon="-122.873234"/>
      <trkpt lat="42.033062" lon="-122.873068"/>
      <trkpt lat="42.033219" lon="-122.872803"/>
      <trkpt lat="42.033425" lon="-122.872462"/>
      <trkpt lat="42.033567" lon="-122.872078"/>
      <trkpt lat="42.033638" lon="-122.871633"/>
      <trkpt lat="42.033710" lon="-122.871013"/>
      <trkpt lat="42.033696" lon="-122.870402"/>
      <trkpt lat="42.033770" lon="-122.869784"/>
      <trkpt lat="42.033982" lon="-122.869045"/>
      <trkpt lat="42.034026" lon="-122.868814"/>
      <trkpt lat="42.034146" lon="-122.867923"/>
      <trkpt lat="42.034126" lon="-122.867639"/>
      <trkpt lat="42.034271" lon="-122.866746"/>
      <trkpt lat="42.034301" lon="-122.866459"/>
      <trkpt lat="42.034317" lon="-122.866153"/>
      <trkpt lat="42.034313" lon="-122.865928"/>
      <trkpt lat="42.034357" lon="-122.865552"/>
      <trkpt lat="42.034393" lon="-122.865402"/>
      <trkpt lat="42.034445" lon="-122.865155"/>
      <trkpt lat="42.034453" lon="-122.864587"/>
      <trkpt lat="42.034409" lon="-122.863744"/>
      <trkpt lat="42.034421" lon="-122.863208"/>
      <trkpt lat="42.034451" lon="-122.862623"/>
      <trkpt lat="42.034492" lon="-122.862334"/>
      <trkpt lat="42.034553" lon="-122.862011"/>
      <trkpt lat="42.034620" lon="-122.861840"/>
      <trkpt lat="42.034647" lon="-122.861615"/>
      <trkpt lat="42.034733" lon="-122.861423"/>
      <trkpt lat="42.034797" lon="-122.861180"/>
      <trkpt lat="42.035120" lon="-122.860590"/>
      <trkpt lat="42.035195" lon="-122.860293"/>
      <trkpt lat="42.035223" lon="-122.860033"/>
      <trkpt lat="42.035074" lon="-122.859560"/>
      <trkpt lat="42.035018" lon="-122.859206"/>
      <trkpt lat="42.034976" lon="-122.858900"/>
      <trkpt lat="42.034985" lon="-122.858482"/>
      <trkpt lat="42.035072" lon="-122.858139"/>
      <trkpt lat="42.035186" lon="-122.857865"/>
      <trkpt lat="42.035480" lon="-122.857157"/>
      <trkpt lat="42.035628" lon="-122.857017"/>
      <trkpt lat="42.035750" lon="-122.856827"/>
      <trkpt lat="42.035990" lon="-122.856331"/>
      <trkpt lat="42.036150" lon="-122.856138"/>
      <trkpt lat="42.036353" lon="-122.856065"/>
      <trkpt lat="42.036546" lon="-122.856057"/>
      <trkpt lat="42.036730" lon="-122.856165"/>
      <trkpt lat="42.037050" lon="-122.856492"/>
      <trkpt lat="42.037281" lon="-122.856706"/>
      <trkpt lat="42.037435" lon="-122.856765"/>
      <trkpt lat="42.037642" lon="-122.856916"/>
      <trkpt lat="42.037871" lon="-122.856924"/>
      <trkpt lat="42.038078" lon="-122.856822"/>
      <trkpt lat="42.038323" lon="-122.856760"/>
      <trkpt lat="42.038720" lon="-122.856532"/>
      <trkpt lat="42.039011" lon="-122.856545"/>
      <trkpt lat="42.039226" lon="-122.856529"/>
      <trkpt lat="42.039373" lon="-122.856529"/>
      <trkpt lat="42.039696" lon="-122.856535"/>
      <trkpt lat="42.040068" lon="-122.856567"/>
      <trkpt lat="42.040225" lon="-122.856577"/>
      <trkpt lat="42.040473" lon="-122.856717"/>
      <trkpt lat="42.040728" lon="-122.856899"/>
      <trkpt lat="42.040891" lon="-122.856988"/>
      <trkpt lat="42.041168" lon="-122.857039"/>
      <trkpt lat="42.041423" lon="-122.857165"/>
      <trkpt lat="42.041695" lon="-122.857103"/>
      <trkpt lat="42.041855" lon="-122.857114"/>
      <trkpt lat="42.041971" lon="-122.857189"/>
      <trkpt lat="42.042106" lon="-122.857302"/>
      <trkpt lat="42.042236" lon="-122.857366"/>
      <trkpt lat="42.042466" lon="-122.857406"/>
      <trkpt lat="42.042797" lon="-122.857272"/>
      <trkpt lat="42.043257" lon="-122.857017"/>
      <trkpt lat="42.043664" lon="-122.856781"/>
      <trkpt lat="42.043979" lon="-122.856494"/>
      <trkpt lat="42.044082" lon="-122.856342"/>
      <trkpt lat="42.044213" lon="-122.856207"/>
      <trkpt lat="42.044397" lon="-122.856089"/>
      <trkpt lat="42.044530" lon="-122.855955"/>
      <trkpt lat="42.044690" lon="-122.855776"/>
      <trkpt lat="42.044801" lon="-122.855572"/>
      <trkpt lat="42.044931" lon="-122.855339"/>
      <trkpt lat="42.045184" lon="-122.855078"/>
      <trkpt lat="42.045363" lon="-122.854770"/>
      <trkpt lat="42.045526" lon="-122.854488"/>
      <trkpt lat="42.045654" lon="-122.854325"/>
      <trkpt lat="42.045722" lon="-122.854180"/>
      <trkpt lat="42.045852" lon="-122.853909"/>
      <trkpt lat="42.045968" lon="-122.853619"/>
      <trkpt lat="42.046309" lon="-122.853096"/>
      <trkpt lat="42.046504" lon="-122.852758"/>
      <trkpt lat="42.046685" lon="-122.852562"/>
      <trkpt lat="42.046813" lon="-122.852321"/>
      <trkpt lat="42.047050" lon="-122.852077"/>
      <trkpt lat="42.047285" lon="-122.851790"/>
      <trkpt lat="42.047458" lon="-122.851468"/>
      <trkpt lat="42.047761" lon="-122.851103"/>
      <trkpt lat="42.048229" lon="-122.849733"/>
      <trkpt lat="42.048291" lon="-122.849625"/>
      <trkpt lat="42.048466" lon="-122.849558"/>
      <trkpt lat="42.048727" lon="-122.849210"/>
      <trkpt lat="42.048862" lon="-122.849051"/>
      <trkpt lat="42.048978" lon="-122.848848"/>
      <trkpt lat="42.049119" lon="-122.848544"/>
      <trkpt lat="42.049209" lon="-122.848290"/>
      <trkpt lat="42.049291" lon="-122.848083"/>
      <trkpt lat="42.049344" lon="-122.847694"/>
      <trkpt lat="42.049414" lon="-122.847469"/>
      <trkpt lat="42.049538" lon="-122.847088"/>
      <trkpt lat="42.049655" lon="-122.846887"/>
      <trkpt lat="42.049852" lon="-122.846621"/>
      <trkpt lat="42.049966" lon="-122.846517"/>
      <trkpt lat="42.050147" lon="-122.846377"/>
      <trkpt lat="42.050320" lon="-122.846200"/>
      <trkpt lat="42.050551" lon="-122.846050"/>
      <trkpt lat="42.050818" lon="-122.845956"/>
      <trkpt lat="42.050886" lon="-122.845908"/>
      <trkpt lat="42.051374" lon="-122.845760"/>
      <trkpt lat="42.051545" lon="-122.845715"/>
      <trkpt lat="42.051782" lon="-122.845621"/>
      <trkpt lat="42.052244" lon="-122.845599"/>
      <trkpt lat="42.052406" lon="-122.845562"/>
      <trkpt lat="42.052563" lon="-122.845516"/>
      <trkpt lat="42.052738" lon="-122.845500"/>
      <trkpt lat="42.052874" lon="-122.845503"/>
      <trkpt lat="42.053049" lon="-122.845489"/>
      <trkpt lat="42.053160" lon="-122.845503"/>
      <trkpt lat="42.053390" lon="-122.845508"/>
      <trkpt lat="42.053547" lon="-122.845506"/>
      <trkpt lat="42.053666" lon="-122.845506"/>
      <trkpt lat="42.054071" lon="-122.845398"/>
      <trkpt lat="42.054459" lon="-122.845272"/>
      <trkpt lat="42.054861" lon="-122.845264"/>
      <trkpt lat="42.055238" lon="-122.845326"/>
      <trkpt lat="42.055518" lon="-122.845369"/>
      <trkpt lat="42.055706" lon="-122.845398"/>
      <trkpt lat="42.055917" lon="-122.845366"/>
      <trkpt lat="42.056172" lon="-122.845269"/>
      <trkpt lat="42.056438" lon="-122.845111"/>
      <trkpt lat="42.056546" lon="-122.845023"/>
      <trkpt lat="42.056686" lon="-122.844915"/>
      <trkpt lat="42.056877" lon="-122.844738"/>
      <trkpt lat="42.057293" lon="-122.844540"/>
      <trkpt lat="42.058135" lon="-122.843990"/>
      <trkpt lat="42.058956" lon="-122.843569"/>
      <trkpt lat="42.059404" lon="-122.843274"/>
      <trkpt lat="42.060103" lon="-122.842858"/>
      <trkpt lat="42.060390" lon="-122.842804"/>
      <trkpt lat="42.060551" lon="-122.842869"/>
      <trkpt lat="42.060738" lon="-122.842829"/>
      <trkpt lat="42.060871" lon="-122.842778"/>
      <trkpt lat="42.060955" lon="-122.842791"/>
      <trkpt lat="42.061156" lon="-122.842705"/>
      <trkpt lat="42.061246" lon="-122.842689"/>
      <trkpt lat="42.061381" lon="-122.842560"/>
      <trkpt lat="42.061465" lon="-122.842362"/>
      <trkpt lat="42.061479" lon="-122.842011"/>
      <trkpt lat="42.061461" lon="-122.841544"/>
      <trkpt lat="42.061415" lon="-122.841276"/>
      <trkpt lat="42.061431" lon="-122.841050"/>
      <trkpt lat="42.061439" lon="-122.840943"/>
      <trkpt lat="42.061425" lon="-122.840881"/>
      <trkpt lat="42.061367" lon="-122.840916"/>
      <trkpt lat="42.061274" lon="-122.840981"/>
      <trkpt lat="42.061110" lon="-122.841147"/>
      <trkpt lat="42.060975" lon="-122.841182"/>
      <trkpt lat="42.060949" lon="-122.841066"/>
      <trkpt lat="42.060973" lon="-122.840742"/>
      <trkpt lat="42.060983" lon="-122.840227"/>
      <trkpt lat="42.060832" lon="-122.840031"/>
      <trkpt lat="42.060716" lon="-122.839945"/>
      <trkpt lat="42.060503" lon="-122.840028"/>
      <trkpt lat="42.060362" lon="-122.840039"/>
      <trkpt lat="42.060228" lon="-122.839918"/>
      <trkpt lat="42.060165" lon="-122.839688"/>
      <trkpt lat="42.060091" lon="-122.839626"/>
      <trkpt lat="42.059973" lon="-122.839411"/>
      <trkpt lat="42.059977" lon="-122.839275"/>
      <trkpt lat="42.059906" lon="-122.839130"/>
      <trkpt lat="42.059828" lon="-122.839033"/>
      <trkpt lat="42.059740" lon="-122.838870"/>
      <trkpt lat="42.059663" lon="-122.838800"/>
      <trkpt lat="42.059430" lon="-122.838677"/>
      <trkpt lat="42.059255" lon="-122.838516"/>
      <trkpt lat="42.058998" lon="-122.838392"/>
      <trkpt lat="42.058536" lon="-122.838363"/>
      <trkpt lat="42.058384" lon="-122.838419"/>
      <trkpt lat="42.058020" lon="-122.838628"/>
      <trkpt lat="42.057739" lon="-122.838733"/>
      <trkpt lat="42.056960" lon="-122.839135"/>
      <trkpt lat="42.056903" lon="-122.839149"/>
      <trkpt lat="42.056723" lon="-122.839143"/>
      <trkpt lat="42.056492" lon="-122.839175"/>
      <trkpt lat="42.056381" lon="-122.839173"/>
      <trkpt lat="42.056204" lon="-122.839108"/>
      <trkpt lat="42.056012" lon="-122.839057"/>
      <trkpt lat="42.055393" lon="-122.838703"/>
      <trkpt lat="42.054705" lon="-122.838658"/>
      <trkpt lat="42.054439" lon="-122.838795"/>
      <trkpt lat="42.054077" lon="-122.838929"/>
      <trkpt lat="42.053786" lon="-122.838929"/>
      <trkpt lat="42.053569" lon="-122.838779"/>
      <trkpt lat="42.053278" lon="-122.838623"/>
      <trkpt lat="42.053081" lon="-122.838365"/>
      <trkpt lat="42.053009" lon="-122.838172"/>
      <trkpt lat="42.052943" lon="-122.837816"/>
      <trkpt lat="42.052937" lon="-122.837588"/>
      <trkpt lat="42.052933" lon="-122.837196"/>
      <trkpt lat="42.053041" lon="-122.836912"/>
      <trkpt lat="42.053041" lon="-122.836654"/>
      <trkpt lat="42.053001" lon="-122.836418"/>
      <trkpt lat="42.052929" lon="-122.836236"/>
      <trkpt lat="42.052900" lon="-122.836094"/>
      <trkpt lat="42.052822" lon="-122.835946"/>
      <trkpt lat="42.052782" lon="-122.835823"/>
      <trkpt lat="42.052786" lon="-122.835592"/>
      <trkpt lat="42.052826" lon="-122.835356"/>
      <trkpt lat="42.052830" lon="-122.835230"/>
      <trkpt lat="42.052753" lon="-122.835055"/>
      <trkpt lat="42.052737" lon="-122.834880"/>
      <trkpt lat="42.052623" lon="-122.834637"/>
      <trkpt lat="42.052467" lon="-122.834364"/>
      <trkpt lat="42.052461" lon="-122.834082"/>
      <trkpt lat="42.052408" lon="-122.833883"/>
      <trkpt lat="42.052380" lon="-122.833513"/>
      <trkpt lat="42.052332" lon="-122.833237"/>
      <trkpt lat="42.052264" lon="-122.831907"/>
      <trkpt lat="42.052294" lon="-122.831622"/>
      <trkpt lat="42.052467" lon="-122.831317"/>
      <trkpt lat="42.052479" lon="-122.831150"/>
      <trkpt lat="42.052473" lon="-122.830976"/>
      <trkpt lat="42.052424" lon="-122.830668"/>
      <trkpt lat="42.052457" lon="-122.830439"/>
      <trkpt lat="42.052445" lon="-122.830281"/>
      <trkpt lat="42.052461" lon="-122.830102"/>
      <trkpt lat="42.052547" lon="-122.829887"/>
      <trkpt lat="42.052571" lon="-122.829734"/>
      <trkpt lat="42.052607" lon="-122.829471"/>
      <trkpt lat="42.052563" lon="-122.829305"/>
      <trkpt lat="42.052463" lon="-122.829177"/>
      <trkpt lat="42.052280" lon="-122.828919"/>
      <trkpt lat="42.052077" lon="-122.828849"/>
      <trkpt lat="42.051812" lon="-122.828583"/>
      <trkpt lat="42.051738" lon="-122.828372"/>
      <trkpt lat="42.051820" lon="-122.828152"/>
      <trkpt lat="42.051852" lon="-122.827795"/>
      <trkpt lat="42.051972" lon="-122.827425"/>
      <trkpt lat="42.052111" lon="-122.827159"/>
      <trkpt lat="42.052372" lon="-122.827106"/>
      <trkpt lat="42.052479" lon="-122.826988"/>
      <trkpt lat="42.052607" lon="-122.826676"/>
      <trkpt lat="42.052746" lon="-122.826617"/>
      <trkpt lat="42.052878" lon="-122.826580"/>
      <trkpt lat="42.053037" lon="-122.826424"/>
      <trkpt lat="42.053117" lon="-122.826296"/>
      <trkpt lat="42.053220" lon="-122.825915"/>
      <trkpt lat="42.053411" lon="-122.825652"/>
      <trkpt lat="42.053553" lon="-122.825370"/>
      <trkpt lat="42.053696" lon="-122.825223"/>
      <trkpt lat="42.053911" lon="-122.825105"/>
      <trkpt lat="42.054148" lon="-122.824815"/>
      <trkpt lat="42.054355" lon="-122.824622"/>
      <trkpt lat="42.054400" lon="-122.824536"/>
      <trkpt lat="42.054475" lon="-122.824391"/>
      <trkpt lat="42.054529" lon="-122.824201"/>
      <trkpt lat="42.054640" lon="-122.824056"/>
      <trkpt lat="42.054730" lon="-122.823860"/>
      <trkpt lat="42.054724" lon="-122.823624"/>
      <trkpt lat="42.054545" lon="-122.823334"/>
      <trkpt lat="42.054196" lon="-122.822962"/>
      <trkpt lat="42.054007" lon="-122.822793"/>
      <trkpt lat="42.053925" lon="-122.822672"/>
      <trkpt lat="42.053780" lon="-122.822420"/>
      <trkpt lat="42.053698" lon="-122.822310"/>
      <trkpt lat="42.053650" lon="-122.822178"/>
      <trkpt lat="42.053670" lon="-122.822041"/>
      <trkpt lat="42.053790" lon="-122.821714"/>
      <trkpt lat="42.053798" lon="-122.821505"/>
      <trkpt lat="42.053735" lon="-122.821355"/>
      <trkpt lat="42.053615" lon="-122.821231"/>
      <trkpt lat="42.053372" lon="-122.821167"/>
      <trkpt lat="42.053153" lon="-122.820969"/>
      <trkpt lat="42.053091" lon="-122.820826"/>
      <trkpt lat="42.053023" lon="-122.820132"/>
      <trkpt lat="42.052957" lon="-122.819756"/>
      <trkpt lat="42.052960" lon="-122.819493"/>
      <trkpt lat="42.052951" lon="-122.819204"/>
      <trkpt lat="42.052993" lon="-122.819096"/>
      <trkpt lat="42.053170" lon="-122.818874"/>
      <trkpt lat="42.053238" lon="-122.818708"/>
      <trkpt lat="42.053258" lon="-122.818616"/>
      <trkpt lat="42.053312" lon="-122.818512"/>
      <trkpt lat="42.053379" lon="-122.818404"/>
      <trkpt lat="42.053551" lon="-122.818155"/>
      <trkpt lat="42.053682" lon="-122.817986"/>
      <trkpt lat="42.053728" lon="-122.817865"/>
      <trkpt lat="42.053860" lon="-122.817659"/>
      <trkpt lat="42.054136" lon="-122.817332"/>
      <trkpt lat="42.054341" lon="-122.817095"/>
      <trkpt lat="42.054578" lon="-122.816833"/>
      <trkpt lat="42.054742" lon="-122.816597"/>
      <trkpt lat="42.054766" lon="-122.816492"/>
      <trkpt lat="42.054780" lon="-122.816259"/>
      <trkpt lat="42.054754" lon="-122.816012"/>
      <trkpt lat="42.054698" lon="-122.815846"/>
      <trkpt lat="42.054604" lon="-122.815663"/>
      <trkpt lat="42.054497" lon="-122.815473"/>
      <trkpt lat="42.054407" lon="-122.815406"/>
      <trkpt lat="42.054316" lon="-122.815360"/>
      <trkpt lat="42.054226" lon="-122.815320"/>
      <trkpt lat="42.054093" lon="-122.815261"/>
      <trkpt lat="42.053928" lon="-122.815147"/>
      <trkpt lat="42.053805" lon="-122.815056"/>
      <trkpt lat="42.053680" lon="-122.814903"/>
      <trkpt lat="42.053617" lon="-122.814857"/>
      <trkpt lat="42.053546" lon="-122.814843"/>
      <trkpt lat="42.053374" lon="-122.814711"/>
      <trkpt lat="42.053236" lon="-122.814531"/>
      <trkpt lat="42.053178" lon="-122.814440"/>
      <trkpt lat="42.053133" lon="-122.814295"/>
      <trkpt lat="42.053105" lon="-122.814142"/>
      <trkpt lat="42.053037" lon="-122.813981"/>
      <trkpt lat="42.052975" lon="-122.813694"/>
      <trkpt lat="42.052860" lon="-122.813426"/>
      <trkpt lat="42.052835" lon="-122.813236"/>
      <trkpt lat="42.052854" lon="-122.812955"/>
      <trkpt lat="42.052886" lon="-122.812685"/>
      <trkpt lat="42.052905" lon="-122.812417"/>
      <trkpt lat="42.052862" lon="-122.812104"/>
      <trkpt lat="42.052802" lon="-122.811967"/>
      <trkpt lat="42.052774" lon="-122.811852"/>
      <trkpt lat="42.052776" lon="-122.811769"/>
      <trkpt lat="42.052802" lon="-122.811699"/>
      <trkpt lat="42.052863" lon="-122.811598"/>
      <trkpt lat="42.052888" lon="-122.811481"/>
      <trkpt lat="42.052914" lon="-122.811251"/>
      <trkpt lat="42.053076" lon="-122.810891"/>
      <trkpt lat="42.053101" lon="-122.810680"/>
      <trkpt lat="42.053087" lon="-122.810516"/>
      <trkpt lat="42.053062" lon="-122.810300"/>
      <trkpt lat="42.052870" lon="-122.809864"/>
      <trkpt lat="42.052750" lon="-122.809642"/>
      <trkpt lat="42.052428" lon="-122.809129"/>
      <trkpt lat="42.052308" lon="-122.808982"/>
      <trkpt lat="42.052206" lon="-122.808856"/>
      <trkpt lat="42.051955" lon="-122.808754"/>
      <trkpt lat="42.051864" lon="-122.808697"/>
      <trkpt lat="42.051806" lon="-122.808631"/>
      <trkpt lat="42.051740" lon="-122.808518"/>
      <trkpt lat="42.051539" lon="-122.808094"/>
      <trkpt lat="42.051448" lon="-122.807979"/>
      <trkpt lat="42.051292" lon="-122.807888"/>
      <trkpt lat="42.051169" lon="-122.807815"/>
      <trkpt lat="42.050952" lon="-122.807563"/>
      <trkpt lat="42.050836" lon="-122.807485"/>
      <trkpt lat="42.050701" lon="-122.807517"/>
      <trkpt lat="42.050596" lon="-122.807557"/>
      <trkpt lat="42.050531" lon="-122.807617"/>
      <trkpt lat="42.050384" lon="-122.807659"/>
      <trkpt lat="42.050344" lon="-122.807613"/>
      <trkpt lat="42.050353" lon="-122.807447"/>
      <trkpt lat="42.050389" lon="-122.807161"/>
      <trkpt lat="42.050496" lon="-122.806824"/>
      <trkpt lat="42.050607" lon="-122.806631"/>
      <trkpt lat="42.050643" lon="-122.806520"/>
      <trkpt lat="42.050645" lon="-122.806478"/>
      <trkpt lat="42.050638" lon="-122.806440"/>
      <trkpt lat="42.050583" lon="-122.806326"/>
      <trkpt lat="42.050528" lon="-122.806313"/>
    </trkseg>
    <trkseg>
      <trkpt lat="42.050528" lon="-122.806313"/>
      <trkpt lat="42.050461" lon="-122.806285"/>
      <trkpt lat="42.050388" lon="-122.806163"/>
      <trkpt lat="42.050310" lon="-122.806002"/>
      <trkpt lat="42.050251" lon="-122.805951"/>
      <trkpt lat="42.050026" lon="-122.805688"/>
      <trkpt lat="42.049912" lon="-122.805520"/>
      <trkpt lat="42.049882" lon="-122.805327"/>
      <trkpt lat="42.049938" lon="-122.804913"/>
      <trkpt lat="42.050093" lon="-122.804398"/>
      <trkpt lat="42.050112" lon="-122.804153"/>
      <trkpt lat="42.050091" lon="-122.803950"/>
      <trkpt lat="42.050050" lon="-122.803786"/>
      <trkpt lat="42.050020" lon="-122.803639"/>
      <trkpt lat="42.049962" lon="-122.803491"/>
      <trkpt lat="42.049862" lon="-122.803328"/>
      <trkpt lat="42.049564" lon="-122.802889"/>
      <trkpt lat="42.049291" lon="-122.802523"/>
      <trkpt lat="42.049143" lon="-122.802198"/>
      <trkpt lat="42.049078" lon="-122.801949"/>
      <trkpt lat="42.048967" lon="-122.801700"/>
      <trkpt lat="42.048926" lon="-122.801458"/>
      <trkpt lat="42.048906" lon="-122.801276"/>
      <trkpt lat="42.048850" lon="-122.801153"/>
      <trkpt lat="42.048805" lon="-122.800941"/>
      <trkpt lat="42.048718" lon="-122.800681"/>
      <trkpt lat="42.048689" lon="-122.800579"/>
      <trkpt lat="42.048612" lon="-122.800452"/>
      <trkpt lat="42.048492" lon="-122.800337"/>
      <trkpt lat="42.048227" lon="-122.800289"/>
      <trkpt lat="42.048125" lon="-122.800171"/>
      <trkpt lat="42.047755" lon="-122.799715"/>
      <trkpt lat="42.047588" lon="-122.799591"/>
      <trkpt lat="42.047460" lon="-122.799425"/>
      <trkpt lat="42.047237" lon="-122.799264"/>
      <trkpt lat="42.047106" lon="-122.799087"/>
      <trkpt lat="42.046942" lon="-122.798985"/>
      <trkpt lat="42.046811" lon="-122.798937"/>
      <trkpt lat="42.046632" lon="-122.798926"/>
      <trkpt lat="42.046505" lon="-122.798906"/>
      <trkpt lat="42.046451" lon="-122.798869"/>
      <trkpt lat="42.046420" lon="-122.798795"/>
      <trkpt lat="42.046441" lon="-122.798682"/>
      <trkpt lat="42.046476" lon="-122.798454"/>
      <trkpt lat="42.046544" lon="-122.798253"/>
      <trkpt lat="42.046632" lon="-122.798224"/>
      <trkpt lat="42.046741" lon="-122.798156"/>
      <trkpt lat="42.046823" lon="-122.798063"/>
      <trkpt lat="42.047094" lon="-122.797698"/>
      <trkpt lat="42.047142" lon="-122.797515"/>
      <trkpt lat="42.047109" lon="-122.797339"/>
      <trkpt lat="42.047083" lon="-122.797148"/>
      <trkpt lat="42.047157" lon="-122.796995"/>
      <trkpt lat="42.047237" lon="-122.796928"/>
      <trkpt lat="42.047373" lon="-122.796856"/>
      <trkpt lat="42.047572" lon="-122.796834"/>
      <trkpt lat="42.047763" lon="-122.796856"/>
      <trkpt lat="42.048133" lon="-122.796507"/>
      <trkpt lat="42.048225" lon="-122.796308"/>
      <trkpt lat="42.048249" lon="-122.795992"/>
      <trkpt lat="42.048325" lon="-122.795718"/>
      <trkpt lat="42.048297" lon="-122.795456"/>
      <trkpt lat="42.048078" lon="-122.794753"/>
      <trkpt lat="42.048094" lon="-122.794474"/>
      <trkpt lat="42.048042" lon="-122.793932"/>
      <trkpt lat="42.048042" lon="-122.793616"/>
      <trkpt lat="42.048181" lon="-122.793218"/>
      <trkpt lat="42.048297" lon="-122.793063"/>
      <trkpt lat="42.048424" lon="-122.792848"/>
      <trkpt lat="42.048568" lon="-122.792752"/>
      <trkpt lat="42.049018" lon="-122.792602"/>
      <trkpt lat="42.049305" lon="-122.792408"/>
      <trkpt lat="42.049842" lon="-122.792387"/>
      <trkpt lat="42.050237" lon="-122.792339"/>
      <trkpt lat="42.050440" lon="-122.792376"/>
      <trkpt lat="42.050703" lon="-122.792537"/>
      <trkpt lat="42.050954" lon="-122.792532"/>
      <trkpt lat="42.051193" lon="-122.792419"/>
      <trkpt lat="42.051607" lon="-122.792108"/>
      <trkpt lat="42.051914" lon="-122.791969"/>
      <trkpt lat="42.052157" lon="-122.791974"/>
      <trkpt lat="42.052364" lon="-122.792135"/>
      <trkpt lat="42.052447" lon="-122.792360"/>
      <trkpt lat="42.052467" lon="-122.792586"/>
      <trkpt lat="42.052447" lon="-122.792913"/>
      <trkpt lat="42.052487" lon="-122.793117"/>
      <trkpt lat="42.052599" lon="-122.793208"/>
      <trkpt lat="42.052806" lon="-122.793267"/>
      <trkpt lat="42.052973" lon="-122.793599"/>
      <trkpt lat="42.053117" lon="-122.794055"/>
      <trkpt lat="42.053200" lon="-122.794710"/>
      <trkpt lat="42.053228" lon="-122.795294"/>
      <trkpt lat="42.053332" lon="-122.795434"/>
      <trkpt lat="42.053613" lon="-122.795609"/>
      <trkpt lat="42.053875" lon="-122.795857"/>
      <trkpt lat="42.054118" lon="-122.795963"/>
      <trkpt lat="42.054318" lon="-122.795955"/>
      <trkpt lat="42.054499" lon="-122.795880"/>
      <trkpt lat="42.054683" lon="-122.795763"/>
      <trkpt lat="42.054821" lon="-122.795638"/>
      <trkpt lat="42.054973" lon="-122.795643"/>
      <trkpt lat="42.055236" lon="-122.795505"/>
      <trkpt lat="42.055485" lon="-122.795460"/>
      <trkpt lat="42.055843" lon="-122.795480"/>
      <trkpt lat="42.056173" lon="-122.795463"/>
      <trkpt lat="42.056302" lon="-122.795417"/>
      <trkpt lat="42.056692" lon="-122.795067"/>
      <trkpt lat="42.056915" lon="-122.794966"/>
      <trkpt lat="42.057265" lon="-122.794961"/>
      <trkpt lat="42.057546" lon="-122.794919"/>
      <trkpt lat="42.057681" lon="-122.794865"/>
      <trkpt lat="42.057960" lon="-122.794629"/>
      <trkpt lat="42.058180" lon="-122.794397"/>
      <trkpt lat="42.058173" lon="-122.794235"/>
      <trkpt lat="42.058063" lon="-122.793872"/>
      <trkpt lat="42.058052" lon="-122.793143"/>
      <trkpt lat="42.058135" lon="-122.792672"/>
      <trkpt lat="42.058288" lon="-122.792195"/>
      <trkpt lat="42.058403" lon="-122.791964"/>
      <trkpt lat="42.058540" lon="-122.791777"/>
      <trkpt lat="42.058757" lon="-122.791566"/>
      <trkpt lat="42.058975" lon="-122.791410"/>
      <trkpt lat="42.059022" lon="-122.791340"/>
      <trkpt lat="42.059102" lon="-122.790987"/>
      <trkpt lat="42.059113" lon="-122.790629"/>
      <trkpt lat="42.059322" lon="-122.790177"/>
      <trkpt lat="42.059490" lon="-122.789940"/>
      <trkpt lat="42.060042" lon="-122.789468"/>
      <trkpt lat="42.060580" lon="-122.788854"/>
      <trkpt lat="42.060706" lon="-122.788177"/>
      <trkpt lat="42.060736" lon="-122.787952"/>
      <trkpt lat="42.060729" lon="-122.787722"/>
      <trkpt lat="42.060674" lon="-122.787428"/>
      <trkpt lat="42.060778" lon="-122.786415"/>
      <trkpt lat="42.061104" lon="-122.785599"/>
      <trkpt lat="42.061107" lon="-122.785236"/>
      <trkpt lat="42.061147" lon="-122.784856"/>
      <trkpt lat="42.061377" lon="-122.784222"/>
      <trkpt lat="42.061406" lon="-122.783695"/>
      <trkpt lat="42.061463" lon="-122.783327"/>
      <trkpt lat="42.061533" lon="-122.782704"/>
      <trkpt lat="42.061501" lon="-122.782420"/>
      <trkpt lat="42.061545" lon="-122.782335"/>
      <trkpt lat="42.061613" lon="-122.782105"/>
      <trkpt lat="42.061559" lon="-122.782025"/>
      <trkpt lat="42.061447" lon="-122.781910"/>
      <trkpt lat="42.061297" lon="-122.781746"/>
      <trkpt lat="42.061183" lon="-122.781518"/>
      <trkpt lat="42.061074" lon="-122.781205"/>
      <trkpt lat="42.060912" lon="-122.780820"/>
      <trkpt lat="42.060862" lon="-122.780439"/>
      <trkpt lat="42.060917" lon="-122.780242"/>
      <trkpt lat="42.061032" lon="-122.780172"/>
      <trkpt lat="42.061204" lon="-122.780130"/>
      <trkpt lat="42.061377" lon="-122.780162"/>
      <trkpt lat="42.061584" lon="-122.780283"/>
      <trkpt lat="42.061709" lon="-122.780253"/>
      <trkpt lat="42.062244" lon="-122.779934"/>
      <trkpt lat="42.062521" lon="-122.779513"/>
      <trkpt lat="42.062666" lon="-122.779440"/>
      <trkpt lat="42.062806" lon="-122.779075"/>
      <trkpt lat="42.063077" lon="-122.778833"/>
      <trkpt lat="42.063492" lon="-122.778611"/>
      <trkpt lat="42.063789" lon="-122.778585"/>
      <trkpt lat="42.064058" lon="-122.778692"/>
      <trkpt lat="42.064317" lon="-122.778670"/>
      <trkpt lat="42.064408" lon="-122.778578"/>
      <trkpt lat="42.064716" lon="-122.777994"/>
      <trkpt lat="42.064815" lon="-122.777623"/>
      <trkpt lat="42.064917" lon="-122.777445"/>
      <trkpt lat="42.064938" lon="-122.777286"/>
      <trkpt lat="42.064926" lon="-122.777023"/>
      <trkpt lat="42.065009" lon="-122.776626"/>
      <trkpt lat="42.065161" lon="-122.776090"/>
      <trkpt lat="42.065304" lon="-122.775682"/>
      <trkpt lat="42.065651" lon="-122.774996"/>
      <trkpt lat="42.066180" lon="-122.774261"/>
      <trkpt lat="42.066466" lon="-122.773684"/>
      <trkpt lat="42.066671" lon="-122.773208"/>
      <trkpt lat="42.066777" lon="-122.772893"/>
      <trkpt lat="42.066850" lon="-122.772571"/>
      <trkpt lat="42.067149" lon="-122.771719"/>
      <trkpt lat="42.067317" lon="-122.771193"/>
      <trkpt lat="42.067416" lon="-122.770904"/>
      <trkpt lat="42.067471" lon="-122.770640"/>
      <trkpt lat="42.067627" lon="-122.770168"/>
      <trkpt lat="42.067637" lon="-122.770080"/>
      <trkpt lat="42.067619" lon="-122.770017"/>
      <trkpt lat="42.067445" lon="-122.769573"/>
      <trkpt lat="42.067447" lon="-122.769341"/>
      <trkpt lat="42.067391" lon="-122.769143"/>
      <trkpt lat="42.067407" lon="-122.769020"/>
      <trkpt lat="42.067472" lon="-122.768900"/>
      <trkpt lat="42.067482" lon="-122.768816"/>
      <trkpt lat="42.067442" lon="-122.768723"/>
      <trkpt lat="42.067246" lon="-122.768384"/>
      <trkpt lat="42.066797" lon="-122.767889"/>
      <trkpt lat="42.066479" lon="-122.767342"/>
      <trkpt lat="42.066276" lon="-122.766943"/>
      <trkpt lat="42.066043" lon="-122.766470"/>
      <trkpt lat="42.065682" lon="-122.766117"/>
      <trkpt lat="42.065449" lon="-122.765799"/>
      <trkpt lat="42.065318" lon="-122.765513"/>
      <trkpt lat="42.065298" lon="-122.765088"/>
      <trkpt lat="42.065291" lon="-122.764957"/>
      <trkpt lat="42.065211" lon="-122.764692"/>
      <trkpt lat="42.065219" lon="-122.764588"/>
      <trkpt lat="42.065334" lon="-122.764466"/>
      <trkpt lat="42.065435" lon="-122.764285"/>
      <trkpt lat="42.065671" lon="-122.764206"/>
      <trkpt lat="42.065856" lon="-122.764259"/>
      <trkpt lat="42.066495" lon="-122.764193"/>
      <trkpt lat="42.066751" lon="-122.764103"/>
      <trkpt lat="42.066861" lon="-122.763965"/>
      <trkpt lat="42.066977" lon="-122.763502"/>
      <trkpt lat="42.066993" lon="-122.763264"/>
      <trkpt lat="42.067037" lon="-122.763037"/>
      <trkpt lat="42.067011" lon="-122.762837"/>
      <trkpt lat="42.067034" lon="-122.762684"/>
      <trkpt lat="42.067287" lon="-122.762265"/>
      <trkpt lat="42.067530" lon="-122.761980"/>
      <trkpt lat="42.067528" lon="-122.761866"/>
      <trkpt lat="42.067578" lon="-122.761652"/>
      <trkpt lat="42.067699" lon="-122.761304"/>
      <trkpt lat="42.067835" lon="-122.761107"/>
      <trkpt lat="42.067882" lon="-122.761028"/>
      <trkpt lat="42.067967" lon="-122.760648"/>
      <trkpt lat="42.068056" lon="-122.760406"/>
      <trkpt lat="42.068169" lon="-122.760288"/>
      <trkpt lat="42.068189" lon="-122.760242"/>
      <trkpt lat="42.068186" lon="-122.760189"/>
    </trkseg>
    <trkseg>
      <trkpt lat="42.068186" lon="-122.760189"/>
      <trkpt lat="42.068179" lon="-122.760131"/>
      <trkpt lat="42.068068" lon="-122.759677"/>
      <trkpt lat="42.068000" lon="-122.759475"/>
      <trkpt lat="42.067988" lon="-122.759287"/>
      <trkpt lat="42.068092" lon="-122.759117"/>
      <trkpt lat="42.068182" lon="-122.759040"/>
      <trkpt lat="42.068329" lon="-122.758994"/>
      <trkpt lat="42.068512" lon="-122.758972"/>
      <trkpt lat="42.068665" lon="-122.758835"/>
      <trkpt lat="42.068843" lon="-122.758557"/>
      <trkpt lat="42.068980" lon="-122.758127"/>
      <trkpt lat="42.069024" lon="-122.757888"/>
      <trkpt lat="42.069052" lon="-122.757615"/>
      <trkpt lat="42.069226" lon="-122.757246"/>
      <trkpt lat="42.069500" lon="-122.756751"/>
      <trkpt lat="42.069760" lon="-122.755835"/>
      <trkpt lat="42.069910" lon="-122.755435"/>
      <trkpt lat="42.069987" lon="-122.755292"/>
      <trkpt lat="42.070071" lon="-122.755206"/>
      <trkpt lat="42.070210" lon="-122.755153"/>
      <trkpt lat="42.070330" lon="-122.755142"/>
      <trkpt lat="42.070792" lon="-122.755245"/>
      <trkpt lat="42.071290" lon="-122.755158"/>
      <trkpt lat="42.071618" lon="-122.755017"/>
      <trkpt lat="42.072379" lon="-122.754486"/>
      <trkpt lat="42.072615" lon="-122.754210"/>
      <trkpt lat="42.073139" lon="-122.753268"/>
      <trkpt lat="42.073367" lon="-122.752965"/>
      <trkpt lat="42.073782" lon="-122.752578"/>
      <trkpt lat="42.073937" lon="-122.752460"/>
      <trkpt lat="42.074097" lon="-122.752288"/>
      <trkpt lat="42.074240" lon="-122.752127"/>
      <trkpt lat="42.074405" lon="-122.752007"/>
      <trkpt lat="42.074718" lon="-122.751515"/>
      <trkpt lat="42.074794" lon="-122.751473"/>
      <trkpt lat="42.075190" lon="-122.751073"/>
      <trkpt lat="42.075299" lon="-122.750858"/>
      <trkpt lat="42.075295" lon="-122.750630"/>
      <trkpt lat="42.075347" lon="-122.750494"/>
      <trkpt lat="42.075327" lon="-122.750405"/>
      <trkpt lat="42.075359" lon="-122.750229"/>
      <trkpt lat="42.075526" lon="-122.749839"/>
      <trkpt lat="42.075600" lon="-122.749617"/>
      <trkpt lat="42.075593" lon="-122.749407"/>
      <trkpt lat="42.075371" lon="-122.749016"/>
      <trkpt lat="42.075182" lon="-122.748543"/>
      <trkpt lat="42.075091" lon="-122.748429"/>
      <trkpt lat="42.074941" lon="-122.748420"/>
      <trkpt lat="42.074580" lon="-122.748210"/>
      <trkpt lat="42.074168" lon="-122.747838"/>
      <trkpt lat="42.074082" lon="-122.747695"/>
      <trkpt lat="42.073980" lon="-122.747538"/>
      <trkpt lat="42.073902" lon="-122.747358"/>
      <trkpt lat="42.073902" lon="-122.747240"/>
      <trkpt lat="42.073842" lon="-122.747149"/>
      <trkpt lat="42.073770" lon="-122.746873"/>
      <trkpt lat="42.073806" lon="-122.746693"/>
      <trkpt lat="42.073736" lon="-122.746583"/>
      <trkpt lat="42.073659" lon="-122.746553"/>
      <trkpt lat="42.073597" lon="-122.746493"/>
      <trkpt lat="42.073304" lon="-122.746419"/>
      <trkpt lat="42.073239" lon="-122.746374"/>
      <trkpt lat="42.073020" lon="-122.746381"/>
      <trkpt lat="42.072852" lon="-122.746260"/>
      <trkpt lat="42.072719" lon="-122.746081"/>
      <trkpt lat="42.072675" lon="-122.745982"/>
      <trkpt lat="42.072699" lon="-122.745950"/>
      <trkpt lat="42.072752" lon="-122.745987"/>
      <trkpt lat="42.072910" lon="-122.746020"/>
      <trkpt lat="42.073177" lon="-122.745926"/>
      <trkpt lat="42.073376" lon="-122.745910"/>
      <trkpt lat="42.073558" lon="-122.745860"/>
      <trkpt lat="42.073703" lon="-122.745744"/>
      <trkpt lat="42.073851" lon="-122.745610"/>
      <trkpt lat="42.073974" lon="-122.745392"/>
      <trkpt lat="42.074130" lon="-122.744818"/>
      <trkpt lat="42.074244" lon="-122.744660"/>
      <trkpt lat="42.074379" lon="-122.744520"/>
      <trkpt lat="42.074533" lon="-122.744480"/>
      <trkpt lat="42.074774" lon="-122.744434"/>
      <trkpt lat="42.075049" lon="-122.744451"/>
      <trkpt lat="42.075330" lon="-122.744505"/>
      <trkpt lat="42.075604" lon="-122.744529"/>
      <trkpt lat="42.076032" lon="-122.744719"/>
      <trkpt lat="42.076295" lon="-122.744740"/>
      <trkpt lat="42.076634" lon="-122.744863"/>
      <trkpt lat="42.076819" lon="-122.744842"/>
      <trkpt lat="42.077026" lon="-122.744742"/>
      <trkpt lat="42.077199" lon="-122.744609"/>
      <trkpt lat="42.077343" lon="-122.744428"/>
      <trkpt lat="42.077501" lon="-122.744091"/>
      <trkpt lat="42.077809" lon="-122.743846"/>
      <trkpt lat="42.077863" lon="-122.743775"/>
      <trkpt lat="42.077875" lon="-122.743667"/>
      <trkpt lat="42.077887" lon="-122.743474"/>
      <trkpt lat="42.077915" lon="-122.743211"/>
      <trkpt lat="42.077967" lon="-122.742476"/>
      <trkpt lat="42.078019" lon="-122.742058"/>
      <trkpt lat="42.078063" lon="-122.741768"/>
      <trkpt lat="42.078117" lon="-122.741617"/>
      <trkpt lat="42.078214" lon="-122.741446"/>
      <trkpt lat="42.078524" lon="-122.741108"/>
      <trkpt lat="42.078724" lon="-122.740867"/>
      <trkpt lat="42.078835" lon="-122.740771"/>
      <trkpt lat="42.079025" lon="-122.740442"/>
      <trkpt lat="42.079142" lon="-122.740335"/>
      <trkpt lat="42.079266" lon="-122.740333"/>
      <trkpt lat="42.079412" lon="-122.740406"/>
      <trkpt lat="42.079623" lon="-122.740484"/>
      <trkpt lat="42.079729" lon="-122.740588"/>
      <trkpt lat="42.079828" lon="-122.740599"/>
      <trkpt lat="42.079926" lon="-122.740529"/>
      <trkpt lat="42.080045" lon="-122.740537"/>
      <trkpt lat="42.080151" lon="-122.740567"/>
      <trkpt lat="42.080264" lon="-122.740551"/>
      <trkpt lat="42.080340" lon="-122.740485"/>
      <trkpt lat="42.080428" lon="-122.740376"/>
      <trkpt lat="42.080557" lon="-122.740301"/>
      <trkpt lat="42.080792" lon="-122.740119"/>
      <trkpt lat="42.080897" lon="-122.740009"/>
      <trkpt lat="42.081200" lon="-122.739842"/>
      <trkpt lat="42.081379" lon="-122.739639"/>
      <trkpt lat="42.081532" lon="-122.739451"/>
      <trkpt lat="42.081558" lon="-122.739377"/>
      <trkpt lat="42.081596" lon="-122.739203"/>
      <trkpt lat="42.081590" lon="-122.738936"/>
      <trkpt lat="42.081538" lon="-122.738668"/>
      <trkpt lat="42.081451" lon="-122.738448"/>
      <trkpt lat="42.081367" lon="-122.738260"/>
      <trkpt lat="42.081326" lon="-122.738093"/>
      <trkpt lat="42.081270" lon="-122.737676"/>
      <trkpt lat="42.081058" lon="-122.737225"/>
      <trkpt lat="42.080806" lon="-122.736538"/>
      <trkpt lat="42.080788" lon="-122.736286"/>
      <trkpt lat="42.080818" lon="-122.736055"/>
      <trkpt lat="42.080850" lon="-122.735846"/>
      <trkpt lat="42.080905" lon="-122.735490"/>
      <trkpt lat="42.081034" lon="-122.735141"/>
      <trkpt lat="42.081120" lon="-122.735031"/>
      <trkpt lat="42.081272" lon="-122.734848"/>
      <trkpt lat="42.081491" lon="-122.734371"/>
      <trkpt lat="42.081534" lon="-122.734113"/>
      <trkpt lat="42.081527" lon="-122.733952"/>
      <trkpt lat="42.081466" lon="-122.733593"/>
      <trkpt lat="42.081507" lon="-122.733416"/>
      <trkpt lat="42.081574" lon="-122.733228"/>
      <trkpt lat="42.081745" lon="-122.732971"/>
      <trkpt lat="42.081901" lon="-122.732879"/>
      <trkpt lat="42.082064" lon="-122.732794"/>
      <trkpt lat="42.082223" lon="-122.732681"/>
      <trkpt lat="42.082493" lon="-122.732383"/>
      <trkpt lat="42.082660" lon="-122.732000"/>
      <trkpt lat="42.082843" lon="-122.731412"/>
      <trkpt lat="42.082856" lon="-122.731297"/>
      <trkpt lat="42.082829" lon="-122.731179"/>
      <trkpt lat="42.082589" lon="-122.730991"/>
      <trkpt lat="42.082388" lon="-122.730812"/>
      <trkpt lat="42.082148" lon="-122.730449"/>
      <trkpt lat="42.082037" lon="-122.730365"/>
      <trkpt lat="42.081849" lon="-122.730305"/>
      <trkpt lat="42.081793" lon="-122.730272"/>
      <trkpt lat="42.081741" lon="-122.730299"/>
      <trkpt lat="42.081674" lon="-122.730390"/>
      <trkpt lat="42.081602" lon="-122.730444"/>
      <trkpt lat="42.081503" lon="-122.730473"/>
      <trkpt lat="42.081220" lon="-122.730423"/>
      <trkpt lat="42.081068" lon="-122.730285"/>
      <trkpt lat="42.080925" lon="-122.730128"/>
      <trkpt lat="42.080854" lon="-122.729961"/>
      <trkpt lat="42.080798" lon="-122.729773"/>
      <trkpt lat="42.080738" lon="-122.729505"/>
      <trkpt lat="42.080710" lon="-122.729302"/>
      <trkpt lat="42.080650" lon="-122.728948"/>
      <trkpt lat="42.080500" lon="-122.728463"/>
      <trkpt lat="42.080293" lon="-122.728193"/>
      <trkpt lat="42.080010" lon="-122.727977"/>
      <trkpt lat="42.079996" lon="-122.727957"/>
      <trkpt lat="42.079791" lon="-122.727714"/>
      <trkpt lat="42.079643" lon="-122.727638"/>
      <trkpt lat="42.079315" lon="-122.727420"/>
      <trkpt lat="42.078919" lon="-122.727288"/>
      <trkpt lat="42.078739" lon="-122.727311"/>
      <trkpt lat="42.078446" lon="-122.727429"/>
      <trkpt lat="42.078266" lon="-122.727435"/>
      <trkpt lat="42.077979" lon="-122.727499"/>
      <trkpt lat="42.077788" lon="-122.727537"/>
      <trkpt lat="42.077104" lon="-122.727690"/>
      <trkpt lat="42.076817" lon="-122.727648"/>
      <trkpt lat="42.076227" lon="-122.727400"/>
      <trkpt lat="42.075783" lon="-122.727075"/>
      <trkpt lat="42.075542" lon="-122.726797"/>
      <trkpt lat="42.075315" lon="-122.726613"/>
      <trkpt lat="42.074972" lon="-122.726199"/>
      <trkpt lat="42.074710" lon="-122.725713"/>
      <trkpt lat="42.074509" lon="-122.725426"/>
      <trkpt lat="42.074420" lon="-122.725192"/>
      <trkpt lat="42.074316" lon="-122.724854"/>
      <trkpt lat="42.074316" lon="-122.724683"/>
      <trkpt lat="42.074511" lon="-122.724511"/>
      <trkpt lat="42.074696" lon="-122.724265"/>
      <trkpt lat="42.074872" lon="-122.723933"/>
      <trkpt lat="42.075044" lon="-122.723622"/>
      <trkpt lat="42.075143" lon="-122.723328"/>
      <trkpt lat="42.075200" lon="-122.723119"/>
      <trkpt lat="42.075189" lon="-122.722868"/>
      <trkpt lat="42.075150" lon="-122.722425"/>
      <trkpt lat="42.075200" lon="-122.722117"/>
      <trkpt lat="42.075257" lon="-122.721827"/>
      <trkpt lat="42.075249" lon="-122.721496"/>
      <trkpt lat="42.075167" lon="-122.721230"/>
      <trkpt lat="42.075137" lon="-122.721126"/>
      <trkpt lat="42.075025" lon="-122.720879"/>
      <trkpt lat="42.075006" lon="-122.720728"/>
      <trkpt lat="42.075026" lon="-122.720611"/>
      <trkpt lat="42.074778" lon="-122.720300"/>
      <trkpt lat="42.074666" lon="-122.720056"/>
      <trkpt lat="42.074545" lon="-122.719881"/>
      <trkpt lat="42.074511" lon="-122.719511"/>
      <trkpt lat="42.074570" lon="-122.719260"/>
      <trkpt lat="42.074702" lon="-122.719002"/>
      <trkpt lat="42.074861" lon="-122.718834"/>
      <trkpt lat="42.074860" lon="-122.718702"/>
      <trkpt lat="42.074700" lon="-122.718524"/>
      <trkpt lat="42.074594" lon="-122.718151"/>
      <trkpt lat="42.074582" lon="-122.717875"/>
      <trkpt lat="42.074606" lon="-122.717493"/>
      <trkpt lat="42.074601" lon="-122.717080"/>
      <trkpt lat="42.074544" lon="-122.716902"/>
      <trkpt lat="42.074411" lon="-122.716825"/>
      <trkpt lat="42.074188" lon="-122.716793"/>
      <trkpt lat="42.073929" lon="-122.716781"/>
      <trkpt lat="42.073790" lon="-122.716695"/>
      <trkpt lat="42.073705" lon="-122.716488"/>
      <trkpt lat="42.073440" lon="-122.716006"/>
      <trkpt lat="42.073220" lon="-122.715573"/>
      <trkpt lat="42.073102" lon="-122.715346"/>
      <trkpt lat="42.073070" lon="-122.715168"/>
      <trkpt lat="42.073042" lon="-122.714990"/>
      <trkpt lat="42.072988" lon="-122.714863"/>
      <trkpt lat="42.072867" lon="-122.714710"/>
      <trkpt lat="42.072753" lon="-122.714506"/>
      <trkpt lat="42.072514" lon="-122.714359"/>
      <trkpt lat="42.072369" lon="-122.714125"/>
      <trkpt lat="42.072309" lon="-122.713903"/>
      <trkpt lat="42.072287" lon="-122.713447"/>
      <trkpt lat="42.072331" lon="-122.713163"/>
      <trkpt lat="42.072499" lon="-122.712627"/>
      <trkpt lat="42.072613" lon="-122.712371"/>
      <trkpt lat="42.072761" lon="-122.712342"/>
      <trkpt lat="42.072882" lon="-122.712243"/>
      <trkpt lat="42.073101" lon="-122.712203"/>
      <trkpt lat="42.073340" lon="-122.712127"/>
      <trkpt lat="42.073493" lon="-122.711993"/>
      <trkpt lat="42.073687" lon="-122.711980"/>
      <trkpt lat="42.073824" lon="-122.711790"/>
      <trkpt lat="42.073951" lon="-122.711553"/>
      <trkpt lat="42.073929" lon="-122.711301"/>
      <trkpt lat="42.073991" lon="-122.711089"/>
      <trkpt lat="42.074095" lon="-122.710687"/>
      <trkpt lat="42.074206" lon="-122.710459"/>
      <trkpt lat="42.074315" lon="-122.710341"/>
      <trkpt lat="42.074595" lon="-122.710242"/>
      <trkpt lat="42.074764" lon="-122.710124"/>
      <trkpt lat="42.074877" lon="-122.709979"/>
      <trkpt lat="42.074953" lon="-122.709778"/>
      <trkpt lat="42.075150" lon="-122.709453"/>
      <trkpt lat="42.075259" lon="-122.709222"/>
      <trkpt lat="42.075337" lon="-122.709043"/>
      <trkpt lat="42.075337" lon="-122.708757"/>
      <trkpt lat="42.075373" lon="-122.708611"/>
      <trkpt lat="42.075353" lon="-122.708471"/>
      <trkpt lat="42.075243" lon="-122.708163"/>
      <trkpt lat="42.075138" lon="-122.707863"/>
      <trkpt lat="42.075082" lon="-122.707774"/>
      <trkpt lat="42.075082" lon="-122.707589"/>
      <trkpt lat="42.075140" lon="-122.707315"/>
      <trkpt lat="42.075263" lon="-122.707109"/>
      <trkpt lat="42.075325" lon="-122.707130"/>
      <trkpt lat="42.075405" lon="-122.707203"/>
      <trkpt lat="42.075502" lon="-122.707187"/>
      <trkpt lat="42.075624" lon="-122.707087"/>
      <trkpt lat="42.075918" lon="-122.706951"/>
      <trkpt lat="42.076195" lon="-122.706768"/>
      <trkpt lat="42.076366" lon="-122.706602"/>
      <trkpt lat="42.076657" lon="-122.706433"/>
      <trkpt lat="42.076866" lon="-122.706371"/>
      <trkpt lat="42.077143" lon="-122.706180"/>
      <trkpt lat="42.077442" lon="-122.705912"/>
      <trkpt lat="42.077692" lon="-122.705545"/>
      <trkpt lat="42.078025" lon="-122.705213"/>
      <trkpt lat="42.078172" lon="-122.705135"/>
      <trkpt lat="42.078317" lon="-122.705116"/>
      <trkpt lat="42.078467" lon="-122.705215"/>
      <trkpt lat="42.078580" lon="-122.705188"/>
      <trkpt lat="42.078646" lon="-122.705062"/>
      <trkpt lat="42.078700" lon="-122.704901"/>
      <trkpt lat="42.078801" lon="-122.704707"/>
      <trkpt lat="42.078759" lon="-122.704539"/>
      <trkpt lat="42.078787" lon="-122.704370"/>
      <trkpt lat="42.078724" lon="-122.704097"/>
      <trkpt lat="42.078733" lon="-122.703914"/>
      <trkpt lat="42.078694" lon="-122.703791"/>
      <trkpt lat="42.078538" lon="-122.703638"/>
      <trkpt lat="42.078487" lon="-122.703474"/>
      <trkpt lat="42.078433" lon="-122.703405"/>
      <trkpt lat="42.078363" lon="-122.703421"/>
      <trkpt lat="42.078208" lon="-122.703515"/>
      <trkpt lat="42.078069" lon="-122.703558"/>
      <trkpt lat="42.077629" lon="-122.703570"/>
      <trkpt lat="42.077378" lon="-122.703500"/>
      <trkpt lat="42.077063" lon="-122.703297"/>
      <trkpt lat="42.076466" lon="-122.702879"/>
      <trkpt lat="42.076127" lon="-122.702413"/>
      <trkpt lat="42.076038" lon="-122.702308"/>
      <trkpt lat="42.075811" lon="-122.702048"/>
      <trkpt lat="42.075562" lon="-122.701809"/>
      <trkpt lat="42.075317" lon="-122.701691"/>
      <trkpt lat="42.075194" lon="-122.701592"/>
      <trkpt lat="42.074913" lon="-122.701262"/>
      <trkpt lat="42.074726" lon="-122.700865"/>
      <trkpt lat="42.074513" lon="-122.700433"/>
      <trkpt lat="42.074262" lon="-122.699877"/>
      <trkpt lat="42.074147" lon="-122.699488"/>
      <trkpt lat="42.074023" lon="-122.699306"/>
      <trkpt lat="42.073991" lon="-122.699113"/>
      <trkpt lat="42.073856" lon="-122.698794"/>
      <trkpt lat="42.073834" lon="-122.698496"/>
      <trkpt lat="42.073709" lon="-122.698330"/>
      <trkpt lat="42.073633" lon="-122.698062"/>
      <trkpt lat="42.073493" lon="-122.697845"/>
      <trkpt lat="42.073416" lon="-122.697705"/>
      <trkpt lat="42.073279" lon="-122.697543"/>
      <trkpt lat="42.073278" lon="-122.697443"/>
      <trkpt lat="42.073318" lon="-122.697333"/>
      <trkpt lat="42.073363" lon="-122.697267"/>
      <trkpt lat="42.073451" lon="-122.697205"/>
      <trkpt lat="42.073499" lon="-122.697155"/>
      <trkpt lat="42.073518" lon="-122.697052"/>
      <trkpt lat="42.073461" lon="-122.696953"/>
      <trkpt lat="42.073307" lon="-122.696812"/>
      <trkpt lat="42.073020" lon="-122.696355"/>
      <trkpt lat="42.072872" lon="-122.696251"/>
      <trkpt lat="42.072731" lon="-122.696160"/>
      <trkpt lat="42.072657" lon="-122.696037"/>
      <trkpt lat="42.072594" lon="-122.695758"/>
      <trkpt lat="42.072306" lon="-122.694899"/>
      <trkpt lat="42.072221" lon="-122.694639"/>
      <trkpt lat="42.072253" lon="-122.694372"/>
      <trkpt lat="42.072258" lon="-122.694210"/>
      <trkpt lat="42.072189" lon="-122.693892"/>
      <trkpt lat="42.072012" lon="-122.693429"/>
      <trkpt lat="42.072012" lon="-122.693276"/>
      <trkpt lat="42.072058" lon="-122.692989"/>
      <trkpt lat="42.072008" lon="-122.692749"/>
      <trkpt lat="42.071956" lon="-122.692263"/>
      <trkpt lat="42.071945" lon="-122.691952"/>
      <trkpt lat="42.072024" lon="-122.691743"/>
      <trkpt lat="42.072056" lon="-122.691497"/>
      <trkpt lat="42.072065" lon="-122.691250"/>
    </trkseg>
    <trkseg>
      <trkpt lat="42.072065" lon="-122.691250"/>
      <trkpt lat="42.072036" lon="-122.691067"/>
      <trkpt lat="42.072046" lon="-122.690895"/>
      <trkpt lat="42.072151" lon="-122.690761"/>
      <trkpt lat="42.072233" lon="-122.690713"/>
      <trkpt lat="42.072399" lon="-122.690545"/>
      <trkpt lat="42.072621" lon="-122.690273"/>
      <trkpt lat="42.072755" lon="-122.690177"/>
      <trkpt lat="42.072968" lon="-122.689852"/>
      <trkpt lat="42.073099" lon="-122.689607"/>
      <trkpt lat="42.073165" lon="-122.689228"/>
      <trkpt lat="42.073197" lon="-122.688870"/>
      <trkpt lat="42.073175" lon="-122.688492"/>
      <trkpt lat="42.072936" lon="-122.688223"/>
      <trkpt lat="42.072715" lon="-122.688092"/>
      <trkpt lat="42.072494" lon="-122.688012"/>
      <trkpt lat="42.072201" lon="-122.688063"/>
      <trkpt lat="42.071793" lon="-122.688337"/>
      <trkpt lat="42.071555" lon="-122.688364"/>
      <trkpt lat="42.071293" lon="-122.688335"/>
      <trkpt lat="42.071130" lon="-122.688210"/>
      <trkpt lat="42.070982" lon="-122.688176"/>
      <trkpt lat="42.070818" lon="-122.688171"/>
      <trkpt lat="42.070591" lon="-122.688253"/>
      <trkpt lat="42.070463" lon="-122.688130"/>
      <trkpt lat="42.070298" lon="-122.687864"/>
      <trkpt lat="42.070183" lon="-122.687470"/>
      <trkpt lat="42.070149" lon="-122.687081"/>
      <trkpt lat="42.070150" lon="-122.686767"/>
      <trkpt lat="42.070044" lon="-122.686612"/>
      <trkpt lat="42.069772" lon="-122.686214"/>
      <trkpt lat="42.069757" lon="-122.685947"/>
      <trkpt lat="42.069685" lon="-122.685762"/>
      <trkpt lat="42.069679" lon="-122.685588"/>
      <trkpt lat="42.069758" lon="-122.685016"/>
      <trkpt lat="42.069760" lon="-122.684849"/>
      <trkpt lat="42.069666" lon="-122.684474"/>
      <trkpt lat="42.069679" lon="-122.683894"/>
      <trkpt lat="42.069629" lon="-122.683567"/>
      <trkpt lat="42.069390" lon="-122.683076"/>
      <trkpt lat="42.069193" lon="-122.682623"/>
      <trkpt lat="42.069083" lon="-122.682244"/>
      <trkpt lat="42.068964" lon="-122.681974"/>
      <trkpt lat="42.068920" lon="-122.681703"/>
      <trkpt lat="42.068945" lon="-122.681505"/>
      <trkpt lat="42.068907" lon="-122.681270"/>
      <trkpt lat="42.068921" lon="-122.681000"/>
      <trkpt lat="42.068852" lon="-122.680552"/>
      <trkpt lat="42.068875" lon="-122.680230"/>
      <trkpt lat="42.068933" lon="-122.680078"/>
      <trkpt lat="42.068959" lon="-122.679908"/>
      <trkpt lat="42.069074" lon="-122.679657"/>
      <trkpt lat="42.069227" lon="-122.679454"/>
    </trkseg>
    <trkseg>
      <trkpt lat="42.069227" lon="-122.679454"/>
      <trkpt lat="42.069366" lon="-122.679238"/>
      <trkpt lat="42.069396" lon="-122.679104"/>
      <trkpt lat="42.069398" lon="-122.678632"/>
      <trkpt lat="42.069386" lon="-122.678205"/>
      <trkpt lat="42.069360" lon="-122.677698"/>
      <trkpt lat="42.069288" lon="-122.677273"/>
      <trkpt lat="42.069093" lon="-122.676744"/>
      <trkpt lat="42.069087" lon="-122.676516"/>
      <trkpt lat="42.068971" lon="-122.676307"/>
      <trkpt lat="42.068653" lon="-122.676041"/>
      <trkpt lat="42.068390" lon="-122.675623"/>
      <trkpt lat="42.068171" lon="-122.675335"/>
      <trkpt lat="42.068120" lon="-122.675097"/>
      <trkpt lat="42.068052" lon="-122.674882"/>
      <trkpt lat="42.068078" lon="-122.674195"/>
      <trkpt lat="42.068173" lon="-122.673758"/>
      <trkpt lat="42.068171" lon="-122.673447"/>
      <trkpt lat="42.068251" lon="-122.673168"/>
      <trkpt lat="42.068343" lon="-122.673021"/>
      <trkpt lat="42.068438" lon="-122.672913"/>
      <trkpt lat="42.068422" lon="-122.672852"/>
      <trkpt lat="42.068289" lon="-122.672838"/>
      <trkpt lat="42.068169" lon="-122.672880"/>
      <trkpt lat="42.067990" lon="-122.672983"/>
      <trkpt lat="42.067872" lon="-122.673070"/>
      <trkpt lat="42.067849" lon="-122.673105"/>
      <trkpt lat="42.067822" lon="-122.673064"/>
      <trkpt lat="42.067891" lon="-122.672860"/>
      <trkpt lat="42.067923" lon="-122.672597"/>
      <trkpt lat="42.067907" lon="-122.672409"/>
      <trkpt lat="42.067829" lon="-122.672208"/>
      <trkpt lat="42.067781" lon="-122.672126"/>
      <trkpt lat="42.067747" lon="-122.672082"/>
      <trkpt lat="42.067721" lon="-122.671961"/>
      <trkpt lat="42.067747" lon="-122.671889"/>
      <trkpt lat="42.067783" lon="-122.671808"/>
      <trkpt lat="42.067787" lon="-122.671645"/>
      <trkpt lat="42.067514" lon="-122.671304"/>
      <trkpt lat="42.067383" lon="-122.671067"/>
      <trkpt lat="42.067204" lon="-122.670848"/>
      <trkpt lat="42.067090" lon="-122.670754"/>
      <trkpt lat="42.067017" lon="-122.670561"/>
      <trkpt lat="42.066957" lon="-122.670462"/>
      <trkpt lat="42.066867" lon="-122.670424"/>
      <trkpt lat="42.066717" lon="-122.670246"/>
      <trkpt lat="42.066546" lon="-122.670141"/>
      <trkpt lat="42.066223" lon="-122.669873"/>
      <trkpt lat="42.066138" lon="-122.669797"/>
      <trkpt lat="42.065985" lon="-122.669574"/>
      <trkpt lat="42.065931" lon="-122.669384"/>
      <trkpt lat="42.065821" lon="-122.669216"/>
      <trkpt lat="42.065717" lon="-122.669080"/>
      <trkpt lat="42.065581" lon="-122.668867"/>
      <trkpt lat="42.065236" lon="-122.668379"/>
      <trkpt lat="42.065103" lon="-122.668032"/>
      <trkpt lat="42.065085" lon="-122.667798"/>
      <trkpt lat="42.065118" lon="-122.667626"/>
      <trkpt lat="42.065185" lon="-122.667412"/>
      <trkpt lat="42.065284" lon="-122.667201"/>
      <trkpt lat="42.065355" lon="-122.666996"/>
      <trkpt lat="42.065445" lon="-122.666698"/>
      <trkpt lat="42.065507" lon="-122.666492"/>
      <trkpt lat="42.065593" lon="-122.666288"/>
      <trkpt lat="42.065583" lon="-122.666135"/>
      <trkpt lat="42.065537" lon="-122.665966"/>
      <trkpt lat="42.065535" lon="-122.665669"/>
      <trkpt lat="42.065515" lon="-122.665470"/>
      <trkpt lat="42.065531" lon="-122.665202"/>
      <trkpt lat="42.065500" lon="-122.664977"/>
      <trkpt lat="42.065549" lon="-122.664776"/>
      <trkpt lat="42.065559" lon="-122.664577"/>
      <trkpt lat="42.065680" lon="-122.664505"/>
      <trkpt lat="42.065768" lon="-122.664432"/>
      <trkpt lat="42.065883" lon="-122.664389"/>
      <trkpt lat="42.066234" lon="-122.664368"/>
      <trkpt lat="42.066423" lon="-122.664263"/>
      <trkpt lat="42.066656" lon="-122.664089"/>
      <trkpt lat="42.067028" lon="-122.664032"/>
      <trkpt lat="42.067196" lon="-122.663949"/>
      <trkpt lat="42.067421" lon="-122.663890"/>
      <trkpt lat="42.067526" lon="-122.663810"/>
      <trkpt lat="42.067753" lon="-122.663756"/>
      <trkpt lat="42.067880" lon="-122.663676"/>
      <trkpt lat="42.068409" lon="-122.663258"/>
      <trkpt lat="42.068596" lon="-122.663006"/>
      <trkpt lat="42.068798" lon="-122.662782"/>
      <trkpt lat="42.068825" lon="-122.662757"/>
      <trkpt lat="42.069023" lon="-122.662473"/>
      <trkpt lat="42.069101" lon="-122.662176"/>
      <trkpt lat="42.069166" lon="-122.661985"/>
      <trkpt lat="42.069215" lon="-122.661517"/>
      <trkpt lat="42.069322" lon="-122.661404"/>
      <trkpt lat="42.069350" lon="-122.661310"/>
      <trkpt lat="42.069337" lon="-122.661113"/>
      <trkpt lat="42.069265" lon="-122.660682"/>
      <trkpt lat="42.069269" lon="-122.660440"/>
      <trkpt lat="42.069286" lon="-122.660251"/>
      <trkpt lat="42.069366" lon="-122.659816"/>
      <trkpt lat="42.069408" lon="-122.659500"/>
      <trkpt lat="42.069507" lon="-122.659199"/>
      <trkpt lat="42.069567" lon="-122.658969"/>
      <trkpt lat="42.069660" lon="-122.658800"/>
      <trkpt lat="42.069969" lon="-122.658556"/>
      <trkpt lat="42.070206" lon="-122.658507"/>
      <trkpt lat="42.070314" lon="-122.658456"/>
      <trkpt lat="42.070389" lon="-122.658320"/>
      <trkpt lat="42.070541" lon="-122.658118"/>
      <trkpt lat="42.070593" lon="-122.657915"/>
      <trkpt lat="42.070646" lon="-122.657804"/>
      <trkpt lat="42.070716" lon="-122.657724"/>
      <trkpt lat="42.070788" lon="-122.657593"/>
      <trkpt lat="42.070955" lon="-122.657397"/>
      <trkpt lat="42.071206" lon="-122.657040"/>
      <trkpt lat="42.071233" lon="-122.656823"/>
      <trkpt lat="42.071215" lon="-122.656600"/>
      <trkpt lat="42.071153" lon="-122.656248"/>
      <trkpt lat="42.071062" lon="-122.656050"/>
      <trkpt lat="42.071018" lon="-122.655847"/>
      <trkpt lat="42.071030" lon="-122.655464"/>
      <trkpt lat="42.071086" lon="-122.655300"/>
      <trkpt lat="42.071238" lon="-122.655139"/>
      <trkpt lat="42.071329" lon="-122.655012"/>
      <trkpt lat="42.071413" lon="-122.654771"/>
      <trkpt lat="42.071570" lon="-122.654471"/>
      <trkpt lat="42.071785" lon="-122.654288"/>
      <trkpt lat="42.072297" lon="-122.654237"/>
      <trkpt lat="42.072426" lon="-122.654157"/>
      <trkpt lat="42.072590" lon="-122.653897"/>
      <trkpt lat="42.072747" lon="-122.653534"/>
      <trkpt lat="42.072825" lon="-122.653277"/>
      <trkpt lat="42.072996" lon="-122.652923"/>
      <trkpt lat="42.073165" lon="-122.652730"/>
      <trkpt lat="42.073332" lon="-122.652612"/>
      <trkpt lat="42.073566" lon="-122.652402"/>
      <trkpt lat="42.073650" lon="-122.652300"/>
      <trkpt lat="42.074234" lon="-122.652281"/>
      <trkpt lat="42.074431" lon="-122.652255"/>
      <trkpt lat="42.074636" lon="-122.652169"/>
      <trkpt lat="42.074821" lon="-122.652145"/>
      <trkpt lat="42.074909" lon="-122.652089"/>
      <trkpt lat="42.075372" lon="-122.651947"/>
      <trkpt lat="42.075474" lon="-122.651949"/>
      <trkpt lat="42.075546" lon="-122.651992"/>
      <trkpt lat="42.075612" lon="-122.652081"/>
      <trkpt lat="42.075717" lon="-122.652150"/>
      <trkpt lat="42.075847" lon="-122.652295"/>
      <trkpt lat="42.075920" lon="-122.652303"/>
      <trkpt lat="42.075910" lon="-122.652196"/>
      <trkpt lat="42.075851" lon="-122.652030"/>
      <trkpt lat="42.075835" lon="-122.651908"/>
      <trkpt lat="42.075871" lon="-122.651794"/>
      <trkpt lat="42.075970" lon="-122.651662"/>
      <trkpt lat="42.076006" lon="-122.651555"/>
      <trkpt lat="42.076010" lon="-122.651450"/>
      <trkpt lat="42.076002" lon="-122.651158"/>
      <trkpt lat="42.075952" lon="-122.650917"/>
      <trkpt lat="42.075948" lon="-122.650501"/>
      <trkpt lat="42.076022" lon="-122.650324"/>
      <trkpt lat="42.076032" lon="-122.650125"/>
      <trkpt lat="42.075975" lon="-122.649839"/>
      <trkpt lat="42.076098" lon="-122.649415"/>
      <trkpt lat="42.076227" lon="-122.649154"/>
      <trkpt lat="42.076235" lon="-122.649020"/>
      <trkpt lat="42.076183" lon="-122.648867"/>
      <trkpt lat="42.076044" lon="-122.648723"/>
      <trkpt lat="42.076016" lon="-122.648588"/>
      <trkpt lat="42.076123" lon="-122.648230"/>
      <trkpt lat="42.076110" lon="-122.648017"/>
      <trkpt lat="42.076157" lon="-122.647687"/>
      <trkpt lat="42.076271" lon="-122.647440"/>
      <trkpt lat="42.076392" lon="-122.647306"/>
      <trkpt lat="42.076432" lon="-122.647234"/>
      <trkpt lat="42.076388" lon="-122.647097"/>
      <trkpt lat="42.076251" lon="-122.646931"/>
      <trkpt lat="42.076187" lon="-122.646770"/>
      <trkpt lat="42.076172" lon="-122.646622"/>
      <trkpt lat="42.076141" lon="-122.646486"/>
      <trkpt lat="42.076277" lon="-122.646274"/>
      <trkpt lat="42.076269" lon="-122.646046"/>
      <trkpt lat="42.076311" lon="-122.645882"/>
      <trkpt lat="42.076287" lon="-122.645750"/>
      <trkpt lat="42.076215" lon="-122.645592"/>
      <trkpt lat="42.076044" lon="-122.645477"/>
      <trkpt lat="42.075954" lon="-122.645340"/>
      <trkpt lat="42.075842" lon="-122.644997"/>
      <trkpt lat="42.075644" lon="-122.644626"/>
      <trkpt lat="42.075451" lon="-122.644415"/>
      <trkpt lat="42.075226" lon="-122.644104"/>
      <trkpt lat="42.075080" lon="-122.643736"/>
      <trkpt lat="42.075035" lon="-122.643640"/>
      <trkpt lat="42.075021" lon="-122.643554"/>
      <trkpt lat="42.075216" lon="-122.643310"/>
      <trkpt lat="42.075287" lon="-122.643160"/>
      <trkpt lat="42.075367" lon="-122.643036"/>
      <trkpt lat="42.075454" lon="-122.642953"/>
      <trkpt lat="42.075568" lon="-122.642889"/>
      <trkpt lat="42.075638" lon="-122.642763"/>
      <trkpt lat="42.075632" lon="-122.642653"/>
      <trkpt lat="42.075532" lon="-122.642465"/>
      <trkpt lat="42.075514" lon="-122.642342"/>
      <trkpt lat="42.075393" lon="-122.642020"/>
      <trkpt lat="42.075385" lon="-122.641915"/>
      <trkpt lat="42.075200" lon="-122.641454"/>
      <trkpt lat="42.075164" lon="-122.641309"/>
      <trkpt lat="42.075148" lon="-122.641156"/>
      <trkpt lat="42.075001" lon="-122.640810"/>
      <trkpt lat="42.074909" lon="-122.640472"/>
      <trkpt lat="42.074861" lon="-122.640239"/>
      <trkpt lat="42.074883" lon="-122.640038"/>
      <trkpt lat="42.074971" lon="-122.639818"/>
      <trkpt lat="42.075158" lon="-122.639624"/>
      <trkpt lat="42.075606" lon="-122.639397"/>
      <trkpt lat="42.075869" lon="-122.639252"/>
      <trkpt lat="42.076052" lon="-122.639077"/>
      <trkpt lat="42.076289" lon="-122.638927"/>
      <trkpt lat="42.076414" lon="-122.638823"/>
      <trkpt lat="42.076591" lon="-122.638804"/>
      <trkpt lat="42.076644" lon="-122.638697"/>
      <trkpt lat="42.076655" lon="-122.638592"/>
      <trkpt lat="42.076687" lon="-122.638466"/>
      <trkpt lat="42.076656" lon="-122.638267"/>
      <trkpt lat="42.076657" lon="-122.638015"/>
      <trkpt lat="42.076700" lon="-122.637826"/>
      <trkpt lat="42.076854" lon="-122.637433"/>
      <trkpt lat="42.076888" lon="-122.637237"/>
      <trkpt lat="42.076854" lon="-122.637028"/>
      <trkpt lat="42.076854" lon="-122.636736"/>
      <trkpt lat="42.076802" lon="-122.636374"/>
      <trkpt lat="42.076737" lon="-122.636240"/>
      <trkpt lat="42.076561" lon="-122.636130"/>
      <trkpt lat="42.076443" lon="-122.635947"/>
      <trkpt lat="42.076169" lon="-122.635400"/>
      <trkpt lat="42.076052" lon="-122.635126"/>
      <trkpt lat="42.075683" lon="-122.634582"/>
      <trkpt lat="42.075680" lon="-122.634171"/>
      <trkpt lat="42.075733" lon="-122.633946"/>
      <trkpt lat="42.075822" lon="-122.633770"/>
      <trkpt lat="42.076014" lon="-122.633431"/>
      <trkpt lat="42.076233" lon="-122.633262"/>
      <trkpt lat="42.076346" lon="-122.633249"/>
      <trkpt lat="42.076508" lon="-122.633115"/>
      <trkpt lat="42.076748" lon="-122.633010"/>
      <trkpt lat="42.076851" lon="-122.632981"/>
      <trkpt lat="42.076852" lon="-122.632839"/>
      <trkpt lat="42.076860" lon="-122.632678"/>
      <trkpt lat="42.076906" lon="-122.632546"/>
      <trkpt lat="42.077107" lon="-122.632422"/>
      <trkpt lat="42.077151" lon="-122.632388"/>
      <trkpt lat="42.077306" lon="-122.632329"/>
      <trkpt lat="42.077378" lon="-122.632201"/>
      <trkpt lat="42.077353" lon="-122.632078"/>
      <trkpt lat="42.077296" lon="-122.631865"/>
      <trkpt lat="42.077085" lon="-122.631417"/>
      <trkpt lat="42.077027" lon="-122.631074"/>
      <trkpt lat="42.076992" lon="-122.630923"/>
      <trkpt lat="42.077017" lon="-122.630717"/>
      <trkpt lat="42.077142" lon="-122.630517"/>
      <trkpt lat="42.077253" lon="-122.629992"/>
      <trkpt lat="42.077473" lon="-122.629663"/>
      <trkpt lat="42.077565" lon="-122.629464"/>
      <trkpt lat="42.077722" lon="-122.629362"/>
      <trkpt lat="42.077780" lon="-122.629242"/>
      <trkpt lat="42.077774" lon="-122.629164"/>
      <trkpt lat="42.077704" lon="-122.628920"/>
      <trkpt lat="42.077704" lon="-122.628737"/>
      <trkpt lat="42.077623" lon="-122.628601"/>
      <trkpt lat="42.077559" lon="-122.628547"/>
      <trkpt lat="42.077487" lon="-122.628528"/>
      <trkpt lat="42.077354" lon="-122.628378"/>
      <trkpt lat="42.076930" lon="-122.628027"/>
      <trkpt lat="42.076635" lon="-122.627750"/>
      <trkpt lat="42.076508" lon="-122.627558"/>
      <trkpt lat="42.076402" lon="-122.627353"/>
      <trkpt lat="42.076388" lon="-122.627214"/>
      <trkpt lat="42.076315" lon="-122.627050"/>
      <trkpt lat="42.076220" lon="-122.626578"/>
      <trkpt lat="42.076220" lon="-122.626284"/>
      <trkpt lat="42.076273" lon="-122.626053"/>
      <trkpt lat="42.076223" lon="-122.625673"/>
      <trkpt lat="42.076209" lon="-122.625365"/>
      <trkpt lat="42.076275" lon="-122.625090"/>
      <trkpt lat="42.076237" lon="-122.624852"/>
      <trkpt lat="42.076024" lon="-122.624510"/>
      <trkpt lat="42.075990" lon="-122.624296"/>
      <trkpt lat="42.075879" lon="-122.623976"/>
      <trkpt lat="42.075920" lon="-122.623702"/>
      <trkpt lat="42.075822" lon="-122.623467"/>
      <trkpt lat="42.075861" lon="-122.623287"/>
      <trkpt lat="42.075926" lon="-122.623070"/>
      <trkpt lat="42.075950" lon="-122.622922"/>
      <trkpt lat="42.076032" lon="-122.622850"/>
      <trkpt lat="42.076135" lon="-122.622507"/>
      <trkpt lat="42.076273" lon="-122.622314"/>
      <trkpt lat="42.076438" lon="-122.622182"/>
      <trkpt lat="42.076637" lon="-122.621868"/>
      <trkpt lat="42.076826" lon="-122.621662"/>
      <trkpt lat="42.077119" lon="-122.621645"/>
      <trkpt lat="42.077286" lon="-122.621675"/>
      <trkpt lat="42.077392" lon="-122.621651"/>
      <trkpt lat="42.077433" lon="-122.621557"/>
      <trkpt lat="42.077357" lon="-122.621344"/>
      <trkpt lat="42.077328" lon="-122.621029"/>
      <trkpt lat="42.077459" lon="-122.620774"/>
      <trkpt lat="42.077471" lon="-122.620659"/>
      <trkpt lat="42.077437" lon="-122.620484"/>
      <trkpt lat="42.077507" lon="-122.620248"/>
      <trkpt lat="42.077459" lon="-122.620106"/>
      <trkpt lat="42.077362" lon="-122.619953"/>
      <trkpt lat="42.077087" lon="-122.619940"/>
      <trkpt lat="42.076988" lon="-122.619897"/>
      <trkpt lat="42.076777" lon="-122.619722"/>
      <trkpt lat="42.076466" lon="-122.619763"/>
      <trkpt lat="42.076209" lon="-122.619495"/>
      <trkpt lat="42.075779" lon="-122.619489"/>
      <trkpt lat="42.075237" lon="-122.619218"/>
      <trkpt lat="42.074955" lon="-122.619192"/>
      <trkpt lat="42.074752" lon="-122.619157"/>
      <trkpt lat="42.074630" lon="-122.619022"/>
      <trkpt lat="42.074604" lon="-122.618786"/>
      <trkpt lat="42.074639" lon="-122.618578"/>
      <trkpt lat="42.074648" lon="-122.618263"/>
      <trkpt lat="42.074705" lon="-122.618042"/>
      <trkpt lat="42.074765" lon="-122.617909"/>
      <trkpt lat="42.074768" lon="-122.617789"/>
      <trkpt lat="42.074672" lon="-122.617694"/>
      <trkpt lat="42.074513" lon="-122.617585"/>
      <trkpt lat="42.074411" lon="-122.617408"/>
      <trkpt lat="42.074376" lon="-122.617257"/>
      <trkpt lat="42.074389" lon="-122.617016"/>
      <trkpt lat="42.074363" lon="-122.616767"/>
      <trkpt lat="42.074407" lon="-122.616576"/>
      <trkpt lat="42.074401" lon="-122.616375"/>
      <trkpt lat="42.074420" lon="-122.616211"/>
      <trkpt lat="42.074414" lon="-122.616093"/>
      <trkpt lat="42.074421" lon="-122.615798"/>
      <trkpt lat="42.074452" lon="-122.615633"/>
      <trkpt lat="42.074598" lon="-122.615399"/>
      <trkpt lat="42.074625" lon="-122.615309"/>
      <trkpt lat="42.074611" lon="-122.615159"/>
      <trkpt lat="42.074642" lon="-122.615093"/>
      <trkpt lat="42.074662" lon="-122.614967"/>
      <trkpt lat="42.074624" lon="-122.614913"/>
      <trkpt lat="42.074553" lon="-122.615002"/>
      <trkpt lat="42.074447" lon="-122.615082"/>
      <trkpt lat="42.074294" lon="-122.615112"/>
      <trkpt lat="42.074100" lon="-122.615219"/>
      <trkpt lat="42.073954" lon="-122.615365"/>
      <trkpt lat="42.073868" lon="-122.615544"/>
      <trkpt lat="42.073764" lon="-122.615675"/>
      <trkpt lat="42.073696" lon="-122.615750"/>
      <trkpt lat="42.073611" lon="-122.615833"/>
      <trkpt lat="42.073523" lon="-122.615865"/>
      <trkpt lat="42.073497" lon="-122.615785"/>
      <trkpt lat="42.073500" lon="-122.615662"/>
      <trkpt lat="42.073481" lon="-122.615511"/>
      <trkpt lat="42.073555" lon="-122.615195"/>
      <trkpt lat="42.073534" lon="-122.615018"/>
      <trkpt lat="42.073549" lon="-122.614868"/>
      <trkpt lat="42.073517" lon="-122.614747"/>
      <trkpt lat="42.073404" lon="-122.614750"/>
      <trkpt lat="42.073316" lon="-122.614736"/>
      <trkpt lat="42.073205" lon="-122.614696"/>
      <trkpt lat="42.073063" lon="-122.614579"/>
      <trkpt lat="42.072876" lon="-122.614530"/>
      <trkpt lat="42.072774" lon="-122.614272"/>
      <trkpt lat="42.072763" lon="-122.614098"/>
      <trkpt lat="42.072719" lon="-122.613984"/>
      <trkpt lat="42.072669" lon="-122.613733"/>
      <trkpt lat="42.072560" lon="-122.613586"/>
      <trkpt lat="42.072494" lon="-122.613315"/>
      <trkpt lat="42.072357" lon="-122.613103"/>
      <trkpt lat="42.072325" lon="-122.612977"/>
      <trkpt lat="42.072086" lon="-122.612692"/>
      <trkpt lat="42.071913" lon="-122.612451"/>
      <trkpt lat="42.071839" lon="-122.612293"/>
      <trkpt lat="42.071686" lon="-122.612084"/>
      <trkpt lat="42.071632" lon="-122.612057"/>
      <trkpt lat="42.071465" lon="-122.612065"/>
      <trkpt lat="42.071262" lon="-122.611988"/>
      <trkpt lat="42.071103" lon="-122.611881"/>
      <trkpt lat="42.070959" lon="-122.611732"/>
      <trkpt lat="42.070577" lon="-122.611236"/>
      <trkpt lat="42.070461" lon="-122.611172"/>
      <trkpt lat="42.070364" lon="-122.611161"/>
      <trkpt lat="42.070348" lon="-122.611054"/>
      <trkpt lat="42.070397" lon="-122.610957"/>
      <trkpt lat="42.070521" lon="-122.610841"/>
      <trkpt lat="42.070646" lon="-122.610737"/>
      <trkpt lat="42.070845" lon="-122.610624"/>
      <trkpt lat="42.071020" lon="-122.610399"/>
      <trkpt lat="42.071138" lon="-122.610080"/>
      <trkpt lat="42.071220" lon="-122.609831"/>
      <trkpt lat="42.071419" lon="-122.609514"/>
      <trkpt lat="42.071459" lon="-122.609222"/>
      <trkpt lat="42.071454" lon="-122.608791"/>
      <trkpt lat="42.071477" lon="-122.608414"/>
      <trkpt lat="42.071445" lon="-122.608090"/>
      <trkpt lat="42.071385" lon="-122.607897"/>
      <trkpt lat="42.071128" lon="-122.607442"/>
      <trkpt lat="42.071021" lon="-122.607071"/>
      <trkpt lat="42.070942" lon="-122.606619"/>
      <trkpt lat="42.070716" lon="-122.606092"/>
      <trkpt lat="42.070478" lon="-122.605655"/>
      <trkpt lat="42.070391" lon="-122.605530"/>
      <trkpt lat="42.070164" lon="-122.605375"/>
      <trkpt lat="42.069978" lon="-122.605137"/>
      <trkpt lat="42.069776" lon="-122.604966"/>
      <trkpt lat="42.069574" lon="-122.604734"/>
      <trkpt lat="42.069442" lon="-122.604348"/>
      <trkpt lat="42.069303" lon="-122.604082"/>
      <trkpt lat="42.069187" lon="-122.603978"/>
      <trkpt lat="42.069087" lon="-122.603938"/>
      <trkpt lat="42.068972" lon="-122.603817"/>
      <trkpt lat="42.068872" lon="-122.603747"/>
      <trkpt lat="42.068757" lon="-122.603729"/>
      <trkpt lat="42.068658" lon="-122.603778"/>
      <trkpt lat="42.068555" lon="-122.603902"/>
      <trkpt lat="42.068494" lon="-122.603999"/>
      <trkpt lat="42.068430" lon="-122.604021"/>
      <trkpt lat="42.068390" lon="-122.603981"/>
      <trkpt lat="42.068376" lon="-122.603892"/>
      <trkpt lat="42.068382" lon="-122.603809"/>
      <trkpt lat="42.068365" lon="-122.603755"/>
      <trkpt lat="42.068331" lon="-122.603731"/>
      <trkpt lat="42.068185" lon="-122.603837"/>
      <trkpt lat="42.068077" lon="-122.603985"/>
      <trkpt lat="42.067972" lon="-122.604032"/>
      <trkpt lat="42.067847" lon="-122.604010"/>
      <trkpt lat="42.067751" lon="-122.603911"/>
      <trkpt lat="42.067461" lon="-122.603463"/>
      <trkpt lat="42.067355" lon="-122.603295"/>
      <trkpt lat="42.067205" lon="-122.603225"/>
      <trkpt lat="42.067062" lon="-122.603205"/>
      <trkpt lat="42.066941" lon="-122.603321"/>
      <trkpt lat="42.066644" lon="-122.603169"/>
      <trkpt lat="42.066477" lon="-122.603015"/>
      <trkpt lat="42.066410" lon="-122.602920"/>
      <trkpt lat="42.066384" lon="-122.602874"/>
    </trkseg>
  </trk>
</gpx>
