<?xml version="1.0" encoding="UTF-8"?>
<gpx version="1.1" creator="unburnt" xmlns="http://www.topografix.com/GPX/1/1">
  <metadata><name>PCT - California Section F</name><copyright author="OpenStreetMap contributors"><license>https://opendatacommons.org/licenses/odbl/</license></copyright></metadata>
  <trk><name>PCT - California Section F</name>
    <trkseg>
      <trkpt lat="35.099950" lon="-118.292796"/>
      <trkpt lat="35.100059" lon="-118.292787"/>
      <trkpt lat="35.100112" lon="-118.292698"/>
      <trkpt lat="35.100164" lon="-118.292472"/>
      <trkpt lat="35.100231" lon="-118.292138"/>
      <trkpt lat="35.100425" lon="-118.291332"/>
      <trkpt lat="35.100464" lon="-118.290986"/>
      <trkpt lat="35.100601" lon="-118.290233"/>
      <trkpt lat="35.100621" lon="-118.290226"/>
      <trkpt lat="35.100678" lon="-118.290002"/>
      <trkpt lat="35.100713" lon="-118.289749"/>
      <trkpt lat="35.101803" lon="-118.284101"/>
      <trkpt lat="35.102162" lon="-118.282682"/>
      <trkpt lat="35.102465" lon="-118.281407"/>
      <trkpt lat="35.102573" lon="-118.280941"/>
      <trkpt lat="35.102570" lon="-118.280866"/>
      <trkpt lat="35.102629" lon="-118.280660"/>
      <trkpt lat="35.102851" lon="-118.280189"/>
      <trkpt lat="35.103045" lon="-118.279399"/>
      <trkpt lat="35.103059" lon="-118.279023"/>
      <trkpt lat="35.103312" lon="-118.278079"/>
      <trkpt lat="35.103481" lon="-118.277273"/>
      <trkpt lat="35.104191" lon="-118.274726"/>
      <trkpt lat="35.104238" lon="-118.274077"/>
      <trkpt lat="35.104655" lon="-118.272197"/>
      <trkpt lat="35.104778" lon="-118.272137"/>
      <trkpt lat="35.104798" lon="-118.272080"/>
      <trkpt lat="35.104756" lon="-118.271840"/>
      <trkpt lat="35.104785" lon="-118.271523"/>
      <trkpt lat="35.104801" lon="-118.271444"/>
      <trkpt lat="35.104835" lon="-118.271399"/>
      <trkpt lat="35.104874" lon="-118.271378"/>
      <trkpt lat="35.104941" lon="-118.271313"/>
      <trkpt lat="35.104960" lon="-118.271269"/>
      <trkpt lat="35.104961" lon="-118.271224"/>
      <trkpt lat="35.104930" lon="-118.271172"/>
      <trkpt lat="35.104883" lon="-118.271095"/>
      <trkpt lat="35.104844" lon="-118.271068"/>
      <trkpt lat="35.104831" lon="-118.271044"/>
      <trkpt lat="35.104838" lon="-118.270979"/>
      <trkpt lat="35.104873" lon="-118.270897"/>
      <trkpt lat="35.105190" lon="-118.270730"/>
      <trkpt lat="35.105506" lon="-118.270365"/>
      <trkpt lat="35.106710" lon="-118.268515"/>
      <trkpt lat="35.106783" lon="-118.268343"/>
      <trkpt lat="35.107060" lon="-118.267967"/>
      <trkpt lat="35.107293" lon="-118.267527"/>
      <trkpt lat="35.107577" lon="-118.267257"/>
      <trkpt lat="35.107819" lon="-118.266755"/>
      <trkpt lat="35.109113" lon="-118.264832"/>
      <trkpt lat="35.109439" lon="-118.264593"/>
      <trkpt lat="35.110000" lon="-118.264305"/>
      <trkpt lat="35.110017" lon="-118.264263"/>
      <trkpt lat="35.109943" lon="-118.263402"/>
      <trkpt lat="35.109908" lon="-118.263171"/>
      <trkpt lat="35.109825" lon="-118.263193"/>
      <trkpt lat="35.109783" lon="-118.263180"/>
      <trkpt lat="35.109758" lon="-118.262911"/>
      <trkpt lat="35.109768" lon="-118.262774"/>
      <trkpt lat="35.109759" lon="-118.262646"/>
      <trkpt lat="35.109853" lon="-118.262516"/>
      <trkpt lat="35.109904" lon="-118.262370"/>
      <trkpt lat="35.109893" lon="-118.262253"/>
      <trkpt lat="35.109821" lon="-118.262105"/>
      <trkpt lat="35.109834" lon="-118.261942"/>
      <trkpt lat="35.109903" lon="-118.261805"/>
      <trkpt lat="35.109950" lon="-118.261628"/>
      <trkpt lat="35.109776" lon="-118.261322"/>
      <trkpt lat="35.109829" lon="-118.261065"/>
      <trkpt lat="35.109899" lon="-118.260913"/>
      <trkpt lat="35.109803" lon="-118.260779"/>
      <trkpt lat="35.109856" lon="-118.260625"/>
      <trkpt lat="35.109896" lon="-118.260528"/>
      <trkpt lat="35.109996" lon="-118.260482"/>
      <trkpt lat="35.110097" lon="-118.260458"/>
      <trkpt lat="35.110130" lon="-118.260428"/>
      <trkpt lat="35.110295" lon="-118.259961"/>
      <trkpt lat="35.110301" lon="-118.259853"/>
      <trkpt lat="35.110250" lon="-118.259776"/>
      <trkpt lat="35.110319" lon="-118.259582"/>
      <trkpt lat="35.110351" lon="-118.259366"/>
      <trkpt lat="35.110362" lon="-118.259103"/>
      <trkpt lat="35.110392" lon="-118.258830"/>
      <trkpt lat="35.110400" lon="-118.258594"/>
      <trkpt lat="35.110455" lon="-118.258269"/>
      <trkpt lat="35.110448" lon="-118.258100"/>
      <trkpt lat="35.110397" lon="-118.257993"/>
      <trkpt lat="35.110239" lon="-118.258007"/>
      <trkpt lat="35.110132" lon="-118.258006"/>
      <trkpt lat="35.110056" lon="-118.257906"/>
      <trkpt lat="35.110012" lon="-118.257618"/>
      <trkpt lat="35.109952" lon="-118.257525"/>
      <trkpt lat="35.109813" lon="-118.257508"/>
      <trkpt lat="35.109764" lon="-118.257437"/>
      <trkpt lat="35.109789" lon="-118.257340"/>
      <trkpt lat="35.109919" lon="-118.257252"/>
      <trkpt lat="35.109996" lon="-118.257160"/>
      <trkpt lat="35.110061" lon="-118.257171"/>
      <trkpt lat="35.110127" lon="-118.257211"/>
      <trkpt lat="35.110193" lon="-118.257202"/>
      <trkpt lat="35.110259" lon="-118.257048"/>
      <trkpt lat="35.110290" lon="-118.256855"/>
      <trkpt lat="35.110369" lon="-118.256715"/>
      <trkpt lat="35.110378" lon="-118.256583"/>
      <trkpt lat="35.110345" lon="-118.256407"/>
      <trkpt lat="35.110323" lon="-118.256290"/>
      <trkpt lat="35.110417" lon="-118.256270"/>
      <trkpt lat="35.110507" lon="-118.256222"/>
      <trkpt lat="35.110610" lon="-118.256211"/>
      <trkpt lat="35.110685" lon="-118.256227"/>
      <trkpt lat="35.110920" lon="-118.256522"/>
      <trkpt lat="35.110923" lon="-118.256543"/>
      <trkpt lat="35.110758" lon="-118.256467"/>
      <trkpt lat="35.110706" lon="-118.256454"/>
      <trkpt lat="35.110693" lon="-118.256471"/>
      <trkpt lat="35.110923" lon="-118.256658"/>
      <trkpt lat="35.110982" lon="-118.256681"/>
      <trkpt lat="35.111047" lon="-118.256690"/>
      <trkpt lat="35.111084" lon="-118.256709"/>
      <trkpt lat="35.111147" lon="-118.256668"/>
      <trkpt lat="35.111182" lon="-118.256631"/>
      <trkpt lat="35.111325" lon="-118.256604"/>
      <trkpt lat="35.111343" lon="-118.256624"/>
      <trkpt lat="35.111218" lon="-118.256733"/>
      <trkpt lat="35.111165" lon="-118.256772"/>
      <trkpt lat="35.111147" lon="-118.256835"/>
      <trkpt lat="35.110938" lon="-118.256970"/>
      <trkpt lat="35.110942" lon="-118.257017"/>
      <trkpt lat="35.111057" lon="-118.257095"/>
      <trkpt lat="35.111219" lon="-118.257181"/>
      <trkpt lat="35.111328" lon="-118.257299"/>
      <trkpt lat="35.111380" lon="-118.257334"/>
      <trkpt lat="35.111418" lon="-118.257310"/>
      <trkpt lat="35.111434" lon="-118.257237"/>
      <trkpt lat="35.111571" lon="-118.257034"/>
      <trkpt lat="35.111692" lon="-118.256904"/>
      <trkpt lat="35.111760" lon="-118.256856"/>
      <trkpt lat="35.111817" lon="-118.256842"/>
      <trkpt lat="35.111904" lon="-118.256856"/>
      <trkpt lat="35.111985" lon="-118.256896"/>
      <trkpt lat="35.112067" lon="-118.256903"/>
      <trkpt lat="35.112136" lon="-118.256847"/>
      <trkpt lat="35.112246" lon="-118.256628"/>
      <trkpt lat="35.112295" lon="-118.256573"/>
      <trkpt lat="35.112357" lon="-118.256563"/>
      <trkpt lat="35.112505" lon="-118.256538"/>
      <trkpt lat="35.112567" lon="-118.256511"/>
      <trkpt lat="35.112580" lon="-118.256442"/>
      <trkpt lat="35.112616" lon="-118.256395"/>
      <trkpt lat="35.112735" lon="-118.256348"/>
      <trkpt lat="35.112808" lon="-118.256306"/>
      <trkpt lat="35.112838" lon="-118.256232"/>
      <trkpt lat="35.112855" lon="-118.256166"/>
      <trkpt lat="35.112892" lon="-118.256143"/>
      <trkpt lat="35.112992" lon="-118.256155"/>
      <trkpt lat="35.113140" lon="-118.256222"/>
      <trkpt lat="35.113255" lon="-118.256237"/>
      <trkpt lat="35.113305" lon="-118.256248"/>
      <trkpt lat="35.113355" lon="-118.256233"/>
      <trkpt lat="35.113394" lon="-118.256153"/>
      <trkpt lat="35.113430" lon="-118.256098"/>
      <trkpt lat="35.113483" lon="-118.256099"/>
      <trkpt lat="35.113518" lon="-118.256116"/>
      <trkpt lat="35.113723" lon="-118.256143"/>
      <trkpt lat="35.113794" lon="-118.256150"/>
      <trkpt lat="35.113832" lon="-118.256191"/>
      <trkpt lat="35.113915" lon="-118.256360"/>
      <trkpt lat="35.113977" lon="-118.256432"/>
      <trkpt lat="35.114010" lon="-118.256533"/>
      <trkpt lat="35.113990" lon="-118.256958"/>
      <trkpt lat="35.114001" lon="-118.257061"/>
      <trkpt lat="35.114026" lon="-118.257182"/>
      <trkpt lat="35.114036" lon="-118.257365"/>
      <trkpt lat="35.114050" lon="-118.257459"/>
      <trkpt lat="35.114086" lon="-118.257544"/>
      <trkpt lat="35.114137" lon="-118.257655"/>
      <trkpt lat="35.114117" lon="-118.257713"/>
      <trkpt lat="35.114083" lon="-118.257748"/>
      <trkpt lat="35.113846" lon="-118.257951"/>
      <trkpt lat="35.113739" lon="-118.258056"/>
      <trkpt lat="35.113601" lon="-118.258156"/>
      <trkpt lat="35.113468" lon="-118.258336"/>
      <trkpt lat="35.113432" lon="-118.258406"/>
      <trkpt lat="35.113417" lon="-118.258459"/>
      <trkpt lat="35.113493" lon="-118.258785"/>
      <trkpt lat="35.113684" lon="-118.259288"/>
      <trkpt lat="35.113734" lon="-118.259438"/>
      <trkpt lat="35.113773" lon="-118.259592"/>
      <trkpt lat="35.113810" lon="-118.259780"/>
      <trkpt lat="35.113748" lon="-118.260114"/>
      <trkpt lat="35.113655" lon="-118.260560"/>
      <trkpt lat="35.113645" lon="-118.260663"/>
      <trkpt lat="35.113666" lon="-118.260761"/>
      <trkpt lat="35.113701" lon="-118.260860"/>
      <trkpt lat="35.113723" lon="-118.260944"/>
      <trkpt lat="35.113732" lon="-118.261032"/>
      <trkpt lat="35.113735" lon="-118.261103"/>
      <trkpt lat="35.113750" lon="-118.261149"/>
      <trkpt lat="35.113826" lon="-118.261067"/>
      <trkpt lat="35.113957" lon="-118.260882"/>
      <trkpt lat="35.114083" lon="-118.260687"/>
      <trkpt lat="35.114180" lon="-118.260583"/>
      <trkpt lat="35.114306" lon="-118.260509"/>
      <trkpt lat="35.114419" lon="-118.260459"/>
      <trkpt lat="35.114483" lon="-118.260430"/>
      <trkpt lat="35.114497" lon="-118.260440"/>
      <trkpt lat="35.114402" lon="-118.260602"/>
      <trkpt lat="35.114338" lon="-118.260742"/>
      <trkpt lat="35.114301" lon="-118.260841"/>
      <trkpt lat="35.114276" lon="-118.260947"/>
      <trkpt lat="35.114232" lon="-118.261203"/>
      <trkpt lat="35.114258" lon="-118.261211"/>
      <trkpt lat="35.114281" lon="-118.261160"/>
      <trkpt lat="35.114416" lon="-118.261026"/>
      <trkpt lat="35.114555" lon="-118.260852"/>
      <trkpt lat="35.114727" lon="-118.260683"/>
      <trkpt lat="35.114790" lon="-118.260598"/>
      <trkpt lat="35.114896" lon="-118.260531"/>
      <trkpt lat="35.114929" lon="-118.260513"/>
      <trkpt lat="35.114992" lon="-118.260525"/>
      <trkpt lat="35.114982" lon="-118.260588"/>
      <trkpt lat="35.114944" lon="-118.260651"/>
      <trkpt lat="35.114930" lon="-118.260718"/>
      <trkpt lat="35.114939" lon="-118.260784"/>
      <trkpt lat="35.114993" lon="-118.260835"/>
      <trkpt lat="35.115011" lon="-118.260909"/>
      <trkpt lat="35.115014" lon="-118.261075"/>
      <trkpt lat="35.115006" lon="-118.261218"/>
      <trkpt lat="35.114947" lon="-118.261379"/>
      <trkpt lat="35.114853" lon="-118.261516"/>
      <trkpt lat="35.114715" lon="-118.261866"/>
      <trkpt lat="35.114547" lon="-118.262065"/>
      <trkpt lat="35.114541" lon="-118.262100"/>
      <trkpt lat="35.114558" lon="-118.262113"/>
      <trkpt lat="35.114662" lon="-118.262035"/>
      <trkpt lat="35.114747" lon="-118.262018"/>
      <trkpt lat="35.114831" lon="-118.261938"/>
      <trkpt lat="35.114903" lon="-118.261882"/>
      <trkpt lat="35.114980" lon="-118.261776"/>
      <trkpt lat="35.115003" lon="-118.261773"/>
      <trkpt lat="35.114990" lon="-118.261913"/>
      <trkpt lat="35.114937" lon="-118.262015"/>
      <trkpt lat="35.114839" lon="-118.262143"/>
      <trkpt lat="35.114725" lon="-118.262300"/>
      <trkpt lat="35.115043" lon="-118.262110"/>
      <trkpt lat="35.115096" lon="-118.262055"/>
      <trkpt lat="35.115121" lon="-118.261960"/>
      <trkpt lat="35.115156" lon="-118.261910"/>
      <trkpt lat="35.115195" lon="-118.261935"/>
      <trkpt lat="35.115251" lon="-118.262014"/>
      <trkpt lat="35.115216" lon="-118.262078"/>
      <trkpt lat="35.115214" lon="-118.262133"/>
      <trkpt lat="35.115164" lon="-118.262185"/>
      <trkpt lat="35.115069" lon="-118.262267"/>
      <trkpt lat="35.114952" lon="-118.262401"/>
      <trkpt lat="35.114912" lon="-118.262489"/>
      <trkpt lat="35.114868" lon="-118.262650"/>
      <trkpt lat="35.114811" lon="-118.262794"/>
      <trkpt lat="35.114793" lon="-118.262878"/>
      <trkpt lat="35.114840" lon="-118.263003"/>
      <trkpt lat="35.114765" lon="-118.263328"/>
      <trkpt lat="35.114715" lon="-118.263618"/>
      <trkpt lat="35.114730" lon="-118.263732"/>
      <trkpt lat="35.114884" lon="-118.263900"/>
      <trkpt lat="35.114908" lon="-118.263957"/>
      <trkpt lat="35.114904" lon="-118.264020"/>
      <trkpt lat="35.114890" lon="-118.264079"/>
      <trkpt lat="35.114908" lon="-118.264166"/>
      <trkpt lat="35.114989" lon="-118.264203"/>
      <trkpt lat="35.115032" lon="-118.264176"/>
      <trkpt lat="35.115100" lon="-118.263915"/>
      <trkpt lat="35.115082" lon="-118.263673"/>
      <trkpt lat="35.115093" lon="-118.263572"/>
      <trkpt lat="35.115119" lon="-118.263488"/>
      <trkpt lat="35.115152" lon="-118.263440"/>
      <trkpt lat="35.115268" lon="-118.263343"/>
      <trkpt lat="35.115316" lon="-118.263343"/>
      <trkpt lat="35.115350" lon="-118.263368"/>
      <trkpt lat="35.115351" lon="-118.263415"/>
      <trkpt lat="35.115335" lon="-118.263475"/>
      <trkpt lat="35.115325" lon="-118.263577"/>
      <trkpt lat="35.115334" lon="-118.263773"/>
      <trkpt lat="35.115363" lon="-118.263944"/>
      <trkpt lat="35.115361" lon="-118.264178"/>
      <trkpt lat="35.115376" lon="-118.264218"/>
      <trkpt lat="35.115411" lon="-118.264201"/>
      <trkpt lat="35.115481" lon="-118.263971"/>
      <trkpt lat="35.115516" lon="-118.263953"/>
      <trkpt lat="35.115535" lon="-118.264022"/>
      <trkpt lat="35.115549" lon="-118.264145"/>
      <trkpt lat="35.115545" lon="-118.265073"/>
      <trkpt lat="35.115530" lon="-118.265197"/>
      <trkpt lat="35.115536" lon="-118.265242"/>
      <trkpt lat="35.115573" lon="-118.265242"/>
      <trkpt lat="35.115601" lon="-118.265158"/>
      <trkpt lat="35.115696" lon="-118.264821"/>
      <trkpt lat="35.115740" lon="-118.264746"/>
      <trkpt lat="35.115794" lon="-118.264683"/>
      <trkpt lat="35.115838" lon="-118.264563"/>
      <trkpt lat="35.115865" lon="-118.264537"/>
      <trkpt lat="35.115910" lon="-118.264544"/>
      <trkpt lat="35.115959" lon="-118.264582"/>
      <trkpt lat="35.115957" lon="-118.264602"/>
      <trkpt lat="35.115929" lon="-118.264604"/>
      <trkpt lat="35.115901" lon="-118.264611"/>
      <trkpt lat="35.115885" lon="-118.264641"/>
      <trkpt lat="35.115876" lon="-118.264710"/>
      <trkpt lat="35.115889" lon="-118.264846"/>
      <trkpt lat="35.115874" lon="-118.264922"/>
      <trkpt lat="35.115874" lon="-118.265018"/>
      <trkpt lat="35.115899" lon="-118.265068"/>
      <trkpt lat="35.115934" lon="-118.264996"/>
      <trkpt lat="35.116025" lon="-118.264867"/>
      <trkpt lat="35.116067" lon="-118.264838"/>
      <trkpt lat="35.116121" lon="-118.264822"/>
      <trkpt lat="35.116192" lon="-118.264703"/>
      <trkpt lat="35.116224" lon="-118.264712"/>
      <trkpt lat="35.116256" lon="-118.264741"/>
      <trkpt lat="35.116313" lon="-118.264769"/>
      <trkpt lat="35.116340" lon="-118.264753"/>
      <trkpt lat="35.116415" lon="-118.264639"/>
      <trkpt lat="35.116478" lon="-118.264464"/>
      <trkpt lat="35.116544" lon="-118.264340"/>
      <trkpt lat="35.116583" lon="-118.264335"/>
      <trkpt lat="35.116605" lon="-118.264367"/>
      <trkpt lat="35.116600" lon="-118.264402"/>
      <trkpt lat="35.116578" lon="-118.264461"/>
      <trkpt lat="35.116567" lon="-118.264527"/>
      <trkpt lat="35.116592" lon="-118.264812"/>
      <trkpt lat="35.116580" lon="-118.265009"/>
      <trkpt lat="35.116557" lon="-118.265064"/>
      <trkpt lat="35.116424" lon="-118.265158"/>
      <trkpt lat="35.116416" lon="-118.265192"/>
      <trkpt lat="35.116455" lon="-118.265198"/>
      <trkpt lat="35.116543" lon="-118.265197"/>
      <trkpt lat="35.116636" lon="-118.265196"/>
      <trkpt lat="35.116703" lon="-118.265139"/>
      <trkpt lat="35.116829" lon="-118.264940"/>
      <trkpt lat="35.116904" lon="-118.264927"/>
      <trkpt lat="35.117020" lon="-118.264970"/>
      <trkpt lat="35.117123" lon="-118.265044"/>
      <trkpt lat="35.117222" lon="-118.265141"/>
      <trkpt lat="35.117300" lon="-118.265212"/>
      <trkpt lat="35.117408" lon="-118.265236"/>
      <trkpt lat="35.117468" lon="-118.265209"/>
      <trkpt lat="35.117476" lon="-118.265143"/>
      <trkpt lat="35.117464" lon="-118.265027"/>
      <trkpt lat="35.117487" lon="-118.264935"/>
      <trkpt lat="35.117480" lon="-118.264830"/>
      <trkpt lat="35.117442" lon="-118.264716"/>
      <trkpt lat="35.117485" lon="-118.264683"/>
      <trkpt lat="35.117527" lon="-118.264694"/>
      <trkpt lat="35.117555" lon="-118.264733"/>
      <trkpt lat="35.117623" lon="-118.264891"/>
      <trkpt lat="35.117680" lon="-118.265006"/>
      <trkpt lat="35.117706" lon="-118.265140"/>
      <trkpt lat="35.117761" lon="-118.265196"/>
      <trkpt lat="35.117772" lon="-118.265153"/>
      <trkpt lat="35.117789" lon="-118.265082"/>
      <trkpt lat="35.117874" lon="-118.264937"/>
      <trkpt lat="35.117938" lon="-118.264791"/>
      <trkpt lat="35.118072" lon="-118.264656"/>
      <trkpt lat="35.118168" lon="-118.264478"/>
      <trkpt lat="35.118234" lon="-118.264426"/>
      <trkpt lat="35.118310" lon="-118.264435"/>
      <trkpt lat="35.118404" lon="-118.264476"/>
      <trkpt lat="35.118553" lon="-118.264488"/>
      <trkpt lat="35.118673" lon="-118.264478"/>
      <trkpt lat="35.118963" lon="-118.264353"/>
      <trkpt lat="35.119217" lon="-118.264410"/>
      <trkpt lat="35.119433" lon="-118.264429"/>
      <trkpt lat="35.119495" lon="-118.264489"/>
      <trkpt lat="35.119537" lon="-118.264580"/>
      <trkpt lat="35.119530" lon="-118.264781"/>
      <trkpt lat="35.119574" lon="-118.265031"/>
      <trkpt lat="35.119587" lon="-118.265325"/>
      <trkpt lat="35.119553" lon="-118.265418"/>
      <trkpt lat="35.119433" lon="-118.265567"/>
      <trkpt lat="35.119286" lon="-118.265698"/>
      <trkpt lat="35.119219" lon="-118.265826"/>
      <trkpt lat="35.119195" lon="-118.265907"/>
      <trkpt lat="35.119190" lon="-118.265978"/>
      <trkpt lat="35.119306" lon="-118.266193"/>
      <trkpt lat="35.119450" lon="-118.266362"/>
      <trkpt lat="35.119727" lon="-118.266525"/>
      <trkpt lat="35.119975" lon="-118.266572"/>
      <trkpt lat="35.120527" lon="-118.267213"/>
      <trkpt lat="35.120401" lon="-118.267301"/>
      <trkpt lat="35.120241" lon="-118.267370"/>
      <trkpt lat="35.120132" lon="-118.267487"/>
      <trkpt lat="35.120073" lon="-118.267519"/>
      <trkpt lat="35.120042" lon="-118.267570"/>
      <trkpt lat="35.120064" lon="-118.267698"/>
      <trkpt lat="35.120167" lon="-118.267904"/>
      <trkpt lat="35.120184" lon="-118.267986"/>
      <trkpt lat="35.120170" lon="-118.268080"/>
      <trkpt lat="35.120181" lon="-118.268178"/>
      <trkpt lat="35.120240" lon="-118.268324"/>
      <trkpt lat="35.120265" lon="-118.268396"/>
      <trkpt lat="35.120312" lon="-118.268448"/>
      <trkpt lat="35.120390" lon="-118.268488"/>
      <trkpt lat="35.120542" lon="-118.268519"/>
      <trkpt lat="35.120656" lon="-118.268486"/>
      <trkpt lat="35.120756" lon="-118.268486"/>
      <trkpt lat="35.120865" lon="-118.268443"/>
      <trkpt lat="35.120971" lon="-118.268426"/>
      <trkpt lat="35.121113" lon="-118.268462"/>
      <trkpt lat="35.121313" lon="-118.268630"/>
      <trkpt lat="35.121402" lon="-118.268806"/>
      <trkpt lat="35.121500" lon="-118.268935"/>
      <trkpt lat="35.121758" lon="-118.269073"/>
      <trkpt lat="35.121952" lon="-118.269005"/>
      <trkpt lat="35.122141" lon="-118.268881"/>
      <trkpt lat="35.122668" lon="-118.268229"/>
      <trkpt lat="35.122813" lon="-118.268136"/>
      <trkpt lat="35.122901" lon="-118.268118"/>
      <trkpt lat="35.123031" lon="-118.268185"/>
      <trkpt lat="35.123018" lon="-118.268233"/>
      <trkpt lat="35.122895" lon="-118.268441"/>
      <trkpt lat="35.122856" lon="-118.268644"/>
      <trkpt lat="35.122878" lon="-118.268899"/>
      <trkpt lat="35.122959" lon="-118.269188"/>
      <trkpt lat="35.123164" lon="-118.269379"/>
      <trkpt lat="35.123239" lon="-118.269518"/>
      <trkpt lat="35.123458" lon="-118.269629"/>
      <trkpt lat="35.123647" lon="-118.269774"/>
      <trkpt lat="35.123798" lon="-118.269838"/>
      <trkpt lat="35.123934" lon="-118.269932"/>
      <trkpt lat="35.124026" lon="-118.269969"/>
      <trkpt lat="35.124102" lon="-118.270034"/>
      <trkpt lat="35.124253" lon="-118.270059"/>
      <trkpt lat="35.124333" lon="-118.270129"/>
      <trkpt lat="35.124479" lon="-118.270183"/>
      <trkpt lat="35.124634" lon="-118.270155"/>
      <trkpt lat="35.124770" lon="-118.270092"/>
      <trkpt lat="35.124835" lon="-118.270000"/>
      <trkpt lat="35.124985" lon="-118.269660"/>
      <trkpt lat="35.125171" lon="-118.269395"/>
      <trkpt lat="35.125308" lon="-118.269311"/>
      <trkpt lat="35.125468" lon="-118.269312"/>
      <trkpt lat="35.125882" lon="-118.269642"/>
      <trkpt lat="35.125845" lon="-118.270108"/>
      <trkpt lat="35.125898" lon="-118.270167"/>
      <trkpt lat="35.126122" lon="-118.270273"/>
      <trkpt lat="35.126319" lon="-118.270372"/>
      <trkpt lat="35.126368" lon="-118.270459"/>
      <trkpt lat="35.126627" lon="-118.270723"/>
      <trkpt lat="35.126780" lon="-118.270766"/>
      <trkpt lat="35.126899" lon="-118.270734"/>
      <trkpt lat="35.127043" lon="-118.270623"/>
      <trkpt lat="35.127284" lon="-118.270676"/>
      <trkpt lat="35.127488" lon="-118.270688"/>
      <trkpt lat="35.127599" lon="-118.270720"/>
      <trkpt lat="35.127635" lon="-118.270800"/>
      <trkpt lat="35.127637" lon="-118.271057"/>
      <trkpt lat="35.127657" lon="-118.271176"/>
      <trkpt lat="35.127748" lon="-118.271282"/>
      <trkpt lat="35.127832" lon="-118.271295"/>
      <trkpt lat="35.127913" lon="-118.271203"/>
      <trkpt lat="35.127989" lon="-118.271112"/>
      <trkpt lat="35.128133" lon="-118.271045"/>
      <trkpt lat="35.128226" lon="-118.270829"/>
      <trkpt lat="35.128379" lon="-118.270726"/>
      <trkpt lat="35.128498" lon="-118.270595"/>
      <trkpt lat="35.128629" lon="-118.270277"/>
      <trkpt lat="35.129003" lon="-118.269865"/>
      <trkpt lat="35.129276" lon="-118.269479"/>
      <trkpt lat="35.129415" lon="-118.269329"/>
      <trkpt lat="35.129533" lon="-118.269343"/>
      <trkpt lat="35.129778" lon="-118.269495"/>
      <trkpt lat="35.130000" lon="-118.269847"/>
      <trkpt lat="35.130188" lon="-118.270223"/>
      <trkpt lat="35.130262" lon="-118.270275"/>
      <trkpt lat="35.130437" lon="-118.270237"/>
      <trkpt lat="35.130488" lon="-118.270152"/>
      <trkpt lat="35.130554" lon="-118.269945"/>
      <trkpt lat="35.130628" lon="-118.269837"/>
      <trkpt lat="35.130872" lon="-118.269770"/>
      <trkpt lat="35.131050" lon="-118.269790"/>
      <trkpt lat="35.131265" lon="-118.269863"/>
      <trkpt lat="35.131558" lon="-118.270132"/>
      <trkpt lat="35.131918" lon="-118.270378"/>
      <trkpt lat="35.132055" lon="-118.270334"/>
      <trkpt lat="35.132172" lon="-118.270341"/>
      <trkpt lat="35.132325" lon="-118.270478"/>
      <trkpt lat="35.132500" lon="-118.270585"/>
      <trkpt lat="35.133007" lon="-118.270642"/>
      <trkpt lat="35.133294" lon="-118.270761"/>
      <trkpt lat="35.133547" lon="-118.270905"/>
      <trkpt lat="35.133636" lon="-118.270916"/>
      <trkpt lat="35.133756" lon="-118.270837"/>
      <trkpt lat="35.133853" lon="-118.270703"/>
      <trkpt lat="35.133924" lon="-118.270569"/>
      <trkpt lat="35.134148" lon="-118.270384"/>
      <trkpt lat="35.134423" lon="-118.270065"/>
      <trkpt lat="35.134575" lon="-118.269849"/>
      <trkpt lat="35.134678" lon="-118.269587"/>
      <trkpt lat="35.134922" lon="-118.269392"/>
      <trkpt lat="35.135119" lon="-118.269127"/>
      <trkpt lat="35.135238" lon="-118.268913"/>
      <trkpt lat="35.135298" lon="-118.268885"/>
      <trkpt lat="35.135358" lon="-118.268909"/>
      <trkpt lat="35.135443" lon="-118.268992"/>
      <trkpt lat="35.135548" lon="-118.269032"/>
      <trkpt lat="35.135658" lon="-118.269021"/>
      <trkpt lat="35.135747" lon="-118.269076"/>
      <trkpt lat="35.135827" lon="-118.269082"/>
      <trkpt lat="35.136077" lon="-118.268982"/>
      <trkpt lat="35.136213" lon="-118.268903"/>
      <trkpt lat="35.136329" lon="-118.268883"/>
      <trkpt lat="35.136411" lon="-118.268648"/>
      <trkpt lat="35.136762" lon="-118.268017"/>
      <trkpt lat="35.136799" lon="-118.267952"/>
      <trkpt lat="35.136875" lon="-118.267898"/>
      <trkpt lat="35.137246" lon="-118.267861"/>
      <trkpt lat="35.137312" lon="-118.267839"/>
      <trkpt lat="35.137494" lon="-118.267533"/>
      <trkpt lat="35.137577" lon="-118.267260"/>
      <trkpt lat="35.137706" lon="-118.267158"/>
      <trkpt lat="35.137802" lon="-118.267050"/>
      <trkpt lat="35.137828" lon="-118.266901"/>
      <trkpt lat="35.137881" lon="-118.266781"/>
      <trkpt lat="35.137857" lon="-118.266563"/>
      <trkpt lat="35.137790" lon="-118.266418"/>
      <trkpt lat="35.137898" lon="-118.266293"/>
      <trkpt lat="35.137987" lon="-118.266143"/>
      <trkpt lat="35.138086" lon="-118.265903"/>
      <trkpt lat="35.138380" lon="-118.265609"/>
      <trkpt lat="35.138490" lon="-118.265532"/>
      <trkpt lat="35.138604" lon="-118.265472"/>
      <trkpt lat="35.138738" lon="-118.265224"/>
      <trkpt lat="35.138851" lon="-118.264952"/>
      <trkpt lat="35.138953" lon="-118.264862"/>
      <trkpt lat="35.139117" lon="-118.264790"/>
      <trkpt lat="35.139205" lon="-118.264707"/>
      <trkpt lat="35.139242" lon="-118.264608"/>
      <trkpt lat="35.139220" lon="-118.264491"/>
      <trkpt lat="35.139100" lon="-118.264370"/>
      <trkpt lat="35.139031" lon="-118.264331"/>
      <trkpt lat="35.139018" lon="-118.264271"/>
      <trkpt lat="35.139051" lon="-118.264223"/>
      <trkpt lat="35.139237" lon="-118.264128"/>
      <trkpt lat="35.139380" lon="-118.264029"/>
      <trkpt lat="35.139459" lon="-118.263920"/>
      <trkpt lat="35.139549" lon="-118.263647"/>
      <trkpt lat="35.140146" lon="-118.263067"/>
      <trkpt lat="35.140235" lon="-118.262949"/>
      <trkpt lat="35.140305" lon="-118.262808"/>
      <trkpt lat="35.140388" lon="-118.262627"/>
      <trkpt lat="35.140461" lon="-118.262364"/>
      <trkpt lat="35.140616" lon="-118.262040"/>
      <trkpt lat="35.140693" lon="-118.261648"/>
      <trkpt lat="35.140769" lon="-118.261445"/>
      <trkpt lat="35.140835" lon="-118.261405"/>
      <trkpt lat="35.140928" lon="-118.261196"/>
      <trkpt lat="35.140946" lon="-118.261095"/>
      <trkpt lat="35.140933" lon="-118.260992"/>
      <trkpt lat="35.140916" lon="-118.260863"/>
      <trkpt lat="35.140857" lon="-118.260768"/>
      <trkpt lat="35.140897" lon="-118.260688"/>
      <trkpt lat="35.141018" lon="-118.260629"/>
      <trkpt lat="35.141023" lon="-118.260512"/>
      <trkpt lat="35.141060" lon="-118.260324"/>
      <trkpt lat="35.141291" lon="-118.259959"/>
      <trkpt lat="35.141478" lon="-118.259570"/>
      <trkpt lat="35.141917" lon="-118.258822"/>
      <trkpt lat="35.141933" lon="-118.258633"/>
      <trkpt lat="35.142000" lon="-118.258472"/>
      <trkpt lat="35.142138" lon="-118.258323"/>
      <trkpt lat="35.142246" lon="-118.258283"/>
      <trkpt lat="35.142336" lon="-118.258204"/>
      <trkpt lat="35.142806" lon="-118.257738"/>
      <trkpt lat="35.143058" lon="-118.257203"/>
      <trkpt lat="35.143173" lon="-118.257093"/>
      <trkpt lat="35.143467" lon="-118.257001"/>
      <trkpt lat="35.143788" lon="-118.256954"/>
      <trkpt lat="35.144023" lon="-118.256887"/>
      <trkpt lat="35.144231" lon="-118.256879"/>
      <trkpt lat="35.144599" lon="-118.256723"/>
      <trkpt lat="35.144989" lon="-118.256664"/>
      <trkpt lat="35.145152" lon="-118.256575"/>
      <trkpt lat="35.145679" lon="-118.256526"/>
      <trkpt lat="35.145878" lon="-118.256457"/>
      <trkpt lat="35.146153" lon="-118.256316"/>
      <trkpt lat="35.146509" lon="-118.255971"/>
      <trkpt lat="35.146628" lon="-118.255679"/>
      <trkpt lat="35.146977" lon="-118.255113"/>
      <trkpt lat="35.147292" lon="-118.254465"/>
      <trkpt lat="35.147453" lon="-118.254358"/>
      <trkpt lat="35.147569" lon="-118.254308"/>
      <trkpt lat="35.147628" lon="-118.254229"/>
      <trkpt lat="35.147745" lon="-118.254202"/>
      <trkpt lat="35.147792" lon="-118.254173"/>
      <trkpt lat="35.147845" lon="-118.254120"/>
      <trkpt lat="35.147867" lon="-118.254053"/>
      <trkpt lat="35.147817" lon="-118.253920"/>
      <trkpt lat="35.147854" lon="-118.253766"/>
      <trkpt lat="35.147981" lon="-118.253446"/>
      <trkpt lat="35.148138" lon="-118.253138"/>
      <trkpt lat="35.148238" lon="-118.252720"/>
      <trkpt lat="35.148232" lon="-118.252586"/>
      <trkpt lat="35.148180" lon="-118.252477"/>
      <trkpt lat="35.148167" lon="-118.252247"/>
      <trkpt lat="35.148191" lon="-118.252178"/>
      <trkpt lat="35.148383" lon="-118.252546"/>
      <trkpt lat="35.148540" lon="-118.252927"/>
      <trkpt lat="35.148597" lon="-118.252928"/>
      <trkpt lat="35.148610" lon="-118.252360"/>
      <trkpt lat="35.148682" lon="-118.252288"/>
      <trkpt lat="35.148786" lon="-118.252487"/>
      <trkpt lat="35.148932" lon="-118.252600"/>
      <trkpt lat="35.149123" lon="-118.252656"/>
      <trkpt lat="35.149304" lon="-118.252732"/>
      <trkpt lat="35.149434" lon="-118.252737"/>
      <trkpt lat="35.149570" lon="-118.252685"/>
      <trkpt lat="35.149861" lon="-118.252705"/>
      <trkpt lat="35.150067" lon="-118.252696"/>
      <trkpt lat="35.150373" lon="-118.252731"/>
      <trkpt lat="35.150458" lon="-118.252731"/>
      <trkpt lat="35.150601" lon="-118.252786"/>
      <trkpt lat="35.150785" lon="-118.252680"/>
      <trkpt lat="35.150863" lon="-118.252693"/>
      <trkpt lat="35.150881" lon="-118.252714"/>
      <trkpt lat="35.151017" lon="-118.252895"/>
      <trkpt lat="35.151354" lon="-118.253019"/>
      <trkpt lat="35.151541" lon="-118.253247"/>
      <trkpt lat="35.151814" lon="-118.253392"/>
      <trkpt lat="35.152048" lon="-118.253238"/>
      <trkpt lat="35.152388" lon="-118.253263"/>
      <trkpt lat="35.152543" lon="-118.253429"/>
      <trkpt lat="35.152588" lon="-118.253565"/>
      <trkpt lat="35.152665" lon="-118.253635"/>
      <trkpt lat="35.152795" lon="-118.253697"/>
      <trkpt lat="35.152892" lon="-118.253959"/>
      <trkpt lat="35.152955" lon="-118.254230"/>
      <trkpt lat="35.152951" lon="-118.254343"/>
      <trkpt lat="35.152910" lon="-118.254459"/>
      <trkpt lat="35.152998" lon="-118.255152"/>
      <trkpt lat="35.152946" lon="-118.255583"/>
      <trkpt lat="35.152832" lon="-118.256025"/>
      <trkpt lat="35.152892" lon="-118.256043"/>
      <trkpt lat="35.153117" lon="-118.255915"/>
      <trkpt lat="35.153482" lon="-118.255970"/>
      <trkpt lat="35.153656" lon="-118.255935"/>
      <trkpt lat="35.153765" lon="-118.255945"/>
      <trkpt lat="35.154215" lon="-118.256322"/>
      <trkpt lat="35.154362" lon="-118.256287"/>
      <trkpt lat="35.154922" lon="-118.255967"/>
      <trkpt lat="35.155167" lon="-118.255738"/>
      <trkpt lat="35.155448" lon="-118.255662"/>
      <trkpt lat="35.155605" lon="-118.255581"/>
      <trkpt lat="35.155692" lon="-118.255388"/>
      <trkpt lat="35.156690" lon="-118.254670"/>
      <trkpt lat="35.156842" lon="-118.254632"/>
      <trkpt lat="35.156975" lon="-118.254685"/>
      <trkpt lat="35.157060" lon="-118.254810"/>
      <trkpt lat="35.157137" lon="-118.255173"/>
      <trkpt lat="35.157257" lon="-118.255198"/>
      <trkpt lat="35.157679" lon="-118.255025"/>
      <trkpt lat="35.158280" lon="-118.255660"/>
      <trkpt lat="35.158468" lon="-118.255877"/>
      <trkpt lat="35.158488" lon="-118.256055"/>
      <trkpt lat="35.158545" lon="-118.256130"/>
      <trkpt lat="35.158606" lon="-118.256157"/>
      <trkpt lat="35.158679" lon="-118.256080"/>
      <trkpt lat="35.158779" lon="-118.255990"/>
      <trkpt lat="35.159052" lon="-118.256005"/>
      <trkpt lat="35.159358" lon="-118.256023"/>
      <trkpt lat="35.159489" lon="-118.255954"/>
      <trkpt lat="35.159652" lon="-118.255739"/>
      <trkpt lat="35.159862" lon="-118.255499"/>
      <trkpt lat="35.160174" lon="-118.255402"/>
      <trkpt lat="35.160289" lon="-118.255409"/>
      <trkpt lat="35.160362" lon="-118.255447"/>
      <trkpt lat="35.160913" lon="-118.256231"/>
      <trkpt lat="35.161492" lon="-118.256544"/>
      <trkpt lat="35.161777" lon="-118.256697"/>
      <trkpt lat="35.161965" lon="-118.256742"/>
      <trkpt lat="35.162242" lon="-118.256728"/>
      <trkpt lat="35.162464" lon="-118.256767"/>
      <trkpt lat="35.162772" lon="-118.256903"/>
      <trkpt lat="35.162959" lon="-118.256951"/>
      <trkpt lat="35.163128" lon="-118.256878"/>
      <trkpt lat="35.163344" lon="-118.256691"/>
      <trkpt lat="35.163449" lon="-118.256639"/>
      <trkpt lat="35.163571" lon="-118.256694"/>
      <trkpt lat="35.163663" lon="-118.256688"/>
      <trkpt lat="35.163684" lon="-118.256601"/>
      <trkpt lat="35.163677" lon="-118.256529"/>
      <trkpt lat="35.163679" lon="-118.256428"/>
      <trkpt lat="35.163609" lon="-118.256129"/>
      <trkpt lat="35.163637" lon="-118.256012"/>
      <trkpt lat="35.163693" lon="-118.255897"/>
      <trkpt lat="35.163714" lon="-118.255753"/>
      <trkpt lat="35.163666" lon="-118.255523"/>
      <trkpt lat="35.163706" lon="-118.255202"/>
      <trkpt lat="35.163655" lon="-118.254565"/>
      <trkpt lat="35.163706" lon="-118.254316"/>
      <trkpt lat="35.163919" lon="-118.254112"/>
      <trkpt lat="35.164232" lon="-118.253954"/>
      <trkpt lat="35.164427" lon="-118.253825"/>
      <trkpt lat="35.164539" lon="-118.253734"/>
      <trkpt lat="35.164606" lon="-118.253562"/>
      <trkpt lat="35.164639" lon="-118.253068"/>
      <trkpt lat="35.164679" lon="-118.252995"/>
      <trkpt lat="35.164742" lon="-118.253005"/>
      <trkpt lat="35.164837" lon="-118.253090"/>
      <trkpt lat="35.164913" lon="-118.253194"/>
      <trkpt lat="35.165061" lon="-118.253156"/>
      <trkpt lat="35.165173" lon="-118.253017"/>
      <trkpt lat="35.165389" lon="-118.252941"/>
      <trkpt lat="35.165435" lon="-118.252881"/>
      <trkpt lat="35.165637" lon="-118.252853"/>
      <trkpt lat="35.165720" lon="-118.252790"/>
      <trkpt lat="35.165750" lon="-118.252725"/>
      <trkpt lat="35.165813" lon="-118.252335"/>
      <trkpt lat="35.165860" lon="-118.252272"/>
      <trkpt lat="35.165928" lon="-118.252248"/>
      <trkpt lat="35.166099" lon="-118.252283"/>
      <trkpt lat="35.166226" lon="-118.252281"/>
      <trkpt lat="35.166255" lon="-118.252223"/>
      <trkpt lat="35.166243" lon="-118.251845"/>
      <trkpt lat="35.166223" lon="-118.251709"/>
      <trkpt lat="35.166072" lon="-118.251307"/>
      <trkpt lat="35.166072" lon="-118.250698"/>
      <trkpt lat="35.166105" lon="-118.250627"/>
      <trkpt lat="35.166204" lon="-118.250569"/>
      <trkpt lat="35.166474" lon="-118.250357"/>
      <trkpt lat="35.166559" lon="-118.250189"/>
      <trkpt lat="35.166754" lon="-118.249934"/>
      <trkpt lat="35.166937" lon="-118.249854"/>
      <trkpt lat="35.167112" lon="-118.249633"/>
      <trkpt lat="35.167307" lon="-118.249575"/>
      <trkpt lat="35.167410" lon="-118.249500"/>
      <trkpt lat="35.167468" lon="-118.249428"/>
      <trkpt lat="35.167577" lon="-118.249192"/>
      <trkpt lat="35.167782" lon="-118.248078"/>
      <trkpt lat="35.168112" lon="-118.247417"/>
      <trkpt lat="35.168174" lon="-118.247190"/>
      <trkpt lat="35.168134" lon="-118.246821"/>
      <trkpt lat="35.168134" lon="-118.246628"/>
      <trkpt lat="35.168159" lon="-118.246445"/>
      <trkpt lat="35.168265" lon="-118.246089"/>
      <trkpt lat="35.168362" lon="-118.245942"/>
      <trkpt lat="35.168451" lon="-118.245922"/>
      <trkpt lat="35.168508" lon="-118.245962"/>
      <trkpt lat="35.168610" lon="-118.246167"/>
      <trkpt lat="35.168745" lon="-118.246311"/>
      <trkpt lat="35.168987" lon="-118.246920"/>
      <trkpt lat="35.169105" lon="-118.247223"/>
      <trkpt lat="35.169262" lon="-118.247445"/>
      <trkpt lat="35.169370" lon="-118.247567"/>
      <trkpt lat="35.169415" lon="-118.247755"/>
      <trkpt lat="35.169640" lon="-118.248012"/>
      <trkpt lat="35.170180" lon="-118.248862"/>
      <trkpt lat="35.170394" lon="-118.248987"/>
      <trkpt lat="35.170525" lon="-118.249094"/>
      <trkpt lat="35.170624" lon="-118.249137"/>
      <trkpt lat="35.170866" lon="-118.249139"/>
      <trkpt lat="35.171092" lon="-118.249093"/>
      <trkpt lat="35.171258" lon="-118.249007"/>
      <trkpt lat="35.171354" lon="-118.248840"/>
      <trkpt lat="35.171419" lon="-118.248552"/>
      <trkpt lat="35.171438" lon="-118.248275"/>
      <trkpt lat="35.171518" lon="-118.248102"/>
      <trkpt lat="35.171660" lon="-118.247993"/>
      <trkpt lat="35.171828" lon="-118.247945"/>
      <trkpt lat="35.171938" lon="-118.247813"/>
      <trkpt lat="35.172349" lon="-118.246720"/>
      <trkpt lat="35.172447" lon="-118.246550"/>
      <trkpt lat="35.172661" lon="-118.246450"/>
      <trkpt lat="35.172835" lon="-118.246407"/>
      <trkpt lat="35.172998" lon="-118.246437"/>
      <trkpt lat="35.173158" lon="-118.246449"/>
      <trkpt lat="35.173374" lon="-118.246372"/>
      <trkpt lat="35.173593" lon="-118.246118"/>
      <trkpt lat="35.173680" lon="-118.246036"/>
      <trkpt lat="35.173764" lon="-118.246077"/>
      <trkpt lat="35.173845" lon="-118.246261"/>
      <trkpt lat="35.173984" lon="-118.246429"/>
      <trkpt lat="35.174468" lon="-118.246887"/>
      <trkpt lat="35.174532" lon="-118.246967"/>
      <trkpt lat="35.174621" lon="-118.247006"/>
      <trkpt lat="35.174874" lon="-118.247086"/>
      <trkpt lat="35.175065" lon="-118.247113"/>
      <trkpt lat="35.175192" lon="-118.247207"/>
      <trkpt lat="35.175282" lon="-118.247372"/>
      <trkpt lat="35.175684" lon="-118.247672"/>
      <trkpt lat="35.175945" lon="-118.247942"/>
      <trkpt lat="35.176076" lon="-118.248014"/>
      <trkpt lat="35.176227" lon="-118.248055"/>
      <trkpt lat="35.176345" lon="-118.248172"/>
      <trkpt lat="35.176412" lon="-118.248249"/>
      <trkpt lat="35.176447" lon="-118.248337"/>
      <trkpt lat="35.176487" lon="-118.248515"/>
      <trkpt lat="35.176637" lon="-118.248694"/>
      <trkpt lat="35.176721" lon="-118.248745"/>
      <trkpt lat="35.176770" lon="-118.248729"/>
      <trkpt lat="35.176794" lon="-118.248649"/>
      <trkpt lat="35.176840" lon="-118.248323"/>
      <trkpt lat="35.176883" lon="-118.248212"/>
      <trkpt lat="35.177125" lon="-118.248066"/>
      <trkpt lat="35.177261" lon="-118.248040"/>
      <trkpt lat="35.177385" lon="-118.248052"/>
      <trkpt lat="35.177753" lon="-118.248315"/>
      <trkpt lat="35.177886" lon="-118.248317"/>
      <trkpt lat="35.178007" lon="-118.248272"/>
      <trkpt lat="35.178227" lon="-118.248201"/>
      <trkpt lat="35.178442" lon="-118.247962"/>
      <trkpt lat="35.178454" lon="-118.247808"/>
      <trkpt lat="35.178530" lon="-118.247672"/>
      <trkpt lat="35.178700" lon="-118.247475"/>
      <trkpt lat="35.178851" lon="-118.247510"/>
      <trkpt lat="35.178991" lon="-118.247440"/>
      <trkpt lat="35.179174" lon="-118.247495"/>
      <trkpt lat="35.179256" lon="-118.247470"/>
      <trkpt lat="35.179263" lon="-118.247413"/>
      <trkpt lat="35.179246" lon="-118.247360"/>
      <trkpt lat="35.179193" lon="-118.247312"/>
      <trkpt lat="35.179044" lon="-118.247204"/>
      <trkpt lat="35.178864" lon="-118.247138"/>
      <trkpt lat="35.178785" lon="-118.247059"/>
      <trkpt lat="35.178730" lon="-118.246688"/>
      <trkpt lat="35.178722" lon="-118.246486"/>
      <trkpt lat="35.178751" lon="-118.246298"/>
      <trkpt lat="35.178862" lon="-118.246166"/>
      <trkpt lat="35.178937" lon="-118.246077"/>
      <trkpt lat="35.179013" lon="-118.245988"/>
      <trkpt lat="35.179057" lon="-118.245827"/>
      <trkpt lat="35.179046" lon="-118.245593"/>
      <trkpt lat="35.179008" lon="-118.245372"/>
      <trkpt lat="35.178891" lon="-118.245166"/>
      <trkpt lat="35.178872" lon="-118.245087"/>
      <trkpt lat="35.178842" lon="-118.244873"/>
      <trkpt lat="35.178768" lon="-118.244625"/>
      <trkpt lat="35.178761" lon="-118.244542"/>
      <trkpt lat="35.178807" lon="-118.244477"/>
      <trkpt lat="35.178864" lon="-118.244508"/>
      <trkpt lat="35.178961" lon="-118.244690"/>
      <trkpt lat="35.179107" lon="-118.244842"/>
      <trkpt lat="35.179296" lon="-118.245184"/>
      <trkpt lat="35.179565" lon="-118.245425"/>
      <trkpt lat="35.179867" lon="-118.245958"/>
      <trkpt lat="35.179907" lon="-118.246020"/>
      <trkpt lat="35.179973" lon="-118.246050"/>
      <trkpt lat="35.180101" lon="-118.246130"/>
      <trkpt lat="35.180197" lon="-118.246137"/>
      <trkpt lat="35.180563" lon="-118.245955"/>
      <trkpt lat="35.180697" lon="-118.245943"/>
      <trkpt lat="35.180821" lon="-118.245910"/>
      <trkpt lat="35.180920" lon="-118.245782"/>
      <trkpt lat="35.180927" lon="-118.245589"/>
      <trkpt lat="35.180977" lon="-118.245503"/>
      <trkpt lat="35.181114" lon="-118.245427"/>
      <trkpt lat="35.181307" lon="-118.245414"/>
      <trkpt lat="35.181332" lon="-118.245350"/>
      <trkpt lat="35.181298" lon="-118.245286"/>
      <trkpt lat="35.181177" lon="-118.245229"/>
      <trkpt lat="35.181005" lon="-118.244990"/>
      <trkpt lat="35.180965" lon="-118.244848"/>
      <trkpt lat="35.181012" lon="-118.244563"/>
      <trkpt lat="35.181105" lon="-118.244488"/>
      <trkpt lat="35.181187" lon="-118.244518"/>
      <trkpt lat="35.181294" lon="-118.244651"/>
      <trkpt lat="35.181360" lon="-118.244667"/>
      <trkpt lat="35.181415" lon="-118.244640"/>
      <trkpt lat="35.181456" lon="-118.244476"/>
      <trkpt lat="35.181535" lon="-118.244318"/>
      <trkpt lat="35.181847" lon="-118.243929"/>
      <trkpt lat="35.182193" lon="-118.243543"/>
      <trkpt lat="35.182275" lon="-118.243499"/>
      <trkpt lat="35.182375" lon="-118.243535"/>
      <trkpt lat="35.182525" lon="-118.243442"/>
      <trkpt lat="35.182720" lon="-118.243455"/>
      <trkpt lat="35.183049" lon="-118.243255"/>
      <trkpt lat="35.183707" lon="-118.242888"/>
      <trkpt lat="35.183972" lon="-118.242892"/>
      <trkpt lat="35.184573" lon="-118.243177"/>
      <trkpt lat="35.184740" lon="-118.243150"/>
      <trkpt lat="35.184835" lon="-118.243008"/>
      <trkpt lat="35.184983" lon="-118.242958"/>
      <trkpt lat="35.185613" lon="-118.242935"/>
      <trkpt lat="35.185983" lon="-118.242828"/>
      <trkpt lat="35.186368" lon="-118.242395"/>
      <trkpt lat="35.186575" lon="-118.242255"/>
      <trkpt lat="35.186827" lon="-118.242204"/>
      <trkpt lat="35.187063" lon="-118.242055"/>
      <trkpt lat="35.187202" lon="-118.242078"/>
      <trkpt lat="35.187316" lon="-118.242059"/>
      <trkpt lat="35.187368" lon="-118.241900"/>
      <trkpt lat="35.187604" lon="-118.241793"/>
      <trkpt lat="35.187683" lon="-118.241642"/>
      <trkpt lat="35.187897" lon="-118.241479"/>
      <trkpt lat="35.187977" lon="-118.241348"/>
      <trkpt lat="35.188140" lon="-118.240983"/>
      <trkpt lat="35.188122" lon="-118.240748"/>
      <trkpt lat="35.188130" lon="-118.240660"/>
      <trkpt lat="35.188186" lon="-118.240586"/>
      <trkpt lat="35.188274" lon="-118.240548"/>
      <trkpt lat="35.188384" lon="-118.240535"/>
      <trkpt lat="35.188489" lon="-118.240567"/>
      <trkpt lat="35.188558" lon="-118.240550"/>
      <trkpt lat="35.188698" lon="-118.240432"/>
      <trkpt lat="35.189000" lon="-118.240400"/>
      <trkpt lat="35.189297" lon="-118.240268"/>
      <trkpt lat="35.189608" lon="-118.240287"/>
      <trkpt lat="35.189848" lon="-118.240364"/>
      <trkpt lat="35.190003" lon="-118.240285"/>
      <trkpt lat="35.190099" lon="-118.240306"/>
      <trkpt lat="35.190147" lon="-118.240357"/>
      <trkpt lat="35.190307" lon="-118.240289"/>
      <trkpt lat="35.190408" lon="-118.240185"/>
      <trkpt lat="35.190555" lon="-118.240193"/>
      <trkpt lat="35.190677" lon="-118.240163"/>
      <trkpt lat="35.190803" lon="-118.240078"/>
      <trkpt lat="35.190943" lon="-118.240104"/>
      <trkpt lat="35.191055" lon="-118.240037"/>
      <trkpt lat="35.191188" lon="-118.240031"/>
      <trkpt lat="35.191288" lon="-118.239885"/>
      <trkpt lat="35.191468" lon="-118.239833"/>
      <trkpt lat="35.191602" lon="-118.239705"/>
      <trkpt lat="35.191698" lon="-118.239665"/>
      <trkpt lat="35.191853" lon="-118.239706"/>
      <trkpt lat="35.191960" lon="-118.239595"/>
      <trkpt lat="35.192113" lon="-118.239589"/>
      <trkpt lat="35.192275" lon="-118.239521"/>
      <trkpt lat="35.192357" lon="-118.239442"/>
      <trkpt lat="35.192653" lon="-118.238681"/>
      <trkpt lat="35.192805" lon="-118.238524"/>
      <trkpt lat="35.192963" lon="-118.238394"/>
      <trkpt lat="35.193113" lon="-118.238270"/>
      <trkpt lat="35.193242" lon="-118.238123"/>
      <trkpt lat="35.193563" lon="-118.237217"/>
      <trkpt lat="35.193657" lon="-118.237087"/>
      <trkpt lat="35.193681" lon="-118.237080"/>
      <trkpt lat="35.194045" lon="-118.236973"/>
      <trkpt lat="35.194287" lon="-118.237058"/>
      <trkpt lat="35.194655" lon="-118.237003"/>
      <trkpt lat="35.195278" lon="-118.237068"/>
      <trkpt lat="35.195597" lon="-118.237038"/>
      <trkpt lat="35.195753" lon="-118.236973"/>
      <trkpt lat="35.196385" lon="-118.236438"/>
      <trkpt lat="35.196493" lon="-118.236297"/>
      <trkpt lat="35.196533" lon="-118.236117"/>
      <trkpt lat="35.196550" lon="-118.235735"/>
      <trkpt lat="35.196477" lon="-118.235392"/>
      <trkpt lat="35.196493" lon="-118.235207"/>
      <trkpt lat="35.196908" lon="-118.234777"/>
      <trkpt lat="35.196980" lon="-118.234610"/>
      <trkpt lat="35.196997" lon="-118.234412"/>
      <trkpt lat="35.196637" lon="-118.233465"/>
      <trkpt lat="35.196657" lon="-118.232990"/>
      <trkpt lat="35.196660" lon="-118.232918"/>
      <trkpt lat="35.196588" lon="-118.232790"/>
      <trkpt lat="35.196470" lon="-118.232737"/>
      <trkpt lat="35.196408" lon="-118.232567"/>
      <trkpt lat="35.196542" lon="-118.232394"/>
      <trkpt lat="35.196517" lon="-118.232348"/>
      <trkpt lat="35.196428" lon="-118.232248"/>
      <trkpt lat="35.197000" lon="-118.231968"/>
      <trkpt lat="35.197110" lon="-118.231962"/>
      <trkpt lat="35.197222" lon="-118.231890"/>
      <trkpt lat="35.197470" lon="-118.231552"/>
      <trkpt lat="35.197522" lon="-118.231377"/>
      <trkpt lat="35.197487" lon="-118.231035"/>
      <trkpt lat="35.197610" lon="-118.230522"/>
      <trkpt lat="35.198170" lon="-118.229902"/>
      <trkpt lat="35.198757" lon="-118.229388"/>
      <trkpt lat="35.198862" lon="-118.229062"/>
      <trkpt lat="35.198945" lon="-118.228945"/>
      <trkpt lat="35.199063" lon="-118.228968"/>
      <trkpt lat="35.199155" lon="-118.229107"/>
      <trkpt lat="35.199638" lon="-118.229353"/>
      <trkpt lat="35.199683" lon="-118.229276"/>
      <trkpt lat="35.199692" lon="-118.229259"/>
      <trkpt lat="35.199752" lon="-118.229157"/>
      <trkpt lat="35.200195" lon="-118.229183"/>
      <trkpt lat="35.200355" lon="-118.229142"/>
      <trkpt lat="35.200425" lon="-118.229139"/>
      <trkpt lat="35.200442" lon="-118.229202"/>
      <trkpt lat="35.200434" lon="-118.229523"/>
      <trkpt lat="35.200486" lon="-118.229585"/>
      <trkpt lat="35.200519" lon="-118.229621"/>
      <trkpt lat="35.200544" lon="-118.229688"/>
      <trkpt lat="35.200792" lon="-118.229893"/>
      <trkpt lat="35.201042" lon="-118.229973"/>
      <trkpt lat="35.201362" lon="-118.229897"/>
      <trkpt lat="35.201527" lon="-118.229869"/>
      <trkpt lat="35.201659" lon="-118.229913"/>
      <trkpt lat="35.201865" lon="-118.230194"/>
      <trkpt lat="35.202023" lon="-118.230531"/>
      <trkpt lat="35.202217" lon="-118.230737"/>
      <trkpt lat="35.202625" lon="-118.231002"/>
      <trkpt lat="35.202890" lon="-118.230893"/>
      <trkpt lat="35.203178" lon="-118.230902"/>
      <trkpt lat="35.203433" lon="-118.230700"/>
      <trkpt lat="35.203390" lon="-118.230175"/>
      <trkpt lat="35.203463" lon="-118.229835"/>
      <trkpt lat="35.203873" lon="-118.229747"/>
      <trkpt lat="35.204243" lon="-118.229812"/>
      <trkpt lat="35.204348" lon="-118.229767"/>
      <trkpt lat="35.204872" lon="-118.229523"/>
      <trkpt lat="35.205148" lon="-118.229483"/>
      <trkpt lat="35.205308" lon="-118.229505"/>
      <trkpt lat="35.205683" lon="-118.229858"/>
      <trkpt lat="35.205858" lon="-118.230113"/>
      <trkpt lat="35.205980" lon="-118.230130"/>
      <trkpt lat="35.206200" lon="-118.229732"/>
      <trkpt lat="35.206430" lon="-118.229507"/>
      <trkpt lat="35.206972" lon="-118.229252"/>
      <trkpt lat="35.207075" lon="-118.229375"/>
      <trkpt lat="35.207440" lon="-118.230150"/>
      <trkpt lat="35.207558" lon="-118.230488"/>
      <trkpt lat="35.207747" lon="-118.231450"/>
      <trkpt lat="35.208170" lon="-118.231430"/>
      <trkpt lat="35.208445" lon="-118.231577"/>
      <trkpt lat="35.208543" lon="-118.231687"/>
      <trkpt lat="35.208762" lon="-118.232098"/>
      <trkpt lat="35.209078" lon="-118.232550"/>
      <trkpt lat="35.209230" lon="-118.232965"/>
      <trkpt lat="35.209380" lon="-118.233200"/>
      <trkpt lat="35.209424" lon="-118.233330"/>
      <trkpt lat="35.209486" lon="-118.233681"/>
      <trkpt lat="35.209542" lon="-118.233752"/>
      <trkpt lat="35.209919" lon="-118.234308"/>
      <trkpt lat="35.210065" lon="-118.234566"/>
      <trkpt lat="35.210293" lon="-118.234663"/>
      <trkpt lat="35.210603" lon="-118.235197"/>
      <trkpt lat="35.210823" lon="-118.235255"/>
      <trkpt lat="35.211032" lon="-118.235363"/>
      <trkpt lat="35.211203" lon="-118.235637"/>
      <trkpt lat="35.211298" lon="-118.235757"/>
      <trkpt lat="35.211398" lon="-118.235643"/>
      <trkpt lat="35.211633" lon="-118.235870"/>
      <trkpt lat="35.211792" lon="-118.235652"/>
      <trkpt lat="35.211961" lon="-118.235694"/>
      <trkpt lat="35.212082" lon="-118.235640"/>
      <trkpt lat="35.212084" lon="-118.235583"/>
      <trkpt lat="35.212093" lon="-118.235535"/>
      <trkpt lat="35.212035" lon="-118.235485"/>
      <trkpt lat="35.211908" lon="-118.235252"/>
      <trkpt lat="35.211828" lon="-118.234700"/>
      <trkpt lat="35.211730" lon="-118.234365"/>
      <trkpt lat="35.211330" lon="-118.233842"/>
      <trkpt lat="35.211260" lon="-118.233687"/>
      <trkpt lat="35.211185" lon="-118.232295"/>
      <trkpt lat="35.211242" lon="-118.232122"/>
      <trkpt lat="35.211357" lon="-118.232008"/>
      <trkpt lat="35.211745" lon="-118.231932"/>
      <trkpt lat="35.212137" lon="-118.232130"/>
      <trkpt lat="35.212452" lon="-118.232098"/>
      <trkpt lat="35.212648" lon="-118.232338"/>
      <trkpt lat="35.212815" lon="-118.232752"/>
      <trkpt lat="35.213298" lon="-118.233058"/>
      <trkpt lat="35.213682" lon="-118.233457"/>
      <trkpt lat="35.213788" lon="-118.233900"/>
      <trkpt lat="35.214642" lon="-118.234332"/>
      <trkpt lat="35.214757" lon="-118.234308"/>
      <trkpt lat="35.214802" lon="-118.234170"/>
      <trkpt lat="35.214868" lon="-118.233822"/>
      <trkpt lat="35.214818" lon="-118.233502"/>
      <trkpt lat="35.214997" lon="-118.232970"/>
      <trkpt lat="35.215083" lon="-118.232493"/>
      <trkpt lat="35.215188" lon="-118.232357"/>
      <trkpt lat="35.215660" lon="-118.232673"/>
      <trkpt lat="35.215952" lon="-118.232702"/>
      <trkpt lat="35.216150" lon="-118.232880"/>
      <trkpt lat="35.216398" lon="-118.232748"/>
      <trkpt lat="35.216505" lon="-118.232837"/>
      <trkpt lat="35.216505" lon="-118.233143"/>
      <trkpt lat="35.216526" lon="-118.233198"/>
      <trkpt lat="35.217042" lon="-118.233165"/>
      <trkpt lat="35.217401" lon="-118.233454"/>
      <trkpt lat="35.217506" lon="-118.233627"/>
      <trkpt lat="35.217571" lon="-118.233729"/>
    </trkseg>
    <trkseg>
      <trkpt lat="35.217571" lon="-118.233729"/>
      <trkpt lat="35.217627" lon="-118.233771"/>
      <trkpt lat="35.217655" lon="-118.233754"/>
      <trkpt lat="35.217661" lon="-118.233654"/>
      <trkpt lat="35.217655" lon="-118.233352"/>
      <trkpt lat="35.217638" lon="-118.233243"/>
      <trkpt lat="35.217633" lon="-118.233179"/>
      <trkpt lat="35.217567" lon="-118.233011"/>
      <trkpt lat="35.217545" lon="-118.232901"/>
      <trkpt lat="35.217465" lon="-118.232675"/>
      <trkpt lat="35.217448" lon="-118.232527"/>
      <trkpt lat="35.217472" lon="-118.232378"/>
      <trkpt lat="35.217623" lon="-118.231857"/>
      <trkpt lat="35.217628" lon="-118.231781"/>
      <trkpt lat="35.217646" lon="-118.231638"/>
      <trkpt lat="35.217642" lon="-118.231476"/>
      <trkpt lat="35.217660" lon="-118.231435"/>
      <trkpt lat="35.217693" lon="-118.231422"/>
      <trkpt lat="35.217753" lon="-118.231434"/>
      <trkpt lat="35.217871" lon="-118.231504"/>
      <trkpt lat="35.217950" lon="-118.231531"/>
      <trkpt lat="35.218027" lon="-118.231516"/>
      <trkpt lat="35.218332" lon="-118.231390"/>
      <trkpt lat="35.218444" lon="-118.231367"/>
      <trkpt lat="35.218589" lon="-118.231395"/>
      <trkpt lat="35.218677" lon="-118.231427"/>
      <trkpt lat="35.218697" lon="-118.231475"/>
      <trkpt lat="35.218702" lon="-118.231681"/>
      <trkpt lat="35.218649" lon="-118.231911"/>
      <trkpt lat="35.218599" lon="-118.232039"/>
      <trkpt lat="35.218527" lon="-118.232127"/>
      <trkpt lat="35.218487" lon="-118.232195"/>
      <trkpt lat="35.218443" lon="-118.232330"/>
      <trkpt lat="35.218398" lon="-118.232428"/>
      <trkpt lat="35.218382" lon="-118.232597"/>
      <trkpt lat="35.218403" lon="-118.232745"/>
      <trkpt lat="35.218536" lon="-118.232980"/>
      <trkpt lat="35.218716" lon="-118.233184"/>
      <trkpt lat="35.218978" lon="-118.233391"/>
      <trkpt lat="35.219103" lon="-118.233506"/>
      <trkpt lat="35.219127" lon="-118.233558"/>
      <trkpt lat="35.219159" lon="-118.233580"/>
      <trkpt lat="35.219178" lon="-118.233558"/>
      <trkpt lat="35.219237" lon="-118.233313"/>
      <trkpt lat="35.219250" lon="-118.233223"/>
      <trkpt lat="35.219274" lon="-118.233125"/>
      <trkpt lat="35.219274" lon="-118.232848"/>
      <trkpt lat="35.219313" lon="-118.232755"/>
      <trkpt lat="35.219376" lon="-118.232716"/>
      <trkpt lat="35.219588" lon="-118.232648"/>
      <trkpt lat="35.219760" lon="-118.232658"/>
      <trkpt lat="35.219858" lon="-118.232654"/>
      <trkpt lat="35.219911" lon="-118.232614"/>
      <trkpt lat="35.219955" lon="-118.232523"/>
      <trkpt lat="35.219998" lon="-118.232414"/>
      <trkpt lat="35.220060" lon="-118.232316"/>
      <trkpt lat="35.220136" lon="-118.232283"/>
      <trkpt lat="35.220203" lon="-118.232233"/>
      <trkpt lat="35.220233" lon="-118.232161"/>
      <trkpt lat="35.220250" lon="-118.231815"/>
      <trkpt lat="35.220362" lon="-118.231540"/>
      <trkpt lat="35.220464" lon="-118.231452"/>
      <trkpt lat="35.220558" lon="-118.231333"/>
      <trkpt lat="35.220737" lon="-118.230978"/>
      <trkpt lat="35.220773" lon="-118.230812"/>
      <trkpt lat="35.220773" lon="-118.230645"/>
      <trkpt lat="35.220727" lon="-118.230393"/>
      <trkpt lat="35.220746" lon="-118.230334"/>
      <trkpt lat="35.220797" lon="-118.230327"/>
      <trkpt lat="35.220856" lon="-118.230378"/>
      <trkpt lat="35.220941" lon="-118.230460"/>
      <trkpt lat="35.221122" lon="-118.230596"/>
      <trkpt lat="35.221301" lon="-118.230807"/>
      <trkpt lat="35.221430" lon="-118.230935"/>
      <trkpt lat="35.221549" lon="-118.231029"/>
      <trkpt lat="35.221733" lon="-118.231317"/>
      <trkpt lat="35.221794" lon="-118.231475"/>
      <trkpt lat="35.221832" lon="-118.231591"/>
      <trkpt lat="35.221896" lon="-118.231631"/>
      <trkpt lat="35.222041" lon="-118.231612"/>
      <trkpt lat="35.222210" lon="-118.231653"/>
      <trkpt lat="35.222374" lon="-118.231557"/>
      <trkpt lat="35.222498" lon="-118.231594"/>
      <trkpt lat="35.222581" lon="-118.231698"/>
      <trkpt lat="35.222676" lon="-118.231771"/>
      <trkpt lat="35.222797" lon="-118.231958"/>
      <trkpt lat="35.222976" lon="-118.232067"/>
      <trkpt lat="35.223126" lon="-118.232082"/>
      <trkpt lat="35.223185" lon="-118.232111"/>
      <trkpt lat="35.223209" lon="-118.232151"/>
      <trkpt lat="35.223211" lon="-118.232384"/>
      <trkpt lat="35.223171" lon="-118.232599"/>
      <trkpt lat="35.223225" lon="-118.232735"/>
      <trkpt lat="35.223287" lon="-118.232842"/>
      <trkpt lat="35.223311" lon="-118.233035"/>
      <trkpt lat="35.223295" lon="-118.233192"/>
      <trkpt lat="35.223328" lon="-118.233322"/>
      <trkpt lat="35.223411" lon="-118.233367"/>
      <trkpt lat="35.223512" lon="-118.233377"/>
      <trkpt lat="35.223641" lon="-118.233317"/>
      <trkpt lat="35.223760" lon="-118.233220"/>
      <trkpt lat="35.223882" lon="-118.233262"/>
      <trkpt lat="35.223978" lon="-118.233328"/>
      <trkpt lat="35.224049" lon="-118.233305"/>
      <trkpt lat="35.224110" lon="-118.233198"/>
      <trkpt lat="35.224153" lon="-118.233222"/>
      <trkpt lat="35.224178" lon="-118.233273"/>
      <trkpt lat="35.224159" lon="-118.233367"/>
      <trkpt lat="35.224207" lon="-118.233509"/>
      <trkpt lat="35.224307" lon="-118.233502"/>
      <trkpt lat="35.224400" lon="-118.233482"/>
      <trkpt lat="35.224517" lon="-118.233393"/>
      <trkpt lat="35.224581" lon="-118.233369"/>
      <trkpt lat="35.224675" lon="-118.233396"/>
      <trkpt lat="35.224776" lon="-118.233482"/>
      <trkpt lat="35.224815" lon="-118.233530"/>
      <trkpt lat="35.224879" lon="-118.233541"/>
      <trkpt lat="35.224966" lon="-118.233519"/>
      <trkpt lat="35.225115" lon="-118.233501"/>
      <trkpt lat="35.225139" lon="-118.233446"/>
      <trkpt lat="35.225156" lon="-118.233324"/>
      <trkpt lat="35.225106" lon="-118.233143"/>
      <trkpt lat="35.224910" lon="-118.232994"/>
      <trkpt lat="35.224872" lon="-118.232947"/>
      <trkpt lat="35.224918" lon="-118.232938"/>
      <trkpt lat="35.225159" lon="-118.233002"/>
      <trkpt lat="35.225304" lon="-118.233152"/>
      <trkpt lat="35.225537" lon="-118.233377"/>
      <trkpt lat="35.225694" lon="-118.233600"/>
      <trkpt lat="35.225703" lon="-118.233782"/>
      <trkpt lat="35.225718" lon="-118.233865"/>
      <trkpt lat="35.225745" lon="-118.233943"/>
      <trkpt lat="35.225729" lon="-118.234085"/>
      <trkpt lat="35.225714" lon="-118.234174"/>
      <trkpt lat="35.225653" lon="-118.234283"/>
      <trkpt lat="35.225629" lon="-118.234313"/>
      <trkpt lat="35.225659" lon="-118.234384"/>
      <trkpt lat="35.225739" lon="-118.234458"/>
      <trkpt lat="35.225773" lon="-118.234496"/>
      <trkpt lat="35.225794" lon="-118.234553"/>
      <trkpt lat="35.225828" lon="-118.234634"/>
      <trkpt lat="35.225846" lon="-118.234679"/>
      <trkpt lat="35.225909" lon="-118.234775"/>
      <trkpt lat="35.226180" lon="-118.235252"/>
      <trkpt lat="35.226207" lon="-118.235424"/>
      <trkpt lat="35.226204" lon="-118.235601"/>
      <trkpt lat="35.226211" lon="-118.235767"/>
      <trkpt lat="35.226171" lon="-118.235968"/>
      <trkpt lat="35.226217" lon="-118.236057"/>
      <trkpt lat="35.226752" lon="-118.236446"/>
      <trkpt lat="35.226923" lon="-118.236620"/>
      <trkpt lat="35.227065" lon="-118.236730"/>
      <trkpt lat="35.227179" lon="-118.236746"/>
      <trkpt lat="35.227311" lon="-118.236837"/>
      <trkpt lat="35.227495" lon="-118.237248"/>
      <trkpt lat="35.227574" lon="-118.237338"/>
      <trkpt lat="35.227767" lon="-118.237344"/>
      <trkpt lat="35.227894" lon="-118.237301"/>
      <trkpt lat="35.228038" lon="-118.237315"/>
      <trkpt lat="35.228163" lon="-118.237336"/>
      <trkpt lat="35.228271" lon="-118.237419"/>
      <trkpt lat="35.228384" lon="-118.237621"/>
      <trkpt lat="35.228498" lon="-118.237792"/>
      <trkpt lat="35.228610" lon="-118.237883"/>
      <trkpt lat="35.228746" lon="-118.237862"/>
      <trkpt lat="35.228882" lon="-118.237816"/>
      <trkpt lat="35.229046" lon="-118.237792"/>
      <trkpt lat="35.229185" lon="-118.237807"/>
      <trkpt lat="35.229285" lon="-118.237830"/>
      <trkpt lat="35.229394" lon="-118.237956"/>
      <trkpt lat="35.229456" lon="-118.237983"/>
      <trkpt lat="35.229614" lon="-118.237977"/>
      <trkpt lat="35.229935" lon="-118.238022"/>
      <trkpt lat="35.230082" lon="-118.238016"/>
      <trkpt lat="35.230221" lon="-118.237969"/>
      <trkpt lat="35.230392" lon="-118.237847"/>
      <trkpt lat="35.230766" lon="-118.237925"/>
      <trkpt lat="35.230860" lon="-118.237965"/>
      <trkpt lat="35.230967" lon="-118.237992"/>
      <trkpt lat="35.231003" lon="-118.237981"/>
      <trkpt lat="35.231011" lon="-118.237943"/>
      <trkpt lat="35.231005" lon="-118.237851"/>
      <trkpt lat="35.231004" lon="-118.237712"/>
      <trkpt lat="35.231045" lon="-118.237626"/>
      <trkpt lat="35.231100" lon="-118.237596"/>
      <trkpt lat="35.231146" lon="-118.237607"/>
      <trkpt lat="35.231179" lon="-118.237647"/>
      <trkpt lat="35.231225" lon="-118.237806"/>
      <trkpt lat="35.231256" lon="-118.237926"/>
      <trkpt lat="35.231304" lon="-118.238003"/>
      <trkpt lat="35.231346" lon="-118.238030"/>
      <trkpt lat="35.231578" lon="-118.238038"/>
      <trkpt lat="35.231724" lon="-118.238024"/>
      <trkpt lat="35.231812" lon="-118.237999"/>
      <trkpt lat="35.231855" lon="-118.238010"/>
      <trkpt lat="35.231864" lon="-118.238044"/>
      <trkpt lat="35.231883" lon="-118.238102"/>
      <trkpt lat="35.231872" lon="-118.238168"/>
      <trkpt lat="35.231803" lon="-118.238234"/>
      <trkpt lat="35.231743" lon="-118.238284"/>
      <trkpt lat="35.231705" lon="-118.238341"/>
      <trkpt lat="35.231690" lon="-118.238389"/>
      <trkpt lat="35.231711" lon="-118.238433"/>
      <trkpt lat="35.231825" lon="-118.238559"/>
      <trkpt lat="35.231862" lon="-118.238617"/>
      <trkpt lat="35.232031" lon="-118.238704"/>
      <trkpt lat="35.232517" lon="-118.238833"/>
      <trkpt lat="35.232809" lon="-118.238925"/>
      <trkpt lat="35.233013" lon="-118.238962"/>
      <trkpt lat="35.233111" lon="-118.238971"/>
      <trkpt lat="35.233232" lon="-118.238946"/>
      <trkpt lat="35.233350" lon="-118.238893"/>
      <trkpt lat="35.233456" lon="-118.238801"/>
      <trkpt lat="35.233568" lon="-118.238713"/>
      <trkpt lat="35.233635" lon="-118.238679"/>
      <trkpt lat="35.233775" lon="-118.238473"/>
      <trkpt lat="35.233822" lon="-118.238452"/>
      <trkpt lat="35.233874" lon="-118.238466"/>
      <trkpt lat="35.233891" lon="-118.238524"/>
      <trkpt lat="35.233954" lon="-118.238637"/>
      <trkpt lat="35.234062" lon="-118.238753"/>
      <trkpt lat="35.234143" lon="-118.238794"/>
      <trkpt lat="35.234428" lon="-118.238884"/>
      <trkpt lat="35.234695" lon="-118.238915"/>
      <trkpt lat="35.234949" lon="-118.239067"/>
      <trkpt lat="35.234989" lon="-118.239115"/>
      <trkpt lat="35.235075" lon="-118.239105"/>
      <trkpt lat="35.235177" lon="-118.239084"/>
      <trkpt lat="35.235381" lon="-118.239090"/>
      <trkpt lat="35.235491" lon="-118.239074"/>
      <trkpt lat="35.235602" lon="-118.239001"/>
      <trkpt lat="35.235664" lon="-118.239073"/>
      <trkpt lat="35.235652" lon="-118.239172"/>
      <trkpt lat="35.235623" lon="-118.239345"/>
      <trkpt lat="35.235609" lon="-118.239479"/>
      <trkpt lat="35.235574" lon="-118.239623"/>
      <trkpt lat="35.235548" lon="-118.239760"/>
      <trkpt lat="35.235569" lon="-118.239913"/>
      <trkpt lat="35.235543" lon="-118.239986"/>
      <trkpt lat="35.235553" lon="-118.240134"/>
      <trkpt lat="35.235553" lon="-118.240236"/>
      <trkpt lat="35.235598" lon="-118.240331"/>
      <trkpt lat="35.235678" lon="-118.240394"/>
      <trkpt lat="35.235768" lon="-118.240527"/>
      <trkpt lat="35.235908" lon="-118.240763"/>
      <trkpt lat="35.235980" lon="-118.240837"/>
      <trkpt lat="35.236152" lon="-118.240999"/>
      <trkpt lat="35.236252" lon="-118.241027"/>
      <trkpt lat="35.236377" lon="-118.241034"/>
      <trkpt lat="35.236522" lon="-118.240995"/>
      <trkpt lat="35.236618" lon="-118.240952"/>
      <trkpt lat="35.236735" lon="-118.240869"/>
      <trkpt lat="35.236797" lon="-118.240835"/>
      <trkpt lat="35.237260" lon="-118.240535"/>
      <trkpt lat="35.237405" lon="-118.240427"/>
      <trkpt lat="35.237472" lon="-118.240354"/>
      <trkpt lat="35.237498" lon="-118.240289"/>
      <trkpt lat="35.237575" lon="-118.240131"/>
      <trkpt lat="35.237628" lon="-118.239968"/>
      <trkpt lat="35.237667" lon="-118.239925"/>
      <trkpt lat="35.237713" lon="-118.239951"/>
      <trkpt lat="35.237761" lon="-118.240051"/>
      <trkpt lat="35.237794" lon="-118.240190"/>
      <trkpt lat="35.237869" lon="-118.240375"/>
      <trkpt lat="35.237923" lon="-118.240667"/>
      <trkpt lat="35.238158" lon="-118.241122"/>
      <trkpt lat="35.238232" lon="-118.241220"/>
      <trkpt lat="35.238478" lon="-118.241370"/>
      <trkpt lat="35.238672" lon="-118.241498"/>
      <trkpt lat="35.238738" lon="-118.241612"/>
      <trkpt lat="35.238775" lon="-118.241663"/>
      <trkpt lat="35.238870" lon="-118.241750"/>
      <trkpt lat="35.238920" lon="-118.241836"/>
      <trkpt lat="35.238928" lon="-118.241876"/>
      <trkpt lat="35.238920" lon="-118.241925"/>
      <trkpt lat="35.238898" lon="-118.241955"/>
      <trkpt lat="35.238874" lon="-118.241962"/>
      <trkpt lat="35.238833" lon="-118.241948"/>
      <trkpt lat="35.238772" lon="-118.241956"/>
      <trkpt lat="35.238679" lon="-118.241950"/>
      <trkpt lat="35.238551" lon="-118.241876"/>
      <trkpt lat="35.238500" lon="-118.241869"/>
      <trkpt lat="35.238442" lon="-118.241888"/>
      <trkpt lat="35.238368" lon="-118.241927"/>
      <trkpt lat="35.238321" lon="-118.241966"/>
      <trkpt lat="35.238230" lon="-118.241980"/>
      <trkpt lat="35.238182" lon="-118.242011"/>
      <trkpt lat="35.238040" lon="-118.242199"/>
      <trkpt lat="35.237991" lon="-118.242359"/>
      <trkpt lat="35.237920" lon="-118.242439"/>
      <trkpt lat="35.237862" lon="-118.242552"/>
      <trkpt lat="35.237762" lon="-118.242709"/>
      <trkpt lat="35.237654" lon="-118.242814"/>
      <trkpt lat="35.237585" lon="-118.243037"/>
      <trkpt lat="35.237575" lon="-118.243096"/>
      <trkpt lat="35.237574" lon="-118.243233"/>
      <trkpt lat="35.237592" lon="-118.243399"/>
      <trkpt lat="35.237635" lon="-118.243636"/>
      <trkpt lat="35.237667" lon="-118.243733"/>
      <trkpt lat="35.237718" lon="-118.243816"/>
      <trkpt lat="35.237863" lon="-118.243975"/>
      <trkpt lat="35.237968" lon="-118.244112"/>
      <trkpt lat="35.238098" lon="-118.244433"/>
      <trkpt lat="35.238324" lon="-118.244852"/>
      <trkpt lat="35.238366" lon="-118.244915"/>
      <trkpt lat="35.238404" lon="-118.245018"/>
      <trkpt lat="35.238495" lon="-118.245143"/>
      <trkpt lat="35.238653" lon="-118.245309"/>
      <trkpt lat="35.238849" lon="-118.245546"/>
      <trkpt lat="35.239008" lon="-118.245717"/>
      <trkpt lat="35.239216" lon="-118.245923"/>
      <trkpt lat="35.239295" lon="-118.246006"/>
      <trkpt lat="35.239436" lon="-118.246206"/>
      <trkpt lat="35.239451" lon="-118.246297"/>
      <trkpt lat="35.239480" lon="-118.246377"/>
      <trkpt lat="35.239537" lon="-118.246426"/>
      <trkpt lat="35.239707" lon="-118.246479"/>
      <trkpt lat="35.239920" lon="-118.246530"/>
      <trkpt lat="35.240067" lon="-118.246543"/>
      <trkpt lat="35.240242" lon="-118.246522"/>
      <trkpt lat="35.240318" lon="-118.246572"/>
      <trkpt lat="35.240528" lon="-118.246841"/>
      <trkpt lat="35.240588" lon="-118.246924"/>
      <trkpt lat="35.240682" lon="-118.246977"/>
      <trkpt lat="35.240880" lon="-118.247103"/>
      <trkpt lat="35.240913" lon="-118.247107"/>
      <trkpt lat="35.241100" lon="-118.247151"/>
      <trkpt lat="35.241329" lon="-118.247385"/>
      <trkpt lat="35.241516" lon="-118.247498"/>
      <trkpt lat="35.241626" lon="-118.247546"/>
      <trkpt lat="35.241759" lon="-118.247557"/>
      <trkpt lat="35.241864" lon="-118.247541"/>
      <trkpt lat="35.241978" lon="-118.247474"/>
      <trkpt lat="35.242088" lon="-118.247366"/>
      <trkpt lat="35.242328" lon="-118.247197"/>
      <trkpt lat="35.242448" lon="-118.247126"/>
      <trkpt lat="35.242565" lon="-118.247074"/>
      <trkpt lat="35.242687" lon="-118.246979"/>
      <trkpt lat="35.243175" lon="-118.246523"/>
      <trkpt lat="35.243234" lon="-118.246517"/>
      <trkpt lat="35.243278" lon="-118.246545"/>
      <trkpt lat="35.243319" lon="-118.246628"/>
      <trkpt lat="35.243319" lon="-118.246735"/>
      <trkpt lat="35.243269" lon="-118.246893"/>
      <trkpt lat="35.243258" lon="-118.247062"/>
      <trkpt lat="35.243220" lon="-118.247140"/>
      <trkpt lat="35.243147" lon="-118.247388"/>
      <trkpt lat="35.243198" lon="-118.247547"/>
      <trkpt lat="35.243278" lon="-118.247657"/>
      <trkpt lat="35.243485" lon="-118.247834"/>
      <trkpt lat="35.243575" lon="-118.247888"/>
      <trkpt lat="35.243702" lon="-118.247915"/>
      <trkpt lat="35.243753" lon="-118.247952"/>
      <trkpt lat="35.243779" lon="-118.248054"/>
      <trkpt lat="35.243779" lon="-118.248181"/>
      <trkpt lat="35.243766" lon="-118.248331"/>
      <trkpt lat="35.243785" lon="-118.248485"/>
      <trkpt lat="35.243801" lon="-118.248556"/>
      <trkpt lat="35.243757" lon="-118.248610"/>
      <trkpt lat="35.243678" lon="-118.248658"/>
      <trkpt lat="35.243536" lon="-118.248773"/>
      <trkpt lat="35.243472" lon="-118.248894"/>
      <trkpt lat="35.243415" lon="-118.248966"/>
      <trkpt lat="35.243356" lon="-118.249122"/>
      <trkpt lat="35.243337" lon="-118.249298"/>
      <trkpt lat="35.243362" lon="-118.249785"/>
      <trkpt lat="35.243468" lon="-118.250082"/>
      <trkpt lat="35.243898" lon="-118.250743"/>
      <trkpt lat="35.244100" lon="-118.250962"/>
      <trkpt lat="35.244167" lon="-118.251008"/>
      <trkpt lat="35.244300" lon="-118.251040"/>
      <trkpt lat="35.244467" lon="-118.251021"/>
      <trkpt lat="35.244805" lon="-118.250957"/>
      <trkpt lat="35.245035" lon="-118.250883"/>
      <trkpt lat="35.245317" lon="-118.250849"/>
      <trkpt lat="35.245448" lon="-118.250826"/>
      <trkpt lat="35.245563" lon="-118.250777"/>
      <trkpt lat="35.245756" lon="-118.250627"/>
      <trkpt lat="35.245820" lon="-118.250538"/>
      <trkpt lat="35.245935" lon="-118.250310"/>
      <trkpt lat="35.245967" lon="-118.249995"/>
      <trkpt lat="35.245988" lon="-118.249937"/>
      <trkpt lat="35.246032" lon="-118.249916"/>
      <trkpt lat="35.246078" lon="-118.249907"/>
      <trkpt lat="35.246254" lon="-118.249885"/>
      <trkpt lat="35.246341" lon="-118.249839"/>
      <trkpt lat="35.246421" lon="-118.249787"/>
      <trkpt lat="35.246457" lon="-118.249787"/>
      <trkpt lat="35.246482" lon="-118.249795"/>
      <trkpt lat="35.246718" lon="-118.249935"/>
      <trkpt lat="35.246873" lon="-118.250330"/>
      <trkpt lat="35.247050" lon="-118.250608"/>
      <trkpt lat="35.247408" lon="-118.250883"/>
      <trkpt lat="35.247592" lon="-118.250927"/>
      <trkpt lat="35.247743" lon="-118.250670"/>
      <trkpt lat="35.247790" lon="-118.250500"/>
      <trkpt lat="35.247683" lon="-118.249798"/>
      <trkpt lat="35.247820" lon="-118.249104"/>
      <trkpt lat="35.247783" lon="-118.248717"/>
      <trkpt lat="35.247867" lon="-118.248658"/>
      <trkpt lat="35.248025" lon="-118.248670"/>
      <trkpt lat="35.248307" lon="-118.248540"/>
      <trkpt lat="35.248425" lon="-118.248600"/>
      <trkpt lat="35.248522" lon="-118.248737"/>
      <trkpt lat="35.248890" lon="-118.249043"/>
      <trkpt lat="35.249100" lon="-118.249181"/>
      <trkpt lat="35.249319" lon="-118.249278"/>
      <trkpt lat="35.249533" lon="-118.249272"/>
      <trkpt lat="35.249797" lon="-118.249188"/>
      <trkpt lat="35.250199" lon="-118.249249"/>
      <trkpt lat="35.250504" lon="-118.249594"/>
      <trkpt lat="35.250675" lon="-118.249638"/>
      <trkpt lat="35.250832" lon="-118.249531"/>
      <trkpt lat="35.250865" lon="-118.249336"/>
      <trkpt lat="35.250837" lon="-118.249132"/>
      <trkpt lat="35.250725" lon="-118.248778"/>
      <trkpt lat="35.250540" lon="-118.248477"/>
      <trkpt lat="35.250464" lon="-118.247727"/>
      <trkpt lat="35.250480" lon="-118.247706"/>
      <trkpt lat="35.250499" lon="-118.247722"/>
      <trkpt lat="35.250567" lon="-118.248046"/>
      <trkpt lat="35.250670" lon="-118.248384"/>
      <trkpt lat="35.251084" lon="-118.248864"/>
      <trkpt lat="35.251091" lon="-118.248886"/>
      <trkpt lat="35.251216" lon="-118.249098"/>
      <trkpt lat="35.251297" lon="-118.249259"/>
      <trkpt lat="35.251367" lon="-118.249422"/>
      <trkpt lat="35.251395" lon="-118.249543"/>
      <trkpt lat="35.251402" lon="-118.249605"/>
      <trkpt lat="35.251387" lon="-118.249688"/>
      <trkpt lat="35.251351" lon="-118.249771"/>
      <trkpt lat="35.251306" lon="-118.249817"/>
      <trkpt lat="35.251238" lon="-118.249865"/>
      <trkpt lat="35.251220" lon="-118.249905"/>
      <trkpt lat="35.251220" lon="-118.249943"/>
      <trkpt lat="35.251262" lon="-118.249948"/>
      <trkpt lat="35.251343" lon="-118.249897"/>
      <trkpt lat="35.251463" lon="-118.249801"/>
      <trkpt lat="35.251514" lon="-118.249720"/>
      <trkpt lat="35.251540" lon="-118.249613"/>
      <trkpt lat="35.251540" lon="-118.249194"/>
      <trkpt lat="35.251522" lon="-118.249103"/>
      <trkpt lat="35.251476" lon="-118.248934"/>
      <trkpt lat="35.251367" lon="-118.248580"/>
      <trkpt lat="35.251356" lon="-118.248502"/>
      <trkpt lat="35.251321" lon="-118.248398"/>
      <trkpt lat="35.251262" lon="-118.248261"/>
      <trkpt lat="35.251178" lon="-118.248108"/>
      <trkpt lat="35.251157" lon="-118.248025"/>
      <trkpt lat="35.251157" lon="-118.247936"/>
      <trkpt lat="35.251164" lon="-118.247921"/>
      <trkpt lat="35.251170" lon="-118.247910"/>
      <trkpt lat="35.251187" lon="-118.247896"/>
      <trkpt lat="35.251277" lon="-118.247877"/>
      <trkpt lat="35.251400" lon="-118.247888"/>
      <trkpt lat="35.251720" lon="-118.248006"/>
      <trkpt lat="35.251814" lon="-118.248028"/>
      <trkpt lat="35.251864" lon="-118.248062"/>
      <trkpt lat="35.251945" lon="-118.248146"/>
      <trkpt lat="35.251989" lon="-118.248162"/>
      <trkpt lat="35.252048" lon="-118.248162"/>
      <trkpt lat="35.252103" lon="-118.248151"/>
      <trkpt lat="35.252173" lon="-118.248156"/>
      <trkpt lat="35.252425" lon="-118.248258"/>
      <trkpt lat="35.252556" lon="-118.248371"/>
      <trkpt lat="35.252650" lon="-118.248489"/>
      <trkpt lat="35.252747" lon="-118.248580"/>
      <trkpt lat="35.252898" lon="-118.248687"/>
      <trkpt lat="35.253051" lon="-118.248752"/>
      <trkpt lat="35.253222" lon="-118.248792"/>
      <trkpt lat="35.253454" lon="-118.248803"/>
      <trkpt lat="35.253566" lon="-118.248787"/>
      <trkpt lat="35.253664" lon="-118.248744"/>
      <trkpt lat="35.253748" lon="-118.248682"/>
      <trkpt lat="35.253857" lon="-118.248583"/>
      <trkpt lat="35.253980" lon="-118.248406"/>
      <trkpt lat="35.254061" lon="-118.248231"/>
      <trkpt lat="35.254081" lon="-118.248143"/>
      <trkpt lat="35.254074" lon="-118.248062"/>
      <trkpt lat="35.253989" lon="-118.247727"/>
      <trkpt lat="35.253991" lon="-118.247684"/>
      <trkpt lat="35.254013" lon="-118.247649"/>
      <trkpt lat="35.254188" lon="-118.247523"/>
      <trkpt lat="35.254219" lon="-118.247472"/>
      <trkpt lat="35.254286" lon="-118.247440"/>
      <trkpt lat="35.254346" lon="-118.247456"/>
      <trkpt lat="35.254416" lon="-118.247499"/>
      <trkpt lat="35.254922" lon="-118.247507"/>
      <trkpt lat="35.254998" lon="-118.247480"/>
      <trkpt lat="35.255077" lon="-118.247373"/>
      <trkpt lat="35.255132" lon="-118.247228"/>
      <trkpt lat="35.255152" lon="-118.247116"/>
      <trkpt lat="35.255136" lon="-118.246847"/>
      <trkpt lat="35.255143" lon="-118.246807"/>
      <trkpt lat="35.255160" lon="-118.246775"/>
      <trkpt lat="35.255193" lon="-118.246756"/>
      <trkpt lat="35.255224" lon="-118.246764"/>
      <trkpt lat="35.255412" lon="-118.246877"/>
      <trkpt lat="35.255513" lon="-118.246880"/>
      <trkpt lat="35.255609" lon="-118.246925"/>
      <trkpt lat="35.255800" lon="-118.246992"/>
      <trkpt lat="35.255938" lon="-118.247027"/>
      <trkpt lat="35.256056" lon="-118.247097"/>
      <trkpt lat="35.256577" lon="-118.247788"/>
      <trkpt lat="35.256733" lon="-118.248085"/>
      <trkpt lat="35.257207" lon="-118.248540"/>
      <trkpt lat="35.257513" lon="-118.248972"/>
      <trkpt lat="35.257649" lon="-118.249095"/>
      <trkpt lat="35.257850" lon="-118.249127"/>
      <trkpt lat="35.258073" lon="-118.249255"/>
      <trkpt lat="35.258238" lon="-118.249238"/>
      <trkpt lat="35.258293" lon="-118.249360"/>
      <trkpt lat="35.258245" lon="-118.249505"/>
      <trkpt lat="35.258179" lon="-118.249664"/>
      <trkpt lat="35.257968" lon="-118.249845"/>
      <trkpt lat="35.257846" lon="-118.249902"/>
      <trkpt lat="35.257770" lon="-118.249993"/>
      <trkpt lat="35.257738" lon="-118.250071"/>
      <trkpt lat="35.257737" lon="-118.250121"/>
      <trkpt lat="35.257811" lon="-118.250220"/>
      <trkpt lat="35.257737" lon="-118.250319"/>
      <trkpt lat="35.257678" lon="-118.250369"/>
      <trkpt lat="35.257559" lon="-118.250415"/>
      <trkpt lat="35.257505" lon="-118.250444"/>
      <trkpt lat="35.257463" lon="-118.250472"/>
      <trkpt lat="35.257441" lon="-118.250514"/>
      <trkpt lat="35.257457" lon="-118.250670"/>
      <trkpt lat="35.257433" lon="-118.251156"/>
      <trkpt lat="35.257675" lon="-118.251442"/>
      <trkpt lat="35.257888" lon="-118.251810"/>
      <trkpt lat="35.258098" lon="-118.251964"/>
      <trkpt lat="35.258408" lon="-118.252519"/>
      <trkpt lat="35.258702" lon="-118.252633"/>
      <trkpt lat="35.258760" lon="-118.252722"/>
      <trkpt lat="35.258867" lon="-118.252771"/>
      <trkpt lat="35.258987" lon="-118.252773"/>
      <trkpt lat="35.259329" lon="-118.252601"/>
      <trkpt lat="35.259469" lon="-118.252534"/>
      <trkpt lat="35.259523" lon="-118.252419"/>
      <trkpt lat="35.259717" lon="-118.252275"/>
      <trkpt lat="35.259774" lon="-118.252125"/>
      <trkpt lat="35.259789" lon="-118.251940"/>
      <trkpt lat="35.259943" lon="-118.251835"/>
      <trkpt lat="35.260039" lon="-118.251742"/>
      <trkpt lat="35.260234" lon="-118.251441"/>
      <trkpt lat="35.260309" lon="-118.251412"/>
      <trkpt lat="35.260401" lon="-118.251468"/>
      <trkpt lat="35.260490" lon="-118.251475"/>
      <trkpt lat="35.260585" lon="-118.251359"/>
      <trkpt lat="35.260918" lon="-118.251180"/>
      <trkpt lat="35.261041" lon="-118.251234"/>
      <trkpt lat="35.261181" lon="-118.251360"/>
      <trkpt lat="35.261258" lon="-118.251397"/>
      <trkpt lat="35.261319" lon="-118.251355"/>
      <trkpt lat="35.261349" lon="-118.251203"/>
      <trkpt lat="35.261372" lon="-118.250967"/>
      <trkpt lat="35.261332" lon="-118.250677"/>
      <trkpt lat="35.261383" lon="-118.250552"/>
      <trkpt lat="35.261463" lon="-118.250456"/>
      <trkpt lat="35.261481" lon="-118.250479"/>
      <trkpt lat="35.261486" lon="-118.250554"/>
      <trkpt lat="35.261469" lon="-118.250629"/>
      <trkpt lat="35.261474" lon="-118.250754"/>
      <trkpt lat="35.261517" lon="-118.250825"/>
      <trkpt lat="35.261540" lon="-118.250888"/>
      <trkpt lat="35.261545" lon="-118.250959"/>
      <trkpt lat="35.261540" lon="-118.251044"/>
      <trkpt lat="35.261611" lon="-118.251261"/>
      <trkpt lat="35.261674" lon="-118.251396"/>
      <trkpt lat="35.261724" lon="-118.251553"/>
      <trkpt lat="35.261721" lon="-118.251607"/>
      <trkpt lat="35.261705" lon="-118.251651"/>
      <trkpt lat="35.261534" lon="-118.251795"/>
      <trkpt lat="35.261455" lon="-118.251834"/>
      <trkpt lat="35.261328" lon="-118.251873"/>
      <trkpt lat="35.261245" lon="-118.251905"/>
      <trkpt lat="35.261201" lon="-118.251946"/>
      <trkpt lat="35.261124" lon="-118.252007"/>
      <trkpt lat="35.260933" lon="-118.252244"/>
      <trkpt lat="35.260892" lon="-118.252316"/>
      <trkpt lat="35.260853" lon="-118.252401"/>
      <trkpt lat="35.260782" lon="-118.252712"/>
      <trkpt lat="35.260741" lon="-118.252791"/>
      <trkpt lat="35.260719" lon="-118.252845"/>
      <trkpt lat="35.260717" lon="-118.252923"/>
      <trkpt lat="35.260757" lon="-118.253049"/>
      <trkpt lat="35.260811" lon="-118.253179"/>
      <trkpt lat="35.260846" lon="-118.253238"/>
      <trkpt lat="35.260874" lon="-118.253251"/>
      <trkpt lat="35.260895" lon="-118.253247"/>
      <trkpt lat="35.260914" lon="-118.253220"/>
      <trkpt lat="35.260923" lon="-118.253160"/>
      <trkpt lat="35.260925" lon="-118.252982"/>
      <trkpt lat="35.260919" lon="-118.252845"/>
      <trkpt lat="35.260924" lon="-118.252763"/>
      <trkpt lat="35.260951" lon="-118.252656"/>
      <trkpt lat="35.261030" lon="-118.252488"/>
      <trkpt lat="35.261079" lon="-118.252430"/>
      <trkpt lat="35.261143" lon="-118.252401"/>
      <trkpt lat="35.261210" lon="-118.252379"/>
      <trkpt lat="35.261261" lon="-118.252346"/>
      <trkpt lat="35.261336" lon="-118.252275"/>
      <trkpt lat="35.261423" lon="-118.252228"/>
      <trkpt lat="35.261476" lon="-118.252212"/>
      <trkpt lat="35.261834" lon="-118.252047"/>
      <trkpt lat="35.261877" lon="-118.252048"/>
      <trkpt lat="35.261913" lon="-118.252036"/>
      <trkpt lat="35.261995" lon="-118.251937"/>
      <trkpt lat="35.262037" lon="-118.251893"/>
      <trkpt lat="35.262124" lon="-118.251859"/>
      <trkpt lat="35.262176" lon="-118.251818"/>
      <trkpt lat="35.262225" lon="-118.251756"/>
      <trkpt lat="35.262257" lon="-118.251695"/>
      <trkpt lat="35.262271" lon="-118.251627"/>
      <trkpt lat="35.262274" lon="-118.251548"/>
      <trkpt lat="35.262247" lon="-118.251441"/>
      <trkpt lat="35.262246" lon="-118.251388"/>
      <trkpt lat="35.262272" lon="-118.251237"/>
      <trkpt lat="35.262288" lon="-118.251194"/>
      <trkpt lat="35.262321" lon="-118.251159"/>
      <trkpt lat="35.262342" lon="-118.251123"/>
      <trkpt lat="35.262374" lon="-118.251044"/>
      <trkpt lat="35.262399" lon="-118.250945"/>
      <trkpt lat="35.262434" lon="-118.250877"/>
      <trkpt lat="35.262535" lon="-118.250711"/>
      <trkpt lat="35.262604" lon="-118.250636"/>
      <trkpt lat="35.262669" lon="-118.250594"/>
      <trkpt lat="35.262740" lon="-118.250566"/>
      <trkpt lat="35.262796" lon="-118.250556"/>
      <trkpt lat="35.262908" lon="-118.250554"/>
      <trkpt lat="35.262940" lon="-118.250540"/>
      <trkpt lat="35.262963" lon="-118.250518"/>
      <trkpt lat="35.262976" lon="-118.250482"/>
      <trkpt lat="35.262971" lon="-118.250350"/>
      <trkpt lat="35.262994" lon="-118.250220"/>
      <trkpt lat="35.262989" lon="-118.250176"/>
      <trkpt lat="35.262989" lon="-118.250118"/>
      <trkpt lat="35.263006" lon="-118.250058"/>
      <trkpt lat="35.263041" lon="-118.249998"/>
      <trkpt lat="35.263140" lon="-118.249910"/>
      <trkpt lat="35.263201" lon="-118.249865"/>
      <trkpt lat="35.263257" lon="-118.249838"/>
      <trkpt lat="35.263307" lon="-118.249821"/>
      <trkpt lat="35.263371" lon="-118.249811"/>
      <trkpt lat="35.263418" lon="-118.249797"/>
      <trkpt lat="35.263502" lon="-118.249754"/>
      <trkpt lat="35.263577" lon="-118.249735"/>
      <trkpt lat="35.263647" lon="-118.249731"/>
      <trkpt lat="35.263773" lon="-118.249747"/>
      <trkpt lat="35.263979" lon="-118.249728"/>
      <trkpt lat="35.264067" lon="-118.249737"/>
      <trkpt lat="35.264130" lon="-118.249758"/>
      <trkpt lat="35.264204" lon="-118.249801"/>
      <trkpt lat="35.264238" lon="-118.249850"/>
      <trkpt lat="35.264262" lon="-118.249940"/>
      <trkpt lat="35.264319" lon="-118.250075"/>
      <trkpt lat="35.264374" lon="-118.250191"/>
      <trkpt lat="35.264407" lon="-118.250226"/>
      <trkpt lat="35.264438" lon="-118.250247"/>
      <trkpt lat="35.264489" lon="-118.250259"/>
      <trkpt lat="35.264528" lon="-118.250254"/>
      <trkpt lat="35.264562" lon="-118.250228"/>
      <trkpt lat="35.264615" lon="-118.250163"/>
      <trkpt lat="35.264652" lon="-118.250132"/>
      <trkpt lat="35.264700" lon="-118.250102"/>
      <trkpt lat="35.264752" lon="-118.250098"/>
      <trkpt lat="35.264823" lon="-118.250108"/>
      <trkpt lat="35.264875" lon="-118.250096"/>
      <trkpt lat="35.264951" lon="-118.250096"/>
      <trkpt lat="35.265032" lon="-118.250086"/>
      <trkpt lat="35.265135" lon="-118.250082"/>
      <trkpt lat="35.265203" lon="-118.250073"/>
      <trkpt lat="35.265239" lon="-118.250054"/>
      <trkpt lat="35.265269" lon="-118.250016"/>
      <trkpt lat="35.265295" lon="-118.249945"/>
      <trkpt lat="35.265313" lon="-118.249870"/>
      <trkpt lat="35.265346" lon="-118.249790"/>
      <trkpt lat="35.265452" lon="-118.249625"/>
      <trkpt lat="35.265499" lon="-118.249581"/>
      <trkpt lat="35.265552" lon="-118.249563"/>
      <trkpt lat="35.265626" lon="-118.249562"/>
      <trkpt lat="35.265700" lon="-118.249585"/>
      <trkpt lat="35.265762" lon="-118.249632"/>
      <trkpt lat="35.265791" lon="-118.249645"/>
      <trkpt lat="35.265843" lon="-118.249652"/>
      <trkpt lat="35.265934" lon="-118.249684"/>
      <trkpt lat="35.266026" lon="-118.249720"/>
      <trkpt lat="35.266058" lon="-118.249743"/>
      <trkpt lat="35.266080" lon="-118.249788"/>
      <trkpt lat="35.266077" lon="-118.249845"/>
      <trkpt lat="35.266067" lon="-118.249873"/>
      <trkpt lat="35.266065" lon="-118.249912"/>
      <trkpt lat="35.266077" lon="-118.249952"/>
      <trkpt lat="35.266084" lon="-118.249995"/>
      <trkpt lat="35.266077" lon="-118.250126"/>
      <trkpt lat="35.266060" lon="-118.250269"/>
      <trkpt lat="35.266044" lon="-118.250340"/>
      <trkpt lat="35.266032" lon="-118.250420"/>
      <trkpt lat="35.266003" lon="-118.250496"/>
      <trkpt lat="35.265935" lon="-118.250627"/>
      <trkpt lat="35.265900" lon="-118.250719"/>
      <trkpt lat="35.265898" lon="-118.250847"/>
      <trkpt lat="35.265890" lon="-118.250997"/>
      <trkpt lat="35.265890" lon="-118.251095"/>
      <trkpt lat="35.265850" lon="-118.251265"/>
      <trkpt lat="35.265836" lon="-118.251376"/>
      <trkpt lat="35.265847" lon="-118.251450"/>
      <trkpt lat="35.265895" lon="-118.251576"/>
      <trkpt lat="35.265962" lon="-118.251705"/>
      <trkpt lat="35.266019" lon="-118.251826"/>
      <trkpt lat="35.266042" lon="-118.251910"/>
      <trkpt lat="35.266046" lon="-118.252212"/>
      <trkpt lat="35.266042" lon="-118.252303"/>
      <trkpt lat="35.266029" lon="-118.252375"/>
      <trkpt lat="35.265961" lon="-118.252534"/>
      <trkpt lat="35.265943" lon="-118.252646"/>
      <trkpt lat="35.265941" lon="-118.252775"/>
      <trkpt lat="35.265957" lon="-118.252860"/>
      <trkpt lat="35.265994" lon="-118.252951"/>
      <trkpt lat="35.266060" lon="-118.253072"/>
      <trkpt lat="35.266091" lon="-118.253151"/>
      <trkpt lat="35.266108" lon="-118.253226"/>
      <trkpt lat="35.266131" lon="-118.253372"/>
      <trkpt lat="35.266137" lon="-118.253554"/>
      <trkpt lat="35.266121" lon="-118.253655"/>
      <trkpt lat="35.266079" lon="-118.253784"/>
      <trkpt lat="35.266032" lon="-118.253865"/>
      <trkpt lat="35.265991" lon="-118.254002"/>
      <trkpt lat="35.265972" lon="-118.254146"/>
      <trkpt lat="35.265966" lon="-118.254266"/>
      <trkpt lat="35.265966" lon="-118.254303"/>
      <trkpt lat="35.265975" lon="-118.254339"/>
      <trkpt lat="35.265982" lon="-118.254341"/>
      <trkpt lat="35.265992" lon="-118.254336"/>
      <trkpt lat="35.266000" lon="-118.254311"/>
      <trkpt lat="35.266005" lon="-118.254241"/>
      <trkpt lat="35.266026" lon="-118.254120"/>
      <trkpt lat="35.266047" lon="-118.254049"/>
      <trkpt lat="35.266086" lon="-118.253977"/>
      <trkpt lat="35.266218" lon="-118.253861"/>
      <trkpt lat="35.266269" lon="-118.253797"/>
      <trkpt lat="35.266335" lon="-118.253670"/>
      <trkpt lat="35.266369" lon="-118.253569"/>
      <trkpt lat="35.266395" lon="-118.253462"/>
      <trkpt lat="35.266399" lon="-118.253385"/>
      <trkpt lat="35.266391" lon="-118.253294"/>
      <trkpt lat="35.266398" lon="-118.253206"/>
      <trkpt lat="35.266432" lon="-118.253004"/>
      <trkpt lat="35.266435" lon="-118.252939"/>
      <trkpt lat="35.266419" lon="-118.252880"/>
      <trkpt lat="35.266385" lon="-118.252813"/>
      <trkpt lat="35.266364" lon="-118.252760"/>
      <trkpt lat="35.266359" lon="-118.252692"/>
      <trkpt lat="35.266374" lon="-118.252634"/>
      <trkpt lat="35.266426" lon="-118.252575"/>
      <trkpt lat="35.266469" lon="-118.252536"/>
      <trkpt lat="35.266522" lon="-118.252465"/>
      <trkpt lat="35.266564" lon="-118.252357"/>
      <trkpt lat="35.266593" lon="-118.252232"/>
      <trkpt lat="35.266593" lon="-118.252218"/>
      <trkpt lat="35.266617" lon="-118.252147"/>
      <trkpt lat="35.266713" lon="-118.251997"/>
      <trkpt lat="35.266742" lon="-118.251933"/>
      <trkpt lat="35.266748" lon="-118.251836"/>
      <trkpt lat="35.266738" lon="-118.251682"/>
      <trkpt lat="35.266744" lon="-118.251588"/>
      <trkpt lat="35.266766" lon="-118.251497"/>
      <trkpt lat="35.266787" lon="-118.251437"/>
      <trkpt lat="35.266795" lon="-118.251355"/>
      <trkpt lat="35.266794" lon="-118.251299"/>
      <trkpt lat="35.266806" lon="-118.251225"/>
      <trkpt lat="35.266810" lon="-118.251155"/>
      <trkpt lat="35.266802" lon="-118.251104"/>
      <trkpt lat="35.266804" lon="-118.251077"/>
      <trkpt lat="35.266817" lon="-118.251061"/>
      <trkpt lat="35.266859" lon="-118.251058"/>
      <trkpt lat="35.266914" lon="-118.251076"/>
      <trkpt lat="35.266953" lon="-118.251130"/>
      <trkpt lat="35.266968" lon="-118.251245"/>
      <trkpt lat="35.267047" lon="-118.251624"/>
      <trkpt lat="35.267090" lon="-118.251738"/>
      <trkpt lat="35.267204" lon="-118.251974"/>
      <trkpt lat="35.267336" lon="-118.252129"/>
      <trkpt lat="35.267370" lon="-118.252146"/>
      <trkpt lat="35.267394" lon="-118.252177"/>
      <trkpt lat="35.267402" lon="-118.252216"/>
      <trkpt lat="35.267405" lon="-118.252267"/>
      <trkpt lat="35.267388" lon="-118.252339"/>
      <trkpt lat="35.267373" lon="-118.252418"/>
      <trkpt lat="35.267380" lon="-118.252543"/>
      <trkpt lat="35.267382" lon="-118.252558"/>
      <trkpt lat="35.267412" lon="-118.252628"/>
      <trkpt lat="35.267474" lon="-118.252764"/>
      <trkpt lat="35.267617" lon="-118.252884"/>
      <trkpt lat="35.267696" lon="-118.252927"/>
      <trkpt lat="35.267739" lon="-118.252957"/>
      <trkpt lat="35.267783" lon="-118.252982"/>
      <trkpt lat="35.267860" lon="-118.253002"/>
      <trkpt lat="35.267906" lon="-118.253028"/>
      <trkpt lat="35.267934" lon="-118.253057"/>
      <trkpt lat="35.267960" lon="-118.253117"/>
      <trkpt lat="35.268002" lon="-118.253179"/>
      <trkpt lat="35.268057" lon="-118.253183"/>
      <trkpt lat="35.268097" lon="-118.253206"/>
      <trkpt lat="35.268140" lon="-118.253269"/>
      <trkpt lat="35.268147" lon="-118.253304"/>
      <trkpt lat="35.268140" lon="-118.253341"/>
      <trkpt lat="35.268081" lon="-118.253443"/>
      <trkpt lat="35.268048" lon="-118.253530"/>
      <trkpt lat="35.268031" lon="-118.253668"/>
      <trkpt lat="35.268037" lon="-118.253817"/>
      <trkpt lat="35.268072" lon="-118.253908"/>
      <trkpt lat="35.268143" lon="-118.253998"/>
      <trkpt lat="35.268231" lon="-118.254060"/>
      <trkpt lat="35.268328" lon="-118.254103"/>
      <trkpt lat="35.268428" lon="-118.254124"/>
      <trkpt lat="35.268512" lon="-118.254123"/>
      <trkpt lat="35.268626" lon="-118.254105"/>
      <trkpt lat="35.268783" lon="-118.254064"/>
      <trkpt lat="35.268840" lon="-118.254040"/>
      <trkpt lat="35.268859" lon="-118.254016"/>
      <trkpt lat="35.268864" lon="-118.254005"/>
      <trkpt lat="35.268871" lon="-118.253957"/>
      <trkpt lat="35.268864" lon="-118.253871"/>
      <trkpt lat="35.268868" lon="-118.253777"/>
      <trkpt lat="35.268862" lon="-118.253616"/>
      <trkpt lat="35.268880" lon="-118.253311"/>
      <trkpt lat="35.268894" lon="-118.253156"/>
      <trkpt lat="35.268897" lon="-118.253086"/>
      <trkpt lat="35.268890" lon="-118.253015"/>
      <trkpt lat="35.268892" lon="-118.252939"/>
      <trkpt lat="35.268912" lon="-118.252894"/>
      <trkpt lat="35.268946" lon="-118.252839"/>
      <trkpt lat="35.269081" lon="-118.252661"/>
      <trkpt lat="35.269120" lon="-118.252629"/>
      <trkpt lat="35.269213" lon="-118.252565"/>
      <trkpt lat="35.269330" lon="-118.252467"/>
      <trkpt lat="35.269445" lon="-118.252381"/>
      <trkpt lat="35.269474" lon="-118.252330"/>
      <trkpt lat="35.269496" lon="-118.252267"/>
      <trkpt lat="35.269497" lon="-118.252197"/>
      <trkpt lat="35.269476" lon="-118.252123"/>
      <trkpt lat="35.269432" lon="-118.252016"/>
      <trkpt lat="35.269381" lon="-118.251919"/>
      <trkpt lat="35.269347" lon="-118.251753"/>
      <trkpt lat="35.269308" lon="-118.251650"/>
      <trkpt lat="35.269300" lon="-118.251575"/>
      <trkpt lat="35.269309" lon="-118.251466"/>
      <trkpt lat="35.269306" lon="-118.251317"/>
      <trkpt lat="35.269300" lon="-118.251219"/>
      <trkpt lat="35.269301" lon="-118.251095"/>
      <trkpt lat="35.269289" lon="-118.251009"/>
      <trkpt lat="35.269236" lon="-118.250844"/>
      <trkpt lat="35.269232" lon="-118.250779"/>
      <trkpt lat="35.269233" lon="-118.250708"/>
      <trkpt lat="35.269208" lon="-118.250629"/>
      <trkpt lat="35.269178" lon="-118.250480"/>
      <trkpt lat="35.269145" lon="-118.250395"/>
      <trkpt lat="35.269090" lon="-118.250325"/>
      <trkpt lat="35.269048" lon="-118.250239"/>
      <trkpt lat="35.269033" lon="-118.250191"/>
      <trkpt lat="35.269040" lon="-118.250133"/>
      <trkpt lat="35.269076" lon="-118.250078"/>
      <trkpt lat="35.269160" lon="-118.249996"/>
      <trkpt lat="35.269232" lon="-118.249988"/>
      <trkpt lat="35.269285" lon="-118.250008"/>
      <trkpt lat="35.269424" lon="-118.250110"/>
      <trkpt lat="35.269525" lon="-118.250136"/>
      <trkpt lat="35.269608" lon="-118.250108"/>
      <trkpt lat="35.269774" lon="-118.250120"/>
      <trkpt lat="35.269827" lon="-118.250053"/>
      <trkpt lat="35.269810" lon="-118.249648"/>
      <trkpt lat="35.269831" lon="-118.249492"/>
      <trkpt lat="35.269997" lon="-118.249310"/>
      <trkpt lat="35.270020" lon="-118.249208"/>
      <trkpt lat="35.270026" lon="-118.248961"/>
      <trkpt lat="35.270037" lon="-118.248853"/>
      <trkpt lat="35.270143" lon="-118.248706"/>
      <trkpt lat="35.270171" lon="-118.248612"/>
      <trkpt lat="35.270164" lon="-118.248528"/>
      <trkpt lat="35.270041" lon="-118.248396"/>
      <trkpt lat="35.269967" lon="-118.248372"/>
      <trkpt lat="35.269672" lon="-118.248037"/>
      <trkpt lat="35.269671" lon="-118.247806"/>
      <trkpt lat="35.269731" lon="-118.247630"/>
      <trkpt lat="35.269994" lon="-118.247521"/>
      <trkpt lat="35.270117" lon="-118.247381"/>
      <trkpt lat="35.270239" lon="-118.247069"/>
      <trkpt lat="35.270249" lon="-118.246868"/>
      <trkpt lat="35.270053" lon="-118.246489"/>
      <trkpt lat="35.270053" lon="-118.246441"/>
      <trkpt lat="35.270157" lon="-118.246314"/>
      <trkpt lat="35.270279" lon="-118.246131"/>
      <trkpt lat="35.270314" lon="-118.245923"/>
      <trkpt lat="35.270368" lon="-118.245781"/>
      <trkpt lat="35.270408" lon="-118.245701"/>
      <trkpt lat="35.270399" lon="-118.245609"/>
      <trkpt lat="35.270336" lon="-118.245402"/>
      <trkpt lat="35.270311" lon="-118.245268"/>
      <trkpt lat="35.270351" lon="-118.245229"/>
      <trkpt lat="35.270411" lon="-118.245217"/>
      <trkpt lat="35.270464" lon="-118.245227"/>
      <trkpt lat="35.270742" lon="-118.245366"/>
      <trkpt lat="35.270975" lon="-118.245655"/>
      <trkpt lat="35.271187" lon="-118.245833"/>
      <trkpt lat="35.271251" lon="-118.245852"/>
      <trkpt lat="35.271366" lon="-118.245837"/>
      <trkpt lat="35.271431" lon="-118.245805"/>
      <trkpt lat="35.271544" lon="-118.245970"/>
      <trkpt lat="35.271713" lon="-118.246098"/>
      <trkpt lat="35.271779" lon="-118.246135"/>
      <trkpt lat="35.271814" lon="-118.246243"/>
      <trkpt lat="35.271732" lon="-118.246548"/>
      <trkpt lat="35.271742" lon="-118.246638"/>
      <trkpt lat="35.271783" lon="-118.246722"/>
      <trkpt lat="35.271889" lon="-118.246869"/>
      <trkpt lat="35.272146" lon="-118.247085"/>
      <trkpt lat="35.272288" lon="-118.247102"/>
      <trkpt lat="35.272437" lon="-118.247068"/>
      <trkpt lat="35.272612" lon="-118.247063"/>
      <trkpt lat="35.272743" lon="-118.247103"/>
      <trkpt lat="35.273008" lon="-118.247333"/>
      <trkpt lat="35.273079" lon="-118.247357"/>
      <trkpt lat="35.273144" lon="-118.247371"/>
      <trkpt lat="35.273451" lon="-118.247283"/>
      <trkpt lat="35.273551" lon="-118.247294"/>
      <trkpt lat="35.273597" lon="-118.247348"/>
      <trkpt lat="35.273679" lon="-118.247586"/>
      <trkpt lat="35.273700" lon="-118.247735"/>
      <trkpt lat="35.273762" lon="-118.247842"/>
      <trkpt lat="35.273877" lon="-118.247953"/>
      <trkpt lat="35.273996" lon="-118.248044"/>
      <trkpt lat="35.274253" lon="-118.248110"/>
      <trkpt lat="35.274379" lon="-118.248164"/>
      <trkpt lat="35.274441" lon="-118.248289"/>
      <trkpt lat="35.274507" lon="-118.248485"/>
      <trkpt lat="35.274647" lon="-118.248665"/>
      <trkpt lat="35.275162" lon="-118.249142"/>
      <trkpt lat="35.275219" lon="-118.249216"/>
      <trkpt lat="35.275236" lon="-118.249314"/>
      <trkpt lat="35.275308" lon="-118.249419"/>
      <trkpt lat="35.275357" lon="-118.249436"/>
      <trkpt lat="35.275409" lon="-118.249433"/>
      <trkpt lat="35.275476" lon="-118.249445"/>
      <trkpt lat="35.275500" lon="-118.249500"/>
      <trkpt lat="35.275479" lon="-118.249623"/>
      <trkpt lat="35.275419" lon="-118.249769"/>
      <trkpt lat="35.275073" lon="-118.250038"/>
      <trkpt lat="35.274981" lon="-118.250141"/>
      <trkpt lat="35.274982" lon="-118.250335"/>
      <trkpt lat="35.275151" lon="-118.250699"/>
      <trkpt lat="35.275223" lon="-118.250818"/>
      <trkpt lat="35.275223" lon="-118.251032"/>
      <trkpt lat="35.275152" lon="-118.251288"/>
      <trkpt lat="35.275116" lon="-118.251405"/>
      <trkpt lat="35.275105" lon="-118.251527"/>
      <trkpt lat="35.275127" lon="-118.251600"/>
      <trkpt lat="35.275270" lon="-118.251834"/>
      <trkpt lat="35.275421" lon="-118.252184"/>
      <trkpt lat="35.275528" lon="-118.252358"/>
      <trkpt lat="35.275653" lon="-118.252652"/>
      <trkpt lat="35.275666" lon="-118.252964"/>
      <trkpt lat="35.275722" lon="-118.253106"/>
      <trkpt lat="35.275740" lon="-118.253202"/>
      <trkpt lat="35.275729" lon="-118.253298"/>
      <trkpt lat="35.275786" lon="-118.253394"/>
      <trkpt lat="35.275873" lon="-118.253404"/>
      <trkpt lat="35.276023" lon="-118.253315"/>
      <trkpt lat="35.276189" lon="-118.253155"/>
      <trkpt lat="35.276244" lon="-118.253075"/>
      <trkpt lat="35.276472" lon="-118.252905"/>
      <trkpt lat="35.276656" lon="-118.252815"/>
      <trkpt lat="35.276714" lon="-118.252757"/>
      <trkpt lat="35.276960" lon="-118.252689"/>
      <trkpt lat="35.277235" lon="-118.252773"/>
      <trkpt lat="35.277435" lon="-118.252957"/>
      <trkpt lat="35.277540" lon="-118.253082"/>
      <trkpt lat="35.277557" lon="-118.253272"/>
      <trkpt lat="35.277668" lon="-118.253383"/>
      <trkpt lat="35.277729" lon="-118.253431"/>
      <trkpt lat="35.277807" lon="-118.253441"/>
      <trkpt lat="35.277954" lon="-118.253407"/>
      <trkpt lat="35.278087" lon="-118.253292"/>
      <trkpt lat="35.278158" lon="-118.253273"/>
      <trkpt lat="35.278225" lon="-118.253282"/>
      <trkpt lat="35.278400" lon="-118.253510"/>
      <trkpt lat="35.278618" lon="-118.253702"/>
      <trkpt lat="35.278826" lon="-118.253770"/>
      <trkpt lat="35.279157" lon="-118.253710"/>
      <trkpt lat="35.279240" lon="-118.253726"/>
      <trkpt lat="35.279355" lon="-118.253871"/>
      <trkpt lat="35.279429" lon="-118.254015"/>
      <trkpt lat="35.279456" lon="-118.254274"/>
      <trkpt lat="35.279505" lon="-118.254525"/>
      <trkpt lat="35.279576" lon="-118.254584"/>
      <trkpt lat="35.279695" lon="-118.254576"/>
      <trkpt lat="35.279775" lon="-118.254605"/>
      <trkpt lat="35.279901" lon="-118.254699"/>
      <trkpt lat="35.280011" lon="-118.254948"/>
      <trkpt lat="35.280143" lon="-118.255182"/>
      <trkpt lat="35.280218" lon="-118.255239"/>
      <trkpt lat="35.280348" lon="-118.255278"/>
      <trkpt lat="35.280397" lon="-118.255462"/>
      <trkpt lat="35.280328" lon="-118.255550"/>
      <trkpt lat="35.280310" lon="-118.255724"/>
      <trkpt lat="35.280335" lon="-118.255850"/>
      <trkpt lat="35.280310" lon="-118.256032"/>
      <trkpt lat="35.280397" lon="-118.256225"/>
      <trkpt lat="35.280717" lon="-118.256819"/>
      <trkpt lat="35.281013" lon="-118.257002"/>
      <trkpt lat="35.281172" lon="-118.257315"/>
      <trkpt lat="35.281282" lon="-118.257413"/>
      <trkpt lat="35.281328" lon="-118.257525"/>
      <trkpt lat="35.281354" lon="-118.257717"/>
      <trkpt lat="35.281582" lon="-118.257855"/>
      <trkpt lat="35.281815" lon="-118.257708"/>
      <trkpt lat="35.281883" lon="-118.257604"/>
      <trkpt lat="35.282078" lon="-118.257507"/>
      <trkpt lat="35.282241" lon="-118.257536"/>
      <trkpt lat="35.282320" lon="-118.257690"/>
      <trkpt lat="35.282452" lon="-118.258385"/>
      <trkpt lat="35.282422" lon="-118.258690"/>
      <trkpt lat="35.282345" lon="-118.259002"/>
      <trkpt lat="35.282215" lon="-118.259312"/>
      <trkpt lat="35.282015" lon="-118.259498"/>
      <trkpt lat="35.281947" lon="-118.259763"/>
      <trkpt lat="35.281645" lon="-118.260182"/>
      <trkpt lat="35.281473" lon="-118.260588"/>
      <trkpt lat="35.281532" lon="-118.260717"/>
      <trkpt lat="35.281515" lon="-118.261057"/>
      <trkpt lat="35.281640" lon="-118.261340"/>
      <trkpt lat="35.281786" lon="-118.261696"/>
      <trkpt lat="35.281806" lon="-118.261879"/>
      <trkpt lat="35.281739" lon="-118.262161"/>
      <trkpt lat="35.281535" lon="-118.262492"/>
      <trkpt lat="35.281463" lon="-118.262845"/>
      <trkpt lat="35.281494" lon="-118.263236"/>
      <trkpt lat="35.281330" lon="-118.263573"/>
      <trkpt lat="35.280995" lon="-118.263928"/>
      <trkpt lat="35.280925" lon="-118.264132"/>
      <trkpt lat="35.280948" lon="-118.264372"/>
      <trkpt lat="35.281068" lon="-118.264600"/>
      <trkpt lat="35.281126" lon="-118.264830"/>
      <trkpt lat="35.281202" lon="-118.264936"/>
      <trkpt lat="35.281269" lon="-118.265127"/>
      <trkpt lat="35.281100" lon="-118.265435"/>
      <trkpt lat="35.280962" lon="-118.265573"/>
      <trkpt lat="35.280888" lon="-118.265685"/>
      <trkpt lat="35.280942" lon="-118.266047"/>
      <trkpt lat="35.280937" lon="-118.266425"/>
      <trkpt lat="35.280944" lon="-118.266923"/>
      <trkpt lat="35.281036" lon="-118.267052"/>
      <trkpt lat="35.281243" lon="-118.267043"/>
      <trkpt lat="35.281358" lon="-118.267157"/>
      <trkpt lat="35.281665" lon="-118.267567"/>
      <trkpt lat="35.281846" lon="-118.267914"/>
      <trkpt lat="35.281965" lon="-118.268015"/>
      <trkpt lat="35.282425" lon="-118.268078"/>
      <trkpt lat="35.282557" lon="-118.268152"/>
      <trkpt lat="35.282925" lon="-118.268740"/>
      <trkpt lat="35.283448" lon="-118.269058"/>
      <trkpt lat="35.283538" lon="-118.268968"/>
      <trkpt lat="35.283860" lon="-118.268410"/>
      <trkpt lat="35.284039" lon="-118.268143"/>
      <trkpt lat="35.284138" lon="-118.267838"/>
      <trkpt lat="35.284188" lon="-118.267515"/>
      <trkpt lat="35.284299" lon="-118.267277"/>
      <trkpt lat="35.284497" lon="-118.267191"/>
      <trkpt lat="35.284717" lon="-118.267158"/>
      <trkpt lat="35.284931" lon="-118.267180"/>
      <trkpt lat="35.285112" lon="-118.267301"/>
      <trkpt lat="35.285232" lon="-118.267529"/>
      <trkpt lat="35.285440" lon="-118.268283"/>
      <trkpt lat="35.285778" lon="-118.268792"/>
      <trkpt lat="35.285906" lon="-118.269071"/>
      <trkpt lat="35.285999" lon="-118.269357"/>
      <trkpt lat="35.286014" lon="-118.269543"/>
      <trkpt lat="35.285983" lon="-118.269987"/>
      <trkpt lat="35.285913" lon="-118.270305"/>
      <trkpt lat="35.285992" lon="-118.270632"/>
      <trkpt lat="35.286336" lon="-118.270823"/>
      <trkpt lat="35.286564" lon="-118.270826"/>
      <trkpt lat="35.286700" lon="-118.270808"/>
      <trkpt lat="35.286772" lon="-118.270703"/>
      <trkpt lat="35.286828" lon="-118.270623"/>
      <trkpt lat="35.286946" lon="-118.270546"/>
      <trkpt lat="35.286992" lon="-118.270490"/>
      <trkpt lat="35.287229" lon="-118.270378"/>
      <trkpt lat="35.287349" lon="-118.270281"/>
      <trkpt lat="35.287450" lon="-118.270295"/>
      <trkpt lat="35.287517" lon="-118.270343"/>
      <trkpt lat="35.287633" lon="-118.270520"/>
      <trkpt lat="35.287738" lon="-118.270773"/>
      <trkpt lat="35.287758" lon="-118.270984"/>
      <trkpt lat="35.287915" lon="-118.271116"/>
      <trkpt lat="35.288217" lon="-118.271057"/>
      <trkpt lat="35.288422" lon="-118.271084"/>
      <trkpt lat="35.288552" lon="-118.271387"/>
      <trkpt lat="35.288633" lon="-118.271762"/>
      <trkpt lat="35.288788" lon="-118.271862"/>
      <trkpt lat="35.289674" lon="-118.271807"/>
      <trkpt lat="35.289763" lon="-118.271748"/>
      <trkpt lat="35.289972" lon="-118.271688"/>
      <trkpt lat="35.290605" lon="-118.270937"/>
      <trkpt lat="35.290659" lon="-118.270904"/>
      <trkpt lat="35.290733" lon="-118.270927"/>
      <trkpt lat="35.291330" lon="-118.271150"/>
      <trkpt lat="35.291433" lon="-118.271179"/>
      <trkpt lat="35.291651" lon="-118.271128"/>
      <trkpt lat="35.291760" lon="-118.271172"/>
      <trkpt lat="35.291818" lon="-118.271140"/>
      <trkpt lat="35.291900" lon="-118.271048"/>
      <trkpt lat="35.291956" lon="-118.270955"/>
      <trkpt lat="35.291988" lon="-118.270774"/>
      <trkpt lat="35.292079" lon="-118.270605"/>
      <trkpt lat="35.292175" lon="-118.270554"/>
      <trkpt lat="35.292471" lon="-118.270290"/>
      <trkpt lat="35.292695" lon="-118.270008"/>
      <trkpt lat="35.293202" lon="-118.269660"/>
      <trkpt lat="35.293647" lon="-118.269638"/>
      <trkpt lat="35.293750" lon="-118.269637"/>
      <trkpt lat="35.294388" lon="-118.269165"/>
      <trkpt lat="35.294621" lon="-118.269137"/>
      <trkpt lat="35.294717" lon="-118.269190"/>
      <trkpt lat="35.295017" lon="-118.269388"/>
      <trkpt lat="35.295091" lon="-118.269405"/>
      <trkpt lat="35.295160" lon="-118.269383"/>
      <trkpt lat="35.295238" lon="-118.269393"/>
      <trkpt lat="35.295297" lon="-118.269490"/>
      <trkpt lat="35.295487" lon="-118.269847"/>
      <trkpt lat="35.295584" lon="-118.269871"/>
      <trkpt lat="35.295733" lon="-118.269824"/>
      <trkpt lat="35.295850" lon="-118.269759"/>
      <trkpt lat="35.295937" lon="-118.269664"/>
      <trkpt lat="35.296060" lon="-118.269588"/>
      <trkpt lat="35.296192" lon="-118.269547"/>
      <trkpt lat="35.296294" lon="-118.269398"/>
      <trkpt lat="35.296466" lon="-118.269283"/>
      <trkpt lat="35.296597" lon="-118.269165"/>
      <trkpt lat="35.296741" lon="-118.269107"/>
      <trkpt lat="35.296733" lon="-118.269007"/>
      <trkpt lat="35.296809" lon="-118.268949"/>
      <trkpt lat="35.296804" lon="-118.268789"/>
      <trkpt lat="35.296827" lon="-118.268621"/>
      <trkpt lat="35.296879" lon="-118.268483"/>
      <trkpt lat="35.296940" lon="-118.268360"/>
      <trkpt lat="35.297019" lon="-118.268297"/>
      <trkpt lat="35.297011" lon="-118.268155"/>
      <trkpt lat="35.296956" lon="-118.268008"/>
      <trkpt lat="35.297012" lon="-118.267656"/>
      <trkpt lat="35.297027" lon="-118.267487"/>
      <trkpt lat="35.296967" lon="-118.267197"/>
      <trkpt lat="35.296993" lon="-118.267050"/>
      <trkpt lat="35.297138" lon="-118.266938"/>
      <trkpt lat="35.297197" lon="-118.266829"/>
      <trkpt lat="35.297220" lon="-118.266688"/>
      <trkpt lat="35.297272" lon="-118.266646"/>
      <trkpt lat="35.297278" lon="-118.266500"/>
      <trkpt lat="35.297342" lon="-118.266341"/>
      <trkpt lat="35.297321" lon="-118.266149"/>
      <trkpt lat="35.297267" lon="-118.266013"/>
      <trkpt lat="35.297278" lon="-118.265884"/>
      <trkpt lat="35.297249" lon="-118.265781"/>
      <trkpt lat="35.297249" lon="-118.265635"/>
      <trkpt lat="35.297273" lon="-118.265494"/>
      <trkpt lat="35.297218" lon="-118.265289"/>
      <trkpt lat="35.297199" lon="-118.264887"/>
      <trkpt lat="35.297494" lon="-118.264870"/>
      <trkpt lat="35.297485" lon="-118.264679"/>
      <trkpt lat="35.297476" lon="-118.264617"/>
      <trkpt lat="35.297549" lon="-118.264664"/>
      <trkpt lat="35.297780" lon="-118.264963"/>
      <trkpt lat="35.298020" lon="-118.265503"/>
      <trkpt lat="35.298313" lon="-118.265693"/>
      <trkpt lat="35.298407" lon="-118.265833"/>
      <trkpt lat="35.298525" lon="-118.266148"/>
      <trkpt lat="35.298557" lon="-118.266525"/>
      <trkpt lat="35.298662" lon="-118.266907"/>
      <trkpt lat="35.298778" lon="-118.267092"/>
      <trkpt lat="35.299268" lon="-118.267165"/>
      <trkpt lat="35.299446" lon="-118.267327"/>
      <trkpt lat="35.299560" lon="-118.267349"/>
      <trkpt lat="35.300225" lon="-118.267400"/>
      <trkpt lat="35.300865" lon="-118.267258"/>
      <trkpt lat="35.301162" lon="-118.267353"/>
      <trkpt lat="35.301312" lon="-118.267328"/>
      <trkpt lat="35.301785" lon="-118.267160"/>
      <trkpt lat="35.301904" lon="-118.267063"/>
      <trkpt lat="35.302012" lon="-118.266912"/>
      <trkpt lat="35.302118" lon="-118.266832"/>
      <trkpt lat="35.302324" lon="-118.266796"/>
      <trkpt lat="35.302922" lon="-118.266865"/>
      <trkpt lat="35.303048" lon="-118.266838"/>
      <trkpt lat="35.303179" lon="-118.266753"/>
      <trkpt lat="35.303288" lon="-118.266626"/>
      <trkpt lat="35.303392" lon="-118.266547"/>
      <trkpt lat="35.303503" lon="-118.266572"/>
      <trkpt lat="35.303574" lon="-118.266630"/>
      <trkpt lat="35.303637" lon="-118.266758"/>
      <trkpt lat="35.303725" lon="-118.267102"/>
      <trkpt lat="35.304162" lon="-118.267730"/>
      <trkpt lat="35.304490" lon="-118.267892"/>
      <trkpt lat="35.304875" lon="-118.267945"/>
      <trkpt lat="35.305392" lon="-118.268390"/>
      <trkpt lat="35.306527" lon="-118.268945"/>
      <trkpt lat="35.307169" lon="-118.268993"/>
      <trkpt lat="35.308026" lon="-118.268958"/>
      <trkpt lat="35.308240" lon="-118.269000"/>
      <trkpt lat="35.308437" lon="-118.268957"/>
      <trkpt lat="35.308597" lon="-118.268827"/>
      <trkpt lat="35.308883" lon="-118.268710"/>
      <trkpt lat="35.308988" lon="-118.268666"/>
      <trkpt lat="35.309395" lon="-118.268655"/>
      <trkpt lat="35.309674" lon="-118.268549"/>
      <trkpt lat="35.309780" lon="-118.268457"/>
      <trkpt lat="35.309913" lon="-118.268407"/>
      <trkpt lat="35.309989" lon="-118.268353"/>
      <trkpt lat="35.310005" lon="-118.268289"/>
      <trkpt lat="35.310021" lon="-118.268183"/>
      <trkpt lat="35.309958" lon="-118.267900"/>
      <trkpt lat="35.309997" lon="-118.267668"/>
      <trkpt lat="35.310066" lon="-118.267441"/>
      <trkpt lat="35.310135" lon="-118.266985"/>
      <trkpt lat="35.310051" lon="-118.266339"/>
      <trkpt lat="35.309936" lon="-118.265856"/>
      <trkpt lat="35.309846" lon="-118.265457"/>
      <trkpt lat="35.309815" lon="-118.265265"/>
      <trkpt lat="35.309808" lon="-118.265092"/>
      <trkpt lat="35.309832" lon="-118.264933"/>
      <trkpt lat="35.309874" lon="-118.264871"/>
      <trkpt lat="35.309982" lon="-118.264833"/>
      <trkpt lat="35.310994" lon="-118.265109"/>
      <trkpt lat="35.311222" lon="-118.265124"/>
      <trkpt lat="35.311397" lon="-118.265192"/>
      <trkpt lat="35.311643" lon="-118.265184"/>
      <trkpt lat="35.311850" lon="-118.265133"/>
      <trkpt lat="35.311977" lon="-118.265156"/>
      <trkpt lat="35.312202" lon="-118.265309"/>
      <trkpt lat="35.312317" lon="-118.265345"/>
      <trkpt lat="35.312471" lon="-118.265356"/>
      <trkpt lat="35.312591" lon="-118.265322"/>
      <trkpt lat="35.313013" lon="-118.265061"/>
      <trkpt lat="35.313362" lon="-118.265395"/>
      <trkpt lat="35.313473" lon="-118.265707"/>
      <trkpt lat="35.313789" lon="-118.266090"/>
      <trkpt lat="35.314048" lon="-118.266486"/>
      <trkpt lat="35.314123" lon="-118.266792"/>
      <trkpt lat="35.314127" lon="-118.267039"/>
      <trkpt lat="35.314158" lon="-118.267313"/>
      <trkpt lat="35.314276" lon="-118.267538"/>
      <trkpt lat="35.314543" lon="-118.267806"/>
      <trkpt lat="35.315278" lon="-118.268215"/>
      <trkpt lat="35.315598" lon="-118.268418"/>
      <trkpt lat="35.316030" lon="-118.268478"/>
      <trkpt lat="35.316158" lon="-118.268557"/>
      <trkpt lat="35.316360" lon="-118.268573"/>
      <trkpt lat="35.316701" lon="-118.268691"/>
      <trkpt lat="35.316898" lon="-118.268809"/>
      <trkpt lat="35.317218" lon="-118.268920"/>
      <trkpt lat="35.317590" lon="-118.268691"/>
      <trkpt lat="35.318072" lon="-118.268692"/>
      <trkpt lat="35.318265" lon="-118.268760"/>
      <trkpt lat="35.318465" lon="-118.268908"/>
      <trkpt lat="35.318685" lon="-118.268945"/>
      <trkpt lat="35.318960" lon="-118.268927"/>
      <trkpt lat="35.319227" lon="-118.268836"/>
      <trkpt lat="35.319695" lon="-118.268809"/>
      <trkpt lat="35.320055" lon="-118.268867"/>
      <trkpt lat="35.320478" lon="-118.269094"/>
      <trkpt lat="35.320640" lon="-118.269217"/>
      <trkpt lat="35.320868" lon="-118.269258"/>
      <trkpt lat="35.321273" lon="-118.269420"/>
      <trkpt lat="35.321476" lon="-118.269614"/>
      <trkpt lat="35.321605" lon="-118.269773"/>
      <trkpt lat="35.321933" lon="-118.270007"/>
      <trkpt lat="35.322744" lon="-118.270400"/>
      <trkpt lat="35.322897" lon="-118.270355"/>
      <trkpt lat="35.323102" lon="-118.270225"/>
      <trkpt lat="35.323223" lon="-118.270196"/>
      <trkpt lat="35.323310" lon="-118.270132"/>
      <trkpt lat="35.323400" lon="-118.270049"/>
      <trkpt lat="35.323529" lon="-118.270014"/>
      <trkpt lat="35.323656" lon="-118.269938"/>
      <trkpt lat="35.323781" lon="-118.269840"/>
      <trkpt lat="35.324085" lon="-118.269829"/>
      <trkpt lat="35.324229" lon="-118.269866"/>
      <trkpt lat="35.324356" lon="-118.269850"/>
      <trkpt lat="35.324615" lon="-118.269783"/>
      <trkpt lat="35.325063" lon="-118.269755"/>
      <trkpt lat="35.325140" lon="-118.269783"/>
      <trkpt lat="35.325235" lon="-118.269890"/>
      <trkpt lat="35.325311" lon="-118.270073"/>
      <trkpt lat="35.325295" lon="-118.270201"/>
      <trkpt lat="35.325348" lon="-118.270360"/>
      <trkpt lat="35.325345" lon="-118.270523"/>
      <trkpt lat="35.325501" lon="-118.271183"/>
      <trkpt lat="35.325580" lon="-118.271392"/>
      <trkpt lat="35.325619" lon="-118.271454"/>
      <trkpt lat="35.325713" lon="-118.271540"/>
      <trkpt lat="35.325814" lon="-118.271569"/>
      <trkpt lat="35.325917" lon="-118.271542"/>
      <trkpt lat="35.325982" lon="-118.271585"/>
      <trkpt lat="35.326041" lon="-118.271663"/>
      <trkpt lat="35.326111" lon="-118.271679"/>
      <trkpt lat="35.326166" lon="-118.271644"/>
      <trkpt lat="35.326197" lon="-118.271588"/>
      <trkpt lat="35.326284" lon="-118.271591"/>
      <trkpt lat="35.326389" lon="-118.271618"/>
      <trkpt lat="35.326490" lon="-118.271660"/>
      <trkpt lat="35.326575" lon="-118.271752"/>
      <trkpt lat="35.326665" lon="-118.271875"/>
      <trkpt lat="35.326801" lon="-118.272004"/>
      <trkpt lat="35.326926" lon="-118.272186"/>
      <trkpt lat="35.327092" lon="-118.272468"/>
      <trkpt lat="35.327190" lon="-118.272546"/>
      <trkpt lat="35.327306" lon="-118.272575"/>
      <trkpt lat="35.327372" lon="-118.272629"/>
      <trkpt lat="35.327422" lon="-118.272682"/>
      <trkpt lat="35.327470" lon="-118.272741"/>
      <trkpt lat="35.327523" lon="-118.272854"/>
      <trkpt lat="35.327604" lon="-118.272969"/>
      <trkpt lat="35.327702" lon="-118.273031"/>
      <trkpt lat="35.327842" lon="-118.273168"/>
      <trkpt lat="35.327917" lon="-118.273337"/>
      <trkpt lat="35.328116" lon="-118.273600"/>
      <trkpt lat="35.328247" lon="-118.273782"/>
      <trkpt lat="35.328390" lon="-118.274080"/>
      <trkpt lat="35.328494" lon="-118.274190"/>
      <trkpt lat="35.328639" lon="-118.274276"/>
      <trkpt lat="35.328805" lon="-118.274310"/>
      <trkpt lat="35.328902" lon="-118.274289"/>
      <trkpt lat="35.329042" lon="-118.274206"/>
      <trkpt lat="35.329107" lon="-118.274230"/>
      <trkpt lat="35.329147" lon="-118.274281"/>
      <trkpt lat="35.329169" lon="-118.274410"/>
      <trkpt lat="35.329293" lon="-118.274935"/>
      <trkpt lat="35.329368" lon="-118.275072"/>
      <trkpt lat="35.329459" lon="-118.275265"/>
      <trkpt lat="35.329486" lon="-118.275408"/>
      <trkpt lat="35.329461" lon="-118.275621"/>
      <trkpt lat="35.329425" lon="-118.275821"/>
      <trkpt lat="35.329359" lon="-118.276067"/>
      <trkpt lat="35.329328" lon="-118.276234"/>
      <trkpt lat="35.329315" lon="-118.276408"/>
      <trkpt lat="35.329317" lon="-118.276585"/>
      <trkpt lat="35.329389" lon="-118.276730"/>
      <trkpt lat="35.329508" lon="-118.276816"/>
      <trkpt lat="35.329575" lon="-118.276920"/>
      <trkpt lat="35.329674" lon="-118.277049"/>
      <trkpt lat="35.329740" lon="-118.277073"/>
      <trkpt lat="35.329840" lon="-118.277073"/>
      <trkpt lat="35.329974" lon="-118.277062"/>
      <trkpt lat="35.330147" lon="-118.277100"/>
      <trkpt lat="35.330267" lon="-118.277175"/>
      <trkpt lat="35.330359" lon="-118.277293"/>
      <trkpt lat="35.330473" lon="-118.277457"/>
      <trkpt lat="35.330571" lon="-118.277626"/>
      <trkpt lat="35.330648" lon="-118.277816"/>
      <trkpt lat="35.330700" lon="-118.277980"/>
      <trkpt lat="35.330702" lon="-118.278100"/>
      <trkpt lat="35.330674" lon="-118.278200"/>
      <trkpt lat="35.330613" lon="-118.278481"/>
      <trkpt lat="35.330652" lon="-118.278616"/>
      <trkpt lat="35.330724" lon="-118.278691"/>
      <trkpt lat="35.330847" lon="-118.278846"/>
      <trkpt lat="35.330880" lon="-118.278894"/>
      <trkpt lat="35.330939" lon="-118.278953"/>
      <trkpt lat="35.331197" lon="-118.279021"/>
      <trkpt lat="35.331346" lon="-118.279109"/>
      <trkpt lat="35.331473" lon="-118.279224"/>
      <trkpt lat="35.331698" lon="-118.279345"/>
      <trkpt lat="35.331864" lon="-118.279385"/>
      <trkpt lat="35.332042" lon="-118.279396"/>
      <trkpt lat="35.332232" lon="-118.279364"/>
      <trkpt lat="35.332322" lon="-118.279377"/>
      <trkpt lat="35.332400" lon="-118.279427"/>
      <trkpt lat="35.332446" lon="-118.279525"/>
      <trkpt lat="35.332530" lon="-118.279731"/>
      <trkpt lat="35.332595" lon="-118.279951"/>
      <trkpt lat="35.332606" lon="-118.280367"/>
      <trkpt lat="35.332619" lon="-118.280535"/>
      <trkpt lat="35.332617" lon="-118.280946"/>
      <trkpt lat="35.332667" lon="-118.281059"/>
      <trkpt lat="35.332707" lon="-118.281121"/>
      <trkpt lat="35.332803" lon="-118.281247"/>
      <trkpt lat="35.332934" lon="-118.281381"/>
      <trkpt lat="35.333046" lon="-118.281384"/>
      <trkpt lat="35.333138" lon="-118.281357"/>
      <trkpt lat="35.333344" lon="-118.281220"/>
      <trkpt lat="35.333449" lon="-118.281215"/>
      <trkpt lat="35.333532" lon="-118.281263"/>
      <trkpt lat="35.333685" lon="-118.281451"/>
      <trkpt lat="35.333777" lon="-118.281550"/>
      <trkpt lat="35.333873" lon="-118.281571"/>
      <trkpt lat="35.333965" lon="-118.281574"/>
      <trkpt lat="35.334018" lon="-118.281620"/>
      <trkpt lat="35.334026" lon="-118.281689"/>
      <trkpt lat="35.334000" lon="-118.281764"/>
      <trkpt lat="35.334002" lon="-118.281850"/>
      <trkpt lat="35.334065" lon="-118.281852"/>
      <trkpt lat="35.334077" lon="-118.281901"/>
      <trkpt lat="35.334188" lon="-118.282003"/>
      <trkpt lat="35.334269" lon="-118.282218"/>
      <trkpt lat="35.334357" lon="-118.282293"/>
      <trkpt lat="35.334595" lon="-118.282293"/>
      <trkpt lat="35.334676" lon="-118.282330"/>
      <trkpt lat="35.334735" lon="-118.282415"/>
      <trkpt lat="35.334783" lon="-118.282542"/>
      <trkpt lat="35.334838" lon="-118.282631"/>
      <trkpt lat="35.334919" lon="-118.282674"/>
      <trkpt lat="35.335101" lon="-118.282676"/>
      <trkpt lat="35.335223" lon="-118.282810"/>
      <trkpt lat="35.335300" lon="-118.282848"/>
      <trkpt lat="35.335357" lon="-118.282845"/>
      <trkpt lat="35.335479" lon="-118.282829"/>
      <trkpt lat="35.335586" lon="-118.282861"/>
      <trkpt lat="35.335792" lon="-118.282993"/>
      <trkpt lat="35.336057" lon="-118.283312"/>
      <trkpt lat="35.336175" lon="-118.283511"/>
      <trkpt lat="35.336245" lon="-118.283744"/>
      <trkpt lat="35.336300" lon="-118.283899"/>
      <trkpt lat="35.336302" lon="-118.284058"/>
      <trkpt lat="35.336317" lon="-118.284203"/>
      <trkpt lat="35.336381" lon="-118.284372"/>
      <trkpt lat="35.336468" lon="-118.284516"/>
      <trkpt lat="35.336501" lon="-118.284610"/>
      <trkpt lat="35.336521" lon="-118.284744"/>
      <trkpt lat="35.336516" lon="-118.284921"/>
      <trkpt lat="35.336536" lon="-118.285045"/>
      <trkpt lat="35.336578" lon="-118.285088"/>
      <trkpt lat="35.336663" lon="-118.285098"/>
      <trkpt lat="35.336729" lon="-118.285077"/>
      <trkpt lat="35.336950" lon="-118.284932"/>
      <trkpt lat="35.337046" lon="-118.284894"/>
      <trkpt lat="35.337186" lon="-118.284819"/>
      <trkpt lat="35.337276" lon="-118.284744"/>
      <trkpt lat="35.337486" lon="-118.284519"/>
      <trkpt lat="35.337630" lon="-118.284471"/>
      <trkpt lat="35.337823" lon="-118.284455"/>
      <trkpt lat="35.337897" lon="-118.284423"/>
      <trkpt lat="35.337941" lon="-118.284310"/>
      <trkpt lat="35.338011" lon="-118.284203"/>
      <trkpt lat="35.338129" lon="-118.284042"/>
      <trkpt lat="35.338304" lon="-118.283926"/>
      <trkpt lat="35.338475" lon="-118.283856"/>
      <trkpt lat="35.338553" lon="-118.283819"/>
      <trkpt lat="35.338621" lon="-118.283736"/>
      <trkpt lat="35.338702" lon="-118.283661"/>
      <trkpt lat="35.338755" lon="-118.283537"/>
      <trkpt lat="35.338780" lon="-118.283413"/>
      <trkpt lat="35.338799" lon="-118.283226"/>
      <trkpt lat="35.338868" lon="-118.282995"/>
      <trkpt lat="35.338930" lon="-118.282880"/>
      <trkpt lat="35.338971" lon="-118.282660"/>
      <trkpt lat="35.339004" lon="-118.282679"/>
      <trkpt lat="35.339037" lon="-118.282778"/>
      <trkpt lat="35.339044" lon="-118.282859"/>
      <trkpt lat="35.339080" lon="-118.282913"/>
      <trkpt lat="35.339096" lon="-118.282918"/>
      <trkpt lat="35.339109" lon="-118.282870"/>
      <trkpt lat="35.339177" lon="-118.282711"/>
      <trkpt lat="35.339186" lon="-118.282558"/>
      <trkpt lat="35.339254" lon="-118.282349"/>
      <trkpt lat="35.339365" lon="-118.282118"/>
      <trkpt lat="35.339448" lon="-118.282035"/>
      <trkpt lat="35.339617" lon="-118.281855"/>
      <trkpt lat="35.339674" lon="-118.281853"/>
      <trkpt lat="35.339678" lon="-118.281912"/>
      <trkpt lat="35.339650" lon="-118.282057"/>
      <trkpt lat="35.339625" lon="-118.282127"/>
      <trkpt lat="35.339643" lon="-118.282151"/>
      <trkpt lat="35.339693" lon="-118.282134"/>
      <trkpt lat="35.339750" lon="-118.282073"/>
      <trkpt lat="35.339820" lon="-118.281974"/>
      <trkpt lat="35.339936" lon="-118.281896"/>
      <trkpt lat="35.340028" lon="-118.281772"/>
      <trkpt lat="35.340095" lon="-118.281657"/>
      <trkpt lat="35.340207" lon="-118.281607"/>
      <trkpt lat="35.340299" lon="-118.281587"/>
      <trkpt lat="35.340407" lon="-118.281590"/>
      <trkpt lat="35.340547" lon="-118.281636"/>
      <trkpt lat="35.340649" lon="-118.281630"/>
      <trkpt lat="35.340767" lon="-118.281677"/>
      <trkpt lat="35.340866" lon="-118.281665"/>
      <trkpt lat="35.341035" lon="-118.281585"/>
      <trkpt lat="35.341135" lon="-118.281515"/>
      <trkpt lat="35.341214" lon="-118.281510"/>
      <trkpt lat="35.341256" lon="-118.281542"/>
      <trkpt lat="35.341245" lon="-118.281606"/>
      <trkpt lat="35.341223" lon="-118.281695"/>
      <trkpt lat="35.341260" lon="-118.281772"/>
      <trkpt lat="35.341385" lon="-118.281909"/>
      <trkpt lat="35.341625" lon="-118.282113"/>
      <trkpt lat="35.341774" lon="-118.282226"/>
      <trkpt lat="35.341918" lon="-118.282352"/>
      <trkpt lat="35.342037" lon="-118.282395"/>
      <trkpt lat="35.342199" lon="-118.282440"/>
      <trkpt lat="35.342288" lon="-118.282526"/>
      <trkpt lat="35.342402" lon="-118.282751"/>
      <trkpt lat="35.342511" lon="-118.282937"/>
      <trkpt lat="35.342575" lon="-118.283272"/>
      <trkpt lat="35.342680" lon="-118.283441"/>
      <trkpt lat="35.342770" lon="-118.283575"/>
      <trkpt lat="35.342846" lon="-118.283720"/>
      <trkpt lat="35.342923" lon="-118.283916"/>
      <trkpt lat="35.342982" lon="-118.284224"/>
      <trkpt lat="35.343069" lon="-118.284323"/>
      <trkpt lat="35.343166" lon="-118.284599"/>
      <trkpt lat="35.343432" lon="-118.284988"/>
      <trkpt lat="35.343632" lon="-118.285334"/>
      <trkpt lat="35.343735" lon="-118.285497"/>
      <trkpt lat="35.343797" lon="-118.286080"/>
      <trkpt lat="35.343892" lon="-118.286362"/>
      <trkpt lat="35.344012" lon="-118.286544"/>
      <trkpt lat="35.344070" lon="-118.286663"/>
      <trkpt lat="35.344073" lon="-118.286842"/>
      <trkpt lat="35.344152" lon="-118.286997"/>
      <trkpt lat="35.344172" lon="-118.287183"/>
      <trkpt lat="35.344130" lon="-118.287400"/>
      <trkpt lat="35.344142" lon="-118.287513"/>
      <trkpt lat="35.344188" lon="-118.287655"/>
      <trkpt lat="35.344297" lon="-118.287807"/>
      <trkpt lat="35.344618" lon="-118.288041"/>
      <trkpt lat="35.344791" lon="-118.288153"/>
      <trkpt lat="35.344931" lon="-118.288253"/>
      <trkpt lat="35.345012" lon="-118.288376"/>
      <trkpt lat="35.345133" lon="-118.288617"/>
      <trkpt lat="35.345290" lon="-118.288843"/>
      <trkpt lat="35.345494" lon="-118.289183"/>
      <trkpt lat="35.345771" lon="-118.289894"/>
      <trkpt lat="35.345833" lon="-118.290125"/>
      <trkpt lat="35.345942" lon="-118.290618"/>
      <trkpt lat="35.345990" lon="-118.290981"/>
      <trkpt lat="35.346078" lon="-118.291259"/>
      <trkpt lat="35.346108" lon="-118.291597"/>
      <trkpt lat="35.346121" lon="-118.291906"/>
      <trkpt lat="35.346134" lon="-118.292035"/>
      <trkpt lat="35.346196" lon="-118.292247"/>
      <trkpt lat="35.346231" lon="-118.292539"/>
      <trkpt lat="35.346288" lon="-118.292702"/>
      <trkpt lat="35.346356" lon="-118.292770"/>
      <trkpt lat="35.346445" lon="-118.292807"/>
      <trkpt lat="35.346487" lon="-118.292890"/>
      <trkpt lat="35.346539" lon="-118.293099"/>
      <trkpt lat="35.346524" lon="-118.293207"/>
      <trkpt lat="35.346440" lon="-118.293472"/>
      <trkpt lat="35.346447" lon="-118.293644"/>
      <trkpt lat="35.346460" lon="-118.293821"/>
      <trkpt lat="35.346552" lon="-118.294017"/>
      <trkpt lat="35.346666" lon="-118.294156"/>
      <trkpt lat="35.346752" lon="-118.294297"/>
      <trkpt lat="35.346877" lon="-118.294343"/>
      <trkpt lat="35.346979" lon="-118.294411"/>
      <trkpt lat="35.347091" lon="-118.294532"/>
      <trkpt lat="35.347333" lon="-118.294987"/>
      <trkpt lat="35.347410" lon="-118.295151"/>
      <trkpt lat="35.347528" lon="-118.295430"/>
      <trkpt lat="35.347646" lon="-118.295626"/>
      <trkpt lat="35.347815" lon="-118.295838"/>
      <trkpt lat="35.347966" lon="-118.295975"/>
      <trkpt lat="35.348169" lon="-118.296063"/>
      <trkpt lat="35.348525" lon="-118.296120"/>
      <trkpt lat="35.348847" lon="-118.296101"/>
      <trkpt lat="35.349088" lon="-118.295991"/>
      <trkpt lat="35.349202" lon="-118.295867"/>
      <trkpt lat="35.349243" lon="-118.295766"/>
      <trkpt lat="35.349291" lon="-118.295696"/>
      <trkpt lat="35.349421" lon="-118.295586"/>
      <trkpt lat="35.349508" lon="-118.295468"/>
      <trkpt lat="35.349534" lon="-118.295371"/>
      <trkpt lat="35.349589" lon="-118.295310"/>
      <trkpt lat="35.349716" lon="-118.295243"/>
      <trkpt lat="35.349840" lon="-118.295119"/>
      <trkpt lat="35.349900" lon="-118.295020"/>
      <trkpt lat="35.349939" lon="-118.294829"/>
      <trkpt lat="35.349985" lon="-118.294787"/>
      <trkpt lat="35.350051" lon="-118.294781"/>
      <trkpt lat="35.350118" lon="-118.294754"/>
      <trkpt lat="35.350282" lon="-118.294626"/>
      <trkpt lat="35.350400" lon="-118.294485"/>
      <trkpt lat="35.350603" lon="-118.294187"/>
      <trkpt lat="35.350650" lon="-118.294046"/>
      <trkpt lat="35.350705" lon="-118.293920"/>
      <trkpt lat="35.350751" lon="-118.293885"/>
      <trkpt lat="35.350840" lon="-118.293885"/>
      <trkpt lat="35.351053" lon="-118.293960"/>
      <trkpt lat="35.351180" lon="-118.293960"/>
      <trkpt lat="35.351540" lon="-118.294117"/>
      <trkpt lat="35.351629" lon="-118.294172"/>
      <trkpt lat="35.351658" lon="-118.294205"/>
      <trkpt lat="35.351661" lon="-118.294258"/>
      <trkpt lat="35.351637" lon="-118.294323"/>
      <trkpt lat="35.351663" lon="-118.294398"/>
      <trkpt lat="35.351715" lon="-118.294427"/>
      <trkpt lat="35.351873" lon="-118.294425"/>
      <trkpt lat="35.351993" lon="-118.294467"/>
      <trkpt lat="35.352120" lon="-118.294628"/>
      <trkpt lat="35.352278" lon="-118.294738"/>
      <trkpt lat="35.352407" lon="-118.294779"/>
      <trkpt lat="35.352525" lon="-118.294781"/>
      <trkpt lat="35.352590" lon="-118.294765"/>
      <trkpt lat="35.352816" lon="-118.294661"/>
      <trkpt lat="35.353030" lon="-118.294548"/>
      <trkpt lat="35.353175" lon="-118.294500"/>
      <trkpt lat="35.353330" lon="-118.294424"/>
      <trkpt lat="35.353433" lon="-118.294333"/>
      <trkpt lat="35.353577" lon="-118.294159"/>
      <trkpt lat="35.353684" lon="-118.294038"/>
      <trkpt lat="35.353805" lon="-118.293955"/>
      <trkpt lat="35.353953" lon="-118.293837"/>
      <trkpt lat="35.354043" lon="-118.293692"/>
      <trkpt lat="35.354122" lon="-118.293577"/>
      <trkpt lat="35.354177" lon="-118.293562"/>
      <trkpt lat="35.354279" lon="-118.293617"/>
      <trkpt lat="35.354400" lon="-118.293735"/>
      <trkpt lat="35.354432" lon="-118.293818"/>
      <trkpt lat="35.354507" lon="-118.293901"/>
      <trkpt lat="35.354583" lon="-118.293934"/>
      <trkpt lat="35.354693" lon="-118.293944"/>
      <trkpt lat="35.354780" lon="-118.293963"/>
      <trkpt lat="35.354846" lon="-118.294068"/>
      <trkpt lat="35.354995" lon="-118.294235"/>
      <trkpt lat="35.355050" lon="-118.294377"/>
      <trkpt lat="35.355160" lon="-118.294443"/>
      <trkpt lat="35.355218" lon="-118.294500"/>
      <trkpt lat="35.355266" lon="-118.294634"/>
      <trkpt lat="35.355340" lon="-118.294787"/>
      <trkpt lat="35.355443" lon="-118.294937"/>
      <trkpt lat="35.355528" lon="-118.295119"/>
      <trkpt lat="35.355747" lon="-118.295497"/>
      <trkpt lat="35.355808" lon="-118.295656"/>
      <trkpt lat="35.356016" lon="-118.295870"/>
      <trkpt lat="35.356095" lon="-118.295961"/>
      <trkpt lat="35.356202" lon="-118.296010"/>
      <trkpt lat="35.356338" lon="-118.296028"/>
      <trkpt lat="35.356482" lon="-118.296030"/>
      <trkpt lat="35.356772" lon="-118.296117"/>
      <trkpt lat="35.356832" lon="-118.296138"/>
      <trkpt lat="35.356871" lon="-118.296203"/>
      <trkpt lat="35.356880" lon="-118.296334"/>
      <trkpt lat="35.356854" lon="-118.296742"/>
      <trkpt lat="35.356902" lon="-118.296994"/>
      <trkpt lat="35.356920" lon="-118.297155"/>
      <trkpt lat="35.356963" lon="-118.297319"/>
      <trkpt lat="35.357055" lon="-118.297510"/>
      <trkpt lat="35.357097" lon="-118.297611"/>
      <trkpt lat="35.357155" lon="-118.297667"/>
      <trkpt lat="35.357413" lon="-118.297848"/>
      <trkpt lat="35.357572" lon="-118.297895"/>
      <trkpt lat="35.357692" lon="-118.298020"/>
      <trkpt lat="35.357803" lon="-118.298273"/>
      <trkpt lat="35.357853" lon="-118.298527"/>
      <trkpt lat="35.357917" lon="-118.298595"/>
      <trkpt lat="35.358057" lon="-118.298665"/>
      <trkpt lat="35.358289" lon="-118.298740"/>
      <trkpt lat="35.358401" lon="-118.298805"/>
      <trkpt lat="35.358507" lon="-118.298920"/>
      <trkpt lat="35.358498" lon="-118.299112"/>
      <trkpt lat="35.358678" lon="-118.299633"/>
      <trkpt lat="35.358762" lon="-118.299687"/>
      <trkpt lat="35.358985" lon="-118.299673"/>
      <trkpt lat="35.359041" lon="-118.299660"/>
      <trkpt lat="35.359157" lon="-118.299580"/>
      <trkpt lat="35.359251" lon="-118.299601"/>
      <trkpt lat="35.359306" lon="-118.299576"/>
      <trkpt lat="35.359348" lon="-118.299449"/>
      <trkpt lat="35.359360" lon="-118.298987"/>
      <trkpt lat="35.359385" lon="-118.298925"/>
      <trkpt lat="35.359444" lon="-118.298850"/>
      <trkpt lat="35.359597" lon="-118.298840"/>
      <trkpt lat="35.359678" lon="-118.298802"/>
      <trkpt lat="35.359715" lon="-118.298743"/>
      <trkpt lat="35.359766" lon="-118.298625"/>
      <trkpt lat="35.359971" lon="-118.298442"/>
      <trkpt lat="35.360024" lon="-118.298338"/>
      <trkpt lat="35.360045" lon="-118.298188"/>
      <trkpt lat="35.360045" lon="-118.298045"/>
      <trkpt lat="35.360059" lon="-118.297949"/>
      <trkpt lat="35.360085" lon="-118.297922"/>
      <trkpt lat="35.360148" lon="-118.297917"/>
      <trkpt lat="35.360201" lon="-118.297922"/>
      <trkpt lat="35.360242" lon="-118.297978"/>
      <trkpt lat="35.360334" lon="-118.298019"/>
      <trkpt lat="35.360415" lon="-118.298021"/>
      <trkpt lat="35.360527" lon="-118.297944"/>
      <trkpt lat="35.360671" lon="-118.297766"/>
      <trkpt lat="35.360780" lon="-118.297619"/>
      <trkpt lat="35.360829" lon="-118.297447"/>
      <trkpt lat="35.360831" lon="-118.297324"/>
      <trkpt lat="35.360791" lon="-118.297077"/>
      <trkpt lat="35.360770" lon="-118.297026"/>
      <trkpt lat="35.360763" lon="-118.296943"/>
      <trkpt lat="35.360800" lon="-118.296903"/>
      <trkpt lat="35.360856" lon="-118.296887"/>
      <trkpt lat="35.361098" lon="-118.296796"/>
      <trkpt lat="35.361146" lon="-118.296720"/>
      <trkpt lat="35.361196" lon="-118.296710"/>
      <trkpt lat="35.361251" lon="-118.296747"/>
      <trkpt lat="35.361350" lon="-118.296837"/>
      <trkpt lat="35.361443" lon="-118.296849"/>
      <trkpt lat="35.361903" lon="-118.296838"/>
      <trkpt lat="35.362067" lon="-118.296940"/>
      <trkpt lat="35.362161" lon="-118.296927"/>
      <trkpt lat="35.362233" lon="-118.296809"/>
      <trkpt lat="35.362312" lon="-118.296771"/>
      <trkpt lat="35.362368" lon="-118.296733"/>
      <trkpt lat="35.362423" lon="-118.296667"/>
      <trkpt lat="35.362465" lon="-118.296562"/>
      <trkpt lat="35.362537" lon="-118.296468"/>
      <trkpt lat="35.362592" lon="-118.296356"/>
      <trkpt lat="35.362609" lon="-118.296256"/>
      <trkpt lat="35.362663" lon="-118.296142"/>
      <trkpt lat="35.362721" lon="-118.296087"/>
      <trkpt lat="35.362876" lon="-118.296036"/>
      <trkpt lat="35.363005" lon="-118.295940"/>
      <trkpt lat="35.363110" lon="-118.295835"/>
      <trkpt lat="35.363215" lon="-118.295814"/>
      <trkpt lat="35.363285" lon="-118.295766"/>
      <trkpt lat="35.363473" lon="-118.295661"/>
      <trkpt lat="35.363537" lon="-118.295605"/>
      <trkpt lat="35.363585" lon="-118.295510"/>
      <trkpt lat="35.363607" lon="-118.295454"/>
      <trkpt lat="35.363609" lon="-118.295353"/>
      <trkpt lat="35.363602" lon="-118.295243"/>
      <trkpt lat="35.363561" lon="-118.295023"/>
      <trkpt lat="35.363555" lon="-118.294733"/>
      <trkpt lat="35.363617" lon="-118.294561"/>
      <trkpt lat="35.363763" lon="-118.294250"/>
      <trkpt lat="35.363827" lon="-118.294164"/>
      <trkpt lat="35.363884" lon="-118.294135"/>
      <trkpt lat="35.363983" lon="-118.294159"/>
      <trkpt lat="35.364079" lon="-118.294191"/>
      <trkpt lat="35.364171" lon="-118.294143"/>
      <trkpt lat="35.364292" lon="-118.294028"/>
      <trkpt lat="35.364499" lon="-118.294006"/>
      <trkpt lat="35.364687" lon="-118.293920"/>
      <trkpt lat="35.364814" lon="-118.293918"/>
      <trkpt lat="35.364915" lon="-118.293896"/>
    </trkseg>
    <trkseg>
      <trkpt lat="35.364915" lon="-118.293896"/>
      <trkpt lat="35.365027" lon="-118.293764"/>
      <trkpt lat="35.365450" lon="-118.293250"/>
    </trkseg>
    <trkseg>
      <trkpt lat="35.365450" lon="-118.293250"/>
      <trkpt lat="35.365491" lon="-118.293293"/>
      <trkpt lat="35.365623" lon="-118.293408"/>
      <trkpt lat="35.365795" lon="-118.293445"/>
      <trkpt lat="35.366459" lon="-118.293502"/>
      <trkpt lat="35.366611" lon="-118.293624"/>
      <trkpt lat="35.366720" lon="-118.293605"/>
      <trkpt lat="35.366826" lon="-118.293446"/>
      <trkpt lat="35.366971" lon="-118.293221"/>
      <trkpt lat="35.367000" lon="-118.293000"/>
      <trkpt lat="35.367183" lon="-118.292773"/>
      <trkpt lat="35.367542" lon="-118.292692"/>
      <trkpt lat="35.367750" lon="-118.292708"/>
      <trkpt lat="35.368022" lon="-118.292618"/>
      <trkpt lat="35.368244" lon="-118.292779"/>
      <trkpt lat="35.368349" lon="-118.292777"/>
      <trkpt lat="35.368462" lon="-118.292700"/>
      <trkpt lat="35.368583" lon="-118.292445"/>
      <trkpt lat="35.368799" lon="-118.292166"/>
      <trkpt lat="35.368945" lon="-118.291888"/>
      <trkpt lat="35.369057" lon="-118.291613"/>
      <trkpt lat="35.369149" lon="-118.291530"/>
      <trkpt lat="35.369277" lon="-118.291530"/>
      <trkpt lat="35.369334" lon="-118.291604"/>
      <trkpt lat="35.369409" lon="-118.291770"/>
      <trkpt lat="35.369429" lon="-118.291905"/>
      <trkpt lat="35.369383" lon="-118.292543"/>
      <trkpt lat="35.369394" lon="-118.292902"/>
      <trkpt lat="35.369507" lon="-118.293250"/>
      <trkpt lat="35.369635" lon="-118.293513"/>
      <trkpt lat="35.369887" lon="-118.293805"/>
      <trkpt lat="35.370449" lon="-118.294375"/>
      <trkpt lat="35.370613" lon="-118.294391"/>
      <trkpt lat="35.370793" lon="-118.294371"/>
      <trkpt lat="35.370945" lon="-118.294286"/>
      <trkpt lat="35.371073" lon="-118.294042"/>
      <trkpt lat="35.371142" lon="-118.293767"/>
      <trkpt lat="35.371215" lon="-118.293636"/>
      <trkpt lat="35.371413" lon="-118.293507"/>
      <trkpt lat="35.371518" lon="-118.293384"/>
      <trkpt lat="35.371588" lon="-118.293325"/>
      <trkpt lat="35.371876" lon="-118.293256"/>
      <trkpt lat="35.372139" lon="-118.293238"/>
      <trkpt lat="35.372326" lon="-118.293266"/>
      <trkpt lat="35.372535" lon="-118.293437"/>
      <trkpt lat="35.372620" lon="-118.293436"/>
      <trkpt lat="35.372682" lon="-118.293323"/>
      <trkpt lat="35.372771" lon="-118.293244"/>
      <trkpt lat="35.372917" lon="-118.293196"/>
      <trkpt lat="35.373162" lon="-118.293016"/>
      <trkpt lat="35.373191" lon="-118.292920"/>
      <trkpt lat="35.373193" lon="-118.292796"/>
      <trkpt lat="35.373204" lon="-118.292705"/>
      <trkpt lat="35.373252" lon="-118.292659"/>
      <trkpt lat="35.373311" lon="-118.292681"/>
      <trkpt lat="35.373383" lon="-118.292751"/>
      <trkpt lat="35.373466" lon="-118.292829"/>
      <trkpt lat="35.373628" lon="-118.293030"/>
      <trkpt lat="35.374280" lon="-118.293397"/>
      <trkpt lat="35.374398" lon="-118.293563"/>
      <trkpt lat="35.374475" lon="-118.294132"/>
      <trkpt lat="35.374536" lon="-118.294253"/>
      <trkpt lat="35.374718" lon="-118.294309"/>
      <trkpt lat="35.374829" lon="-118.294395"/>
      <trkpt lat="35.374981" lon="-118.294826"/>
      <trkpt lat="35.375028" lon="-118.294848"/>
      <trkpt lat="35.375087" lon="-118.294840"/>
      <trkpt lat="35.375122" lon="-118.294508"/>
      <trkpt lat="35.375199" lon="-118.294271"/>
      <trkpt lat="35.375354" lon="-118.293345"/>
      <trkpt lat="35.375392" lon="-118.293175"/>
      <trkpt lat="35.375568" lon="-118.292949"/>
      <trkpt lat="35.375664" lon="-118.292938"/>
      <trkpt lat="35.375762" lon="-118.293014"/>
      <trkpt lat="35.375939" lon="-118.293769"/>
      <trkpt lat="35.375988" lon="-118.293809"/>
    </trkseg>
    <trkseg>
      <trkpt lat="35.375988" lon="-118.293809"/>
      <trkpt lat="35.376008" lon="-118.293907"/>
      <trkpt lat="35.376183" lon="-118.294116"/>
      <trkpt lat="35.376518" lon="-118.294452"/>
      <trkpt lat="35.376888" lon="-118.294677"/>
      <trkpt lat="35.377183" lon="-118.295000"/>
      <trkpt lat="35.377287" lon="-118.295015"/>
      <trkpt lat="35.377797" lon="-118.294395"/>
      <trkpt lat="35.377953" lon="-118.293938"/>
      <trkpt lat="35.377938" lon="-118.293647"/>
      <trkpt lat="35.378360" lon="-118.293407"/>
      <trkpt lat="35.378797" lon="-118.293330"/>
      <trkpt lat="35.379955" lon="-118.293433"/>
      <trkpt lat="35.380227" lon="-118.293535"/>
      <trkpt lat="35.380708" lon="-118.293875"/>
      <trkpt lat="35.381092" lon="-118.294010"/>
      <trkpt lat="35.381295" lon="-118.294157"/>
      <trkpt lat="35.381543" lon="-118.294575"/>
      <trkpt lat="35.381668" lon="-118.294667"/>
      <trkpt lat="35.381920" lon="-118.294557"/>
      <trkpt lat="35.382037" lon="-118.294589"/>
      <trkpt lat="35.382142" lon="-118.294792"/>
      <trkpt lat="35.382250" lon="-118.295117"/>
      <trkpt lat="35.382305" lon="-118.295200"/>
      <trkpt lat="35.382400" lon="-118.295227"/>
      <trkpt lat="35.382565" lon="-118.295245"/>
      <trkpt lat="35.382647" lon="-118.295198"/>
      <trkpt lat="35.382700" lon="-118.295222"/>
      <trkpt lat="35.382763" lon="-118.295563"/>
      <trkpt lat="35.382868" lon="-118.295865"/>
      <trkpt lat="35.382975" lon="-118.296181"/>
      <trkpt lat="35.383028" lon="-118.296418"/>
      <trkpt lat="35.383238" lon="-118.296672"/>
      <trkpt lat="35.383316" lon="-118.296741"/>
      <trkpt lat="35.383373" lon="-118.296747"/>
      <trkpt lat="35.383642" lon="-118.296755"/>
      <trkpt lat="35.383737" lon="-118.296855"/>
      <trkpt lat="35.383880" lon="-118.297052"/>
      <trkpt lat="35.384155" lon="-118.297275"/>
      <trkpt lat="35.383863" lon="-118.297598"/>
      <trkpt lat="35.383818" lon="-118.298067"/>
      <trkpt lat="35.383953" lon="-118.298408"/>
      <trkpt lat="35.384220" lon="-118.298628"/>
      <trkpt lat="35.384410" lon="-118.298865"/>
      <trkpt lat="35.384850" lon="-118.299688"/>
      <trkpt lat="35.385220" lon="-118.299970"/>
      <trkpt lat="35.385477" lon="-118.300058"/>
      <trkpt lat="35.385614" lon="-118.300056"/>
      <trkpt lat="35.385783" lon="-118.300017"/>
      <trkpt lat="35.386023" lon="-118.299850"/>
      <trkpt lat="35.386049" lon="-118.299845"/>
      <trkpt lat="35.386160" lon="-118.299892"/>
      <trkpt lat="35.386288" lon="-118.299958"/>
      <trkpt lat="35.386612" lon="-118.300265"/>
      <trkpt lat="35.386715" lon="-118.300314"/>
      <trkpt lat="35.386855" lon="-118.300388"/>
      <trkpt lat="35.387073" lon="-118.300502"/>
      <trkpt lat="35.387246" lon="-118.300718"/>
      <trkpt lat="35.387406" lon="-118.301108"/>
      <trkpt lat="35.387547" lon="-118.301275"/>
      <trkpt lat="35.387630" lon="-118.301360"/>
      <trkpt lat="35.387617" lon="-118.301272"/>
      <trkpt lat="35.387457" lon="-118.299515"/>
      <trkpt lat="35.387443" lon="-118.299427"/>
      <trkpt lat="35.387476" lon="-118.299411"/>
      <trkpt lat="35.387577" lon="-118.299482"/>
      <trkpt lat="35.387995" lon="-118.299850"/>
      <trkpt lat="35.388090" lon="-118.299903"/>
      <trkpt lat="35.388208" lon="-118.299839"/>
      <trkpt lat="35.388346" lon="-118.299666"/>
      <trkpt lat="35.388468" lon="-118.299551"/>
      <trkpt lat="35.388582" lon="-118.299492"/>
      <trkpt lat="35.388803" lon="-118.299451"/>
      <trkpt lat="35.389512" lon="-118.299367"/>
      <trkpt lat="35.390012" lon="-118.299072"/>
      <trkpt lat="35.390478" lon="-118.299054"/>
      <trkpt lat="35.390613" lon="-118.299028"/>
      <trkpt lat="35.390785" lon="-118.299106"/>
      <trkpt lat="35.390922" lon="-118.299216"/>
      <trkpt lat="35.391006" lon="-118.299201"/>
      <trkpt lat="35.391170" lon="-118.299163"/>
      <trkpt lat="35.391322" lon="-118.299223"/>
      <trkpt lat="35.391418" lon="-118.299442"/>
      <trkpt lat="35.391473" lon="-118.299673"/>
      <trkpt lat="35.391602" lon="-118.299620"/>
      <trkpt lat="35.391983" lon="-118.298857"/>
      <trkpt lat="35.392102" lon="-118.298765"/>
      <trkpt lat="35.392573" lon="-118.298660"/>
      <trkpt lat="35.392693" lon="-118.298753"/>
      <trkpt lat="35.393110" lon="-118.299595"/>
      <trkpt lat="35.393255" lon="-118.299655"/>
      <trkpt lat="35.393328" lon="-118.299686"/>
      <trkpt lat="35.393435" lon="-118.299666"/>
      <trkpt lat="35.393668" lon="-118.299547"/>
      <trkpt lat="35.393638" lon="-118.299475"/>
      <trkpt lat="35.393498" lon="-118.299458"/>
      <trkpt lat="35.393547" lon="-118.299375"/>
      <trkpt lat="35.393678" lon="-118.299305"/>
      <trkpt lat="35.393732" lon="-118.298997"/>
      <trkpt lat="35.393822" lon="-118.298923"/>
      <trkpt lat="35.393968" lon="-118.298935"/>
      <trkpt lat="35.394231" lon="-118.299129"/>
      <trkpt lat="35.394456" lon="-118.299348"/>
      <trkpt lat="35.394825" lon="-118.299729"/>
      <trkpt lat="35.395288" lon="-118.300040"/>
      <trkpt lat="35.395527" lon="-118.300214"/>
      <trkpt lat="35.396272" lon="-118.299910"/>
      <trkpt lat="35.396373" lon="-118.299788"/>
      <trkpt lat="35.396678" lon="-118.299752"/>
      <trkpt lat="35.396935" lon="-118.299862"/>
      <trkpt lat="35.397019" lon="-118.300014"/>
      <trkpt lat="35.397088" lon="-118.300310"/>
      <trkpt lat="35.397264" lon="-118.300619"/>
      <trkpt lat="35.397548" lon="-118.300920"/>
      <trkpt lat="35.397643" lon="-118.301245"/>
      <trkpt lat="35.397737" lon="-118.301397"/>
      <trkpt lat="35.397832" lon="-118.301883"/>
      <trkpt lat="35.397945" lon="-118.301965"/>
      <trkpt lat="35.398073" lon="-118.301953"/>
      <trkpt lat="35.398312" lon="-118.302150"/>
      <trkpt lat="35.398760" lon="-118.303108"/>
      <trkpt lat="35.399046" lon="-118.303256"/>
      <trkpt lat="35.399140" lon="-118.303250"/>
      <trkpt lat="35.399180" lon="-118.303202"/>
      <trkpt lat="35.399255" lon="-118.303053"/>
      <trkpt lat="35.399350" lon="-118.302992"/>
      <trkpt lat="35.399526" lon="-118.303143"/>
      <trkpt lat="35.399737" lon="-118.303360"/>
      <trkpt lat="35.399831" lon="-118.303527"/>
      <trkpt lat="35.399895" lon="-118.303843"/>
      <trkpt lat="35.399816" lon="-118.304127"/>
      <trkpt lat="35.399803" lon="-118.304170"/>
      <trkpt lat="35.399710" lon="-118.304282"/>
      <trkpt lat="35.400080" lon="-118.304263"/>
      <trkpt lat="35.400577" lon="-118.305250"/>
      <trkpt lat="35.400690" lon="-118.305352"/>
      <trkpt lat="35.400927" lon="-118.304740"/>
      <trkpt lat="35.401038" lon="-118.304617"/>
      <trkpt lat="35.401163" lon="-118.304640"/>
      <trkpt lat="35.401393" lon="-118.304855"/>
      <trkpt lat="35.401482" lon="-118.305187"/>
      <trkpt lat="35.401630" lon="-118.305210"/>
      <trkpt lat="35.402189" lon="-118.305556"/>
      <trkpt lat="35.402248" lon="-118.305841"/>
      <trkpt lat="35.402352" lon="-118.305902"/>
      <trkpt lat="35.402603" lon="-118.305975"/>
      <trkpt lat="35.402940" lon="-118.305983"/>
      <trkpt lat="35.402907" lon="-118.306062"/>
      <trkpt lat="35.402738" lon="-118.306235"/>
      <trkpt lat="35.403017" lon="-118.306696"/>
      <trkpt lat="35.402902" lon="-118.306978"/>
      <trkpt lat="35.403068" lon="-118.307027"/>
      <trkpt lat="35.403168" lon="-118.307113"/>
      <trkpt lat="35.403293" lon="-118.307077"/>
      <trkpt lat="35.403510" lon="-118.306853"/>
      <trkpt lat="35.403638" lon="-118.306830"/>
      <trkpt lat="35.403735" lon="-118.306675"/>
      <trkpt lat="35.403825" lon="-118.306328"/>
      <trkpt lat="35.403995" lon="-118.305998"/>
      <trkpt lat="35.404095" lon="-118.305917"/>
      <trkpt lat="35.404237" lon="-118.305880"/>
      <trkpt lat="35.404390" lon="-118.305933"/>
      <trkpt lat="35.405160" lon="-118.306650"/>
      <trkpt lat="35.405302" lon="-118.306665"/>
      <trkpt lat="35.405337" lon="-118.306527"/>
      <trkpt lat="35.405263" lon="-118.306177"/>
      <trkpt lat="35.405280" lon="-118.306002"/>
      <trkpt lat="35.405392" lon="-118.305945"/>
      <trkpt lat="35.405551" lon="-118.305942"/>
      <trkpt lat="35.406048" lon="-118.305933"/>
      <trkpt lat="35.406532" lon="-118.305712"/>
      <trkpt lat="35.406967" lon="-118.305668"/>
      <trkpt lat="35.407365" lon="-118.305581"/>
      <trkpt lat="35.407564" lon="-118.305455"/>
      <trkpt lat="35.407740" lon="-118.305499"/>
      <trkpt lat="35.407900" lon="-118.305670"/>
      <trkpt lat="35.408318" lon="-118.306260"/>
      <trkpt lat="35.408431" lon="-118.306304"/>
      <trkpt lat="35.408578" lon="-118.306207"/>
      <trkpt lat="35.409050" lon="-118.305641"/>
      <trkpt lat="35.409262" lon="-118.306087"/>
      <trkpt lat="35.409323" lon="-118.306165"/>
      <trkpt lat="35.409298" lon="-118.306425"/>
      <trkpt lat="35.409350" lon="-118.306509"/>
      <trkpt lat="35.409415" lon="-118.306527"/>
      <trkpt lat="35.409902" lon="-118.306700"/>
      <trkpt lat="35.409997" lon="-118.306795"/>
      <trkpt lat="35.410253" lon="-118.306752"/>
      <trkpt lat="35.410420" lon="-118.306795"/>
      <trkpt lat="35.410513" lon="-118.306847"/>
      <trkpt lat="35.410615" lon="-118.307019"/>
      <trkpt lat="35.410685" lon="-118.307088"/>
      <trkpt lat="35.410992" lon="-118.307197"/>
      <trkpt lat="35.411288" lon="-118.307170"/>
      <trkpt lat="35.411838" lon="-118.306992"/>
      <trkpt lat="35.411970" lon="-118.306858"/>
      <trkpt lat="35.412108" lon="-118.306528"/>
      <trkpt lat="35.412288" lon="-118.306277"/>
      <trkpt lat="35.412457" lon="-118.305775"/>
      <trkpt lat="35.412577" lon="-118.305710"/>
      <trkpt lat="35.412752" lon="-118.305972"/>
      <trkpt lat="35.413055" lon="-118.306012"/>
      <trkpt lat="35.413218" lon="-118.306044"/>
      <trkpt lat="35.413250" lon="-118.306115"/>
      <trkpt lat="35.413275" lon="-118.306245"/>
      <trkpt lat="35.413326" lon="-118.306465"/>
      <trkpt lat="35.413367" lon="-118.306528"/>
      <trkpt lat="35.413467" lon="-118.306560"/>
      <trkpt lat="35.413568" lon="-118.306515"/>
      <trkpt lat="35.413697" lon="-118.306394"/>
      <trkpt lat="35.413802" lon="-118.306337"/>
      <trkpt lat="35.413890" lon="-118.306254"/>
      <trkpt lat="35.414054" lon="-118.306084"/>
      <trkpt lat="35.414192" lon="-118.305779"/>
      <trkpt lat="35.414263" lon="-118.305750"/>
      <trkpt lat="35.414322" lon="-118.305798"/>
      <trkpt lat="35.414402" lon="-118.306025"/>
      <trkpt lat="35.414508" lon="-118.306137"/>
      <trkpt lat="35.414795" lon="-118.306113"/>
      <trkpt lat="35.415082" lon="-118.306187"/>
      <trkpt lat="35.415287" lon="-118.306164"/>
      <trkpt lat="35.415470" lon="-118.306080"/>
      <trkpt lat="35.415800" lon="-118.305770"/>
      <trkpt lat="35.415824" lon="-118.305715"/>
      <trkpt lat="35.415943" lon="-118.305435"/>
      <trkpt lat="35.416355" lon="-118.304967"/>
      <trkpt lat="35.416490" lon="-118.304698"/>
      <trkpt lat="35.416602" lon="-118.304598"/>
      <trkpt lat="35.417007" lon="-118.304684"/>
      <trkpt lat="35.417112" lon="-118.304671"/>
      <trkpt lat="35.417203" lon="-118.304661"/>
      <trkpt lat="35.417408" lon="-118.304651"/>
      <trkpt lat="35.417521" lon="-118.304665"/>
      <trkpt lat="35.417542" lon="-118.304620"/>
      <trkpt lat="35.417373" lon="-118.304267"/>
      <trkpt lat="35.417317" lon="-118.303995"/>
      <trkpt lat="35.417332" lon="-118.303857"/>
      <trkpt lat="35.417400" lon="-118.303729"/>
      <trkpt lat="35.417803" lon="-118.303683"/>
      <trkpt lat="35.417930" lon="-118.303563"/>
      <trkpt lat="35.418365" lon="-118.303333"/>
      <trkpt lat="35.418625" lon="-118.303318"/>
      <trkpt lat="35.419107" lon="-118.303947"/>
      <trkpt lat="35.419078" lon="-118.304332"/>
      <trkpt lat="35.419260" lon="-118.304518"/>
      <trkpt lat="35.419432" lon="-118.304872"/>
      <trkpt lat="35.419721" lon="-118.305050"/>
      <trkpt lat="35.419805" lon="-118.305227"/>
      <trkpt lat="35.419957" lon="-118.305212"/>
      <trkpt lat="35.420195" lon="-118.305143"/>
      <trkpt lat="35.420403" lon="-118.305118"/>
      <trkpt lat="35.420575" lon="-118.305177"/>
      <trkpt lat="35.420715" lon="-118.305127"/>
      <trkpt lat="35.420940" lon="-118.304863"/>
      <trkpt lat="35.421154" lon="-118.304689"/>
      <trkpt lat="35.421327" lon="-118.304727"/>
      <trkpt lat="35.421502" lon="-118.304779"/>
      <trkpt lat="35.421669" lon="-118.304811"/>
      <trkpt lat="35.422122" lon="-118.304792"/>
      <trkpt lat="35.422405" lon="-118.304607"/>
      <trkpt lat="35.422733" lon="-118.304623"/>
      <trkpt lat="35.423005" lon="-118.304835"/>
      <trkpt lat="35.423317" lon="-118.304797"/>
      <trkpt lat="35.423462" lon="-118.304887"/>
      <trkpt lat="35.423530" lon="-118.304955"/>
      <trkpt lat="35.423506" lon="-118.305097"/>
      <trkpt lat="35.423552" lon="-118.305212"/>
      <trkpt lat="35.423651" lon="-118.305242"/>
      <trkpt lat="35.423775" lon="-118.305218"/>
      <trkpt lat="35.423872" lon="-118.305257"/>
      <trkpt lat="35.424108" lon="-118.305512"/>
      <trkpt lat="35.424275" lon="-118.305825"/>
      <trkpt lat="35.424346" lon="-118.305910"/>
      <trkpt lat="35.424411" lon="-118.305896"/>
      <trkpt lat="35.424425" lon="-118.305729"/>
      <trkpt lat="35.424402" lon="-118.305181"/>
      <trkpt lat="35.424478" lon="-118.304915"/>
      <trkpt lat="35.424443" lon="-118.304723"/>
      <trkpt lat="35.424513" lon="-118.304678"/>
      <trkpt lat="35.424523" lon="-118.304763"/>
      <trkpt lat="35.424612" lon="-118.304889"/>
      <trkpt lat="35.424666" lon="-118.305020"/>
      <trkpt lat="35.424658" lon="-118.305134"/>
      <trkpt lat="35.424685" lon="-118.305238"/>
      <trkpt lat="35.424907" lon="-118.305615"/>
      <trkpt lat="35.425076" lon="-118.306222"/>
      <trkpt lat="35.425236" lon="-118.306887"/>
      <trkpt lat="35.425190" lon="-118.307112"/>
      <trkpt lat="35.424980" lon="-118.307223"/>
      <trkpt lat="35.424980" lon="-118.307272"/>
      <trkpt lat="35.425267" lon="-118.307390"/>
      <trkpt lat="35.425420" lon="-118.307375"/>
      <trkpt lat="35.425847" lon="-118.307160"/>
      <trkpt lat="35.426203" lon="-118.307595"/>
      <trkpt lat="35.426437" lon="-118.307760"/>
      <trkpt lat="35.426822" lon="-118.307901"/>
      <trkpt lat="35.427042" lon="-118.308050"/>
      <trkpt lat="35.427368" lon="-118.308075"/>
      <trkpt lat="35.427505" lon="-118.308090"/>
      <trkpt lat="35.427591" lon="-118.308042"/>
      <trkpt lat="35.427832" lon="-118.307913"/>
      <trkpt lat="35.427912" lon="-118.307866"/>
      <trkpt lat="35.427967" lon="-118.307773"/>
      <trkpt lat="35.427987" lon="-118.307569"/>
      <trkpt lat="35.427950" lon="-118.307385"/>
      <trkpt lat="35.428191" lon="-118.307302"/>
      <trkpt lat="35.428472" lon="-118.307415"/>
      <trkpt lat="35.428632" lon="-118.307669"/>
      <trkpt lat="35.428932" lon="-118.307807"/>
      <trkpt lat="35.429180" lon="-118.308065"/>
      <trkpt lat="35.429308" lon="-118.308152"/>
      <trkpt lat="35.429482" lon="-118.308208"/>
      <trkpt lat="35.429615" lon="-118.308224"/>
      <trkpt lat="35.429695" lon="-118.308177"/>
      <trkpt lat="35.429747" lon="-118.308170"/>
      <trkpt lat="35.429778" lon="-118.308271"/>
      <trkpt lat="35.429822" lon="-118.308372"/>
      <trkpt lat="35.430072" lon="-118.308481"/>
      <trkpt lat="35.431058" lon="-118.308495"/>
      <trkpt lat="35.431201" lon="-118.308431"/>
      <trkpt lat="35.431297" lon="-118.308303"/>
      <trkpt lat="35.431510" lon="-118.308450"/>
      <trkpt lat="35.431735" lon="-118.308450"/>
      <trkpt lat="35.431907" lon="-118.308401"/>
      <trkpt lat="35.431967" lon="-118.308441"/>
      <trkpt lat="35.432029" lon="-118.308751"/>
      <trkpt lat="35.432135" lon="-118.308845"/>
      <trkpt lat="35.432263" lon="-118.308803"/>
      <trkpt lat="35.432341" lon="-118.308746"/>
      <trkpt lat="35.432375" lon="-118.308656"/>
      <trkpt lat="35.432498" lon="-118.308605"/>
      <trkpt lat="35.432643" lon="-118.308718"/>
      <trkpt lat="35.432803" lon="-118.308750"/>
      <trkpt lat="35.432975" lon="-118.308745"/>
      <trkpt lat="35.433125" lon="-118.308662"/>
      <trkpt lat="35.433258" lon="-118.308540"/>
      <trkpt lat="35.433322" lon="-118.308680"/>
      <trkpt lat="35.433335" lon="-118.309035"/>
      <trkpt lat="35.433332" lon="-118.309128"/>
      <trkpt lat="35.433472" lon="-118.309157"/>
      <trkpt lat="35.433608" lon="-118.309143"/>
      <trkpt lat="35.434090" lon="-118.309043"/>
      <trkpt lat="35.434067" lon="-118.309160"/>
      <trkpt lat="35.433757" lon="-118.309465"/>
      <trkpt lat="35.434238" lon="-118.309453"/>
      <trkpt lat="35.434328" lon="-118.309685"/>
      <trkpt lat="35.434440" lon="-118.309823"/>
      <trkpt lat="35.435000" lon="-118.310027"/>
      <trkpt lat="35.435240" lon="-118.310255"/>
      <trkpt lat="35.435395" lon="-118.310330"/>
      <trkpt lat="35.436100" lon="-118.310502"/>
      <trkpt lat="35.436182" lon="-118.310245"/>
      <trkpt lat="35.436673" lon="-118.310650"/>
      <trkpt lat="35.437158" lon="-118.310772"/>
      <trkpt lat="35.437305" lon="-118.310705"/>
      <trkpt lat="35.437455" lon="-118.310710"/>
      <trkpt lat="35.437885" lon="-118.310852"/>
      <trkpt lat="35.438048" lon="-118.310838"/>
      <trkpt lat="35.438842" lon="-118.310525"/>
      <trkpt lat="35.439012" lon="-118.310542"/>
      <trkpt lat="35.439132" lon="-118.310638"/>
      <trkpt lat="35.439288" lon="-118.310579"/>
      <trkpt lat="35.439403" lon="-118.310497"/>
      <trkpt lat="35.439627" lon="-118.310267"/>
      <trkpt lat="35.439758" lon="-118.310377"/>
      <trkpt lat="35.439922" lon="-118.310696"/>
      <trkpt lat="35.440298" lon="-118.310922"/>
      <trkpt lat="35.440487" lon="-118.310923"/>
      <trkpt lat="35.440967" lon="-118.311350"/>
      <trkpt lat="35.441407" lon="-118.311313"/>
      <trkpt lat="35.441332" lon="-118.311593"/>
      <trkpt lat="35.441348" lon="-118.311684"/>
      <trkpt lat="35.441406" lon="-118.311792"/>
      <trkpt lat="35.441663" lon="-118.311955"/>
      <trkpt lat="35.442093" lon="-118.312157"/>
      <trkpt lat="35.442326" lon="-118.312321"/>
      <trkpt lat="35.442933" lon="-118.312148"/>
      <trkpt lat="35.443062" lon="-118.312217"/>
      <trkpt lat="35.443347" lon="-118.312688"/>
      <trkpt lat="35.443425" lon="-118.313050"/>
      <trkpt lat="35.443525" lon="-118.313220"/>
      <trkpt lat="35.443650" lon="-118.313379"/>
      <trkpt lat="35.443787" lon="-118.314103"/>
      <trkpt lat="35.443909" lon="-118.314222"/>
      <trkpt lat="35.444090" lon="-118.314275"/>
      <trkpt lat="35.444242" lon="-118.314250"/>
      <trkpt lat="35.444436" lon="-118.314339"/>
      <trkpt lat="35.444580" lon="-118.314595"/>
      <trkpt lat="35.444646" lon="-118.314666"/>
      <trkpt lat="35.444683" lon="-118.314650"/>
      <trkpt lat="35.444700" lon="-118.314642"/>
      <trkpt lat="35.444718" lon="-118.314573"/>
      <trkpt lat="35.444758" lon="-118.314576"/>
      <trkpt lat="35.444863" lon="-118.314655"/>
      <trkpt lat="35.444920" lon="-118.314697"/>
      <trkpt lat="35.444992" lon="-118.314742"/>
      <trkpt lat="35.445043" lon="-118.314770"/>
      <trkpt lat="35.445215" lon="-118.314785"/>
      <trkpt lat="35.445357" lon="-118.314762"/>
      <trkpt lat="35.445548" lon="-118.314843"/>
      <trkpt lat="35.445663" lon="-118.314965"/>
      <trkpt lat="35.446443" lon="-118.315322"/>
      <trkpt lat="35.446528" lon="-118.315480"/>
      <trkpt lat="35.446555" lon="-118.315780"/>
      <trkpt lat="35.446638" lon="-118.315922"/>
      <trkpt lat="35.446723" lon="-118.315937"/>
      <trkpt lat="35.446787" lon="-118.315883"/>
      <trkpt lat="35.446908" lon="-118.315780"/>
      <trkpt lat="35.446978" lon="-118.315780"/>
      <trkpt lat="35.447045" lon="-118.315853"/>
      <trkpt lat="35.447348" lon="-118.316220"/>
      <trkpt lat="35.447630" lon="-118.316132"/>
      <trkpt lat="35.447747" lon="-118.316003"/>
      <trkpt lat="35.447775" lon="-118.315818"/>
      <trkpt lat="35.447680" lon="-118.315518"/>
      <trkpt lat="35.447743" lon="-118.315373"/>
      <trkpt lat="35.448057" lon="-118.315695"/>
      <trkpt lat="35.448313" lon="-118.315640"/>
      <trkpt lat="35.448438" lon="-118.315788"/>
      <trkpt lat="35.448573" lon="-118.315852"/>
      <trkpt lat="35.448727" lon="-118.315823"/>
      <trkpt lat="35.448862" lon="-118.315750"/>
      <trkpt lat="35.448940" lon="-118.315605"/>
      <trkpt lat="35.449107" lon="-118.315512"/>
      <trkpt lat="35.449560" lon="-118.314747"/>
      <trkpt lat="35.449687" lon="-118.314833"/>
      <trkpt lat="35.449987" lon="-118.314912"/>
      <trkpt lat="35.450090" lon="-118.315050"/>
      <trkpt lat="35.450117" lon="-118.315152"/>
      <trkpt lat="35.450022" lon="-118.315632"/>
      <trkpt lat="35.450047" lon="-118.315808"/>
      <trkpt lat="35.450107" lon="-118.315988"/>
      <trkpt lat="35.450320" lon="-118.316235"/>
      <trkpt lat="35.450468" lon="-118.316275"/>
      <trkpt lat="35.450635" lon="-118.316012"/>
      <trkpt lat="35.450665" lon="-118.315785"/>
      <trkpt lat="35.450778" lon="-118.315625"/>
      <trkpt lat="35.450907" lon="-118.315508"/>
      <trkpt lat="35.451298" lon="-118.315333"/>
      <trkpt lat="35.451355" lon="-118.314975"/>
      <trkpt lat="35.451293" lon="-118.314612"/>
      <trkpt lat="35.451308" lon="-118.314208"/>
      <trkpt lat="35.451572" lon="-118.313818"/>
      <trkpt lat="35.451634" lon="-118.313579"/>
      <trkpt lat="35.451650" lon="-118.313519"/>
      <trkpt lat="35.451637" lon="-118.313423"/>
      <trkpt lat="35.451643" lon="-118.313357"/>
      <trkpt lat="35.451686" lon="-118.313247"/>
      <trkpt lat="35.451713" lon="-118.313145"/>
      <trkpt lat="35.451745" lon="-118.313095"/>
      <trkpt lat="35.452343" lon="-118.312295"/>
      <trkpt lat="35.452403" lon="-118.312060"/>
      <trkpt lat="35.452413" lon="-118.311751"/>
      <trkpt lat="35.452547" lon="-118.311312"/>
      <trkpt lat="35.452438" lon="-118.310730"/>
      <trkpt lat="35.452443" lon="-118.310508"/>
      <trkpt lat="35.452502" lon="-118.310349"/>
      <trkpt lat="35.452598" lon="-118.310280"/>
      <trkpt lat="35.452722" lon="-118.310117"/>
      <trkpt lat="35.452932" lon="-118.309913"/>
      <trkpt lat="35.452990" lon="-118.309655"/>
      <trkpt lat="35.453096" lon="-118.309451"/>
      <trkpt lat="35.453143" lon="-118.309355"/>
      <trkpt lat="35.453168" lon="-118.309148"/>
      <trkpt lat="35.453130" lon="-118.308963"/>
      <trkpt lat="35.453287" lon="-118.308003"/>
      <trkpt lat="35.453268" lon="-118.307773"/>
      <trkpt lat="35.453553" lon="-118.306893"/>
      <trkpt lat="35.453602" lon="-118.305900"/>
      <trkpt lat="35.453672" lon="-118.305479"/>
      <trkpt lat="35.453775" lon="-118.305410"/>
      <trkpt lat="35.453818" lon="-118.305383"/>
      <trkpt lat="35.453862" lon="-118.305359"/>
      <trkpt lat="35.453984" lon="-118.305291"/>
      <trkpt lat="35.454151" lon="-118.305253"/>
      <trkpt lat="35.454303" lon="-118.305145"/>
      <trkpt lat="35.454404" lon="-118.304959"/>
      <trkpt lat="35.454465" lon="-118.304845"/>
      <trkpt lat="35.454557" lon="-118.304712"/>
      <trkpt lat="35.454582" lon="-118.304618"/>
      <trkpt lat="35.454629" lon="-118.304398"/>
      <trkpt lat="35.454679" lon="-118.304130"/>
      <trkpt lat="35.454750" lon="-118.304031"/>
      <trkpt lat="35.454884" lon="-118.303889"/>
      <trkpt lat="35.454992" lon="-118.303741"/>
      <trkpt lat="35.455010" lon="-118.303632"/>
      <trkpt lat="35.454966" lon="-118.303174"/>
      <trkpt lat="35.454897" lon="-118.303022"/>
      <trkpt lat="35.454757" lon="-118.302877"/>
      <trkpt lat="35.454628" lon="-118.302636"/>
      <trkpt lat="35.454337" lon="-118.302225"/>
      <trkpt lat="35.454273" lon="-118.302093"/>
      <trkpt lat="35.454275" lon="-118.301996"/>
      <trkpt lat="35.454313" lon="-118.301851"/>
      <trkpt lat="35.454337" lon="-118.301680"/>
      <trkpt lat="35.454383" lon="-118.301512"/>
      <trkpt lat="35.454416" lon="-118.301327"/>
      <trkpt lat="35.454378" lon="-118.301063"/>
      <trkpt lat="35.454365" lon="-118.300927"/>
      <trkpt lat="35.454227" lon="-118.300682"/>
      <trkpt lat="35.454168" lon="-118.300488"/>
      <trkpt lat="35.454155" lon="-118.300070"/>
      <trkpt lat="35.453980" lon="-118.299517"/>
      <trkpt lat="35.453991" lon="-118.299385"/>
      <trkpt lat="35.454135" lon="-118.298967"/>
      <trkpt lat="35.454194" lon="-118.298131"/>
      <trkpt lat="35.454209" lon="-118.297667"/>
      <trkpt lat="35.454283" lon="-118.297308"/>
      <trkpt lat="35.454375" lon="-118.296848"/>
      <trkpt lat="35.454652" lon="-118.295873"/>
      <trkpt lat="35.454735" lon="-118.295715"/>
      <trkpt lat="35.455147" lon="-118.295302"/>
      <trkpt lat="35.455732" lon="-118.295050"/>
      <trkpt lat="35.455913" lon="-118.294785"/>
      <trkpt lat="35.456088" lon="-118.294202"/>
      <trkpt lat="35.456175" lon="-118.293627"/>
      <trkpt lat="35.456360" lon="-118.293067"/>
      <trkpt lat="35.456308" lon="-118.292885"/>
      <trkpt lat="35.456058" lon="-118.292618"/>
      <trkpt lat="35.455973" lon="-118.292453"/>
      <trkpt lat="35.456150" lon="-118.292100"/>
      <trkpt lat="35.456230" lon="-118.291583"/>
      <trkpt lat="35.456228" lon="-118.291485"/>
      <trkpt lat="35.456277" lon="-118.291427"/>
      <trkpt lat="35.456267" lon="-118.291395"/>
      <trkpt lat="35.456229" lon="-118.291400"/>
      <trkpt lat="35.456068" lon="-118.291249"/>
      <trkpt lat="35.456205" lon="-118.291118"/>
      <trkpt lat="35.456243" lon="-118.291000"/>
      <trkpt lat="35.456397" lon="-118.290927"/>
      <trkpt lat="35.456477" lon="-118.290842"/>
      <trkpt lat="35.456540" lon="-118.290655"/>
      <trkpt lat="35.456657" lon="-118.290138"/>
      <trkpt lat="35.456675" lon="-118.289833"/>
      <trkpt lat="35.456960" lon="-118.289110"/>
      <trkpt lat="35.457052" lon="-118.288608"/>
      <trkpt lat="35.457240" lon="-118.288090"/>
      <trkpt lat="35.457258" lon="-118.287928"/>
      <trkpt lat="35.457363" lon="-118.287876"/>
      <trkpt lat="35.457441" lon="-118.287878"/>
      <trkpt lat="35.457562" lon="-118.287976"/>
      <trkpt lat="35.457600" lon="-118.287912"/>
      <trkpt lat="35.457624" lon="-118.287748"/>
      <trkpt lat="35.457601" lon="-118.287572"/>
      <trkpt lat="35.457544" lon="-118.287451"/>
      <trkpt lat="35.457533" lon="-118.287376"/>
      <trkpt lat="35.457560" lon="-118.287251"/>
      <trkpt lat="35.457636" lon="-118.287047"/>
      <trkpt lat="35.457736" lon="-118.286869"/>
      <trkpt lat="35.458203" lon="-118.286445"/>
      <trkpt lat="35.458450" lon="-118.285603"/>
      <trkpt lat="35.458302" lon="-118.284589"/>
      <trkpt lat="35.458003" lon="-118.283455"/>
      <trkpt lat="35.457758" lon="-118.282940"/>
      <trkpt lat="35.457478" lon="-118.281932"/>
      <trkpt lat="35.457487" lon="-118.281533"/>
      <trkpt lat="35.457612" lon="-118.281182"/>
      <trkpt lat="35.457632" lon="-118.280958"/>
      <trkpt lat="35.457723" lon="-118.280765"/>
      <trkpt lat="35.457674" lon="-118.280564"/>
      <trkpt lat="35.457718" lon="-118.280503"/>
      <trkpt lat="35.457810" lon="-118.280320"/>
      <trkpt lat="35.457759" lon="-118.280081"/>
      <trkpt lat="35.457679" lon="-118.280034"/>
      <trkpt lat="35.457509" lon="-118.280059"/>
      <trkpt lat="35.457532" lon="-118.279758"/>
      <trkpt lat="35.457497" lon="-118.279714"/>
      <trkpt lat="35.457402" lon="-118.279710"/>
      <trkpt lat="35.457102" lon="-118.279630"/>
      <trkpt lat="35.456944" lon="-118.279541"/>
      <trkpt lat="35.456857" lon="-118.279368"/>
      <trkpt lat="35.456713" lon="-118.279325"/>
      <trkpt lat="35.456613" lon="-118.279157"/>
      <trkpt lat="35.456569" lon="-118.278806"/>
      <trkpt lat="35.456450" lon="-118.278555"/>
      <trkpt lat="35.456431" lon="-118.278526"/>
      <trkpt lat="35.456322" lon="-118.278361"/>
      <trkpt lat="35.456318" lon="-118.278308"/>
      <trkpt lat="35.456312" lon="-118.278205"/>
      <trkpt lat="35.456353" lon="-118.278154"/>
      <trkpt lat="35.456423" lon="-118.278142"/>
      <trkpt lat="35.456612" lon="-118.278097"/>
      <trkpt lat="35.456860" lon="-118.277818"/>
      <trkpt lat="35.456808" lon="-118.277647"/>
      <trkpt lat="35.456922" lon="-118.277523"/>
      <trkpt lat="35.457099" lon="-118.277103"/>
      <trkpt lat="35.457125" lon="-118.276850"/>
      <trkpt lat="35.457238" lon="-118.276443"/>
      <trkpt lat="35.457223" lon="-118.276120"/>
      <trkpt lat="35.457282" lon="-118.275565"/>
      <trkpt lat="35.457212" lon="-118.275388"/>
      <trkpt lat="35.456983" lon="-118.275128"/>
      <trkpt lat="35.456303" lon="-118.274603"/>
      <trkpt lat="35.456223" lon="-118.274433"/>
      <trkpt lat="35.456062" lon="-118.273735"/>
      <trkpt lat="35.456068" lon="-118.273380"/>
      <trkpt lat="35.455938" lon="-118.273017"/>
      <trkpt lat="35.455912" lon="-118.272690"/>
      <trkpt lat="35.456072" lon="-118.272182"/>
      <trkpt lat="35.456167" lon="-118.271587"/>
      <trkpt lat="35.456190" lon="-118.271155"/>
      <trkpt lat="35.456107" lon="-118.270967"/>
      <trkpt lat="35.456158" lon="-118.270884"/>
      <trkpt lat="35.456293" lon="-118.270693"/>
      <trkpt lat="35.456234" lon="-118.270412"/>
      <trkpt lat="35.456257" lon="-118.270117"/>
      <trkpt lat="35.456615" lon="-118.268808"/>
      <trkpt lat="35.456648" lon="-118.268010"/>
      <trkpt lat="35.456575" lon="-118.267635"/>
      <trkpt lat="35.456228" lon="-118.266547"/>
      <trkpt lat="35.456027" lon="-118.266253"/>
      <trkpt lat="35.455902" lon="-118.266172"/>
      <trkpt lat="35.455425" lon="-118.266145"/>
      <trkpt lat="35.455135" lon="-118.266010"/>
      <trkpt lat="35.454855" lon="-118.265777"/>
      <trkpt lat="35.454547" lon="-118.265688"/>
      <trkpt lat="35.454215" lon="-118.265515"/>
      <trkpt lat="35.453915" lon="-118.265555"/>
      <trkpt lat="35.453796" lon="-118.265405"/>
      <trkpt lat="35.453617" lon="-118.265180"/>
      <trkpt lat="35.453758" lon="-118.264927"/>
      <trkpt lat="35.453727" lon="-118.264400"/>
      <trkpt lat="35.454165" lon="-118.263472"/>
      <trkpt lat="35.454173" lon="-118.262887"/>
      <trkpt lat="35.454128" lon="-118.262722"/>
      <trkpt lat="35.454162" lon="-118.262625"/>
      <trkpt lat="35.454310" lon="-118.262570"/>
      <trkpt lat="35.454585" lon="-118.262583"/>
      <trkpt lat="35.454727" lon="-118.262513"/>
      <trkpt lat="35.455127" lon="-118.261950"/>
      <trkpt lat="35.455545" lon="-118.261887"/>
      <trkpt lat="35.455605" lon="-118.261867"/>
      <trkpt lat="35.455633" lon="-118.261785"/>
      <trkpt lat="35.455645" lon="-118.261700"/>
      <trkpt lat="35.455575" lon="-118.261644"/>
      <trkpt lat="35.455514" lon="-118.261520"/>
      <trkpt lat="35.455405" lon="-118.261367"/>
      <trkpt lat="35.455366" lon="-118.261277"/>
      <trkpt lat="35.455364" lon="-118.261139"/>
      <trkpt lat="35.455250" lon="-118.260902"/>
      <trkpt lat="35.455155" lon="-118.260265"/>
      <trkpt lat="35.454867" lon="-118.260078"/>
      <trkpt lat="35.454750" lon="-118.259927"/>
      <trkpt lat="35.454688" lon="-118.259745"/>
      <trkpt lat="35.454842" lon="-118.259126"/>
      <trkpt lat="35.454859" lon="-118.258968"/>
      <trkpt lat="35.455028" lon="-118.258534"/>
      <trkpt lat="35.455023" lon="-118.258453"/>
      <trkpt lat="35.454803" lon="-118.257557"/>
      <trkpt lat="35.454545" lon="-118.257265"/>
      <trkpt lat="35.454833" lon="-118.256943"/>
      <trkpt lat="35.455002" lon="-118.256927"/>
      <trkpt lat="35.455135" lon="-118.256810"/>
      <trkpt lat="35.455212" lon="-118.256623"/>
      <trkpt lat="35.455262" lon="-118.256048"/>
      <trkpt lat="35.455578" lon="-118.255578"/>
      <trkpt lat="35.455624" lon="-118.255280"/>
      <trkpt lat="35.455618" lon="-118.255158"/>
      <trkpt lat="35.455675" lon="-118.255077"/>
      <trkpt lat="35.455791" lon="-118.255034"/>
      <trkpt lat="35.456020" lon="-118.254865"/>
      <trkpt lat="35.456087" lon="-118.254502"/>
      <trkpt lat="35.455950" lon="-118.254150"/>
      <trkpt lat="35.456273" lon="-118.253515"/>
      <trkpt lat="35.456417" lon="-118.253483"/>
      <trkpt lat="35.456750" lon="-118.253575"/>
      <trkpt lat="35.456895" lon="-118.253560"/>
      <trkpt lat="35.457072" lon="-118.253235"/>
      <trkpt lat="35.457012" lon="-118.252878"/>
      <trkpt lat="35.456907" lon="-118.252708"/>
      <trkpt lat="35.456632" lon="-118.252500"/>
      <trkpt lat="35.456458" lon="-118.252435"/>
      <trkpt lat="35.456370" lon="-118.252320"/>
      <trkpt lat="35.456370" lon="-118.252118"/>
      <trkpt lat="35.456465" lon="-118.251992"/>
      <trkpt lat="35.456750" lon="-118.251842"/>
      <trkpt lat="35.456852" lon="-118.251675"/>
      <trkpt lat="35.456860" lon="-118.251493"/>
      <trkpt lat="35.456783" lon="-118.251312"/>
      <trkpt lat="35.456698" lon="-118.251301"/>
      <trkpt lat="35.456629" lon="-118.251255"/>
      <trkpt lat="35.456584" lon="-118.251148"/>
      <trkpt lat="35.456515" lon="-118.251110"/>
      <trkpt lat="35.456188" lon="-118.251080"/>
      <trkpt lat="35.455775" lon="-118.250743"/>
      <trkpt lat="35.455443" lon="-118.250650"/>
      <trkpt lat="35.455130" lon="-118.250667"/>
      <trkpt lat="35.454802" lon="-118.250807"/>
      <trkpt lat="35.454587" lon="-118.250547"/>
      <trkpt lat="35.454492" lon="-118.250295"/>
      <trkpt lat="35.454277" lon="-118.250215"/>
      <trkpt lat="35.454195" lon="-118.250112"/>
      <trkpt lat="35.454110" lon="-118.249747"/>
      <trkpt lat="35.454143" lon="-118.249137"/>
      <trkpt lat="35.453963" lon="-118.247803"/>
      <trkpt lat="35.454030" lon="-118.247777"/>
      <trkpt lat="35.454390" lon="-118.248850"/>
      <trkpt lat="35.454465" lon="-118.247693"/>
      <trkpt lat="35.454553" lon="-118.247293"/>
      <trkpt lat="35.454583" lon="-118.246875"/>
      <trkpt lat="35.455015" lon="-118.245813"/>
      <trkpt lat="35.455003" lon="-118.245640"/>
      <trkpt lat="35.454748" lon="-118.245373"/>
      <trkpt lat="35.454850" lon="-118.245315"/>
      <trkpt lat="35.455163" lon="-118.245305"/>
      <trkpt lat="35.455302" lon="-118.245357"/>
      <trkpt lat="35.455408" lon="-118.245507"/>
      <trkpt lat="35.455527" lon="-118.245868"/>
      <trkpt lat="35.455718" lon="-118.245430"/>
      <trkpt lat="35.455785" lon="-118.245240"/>
      <trkpt lat="35.455810" lon="-118.244865"/>
      <trkpt lat="35.455405" lon="-118.244600"/>
      <trkpt lat="35.455448" lon="-118.244425"/>
      <trkpt lat="35.455888" lon="-118.243828"/>
      <trkpt lat="35.455923" lon="-118.243632"/>
      <trkpt lat="35.456082" lon="-118.243257"/>
      <trkpt lat="35.456608" lon="-118.242487"/>
      <trkpt lat="35.456745" lon="-118.242385"/>
      <trkpt lat="35.456910" lon="-118.241843"/>
      <trkpt lat="35.456832" lon="-118.241497"/>
      <trkpt lat="35.456420" lon="-118.241330"/>
      <trkpt lat="35.456342" lon="-118.241195"/>
      <trkpt lat="35.456382" lon="-118.240673"/>
      <trkpt lat="35.456337" lon="-118.240495"/>
      <trkpt lat="35.456112" lon="-118.240177"/>
      <trkpt lat="35.456113" lon="-118.240033"/>
      <trkpt lat="35.456630" lon="-118.239595"/>
      <trkpt lat="35.456948" lon="-118.239172"/>
      <trkpt lat="35.457333" lon="-118.238360"/>
      <trkpt lat="35.457690" lon="-118.237945"/>
      <trkpt lat="35.457750" lon="-118.237785"/>
      <trkpt lat="35.457757" lon="-118.237583"/>
      <trkpt lat="35.457710" lon="-118.237092"/>
      <trkpt lat="35.457773" lon="-118.236905"/>
      <trkpt lat="35.457898" lon="-118.237245"/>
      <trkpt lat="35.458002" lon="-118.236442"/>
      <trkpt lat="35.457725" lon="-118.234932"/>
      <trkpt lat="35.457537" lon="-118.234713"/>
      <trkpt lat="35.457460" lon="-118.234445"/>
      <trkpt lat="35.457210" lon="-118.233942"/>
      <trkpt lat="35.456732" lon="-118.233448"/>
      <trkpt lat="35.456707" lon="-118.232328"/>
      <trkpt lat="35.456802" lon="-118.231560"/>
      <trkpt lat="35.456743" lon="-118.231413"/>
      <trkpt lat="35.456288" lon="-118.231468"/>
      <trkpt lat="35.455625" lon="-118.231877"/>
      <trkpt lat="35.455210" lon="-118.231895"/>
      <trkpt lat="35.454807" lon="-118.232080"/>
      <trkpt lat="35.454603" lon="-118.232002"/>
      <trkpt lat="35.454265" lon="-118.232020"/>
      <trkpt lat="35.454206" lon="-118.231967"/>
      <trkpt lat="35.454173" lon="-118.231440"/>
      <trkpt lat="35.454080" lon="-118.231282"/>
      <trkpt lat="35.454055" lon="-118.231107"/>
      <trkpt lat="35.454378" lon="-118.230195"/>
      <trkpt lat="35.454373" lon="-118.229785"/>
      <trkpt lat="35.454330" lon="-118.229597"/>
      <trkpt lat="35.454218" lon="-118.229455"/>
      <trkpt lat="35.454045" lon="-118.229482"/>
      <trkpt lat="35.453758" lon="-118.229652"/>
      <trkpt lat="35.453610" lon="-118.229593"/>
      <trkpt lat="35.453193" lon="-118.229257"/>
      <trkpt lat="35.453043" lon="-118.228885"/>
      <trkpt lat="35.452615" lon="-118.228277"/>
      <trkpt lat="35.452473" lon="-118.228188"/>
      <trkpt lat="35.452128" lon="-118.228102"/>
      <trkpt lat="35.451973" lon="-118.228122"/>
      <trkpt lat="35.451820" lon="-118.228042"/>
      <trkpt lat="35.451696" lon="-118.228186"/>
      <trkpt lat="35.451618" lon="-118.228227"/>
      <trkpt lat="35.451572" lon="-118.228155"/>
      <trkpt lat="35.451498" lon="-118.227958"/>
      <trkpt lat="35.451533" lon="-118.227543"/>
      <trkpt lat="35.451640" lon="-118.227122"/>
      <trkpt lat="35.451641" lon="-118.227034"/>
      <trkpt lat="35.451570" lon="-118.226958"/>
      <trkpt lat="35.451102" lon="-118.226703"/>
      <trkpt lat="35.451048" lon="-118.226498"/>
      <trkpt lat="35.451082" lon="-118.226270"/>
      <trkpt lat="35.451052" lon="-118.225873"/>
      <trkpt lat="35.450878" lon="-118.225275"/>
      <trkpt lat="35.451020" lon="-118.224951"/>
      <trkpt lat="35.451072" lon="-118.224833"/>
      <trkpt lat="35.451067" lon="-118.224699"/>
      <trkpt lat="35.451027" lon="-118.224594"/>
      <trkpt lat="35.450981" lon="-118.224510"/>
      <trkpt lat="35.450947" lon="-118.224414"/>
      <trkpt lat="35.450898" lon="-118.224362"/>
      <trkpt lat="35.450835" lon="-118.224337"/>
      <trkpt lat="35.450764" lon="-118.224272"/>
      <trkpt lat="35.450728" lon="-118.224157"/>
    </trkseg>
    <trkseg>
      <trkpt lat="35.450728" lon="-118.224157"/>
      <trkpt lat="35.450688" lon="-118.224078"/>
      <trkpt lat="35.450679" lon="-118.223880"/>
      <trkpt lat="35.450704" lon="-118.223652"/>
      <trkpt lat="35.450687" lon="-118.223155"/>
      <trkpt lat="35.450688" lon="-118.222981"/>
      <trkpt lat="35.450567" lon="-118.222760"/>
      <trkpt lat="35.450568" lon="-118.222594"/>
      <trkpt lat="35.450544" lon="-118.222471"/>
      <trkpt lat="35.450380" lon="-118.222258"/>
      <trkpt lat="35.450156" lon="-118.222250"/>
      <trkpt lat="35.450090" lon="-118.222220"/>
      <trkpt lat="35.450015" lon="-118.222037"/>
      <trkpt lat="35.450061" lon="-118.221935"/>
      <trkpt lat="35.450026" lon="-118.221829"/>
      <trkpt lat="35.449675" lon="-118.221317"/>
      <trkpt lat="35.449593" lon="-118.221127"/>
      <trkpt lat="35.449347" lon="-118.221104"/>
      <trkpt lat="35.449286" lon="-118.221069"/>
      <trkpt lat="35.449265" lon="-118.221052"/>
      <trkpt lat="35.449254" lon="-118.221015"/>
      <trkpt lat="35.449261" lon="-118.220867"/>
      <trkpt lat="35.449217" lon="-118.220600"/>
      <trkpt lat="35.449192" lon="-118.220547"/>
      <trkpt lat="35.449147" lon="-118.220450"/>
      <trkpt lat="35.449111" lon="-118.220420"/>
      <trkpt lat="35.449062" lon="-118.220373"/>
      <trkpt lat="35.449032" lon="-118.220344"/>
      <trkpt lat="35.448976" lon="-118.220319"/>
      <trkpt lat="35.448845" lon="-118.220347"/>
      <trkpt lat="35.448788" lon="-118.220382"/>
      <trkpt lat="35.448768" lon="-118.220362"/>
      <trkpt lat="35.448656" lon="-118.220061"/>
      <trkpt lat="35.448310" lon="-118.219928"/>
      <trkpt lat="35.448175" lon="-118.219817"/>
      <trkpt lat="35.448520" lon="-118.219325"/>
      <trkpt lat="35.448825" lon="-118.219088"/>
      <trkpt lat="35.449007" lon="-118.219085"/>
      <trkpt lat="35.449153" lon="-118.218948"/>
      <trkpt lat="35.449242" lon="-118.218767"/>
      <trkpt lat="35.449397" lon="-118.218630"/>
      <trkpt lat="35.449508" lon="-118.218433"/>
      <trkpt lat="35.449650" lon="-118.218347"/>
      <trkpt lat="35.449688" lon="-118.218158"/>
      <trkpt lat="35.449620" lon="-118.217947"/>
      <trkpt lat="35.449668" lon="-118.217753"/>
      <trkpt lat="35.449426" lon="-118.217578"/>
      <trkpt lat="35.449423" lon="-118.217482"/>
      <trkpt lat="35.449718" lon="-118.217003"/>
      <trkpt lat="35.449675" lon="-118.216595"/>
      <trkpt lat="35.450292" lon="-118.216202"/>
      <trkpt lat="35.450320" lon="-118.215770"/>
      <trkpt lat="35.450423" lon="-118.215595"/>
      <trkpt lat="35.451123" lon="-118.215403"/>
      <trkpt lat="35.451822" lon="-118.215043"/>
      <trkpt lat="35.452167" lon="-118.215012"/>
      <trkpt lat="35.452342" lon="-118.214925"/>
      <trkpt lat="35.452690" lon="-118.215028"/>
      <trkpt lat="35.452868" lon="-118.214943"/>
      <trkpt lat="35.453182" lon="-118.214380"/>
      <trkpt lat="35.453337" lon="-118.214255"/>
      <trkpt lat="35.453373" lon="-118.214087"/>
      <trkpt lat="35.453292" lon="-118.213888"/>
      <trkpt lat="35.453353" lon="-118.213670"/>
      <trkpt lat="35.453638" lon="-118.213280"/>
      <trkpt lat="35.453930" lon="-118.213063"/>
      <trkpt lat="35.454113" lon="-118.213098"/>
      <trkpt lat="35.454262" lon="-118.213198"/>
      <trkpt lat="35.454447" lon="-118.213168"/>
      <trkpt lat="35.454613" lon="-118.213063"/>
      <trkpt lat="35.454827" lon="-118.212748"/>
      <trkpt lat="35.455328" lon="-118.212780"/>
      <trkpt lat="35.455483" lon="-118.212727"/>
      <trkpt lat="35.455570" lon="-118.212333"/>
      <trkpt lat="35.455663" lon="-118.212140"/>
      <trkpt lat="35.455995" lon="-118.212025"/>
      <trkpt lat="35.456438" lon="-118.211645"/>
      <trkpt lat="35.456342" lon="-118.211233"/>
      <trkpt lat="35.456213" lon="-118.211062"/>
      <trkpt lat="35.455870" lon="-118.210907"/>
      <trkpt lat="35.455692" lon="-118.210857"/>
      <trkpt lat="35.455147" lon="-118.210993"/>
      <trkpt lat="35.454751" lon="-118.210909"/>
      <trkpt lat="35.454596" lon="-118.210993"/>
      <trkpt lat="35.454525" lon="-118.210997"/>
      <trkpt lat="35.454508" lon="-118.210987"/>
      <trkpt lat="35.454493" lon="-118.210979"/>
      <trkpt lat="35.454488" lon="-118.210949"/>
      <trkpt lat="35.454631" lon="-118.210740"/>
      <trkpt lat="35.454690" lon="-118.210653"/>
      <trkpt lat="35.454919" lon="-118.210448"/>
      <trkpt lat="35.454990" lon="-118.210303"/>
      <trkpt lat="35.455052" lon="-118.210060"/>
      <trkpt lat="35.455146" lon="-118.209836"/>
      <trkpt lat="35.455181" lon="-118.209673"/>
      <trkpt lat="35.455163" lon="-118.209518"/>
      <trkpt lat="35.455152" lon="-118.209380"/>
      <trkpt lat="35.455108" lon="-118.209355"/>
      <trkpt lat="35.454840" lon="-118.209160"/>
      <trkpt lat="35.454507" lon="-118.209028"/>
      <trkpt lat="35.454377" lon="-118.208897"/>
      <trkpt lat="35.454225" lon="-118.208637"/>
      <trkpt lat="35.454242" lon="-118.208500"/>
      <trkpt lat="35.454302" lon="-118.208296"/>
      <trkpt lat="35.454303" lon="-118.208118"/>
      <trkpt lat="35.453908" lon="-118.207621"/>
      <trkpt lat="35.453738" lon="-118.207340"/>
      <trkpt lat="35.453613" lon="-118.206942"/>
      <trkpt lat="35.453440" lon="-118.206615"/>
      <trkpt lat="35.453418" lon="-118.206312"/>
      <trkpt lat="35.453280" lon="-118.205983"/>
      <trkpt lat="35.453248" lon="-118.205747"/>
      <trkpt lat="35.453196" lon="-118.205212"/>
      <trkpt lat="35.453218" lon="-118.205130"/>
      <trkpt lat="35.453211" lon="-118.205079"/>
      <trkpt lat="35.453225" lon="-118.205045"/>
      <trkpt lat="35.453245" lon="-118.204990"/>
      <trkpt lat="35.453250" lon="-118.204922"/>
      <trkpt lat="35.453294" lon="-118.204902"/>
    </trkseg>
    <trkseg>
      <trkpt lat="35.452874" lon="-118.204415"/>
      <trkpt lat="35.452921" lon="-118.204444"/>
      <trkpt lat="35.452994" lon="-118.204478"/>
      <trkpt lat="35.453045" lon="-118.204502"/>
      <trkpt lat="35.453139" lon="-118.204536"/>
      <trkpt lat="35.453208" lon="-118.204589"/>
      <trkpt lat="35.453225" lon="-118.204617"/>
      <trkpt lat="35.453242" lon="-118.204642"/>
      <trkpt lat="35.453264" lon="-118.204706"/>
      <trkpt lat="35.453294" lon="-118.204902"/>
    </trkseg>
    <trkseg>
      <trkpt lat="35.452874" lon="-118.204415"/>
      <trkpt lat="35.452907" lon="-118.204410"/>
      <trkpt lat="35.452971" lon="-118.204401"/>
      <trkpt lat="35.453023" lon="-118.204401"/>
      <trkpt lat="35.453116" lon="-118.204394"/>
      <trkpt lat="35.453157" lon="-118.204384"/>
      <trkpt lat="35.453193" lon="-118.204370"/>
      <trkpt lat="35.453218" lon="-118.204337"/>
      <trkpt lat="35.453237" lon="-118.204297"/>
      <trkpt lat="35.453253" lon="-118.204204"/>
      <trkpt lat="35.453206" lon="-118.204250"/>
      <trkpt lat="35.453178" lon="-118.204262"/>
      <trkpt lat="35.453133" lon="-118.204267"/>
      <trkpt lat="35.453094" lon="-118.204254"/>
      <trkpt lat="35.452987" lon="-118.204187"/>
      <trkpt lat="35.452910" lon="-118.204095"/>
      <trkpt lat="35.452891" lon="-118.204055"/>
      <trkpt lat="35.452963" lon="-118.203975"/>
      <trkpt lat="35.453032" lon="-118.203876"/>
      <trkpt lat="35.453007" lon="-118.203746"/>
      <trkpt lat="35.453057" lon="-118.203579"/>
      <trkpt lat="35.453053" lon="-118.203373"/>
      <trkpt lat="35.452954" lon="-118.203189"/>
      <trkpt lat="35.452892" lon="-118.203005"/>
      <trkpt lat="35.452788" lon="-118.202673"/>
      <trkpt lat="35.452739" lon="-118.202344"/>
      <trkpt lat="35.452647" lon="-118.202117"/>
      <trkpt lat="35.452672" lon="-118.201953"/>
      <trkpt lat="35.452641" lon="-118.201801"/>
      <trkpt lat="35.452825" lon="-118.200618"/>
      <trkpt lat="35.452707" lon="-118.199798"/>
      <trkpt lat="35.452467" lon="-118.199202"/>
      <trkpt lat="35.452402" lon="-118.198887"/>
      <trkpt lat="35.451915" lon="-118.198050"/>
      <trkpt lat="35.451482" lon="-118.197908"/>
      <trkpt lat="35.450948" lon="-118.197420"/>
      <trkpt lat="35.450975" lon="-118.197057"/>
      <trkpt lat="35.451037" lon="-118.196893"/>
      <trkpt lat="35.451183" lon="-118.196808"/>
      <trkpt lat="35.451272" lon="-118.196642"/>
      <trkpt lat="35.451280" lon="-118.196442"/>
      <trkpt lat="35.451153" lon="-118.196293"/>
      <trkpt lat="35.450977" lon="-118.195817"/>
      <trkpt lat="35.450977" lon="-118.195450"/>
      <trkpt lat="35.450780" lon="-118.194302"/>
      <trkpt lat="35.450903" lon="-118.193955"/>
      <trkpt lat="35.451107" lon="-118.193725"/>
      <trkpt lat="35.451260" lon="-118.193427"/>
      <trkpt lat="35.451223" lon="-118.192868"/>
      <trkpt lat="35.451338" lon="-118.191812"/>
      <trkpt lat="35.451790" lon="-118.191785"/>
      <trkpt lat="35.452008" lon="-118.192028"/>
      <trkpt lat="35.452078" lon="-118.192217"/>
      <trkpt lat="35.452350" lon="-118.192317"/>
      <trkpt lat="35.452833" lon="-118.192007"/>
      <trkpt lat="35.453103" lon="-118.191643"/>
      <trkpt lat="35.453783" lon="-118.189605"/>
      <trkpt lat="35.453700" lon="-118.189063"/>
      <trkpt lat="35.453725" lon="-118.188873"/>
      <trkpt lat="35.454285" lon="-118.187967"/>
      <trkpt lat="35.455207" lon="-118.186210"/>
      <trkpt lat="35.457100" lon="-118.183237"/>
      <trkpt lat="35.457420" lon="-118.182585"/>
      <trkpt lat="35.457577" lon="-118.182027"/>
      <trkpt lat="35.457698" lon="-118.181882"/>
      <trkpt lat="35.457810" lon="-118.181330"/>
      <trkpt lat="35.458110" lon="-118.180708"/>
      <trkpt lat="35.458242" lon="-118.180185"/>
      <trkpt lat="35.458405" lon="-118.179020"/>
      <trkpt lat="35.458602" lon="-118.177070"/>
      <trkpt lat="35.458632" lon="-118.175196"/>
      <trkpt lat="35.458633" lon="-118.175082"/>
      <trkpt lat="35.458390" lon="-118.174802"/>
      <trkpt lat="35.458233" lon="-118.174398"/>
      <trkpt lat="35.458123" lon="-118.174237"/>
      <trkpt lat="35.458053" lon="-118.174032"/>
      <trkpt lat="35.458080" lon="-118.173711"/>
      <trkpt lat="35.458024" lon="-118.173473"/>
      <trkpt lat="35.458026" lon="-118.173269"/>
      <trkpt lat="35.457898" lon="-118.173026"/>
      <trkpt lat="35.457751" lon="-118.172824"/>
      <trkpt lat="35.457683" lon="-118.172703"/>
      <trkpt lat="35.457681" lon="-118.172559"/>
      <trkpt lat="35.457760" lon="-118.172478"/>
      <trkpt lat="35.457794" lon="-118.172344"/>
      <trkpt lat="35.457726" lon="-118.172054"/>
      <trkpt lat="35.457751" lon="-118.171706"/>
      <trkpt lat="35.457822" lon="-118.171714"/>
      <trkpt lat="35.457946" lon="-118.171729"/>
      <trkpt lat="35.458081" lon="-118.171746"/>
      <trkpt lat="35.458280" lon="-118.171806"/>
      <trkpt lat="35.458750" lon="-118.171829"/>
      <trkpt lat="35.458955" lon="-118.171755"/>
      <trkpt lat="35.459205" lon="-118.171572"/>
      <trkpt lat="35.459327" lon="-118.171437"/>
      <trkpt lat="35.459340" lon="-118.171263"/>
      <trkpt lat="35.459072" lon="-118.170720"/>
      <trkpt lat="35.459030" lon="-118.170508"/>
      <trkpt lat="35.459088" lon="-118.170317"/>
      <trkpt lat="35.459199" lon="-118.170201"/>
      <trkpt lat="35.459335" lon="-118.170153"/>
      <trkpt lat="35.459840" lon="-118.170257"/>
      <trkpt lat="35.460318" lon="-118.170255"/>
      <trkpt lat="35.460562" lon="-118.170490"/>
      <trkpt lat="35.460620" lon="-118.170728"/>
      <trkpt lat="35.461557" lon="-118.171240"/>
      <trkpt lat="35.461832" lon="-118.171200"/>
      <trkpt lat="35.462403" lon="-118.170352"/>
      <trkpt lat="35.462803" lon="-118.169497"/>
      <trkpt lat="35.463308" lon="-118.168987"/>
      <trkpt lat="35.463628" lon="-118.168857"/>
      <trkpt lat="35.463928" lon="-118.168827"/>
      <trkpt lat="35.464022" lon="-118.168702"/>
      <trkpt lat="35.464412" lon="-118.167647"/>
      <trkpt lat="35.464602" lon="-118.167297"/>
      <trkpt lat="35.464583" lon="-118.167105"/>
      <trkpt lat="35.464355" lon="-118.166442"/>
      <trkpt lat="35.464352" lon="-118.166255"/>
      <trkpt lat="35.464553" lon="-118.165743"/>
      <trkpt lat="35.464315" lon="-118.165210"/>
      <trkpt lat="35.464330" lon="-118.165018"/>
      <trkpt lat="35.464420" lon="-118.164848"/>
      <trkpt lat="35.464910" lon="-118.164252"/>
      <trkpt lat="35.464985" lon="-118.164073"/>
      <trkpt lat="35.464960" lon="-118.163883"/>
      <trkpt lat="35.464453" lon="-118.163422"/>
      <trkpt lat="35.464398" lon="-118.163287"/>
      <trkpt lat="35.464687" lon="-118.162813"/>
      <trkpt lat="35.464818" lon="-118.162462"/>
      <trkpt lat="35.464837" lon="-118.162258"/>
      <trkpt lat="35.464752" lon="-118.161855"/>
      <trkpt lat="35.464793" lon="-118.161660"/>
      <trkpt lat="35.465282" lon="-118.161115"/>
      <trkpt lat="35.465418" lon="-118.160735"/>
      <trkpt lat="35.465455" lon="-118.160528"/>
      <trkpt lat="35.465178" lon="-118.160008"/>
      <trkpt lat="35.465182" lon="-118.159812"/>
      <trkpt lat="35.465435" lon="-118.159500"/>
      <trkpt lat="35.465605" lon="-118.159150"/>
      <trkpt lat="35.465927" lon="-118.157720"/>
      <trkpt lat="35.465680" lon="-118.157225"/>
      <trkpt lat="35.465847" lon="-118.156652"/>
      <trkpt lat="35.465847" lon="-118.156475"/>
      <trkpt lat="35.465760" lon="-118.155698"/>
      <trkpt lat="35.465393" lon="-118.154102"/>
      <trkpt lat="35.465282" lon="-118.153945"/>
      <trkpt lat="35.464988" lon="-118.153770"/>
      <trkpt lat="35.464633" lon="-118.153363"/>
      <trkpt lat="35.464469" lon="-118.153268"/>
      <trkpt lat="35.464327" lon="-118.153147"/>
      <trkpt lat="35.464209" lon="-118.152930"/>
      <trkpt lat="35.464177" lon="-118.152748"/>
      <trkpt lat="35.464227" lon="-118.152324"/>
      <trkpt lat="35.464286" lon="-118.152184"/>
      <trkpt lat="35.464340" lon="-118.151840"/>
      <trkpt lat="35.464331" lon="-118.151638"/>
      <trkpt lat="35.464291" lon="-118.151444"/>
      <trkpt lat="35.464203" lon="-118.151075"/>
      <trkpt lat="35.464155" lon="-118.150356"/>
      <trkpt lat="35.464165" lon="-118.150223"/>
      <trkpt lat="35.464157" lon="-118.150126"/>
      <trkpt lat="35.464162" lon="-118.150041"/>
      <trkpt lat="35.464152" lon="-118.149830"/>
      <trkpt lat="35.464168" lon="-118.149770"/>
      <trkpt lat="35.464190" lon="-118.149618"/>
      <trkpt lat="35.464297" lon="-118.148863"/>
      <trkpt lat="35.464327" lon="-118.148668"/>
      <trkpt lat="35.464374" lon="-118.148499"/>
      <trkpt lat="35.464444" lon="-118.148409"/>
      <trkpt lat="35.464527" lon="-118.148359"/>
      <trkpt lat="35.464587" lon="-118.148300"/>
      <trkpt lat="35.464667" lon="-118.148138"/>
      <trkpt lat="35.464825" lon="-118.147493"/>
      <trkpt lat="35.464908" lon="-118.147248"/>
      <trkpt lat="35.465035" lon="-118.147047"/>
      <trkpt lat="35.465313" lon="-118.146880"/>
      <trkpt lat="35.465470" lon="-118.146868"/>
      <trkpt lat="35.467103" lon="-118.147095"/>
      <trkpt lat="35.467568" lon="-118.147347"/>
      <trkpt lat="35.468038" lon="-118.147912"/>
      <trkpt lat="35.468295" lon="-118.148137"/>
      <trkpt lat="35.468598" lon="-118.148222"/>
      <trkpt lat="35.469500" lon="-118.148133"/>
      <trkpt lat="35.469887" lon="-118.147822"/>
      <trkpt lat="35.470047" lon="-118.147825"/>
      <trkpt lat="35.470768" lon="-118.148097"/>
      <trkpt lat="35.471290" lon="-118.147960"/>
      <trkpt lat="35.471752" lon="-118.147968"/>
      <trkpt lat="35.471900" lon="-118.147868"/>
      <trkpt lat="35.471965" lon="-118.147723"/>
      <trkpt lat="35.471972" lon="-118.147530"/>
      <trkpt lat="35.471640" lon="-118.146665"/>
      <trkpt lat="35.471535" lon="-118.146113"/>
      <trkpt lat="35.471575" lon="-118.145927"/>
      <trkpt lat="35.471683" lon="-118.145819"/>
      <trkpt lat="35.471710" lon="-118.145792"/>
      <trkpt lat="35.472023" lon="-118.145628"/>
      <trkpt lat="35.472183" lon="-118.145632"/>
      <trkpt lat="35.472965" lon="-118.146007"/>
      <trkpt lat="35.473442" lon="-118.145963"/>
      <trkpt lat="35.473727" lon="-118.146175"/>
      <trkpt lat="35.473920" lon="-118.146482"/>
      <trkpt lat="35.474095" lon="-118.147282"/>
      <trkpt lat="35.474210" lon="-118.147477"/>
      <trkpt lat="35.474537" lon="-118.147482"/>
      <trkpt lat="35.474700" lon="-118.147400"/>
      <trkpt lat="35.475028" lon="-118.147455"/>
      <trkpt lat="35.475207" lon="-118.147428"/>
      <trkpt lat="35.475355" lon="-118.147468"/>
      <trkpt lat="35.475793" lon="-118.147770"/>
      <trkpt lat="35.476103" lon="-118.147597"/>
      <trkpt lat="35.476373" lon="-118.147610"/>
      <trkpt lat="35.476538" lon="-118.147543"/>
      <trkpt lat="35.476905" lon="-118.147097"/>
      <trkpt lat="35.477222" lon="-118.147087"/>
      <trkpt lat="35.477365" lon="-118.146997"/>
      <trkpt lat="35.477465" lon="-118.146832"/>
      <trkpt lat="35.477485" lon="-118.146620"/>
      <trkpt lat="35.477418" lon="-118.146003"/>
      <trkpt lat="35.477457" lon="-118.145592"/>
      <trkpt lat="35.477788" lon="-118.145460"/>
      <trkpt lat="35.478123" lon="-118.145438"/>
      <trkpt lat="35.478812" lon="-118.145608"/>
      <trkpt lat="35.479597" lon="-118.145682"/>
      <trkpt lat="35.479682" lon="-118.145625"/>
      <trkpt lat="35.479915" lon="-118.145660"/>
      <trkpt lat="35.480250" lon="-118.145623"/>
      <trkpt lat="35.480552" lon="-118.145545"/>
      <trkpt lat="35.480705" lon="-118.145450"/>
      <trkpt lat="35.480918" lon="-118.145145"/>
      <trkpt lat="35.481070" lon="-118.145138"/>
      <trkpt lat="35.481381" lon="-118.145308"/>
      <trkpt lat="35.481445" lon="-118.145342"/>
      <trkpt lat="35.481468" lon="-118.145360"/>
      <trkpt lat="35.481485" lon="-118.145393"/>
      <trkpt lat="35.481490" lon="-118.145417"/>
      <trkpt lat="35.481514" lon="-118.145419"/>
      <trkpt lat="35.481546" lon="-118.145402"/>
      <trkpt lat="35.481605" lon="-118.145463"/>
    </trkseg>
    <trkseg>
      <trkpt lat="35.481605" lon="-118.145463"/>
      <trkpt lat="35.481688" lon="-118.145514"/>
      <trkpt lat="35.481736" lon="-118.145578"/>
      <trkpt lat="35.481775" lon="-118.145617"/>
      <trkpt lat="35.481786" lon="-118.145639"/>
      <trkpt lat="35.482127" lon="-118.146307"/>
      <trkpt lat="35.482202" lon="-118.146387"/>
      <trkpt lat="35.482304" lon="-118.146453"/>
      <trkpt lat="35.482630" lon="-118.146610"/>
      <trkpt lat="35.482720" lon="-118.146780"/>
      <trkpt lat="35.482813" lon="-118.147288"/>
      <trkpt lat="35.482977" lon="-118.147657"/>
      <trkpt lat="35.483184" lon="-118.147956"/>
      <trkpt lat="35.483356" lon="-118.148115"/>
      <trkpt lat="35.483482" lon="-118.148160"/>
      <trkpt lat="35.483650" lon="-118.148163"/>
      <trkpt lat="35.483835" lon="-118.148102"/>
      <trkpt lat="35.484024" lon="-118.147916"/>
      <trkpt lat="35.484226" lon="-118.147833"/>
      <trkpt lat="35.484823" lon="-118.147773"/>
      <trkpt lat="35.485360" lon="-118.147440"/>
      <trkpt lat="35.485500" lon="-118.147437"/>
      <trkpt lat="35.485635" lon="-118.147632"/>
      <trkpt lat="35.485745" lon="-118.148768"/>
      <trkpt lat="35.485778" lon="-118.148915"/>
      <trkpt lat="35.485825" lon="-118.148983"/>
      <trkpt lat="35.486006" lon="-118.149047"/>
      <trkpt lat="35.486134" lon="-118.148983"/>
      <trkpt lat="35.486194" lon="-118.148916"/>
      <trkpt lat="35.486290" lon="-118.148850"/>
      <trkpt lat="35.486460" lon="-118.148640"/>
      <trkpt lat="35.486540" lon="-118.148636"/>
      <trkpt lat="35.486607" lon="-118.148662"/>
      <trkpt lat="35.486862" lon="-118.149003"/>
      <trkpt lat="35.486923" lon="-118.149109"/>
      <trkpt lat="35.486978" lon="-118.149132"/>
      <trkpt lat="35.487037" lon="-118.149113"/>
      <trkpt lat="35.487118" lon="-118.149031"/>
      <trkpt lat="35.487314" lon="-118.148794"/>
      <trkpt lat="35.488000" lon="-118.148358"/>
      <trkpt lat="35.488281" lon="-118.148443"/>
      <trkpt lat="35.488398" lon="-118.148438"/>
      <trkpt lat="35.488552" lon="-118.148502"/>
      <trkpt lat="35.488693" lon="-118.148559"/>
      <trkpt lat="35.488811" lon="-118.148541"/>
      <trkpt lat="35.489172" lon="-118.148338"/>
      <trkpt lat="35.489444" lon="-118.148233"/>
      <trkpt lat="35.489490" lon="-118.148179"/>
      <trkpt lat="35.489624" lon="-118.147957"/>
      <trkpt lat="35.489687" lon="-118.147903"/>
      <trkpt lat="35.489847" lon="-118.147810"/>
      <trkpt lat="35.489879" lon="-118.147769"/>
      <trkpt lat="35.490050" lon="-118.147667"/>
      <trkpt lat="35.490133" lon="-118.147537"/>
      <trkpt lat="35.490229" lon="-118.147467"/>
      <trkpt lat="35.490343" lon="-118.147304"/>
      <trkpt lat="35.490457" lon="-118.147262"/>
      <trkpt lat="35.490524" lon="-118.147206"/>
      <trkpt lat="35.490608" lon="-118.147189"/>
      <trkpt lat="35.490788" lon="-118.147173"/>
      <trkpt lat="35.490987" lon="-118.147097"/>
      <trkpt lat="35.491103" lon="-118.147006"/>
      <trkpt lat="35.491163" lon="-118.146924"/>
      <trkpt lat="35.491216" lon="-118.146780"/>
      <trkpt lat="35.491354" lon="-118.146470"/>
      <trkpt lat="35.491417" lon="-118.146374"/>
      <trkpt lat="35.491507" lon="-118.146242"/>
      <trkpt lat="35.491650" lon="-118.145979"/>
      <trkpt lat="35.491721" lon="-118.145778"/>
      <trkpt lat="35.492014" lon="-118.145633"/>
      <trkpt lat="35.492296" lon="-118.145402"/>
      <trkpt lat="35.492385" lon="-118.145325"/>
      <trkpt lat="35.492580" lon="-118.145078"/>
      <trkpt lat="35.492619" lon="-118.145029"/>
      <trkpt lat="35.492631" lon="-118.144982"/>
      <trkpt lat="35.492689" lon="-118.144855"/>
      <trkpt lat="35.492712" lon="-118.144834"/>
      <trkpt lat="35.492715" lon="-118.144803"/>
      <trkpt lat="35.492728" lon="-118.144769"/>
      <trkpt lat="35.492760" lon="-118.144678"/>
      <trkpt lat="35.492761" lon="-118.144497"/>
      <trkpt lat="35.492733" lon="-118.143829"/>
      <trkpt lat="35.492688" lon="-118.143647"/>
      <trkpt lat="35.492567" lon="-118.143517"/>
      <trkpt lat="35.492252" lon="-118.143341"/>
      <trkpt lat="35.492211" lon="-118.143177"/>
      <trkpt lat="35.492451" lon="-118.142445"/>
      <trkpt lat="35.492513" lon="-118.142175"/>
      <trkpt lat="35.492522" lon="-118.141489"/>
      <trkpt lat="35.492461" lon="-118.140913"/>
      <trkpt lat="35.492331" lon="-118.140088"/>
      <trkpt lat="35.492168" lon="-118.139505"/>
      <trkpt lat="35.492188" lon="-118.139280"/>
      <trkpt lat="35.492295" lon="-118.139222"/>
      <trkpt lat="35.492820" lon="-118.139414"/>
      <trkpt lat="35.493286" lon="-118.139649"/>
      <trkpt lat="35.493391" lon="-118.139583"/>
      <trkpt lat="35.493512" lon="-118.139289"/>
      <trkpt lat="35.493577" lon="-118.138890"/>
      <trkpt lat="35.494040" lon="-118.137502"/>
      <trkpt lat="35.494710" lon="-118.136247"/>
      <trkpt lat="35.494865" lon="-118.135870"/>
      <trkpt lat="35.495274" lon="-118.135180"/>
      <trkpt lat="35.495355" lon="-118.134998"/>
      <trkpt lat="35.495438" lon="-118.134892"/>
      <trkpt lat="35.495586" lon="-118.134676"/>
      <trkpt lat="35.495598" lon="-118.134627"/>
      <trkpt lat="35.495670" lon="-118.134555"/>
      <trkpt lat="35.496003" lon="-118.133971"/>
      <trkpt lat="35.496129" lon="-118.133832"/>
      <trkpt lat="35.496372" lon="-118.133696"/>
      <trkpt lat="35.496601" lon="-118.133653"/>
      <trkpt lat="35.496780" lon="-118.133542"/>
      <trkpt lat="35.496963" lon="-118.133338"/>
      <trkpt lat="35.497225" lon="-118.133252"/>
      <trkpt lat="35.497293" lon="-118.133229"/>
      <trkpt lat="35.497399" lon="-118.133174"/>
      <trkpt lat="35.497457" lon="-118.133155"/>
      <trkpt lat="35.497594" lon="-118.133124"/>
      <trkpt lat="35.497723" lon="-118.133077"/>
      <trkpt lat="35.497859" lon="-118.132977"/>
      <trkpt lat="35.497989" lon="-118.132846"/>
      <trkpt lat="35.498208" lon="-118.132693"/>
      <trkpt lat="35.498559" lon="-118.132612"/>
      <trkpt lat="35.498691" lon="-118.132626"/>
      <trkpt lat="35.498838" lon="-118.132733"/>
      <trkpt lat="35.499101" lon="-118.132777"/>
      <trkpt lat="35.499265" lon="-118.132822"/>
      <trkpt lat="35.499409" lon="-118.132903"/>
      <trkpt lat="35.499511" lon="-118.133034"/>
      <trkpt lat="35.500825" lon="-118.133381"/>
      <trkpt lat="35.501145" lon="-118.133443"/>
      <trkpt lat="35.501312" lon="-118.133428"/>
      <trkpt lat="35.501643" lon="-118.133405"/>
      <trkpt lat="35.501856" lon="-118.133304"/>
      <trkpt lat="35.502177" lon="-118.133208"/>
      <trkpt lat="35.502431" lon="-118.133095"/>
      <trkpt lat="35.502933" lon="-118.132672"/>
      <trkpt lat="35.503275" lon="-118.132525"/>
      <trkpt lat="35.503627" lon="-118.132280"/>
      <trkpt lat="35.504936" lon="-118.132082"/>
      <trkpt lat="35.505388" lon="-118.131990"/>
      <trkpt lat="35.505673" lon="-118.131896"/>
      <trkpt lat="35.505830" lon="-118.131868"/>
      <trkpt lat="35.506072" lon="-118.131763"/>
      <trkpt lat="35.506333" lon="-118.131818"/>
      <trkpt lat="35.506561" lon="-118.131740"/>
      <trkpt lat="35.506720" lon="-118.131756"/>
      <trkpt lat="35.506832" lon="-118.131717"/>
      <trkpt lat="35.506839" lon="-118.131711"/>
      <trkpt lat="35.507091" lon="-118.131494"/>
      <trkpt lat="35.507347" lon="-118.131345"/>
      <trkpt lat="35.507490" lon="-118.131205"/>
      <trkpt lat="35.507975" lon="-118.131366"/>
      <trkpt lat="35.508173" lon="-118.131345"/>
      <trkpt lat="35.508712" lon="-118.131202"/>
      <trkpt lat="35.509248" lon="-118.130992"/>
      <trkpt lat="35.509363" lon="-118.130927"/>
      <trkpt lat="35.509465" lon="-118.130826"/>
      <trkpt lat="35.509645" lon="-118.130688"/>
      <trkpt lat="35.509817" lon="-118.130605"/>
      <trkpt lat="35.509977" lon="-118.130583"/>
      <trkpt lat="35.510056" lon="-118.130515"/>
      <trkpt lat="35.510464" lon="-118.129934"/>
      <trkpt lat="35.510633" lon="-118.129292"/>
      <trkpt lat="35.511348" lon="-118.128460"/>
      <trkpt lat="35.511535" lon="-118.128315"/>
      <trkpt lat="35.511797" lon="-118.128232"/>
      <trkpt lat="35.511878" lon="-118.128240"/>
      <trkpt lat="35.511945" lon="-118.128304"/>
      <trkpt lat="35.511998" lon="-118.128422"/>
      <trkpt lat="35.512086" lon="-118.128515"/>
      <trkpt lat="35.512153" lon="-118.128538"/>
      <trkpt lat="35.512448" lon="-118.128422"/>
      <trkpt lat="35.512605" lon="-118.128327"/>
      <trkpt lat="35.512770" lon="-118.128189"/>
      <trkpt lat="35.512877" lon="-118.128148"/>
      <trkpt lat="35.513003" lon="-118.128164"/>
      <trkpt lat="35.513106" lon="-118.128217"/>
      <trkpt lat="35.513211" lon="-118.128351"/>
      <trkpt lat="35.513369" lon="-118.128445"/>
      <trkpt lat="35.513581" lon="-118.128631"/>
      <trkpt lat="35.513667" lon="-118.128866"/>
      <trkpt lat="35.513801" lon="-118.129089"/>
      <trkpt lat="35.514067" lon="-118.129745"/>
      <trkpt lat="35.514268" lon="-118.129972"/>
      <trkpt lat="35.514567" lon="-118.130093"/>
      <trkpt lat="35.514791" lon="-118.130081"/>
      <trkpt lat="35.515084" lon="-118.129977"/>
      <trkpt lat="35.515483" lon="-118.129935"/>
      <trkpt lat="35.515646" lon="-118.129835"/>
      <trkpt lat="35.515736" lon="-118.129687"/>
      <trkpt lat="35.515742" lon="-118.129497"/>
      <trkpt lat="35.515606" lon="-118.128929"/>
      <trkpt lat="35.515479" lon="-118.128482"/>
      <trkpt lat="35.515457" lon="-118.128223"/>
      <trkpt lat="35.515492" lon="-118.127994"/>
      <trkpt lat="35.515495" lon="-118.127892"/>
      <trkpt lat="35.515542" lon="-118.127552"/>
      <trkpt lat="35.515539" lon="-118.127321"/>
      <trkpt lat="35.515429" lon="-118.127013"/>
      <trkpt lat="35.515434" lon="-118.126822"/>
      <trkpt lat="35.515488" lon="-118.126736"/>
      <trkpt lat="35.515706" lon="-118.126672"/>
      <trkpt lat="35.516011" lon="-118.126690"/>
      <trkpt lat="35.516210" lon="-118.126754"/>
      <trkpt lat="35.516400" lon="-118.126926"/>
      <trkpt lat="35.516600" lon="-118.126997"/>
      <trkpt lat="35.517286" lon="-118.127027"/>
      <trkpt lat="35.517662" lon="-118.126861"/>
      <trkpt lat="35.517763" lon="-118.126641"/>
      <trkpt lat="35.517771" lon="-118.126493"/>
      <trkpt lat="35.517845" lon="-118.126279"/>
      <trkpt lat="35.517997" lon="-118.126170"/>
      <trkpt lat="35.518226" lon="-118.126148"/>
      <trkpt lat="35.518298" lon="-118.126182"/>
      <trkpt lat="35.519117" lon="-118.126881"/>
      <trkpt lat="35.519598" lon="-118.127140"/>
      <trkpt lat="35.519679" lon="-118.127255"/>
      <trkpt lat="35.519762" lon="-118.127489"/>
      <trkpt lat="35.519899" lon="-118.127741"/>
      <trkpt lat="35.519963" lon="-118.127777"/>
      <trkpt lat="35.520023" lon="-118.127768"/>
      <trkpt lat="35.520343" lon="-118.127537"/>
      <trkpt lat="35.520741" lon="-118.127162"/>
      <trkpt lat="35.520808" lon="-118.127134"/>
      <trkpt lat="35.520975" lon="-118.127130"/>
      <trkpt lat="35.521154" lon="-118.127185"/>
      <trkpt lat="35.521487" lon="-118.127405"/>
      <trkpt lat="35.521678" lon="-118.127425"/>
      <trkpt lat="35.522093" lon="-118.127080"/>
      <trkpt lat="35.522226" lon="-118.127024"/>
      <trkpt lat="35.522388" lon="-118.127017"/>
      <trkpt lat="35.522755" lon="-118.126882"/>
      <trkpt lat="35.522922" lon="-118.126665"/>
      <trkpt lat="35.523088" lon="-118.126654"/>
      <trkpt lat="35.523276" lon="-118.126427"/>
      <trkpt lat="35.523705" lon="-118.126384"/>
      <trkpt lat="35.523807" lon="-118.126402"/>
      <trkpt lat="35.524282" lon="-118.126376"/>
      <trkpt lat="35.524389" lon="-118.126417"/>
      <trkpt lat="35.524783" lon="-118.126445"/>
      <trkpt lat="35.525186" lon="-118.126544"/>
      <trkpt lat="35.525397" lon="-118.126636"/>
      <trkpt lat="35.525469" lon="-118.126765"/>
      <trkpt lat="35.525514" lon="-118.127003"/>
      <trkpt lat="35.525585" lon="-118.127203"/>
      <trkpt lat="35.525865" lon="-118.127685"/>
      <trkpt lat="35.525975" lon="-118.127806"/>
      <trkpt lat="35.525998" lon="-118.127943"/>
      <trkpt lat="35.526152" lon="-118.128427"/>
      <trkpt lat="35.526189" lon="-118.128429"/>
      <trkpt lat="35.526217" lon="-118.128319"/>
      <trkpt lat="35.526245" lon="-118.128090"/>
      <trkpt lat="35.526278" lon="-118.128038"/>
      <trkpt lat="35.526389" lon="-118.127957"/>
      <trkpt lat="35.526424" lon="-118.128008"/>
      <trkpt lat="35.526752" lon="-118.128355"/>
      <trkpt lat="35.527142" lon="-118.128702"/>
      <trkpt lat="35.527706" lon="-118.129057"/>
      <trkpt lat="35.527814" lon="-118.129170"/>
      <trkpt lat="35.527985" lon="-118.129232"/>
      <trkpt lat="35.529447" lon="-118.129568"/>
      <trkpt lat="35.529673" lon="-118.129512"/>
      <trkpt lat="35.529974" lon="-118.129380"/>
      <trkpt lat="35.530088" lon="-118.129380"/>
      <trkpt lat="35.530407" lon="-118.129407"/>
      <trkpt lat="35.530516" lon="-118.129417"/>
      <trkpt lat="35.530621" lon="-118.129446"/>
      <trkpt lat="35.530752" lon="-118.129507"/>
      <trkpt lat="35.530801" lon="-118.129508"/>
      <trkpt lat="35.530886" lon="-118.129509"/>
      <trkpt lat="35.531027" lon="-118.129491"/>
      <trkpt lat="35.531177" lon="-118.129522"/>
      <trkpt lat="35.531291" lon="-118.129491"/>
      <trkpt lat="35.531448" lon="-118.129371"/>
      <trkpt lat="35.531657" lon="-118.129307"/>
      <trkpt lat="35.531773" lon="-118.129290"/>
      <trkpt lat="35.531856" lon="-118.129305"/>
      <trkpt lat="35.531872" lon="-118.129499"/>
      <trkpt lat="35.531795" lon="-118.129992"/>
      <trkpt lat="35.531793" lon="-118.130252"/>
      <trkpt lat="35.531818" lon="-118.130451"/>
      <trkpt lat="35.531898" lon="-118.130626"/>
      <trkpt lat="35.532028" lon="-118.130806"/>
      <trkpt lat="35.532149" lon="-118.130911"/>
      <trkpt lat="35.532307" lon="-118.130934"/>
      <trkpt lat="35.532417" lon="-118.130869"/>
      <trkpt lat="35.532541" lon="-118.130829"/>
      <trkpt lat="35.533210" lon="-118.130862"/>
      <trkpt lat="35.533755" lon="-118.131143"/>
      <trkpt lat="35.534167" lon="-118.131472"/>
      <trkpt lat="35.534280" lon="-118.131773"/>
      <trkpt lat="35.534765" lon="-118.132098"/>
      <trkpt lat="35.534873" lon="-118.132450"/>
      <trkpt lat="35.535000" lon="-118.132623"/>
      <trkpt lat="35.535180" lon="-118.132707"/>
      <trkpt lat="35.535422" lon="-118.132700"/>
      <trkpt lat="35.535628" lon="-118.132813"/>
      <trkpt lat="35.535664" lon="-118.133015"/>
      <trkpt lat="35.535634" lon="-118.133144"/>
      <trkpt lat="35.535627" lon="-118.133264"/>
      <trkpt lat="35.535651" lon="-118.133310"/>
      <trkpt lat="35.535627" lon="-118.133870"/>
      <trkpt lat="35.535528" lon="-118.134564"/>
      <trkpt lat="35.535438" lon="-118.135392"/>
      <trkpt lat="35.535458" lon="-118.135569"/>
      <trkpt lat="35.535583" lon="-118.135763"/>
      <trkpt lat="35.535818" lon="-118.135955"/>
      <trkpt lat="35.536692" lon="-118.136060"/>
      <trkpt lat="35.537413" lon="-118.136545"/>
      <trkpt lat="35.537830" lon="-118.136782"/>
      <trkpt lat="35.538026" lon="-118.136827"/>
      <trkpt lat="35.538543" lon="-118.137089"/>
      <trkpt lat="35.538799" lon="-118.137193"/>
      <trkpt lat="35.539212" lon="-118.137525"/>
      <trkpt lat="35.539327" lon="-118.137528"/>
      <trkpt lat="35.539593" lon="-118.137462"/>
      <trkpt lat="35.540151" lon="-118.138449"/>
      <trkpt lat="35.540427" lon="-118.139187"/>
      <trkpt lat="35.540669" lon="-118.139735"/>
      <trkpt lat="35.540874" lon="-118.140038"/>
      <trkpt lat="35.541044" lon="-118.140229"/>
      <trkpt lat="35.541161" lon="-118.140292"/>
      <trkpt lat="35.541280" lon="-118.140274"/>
      <trkpt lat="35.541709" lon="-118.139876"/>
      <trkpt lat="35.541878" lon="-118.139783"/>
      <trkpt lat="35.542224" lon="-118.139643"/>
      <trkpt lat="35.542311" lon="-118.139679"/>
      <trkpt lat="35.542542" lon="-118.140250"/>
      <trkpt lat="35.542668" lon="-118.140901"/>
      <trkpt lat="35.542695" lon="-118.141187"/>
      <trkpt lat="35.542844" lon="-118.141553"/>
      <trkpt lat="35.543027" lon="-118.141900"/>
      <trkpt lat="35.543314" lon="-118.142377"/>
      <trkpt lat="35.543487" lon="-118.142648"/>
      <trkpt lat="35.543598" lon="-118.142732"/>
      <trkpt lat="35.544065" lon="-118.142511"/>
      <trkpt lat="35.544306" lon="-118.142482"/>
      <trkpt lat="35.544469" lon="-118.142527"/>
      <trkpt lat="35.544607" lon="-118.142608"/>
      <trkpt lat="35.544748" lon="-118.142754"/>
      <trkpt lat="35.545008" lon="-118.142942"/>
      <trkpt lat="35.545214" lon="-118.143157"/>
      <trkpt lat="35.545508" lon="-118.143212"/>
      <trkpt lat="35.545692" lon="-118.143326"/>
      <trkpt lat="35.546080" lon="-118.143557"/>
      <trkpt lat="35.546112" lon="-118.143576"/>
      <trkpt lat="35.546140" lon="-118.143586"/>
      <trkpt lat="35.546248" lon="-118.143590"/>
      <trkpt lat="35.546417" lon="-118.143537"/>
      <trkpt lat="35.546543" lon="-118.143445"/>
      <trkpt lat="35.546843" lon="-118.143048"/>
      <trkpt lat="35.547241" lon="-118.142186"/>
      <trkpt lat="35.547294" lon="-118.141978"/>
      <trkpt lat="35.547409" lon="-118.141682"/>
      <trkpt lat="35.547519" lon="-118.141532"/>
      <trkpt lat="35.547619" lon="-118.141466"/>
      <trkpt lat="35.547800" lon="-118.141433"/>
      <trkpt lat="35.548502" lon="-118.141469"/>
      <trkpt lat="35.548842" lon="-118.141395"/>
      <trkpt lat="35.548921" lon="-118.141334"/>
      <trkpt lat="35.548986" lon="-118.141257"/>
      <trkpt lat="35.549023" lon="-118.141115"/>
      <trkpt lat="35.549007" lon="-118.140895"/>
      <trkpt lat="35.549056" lon="-118.140524"/>
      <trkpt lat="35.549308" lon="-118.139737"/>
      <trkpt lat="35.549631" lon="-118.139152"/>
      <trkpt lat="35.549932" lon="-118.138760"/>
      <trkpt lat="35.550114" lon="-118.138441"/>
      <trkpt lat="35.550142" lon="-118.138317"/>
      <trkpt lat="35.550162" lon="-118.138086"/>
      <trkpt lat="35.550235" lon="-118.137803"/>
      <trkpt lat="35.550294" lon="-118.137726"/>
      <trkpt lat="35.550462" lon="-118.137618"/>
      <trkpt lat="35.550536" lon="-118.137615"/>
      <trkpt lat="35.550592" lon="-118.137653"/>
      <trkpt lat="35.550719" lon="-118.137809"/>
      <trkpt lat="35.550741" lon="-118.137867"/>
      <trkpt lat="35.550780" lon="-118.137875"/>
      <trkpt lat="35.550850" lon="-118.137812"/>
      <trkpt lat="35.550908" lon="-118.137625"/>
      <trkpt lat="35.551044" lon="-118.137386"/>
      <trkpt lat="35.551225" lon="-118.137198"/>
      <trkpt lat="35.551290" lon="-118.137068"/>
      <trkpt lat="35.551293" lon="-118.136987"/>
      <trkpt lat="35.551308" lon="-118.136946"/>
      <trkpt lat="35.551606" lon="-118.136519"/>
      <trkpt lat="35.551681" lon="-118.136283"/>
      <trkpt lat="35.551839" lon="-118.136043"/>
      <trkpt lat="35.551949" lon="-118.135891"/>
      <trkpt lat="35.552009" lon="-118.135714"/>
      <trkpt lat="35.552194" lon="-118.135592"/>
      <trkpt lat="35.552493" lon="-118.135177"/>
      <trkpt lat="35.552541" lon="-118.134993"/>
      <trkpt lat="35.552518" lon="-118.134904"/>
      <trkpt lat="35.552574" lon="-118.134334"/>
      <trkpt lat="35.552617" lon="-118.134152"/>
      <trkpt lat="35.552884" lon="-118.133636"/>
      <trkpt lat="35.552919" lon="-118.133603"/>
      <trkpt lat="35.552948" lon="-118.133449"/>
      <trkpt lat="35.552998" lon="-118.133419"/>
      <trkpt lat="35.553083" lon="-118.133267"/>
      <trkpt lat="35.553327" lon="-118.132787"/>
      <trkpt lat="35.553430" lon="-118.132675"/>
      <trkpt lat="35.553670" lon="-118.132533"/>
      <trkpt lat="35.553746" lon="-118.132449"/>
      <trkpt lat="35.553768" lon="-118.132396"/>
      <trkpt lat="35.553769" lon="-118.132301"/>
      <trkpt lat="35.553722" lon="-118.132120"/>
      <trkpt lat="35.553601" lon="-118.131911"/>
      <trkpt lat="35.553509" lon="-118.131619"/>
      <trkpt lat="35.553463" lon="-118.131261"/>
      <trkpt lat="35.553632" lon="-118.130680"/>
      <trkpt lat="35.553927" lon="-118.129803"/>
      <trkpt lat="35.554177" lon="-118.129068"/>
      <trkpt lat="35.554276" lon="-118.128919"/>
      <trkpt lat="35.555148" lon="-118.128146"/>
      <trkpt lat="35.555588" lon="-118.127864"/>
      <trkpt lat="35.555998" lon="-118.127490"/>
      <trkpt lat="35.556387" lon="-118.127059"/>
      <trkpt lat="35.556680" lon="-118.126600"/>
      <trkpt lat="35.556956" lon="-118.125742"/>
      <trkpt lat="35.557058" lon="-118.125548"/>
      <trkpt lat="35.557034" lon="-118.125415"/>
      <trkpt lat="35.556911" lon="-118.125150"/>
      <trkpt lat="35.556888" lon="-118.125126"/>
      <trkpt lat="35.556846" lon="-118.125081"/>
      <trkpt lat="35.556752" lon="-118.125076"/>
      <trkpt lat="35.556034" lon="-118.125248"/>
      <trkpt lat="35.555495" lon="-118.125394"/>
      <trkpt lat="35.555199" lon="-118.125420"/>
      <trkpt lat="35.554373" lon="-118.125521"/>
      <trkpt lat="35.553785" lon="-118.125515"/>
      <trkpt lat="35.553153" lon="-118.125422"/>
      <trkpt lat="35.552883" lon="-118.125267"/>
      <trkpt lat="35.552494" lon="-118.124948"/>
      <trkpt lat="35.552053" lon="-118.124279"/>
      <trkpt lat="35.551939" lon="-118.123985"/>
      <trkpt lat="35.551929" lon="-118.123644"/>
      <trkpt lat="35.552050" lon="-118.122759"/>
      <trkpt lat="35.552153" lon="-118.122629"/>
      <trkpt lat="35.552432" lon="-118.122115"/>
      <trkpt lat="35.552796" lon="-118.120754"/>
      <trkpt lat="35.552747" lon="-118.120405"/>
      <trkpt lat="35.552498" lon="-118.119993"/>
      <trkpt lat="35.552411" lon="-118.119586"/>
      <trkpt lat="35.552470" lon="-118.119291"/>
      <trkpt lat="35.552782" lon="-118.118650"/>
      <trkpt lat="35.552797" lon="-118.118523"/>
      <trkpt lat="35.552686" lon="-118.118198"/>
      <trkpt lat="35.552434" lon="-118.117899"/>
      <trkpt lat="35.551611" lon="-118.117072"/>
      <trkpt lat="35.550990" lon="-118.116347"/>
      <trkpt lat="35.551282" lon="-118.116452"/>
      <trkpt lat="35.552007" lon="-118.116917"/>
      <trkpt lat="35.552871" lon="-118.117323"/>
      <trkpt lat="35.553183" lon="-118.117497"/>
      <trkpt lat="35.553516" lon="-118.117631"/>
      <trkpt lat="35.553827" lon="-118.117826"/>
      <trkpt lat="35.553906" lon="-118.117971"/>
      <trkpt lat="35.553992" lon="-118.118379"/>
      <trkpt lat="35.553970" lon="-118.118706"/>
      <trkpt lat="35.553971" lon="-118.119060"/>
      <trkpt lat="35.554031" lon="-118.119384"/>
      <trkpt lat="35.554400" lon="-118.120353"/>
      <trkpt lat="35.554397" lon="-118.119190"/>
      <trkpt lat="35.554592" lon="-118.118495"/>
      <trkpt lat="35.554851" lon="-118.117881"/>
      <trkpt lat="35.554854" lon="-118.117583"/>
      <trkpt lat="35.554801" lon="-118.117425"/>
      <trkpt lat="35.554671" lon="-118.117185"/>
      <trkpt lat="35.554299" lon="-118.116653"/>
      <trkpt lat="35.554170" lon="-118.116563"/>
      <trkpt lat="35.554343" lon="-118.116595"/>
      <trkpt lat="35.555124" lon="-118.117141"/>
      <trkpt lat="35.555160" lon="-118.117155"/>
      <trkpt lat="35.555157" lon="-118.117104"/>
      <trkpt lat="35.555034" lon="-118.116851"/>
      <trkpt lat="35.554601" lon="-118.116226"/>
      <trkpt lat="35.555167" lon="-118.116599"/>
      <trkpt lat="35.555630" lon="-118.117053"/>
      <trkpt lat="35.555772" lon="-118.117427"/>
      <trkpt lat="35.555993" lon="-118.118141"/>
      <trkpt lat="35.556104" lon="-118.118363"/>
      <trkpt lat="35.556196" lon="-118.118382"/>
      <trkpt lat="35.556303" lon="-118.118267"/>
      <trkpt lat="35.556285" lon="-118.117977"/>
      <trkpt lat="35.556292" lon="-118.117630"/>
      <trkpt lat="35.556359" lon="-118.117439"/>
      <trkpt lat="35.556587" lon="-118.117144"/>
      <trkpt lat="35.556714" lon="-118.117088"/>
      <trkpt lat="35.556861" lon="-118.117081"/>
      <trkpt lat="35.558115" lon="-118.117362"/>
      <trkpt lat="35.558880" lon="-118.117889"/>
      <trkpt lat="35.559406" lon="-118.118529"/>
      <trkpt lat="35.559629" lon="-118.118804"/>
      <trkpt lat="35.559892" lon="-118.119005"/>
      <trkpt lat="35.560278" lon="-118.119238"/>
      <trkpt lat="35.560780" lon="-118.119402"/>
      <trkpt lat="35.561240" lon="-118.119648"/>
      <trkpt lat="35.561592" lon="-118.120047"/>
      <trkpt lat="35.561720" lon="-118.120355"/>
      <trkpt lat="35.561780" lon="-118.120650"/>
      <trkpt lat="35.561860" lon="-118.120443"/>
      <trkpt lat="35.561847" lon="-118.120293"/>
      <trkpt lat="35.561580" lon="-118.119477"/>
      <trkpt lat="35.561973" lon="-118.119835"/>
      <trkpt lat="35.562202" lon="-118.120393"/>
      <trkpt lat="35.562302" lon="-118.120572"/>
      <trkpt lat="35.562337" lon="-118.120537"/>
      <trkpt lat="35.562355" lon="-118.120243"/>
      <trkpt lat="35.562384" lon="-118.119960"/>
      <trkpt lat="35.562392" lon="-118.119867"/>
      <trkpt lat="35.562412" lon="-118.119777"/>
      <trkpt lat="35.562457" lon="-118.119732"/>
      <trkpt lat="35.562489" lon="-118.119796"/>
      <trkpt lat="35.562612" lon="-118.119794"/>
      <trkpt lat="35.562771" lon="-118.119834"/>
      <trkpt lat="35.562695" lon="-118.119976"/>
      <trkpt lat="35.562692" lon="-118.120111"/>
      <trkpt lat="35.562735" lon="-118.120219"/>
      <trkpt lat="35.562870" lon="-118.120445"/>
      <trkpt lat="35.563145" lon="-118.120618"/>
      <trkpt lat="35.563439" lon="-118.120732"/>
      <trkpt lat="35.563593" lon="-118.120876"/>
      <trkpt lat="35.563666" lon="-118.120997"/>
      <trkpt lat="35.563722" lon="-118.121144"/>
      <trkpt lat="35.563709" lon="-118.121303"/>
      <trkpt lat="35.563794" lon="-118.121541"/>
      <trkpt lat="35.563810" lon="-118.121709"/>
      <trkpt lat="35.563916" lon="-118.121787"/>
      <trkpt lat="35.564040" lon="-118.122094"/>
      <trkpt lat="35.564106" lon="-118.122159"/>
      <trkpt lat="35.564217" lon="-118.122267"/>
      <trkpt lat="35.565019" lon="-118.122388"/>
      <trkpt lat="35.565361" lon="-118.122320"/>
      <trkpt lat="35.565991" lon="-118.121963"/>
      <trkpt lat="35.566108" lon="-118.122011"/>
      <trkpt lat="35.566136" lon="-118.122064"/>
      <trkpt lat="35.566140" lon="-118.122178"/>
      <trkpt lat="35.566170" lon="-118.122295"/>
      <trkpt lat="35.566298" lon="-118.122487"/>
      <trkpt lat="35.566378" lon="-118.122557"/>
      <trkpt lat="35.566572" lon="-118.122526"/>
      <trkpt lat="35.566695" lon="-118.122617"/>
      <trkpt lat="35.566859" lon="-118.122852"/>
      <trkpt lat="35.566900" lon="-118.123053"/>
      <trkpt lat="35.566998" lon="-118.123248"/>
      <trkpt lat="35.567067" lon="-118.123585"/>
      <trkpt lat="35.567298" lon="-118.124107"/>
      <trkpt lat="35.567630" lon="-118.124780"/>
      <trkpt lat="35.567932" lon="-118.125227"/>
      <trkpt lat="35.567950" lon="-118.125392"/>
      <trkpt lat="35.568130" lon="-118.125703"/>
      <trkpt lat="35.568884" lon="-118.126094"/>
      <trkpt lat="35.568986" lon="-118.126222"/>
      <trkpt lat="35.569169" lon="-118.126291"/>
      <trkpt lat="35.569499" lon="-118.126782"/>
      <trkpt lat="35.569569" lon="-118.126825"/>
      <trkpt lat="35.569743" lon="-118.126792"/>
      <trkpt lat="35.570123" lon="-118.126678"/>
      <trkpt lat="35.570502" lon="-118.126389"/>
      <trkpt lat="35.570789" lon="-118.126596"/>
      <trkpt lat="35.570889" lon="-118.126734"/>
      <trkpt lat="35.570912" lon="-118.126699"/>
      <trkpt lat="35.570865" lon="-118.126329"/>
      <trkpt lat="35.570935" lon="-118.126302"/>
      <trkpt lat="35.571320" lon="-118.127128"/>
      <trkpt lat="35.571979" lon="-118.127503"/>
      <trkpt lat="35.572404" lon="-118.127857"/>
      <trkpt lat="35.572752" lon="-118.128493"/>
      <trkpt lat="35.572895" lon="-118.128630"/>
      <trkpt lat="35.573043" lon="-118.128745"/>
      <trkpt lat="35.573338" lon="-118.128829"/>
      <trkpt lat="35.573646" lon="-118.128983"/>
      <trkpt lat="35.573803" lon="-118.129167"/>
      <trkpt lat="35.573983" lon="-118.129498"/>
      <trkpt lat="35.574101" lon="-118.129617"/>
      <trkpt lat="35.574237" lon="-118.129705"/>
      <trkpt lat="35.574640" lon="-118.129631"/>
      <trkpt lat="35.574878" lon="-118.129651"/>
      <trkpt lat="35.575107" lon="-118.129905"/>
      <trkpt lat="35.575327" lon="-118.129956"/>
      <trkpt lat="35.575471" lon="-118.129953"/>
      <trkpt lat="35.575980" lon="-118.129790"/>
      <trkpt lat="35.576195" lon="-118.129818"/>
      <trkpt lat="35.576393" lon="-118.129945"/>
      <trkpt lat="35.576582" lon="-118.130155"/>
      <trkpt lat="35.576706" lon="-118.130788"/>
      <trkpt lat="35.576690" lon="-118.131247"/>
      <trkpt lat="35.576620" lon="-118.131647"/>
      <trkpt lat="35.576667" lon="-118.131860"/>
      <trkpt lat="35.576822" lon="-118.132018"/>
      <trkpt lat="35.577085" lon="-118.132185"/>
      <trkpt lat="35.577282" lon="-118.132697"/>
      <trkpt lat="35.577473" lon="-118.132982"/>
      <trkpt lat="35.577601" lon="-118.132844"/>
      <trkpt lat="35.577930" lon="-118.132716"/>
      <trkpt lat="35.578028" lon="-118.132447"/>
      <trkpt lat="35.577932" lon="-118.131985"/>
      <trkpt lat="35.577922" lon="-118.131767"/>
      <trkpt lat="35.577957" lon="-118.131718"/>
      <trkpt lat="35.578105" lon="-118.132085"/>
      <trkpt lat="35.578417" lon="-118.132419"/>
      <trkpt lat="35.578438" lon="-118.132407"/>
      <trkpt lat="35.578417" lon="-118.132242"/>
      <trkpt lat="35.578319" lon="-118.131970"/>
      <trkpt lat="35.578338" lon="-118.131447"/>
      <trkpt lat="35.578448" lon="-118.131033"/>
      <trkpt lat="35.579083" lon="-118.130676"/>
      <trkpt lat="35.579156" lon="-118.130567"/>
      <trkpt lat="35.579247" lon="-118.130354"/>
      <trkpt lat="35.579252" lon="-118.130157"/>
      <trkpt lat="35.579218" lon="-118.129964"/>
      <trkpt lat="35.579033" lon="-118.129904"/>
      <trkpt lat="35.578683" lon="-118.129953"/>
      <trkpt lat="35.578911" lon="-118.129766"/>
      <trkpt lat="35.579128" lon="-118.129681"/>
      <trkpt lat="35.579450" lon="-118.129797"/>
      <trkpt lat="35.579587" lon="-118.129882"/>
      <trkpt lat="35.579686" lon="-118.130118"/>
      <trkpt lat="35.579674" lon="-118.130588"/>
      <trkpt lat="35.579787" lon="-118.131082"/>
      <trkpt lat="35.580027" lon="-118.131393"/>
      <trkpt lat="35.580067" lon="-118.131552"/>
      <trkpt lat="35.580059" lon="-118.131721"/>
      <trkpt lat="35.580193" lon="-118.131702"/>
      <trkpt lat="35.580234" lon="-118.131580"/>
      <trkpt lat="35.580239" lon="-118.131387"/>
      <trkpt lat="35.580152" lon="-118.131183"/>
      <trkpt lat="35.580010" lon="-118.130813"/>
      <trkpt lat="35.580040" lon="-118.130755"/>
      <trkpt lat="35.580034" lon="-118.129912"/>
      <trkpt lat="35.579908" lon="-118.129375"/>
      <trkpt lat="35.579741" lon="-118.129172"/>
      <trkpt lat="35.579632" lon="-118.129133"/>
      <trkpt lat="35.579453" lon="-118.129166"/>
      <trkpt lat="35.578962" lon="-118.128998"/>
      <trkpt lat="35.578777" lon="-118.129037"/>
      <trkpt lat="35.578694" lon="-118.128947"/>
      <trkpt lat="35.578488" lon="-118.128523"/>
      <trkpt lat="35.578414" lon="-118.128443"/>
      <trkpt lat="35.578305" lon="-118.128401"/>
      <trkpt lat="35.578300" lon="-118.128282"/>
      <trkpt lat="35.578261" lon="-118.128240"/>
      <trkpt lat="35.578201" lon="-118.128263"/>
      <trkpt lat="35.578177" lon="-118.128208"/>
      <trkpt lat="35.578202" lon="-118.128037"/>
      <trkpt lat="35.578472" lon="-118.127501"/>
      <trkpt lat="35.578726" lon="-118.127316"/>
      <trkpt lat="35.578953" lon="-118.127101"/>
      <trkpt lat="35.579148" lon="-118.127014"/>
      <trkpt lat="35.579231" lon="-118.126926"/>
      <trkpt lat="35.579261" lon="-118.126856"/>
      <trkpt lat="35.579220" lon="-118.125774"/>
      <trkpt lat="35.579240" lon="-118.125539"/>
      <trkpt lat="35.579302" lon="-118.125426"/>
      <trkpt lat="35.579353" lon="-118.124780"/>
      <trkpt lat="35.579385" lon="-118.123936"/>
      <trkpt lat="35.579598" lon="-118.123216"/>
      <trkpt lat="35.579762" lon="-118.123025"/>
      <trkpt lat="35.579909" lon="-118.122763"/>
      <trkpt lat="35.579959" lon="-118.122754"/>
      <trkpt lat="35.580014" lon="-118.122776"/>
      <trkpt lat="35.580179" lon="-118.122950"/>
      <trkpt lat="35.580790" lon="-118.123347"/>
      <trkpt lat="35.580910" lon="-118.123475"/>
      <trkpt lat="35.581052" lon="-118.123535"/>
      <trkpt lat="35.581203" lon="-118.123522"/>
      <trkpt lat="35.581497" lon="-118.123626"/>
      <trkpt lat="35.581642" lon="-118.123717"/>
      <trkpt lat="35.582098" lon="-118.123850"/>
      <trkpt lat="35.582180" lon="-118.123930"/>
      <trkpt lat="35.582259" lon="-118.124143"/>
      <trkpt lat="35.582338" lon="-118.124272"/>
      <trkpt lat="35.582413" lon="-118.124442"/>
      <trkpt lat="35.582442" lon="-118.124441"/>
      <trkpt lat="35.582469" lon="-118.124401"/>
      <trkpt lat="35.582520" lon="-118.123837"/>
      <trkpt lat="35.582630" lon="-118.123734"/>
      <trkpt lat="35.582771" lon="-118.123707"/>
      <trkpt lat="35.582841" lon="-118.123691"/>
      <trkpt lat="35.582932" lon="-118.123707"/>
      <trkpt lat="35.582976" lon="-118.123806"/>
      <trkpt lat="35.583176" lon="-118.123879"/>
      <trkpt lat="35.583395" lon="-118.124079"/>
      <trkpt lat="35.583597" lon="-118.124159"/>
      <trkpt lat="35.583675" lon="-118.124211"/>
      <trkpt lat="35.583790" lon="-118.124228"/>
      <trkpt lat="35.583862" lon="-118.124189"/>
      <trkpt lat="35.583878" lon="-118.124103"/>
      <trkpt lat="35.583909" lon="-118.123915"/>
      <trkpt lat="35.583915" lon="-118.123697"/>
      <trkpt lat="35.583675" lon="-118.123180"/>
      <trkpt lat="35.583653" lon="-118.122987"/>
      <trkpt lat="35.583730" lon="-118.122838"/>
      <trkpt lat="35.583782" lon="-118.122739"/>
      <trkpt lat="35.583885" lon="-118.122678"/>
      <trkpt lat="35.584348" lon="-118.122614"/>
      <trkpt lat="35.584480" lon="-118.122510"/>
      <trkpt lat="35.584582" lon="-118.122403"/>
      <trkpt lat="35.584777" lon="-118.121930"/>
      <trkpt lat="35.585055" lon="-118.121657"/>
      <trkpt lat="35.585235" lon="-118.121337"/>
      <trkpt lat="35.585465" lon="-118.121182"/>
      <trkpt lat="35.585543" lon="-118.121042"/>
      <trkpt lat="35.585573" lon="-118.120843"/>
      <trkpt lat="35.585645" lon="-118.120830"/>
      <trkpt lat="35.585862" lon="-118.121228"/>
      <trkpt lat="35.585883" lon="-118.121367"/>
      <trkpt lat="35.585795" lon="-118.121697"/>
      <trkpt lat="35.585987" lon="-118.122498"/>
      <trkpt lat="35.586715" lon="-118.122722"/>
      <trkpt lat="35.587155" lon="-118.122643"/>
      <trkpt lat="35.587657" lon="-118.122075"/>
      <trkpt lat="35.587768" lon="-118.122340"/>
      <trkpt lat="35.588173" lon="-118.122438"/>
      <trkpt lat="35.588237" lon="-118.122515"/>
      <trkpt lat="35.588083" lon="-118.122995"/>
      <trkpt lat="35.588057" lon="-118.123502"/>
      <trkpt lat="35.588415" lon="-118.124170"/>
      <trkpt lat="35.588553" lon="-118.124243"/>
      <trkpt lat="35.588708" lon="-118.124218"/>
      <trkpt lat="35.589127" lon="-118.124010"/>
      <trkpt lat="35.589317" lon="-118.123698"/>
      <trkpt lat="35.589483" lon="-118.123142"/>
      <trkpt lat="35.589437" lon="-118.122702"/>
      <trkpt lat="35.589488" lon="-118.122517"/>
      <trkpt lat="35.589585" lon="-118.122365"/>
      <trkpt lat="35.590103" lon="-118.121903"/>
      <trkpt lat="35.590200" lon="-118.121730"/>
      <trkpt lat="35.590325" lon="-118.120910"/>
      <trkpt lat="35.590297" lon="-118.120708"/>
      <trkpt lat="35.590335" lon="-118.120528"/>
      <trkpt lat="35.590590" lon="-118.120347"/>
      <trkpt lat="35.591078" lon="-118.120180"/>
      <trkpt lat="35.591075" lon="-118.119775"/>
      <trkpt lat="35.591025" lon="-118.119567"/>
      <trkpt lat="35.590785" lon="-118.118988"/>
      <trkpt lat="35.590657" lon="-118.118788"/>
      <trkpt lat="35.590518" lon="-118.118687"/>
      <trkpt lat="35.590517" lon="-118.118592"/>
      <trkpt lat="35.591013" lon="-118.118173"/>
      <trkpt lat="35.591363" lon="-118.117712"/>
      <trkpt lat="35.591353" lon="-118.116268"/>
      <trkpt lat="35.591472" lon="-118.116205"/>
      <trkpt lat="35.591621" lon="-118.116227"/>
      <trkpt lat="35.591837" lon="-118.116484"/>
      <trkpt lat="35.591900" lon="-118.116702"/>
      <trkpt lat="35.592503" lon="-118.117232"/>
      <trkpt lat="35.593092" lon="-118.117622"/>
      <trkpt lat="35.593358" lon="-118.117472"/>
      <trkpt lat="35.593803" lon="-118.116885"/>
      <trkpt lat="35.594087" lon="-118.116660"/>
      <trkpt lat="35.594270" lon="-118.116630"/>
      <trkpt lat="35.594417" lon="-118.116713"/>
      <trkpt lat="35.594607" lon="-118.116983"/>
      <trkpt lat="35.594863" lon="-118.117213"/>
      <trkpt lat="35.595348" lon="-118.117368"/>
      <trkpt lat="35.595552" lon="-118.117692"/>
      <trkpt lat="35.595497" lon="-118.118248"/>
      <trkpt lat="35.595277" lon="-118.118897"/>
      <trkpt lat="35.595352" lon="-118.119052"/>
      <trkpt lat="35.595697" lon="-118.119080"/>
      <trkpt lat="35.596213" lon="-118.119452"/>
      <trkpt lat="35.596540" lon="-118.119618"/>
      <trkpt lat="35.596685" lon="-118.119655"/>
      <trkpt lat="35.596823" lon="-118.119578"/>
      <trkpt lat="35.597132" lon="-118.119138"/>
      <trkpt lat="35.597462" lon="-118.118788"/>
      <trkpt lat="35.597732" lon="-118.118152"/>
      <trkpt lat="35.598140" lon="-118.117583"/>
      <trkpt lat="35.598272" lon="-118.117278"/>
      <trkpt lat="35.598352" lon="-118.117348"/>
      <trkpt lat="35.598405" lon="-118.117520"/>
      <trkpt lat="35.598548" lon="-118.118197"/>
      <trkpt lat="35.598780" lon="-118.118427"/>
      <trkpt lat="35.599065" lon="-118.118467"/>
      <trkpt lat="35.599357" lon="-118.118415"/>
      <trkpt lat="35.599648" lon="-118.118500"/>
      <trkpt lat="35.599835" lon="-118.118645"/>
      <trkpt lat="35.600288" lon="-118.119050"/>
      <trkpt lat="35.600480" lon="-118.119337"/>
      <trkpt lat="35.600510" lon="-118.119460"/>
      <trkpt lat="35.600365" lon="-118.119685"/>
      <trkpt lat="35.600133" lon="-118.119897"/>
      <trkpt lat="35.600085" lon="-118.120073"/>
      <trkpt lat="35.599977" lon="-118.120102"/>
      <trkpt lat="35.599862" lon="-118.120233"/>
      <trkpt lat="35.599873" lon="-118.120440"/>
      <trkpt lat="35.600005" lon="-118.120825"/>
      <trkpt lat="35.599977" lon="-118.120988"/>
      <trkpt lat="35.599697" lon="-118.121488"/>
      <trkpt lat="35.599647" lon="-118.121688"/>
      <trkpt lat="35.599705" lon="-118.121898"/>
      <trkpt lat="35.599842" lon="-118.122005"/>
      <trkpt lat="35.600325" lon="-118.121987"/>
      <trkpt lat="35.600553" lon="-118.122730"/>
      <trkpt lat="35.600572" lon="-118.122938"/>
      <trkpt lat="35.600557" lon="-118.123132"/>
      <trkpt lat="35.600423" lon="-118.123530"/>
      <trkpt lat="35.600547" lon="-118.123625"/>
      <trkpt lat="35.601058" lon="-118.123542"/>
      <trkpt lat="35.601200" lon="-118.123637"/>
      <trkpt lat="35.601323" lon="-118.123990"/>
      <trkpt lat="35.601758" lon="-118.124352"/>
      <trkpt lat="35.601553" lon="-118.124630"/>
      <trkpt lat="35.601458" lon="-118.125057"/>
      <trkpt lat="35.601923" lon="-118.125343"/>
      <trkpt lat="35.602000" lon="-118.126082"/>
      <trkpt lat="35.602187" lon="-118.126390"/>
      <trkpt lat="35.602575" lon="-118.126685"/>
      <trkpt lat="35.602742" lon="-118.126698"/>
      <trkpt lat="35.603052" lon="-118.126830"/>
      <trkpt lat="35.603537" lon="-118.126770"/>
      <trkpt lat="35.603662" lon="-118.126665"/>
      <trkpt lat="35.603683" lon="-118.126477"/>
      <trkpt lat="35.603623" lon="-118.126065"/>
      <trkpt lat="35.603908" lon="-118.125895"/>
      <trkpt lat="35.604028" lon="-118.125718"/>
      <trkpt lat="35.604235" lon="-118.124963"/>
      <trkpt lat="35.604055" lon="-118.124577"/>
      <trkpt lat="35.603713" lon="-118.124175"/>
      <trkpt lat="35.603707" lon="-118.124012"/>
      <trkpt lat="35.603778" lon="-118.123847"/>
      <trkpt lat="35.604002" lon="-118.123577"/>
      <trkpt lat="35.604215" lon="-118.123213"/>
      <trkpt lat="35.604117" lon="-118.122428"/>
      <trkpt lat="35.604018" lon="-118.122258"/>
      <trkpt lat="35.603723" lon="-118.122070"/>
      <trkpt lat="35.603942" lon="-118.121803"/>
      <trkpt lat="35.604190" lon="-118.121248"/>
      <trkpt lat="35.604098" lon="-118.120872"/>
      <trkpt lat="35.603933" lon="-118.120527"/>
      <trkpt lat="35.604030" lon="-118.120517"/>
      <trkpt lat="35.604287" lon="-118.120715"/>
      <trkpt lat="35.604625" lon="-118.120762"/>
      <trkpt lat="35.605268" lon="-118.120128"/>
      <trkpt lat="35.605387" lon="-118.119938"/>
      <trkpt lat="35.605513" lon="-118.119555"/>
      <trkpt lat="35.605623" lon="-118.119437"/>
      <trkpt lat="35.605765" lon="-118.119448"/>
      <trkpt lat="35.605992" lon="-118.119665"/>
      <trkpt lat="35.606828" lon="-118.120103"/>
      <trkpt lat="35.607288" lon="-118.120158"/>
      <trkpt lat="35.608197" lon="-118.120103"/>
      <trkpt lat="35.608492" lon="-118.120017"/>
      <trkpt lat="35.608630" lon="-118.120062"/>
      <trkpt lat="35.609177" lon="-118.119808"/>
      <trkpt lat="35.609410" lon="-118.119572"/>
      <trkpt lat="35.609710" lon="-118.119437"/>
      <trkpt lat="35.609907" lon="-118.119185"/>
      <trkpt lat="35.609963" lon="-118.118782"/>
      <trkpt lat="35.609755" lon="-118.118043"/>
      <trkpt lat="35.609935" lon="-118.117695"/>
      <trkpt lat="35.610023" lon="-118.117063"/>
      <trkpt lat="35.610332" lon="-118.116415"/>
      <trkpt lat="35.610583" lon="-118.116303"/>
      <trkpt lat="35.610730" lon="-118.116342"/>
      <trkpt lat="35.611220" lon="-118.116737"/>
      <trkpt lat="35.611438" lon="-118.116985"/>
      <trkpt lat="35.611563" lon="-118.117048"/>
      <trkpt lat="35.611953" lon="-118.116772"/>
      <trkpt lat="35.612190" lon="-118.116520"/>
      <trkpt lat="35.612668" lon="-118.115728"/>
      <trkpt lat="35.612802" lon="-118.115373"/>
      <trkpt lat="35.612930" lon="-118.114808"/>
      <trkpt lat="35.613033" lon="-118.114705"/>
      <trkpt lat="35.613375" lon="-118.114595"/>
      <trkpt lat="35.613932" lon="-118.114197"/>
      <trkpt lat="35.614165" lon="-118.113908"/>
      <trkpt lat="35.614327" lon="-118.113553"/>
      <trkpt lat="35.614293" lon="-118.113208"/>
    </trkseg>
    <trkseg>
      <trkpt lat="35.614293" lon="-118.113208"/>
      <trkpt lat="35.614375" lon="-118.113160"/>
      <trkpt lat="35.614484" lon="-118.113103"/>
      <trkpt lat="35.614582" lon="-118.113000"/>
      <trkpt lat="35.614911" lon="-118.112926"/>
      <trkpt lat="35.615053" lon="-118.112799"/>
      <trkpt lat="35.615188" lon="-118.112675"/>
      <trkpt lat="35.615299" lon="-118.112581"/>
      <trkpt lat="35.615380" lon="-118.112481"/>
      <trkpt lat="35.615443" lon="-118.112319"/>
      <trkpt lat="35.615488" lon="-118.112029"/>
      <trkpt lat="35.615533" lon="-118.111895"/>
      <trkpt lat="35.615625" lon="-118.111774"/>
      <trkpt lat="35.615723" lon="-118.111645"/>
      <trkpt lat="35.615808" lon="-118.111589"/>
      <trkpt lat="35.615841" lon="-118.111514"/>
      <trkpt lat="35.615902" lon="-118.111321"/>
      <trkpt lat="35.616026" lon="-118.111139"/>
      <trkpt lat="35.616281" lon="-118.110814"/>
      <trkpt lat="35.616330" lon="-118.110567"/>
      <trkpt lat="35.616483" lon="-118.110398"/>
      <trkpt lat="35.616530" lon="-118.110289"/>
      <trkpt lat="35.616535" lon="-118.110114"/>
      <trkpt lat="35.616568" lon="-118.109960"/>
      <trkpt lat="35.616626" lon="-118.109839"/>
      <trkpt lat="35.616713" lon="-118.109766"/>
      <trkpt lat="35.616859" lon="-118.109715"/>
      <trkpt lat="35.616952" lon="-118.109607"/>
      <trkpt lat="35.617010" lon="-118.109460"/>
      <trkpt lat="35.617068" lon="-118.109174"/>
      <trkpt lat="35.617155" lon="-118.108554"/>
      <trkpt lat="35.617216" lon="-118.108250"/>
      <trkpt lat="35.617339" lon="-118.107866"/>
      <trkpt lat="35.617441" lon="-118.107767"/>
      <trkpt lat="35.617480" lon="-118.107653"/>
      <trkpt lat="35.617486" lon="-118.107508"/>
      <trkpt lat="35.617541" lon="-118.107276"/>
      <trkpt lat="35.617649" lon="-118.107022"/>
      <trkpt lat="35.617711" lon="-118.106628"/>
      <trkpt lat="35.617796" lon="-118.106168"/>
      <trkpt lat="35.617852" lon="-118.106061"/>
      <trkpt lat="35.617941" lon="-118.105889"/>
      <trkpt lat="35.618041" lon="-118.105624"/>
      <trkpt lat="35.618125" lon="-118.105390"/>
      <trkpt lat="35.618199" lon="-118.105146"/>
      <trkpt lat="35.618218" lon="-118.104908"/>
      <trkpt lat="35.618273" lon="-118.104796"/>
      <trkpt lat="35.618331" lon="-118.104681"/>
      <trkpt lat="35.618412" lon="-118.104512"/>
      <trkpt lat="35.618437" lon="-118.104377"/>
      <trkpt lat="35.618544" lon="-118.104165"/>
      <trkpt lat="35.618622" lon="-118.103916"/>
      <trkpt lat="35.618635" lon="-118.103733"/>
      <trkpt lat="35.618729" lon="-118.103533"/>
      <trkpt lat="35.618865" lon="-118.103243"/>
      <trkpt lat="35.618885" lon="-118.103121"/>
      <trkpt lat="35.618873" lon="-118.102990"/>
      <trkpt lat="35.618889" lon="-118.102917"/>
      <trkpt lat="35.618968" lon="-118.102765"/>
      <trkpt lat="35.619021" lon="-118.102592"/>
      <trkpt lat="35.619031" lon="-118.102429"/>
      <trkpt lat="35.619088" lon="-118.102306"/>
      <trkpt lat="35.619192" lon="-118.102189"/>
      <trkpt lat="35.619289" lon="-118.101980"/>
      <trkpt lat="35.619446" lon="-118.101840"/>
      <trkpt lat="35.619581" lon="-118.101680"/>
      <trkpt lat="35.619667" lon="-118.101523"/>
      <trkpt lat="35.619708" lon="-118.101348"/>
      <trkpt lat="35.619723" lon="-118.101147"/>
      <trkpt lat="35.619735" lon="-118.100974"/>
      <trkpt lat="35.619706" lon="-118.100774"/>
      <trkpt lat="35.619592" lon="-118.100358"/>
      <trkpt lat="35.619508" lon="-118.100132"/>
      <trkpt lat="35.619446" lon="-118.099871"/>
      <trkpt lat="35.619437" lon="-118.099761"/>
      <trkpt lat="35.619444" lon="-118.099670"/>
      <trkpt lat="35.619507" lon="-118.099457"/>
      <trkpt lat="35.619518" lon="-118.099233"/>
      <trkpt lat="35.619504" lon="-118.098642"/>
      <trkpt lat="35.619488" lon="-118.098505"/>
      <trkpt lat="35.619419" lon="-118.098315"/>
      <trkpt lat="35.619394" lon="-118.098211"/>
      <trkpt lat="35.619397" lon="-118.098120"/>
      <trkpt lat="35.619429" lon="-118.098038"/>
      <trkpt lat="35.619491" lon="-118.097995"/>
      <trkpt lat="35.619596" lon="-118.097993"/>
      <trkpt lat="35.619672" lon="-118.097957"/>
      <trkpt lat="35.619710" lon="-118.097884"/>
      <trkpt lat="35.619813" lon="-118.097525"/>
      <trkpt lat="35.619888" lon="-118.097350"/>
      <trkpt lat="35.619924" lon="-118.097161"/>
      <trkpt lat="35.620030" lon="-118.096936"/>
      <trkpt lat="35.620146" lon="-118.096767"/>
      <trkpt lat="35.620321" lon="-118.096620"/>
      <trkpt lat="35.620430" lon="-118.096485"/>
      <trkpt lat="35.620523" lon="-118.096409"/>
      <trkpt lat="35.620571" lon="-118.096342"/>
      <trkpt lat="35.620656" lon="-118.096039"/>
      <trkpt lat="35.620651" lon="-118.095969"/>
      <trkpt lat="35.620607" lon="-118.095897"/>
      <trkpt lat="35.620604" lon="-118.095830"/>
      <trkpt lat="35.620638" lon="-118.095760"/>
      <trkpt lat="35.620704" lon="-118.095713"/>
      <trkpt lat="35.620742" lon="-118.095641"/>
      <trkpt lat="35.620751" lon="-118.095549"/>
      <trkpt lat="35.620724" lon="-118.095442"/>
      <trkpt lat="35.620668" lon="-118.095375"/>
      <trkpt lat="35.620575" lon="-118.095322"/>
      <trkpt lat="35.620541" lon="-118.095259"/>
      <trkpt lat="35.620559" lon="-118.095146"/>
      <trkpt lat="35.620540" lon="-118.095076"/>
      <trkpt lat="35.620470" lon="-118.095049"/>
      <trkpt lat="35.620443" lon="-118.094989"/>
      <trkpt lat="35.620464" lon="-118.094899"/>
      <trkpt lat="35.620463" lon="-118.094832"/>
      <trkpt lat="35.620423" lon="-118.094775"/>
      <trkpt lat="35.620414" lon="-118.094577"/>
      <trkpt lat="35.620381" lon="-118.094418"/>
      <trkpt lat="35.620373" lon="-118.094247"/>
      <trkpt lat="35.620395" lon="-118.094001"/>
      <trkpt lat="35.620386" lon="-118.093857"/>
      <trkpt lat="35.620321" lon="-118.093731"/>
      <trkpt lat="35.620293" lon="-118.093590"/>
      <trkpt lat="35.620316" lon="-118.093394"/>
      <trkpt lat="35.620349" lon="-118.093252"/>
      <trkpt lat="35.620326" lon="-118.093104"/>
      <trkpt lat="35.620280" lon="-118.092965"/>
      <trkpt lat="35.620237" lon="-118.092793"/>
      <trkpt lat="35.620108" lon="-118.092432"/>
      <trkpt lat="35.620101" lon="-118.092327"/>
      <trkpt lat="35.620104" lon="-118.092180"/>
      <trkpt lat="35.620073" lon="-118.092020"/>
      <trkpt lat="35.620050" lon="-118.091835"/>
      <trkpt lat="35.620031" lon="-118.091649"/>
      <trkpt lat="35.619997" lon="-118.091518"/>
      <trkpt lat="35.619957" lon="-118.091349"/>
      <trkpt lat="35.619893" lon="-118.090948"/>
      <trkpt lat="35.619875" lon="-118.090609"/>
      <trkpt lat="35.619828" lon="-118.089959"/>
      <trkpt lat="35.619768" lon="-118.089622"/>
      <trkpt lat="35.619751" lon="-118.089488"/>
      <trkpt lat="35.619678" lon="-118.089308"/>
      <trkpt lat="35.619627" lon="-118.089081"/>
      <trkpt lat="35.619537" lon="-118.088881"/>
      <trkpt lat="35.619515" lon="-118.088738"/>
      <trkpt lat="35.619441" lon="-118.088525"/>
      <trkpt lat="35.619233" lon="-118.088226"/>
      <trkpt lat="35.619018" lon="-118.087856"/>
      <trkpt lat="35.618978" lon="-118.087672"/>
      <trkpt lat="35.618960" lon="-118.087272"/>
      <trkpt lat="35.618979" lon="-118.086860"/>
      <trkpt lat="35.618986" lon="-118.086662"/>
      <trkpt lat="35.619017" lon="-118.086594"/>
      <trkpt lat="35.619014" lon="-118.086533"/>
      <trkpt lat="35.618987" lon="-118.086377"/>
      <trkpt lat="35.618972" lon="-118.086191"/>
      <trkpt lat="35.619029" lon="-118.085690"/>
      <trkpt lat="35.619037" lon="-118.085453"/>
      <trkpt lat="35.619030" lon="-118.085286"/>
      <trkpt lat="35.619042" lon="-118.085172"/>
      <trkpt lat="35.619081" lon="-118.084983"/>
      <trkpt lat="35.619084" lon="-118.084410"/>
      <trkpt lat="35.619106" lon="-118.084285"/>
      <trkpt lat="35.619177" lon="-118.084088"/>
      <trkpt lat="35.619217" lon="-118.083929"/>
      <trkpt lat="35.619293" lon="-118.083748"/>
      <trkpt lat="35.619384" lon="-118.083683"/>
      <trkpt lat="35.619817" lon="-118.083514"/>
      <trkpt lat="35.619934" lon="-118.083411"/>
      <trkpt lat="35.620000" lon="-118.083276"/>
      <trkpt lat="35.620023" lon="-118.083032"/>
      <trkpt lat="35.620087" lon="-118.082909"/>
      <trkpt lat="35.620211" lon="-118.082877"/>
      <trkpt lat="35.620278" lon="-118.082818"/>
      <trkpt lat="35.620322" lon="-118.082722"/>
      <trkpt lat="35.620325" lon="-118.082597"/>
      <trkpt lat="35.620321" lon="-118.082444"/>
      <trkpt lat="35.620354" lon="-118.082314"/>
      <trkpt lat="35.620366" lon="-118.082178"/>
      <trkpt lat="35.620324" lon="-118.082015"/>
      <trkpt lat="35.620288" lon="-118.081827"/>
      <trkpt lat="35.620286" lon="-118.081664"/>
      <trkpt lat="35.620320" lon="-118.081508"/>
      <trkpt lat="35.620377" lon="-118.081308"/>
      <trkpt lat="35.620436" lon="-118.081208"/>
      <trkpt lat="35.620447" lon="-118.081139"/>
      <trkpt lat="35.620436" lon="-118.081045"/>
      <trkpt lat="35.620338" lon="-118.080682"/>
      <trkpt lat="35.620324" lon="-118.080616"/>
      <trkpt lat="35.620341" lon="-118.080537"/>
      <trkpt lat="35.620499" lon="-118.080357"/>
      <trkpt lat="35.620540" lon="-118.080285"/>
      <trkpt lat="35.620590" lon="-118.080095"/>
      <trkpt lat="35.620618" lon="-118.079999"/>
      <trkpt lat="35.620698" lon="-118.079849"/>
      <trkpt lat="35.620784" lon="-118.079707"/>
      <trkpt lat="35.620836" lon="-118.079504"/>
      <trkpt lat="35.620878" lon="-118.079427"/>
      <trkpt lat="35.620977" lon="-118.079345"/>
      <trkpt lat="35.621019" lon="-118.079267"/>
      <trkpt lat="35.621059" lon="-118.078964"/>
      <trkpt lat="35.621103" lon="-118.078709"/>
      <trkpt lat="35.621109" lon="-118.078567"/>
      <trkpt lat="35.621092" lon="-118.078327"/>
      <trkpt lat="35.621091" lon="-118.077930"/>
      <trkpt lat="35.621138" lon="-118.077778"/>
      <trkpt lat="35.621152" lon="-118.077620"/>
      <trkpt lat="35.621237" lon="-118.077446"/>
      <trkpt lat="35.621236" lon="-118.077372"/>
    </trkseg>
    <trkseg>
      <trkpt lat="35.621236" lon="-118.077372"/>
      <trkpt lat="35.621305" lon="-118.077268"/>
      <trkpt lat="35.621357" lon="-118.077070"/>
      <trkpt lat="35.621463" lon="-118.076947"/>
      <trkpt lat="35.621617" lon="-118.076898"/>
      <trkpt lat="35.621793" lon="-118.076900"/>
      <trkpt lat="35.621940" lon="-118.077010"/>
      <trkpt lat="35.622642" lon="-118.076815"/>
      <trkpt lat="35.622833" lon="-118.076870"/>
      <trkpt lat="35.623272" lon="-118.077083"/>
      <trkpt lat="35.623757" lon="-118.076950"/>
      <trkpt lat="35.623915" lon="-118.076960"/>
      <trkpt lat="35.624188" lon="-118.077092"/>
      <trkpt lat="35.624277" lon="-118.077106"/>
      <trkpt lat="35.624349" lon="-118.077061"/>
      <trkpt lat="35.624366" lon="-118.077015"/>
      <trkpt lat="35.624379" lon="-118.076857"/>
      <trkpt lat="35.624429" lon="-118.076680"/>
      <trkpt lat="35.624501" lon="-118.076535"/>
      <trkpt lat="35.624682" lon="-118.076347"/>
      <trkpt lat="35.625149" lon="-118.075940"/>
      <trkpt lat="35.625179" lon="-118.075889"/>
      <trkpt lat="35.625177" lon="-118.075813"/>
      <trkpt lat="35.625151" lon="-118.075755"/>
      <trkpt lat="35.625162" lon="-118.075642"/>
      <trkpt lat="35.625298" lon="-118.075327"/>
      <trkpt lat="35.625517" lon="-118.075115"/>
      <trkpt lat="35.625644" lon="-118.075095"/>
      <trkpt lat="35.625698" lon="-118.075111"/>
      <trkpt lat="35.625746" lon="-118.075087"/>
      <trkpt lat="35.625820" lon="-118.075077"/>
      <trkpt lat="35.625892" lon="-118.075119"/>
      <trkpt lat="35.625960" lon="-118.075165"/>
      <trkpt lat="35.626002" lon="-118.075228"/>
      <trkpt lat="35.626030" lon="-118.075304"/>
      <trkpt lat="35.626078" lon="-118.075489"/>
      <trkpt lat="35.626088" lon="-118.075570"/>
      <trkpt lat="35.626102" lon="-118.075830"/>
      <trkpt lat="35.626132" lon="-118.075905"/>
      <trkpt lat="35.626183" lon="-118.075982"/>
      <trkpt lat="35.626313" lon="-118.076090"/>
      <trkpt lat="35.626527" lon="-118.076189"/>
      <trkpt lat="35.626599" lon="-118.076203"/>
      <trkpt lat="35.626668" lon="-118.076224"/>
      <trkpt lat="35.626723" lon="-118.076272"/>
      <trkpt lat="35.626784" lon="-118.076366"/>
      <trkpt lat="35.626834" lon="-118.076474"/>
      <trkpt lat="35.626900" lon="-118.076570"/>
      <trkpt lat="35.626974" lon="-118.076720"/>
      <trkpt lat="35.627050" lon="-118.076822"/>
      <trkpt lat="35.627122" lon="-118.076930"/>
      <trkpt lat="35.627305" lon="-118.077069"/>
      <trkpt lat="35.627392" lon="-118.077072"/>
      <trkpt lat="35.627523" lon="-118.077063"/>
      <trkpt lat="35.627589" lon="-118.077085"/>
      <trkpt lat="35.627623" lon="-118.077117"/>
      <trkpt lat="35.627645" lon="-118.077153"/>
      <trkpt lat="35.627691" lon="-118.077259"/>
      <trkpt lat="35.627708" lon="-118.077375"/>
      <trkpt lat="35.627743" lon="-118.077525"/>
      <trkpt lat="35.627757" lon="-118.077643"/>
      <trkpt lat="35.627768" lon="-118.078358"/>
      <trkpt lat="35.627903" lon="-118.078673"/>
      <trkpt lat="35.628114" lon="-118.078957"/>
      <trkpt lat="35.628264" lon="-118.079188"/>
      <trkpt lat="35.628373" lon="-118.079370"/>
      <trkpt lat="35.628407" lon="-118.079367"/>
      <trkpt lat="35.628441" lon="-118.079327"/>
      <trkpt lat="35.628487" lon="-118.079234"/>
      <trkpt lat="35.628565" lon="-118.079134"/>
      <trkpt lat="35.628674" lon="-118.079043"/>
      <trkpt lat="35.628735" lon="-118.078979"/>
      <trkpt lat="35.628766" lon="-118.078925"/>
      <trkpt lat="35.628781" lon="-118.078855"/>
      <trkpt lat="35.628759" lon="-118.078769"/>
      <trkpt lat="35.628707" lon="-118.078667"/>
      <trkpt lat="35.628639" lon="-118.078587"/>
      <trkpt lat="35.628587" lon="-118.078485"/>
      <trkpt lat="35.628517" lon="-118.078297"/>
      <trkpt lat="35.628513" lon="-118.078182"/>
      <trkpt lat="35.628517" lon="-118.078077"/>
      <trkpt lat="35.628578" lon="-118.077933"/>
      <trkpt lat="35.628659" lon="-118.077799"/>
      <trkpt lat="35.628755" lon="-118.077683"/>
      <trkpt lat="35.628864" lon="-118.077565"/>
      <trkpt lat="35.628940" lon="-118.077436"/>
      <trkpt lat="35.629008" lon="-118.077340"/>
      <trkpt lat="35.629069" lon="-118.077292"/>
      <trkpt lat="35.629141" lon="-118.077265"/>
      <trkpt lat="35.629228" lon="-118.077241"/>
      <trkpt lat="35.629317" lon="-118.077254"/>
      <trkpt lat="35.629625" lon="-118.077375"/>
      <trkpt lat="35.629838" lon="-118.077407"/>
      <trkpt lat="35.630024" lon="-118.077426"/>
      <trkpt lat="35.630467" lon="-118.077508"/>
      <trkpt lat="35.630593" lon="-118.077501"/>
      <trkpt lat="35.630682" lon="-118.077487"/>
      <trkpt lat="35.630782" lon="-118.077444"/>
      <trkpt lat="35.630848" lon="-118.077396"/>
      <trkpt lat="35.630902" lon="-118.077323"/>
      <trkpt lat="35.630988" lon="-118.077168"/>
      <trkpt lat="35.631044" lon="-118.077114"/>
      <trkpt lat="35.631130" lon="-118.077095"/>
      <trkpt lat="35.631290" lon="-118.077152"/>
      <trkpt lat="35.631297" lon="-118.077133"/>
      <trkpt lat="35.631354" lon="-118.077152"/>
      <trkpt lat="35.631419" lon="-118.077101"/>
      <trkpt lat="35.631530" lon="-118.077050"/>
      <trkpt lat="35.631606" lon="-118.076999"/>
      <trkpt lat="35.631691" lon="-118.076908"/>
      <trkpt lat="35.631768" lon="-118.076819"/>
      <trkpt lat="35.631813" lon="-118.076733"/>
      <trkpt lat="35.631855" lon="-118.076592"/>
      <trkpt lat="35.631905" lon="-118.076449"/>
      <trkpt lat="35.631923" lon="-118.076243"/>
      <trkpt lat="35.631933" lon="-118.076050"/>
      <trkpt lat="35.631958" lon="-118.075940"/>
      <trkpt lat="35.632005" lon="-118.075886"/>
      <trkpt lat="35.632119" lon="-118.075610"/>
      <trkpt lat="35.632130" lon="-118.075545"/>
      <trkpt lat="35.632110" lon="-118.075500"/>
      <trkpt lat="35.632108" lon="-118.075465"/>
      <trkpt lat="35.632225" lon="-118.075336"/>
      <trkpt lat="35.632343" lon="-118.075248"/>
      <trkpt lat="35.632592" lon="-118.075114"/>
      <trkpt lat="35.632655" lon="-118.075057"/>
      <trkpt lat="35.632692" lon="-118.074990"/>
      <trkpt lat="35.632723" lon="-118.074878"/>
      <trkpt lat="35.632720" lon="-118.074768"/>
      <trkpt lat="35.632712" lon="-118.074631"/>
      <trkpt lat="35.632664" lon="-118.074486"/>
      <trkpt lat="35.632616" lon="-118.074357"/>
      <trkpt lat="35.632568" lon="-118.074043"/>
      <trkpt lat="35.632587" lon="-118.073415"/>
      <trkpt lat="35.632633" lon="-118.073354"/>
      <trkpt lat="35.632703" lon="-118.073292"/>
      <trkpt lat="35.632945" lon="-118.073148"/>
      <trkpt lat="35.633045" lon="-118.073072"/>
      <trkpt lat="35.633104" lon="-118.073003"/>
      <trkpt lat="35.633148" lon="-118.072925"/>
      <trkpt lat="35.633156" lon="-118.072818"/>
      <trkpt lat="35.633152" lon="-118.072718"/>
      <trkpt lat="35.633119" lon="-118.072606"/>
      <trkpt lat="35.633069" lon="-118.072528"/>
      <trkpt lat="35.633039" lon="-118.072437"/>
      <trkpt lat="35.633039" lon="-118.072354"/>
      <trkpt lat="35.633097" lon="-118.072209"/>
      <trkpt lat="35.633165" lon="-118.071970"/>
      <trkpt lat="35.633274" lon="-118.071549"/>
      <trkpt lat="35.633320" lon="-118.071407"/>
      <trkpt lat="35.633359" lon="-118.071308"/>
      <trkpt lat="35.633424" lon="-118.071195"/>
      <trkpt lat="35.633518" lon="-118.071082"/>
      <trkpt lat="35.633610" lon="-118.070948"/>
      <trkpt lat="35.633660" lon="-118.070846"/>
      <trkpt lat="35.633732" lon="-118.070771"/>
      <trkpt lat="35.633812" lon="-118.070709"/>
      <trkpt lat="35.633887" lon="-118.070667"/>
      <trkpt lat="35.633939" lon="-118.070650"/>
      <trkpt lat="35.633987" lon="-118.070621"/>
      <trkpt lat="35.634037" lon="-118.070556"/>
      <trkpt lat="35.634194" lon="-118.070377"/>
      <trkpt lat="35.634268" lon="-118.070211"/>
      <trkpt lat="35.634430" lon="-118.069975"/>
      <trkpt lat="35.634506" lon="-118.069840"/>
      <trkpt lat="35.634556" lon="-118.069722"/>
      <trkpt lat="35.634645" lon="-118.069586"/>
      <trkpt lat="35.634735" lon="-118.069427"/>
      <trkpt lat="35.634780" lon="-118.069312"/>
      <trkpt lat="35.634812" lon="-118.069193"/>
      <trkpt lat="35.634822" lon="-118.068992"/>
      <trkpt lat="35.634815" lon="-118.068923"/>
      <trkpt lat="35.634785" lon="-118.068869"/>
      <trkpt lat="35.634652" lon="-118.068800"/>
      <trkpt lat="35.634614" lon="-118.068780"/>
      <trkpt lat="35.634593" lon="-118.068754"/>
      <trkpt lat="35.634515" lon="-118.068612"/>
      <trkpt lat="35.634422" lon="-118.068400"/>
      <trkpt lat="35.634408" lon="-118.068317"/>
      <trkpt lat="35.634427" lon="-118.067882"/>
      <trkpt lat="35.634449" lon="-118.067772"/>
      <trkpt lat="35.634508" lon="-118.067638"/>
      <trkpt lat="35.634527" lon="-118.067548"/>
      <trkpt lat="35.634534" lon="-118.067464"/>
      <trkpt lat="35.634501" lon="-118.067335"/>
      <trkpt lat="35.634471" lon="-118.067155"/>
      <trkpt lat="35.634480" lon="-118.066995"/>
      <trkpt lat="35.634530" lon="-118.066890"/>
      <trkpt lat="35.634730" lon="-118.066544"/>
      <trkpt lat="35.634778" lon="-118.066453"/>
      <trkpt lat="35.634813" lon="-118.066252"/>
      <trkpt lat="35.634861" lon="-118.066123"/>
      <trkpt lat="35.634879" lon="-118.066013"/>
      <trkpt lat="35.635011" lon="-118.065831"/>
      <trkpt lat="35.635040" lon="-118.065727"/>
      <trkpt lat="35.635086" lon="-118.065643"/>
      <trkpt lat="35.635158" lon="-118.065476"/>
      <trkpt lat="35.635201" lon="-118.065385"/>
      <trkpt lat="35.635219" lon="-118.065286"/>
      <trkpt lat="35.635185" lon="-118.064910"/>
      <trkpt lat="35.635152" lon="-118.064730"/>
      <trkpt lat="35.635092" lon="-118.064650"/>
      <trkpt lat="35.634913" lon="-118.064500"/>
      <trkpt lat="35.634855" lon="-118.064460"/>
      <trkpt lat="35.634824" lon="-118.064414"/>
      <trkpt lat="35.634813" lon="-118.064360"/>
      <trkpt lat="35.634807" lon="-118.064285"/>
      <trkpt lat="35.634807" lon="-118.064205"/>
      <trkpt lat="35.634733" lon="-118.063818"/>
      <trkpt lat="35.634643" lon="-118.063618"/>
      <trkpt lat="35.634598" lon="-118.063488"/>
      <trkpt lat="35.634602" lon="-118.063403"/>
      <trkpt lat="35.634582" lon="-118.063313"/>
      <trkpt lat="35.634534" lon="-118.063242"/>
      <trkpt lat="35.634473" lon="-118.063132"/>
      <trkpt lat="35.634443" lon="-118.063062"/>
      <trkpt lat="35.634425" lon="-118.062961"/>
      <trkpt lat="35.634437" lon="-118.062778"/>
      <trkpt lat="35.634490" lon="-118.062687"/>
      <trkpt lat="35.634658" lon="-118.062472"/>
      <trkpt lat="35.634732" lon="-118.062333"/>
      <trkpt lat="35.634833" lon="-118.062231"/>
      <trkpt lat="35.634913" lon="-118.062164"/>
      <trkpt lat="35.635038" lon="-118.062124"/>
      <trkpt lat="35.635225" lon="-118.062081"/>
      <trkpt lat="35.635319" lon="-118.062040"/>
      <trkpt lat="35.635395" lon="-118.061995"/>
      <trkpt lat="35.635562" lon="-118.061792"/>
      <trkpt lat="35.635587" lon="-118.061775"/>
      <trkpt lat="35.635620" lon="-118.061681"/>
      <trkpt lat="35.635757" lon="-118.061432"/>
      <trkpt lat="35.635753" lon="-118.061330"/>
      <trkpt lat="35.635714" lon="-118.061244"/>
      <trkpt lat="35.635563" lon="-118.061056"/>
      <trkpt lat="35.635456" lon="-118.060909"/>
      <trkpt lat="35.635433" lon="-118.060848"/>
      <trkpt lat="35.635413" lon="-118.060750"/>
      <trkpt lat="35.635387" lon="-118.060650"/>
      <trkpt lat="35.635291" lon="-118.060479"/>
      <trkpt lat="35.635187" lon="-118.060355"/>
      <trkpt lat="35.635097" lon="-118.060351"/>
      <trkpt lat="35.634940" lon="-118.060361"/>
      <trkpt lat="35.634800" lon="-118.060396"/>
      <trkpt lat="35.634713" lon="-118.060410"/>
      <trkpt lat="35.634619" lon="-118.060412"/>
      <trkpt lat="35.634571" lon="-118.060396"/>
      <trkpt lat="35.634528" lon="-118.060359"/>
      <trkpt lat="35.634501" lon="-118.060302"/>
      <trkpt lat="35.634488" lon="-118.060227"/>
      <trkpt lat="35.634460" lon="-118.060155"/>
      <trkpt lat="35.634397" lon="-118.060093"/>
      <trkpt lat="35.634353" lon="-118.060042"/>
      <trkpt lat="35.634321" lon="-118.059922"/>
      <trkpt lat="35.634268" lon="-118.059849"/>
      <trkpt lat="35.634207" lon="-118.059825"/>
      <trkpt lat="35.634133" lon="-118.059812"/>
      <trkpt lat="35.633985" lon="-118.059879"/>
      <trkpt lat="35.633867" lon="-118.059895"/>
      <trkpt lat="35.633793" lon="-118.059892"/>
      <trkpt lat="35.633704" lon="-118.059935"/>
      <trkpt lat="35.633438" lon="-118.060128"/>
      <trkpt lat="35.633191" lon="-118.060171"/>
      <trkpt lat="35.633122" lon="-118.060152"/>
      <trkpt lat="35.633050" lon="-118.060109"/>
      <trkpt lat="35.632967" lon="-118.060037"/>
      <trkpt lat="35.632927" lon="-118.059985"/>
      <trkpt lat="35.632910" lon="-118.059922"/>
      <trkpt lat="35.632808" lon="-118.059822"/>
      <trkpt lat="35.632763" lon="-118.059688"/>
      <trkpt lat="35.632738" lon="-118.059573"/>
      <trkpt lat="35.632670" lon="-118.059380"/>
      <trkpt lat="35.632583" lon="-118.059173"/>
      <trkpt lat="35.632477" lon="-118.058965"/>
      <trkpt lat="35.632400" lon="-118.058878"/>
      <trkpt lat="35.632315" lon="-118.058811"/>
      <trkpt lat="35.632252" lon="-118.058747"/>
      <trkpt lat="35.632191" lon="-118.058666"/>
      <trkpt lat="35.632147" lon="-118.058588"/>
      <trkpt lat="35.632130" lon="-118.058487"/>
      <trkpt lat="35.632175" lon="-118.058280"/>
      <trkpt lat="35.632170" lon="-118.058212"/>
      <trkpt lat="35.632147" lon="-118.058111"/>
      <trkpt lat="35.632101" lon="-118.058025"/>
      <trkpt lat="35.632066" lon="-118.057980"/>
      <trkpt lat="35.632058" lon="-118.057926"/>
      <trkpt lat="35.632080" lon="-118.057868"/>
      <trkpt lat="35.632132" lon="-118.057843"/>
      <trkpt lat="35.632215" lon="-118.057741"/>
      <trkpt lat="35.632215" lon="-118.057580"/>
      <trkpt lat="35.632232" lon="-118.057512"/>
      <trkpt lat="35.632265" lon="-118.057457"/>
      <trkpt lat="35.632256" lon="-118.057392"/>
      <trkpt lat="35.632149" lon="-118.057309"/>
      <trkpt lat="35.632075" lon="-118.057262"/>
      <trkpt lat="35.632005" lon="-118.057242"/>
      <trkpt lat="35.631918" lon="-118.057237"/>
      <trkpt lat="35.631868" lon="-118.057223"/>
      <trkpt lat="35.631842" lon="-118.057191"/>
      <trkpt lat="35.631823" lon="-118.057123"/>
      <trkpt lat="35.631831" lon="-118.057046"/>
      <trkpt lat="35.631868" lon="-118.056947"/>
      <trkpt lat="35.631986" lon="-118.056872"/>
      <trkpt lat="35.632029" lon="-118.056829"/>
      <trkpt lat="35.632088" lon="-118.056799"/>
      <trkpt lat="35.632199" lon="-118.056791"/>
      <trkpt lat="35.632250" lon="-118.056732"/>
      <trkpt lat="35.632289" lon="-118.056614"/>
      <trkpt lat="35.632282" lon="-118.056408"/>
      <trkpt lat="35.632308" lon="-118.056268"/>
      <trkpt lat="35.632328" lon="-118.056132"/>
      <trkpt lat="35.632310" lon="-118.055877"/>
      <trkpt lat="35.632284" lon="-118.055775"/>
      <trkpt lat="35.632188" lon="-118.055568"/>
      <trkpt lat="35.632117" lon="-118.055394"/>
      <trkpt lat="35.632082" lon="-118.055287"/>
      <trkpt lat="35.632000" lon="-118.054925"/>
      <trkpt lat="35.631966" lon="-118.054648"/>
      <trkpt lat="35.631977" lon="-118.054520"/>
      <trkpt lat="35.632021" lon="-118.054418"/>
      <trkpt lat="35.632084" lon="-118.054251"/>
      <trkpt lat="35.632195" lon="-118.054058"/>
      <trkpt lat="35.632280" lon="-118.053887"/>
      <trkpt lat="35.632385" lon="-118.053760"/>
      <trkpt lat="35.632511" lon="-118.053720"/>
      <trkpt lat="35.632851" lon="-118.053500"/>
      <trkpt lat="35.633100" lon="-118.053358"/>
      <trkpt lat="35.633170" lon="-118.053313"/>
      <trkpt lat="35.633279" lon="-118.053299"/>
      <trkpt lat="35.633455" lon="-118.053294"/>
      <trkpt lat="35.633715" lon="-118.053310"/>
      <trkpt lat="35.633762" lon="-118.053305"/>
      <trkpt lat="35.633821" lon="-118.053251"/>
      <trkpt lat="35.633854" lon="-118.053192"/>
      <trkpt lat="35.633871" lon="-118.053068"/>
      <trkpt lat="35.633869" lon="-118.052760"/>
      <trkpt lat="35.633885" lon="-118.052427"/>
      <trkpt lat="35.633952" lon="-118.052226"/>
      <trkpt lat="35.634089" lon="-118.051915"/>
      <trkpt lat="35.634194" lon="-118.051722"/>
      <trkpt lat="35.634207" lon="-118.051639"/>
      <trkpt lat="35.634203" lon="-118.051553"/>
      <trkpt lat="35.634118" lon="-118.051389"/>
      <trkpt lat="35.634039" lon="-118.051285"/>
      <trkpt lat="35.633975" lon="-118.051158"/>
      <trkpt lat="35.633953" lon="-118.050772"/>
      <trkpt lat="35.633965" lon="-118.050652"/>
      <trkpt lat="35.634009" lon="-118.050537"/>
      <trkpt lat="35.634020" lon="-118.050424"/>
      <trkpt lat="35.634015" lon="-118.050303"/>
      <trkpt lat="35.633983" lon="-118.050166"/>
      <trkpt lat="35.633904" lon="-118.049971"/>
      <trkpt lat="35.633791" lon="-118.049630"/>
      <trkpt lat="35.633771" lon="-118.049482"/>
      <trkpt lat="35.633782" lon="-118.049367"/>
      <trkpt lat="35.633823" lon="-118.049279"/>
      <trkpt lat="35.633843" lon="-118.049158"/>
      <trkpt lat="35.633843" lon="-118.049029"/>
      <trkpt lat="35.633858" lon="-118.048933"/>
      <trkpt lat="35.633880" lon="-118.048882"/>
      <trkpt lat="35.633921" lon="-118.048868"/>
      <trkpt lat="35.634013" lon="-118.048908"/>
      <trkpt lat="35.634116" lon="-118.048962"/>
      <trkpt lat="35.634220" lon="-118.049008"/>
      <trkpt lat="35.634447" lon="-118.049026"/>
      <trkpt lat="35.634545" lon="-118.049056"/>
      <trkpt lat="35.634700" lon="-118.049136"/>
      <trkpt lat="35.634837" lon="-118.049220"/>
      <trkpt lat="35.634968" lon="-118.049292"/>
      <trkpt lat="35.635088" lon="-118.049329"/>
      <trkpt lat="35.635275" lon="-118.049372"/>
      <trkpt lat="35.635537" lon="-118.049405"/>
      <trkpt lat="35.635788" lon="-118.049447"/>
      <trkpt lat="35.635927" lon="-118.049493"/>
      <trkpt lat="35.636128" lon="-118.049574"/>
      <trkpt lat="35.636271" lon="-118.049622"/>
      <trkpt lat="35.636452" lon="-118.049692"/>
      <trkpt lat="35.637126" lon="-118.049794"/>
      <trkpt lat="35.637804" lon="-118.049839"/>
      <trkpt lat="35.638266" lon="-118.049842"/>
      <trkpt lat="35.638347" lon="-118.049847"/>
      <trkpt lat="35.638438" lon="-118.049836"/>
      <trkpt lat="35.638491" lon="-118.049812"/>
      <trkpt lat="35.638534" lon="-118.049775"/>
      <trkpt lat="35.638580" lon="-118.049686"/>
      <trkpt lat="35.638587" lon="-118.049568"/>
      <trkpt lat="35.638577" lon="-118.048955"/>
      <trkpt lat="35.638526" lon="-118.048735"/>
      <trkpt lat="35.638473" lon="-118.048660"/>
      <trkpt lat="35.638335" lon="-118.048555"/>
      <trkpt lat="35.638308" lon="-118.048522"/>
      <trkpt lat="35.638321" lon="-118.048487"/>
      <trkpt lat="35.638540" lon="-118.048543"/>
      <trkpt lat="35.638663" lon="-118.048667"/>
      <trkpt lat="35.638737" lon="-118.048825"/>
      <trkpt lat="35.638787" lon="-118.049032"/>
      <trkpt lat="35.638833" lon="-118.049252"/>
      <trkpt lat="35.638896" lon="-118.049399"/>
      <trkpt lat="35.639003" lon="-118.049600"/>
      <trkpt lat="35.639064" lon="-118.049697"/>
      <trkpt lat="35.639195" lon="-118.049823"/>
      <trkpt lat="35.639284" lon="-118.049874"/>
      <trkpt lat="35.639402" lon="-118.049885"/>
      <trkpt lat="35.639485" lon="-118.049901"/>
      <trkpt lat="35.639755" lon="-118.050019"/>
      <trkpt lat="35.639849" lon="-118.050089"/>
      <trkpt lat="35.639942" lon="-118.050129"/>
      <trkpt lat="35.640021" lon="-118.050148"/>
      <trkpt lat="35.640106" lon="-118.050148"/>
      <trkpt lat="35.640187" lon="-118.050164"/>
      <trkpt lat="35.640273" lon="-118.050197"/>
      <trkpt lat="35.640373" lon="-118.050258"/>
      <trkpt lat="35.640496" lon="-118.050373"/>
      <trkpt lat="35.640529" lon="-118.050480"/>
      <trkpt lat="35.640651" lon="-118.050646"/>
      <trkpt lat="35.640750" lon="-118.050737"/>
      <trkpt lat="35.640806" lon="-118.050797"/>
      <trkpt lat="35.640867" lon="-118.050826"/>
      <trkpt lat="35.640939" lon="-118.050826"/>
      <trkpt lat="35.641002" lon="-118.050805"/>
      <trkpt lat="35.641050" lon="-118.050759"/>
      <trkpt lat="35.641102" lon="-118.050689"/>
      <trkpt lat="35.641320" lon="-118.050317"/>
      <trkpt lat="35.641378" lon="-118.050270"/>
      <trkpt lat="35.641457" lon="-118.050271"/>
      <trkpt lat="35.641547" lon="-118.050301"/>
      <trkpt lat="35.641656" lon="-118.050376"/>
      <trkpt lat="35.641867" lon="-118.050566"/>
      <trkpt lat="35.641967" lon="-118.050671"/>
      <trkpt lat="35.642096" lon="-118.050815"/>
      <trkpt lat="35.642180" lon="-118.050892"/>
      <trkpt lat="35.642257" lon="-118.050952"/>
      <trkpt lat="35.642337" lon="-118.050972"/>
      <trkpt lat="35.642403" lon="-118.050976"/>
      <trkpt lat="35.642502" lon="-118.050947"/>
      <trkpt lat="35.642656" lon="-118.050923"/>
      <trkpt lat="35.642903" lon="-118.051044"/>
      <trkpt lat="35.642950" lon="-118.051120"/>
      <trkpt lat="35.643027" lon="-118.051325"/>
      <trkpt lat="35.643079" lon="-118.051438"/>
      <trkpt lat="35.643101" lon="-118.051537"/>
      <trkpt lat="35.643092" lon="-118.051663"/>
      <trkpt lat="35.643051" lon="-118.051819"/>
      <trkpt lat="35.643013" lon="-118.052012"/>
      <trkpt lat="35.643013" lon="-118.052207"/>
      <trkpt lat="35.643084" lon="-118.052339"/>
      <trkpt lat="35.643140" lon="-118.052401"/>
      <trkpt lat="35.643234" lon="-118.052401"/>
      <trkpt lat="35.643417" lon="-118.052452"/>
      <trkpt lat="35.643496" lon="-118.052454"/>
      <trkpt lat="35.643550" lon="-118.052436"/>
      <trkpt lat="35.643624" lon="-118.052358"/>
      <trkpt lat="35.643751" lon="-118.052207"/>
      <trkpt lat="35.643805" lon="-118.052108"/>
      <trkpt lat="35.643914" lon="-118.051679"/>
      <trkpt lat="35.643949" lon="-118.051567"/>
      <trkpt lat="35.644008" lon="-118.051449"/>
      <trkpt lat="35.644064" lon="-118.051392"/>
      <trkpt lat="35.644145" lon="-118.051368"/>
      <trkpt lat="35.644234" lon="-118.051400"/>
      <trkpt lat="35.644326" lon="-118.051486"/>
      <trkpt lat="35.644489" lon="-118.051703"/>
      <trkpt lat="35.644568" lon="-118.051856"/>
      <trkpt lat="35.644703" lon="-118.052023"/>
      <trkpt lat="35.644827" lon="-118.052151"/>
      <trkpt lat="35.644947" lon="-118.052264"/>
      <trkpt lat="35.645012" lon="-118.052363"/>
      <trkpt lat="35.645041" lon="-118.052449"/>
      <trkpt lat="35.645023" lon="-118.052578"/>
      <trkpt lat="35.645039" lon="-118.052712"/>
      <trkpt lat="35.645078" lon="-118.052921"/>
      <trkpt lat="35.645173" lon="-118.053270"/>
      <trkpt lat="35.645290" lon="-118.053417"/>
      <trkpt lat="35.645453" lon="-118.053524"/>
      <trkpt lat="35.645595" lon="-118.053594"/>
      <trkpt lat="35.645683" lon="-118.053683"/>
      <trkpt lat="35.645723" lon="-118.053782"/>
      <trkpt lat="35.645747" lon="-118.053881"/>
      <trkpt lat="35.645747" lon="-118.054021"/>
      <trkpt lat="35.645706" lon="-118.054165"/>
      <trkpt lat="35.645684" lon="-118.054278"/>
      <trkpt lat="35.645697" lon="-118.054439"/>
      <trkpt lat="35.645769" lon="-118.054753"/>
      <trkpt lat="35.645834" lon="-118.055080"/>
      <trkpt lat="35.645952" lon="-118.055430"/>
      <trkpt lat="35.646042" lon="-118.055565"/>
      <trkpt lat="35.646177" lon="-118.055657"/>
      <trkpt lat="35.646262" lon="-118.055708"/>
      <trkpt lat="35.646318" lon="-118.055765"/>
      <trkpt lat="35.646512" lon="-118.056099"/>
      <trkpt lat="35.646587" lon="-118.056188"/>
      <trkpt lat="35.647087" lon="-118.056632"/>
      <trkpt lat="35.647292" lon="-118.056848"/>
      <trkpt lat="35.647491" lon="-118.057124"/>
      <trkpt lat="35.647539" lon="-118.057253"/>
      <trkpt lat="35.647541" lon="-118.057593"/>
      <trkpt lat="35.647548" lon="-118.057864"/>
      <trkpt lat="35.647585" lon="-118.058175"/>
      <trkpt lat="35.647639" lon="-118.058387"/>
      <trkpt lat="35.647797" lon="-118.058753"/>
      <trkpt lat="35.647911" lon="-118.058918"/>
      <trkpt lat="35.648023" lon="-118.059060"/>
      <trkpt lat="35.648140" lon="-118.059168"/>
      <trkpt lat="35.648268" lon="-118.059273"/>
      <trkpt lat="35.648382" lon="-118.059353"/>
      <trkpt lat="35.648860" lon="-118.059640"/>
      <trkpt lat="35.649165" lon="-118.059767"/>
      <trkpt lat="35.649293" lon="-118.059806"/>
      <trkpt lat="35.649385" lon="-118.059825"/>
      <trkpt lat="35.649483" lon="-118.059822"/>
      <trkpt lat="35.649572" lon="-118.059809"/>
      <trkpt lat="35.649655" lon="-118.059750"/>
      <trkpt lat="35.649771" lon="-118.059653"/>
      <trkpt lat="35.649906" lon="-118.059549"/>
      <trkpt lat="35.649969" lon="-118.059517"/>
      <trkpt lat="35.650056" lon="-118.059495"/>
      <trkpt lat="35.650141" lon="-118.059495"/>
      <trkpt lat="35.650213" lon="-118.059530"/>
      <trkpt lat="35.650745" lon="-118.059967"/>
      <trkpt lat="35.650819" lon="-118.060005"/>
      <trkpt lat="35.650921" lon="-118.060031"/>
      <trkpt lat="35.651015" lon="-118.060031"/>
      <trkpt lat="35.651107" lon="-118.060010"/>
      <trkpt lat="35.651268" lon="-118.059948"/>
      <trkpt lat="35.651737" lon="-118.059683"/>
      <trkpt lat="35.651848" lon="-118.059592"/>
      <trkpt lat="35.652044" lon="-118.059412"/>
      <trkpt lat="35.652420" lon="-118.059010"/>
      <trkpt lat="35.652497" lon="-118.059004"/>
      <trkpt lat="35.652560" lon="-118.059028"/>
      <trkpt lat="35.652746" lon="-118.059176"/>
      <trkpt lat="35.652946" lon="-118.059302"/>
      <trkpt lat="35.653428" lon="-118.059506"/>
      <trkpt lat="35.654080" lon="-118.059648"/>
      <trkpt lat="35.654199" lon="-118.059691"/>
      <trkpt lat="35.654315" lon="-118.059712"/>
      <trkpt lat="35.654448" lon="-118.059699"/>
      <trkpt lat="35.654548" lon="-118.059667"/>
      <trkpt lat="35.654661" lon="-118.059624"/>
      <trkpt lat="35.654777" lon="-118.059567"/>
      <trkpt lat="35.654903" lon="-118.059479"/>
      <trkpt lat="35.655077" lon="-118.059320"/>
      <trkpt lat="35.655217" lon="-118.059181"/>
      <trkpt lat="35.655459" lon="-118.058846"/>
      <trkpt lat="35.655655" lon="-118.058583"/>
      <trkpt lat="35.655840" lon="-118.058267"/>
      <trkpt lat="35.656041" lon="-118.058004"/>
      <trkpt lat="35.656255" lon="-118.057658"/>
      <trkpt lat="35.656518" lon="-118.057192"/>
      <trkpt lat="35.656863" lon="-118.056782"/>
      <trkpt lat="35.656939" lon="-118.056698"/>
      <trkpt lat="35.657094" lon="-118.056609"/>
      <trkpt lat="35.657174" lon="-118.056590"/>
      <trkpt lat="35.657257" lon="-118.056601"/>
      <trkpt lat="35.657331" lon="-118.056636"/>
      <trkpt lat="35.657394" lon="-118.056649"/>
      <trkpt lat="35.657475" lon="-118.056635"/>
      <trkpt lat="35.657538" lon="-118.056574"/>
      <trkpt lat="35.657614" lon="-118.056486"/>
      <trkpt lat="35.657793" lon="-118.056341"/>
      <trkpt lat="35.657970" lon="-118.056163"/>
      <trkpt lat="35.658076" lon="-118.056142"/>
      <trkpt lat="35.658297" lon="-118.056185"/>
      <trkpt lat="35.658388" lon="-118.056231"/>
      <trkpt lat="35.658423" lon="-118.056228"/>
      <trkpt lat="35.658420" lon="-118.056185"/>
      <trkpt lat="35.658340" lon="-118.056091"/>
      <trkpt lat="35.658275" lon="-118.055973"/>
      <trkpt lat="35.658194" lon="-118.055877"/>
      <trkpt lat="35.658032" lon="-118.055727"/>
      <trkpt lat="35.657907" lon="-118.055692"/>
      <trkpt lat="35.657654" lon="-118.055673"/>
      <trkpt lat="35.657488" lon="-118.055673"/>
      <trkpt lat="35.657403" lon="-118.055678"/>
      <trkpt lat="35.657370" lon="-118.055665"/>
      <trkpt lat="35.657362" lon="-118.055630"/>
      <trkpt lat="35.657431" lon="-118.055550"/>
      <trkpt lat="35.657582" lon="-118.055420"/>
      <trkpt lat="35.657660" lon="-118.055237"/>
      <trkpt lat="35.657673" lon="-118.054984"/>
      <trkpt lat="35.657658" lon="-118.054780"/>
      <trkpt lat="35.657665" lon="-118.054498"/>
      <trkpt lat="35.657697" lon="-118.054407"/>
      <trkpt lat="35.657725" lon="-118.054310"/>
      <trkpt lat="35.657730" lon="-118.054013"/>
      <trkpt lat="35.657702" lon="-118.053790"/>
      <trkpt lat="35.657717" lon="-118.053642"/>
      <trkpt lat="35.657702" lon="-118.053565"/>
      <trkpt lat="35.657671" lon="-118.053549"/>
      <trkpt lat="35.657641" lon="-118.053581"/>
      <trkpt lat="35.657621" lon="-118.053712"/>
      <trkpt lat="35.657558" lon="-118.053916"/>
      <trkpt lat="35.657423" lon="-118.054292"/>
      <trkpt lat="35.657355" lon="-118.054402"/>
      <trkpt lat="35.657302" lon="-118.054575"/>
      <trkpt lat="35.657266" lon="-118.054648"/>
      <trkpt lat="35.657216" lon="-118.054681"/>
      <trkpt lat="35.657126" lon="-118.054694"/>
      <trkpt lat="35.656969" lon="-118.054745"/>
      <trkpt lat="35.656926" lon="-118.054742"/>
      <trkpt lat="35.656886" lon="-118.054681"/>
      <trkpt lat="35.656871" lon="-118.054533"/>
      <trkpt lat="35.656828" lon="-118.054361"/>
      <trkpt lat="35.656697" lon="-118.054112"/>
      <trkpt lat="35.656625" lon="-118.054026"/>
      <trkpt lat="35.656571" lon="-118.053932"/>
      <trkpt lat="35.656501" lon="-118.053747"/>
      <trkpt lat="35.656407" lon="-118.053557"/>
      <trkpt lat="35.656292" lon="-118.053165"/>
      <trkpt lat="35.656226" lon="-118.052980"/>
      <trkpt lat="35.656126" lon="-118.052875"/>
      <trkpt lat="35.656019" lon="-118.052798"/>
      <trkpt lat="35.655932" lon="-118.052714"/>
      <trkpt lat="35.655782" lon="-118.052296"/>
      <trkpt lat="35.655751" lon="-118.052189"/>
      <trkpt lat="35.655769" lon="-118.052122"/>
      <trkpt lat="35.655806" lon="-118.052092"/>
      <trkpt lat="35.655943" lon="-118.052205"/>
      <trkpt lat="35.656030" lon="-118.052253"/>
      <trkpt lat="35.656139" lon="-118.052291"/>
      <trkpt lat="35.656265" lon="-118.052355"/>
      <trkpt lat="35.656385" lon="-118.052398"/>
      <trkpt lat="35.656492" lon="-118.052470"/>
      <trkpt lat="35.656577" lon="-118.052548"/>
      <trkpt lat="35.656612" lon="-118.052591"/>
      <trkpt lat="35.656649" lon="-118.052599"/>
      <trkpt lat="35.656660" lon="-118.052550"/>
      <trkpt lat="35.656649" lon="-118.052291"/>
      <trkpt lat="35.656632" lon="-118.052170"/>
      <trkpt lat="35.656603" lon="-118.052114"/>
      <trkpt lat="35.656602" lon="-118.052022"/>
      <trkpt lat="35.656632" lon="-118.051829"/>
      <trkpt lat="35.656658" lon="-118.051615"/>
      <trkpt lat="35.656634" lon="-118.051499"/>
      <trkpt lat="35.656553" lon="-118.051368"/>
      <trkpt lat="35.656492" lon="-118.051226"/>
      <trkpt lat="35.656457" lon="-118.051073"/>
      <trkpt lat="35.656346" lon="-118.050770"/>
      <trkpt lat="35.656174" lon="-118.050325"/>
      <trkpt lat="35.656122" lon="-118.050067"/>
      <trkpt lat="35.656050" lon="-118.049917"/>
      <trkpt lat="35.656061" lon="-118.049828"/>
      <trkpt lat="35.656041" lon="-118.049501"/>
      <trkpt lat="35.655912" lon="-118.048884"/>
      <trkpt lat="35.655830" lon="-118.048466"/>
      <trkpt lat="35.655773" lon="-118.048275"/>
      <trkpt lat="35.655777" lon="-118.048187"/>
      <trkpt lat="35.655812" lon="-118.048077"/>
      <trkpt lat="35.655834" lon="-118.047994"/>
      <trkpt lat="35.655847" lon="-118.047893"/>
      <trkpt lat="35.655840" lon="-118.047583"/>
      <trkpt lat="35.655832" lon="-118.047431"/>
      <trkpt lat="35.655727" lon="-118.046959"/>
      <trkpt lat="35.655712" lon="-118.046854"/>
      <trkpt lat="35.655716" lon="-118.046693"/>
      <trkpt lat="35.655742" lon="-118.046596"/>
      <trkpt lat="35.655769" lon="-118.046535"/>
      <trkpt lat="35.655888" lon="-118.046497"/>
      <trkpt lat="35.655995" lon="-118.046473"/>
      <trkpt lat="35.656100" lon="-118.046417"/>
      <trkpt lat="35.656143" lon="-118.046365"/>
      <trkpt lat="35.656177" lon="-118.046290"/>
      <trkpt lat="35.656222" lon="-118.046017"/>
      <trkpt lat="35.656235" lon="-118.045869"/>
      <trkpt lat="35.656272" lon="-118.045718"/>
      <trkpt lat="35.656272" lon="-118.045609"/>
      <trkpt lat="35.656207" lon="-118.045269"/>
      <trkpt lat="35.656143" lon="-118.044987"/>
      <trkpt lat="35.656123" lon="-118.044775"/>
      <trkpt lat="35.656122" lon="-118.044547"/>
      <trkpt lat="35.656137" lon="-118.044373"/>
      <trkpt lat="35.656178" lon="-118.044193"/>
      <trkpt lat="35.656217" lon="-118.044043"/>
      <trkpt lat="35.656276" lon="-118.043949"/>
      <trkpt lat="35.656424" lon="-118.043638"/>
      <trkpt lat="35.656514" lon="-118.043423"/>
      <trkpt lat="35.656564" lon="-118.043262"/>
      <trkpt lat="35.656597" lon="-118.043207"/>
      <trkpt lat="35.656721" lon="-118.043067"/>
      <trkpt lat="35.656852" lon="-118.042959"/>
      <trkpt lat="35.656978" lon="-118.042906"/>
      <trkpt lat="35.657087" lon="-118.042833"/>
      <trkpt lat="35.657127" lon="-118.042787"/>
      <trkpt lat="35.657161" lon="-118.042729"/>
      <trkpt lat="35.657198" lon="-118.042578"/>
      <trkpt lat="35.657218" lon="-118.042474"/>
      <trkpt lat="35.657252" lon="-118.042432"/>
      <trkpt lat="35.657331" lon="-118.042383"/>
      <trkpt lat="35.657505" lon="-118.042345"/>
      <trkpt lat="35.657588" lon="-118.042342"/>
      <trkpt lat="35.657717" lon="-118.042270"/>
      <trkpt lat="35.657867" lon="-118.042203"/>
      <trkpt lat="35.657872" lon="-118.042155"/>
      <trkpt lat="35.657813" lon="-118.042030"/>
      <trkpt lat="35.657645" lon="-118.041862"/>
      <trkpt lat="35.657613" lon="-118.041757"/>
      <trkpt lat="35.657556" lon="-118.041591"/>
      <trkpt lat="35.657538" lon="-118.041457"/>
      <trkpt lat="35.657551" lon="-118.041329"/>
      <trkpt lat="35.657590" lon="-118.041181"/>
      <trkpt lat="35.657685" lon="-118.040993"/>
      <trkpt lat="35.657743" lon="-118.040915"/>
      <trkpt lat="35.657887" lon="-118.040830"/>
      <trkpt lat="35.657954" lon="-118.040784"/>
      <trkpt lat="35.658066" lon="-118.040669"/>
      <trkpt lat="35.658135" lon="-118.040612"/>
      <trkpt lat="35.658231" lon="-118.040575"/>
      <trkpt lat="35.658347" lon="-118.040437"/>
      <trkpt lat="35.658364" lon="-118.040315"/>
      <trkpt lat="35.658338" lon="-118.040228"/>
      <trkpt lat="35.658275" lon="-118.040207"/>
      <trkpt lat="35.658216" lon="-118.040205"/>
      <trkpt lat="35.658177" lon="-118.040172"/>
      <trkpt lat="35.658122" lon="-118.040151"/>
      <trkpt lat="35.658070" lon="-118.040092"/>
      <trkpt lat="35.657952" lon="-118.040044"/>
      <trkpt lat="35.657903" lon="-118.039965"/>
      <trkpt lat="35.657898" lon="-118.039775"/>
      <trkpt lat="35.657915" lon="-118.039665"/>
      <trkpt lat="35.657967" lon="-118.039612"/>
      <trkpt lat="35.658046" lon="-118.039598"/>
      <trkpt lat="35.658085" lon="-118.039580"/>
      <trkpt lat="35.658102" lon="-118.039547"/>
      <trkpt lat="35.658118" lon="-118.039489"/>
      <trkpt lat="35.658155" lon="-118.039424"/>
      <trkpt lat="35.658200" lon="-118.039390"/>
      <trkpt lat="35.658273" lon="-118.039346"/>
      <trkpt lat="35.658386" lon="-118.039306"/>
      <trkpt lat="35.658493" lon="-118.039298"/>
      <trkpt lat="35.658584" lon="-118.039285"/>
      <trkpt lat="35.658639" lon="-118.039247"/>
      <trkpt lat="35.658706" lon="-118.039209"/>
      <trkpt lat="35.658812" lon="-118.039175"/>
      <trkpt lat="35.658850" lon="-118.039151"/>
      <trkpt lat="35.658869" lon="-118.039130"/>
      <trkpt lat="35.658869" lon="-118.039088"/>
      <trkpt lat="35.658850" lon="-118.039030"/>
      <trkpt lat="35.658786" lon="-118.038972"/>
      <trkpt lat="35.658720" lon="-118.038900"/>
      <trkpt lat="35.658707" lon="-118.038871"/>
      <trkpt lat="35.658705" lon="-118.038840"/>
      <trkpt lat="35.658726" lon="-118.038799"/>
      <trkpt lat="35.658793" lon="-118.038764"/>
      <trkpt lat="35.658848" lon="-118.038724"/>
      <trkpt lat="35.659027" lon="-118.038667"/>
      <trkpt lat="35.659047" lon="-118.038634"/>
      <trkpt lat="35.659071" lon="-118.038617"/>
      <trkpt lat="35.659103" lon="-118.038612"/>
      <trkpt lat="35.659256" lon="-118.038579"/>
      <trkpt lat="35.659332" lon="-118.038554"/>
      <trkpt lat="35.659387" lon="-118.038529"/>
      <trkpt lat="35.659518" lon="-118.038460"/>
      <trkpt lat="35.659558" lon="-118.038331"/>
      <trkpt lat="35.659550" lon="-118.038217"/>
      <trkpt lat="35.659543" lon="-118.038117"/>
      <trkpt lat="35.659545" lon="-118.037964"/>
      <trkpt lat="35.659562" lon="-118.037946"/>
      <trkpt lat="35.659577" lon="-118.037943"/>
      <trkpt lat="35.659604" lon="-118.037938"/>
      <trkpt lat="35.659631" lon="-118.037953"/>
      <trkpt lat="35.659680" lon="-118.038000"/>
      <trkpt lat="35.659746" lon="-118.038032"/>
      <trkpt lat="35.659802" lon="-118.038043"/>
      <trkpt lat="35.659855" lon="-118.038051"/>
      <trkpt lat="35.659999" lon="-118.038048"/>
      <trkpt lat="35.660116" lon="-118.038068"/>
      <trkpt lat="35.660263" lon="-118.038182"/>
      <trkpt lat="35.660298" lon="-118.038182"/>
      <trkpt lat="35.660318" lon="-118.038162"/>
      <trkpt lat="35.660391" lon="-118.038050"/>
      <trkpt lat="35.660473" lon="-118.037946"/>
      <trkpt lat="35.660513" lon="-118.037873"/>
      <trkpt lat="35.660585" lon="-118.037721"/>
      <trkpt lat="35.660638" lon="-118.037675"/>
      <trkpt lat="35.660681" lon="-118.037639"/>
      <trkpt lat="35.660704" lon="-118.037619"/>
      <trkpt lat="35.660742" lon="-118.037610"/>
      <trkpt lat="35.660768" lon="-118.037623"/>
      <trkpt lat="35.660795" lon="-118.037656"/>
      <trkpt lat="35.660828" lon="-118.037685"/>
      <trkpt lat="35.661271" lon="-118.037678"/>
      <trkpt lat="35.661374" lon="-118.037673"/>
      <trkpt lat="35.661427" lon="-118.037661"/>
      <trkpt lat="35.661474" lon="-118.037621"/>
      <trkpt lat="35.661505" lon="-118.037582"/>
      <trkpt lat="35.661570" lon="-118.037493"/>
      <trkpt lat="35.661667" lon="-118.037381"/>
      <trkpt lat="35.661774" lon="-118.037222"/>
      <trkpt lat="35.661846" lon="-118.037132"/>
      <trkpt lat="35.662001" lon="-118.037079"/>
      <trkpt lat="35.662103" lon="-118.037071"/>
      <trkpt lat="35.662215" lon="-118.037039"/>
      <trkpt lat="35.662287" lon="-118.037058"/>
      <trkpt lat="35.662334" lon="-118.037078"/>
      <trkpt lat="35.662409" lon="-118.037101"/>
      <trkpt lat="35.662467" lon="-118.037101"/>
      <trkpt lat="35.662513" lon="-118.037070"/>
      <trkpt lat="35.662595" lon="-118.036797"/>
      <trkpt lat="35.662687" lon="-118.036493"/>
      <trkpt lat="35.662744" lon="-118.036377"/>
      <trkpt lat="35.662784" lon="-118.036327"/>
      <trkpt lat="35.662837" lon="-118.036337"/>
      <trkpt lat="35.662923" lon="-118.036351"/>
      <trkpt lat="35.662995" lon="-118.036395"/>
      <trkpt lat="35.663040" lon="-118.036399"/>
      <trkpt lat="35.663075" lon="-118.036394"/>
      <trkpt lat="35.663096" lon="-118.036369"/>
      <trkpt lat="35.663112" lon="-118.036329"/>
      <trkpt lat="35.663145" lon="-118.036171"/>
      <trkpt lat="35.663178" lon="-118.036074"/>
      <trkpt lat="35.663446" lon="-118.035959"/>
      <trkpt lat="35.663777" lon="-118.035847"/>
      <trkpt lat="35.663905" lon="-118.035664"/>
      <trkpt lat="35.663940" lon="-118.035520"/>
      <trkpt lat="35.663948" lon="-118.035317"/>
      <trkpt lat="35.664120" lon="-118.035041"/>
      <trkpt lat="35.664145" lon="-118.034915"/>
      <trkpt lat="35.664124" lon="-118.034808"/>
      <trkpt lat="35.664149" lon="-118.034753"/>
      <trkpt lat="35.664473" lon="-118.034545"/>
      <trkpt lat="35.664558" lon="-118.034400"/>
      <trkpt lat="35.664597" lon="-118.034200"/>
      <trkpt lat="35.664573" lon="-118.033999"/>
      <trkpt lat="35.664507" lon="-118.033847"/>
      <trkpt lat="35.664496" lon="-118.033647"/>
      <trkpt lat="35.664514" lon="-118.033446"/>
      <trkpt lat="35.664629" lon="-118.033510"/>
      <trkpt lat="35.664730" lon="-118.033530"/>
      <trkpt lat="35.664807" lon="-118.033341"/>
      <trkpt lat="35.664900" lon="-118.032878"/>
      <trkpt lat="35.664925" lon="-118.032689"/>
      <trkpt lat="35.664902" lon="-118.032507"/>
      <trkpt lat="35.664705" lon="-118.031803"/>
      <trkpt lat="35.664616" lon="-118.031422"/>
      <trkpt lat="35.664584" lon="-118.031253"/>
      <trkpt lat="35.664525" lon="-118.031107"/>
      <trkpt lat="35.664410" lon="-118.030910"/>
      <trkpt lat="35.664207" lon="-118.030490"/>
      <trkpt lat="35.664102" lon="-118.030270"/>
      <trkpt lat="35.664014" lon="-118.030181"/>
      <trkpt lat="35.663919" lon="-118.030055"/>
      <trkpt lat="35.663836" lon="-118.029854"/>
      <trkpt lat="35.663584" lon="-118.029355"/>
      <trkpt lat="35.663410" lon="-118.029019"/>
      <trkpt lat="35.663265" lon="-118.028677"/>
      <trkpt lat="35.663244" lon="-118.028550"/>
      <trkpt lat="35.663237" lon="-118.028371"/>
      <trkpt lat="35.663230" lon="-118.028226"/>
      <trkpt lat="35.663205" lon="-118.028083"/>
      <trkpt lat="35.663190" lon="-118.028030"/>
      <trkpt lat="35.663075" lon="-118.027632"/>
      <trkpt lat="35.663042" lon="-118.027502"/>
      <trkpt lat="35.663027" lon="-118.027407"/>
      <trkpt lat="35.662988" lon="-118.027306"/>
      <trkpt lat="35.662930" lon="-118.027182"/>
      <trkpt lat="35.662872" lon="-118.027045"/>
      <trkpt lat="35.662890" lon="-118.027005"/>
      <trkpt lat="35.662950" lon="-118.026941"/>
    </trkseg>
  </trk>
</gpx>
