<?xml version="1.0" encoding="UTF-8"?>
<gpx version="1.1" creator="unburnt" xmlns="http://www.topografix.com/GPX/1/1">
  <metadata><name>PCT - California Section M</name><copyright author="OpenStreetMap contributors"><license>https://opendatacommons.org/licenses/odbl/</license></copyright></metadata>
  <trk><name>PCT - California Section M</name>
    <trkseg>
      <trkpt lat="39.576494" lon="-120.612670"/>
      <trkpt lat="39.576603" lon="-120.612570"/>
      <trkpt lat="39.576768" lon="-120.612451"/>
      <trkpt lat="39.576902" lon="-120.611880"/>
      <trkpt lat="39.577147" lon="-120.611110"/>
      <trkpt lat="39.577227" lon="-120.610968"/>
      <trkpt lat="39.577258" lon="-120.610949"/>
      <trkpt lat="39.577276" lon="-120.611094"/>
      <trkpt lat="39.577282" lon="-120.611351"/>
      <trkpt lat="39.577315" lon="-120.611456"/>
      <trkpt lat="39.577353" lon="-120.611488"/>
      <trkpt lat="39.577415" lon="-120.611421"/>
      <trkpt lat="39.577493" lon="-120.611255"/>
      <trkpt lat="39.577557" lon="-120.611062"/>
      <trkpt lat="39.577563" lon="-120.610866"/>
      <trkpt lat="39.577876" lon="-120.610190"/>
      <trkpt lat="39.577969" lon="-120.609967"/>
      <trkpt lat="39.578099" lon="-120.609801"/>
      <trkpt lat="39.578244" lon="-120.609678"/>
      <trkpt lat="39.578378" lon="-120.609509"/>
      <trkpt lat="39.578667" lon="-120.609192"/>
      <trkpt lat="39.578911" lon="-120.609064"/>
      <trkpt lat="39.579149" lon="-120.608956"/>
      <trkpt lat="39.579372" lon="-120.608870"/>
      <trkpt lat="39.579401" lon="-120.608892"/>
      <trkpt lat="39.579290" lon="-120.608999"/>
      <trkpt lat="39.579141" lon="-120.609155"/>
      <trkpt lat="39.579025" lon="-120.609300"/>
      <trkpt lat="39.579054" lon="-120.609332"/>
      <trkpt lat="39.579170" lon="-120.609278"/>
      <trkpt lat="39.579275" lon="-120.609243"/>
      <trkpt lat="39.579375" lon="-120.609200"/>
      <trkpt lat="39.579848" lon="-120.609168"/>
      <trkpt lat="39.580267" lon="-120.609192"/>
      <trkpt lat="39.580288" lon="-120.609227"/>
      <trkpt lat="39.580000" lon="-120.609347"/>
      <trkpt lat="39.579951" lon="-120.609375"/>
      <trkpt lat="39.579951" lon="-120.609409"/>
      <trkpt lat="39.580009" lon="-120.609455"/>
      <trkpt lat="39.580205" lon="-120.609469"/>
      <trkpt lat="39.580731" lon="-120.609613"/>
      <trkpt lat="39.580884" lon="-120.609756"/>
      <trkpt lat="39.581105" lon="-120.609828"/>
      <trkpt lat="39.581291" lon="-120.609986"/>
      <trkpt lat="39.581361" lon="-120.609986"/>
      <trkpt lat="39.581419" lon="-120.610032"/>
      <trkpt lat="39.581295" lon="-120.610032"/>
      <trkpt lat="39.581347" lon="-120.610077"/>
      <trkpt lat="39.581431" lon="-120.610091"/>
      <trkpt lat="39.581765" lon="-120.610267"/>
      <trkpt lat="39.582042" lon="-120.610345"/>
      <trkpt lat="39.582539" lon="-120.610359"/>
      <trkpt lat="39.582623" lon="-120.610373"/>
      <trkpt lat="39.582579" lon="-120.610456"/>
      <trkpt lat="39.582442" lon="-120.610501"/>
      <trkpt lat="39.582258" lon="-120.610579"/>
      <trkpt lat="39.582262" lon="-120.610630"/>
      <trkpt lat="39.582769" lon="-120.610590"/>
      <trkpt lat="39.582887" lon="-120.610547"/>
      <trkpt lat="39.583122" lon="-120.610686"/>
      <trkpt lat="39.583260" lon="-120.610730"/>
      <trkpt lat="39.583643" lon="-120.610780"/>
      <trkpt lat="39.583763" lon="-120.610898"/>
      <trkpt lat="39.583931" lon="-120.610960"/>
      <trkpt lat="39.584121" lon="-120.611019"/>
      <trkpt lat="39.584507" lon="-120.611129"/>
      <trkpt lat="39.584795" lon="-120.611150"/>
      <trkpt lat="39.585080" lon="-120.611223"/>
      <trkpt lat="39.585245" lon="-120.611274"/>
      <trkpt lat="39.585359" lon="-120.611274"/>
      <trkpt lat="39.585502" lon="-120.611258"/>
      <trkpt lat="39.585646" lon="-120.611268"/>
      <trkpt lat="39.585763" lon="-120.611285"/>
      <trkpt lat="39.586078" lon="-120.611598"/>
      <trkpt lat="39.586326" lon="-120.611735"/>
      <trkpt lat="39.586450" lon="-120.611743"/>
      <trkpt lat="39.586508" lon="-120.611794"/>
      <trkpt lat="39.586425" lon="-120.611838"/>
      <trkpt lat="39.586446" lon="-120.611869"/>
      <trkpt lat="39.586703" lon="-120.611901"/>
      <trkpt lat="39.586709" lon="-120.611942"/>
      <trkpt lat="39.586608" lon="-120.611966"/>
      <trkpt lat="39.586453" lon="-120.611982"/>
      <trkpt lat="39.586459" lon="-120.612038"/>
      <trkpt lat="39.586541" lon="-120.612038"/>
      <trkpt lat="39.586632" lon="-120.612078"/>
      <trkpt lat="39.586930" lon="-120.612226"/>
      <trkpt lat="39.587122" lon="-120.612363"/>
      <trkpt lat="39.587438" lon="-120.612553"/>
      <trkpt lat="39.588023" lon="-120.613044"/>
      <trkpt lat="39.588104" lon="-120.613197"/>
      <trkpt lat="39.588195" lon="-120.613476"/>
      <trkpt lat="39.588162" lon="-120.613503"/>
      <trkpt lat="39.588096" lon="-120.613406"/>
      <trkpt lat="39.588030" lon="-120.613291"/>
      <trkpt lat="39.587906" lon="-120.613175"/>
      <trkpt lat="39.587585" lon="-120.613030"/>
      <trkpt lat="39.587468" lon="-120.612921"/>
      <trkpt lat="39.587452" lon="-120.612942"/>
      <trkpt lat="39.587554" lon="-120.613189"/>
      <trkpt lat="39.587755" lon="-120.613511"/>
      <trkpt lat="39.587918" lon="-120.614020"/>
      <trkpt lat="39.588009" lon="-120.614170"/>
      <trkpt lat="39.588125" lon="-120.614251"/>
      <trkpt lat="39.588015" lon="-120.614257"/>
      <trkpt lat="39.587916" lon="-120.614219"/>
      <trkpt lat="39.587773" lon="-120.614031"/>
      <trkpt lat="39.587556" lon="-120.613851"/>
      <trkpt lat="39.587350" lon="-120.613715"/>
      <trkpt lat="39.587207" lon="-120.613637"/>
      <trkpt lat="39.587128" lon="-120.613524"/>
      <trkpt lat="39.586988" lon="-120.613482"/>
      <trkpt lat="39.586806" lon="-120.613406"/>
      <trkpt lat="39.586632" lon="-120.613393"/>
      <trkpt lat="39.586623" lon="-120.613437"/>
      <trkpt lat="39.586734" lon="-120.613513"/>
      <trkpt lat="39.586815" lon="-120.613618"/>
      <trkpt lat="39.586909" lon="-120.613731"/>
      <trkpt lat="39.587184" lon="-120.614098"/>
      <trkpt lat="39.587372" lon="-120.614433"/>
      <trkpt lat="39.587515" lon="-120.614743"/>
      <trkpt lat="39.587660" lon="-120.614994"/>
      <trkpt lat="39.587933" lon="-120.615541"/>
      <trkpt lat="39.588026" lon="-120.615659"/>
      <trkpt lat="39.587990" lon="-120.615680"/>
      <trkpt lat="39.587881" lon="-120.615622"/>
      <trkpt lat="39.587713" lon="-120.615436"/>
      <trkpt lat="39.587523" lon="-120.615246"/>
      <trkpt lat="39.587340" lon="-120.614997"/>
      <trkpt lat="39.587130" lon="-120.614742"/>
      <trkpt lat="39.586796" lon="-120.614452"/>
      <trkpt lat="39.586746" lon="-120.614436"/>
      <trkpt lat="39.586961" lon="-120.614838"/>
      <trkpt lat="39.587197" lon="-120.615343"/>
      <trkpt lat="39.587370" lon="-120.615867"/>
      <trkpt lat="39.587420" lon="-120.616072"/>
      <trkpt lat="39.587507" lon="-120.616319"/>
      <trkpt lat="39.587651" lon="-120.616563"/>
      <trkpt lat="39.587786" lon="-120.616780"/>
      <trkpt lat="39.587924" lon="-120.616936"/>
      <trkpt lat="39.588063" lon="-120.617062"/>
      <trkpt lat="39.588127" lon="-120.617072"/>
      <trkpt lat="39.588181" lon="-120.617124"/>
      <trkpt lat="39.588145" lon="-120.617180"/>
      <trkpt lat="39.588028" lon="-120.617180"/>
      <trkpt lat="39.587922" lon="-120.617115"/>
      <trkpt lat="39.587755" lon="-120.617059"/>
      <trkpt lat="39.587509" lon="-120.616888"/>
      <trkpt lat="39.587383" lon="-120.616812"/>
      <trkpt lat="39.587252" lon="-120.616692"/>
      <trkpt lat="39.587153" lon="-120.616614"/>
      <trkpt lat="39.587038" lon="-120.616445"/>
      <trkpt lat="39.586680" lon="-120.615847"/>
      <trkpt lat="39.586593" lon="-120.615723"/>
      <trkpt lat="39.586298" lon="-120.615418"/>
      <trkpt lat="39.586169" lon="-120.615343"/>
      <trkpt lat="39.586045" lon="-120.615257"/>
      <trkpt lat="39.585878" lon="-120.615208"/>
      <trkpt lat="39.585504" lon="-120.615139"/>
      <trkpt lat="39.585450" lon="-120.615125"/>
      <trkpt lat="39.585448" lon="-120.615157"/>
      <trkpt lat="39.585539" lon="-120.615251"/>
      <trkpt lat="39.585672" lon="-120.615335"/>
      <trkpt lat="39.586155" lon="-120.615892"/>
      <trkpt lat="39.586229" lon="-120.616021"/>
      <trkpt lat="39.586300" lon="-120.616233"/>
      <trkpt lat="39.586376" lon="-120.616534"/>
      <trkpt lat="39.586434" lon="-120.616847"/>
      <trkpt lat="39.586523" lon="-120.617051"/>
      <trkpt lat="39.586498" lon="-120.617115"/>
      <trkpt lat="39.586446" lon="-120.617051"/>
      <trkpt lat="39.586300" lon="-120.616611"/>
      <trkpt lat="39.586207" lon="-120.616493"/>
      <trkpt lat="39.586339" lon="-120.617040"/>
      <trkpt lat="39.586481" lon="-120.617384"/>
      <trkpt lat="39.586880" lon="-120.617732"/>
      <trkpt lat="39.587066" lon="-120.617942"/>
      <trkpt lat="39.587374" lon="-120.618400"/>
      <trkpt lat="39.587271" lon="-120.618349"/>
      <trkpt lat="39.587103" lon="-120.618163"/>
      <trkpt lat="39.586787" lon="-120.617861"/>
      <trkpt lat="39.586427" lon="-120.617667"/>
      <trkpt lat="39.586285" lon="-120.617580"/>
      <trkpt lat="39.586159" lon="-120.617470"/>
      <trkpt lat="39.586066" lon="-120.617322"/>
      <trkpt lat="39.585996" lon="-120.617153"/>
      <trkpt lat="39.586008" lon="-120.617303"/>
      <trkpt lat="39.586037" lon="-120.617529"/>
      <trkpt lat="39.586107" lon="-120.617689"/>
      <trkpt lat="39.586198" lon="-120.617818"/>
      <trkpt lat="39.586545" lon="-120.618191"/>
      <trkpt lat="39.586742" lon="-120.618468"/>
      <trkpt lat="39.587050" lon="-120.619173"/>
      <trkpt lat="39.587126" lon="-120.619213"/>
      <trkpt lat="39.587265" lon="-120.619478"/>
      <trkpt lat="39.587263" lon="-120.619548"/>
      <trkpt lat="39.587091" lon="-120.619344"/>
      <trkpt lat="39.586897" lon="-120.619210"/>
      <trkpt lat="39.586566" lon="-120.618837"/>
      <trkpt lat="39.586419" lon="-120.618685"/>
      <trkpt lat="39.586233" lon="-120.618599"/>
      <trkpt lat="39.586054" lon="-120.618505"/>
      <trkpt lat="39.585851" lon="-120.618304"/>
      <trkpt lat="39.585487" lon="-120.618094"/>
      <trkpt lat="39.585299" lon="-120.617877"/>
      <trkpt lat="39.584960" lon="-120.617413"/>
      <trkpt lat="39.584865" lon="-120.617365"/>
      <trkpt lat="39.584824" lon="-120.617370"/>
      <trkpt lat="39.584910" lon="-120.617496"/>
      <trkpt lat="39.584979" lon="-120.617834"/>
      <trkpt lat="39.585088" lon="-120.618220"/>
      <trkpt lat="39.585369" lon="-120.618719"/>
      <trkpt lat="39.585442" lon="-120.618916"/>
      <trkpt lat="39.585501" lon="-120.619005"/>
      <trkpt lat="39.585456" lon="-120.619006"/>
      <trkpt lat="39.585405" lon="-120.619020"/>
      <trkpt lat="39.585258" lon="-120.618980"/>
      <trkpt lat="39.585136" lon="-120.618961"/>
      <trkpt lat="39.585027" lon="-120.618902"/>
      <trkpt lat="39.584650" lon="-120.618598"/>
      <trkpt lat="39.584561" lon="-120.618451"/>
      <trkpt lat="39.584536" lon="-120.618320"/>
      <trkpt lat="39.584532" lon="-120.618272"/>
      <trkpt lat="39.584493" lon="-120.618274"/>
      <trkpt lat="39.584480" lon="-120.618341"/>
      <trkpt lat="39.584458" lon="-120.618690"/>
      <trkpt lat="39.584402" lon="-120.618792"/>
      <trkpt lat="39.584013" lon="-120.619407"/>
      <trkpt lat="39.583898" lon="-120.619532"/>
      <trkpt lat="39.583792" lon="-120.619615"/>
      <trkpt lat="39.583711" lon="-120.619720"/>
      <trkpt lat="39.583668" lon="-120.619787"/>
      <trkpt lat="39.583594" lon="-120.620251"/>
      <trkpt lat="39.583517" lon="-120.620638"/>
      <trkpt lat="39.583523" lon="-120.620922"/>
      <trkpt lat="39.583484" lon="-120.621262"/>
      <trkpt lat="39.583412" lon="-120.621546"/>
      <trkpt lat="39.583360" lon="-120.621729"/>
      <trkpt lat="39.583303" lon="-120.621857"/>
      <trkpt lat="39.583222" lon="-120.621984"/>
      <trkpt lat="39.582560" lon="-120.622805"/>
      <trkpt lat="39.582370" lon="-120.622955"/>
      <trkpt lat="39.582296" lon="-120.623067"/>
      <trkpt lat="39.582087" lon="-120.623295"/>
      <trkpt lat="39.581700" lon="-120.623765"/>
      <trkpt lat="39.581580" lon="-120.623857"/>
      <trkpt lat="39.581302" lon="-120.624253"/>
      <trkpt lat="39.580980" lon="-120.624607"/>
      <trkpt lat="39.580840" lon="-120.624856"/>
      <trkpt lat="39.580728" lon="-120.624942"/>
      <trkpt lat="39.580683" lon="-120.625108"/>
      <trkpt lat="39.580415" lon="-120.625547"/>
      <trkpt lat="39.580356" lon="-120.625656"/>
      <trkpt lat="39.580340" lon="-120.625817"/>
      <trkpt lat="39.580175" lon="-120.626090"/>
      <trkpt lat="39.580001" lon="-120.626426"/>
      <trkpt lat="39.579806" lon="-120.626707"/>
      <trkpt lat="39.579685" lon="-120.627038"/>
      <trkpt lat="39.579412" lon="-120.627382"/>
      <trkpt lat="39.579254" lon="-120.627625"/>
      <trkpt lat="39.579028" lon="-120.627972"/>
      <trkpt lat="39.578901" lon="-120.628239"/>
      <trkpt lat="39.578711" lon="-120.628617"/>
      <trkpt lat="39.578628" lon="-120.628864"/>
      <trkpt lat="39.578525" lon="-120.629035"/>
      <trkpt lat="39.578512" lon="-120.629191"/>
      <trkpt lat="39.578467" lon="-120.629373"/>
      <trkpt lat="39.578206" lon="-120.629864"/>
      <trkpt lat="39.578188" lon="-120.629941"/>
      <trkpt lat="39.578172" lon="-120.630177"/>
      <trkpt lat="39.578176" lon="-120.630254"/>
      <trkpt lat="39.578282" lon="-120.630450"/>
      <trkpt lat="39.578356" lon="-120.630725"/>
      <trkpt lat="39.578468" lon="-120.630902"/>
      <trkpt lat="39.578742" lon="-120.631798"/>
      <trkpt lat="39.578781" lon="-120.631974"/>
      <trkpt lat="39.578847" lon="-120.632141"/>
      <trkpt lat="39.578938" lon="-120.632322"/>
      <trkpt lat="39.579036" lon="-120.632746"/>
      <trkpt lat="39.579221" lon="-120.633308"/>
      <trkpt lat="39.579372" lon="-120.634032"/>
      <trkpt lat="39.579360" lon="-120.634153"/>
      <trkpt lat="39.579347" lon="-120.634184"/>
      <trkpt lat="39.579250" lon="-120.634353"/>
      <trkpt lat="39.579155" lon="-120.634459"/>
      <trkpt lat="39.579064" lon="-120.634539"/>
      <trkpt lat="39.578865" lon="-120.634672"/>
      <trkpt lat="39.578814" lon="-120.634740"/>
      <trkpt lat="39.578779" lon="-120.634845"/>
      <trkpt lat="39.578624" lon="-120.635360"/>
      <trkpt lat="39.578570" lon="-120.635604"/>
      <trkpt lat="39.578566" lon="-120.635864"/>
      <trkpt lat="39.578539" lon="-120.636025"/>
      <trkpt lat="39.578490" lon="-120.636100"/>
      <trkpt lat="39.578397" lon="-120.636218"/>
      <trkpt lat="39.578250" lon="-120.636339"/>
      <trkpt lat="39.577980" lon="-120.636617"/>
      <trkpt lat="39.577752" lon="-120.636988"/>
      <trkpt lat="39.577642" lon="-120.637155"/>
      <trkpt lat="39.577550" lon="-120.637400"/>
      <trkpt lat="39.577497" lon="-120.637769"/>
      <trkpt lat="39.577385" lon="-120.638087"/>
      <trkpt lat="39.577375" lon="-120.638196"/>
      <trkpt lat="39.577403" lon="-120.638254"/>
      <trkpt lat="39.577476" lon="-120.638324"/>
      <trkpt lat="39.577546" lon="-120.638331"/>
      <trkpt lat="39.577616" lon="-120.638232"/>
      <trkpt lat="39.577625" lon="-120.638069"/>
      <trkpt lat="39.577668" lon="-120.637997"/>
      <trkpt lat="39.577697" lon="-120.638169"/>
      <trkpt lat="39.577828" lon="-120.638257"/>
      <trkpt lat="39.577936" lon="-120.638377"/>
      <trkpt lat="39.578059" lon="-120.638463"/>
      <trkpt lat="39.578215" lon="-120.638568"/>
      <trkpt lat="39.578661" lon="-120.638847"/>
      <trkpt lat="39.578790" lon="-120.638937"/>
      <trkpt lat="39.579062" lon="-120.639112"/>
      <trkpt lat="39.579385" lon="-120.639247"/>
      <trkpt lat="39.579595" lon="-120.639311"/>
      <trkpt lat="39.579666" lon="-120.639301"/>
      <trkpt lat="39.579734" lon="-120.639263"/>
      <trkpt lat="39.579653" lon="-120.639227"/>
      <trkpt lat="39.579447" lon="-120.639102"/>
      <trkpt lat="39.579242" lon="-120.638871"/>
      <trkpt lat="39.579265" lon="-120.638827"/>
      <trkpt lat="39.579563" lon="-120.638955"/>
      <trkpt lat="39.579602" lon="-120.638957"/>
      <trkpt lat="39.579186" lon="-120.638535"/>
      <trkpt lat="39.579223" lon="-120.638515"/>
      <trkpt lat="39.579647" lon="-120.638747"/>
      <trkpt lat="39.579745" lon="-120.638762"/>
      <trkpt lat="39.580050" lon="-120.638654"/>
      <trkpt lat="39.580377" lon="-120.638679"/>
      <trkpt lat="39.580609" lon="-120.638981"/>
      <trkpt lat="39.581137" lon="-120.639323"/>
      <trkpt lat="39.581222" lon="-120.639592"/>
      <trkpt lat="39.581405" lon="-120.639870"/>
      <trkpt lat="39.582014" lon="-120.640555"/>
      <trkpt lat="39.582076" lon="-120.640698"/>
      <trkpt lat="39.582224" lon="-120.640902"/>
      <trkpt lat="39.582360" lon="-120.641001"/>
      <trkpt lat="39.582481" lon="-120.641074"/>
      <trkpt lat="39.582616" lon="-120.641333"/>
      <trkpt lat="39.582680" lon="-120.641435"/>
      <trkpt lat="39.582748" lon="-120.641513"/>
      <trkpt lat="39.582814" lon="-120.641564"/>
      <trkpt lat="39.582918" lon="-120.641607"/>
      <trkpt lat="39.582937" lon="-120.641895"/>
      <trkpt lat="39.582971" lon="-120.642033"/>
      <trkpt lat="39.583029" lon="-120.642183"/>
      <trkpt lat="39.583087" lon="-120.642272"/>
      <trkpt lat="39.583073" lon="-120.642334"/>
      <trkpt lat="39.583051" lon="-120.642519"/>
      <trkpt lat="39.582947" lon="-120.642749"/>
      <trkpt lat="39.582854" lon="-120.642870"/>
      <trkpt lat="39.582779" lon="-120.642929"/>
      <trkpt lat="39.582657" lon="-120.642921"/>
      <trkpt lat="39.582620" lon="-120.642934"/>
      <trkpt lat="39.582577" lon="-120.643026"/>
      <trkpt lat="39.582517" lon="-120.643112"/>
      <trkpt lat="39.582378" lon="-120.643256"/>
      <trkpt lat="39.582310" lon="-120.643288"/>
      <trkpt lat="39.582252" lon="-120.643350"/>
      <trkpt lat="39.582203" lon="-120.643417"/>
      <trkpt lat="39.582119" lon="-120.643495"/>
      <trkpt lat="39.582070" lon="-120.643584"/>
      <trkpt lat="39.582037" lon="-120.643664"/>
      <trkpt lat="39.582012" lon="-120.643871"/>
      <trkpt lat="39.582000" lon="-120.644080"/>
      <trkpt lat="39.582004" lon="-120.644230"/>
      <trkpt lat="39.581985" lon="-120.644302"/>
      <trkpt lat="39.581936" lon="-120.644412"/>
      <trkpt lat="39.581766" lon="-120.644879"/>
      <trkpt lat="39.581748" lon="-120.645070"/>
      <trkpt lat="39.581781" lon="-120.645448"/>
      <trkpt lat="39.581803" lon="-120.645578"/>
      <trkpt lat="39.581938" lon="-120.645917"/>
      <trkpt lat="39.582100" lon="-120.646228"/>
      <trkpt lat="39.582225" lon="-120.646378"/>
      <trkpt lat="39.582407" lon="-120.646639"/>
      <trkpt lat="39.582544" lon="-120.646805"/>
      <trkpt lat="39.582620" lon="-120.646864"/>
      <trkpt lat="39.582762" lon="-120.647052"/>
      <trkpt lat="39.582891" lon="-120.647172"/>
      <trkpt lat="39.583295" lon="-120.647584"/>
      <trkpt lat="39.583582" lon="-120.647831"/>
      <trkpt lat="39.583676" lon="-120.647899"/>
      <trkpt lat="39.583980" lon="-120.648138"/>
      <trkpt lat="39.584335" lon="-120.648309"/>
      <trkpt lat="39.584656" lon="-120.648438"/>
      <trkpt lat="39.584948" lon="-120.648531"/>
      <trkpt lat="39.584934" lon="-120.648489"/>
      <trkpt lat="39.584795" lon="-120.648415"/>
      <trkpt lat="39.584492" lon="-120.648172"/>
      <trkpt lat="39.584232" lon="-120.647933"/>
      <trkpt lat="39.583711" lon="-120.647200"/>
      <trkpt lat="39.583554" lon="-120.646899"/>
      <trkpt lat="39.583603" lon="-120.646898"/>
      <trkpt lat="39.583950" lon="-120.647242"/>
      <trkpt lat="39.584307" lon="-120.647475"/>
      <trkpt lat="39.584689" lon="-120.647675"/>
      <trkpt lat="39.585345" lon="-120.647846"/>
      <trkpt lat="39.585632" lon="-120.647851"/>
      <trkpt lat="39.585712" lon="-120.647878"/>
      <trkpt lat="39.585810" lon="-120.647969"/>
      <trkpt lat="39.586000" lon="-120.648123"/>
      <trkpt lat="39.586166" lon="-120.648264"/>
      <trkpt lat="39.586258" lon="-120.648297"/>
      <trkpt lat="39.586399" lon="-120.648387"/>
      <trkpt lat="39.586624" lon="-120.648481"/>
      <trkpt lat="39.586686" lon="-120.648476"/>
      <trkpt lat="39.586790" lon="-120.648449"/>
      <trkpt lat="39.586856" lon="-120.648446"/>
      <trkpt lat="39.586892" lon="-120.648468"/>
      <trkpt lat="39.586920" lon="-120.648484"/>
      <trkpt lat="39.587257" lon="-120.648838"/>
      <trkpt lat="39.587617" lon="-120.649558"/>
      <trkpt lat="39.587705" lon="-120.649680"/>
      <trkpt lat="39.587802" lon="-120.649753"/>
      <trkpt lat="39.587867" lon="-120.649838"/>
      <trkpt lat="39.587883" lon="-120.649942"/>
      <trkpt lat="39.587906" lon="-120.650142"/>
      <trkpt lat="39.587918" lon="-120.650206"/>
      <trkpt lat="39.587933" lon="-120.650249"/>
      <trkpt lat="39.587922" lon="-120.650316"/>
      <trkpt lat="39.587904" lon="-120.650364"/>
      <trkpt lat="39.587897" lon="-120.650474"/>
      <trkpt lat="39.587897" lon="-120.650608"/>
      <trkpt lat="39.587906" lon="-120.650710"/>
      <trkpt lat="39.587939" lon="-120.650801"/>
      <trkpt lat="39.587955" lon="-120.650882"/>
      <trkpt lat="39.587930" lon="-120.651024"/>
      <trkpt lat="39.587860" lon="-120.651126"/>
      <trkpt lat="39.587786" lon="-120.651185"/>
      <trkpt lat="39.587583" lon="-120.651287"/>
      <trkpt lat="39.587486" lon="-120.651375"/>
      <trkpt lat="39.587368" lon="-120.651496"/>
      <trkpt lat="39.587310" lon="-120.651582"/>
      <trkpt lat="39.587186" lon="-120.651673"/>
      <trkpt lat="39.587002" lon="-120.651772"/>
      <trkpt lat="39.586955" lon="-120.651826"/>
      <trkpt lat="39.586888" lon="-120.651837"/>
      <trkpt lat="39.586876" lon="-120.651888"/>
      <trkpt lat="39.586878" lon="-120.652084"/>
      <trkpt lat="39.586843" lon="-120.652255"/>
      <trkpt lat="39.586853" lon="-120.652395"/>
      <trkpt lat="39.586853" lon="-120.652556"/>
      <trkpt lat="39.586897" lon="-120.652899"/>
      <trkpt lat="39.586924" lon="-120.653001"/>
      <trkpt lat="39.586973" lon="-120.653108"/>
      <trkpt lat="39.587015" lon="-120.653215"/>
      <trkpt lat="39.587079" lon="-120.653537"/>
      <trkpt lat="39.587100" lon="-120.653674"/>
      <trkpt lat="39.587110" lon="-120.653827"/>
      <trkpt lat="39.587114" lon="-120.653972"/>
      <trkpt lat="39.587097" lon="-120.654119"/>
      <trkpt lat="39.587004" lon="-120.654583"/>
      <trkpt lat="39.586940" lon="-120.654787"/>
      <trkpt lat="39.586893" lon="-120.654967"/>
      <trkpt lat="39.586877" lon="-120.655087"/>
      <trkpt lat="39.586884" lon="-120.655141"/>
      <trkpt lat="39.586901" lon="-120.655184"/>
      <trkpt lat="39.587007" lon="-120.655235"/>
      <trkpt lat="39.587077" lon="-120.655263"/>
      <trkpt lat="39.587135" lon="-120.655318"/>
      <trkpt lat="39.587234" lon="-120.655455"/>
      <trkpt lat="39.587257" lon="-120.655492"/>
      <trkpt lat="39.587250" lon="-120.655624"/>
      <trkpt lat="39.587250" lon="-120.655734"/>
      <trkpt lat="39.587257" lon="-120.655828"/>
      <trkpt lat="39.587288" lon="-120.655882"/>
      <trkpt lat="39.587391" lon="-120.655991"/>
      <trkpt lat="39.587408" lon="-120.656047"/>
      <trkpt lat="39.587405" lon="-120.656104"/>
      <trkpt lat="39.587397" lon="-120.656135"/>
      <trkpt lat="39.587385" lon="-120.656179"/>
      <trkpt lat="39.587312" lon="-120.656340"/>
      <trkpt lat="39.587288" lon="-120.656423"/>
      <trkpt lat="39.587283" lon="-120.656525"/>
      <trkpt lat="39.587288" lon="-120.656614"/>
      <trkpt lat="39.587306" lon="-120.656718"/>
      <trkpt lat="39.587333" lon="-120.656826"/>
      <trkpt lat="39.587370" lon="-120.656903"/>
      <trkpt lat="39.587443" lon="-120.657019"/>
      <trkpt lat="39.587687" lon="-120.657268"/>
      <trkpt lat="39.587767" lon="-120.657362"/>
      <trkpt lat="39.587819" lon="-120.657472"/>
      <trkpt lat="39.587856" lon="-120.657542"/>
      <trkpt lat="39.587937" lon="-120.657644"/>
      <trkpt lat="39.588017" lon="-120.657853"/>
      <trkpt lat="39.588069" lon="-120.658003"/>
      <trkpt lat="39.588187" lon="-120.658462"/>
      <trkpt lat="39.588226" lon="-120.658572"/>
      <trkpt lat="39.588232" lon="-120.658679"/>
      <trkpt lat="39.588230" lon="-120.658794"/>
      <trkpt lat="39.588243" lon="-120.658885"/>
      <trkpt lat="39.588278" lon="-120.658998"/>
      <trkpt lat="39.588307" lon="-120.659148"/>
      <trkpt lat="39.588311" lon="-120.659258"/>
      <trkpt lat="39.588307" lon="-120.659403"/>
      <trkpt lat="39.588278" lon="-120.659596"/>
      <trkpt lat="39.588247" lon="-120.659918"/>
      <trkpt lat="39.588255" lon="-120.660055"/>
      <trkpt lat="39.588278" lon="-120.660235"/>
      <trkpt lat="39.588307" lon="-120.660353"/>
      <trkpt lat="39.588466" lon="-120.660787"/>
      <trkpt lat="39.588538" lon="-120.661018"/>
      <trkpt lat="39.588718" lon="-120.661675"/>
      <trkpt lat="39.588784" lon="-120.661750"/>
      <trkpt lat="39.588830" lon="-120.661820"/>
      <trkpt lat="39.588879" lon="-120.661844"/>
      <trkpt lat="39.588927" lon="-120.661849"/>
      <trkpt lat="39.589104" lon="-120.661852"/>
      <trkpt lat="39.589253" lon="-120.661876"/>
      <trkpt lat="39.589423" lon="-120.661930"/>
      <trkpt lat="39.589770" lon="-120.661991"/>
      <trkpt lat="39.590072" lon="-120.662008"/>
      <trkpt lat="39.590254" lon="-120.661989"/>
      <trkpt lat="39.590530" lon="-120.661975"/>
      <trkpt lat="39.590698" lon="-120.661967"/>
      <trkpt lat="39.590950" lon="-120.661967"/>
      <trkpt lat="39.591095" lon="-120.661984"/>
      <trkpt lat="39.591234" lon="-120.662064"/>
      <trkpt lat="39.591467" lon="-120.662130"/>
      <trkpt lat="39.591606" lon="-120.662126"/>
      <trkpt lat="39.591795" lon="-120.662127"/>
      <trkpt lat="39.592102" lon="-120.662281"/>
      <trkpt lat="39.592186" lon="-120.662289"/>
      <trkpt lat="39.592275" lon="-120.662346"/>
      <trkpt lat="39.592358" lon="-120.662472"/>
      <trkpt lat="39.592525" lon="-120.662697"/>
      <trkpt lat="39.592678" lon="-120.662783"/>
      <trkpt lat="39.593162" lon="-120.662799"/>
      <trkpt lat="39.593278" lon="-120.662839"/>
      <trkpt lat="39.593402" lon="-120.662944"/>
      <trkpt lat="39.593532" lon="-120.662987"/>
      <trkpt lat="39.593699" lon="-120.663097"/>
      <trkpt lat="39.593885" lon="-120.663142"/>
      <trkpt lat="39.594016" lon="-120.663201"/>
      <trkpt lat="39.594164" lon="-120.663252"/>
      <trkpt lat="39.594330" lon="-120.663263"/>
      <trkpt lat="39.594569" lon="-120.663327"/>
      <trkpt lat="39.594871" lon="-120.663362"/>
      <trkpt lat="39.595002" lon="-120.663410"/>
      <trkpt lat="39.595179" lon="-120.663483"/>
      <trkpt lat="39.595425" lon="-120.663563"/>
      <trkpt lat="39.595675" lon="-120.663582"/>
      <trkpt lat="39.595805" lon="-120.663585"/>
      <trkpt lat="39.595975" lon="-120.663641"/>
      <trkpt lat="39.596258" lon="-120.663657"/>
      <trkpt lat="39.596628" lon="-120.663743"/>
      <trkpt lat="39.596950" lon="-120.663942"/>
      <trkpt lat="39.597327" lon="-120.664151"/>
      <trkpt lat="39.597703" lon="-120.664381"/>
      <trkpt lat="39.597980" lon="-120.664467"/>
      <trkpt lat="39.598360" lon="-120.664639"/>
      <trkpt lat="39.598587" lon="-120.664671"/>
      <trkpt lat="39.598827" lon="-120.664662"/>
      <trkpt lat="39.598996" lon="-120.664564"/>
      <trkpt lat="39.599360" lon="-120.664301"/>
      <trkpt lat="39.599422" lon="-120.664161"/>
      <trkpt lat="39.599459" lon="-120.663695"/>
      <trkpt lat="39.599533" lon="-120.663422"/>
      <trkpt lat="39.599629" lon="-120.663196"/>
      <trkpt lat="39.599727" lon="-120.662981"/>
      <trkpt lat="39.599827" lon="-120.662842"/>
      <trkpt lat="39.600158" lon="-120.662552"/>
      <trkpt lat="39.600323" lon="-120.662450"/>
      <trkpt lat="39.600489" lon="-120.662380"/>
      <trkpt lat="39.600836" lon="-120.662300"/>
      <trkpt lat="39.601051" lon="-120.662267"/>
      <trkpt lat="39.601460" lon="-120.662160"/>
      <trkpt lat="39.601671" lon="-120.662085"/>
      <trkpt lat="39.601726" lon="-120.662016"/>
      <trkpt lat="39.601751" lon="-120.661952"/>
      <trkpt lat="39.601748" lon="-120.661884"/>
    </trkseg>
    <trkseg>
      <trkpt lat="39.608763" lon="-120.656689"/>
      <trkpt lat="39.608728" lon="-120.656772"/>
      <trkpt lat="39.608738" lon="-120.656890"/>
      <trkpt lat="39.608691" lon="-120.657067"/>
      <trkpt lat="39.608627" lon="-120.657263"/>
      <trkpt lat="39.608561" lon="-120.657403"/>
      <trkpt lat="39.608470" lon="-120.657545"/>
      <trkpt lat="39.608410" lon="-120.657598"/>
      <trkpt lat="39.608342" lon="-120.657670"/>
      <trkpt lat="39.608236" lon="-120.657778"/>
      <trkpt lat="39.608282" lon="-120.657791"/>
      <trkpt lat="39.608478" lon="-120.657732"/>
      <trkpt lat="39.608590" lon="-120.657713"/>
      <trkpt lat="39.608697" lon="-120.657668"/>
      <trkpt lat="39.608792" lon="-120.657657"/>
      <trkpt lat="39.608871" lon="-120.657617"/>
      <trkpt lat="39.608930" lon="-120.657603"/>
      <trkpt lat="39.609052" lon="-120.657475"/>
      <trkpt lat="39.609218" lon="-120.657430"/>
      <trkpt lat="39.609261" lon="-120.657425"/>
      <trkpt lat="39.609304" lon="-120.657437"/>
      <trkpt lat="39.609317" lon="-120.657462"/>
      <trkpt lat="39.609306" lon="-120.657486"/>
      <trkpt lat="39.609121" lon="-120.657605"/>
      <trkpt lat="39.609035" lon="-120.657683"/>
      <trkpt lat="39.608984" lon="-120.657716"/>
      <trkpt lat="39.608939" lon="-120.657797"/>
      <trkpt lat="39.608807" lon="-120.657941"/>
      <trkpt lat="39.608747" lon="-120.658025"/>
      <trkpt lat="39.608757" lon="-120.658046"/>
      <trkpt lat="39.608822" lon="-120.658023"/>
      <trkpt lat="39.608872" lon="-120.657996"/>
      <trkpt lat="39.608926" lon="-120.657974"/>
      <trkpt lat="39.608976" lon="-120.657982"/>
      <trkpt lat="39.609053" lon="-120.657955"/>
      <trkpt lat="39.609106" lon="-120.657982"/>
      <trkpt lat="39.609178" lon="-120.657976"/>
      <trkpt lat="39.609263" lon="-120.657915"/>
      <trkpt lat="39.609344" lon="-120.657845"/>
      <trkpt lat="39.609412" lon="-120.657823"/>
      <trkpt lat="39.609728" lon="-120.657829"/>
      <trkpt lat="39.609829" lon="-120.657848"/>
      <trkpt lat="39.609922" lon="-120.657834"/>
      <trkpt lat="39.610007" lon="-120.657781"/>
      <trkpt lat="39.610081" lon="-120.657778"/>
      <trkpt lat="39.610212" lon="-120.657748"/>
      <trkpt lat="39.610342" lon="-120.657799"/>
      <trkpt lat="39.610391" lon="-120.657877"/>
      <trkpt lat="39.610433" lon="-120.657998"/>
      <trkpt lat="39.610439" lon="-120.658135"/>
      <trkpt lat="39.610433" lon="-120.658298"/>
      <trkpt lat="39.610441" lon="-120.658403"/>
      <trkpt lat="39.610489" lon="-120.658502"/>
      <trkpt lat="39.610600" lon="-120.658682"/>
      <trkpt lat="39.610681" lon="-120.658824"/>
      <trkpt lat="39.610790" lon="-120.659041"/>
      <trkpt lat="39.610815" lon="-120.659148"/>
      <trkpt lat="39.610827" lon="-120.659317"/>
      <trkpt lat="39.610738" lon="-120.659661"/>
      <trkpt lat="39.610716" lon="-120.659784"/>
      <trkpt lat="39.610706" lon="-120.660039"/>
      <trkpt lat="39.610679" lon="-120.660109"/>
      <trkpt lat="39.610635" lon="-120.660087"/>
      <trkpt lat="39.610606" lon="-120.659988"/>
      <trkpt lat="39.610569" lon="-120.659913"/>
      <trkpt lat="39.610517" lon="-120.659741"/>
      <trkpt lat="39.610497" lon="-120.659658"/>
      <trkpt lat="39.610491" lon="-120.659580"/>
      <trkpt lat="39.610505" lon="-120.659468"/>
      <trkpt lat="39.610505" lon="-120.659277"/>
      <trkpt lat="39.610394" lon="-120.659047"/>
      <trkpt lat="39.610371" lon="-120.658990"/>
      <trkpt lat="39.610367" lon="-120.658934"/>
      <trkpt lat="39.610313" lon="-120.658794"/>
      <trkpt lat="39.610272" lon="-120.658722"/>
      <trkpt lat="39.610224" lon="-120.658663"/>
      <trkpt lat="39.610050" lon="-120.658580"/>
      <trkpt lat="39.609982" lon="-120.658529"/>
      <trkpt lat="39.609914" lon="-120.658494"/>
      <trkpt lat="39.609842" lon="-120.658475"/>
      <trkpt lat="39.609792" lon="-120.658483"/>
      <trkpt lat="39.609788" lon="-120.658529"/>
      <trkpt lat="39.609838" lon="-120.658566"/>
      <trkpt lat="39.609933" lon="-120.658658"/>
      <trkpt lat="39.610081" lon="-120.658818"/>
      <trkpt lat="39.610121" lon="-120.658891"/>
      <trkpt lat="39.610143" lon="-120.658990"/>
      <trkpt lat="39.610154" lon="-120.659065"/>
      <trkpt lat="39.610143" lon="-120.659183"/>
      <trkpt lat="39.610094" lon="-120.659344"/>
      <trkpt lat="39.610036" lon="-120.659510"/>
      <trkpt lat="39.609958" lon="-120.659669"/>
      <trkpt lat="39.609922" lon="-120.659666"/>
      <trkpt lat="39.609945" lon="-120.659502"/>
      <trkpt lat="39.609945" lon="-120.659232"/>
      <trkpt lat="39.609931" lon="-120.659175"/>
      <trkpt lat="39.609885" lon="-120.659154"/>
      <trkpt lat="39.609848" lon="-120.659165"/>
      <trkpt lat="39.609858" lon="-120.659258"/>
      <trkpt lat="39.609790" lon="-120.659519"/>
      <trkpt lat="39.609765" lon="-120.659655"/>
      <trkpt lat="39.609710" lon="-120.659771"/>
      <trkpt lat="39.609608" lon="-120.659953"/>
      <trkpt lat="39.609546" lon="-120.660133"/>
      <trkpt lat="39.609305" lon="-120.660514"/>
      <trkpt lat="39.609226" lon="-120.660675"/>
      <trkpt lat="39.609205" lon="-120.660771"/>
      <trkpt lat="39.609152" lon="-120.660798"/>
      <trkpt lat="39.609137" lon="-120.660760"/>
      <trkpt lat="39.609143" lon="-120.660669"/>
      <trkpt lat="39.609296" lon="-120.660318"/>
      <trkpt lat="39.609319" lon="-120.660149"/>
      <trkpt lat="39.609358" lon="-120.659993"/>
      <trkpt lat="39.609391" lon="-120.659891"/>
      <trkpt lat="39.609437" lon="-120.659688"/>
      <trkpt lat="39.609459" lon="-120.659567"/>
      <trkpt lat="39.609431" lon="-120.659529"/>
      <trkpt lat="39.609358" lon="-120.659575"/>
      <trkpt lat="39.609300" lon="-120.659658"/>
      <trkpt lat="39.609230" lon="-120.659792"/>
      <trkpt lat="39.609088" lon="-120.660168"/>
      <trkpt lat="39.609011" lon="-120.660307"/>
      <trkpt lat="39.608920" lon="-120.660406"/>
      <trkpt lat="39.608480" lon="-120.660656"/>
      <trkpt lat="39.608083" lon="-120.660929"/>
      <trkpt lat="39.607951" lon="-120.661005"/>
      <trkpt lat="39.607786" lon="-120.661034"/>
      <trkpt lat="39.607645" lon="-120.661018"/>
      <trkpt lat="39.607482" lon="-120.660954"/>
      <trkpt lat="39.607325" lon="-120.660905"/>
      <trkpt lat="39.607052" lon="-120.660937"/>
      <trkpt lat="39.606936" lon="-120.660991"/>
      <trkpt lat="39.606738" lon="-120.660996"/>
      <trkpt lat="39.606618" lon="-120.661005"/>
      <trkpt lat="39.606513" lon="-120.660994"/>
      <trkpt lat="39.606366" lon="-120.660956"/>
      <trkpt lat="39.606263" lon="-120.660919"/>
      <trkpt lat="39.606203" lon="-120.660841"/>
      <trkpt lat="39.606147" lon="-120.660779"/>
      <trkpt lat="39.606085" lon="-120.660755"/>
      <trkpt lat="39.605969" lon="-120.660750"/>
      <trkpt lat="39.605905" lon="-120.660763"/>
      <trkpt lat="39.605841" lon="-120.660785"/>
      <trkpt lat="39.605783" lon="-120.660862"/>
      <trkpt lat="39.605686" lon="-120.660980"/>
      <trkpt lat="39.605645" lon="-120.661061"/>
      <trkpt lat="39.605614" lon="-120.661136"/>
      <trkpt lat="39.605647" lon="-120.661144"/>
      <trkpt lat="39.605688" lon="-120.661109"/>
      <trkpt lat="39.605727" lon="-120.661045"/>
      <trkpt lat="39.605814" lon="-120.661012"/>
      <trkpt lat="39.605847" lon="-120.660975"/>
      <trkpt lat="39.605901" lon="-120.660975"/>
      <trkpt lat="39.605736" lon="-120.661224"/>
      <trkpt lat="39.605593" lon="-120.661359"/>
      <trkpt lat="39.605494" lon="-120.661377"/>
      <trkpt lat="39.605416" lon="-120.661441"/>
      <trkpt lat="39.605331" lon="-120.661487"/>
      <trkpt lat="39.605242" lon="-120.661490"/>
      <trkpt lat="39.605145" lon="-120.661519"/>
      <trkpt lat="39.605017" lon="-120.661511"/>
      <trkpt lat="39.604913" lon="-120.661485"/>
      <trkpt lat="39.604777" lon="-120.661485"/>
      <trkpt lat="39.604720" lon="-120.661458"/>
      <trkpt lat="39.604475" lon="-120.661364"/>
      <trkpt lat="39.604353" lon="-120.661345"/>
      <trkpt lat="39.603987" lon="-120.661340"/>
      <trkpt lat="39.603973" lon="-120.661380"/>
      <trkpt lat="39.604041" lon="-120.661426"/>
      <trkpt lat="39.604163" lon="-120.661482"/>
      <trkpt lat="39.604269" lon="-120.661509"/>
      <trkpt lat="39.604332" lon="-120.661544"/>
      <trkpt lat="39.604411" lon="-120.661546"/>
      <trkpt lat="39.604469" lon="-120.661616"/>
      <trkpt lat="39.604510" lon="-120.661635"/>
      <trkpt lat="39.604583" lon="-120.661646"/>
      <trkpt lat="39.604626" lon="-120.661675"/>
      <trkpt lat="39.604682" lon="-120.661680"/>
      <trkpt lat="39.604733" lon="-120.661721"/>
      <trkpt lat="39.604814" lon="-120.661750"/>
      <trkpt lat="39.604913" lon="-120.661806"/>
      <trkpt lat="39.604975" lon="-120.661806"/>
      <trkpt lat="39.605070" lon="-120.661855"/>
      <trkpt lat="39.605201" lon="-120.661876"/>
      <trkpt lat="39.605298" lon="-120.661884"/>
      <trkpt lat="39.605374" lon="-120.661922"/>
      <trkpt lat="39.605451" lon="-120.661922"/>
      <trkpt lat="39.605552" lon="-120.661903"/>
      <trkpt lat="39.605628" lon="-120.661927"/>
      <trkpt lat="39.605709" lon="-120.661919"/>
      <trkpt lat="39.605783" lon="-120.661892"/>
      <trkpt lat="39.605845" lon="-120.661892"/>
      <trkpt lat="39.605967" lon="-120.661906"/>
      <trkpt lat="39.606009" lon="-120.661922"/>
      <trkpt lat="39.606002" lon="-120.661970"/>
      <trkpt lat="39.605831" lon="-120.662035"/>
      <trkpt lat="39.605767" lon="-120.662067"/>
      <trkpt lat="39.605715" lon="-120.662123"/>
      <trkpt lat="39.605659" lon="-120.662174"/>
      <trkpt lat="39.605601" lon="-120.662187"/>
      <trkpt lat="39.605475" lon="-120.662171"/>
      <trkpt lat="39.605393" lon="-120.662220"/>
      <trkpt lat="39.605124" lon="-120.662238"/>
      <trkpt lat="39.605027" lon="-120.662220"/>
      <trkpt lat="39.604961" lon="-120.662220"/>
      <trkpt lat="39.604893" lon="-120.662185"/>
      <trkpt lat="39.604748" lon="-120.662187"/>
      <trkpt lat="39.604696" lon="-120.662153"/>
      <trkpt lat="39.604647" lon="-120.662144"/>
      <trkpt lat="39.604611" lon="-120.662166"/>
      <trkpt lat="39.604490" lon="-120.662177"/>
      <trkpt lat="39.604368" lon="-120.662126"/>
      <trkpt lat="39.604258" lon="-120.662110"/>
      <trkpt lat="39.604175" lon="-120.662059"/>
      <trkpt lat="39.603969" lon="-120.661887"/>
      <trkpt lat="39.603717" lon="-120.661764"/>
      <trkpt lat="39.603469" lon="-120.661683"/>
      <trkpt lat="39.603241" lon="-120.661662"/>
      <trkpt lat="39.602950" lon="-120.661538"/>
      <trkpt lat="39.602783" lon="-120.661474"/>
      <trkpt lat="39.602642" lon="-120.661450"/>
      <trkpt lat="39.602551" lon="-120.661377"/>
      <trkpt lat="39.602373" lon="-120.661350"/>
      <trkpt lat="39.602216" lon="-120.661345"/>
      <trkpt lat="39.601923" lon="-120.661362"/>
      <trkpt lat="39.601727" lon="-120.661328"/>
      <trkpt lat="39.601567" lon="-120.661286"/>
      <trkpt lat="39.601283" lon="-120.661289"/>
      <trkpt lat="39.600713" lon="-120.661130"/>
      <trkpt lat="39.600658" lon="-120.661130"/>
      <trkpt lat="39.600687" lon="-120.661175"/>
      <trkpt lat="39.601001" lon="-120.661377"/>
      <trkpt lat="39.601125" lon="-120.661447"/>
      <trkpt lat="39.601543" lon="-120.661586"/>
      <trkpt lat="39.601642" lon="-120.661642"/>
      <trkpt lat="39.601735" lon="-120.661749"/>
      <trkpt lat="39.601749" lon="-120.661818"/>
      <trkpt lat="39.601748" lon="-120.661884"/>
    </trkseg>
    <trkseg>
      <trkpt lat="39.624367" lon="-120.651008"/>
      <trkpt lat="39.624268" lon="-120.650986"/>
      <trkpt lat="39.624148" lon="-120.651008"/>
      <trkpt lat="39.624125" lon="-120.651080"/>
      <trkpt lat="39.624076" lon="-120.651115"/>
      <trkpt lat="39.624007" lon="-120.651105"/>
      <trkpt lat="39.623863" lon="-120.651105"/>
      <trkpt lat="39.623728" lon="-120.651043"/>
      <trkpt lat="39.623656" lon="-120.651027"/>
      <trkpt lat="39.623569" lon="-120.651075"/>
      <trkpt lat="39.623487" lon="-120.651083"/>
      <trkpt lat="39.623437" lon="-120.651040"/>
      <trkpt lat="39.623317" lon="-120.650952"/>
      <trkpt lat="39.623260" lon="-120.650922"/>
      <trkpt lat="39.623167" lon="-120.650895"/>
      <trkpt lat="39.623020" lon="-120.650876"/>
      <trkpt lat="39.622939" lon="-120.650895"/>
      <trkpt lat="39.622993" lon="-120.650968"/>
      <trkpt lat="39.623084" lon="-120.651011"/>
      <trkpt lat="39.623175" lon="-120.651137"/>
      <trkpt lat="39.623431" lon="-120.651515"/>
      <trkpt lat="39.623516" lon="-120.651619"/>
      <trkpt lat="39.623623" lon="-120.651689"/>
      <trkpt lat="39.623638" lon="-120.651732"/>
      <trkpt lat="39.623576" lon="-120.651751"/>
      <trkpt lat="39.623524" lon="-120.651727"/>
      <trkpt lat="39.623460" lon="-120.651673"/>
      <trkpt lat="39.623319" lon="-120.651571"/>
      <trkpt lat="39.623245" lon="-120.651547"/>
      <trkpt lat="39.623100" lon="-120.651421"/>
      <trkpt lat="39.623007" lon="-120.651370"/>
      <trkpt lat="39.622704" lon="-120.651370"/>
      <trkpt lat="39.622650" lon="-120.651359"/>
      <trkpt lat="39.622602" lon="-120.651375"/>
      <trkpt lat="39.622561" lon="-120.651346"/>
      <trkpt lat="39.622491" lon="-120.651308"/>
      <trkpt lat="39.622336" lon="-120.651257"/>
      <trkpt lat="39.622212" lon="-120.651249"/>
      <trkpt lat="39.622142" lon="-120.651225"/>
      <trkpt lat="39.622084" lon="-120.651158"/>
      <trkpt lat="39.622026" lon="-120.651129"/>
      <trkpt lat="39.621962" lon="-120.651123"/>
      <trkpt lat="39.621904" lon="-120.651105"/>
      <trkpt lat="39.621737" lon="-120.651107"/>
      <trkpt lat="39.621667" lon="-120.651061"/>
      <trkpt lat="39.621648" lon="-120.651011"/>
      <trkpt lat="39.621650" lon="-120.650941"/>
      <trkpt lat="39.621753" lon="-120.650587"/>
      <trkpt lat="39.621766" lon="-120.650439"/>
      <trkpt lat="39.621764" lon="-120.650351"/>
      <trkpt lat="39.621776" lon="-120.650262"/>
      <trkpt lat="39.621801" lon="-120.650155"/>
      <trkpt lat="39.621900" lon="-120.649973"/>
      <trkpt lat="39.621900" lon="-120.649924"/>
      <trkpt lat="39.621882" lon="-120.649922"/>
      <trkpt lat="39.621828" lon="-120.649994"/>
      <trkpt lat="39.621739" lon="-120.650152"/>
      <trkpt lat="39.621667" lon="-120.650297"/>
      <trkpt lat="39.621660" lon="-120.650410"/>
      <trkpt lat="39.621613" lon="-120.650496"/>
      <trkpt lat="39.621526" lon="-120.650630"/>
      <trkpt lat="39.621349" lon="-120.650868"/>
      <trkpt lat="39.621255" lon="-120.650957"/>
      <trkpt lat="39.621131" lon="-120.651003"/>
      <trkpt lat="39.621043" lon="-120.651054"/>
      <trkpt lat="39.620987" lon="-120.651115"/>
      <trkpt lat="39.620954" lon="-120.651190"/>
      <trkpt lat="39.620948" lon="-120.651257"/>
      <trkpt lat="39.620966" lon="-120.651316"/>
      <trkpt lat="39.621012" lon="-120.651386"/>
      <trkpt lat="39.621024" lon="-120.651442"/>
      <trkpt lat="39.620958" lon="-120.651512"/>
      <trkpt lat="39.620915" lon="-120.651593"/>
      <trkpt lat="39.620871" lon="-120.651611"/>
      <trkpt lat="39.620840" lon="-120.651595"/>
      <trkpt lat="39.620832" lon="-120.651558"/>
      <trkpt lat="39.620807" lon="-120.651539"/>
      <trkpt lat="39.620772" lon="-120.651563"/>
      <trkpt lat="39.620725" lon="-120.651633"/>
      <trkpt lat="39.620656" lon="-120.651764"/>
      <trkpt lat="39.620615" lon="-120.651791"/>
      <trkpt lat="39.620576" lon="-120.651772"/>
      <trkpt lat="39.620549" lon="-120.651729"/>
      <trkpt lat="39.620512" lon="-120.651619"/>
      <trkpt lat="39.620495" lon="-120.651483"/>
      <trkpt lat="39.620464" lon="-120.651324"/>
      <trkpt lat="39.620450" lon="-120.651123"/>
      <trkpt lat="39.620477" lon="-120.651016"/>
      <trkpt lat="39.620530" lon="-120.650960"/>
      <trkpt lat="39.620603" lon="-120.650927"/>
      <trkpt lat="39.620720" lon="-120.650691"/>
      <trkpt lat="39.620791" lon="-120.650517"/>
      <trkpt lat="39.620830" lon="-120.650383"/>
      <trkpt lat="39.620801" lon="-120.650383"/>
      <trkpt lat="39.620743" lon="-120.650445"/>
      <trkpt lat="39.620652" lon="-120.650506"/>
      <trkpt lat="39.620559" lon="-120.650587"/>
      <trkpt lat="39.620472" lon="-120.650640"/>
      <trkpt lat="39.620396" lon="-120.650670"/>
      <trkpt lat="39.620272" lon="-120.650740"/>
      <trkpt lat="39.620193" lon="-120.650799"/>
      <trkpt lat="39.620163" lon="-120.650839"/>
      <trkpt lat="39.620148" lon="-120.650917"/>
      <trkpt lat="39.620152" lon="-120.650973"/>
      <trkpt lat="39.620123" lon="-120.651029"/>
      <trkpt lat="39.620067" lon="-120.651080"/>
      <trkpt lat="39.619981" lon="-120.651115"/>
      <trkpt lat="39.619882" lon="-120.651201"/>
      <trkpt lat="39.619733" lon="-120.651343"/>
      <trkpt lat="39.619623" lon="-120.651426"/>
      <trkpt lat="39.619464" lon="-120.651563"/>
      <trkpt lat="39.619367" lon="-120.651617"/>
      <trkpt lat="39.619305" lon="-120.651622"/>
      <trkpt lat="39.619278" lon="-120.651598"/>
      <trkpt lat="39.619278" lon="-120.651550"/>
      <trkpt lat="39.619297" lon="-120.651491"/>
      <trkpt lat="39.619375" lon="-120.651416"/>
      <trkpt lat="39.619439" lon="-120.651306"/>
      <trkpt lat="39.619421" lon="-120.651263"/>
      <trkpt lat="39.619278" lon="-120.651290"/>
      <trkpt lat="39.619210" lon="-120.651287"/>
      <trkpt lat="39.619082" lon="-120.651319"/>
      <trkpt lat="39.618989" lon="-120.651367"/>
      <trkpt lat="39.618929" lon="-120.651410"/>
      <trkpt lat="39.618836" lon="-120.651432"/>
      <trkpt lat="39.618776" lon="-120.651504"/>
      <trkpt lat="39.618727" lon="-120.651515"/>
      <trkpt lat="39.618671" lon="-120.651475"/>
      <trkpt lat="39.618566" lon="-120.651416"/>
      <trkpt lat="39.618388" lon="-120.651571"/>
      <trkpt lat="39.618241" lon="-120.651665"/>
      <trkpt lat="39.618111" lon="-120.651780"/>
      <trkpt lat="39.618026" lon="-120.651839"/>
      <trkpt lat="39.617966" lon="-120.651847"/>
      <trkpt lat="39.617871" lon="-120.651842"/>
      <trkpt lat="39.617797" lon="-120.651855"/>
      <trkpt lat="39.617743" lon="-120.651915"/>
      <trkpt lat="39.617660" lon="-120.652022"/>
      <trkpt lat="39.617619" lon="-120.652156"/>
      <trkpt lat="39.617609" lon="-120.652236"/>
      <trkpt lat="39.617588" lon="-120.652309"/>
      <trkpt lat="39.617534" lon="-120.652392"/>
      <trkpt lat="39.617413" lon="-120.652625"/>
      <trkpt lat="39.617361" lon="-120.652668"/>
      <trkpt lat="39.616939" lon="-120.652719"/>
      <trkpt lat="39.616849" lon="-120.652749"/>
      <trkpt lat="39.616677" lon="-120.652754"/>
      <trkpt lat="39.616545" lon="-120.652789"/>
      <trkpt lat="39.616522" lon="-120.652808"/>
      <trkpt lat="39.616462" lon="-120.652834"/>
      <trkpt lat="39.616388" lon="-120.652805"/>
      <trkpt lat="39.616349" lon="-120.652738"/>
      <trkpt lat="39.616299" lon="-120.652722"/>
      <trkpt lat="39.616231" lon="-120.652778"/>
      <trkpt lat="39.616189" lon="-120.652794"/>
      <trkpt lat="39.616167" lon="-120.652829"/>
      <trkpt lat="39.616177" lon="-120.652864"/>
      <trkpt lat="39.616214" lon="-120.652880"/>
      <trkpt lat="39.616227" lon="-120.652952"/>
      <trkpt lat="39.616212" lon="-120.653033"/>
      <trkpt lat="39.616169" lon="-120.653076"/>
      <trkpt lat="39.615946" lon="-120.653084"/>
      <trkpt lat="39.615892" lon="-120.653097"/>
      <trkpt lat="39.615834" lon="-120.653073"/>
      <trkpt lat="39.615822" lon="-120.653036"/>
      <trkpt lat="39.615836" lon="-120.652928"/>
      <trkpt lat="39.615822" lon="-120.652872"/>
      <trkpt lat="39.615776" lon="-120.652789"/>
      <trkpt lat="39.615780" lon="-120.652665"/>
      <trkpt lat="39.615817" lon="-120.652585"/>
      <trkpt lat="39.615820" lon="-120.652505"/>
      <trkpt lat="39.615799" lon="-120.652419"/>
      <trkpt lat="39.615807" lon="-120.652352"/>
      <trkpt lat="39.615772" lon="-120.652333"/>
      <trkpt lat="39.615755" lon="-120.652387"/>
      <trkpt lat="39.615731" lon="-120.652443"/>
      <trkpt lat="39.615696" lon="-120.652539"/>
      <trkpt lat="39.615644" lon="-120.652625"/>
      <trkpt lat="39.615578" lon="-120.652658"/>
      <trkpt lat="39.615487" lon="-120.652738"/>
      <trkpt lat="39.615361" lon="-120.652818"/>
      <trkpt lat="39.615220" lon="-120.652877"/>
      <trkpt lat="39.615065" lon="-120.652912"/>
      <trkpt lat="39.614995" lon="-120.652947"/>
      <trkpt lat="39.614933" lon="-120.652993"/>
      <trkpt lat="39.614888" lon="-120.652950"/>
      <trkpt lat="39.614890" lon="-120.652885"/>
      <trkpt lat="39.615012" lon="-120.652826"/>
      <trkpt lat="39.615156" lon="-120.652770"/>
      <trkpt lat="39.615272" lon="-120.652649"/>
      <trkpt lat="39.615336" lon="-120.652556"/>
      <trkpt lat="39.615363" lon="-120.652451"/>
      <trkpt lat="39.615462" lon="-120.652269"/>
      <trkpt lat="39.615541" lon="-120.652177"/>
      <trkpt lat="39.615619" lon="-120.652145"/>
      <trkpt lat="39.615638" lon="-120.652142"/>
      <trkpt lat="39.615629" lon="-120.652105"/>
      <trkpt lat="39.615586" lon="-120.652102"/>
      <trkpt lat="39.615491" lon="-120.652108"/>
      <trkpt lat="39.615386" lon="-120.652172"/>
      <trkpt lat="39.615307" lon="-120.652266"/>
      <trkpt lat="39.615243" lon="-120.652352"/>
      <trkpt lat="39.615138" lon="-120.652464"/>
      <trkpt lat="39.614941" lon="-120.652531"/>
      <trkpt lat="39.614817" lon="-120.652593"/>
      <trkpt lat="39.614669" lon="-120.652660"/>
      <trkpt lat="39.614503" lon="-120.652668"/>
      <trkpt lat="39.614361" lon="-120.652711"/>
      <trkpt lat="39.614307" lon="-120.652759"/>
      <trkpt lat="39.614264" lon="-120.652805"/>
      <trkpt lat="39.614249" lon="-120.652869"/>
      <trkpt lat="39.614255" lon="-120.652947"/>
      <trkpt lat="39.614251" lon="-120.653009"/>
      <trkpt lat="39.614222" lon="-120.653057"/>
      <trkpt lat="39.614142" lon="-120.653079"/>
      <trkpt lat="39.614080" lon="-120.653076"/>
      <trkpt lat="39.614038" lon="-120.653038"/>
      <trkpt lat="39.613979" lon="-120.652958"/>
      <trkpt lat="39.613939" lon="-120.652915"/>
      <trkpt lat="39.613877" lon="-120.652901"/>
      <trkpt lat="39.613838" lon="-120.652931"/>
      <trkpt lat="39.613760" lon="-120.653076"/>
      <trkpt lat="39.613704" lon="-120.653162"/>
      <trkpt lat="39.613644" lon="-120.653164"/>
      <trkpt lat="39.613615" lon="-120.653138"/>
      <trkpt lat="39.613607" lon="-120.653073"/>
      <trkpt lat="39.613602" lon="-120.652977"/>
      <trkpt lat="39.613545" lon="-120.652888"/>
      <trkpt lat="39.613491" lon="-120.652867"/>
      <trkpt lat="39.613454" lon="-120.652877"/>
      <trkpt lat="39.613390" lon="-120.652947"/>
      <trkpt lat="39.613326" lon="-120.653065"/>
      <trkpt lat="39.613332" lon="-120.653156"/>
      <trkpt lat="39.613367" lon="-120.653237"/>
      <trkpt lat="39.613385" lon="-120.653317"/>
      <trkpt lat="39.613377" lon="-120.653387"/>
      <trkpt lat="39.613342" lon="-120.653449"/>
      <trkpt lat="39.613253" lon="-120.653526"/>
      <trkpt lat="39.613166" lon="-120.653580"/>
      <trkpt lat="39.612980" lon="-120.653577"/>
      <trkpt lat="39.612954" lon="-120.653599"/>
      <trkpt lat="39.612921" lon="-120.653650"/>
      <trkpt lat="39.612892" lon="-120.653771"/>
      <trkpt lat="39.612879" lon="-120.653843"/>
      <trkpt lat="39.612801" lon="-120.653894"/>
      <trkpt lat="39.612747" lon="-120.653948"/>
      <trkpt lat="39.612611" lon="-120.654122"/>
      <trkpt lat="39.612544" lon="-120.654176"/>
      <trkpt lat="39.612468" lon="-120.654178"/>
      <trkpt lat="39.612325" lon="-120.654146"/>
      <trkpt lat="39.612173" lon="-120.654205"/>
      <trkpt lat="39.612040" lon="-120.654312"/>
      <trkpt lat="39.611923" lon="-120.654447"/>
      <trkpt lat="39.611790" lon="-120.654538"/>
      <trkpt lat="39.611666" lon="-120.654575"/>
      <trkpt lat="39.611493" lon="-120.654594"/>
      <trkpt lat="39.611389" lon="-120.654621"/>
      <trkpt lat="39.611286" lon="-120.654632"/>
      <trkpt lat="39.611247" lon="-120.654532"/>
      <trkpt lat="39.611177" lon="-120.654430"/>
      <trkpt lat="39.611090" lon="-120.654420"/>
      <trkpt lat="39.610962" lon="-120.654447"/>
      <trkpt lat="39.610873" lon="-120.654412"/>
      <trkpt lat="39.610803" lon="-120.654355"/>
      <trkpt lat="39.610763" lon="-120.654334"/>
      <trkpt lat="39.610718" lon="-120.654323"/>
      <trkpt lat="39.610672" lon="-120.654350"/>
      <trkpt lat="39.610408" lon="-120.654387"/>
      <trkpt lat="39.610278" lon="-120.654393"/>
      <trkpt lat="39.610187" lon="-120.654377"/>
      <trkpt lat="39.610061" lon="-120.654326"/>
      <trkpt lat="39.609838" lon="-120.654331"/>
      <trkpt lat="39.609753" lon="-120.654355"/>
      <trkpt lat="39.609596" lon="-120.654505"/>
      <trkpt lat="39.609532" lon="-120.654535"/>
      <trkpt lat="39.609459" lon="-120.654599"/>
      <trkpt lat="39.609389" lon="-120.654731"/>
      <trkpt lat="39.609338" lon="-120.654876"/>
      <trkpt lat="39.609222" lon="-120.655165"/>
      <trkpt lat="39.609127" lon="-120.655447"/>
      <trkpt lat="39.609081" lon="-120.655535"/>
      <trkpt lat="39.609013" lon="-120.655581"/>
      <trkpt lat="39.608767" lon="-120.655653"/>
      <trkpt lat="39.608716" lon="-120.655702"/>
      <trkpt lat="39.608707" lon="-120.655758"/>
      <trkpt lat="39.608726" lon="-120.655825"/>
      <trkpt lat="39.608755" lon="-120.655986"/>
      <trkpt lat="39.608800" lon="-120.656126"/>
      <trkpt lat="39.608854" lon="-120.656254"/>
      <trkpt lat="39.608825" lon="-120.656351"/>
      <trkpt lat="39.608763" lon="-120.656464"/>
      <trkpt lat="39.608742" lon="-120.656549"/>
      <trkpt lat="39.608763" lon="-120.656689"/>
    </trkseg>
    <trkseg>
      <trkpt lat="39.624367" lon="-120.651008"/>
      <trkpt lat="39.624403" lon="-120.650984"/>
      <trkpt lat="39.624498" lon="-120.650871"/>
      <trkpt lat="39.624579" lon="-120.650704"/>
      <trkpt lat="39.624649" lon="-120.650496"/>
      <trkpt lat="39.624739" lon="-120.650252"/>
    </trkseg>
    <trkseg>
      <trkpt lat="39.649052" lon="-120.668870"/>
      <trkpt lat="39.648980" lon="-120.668893"/>
      <trkpt lat="39.648938" lon="-120.668905"/>
      <trkpt lat="39.648911" lon="-120.668899"/>
      <trkpt lat="39.648892" lon="-120.668883"/>
      <trkpt lat="39.648902" lon="-120.668854"/>
      <trkpt lat="39.648973" lon="-120.668759"/>
      <trkpt lat="39.649006" lon="-120.668663"/>
      <trkpt lat="39.649022" lon="-120.668476"/>
      <trkpt lat="39.649063" lon="-120.668335"/>
      <trkpt lat="39.649244" lon="-120.667946"/>
      <trkpt lat="39.649320" lon="-120.667857"/>
      <trkpt lat="39.649349" lon="-120.667831"/>
      <trkpt lat="39.649356" lon="-120.667789"/>
      <trkpt lat="39.649346" lon="-120.667772"/>
      <trkpt lat="39.649328" lon="-120.667770"/>
      <trkpt lat="39.649263" lon="-120.667782"/>
      <trkpt lat="39.649129" lon="-120.667790"/>
      <trkpt lat="39.648952" lon="-120.667777"/>
      <trkpt lat="39.648907" lon="-120.667805"/>
      <trkpt lat="39.648881" lon="-120.667778"/>
      <trkpt lat="39.648907" lon="-120.667723"/>
      <trkpt lat="39.648963" lon="-120.667638"/>
      <trkpt lat="39.649010" lon="-120.667581"/>
      <trkpt lat="39.649085" lon="-120.667509"/>
      <trkpt lat="39.649151" lon="-120.667481"/>
      <trkpt lat="39.649189" lon="-120.667432"/>
      <trkpt lat="39.649169" lon="-120.667408"/>
      <trkpt lat="39.649129" lon="-120.667411"/>
      <trkpt lat="39.648956" lon="-120.667407"/>
      <trkpt lat="39.648894" lon="-120.667380"/>
      <trkpt lat="39.648842" lon="-120.667404"/>
      <trkpt lat="39.648795" lon="-120.667412"/>
      <trkpt lat="39.648739" lon="-120.667362"/>
      <trkpt lat="39.648759" lon="-120.667296"/>
      <trkpt lat="39.648832" lon="-120.667288"/>
      <trkpt lat="39.648958" lon="-120.667254"/>
      <trkpt lat="39.649006" lon="-120.667174"/>
      <trkpt lat="39.649021" lon="-120.667058"/>
      <trkpt lat="39.649055" lon="-120.666909"/>
      <trkpt lat="39.649067" lon="-120.666736"/>
      <trkpt lat="39.649091" lon="-120.666646"/>
      <trkpt lat="39.649148" lon="-120.666514"/>
      <trkpt lat="39.649218" lon="-120.666401"/>
      <trkpt lat="39.649285" lon="-120.666236"/>
      <trkpt lat="39.649327" lon="-120.666172"/>
      <trkpt lat="39.649379" lon="-120.666157"/>
      <trkpt lat="39.649448" lon="-120.666160"/>
      <trkpt lat="39.649530" lon="-120.666095"/>
      <trkpt lat="39.649635" lon="-120.666055"/>
      <trkpt lat="39.649685" lon="-120.666004"/>
      <trkpt lat="39.649785" lon="-120.665874"/>
      <trkpt lat="39.649834" lon="-120.665710"/>
      <trkpt lat="39.649872" lon="-120.665497"/>
      <trkpt lat="39.649879" lon="-120.665307"/>
      <trkpt lat="39.649896" lon="-120.665126"/>
      <trkpt lat="39.650005" lon="-120.664676"/>
      <trkpt lat="39.649974" lon="-120.664451"/>
      <trkpt lat="39.649984" lon="-120.664334"/>
      <trkpt lat="39.650046" lon="-120.664259"/>
      <trkpt lat="39.650045" lon="-120.664219"/>
      <trkpt lat="39.650021" lon="-120.664196"/>
      <trkpt lat="39.649955" lon="-120.664271"/>
      <trkpt lat="39.649901" lon="-120.664306"/>
      <trkpt lat="39.649766" lon="-120.664418"/>
      <trkpt lat="39.649734" lon="-120.664418"/>
      <trkpt lat="39.649547" lon="-120.664301"/>
      <trkpt lat="39.649465" lon="-120.664191"/>
      <trkpt lat="39.649466" lon="-120.664116"/>
      <trkpt lat="39.649487" lon="-120.664061"/>
      <trkpt lat="39.649487" lon="-120.664021"/>
      <trkpt lat="39.649452" lon="-120.664013"/>
      <trkpt lat="39.649392" lon="-120.664030"/>
      <trkpt lat="39.649216" lon="-120.664124"/>
      <trkpt lat="39.648949" lon="-120.664143"/>
      <trkpt lat="39.648899" lon="-120.664125"/>
      <trkpt lat="39.648781" lon="-120.664042"/>
      <trkpt lat="39.648677" lon="-120.663980"/>
      <trkpt lat="39.648581" lon="-120.663935"/>
      <trkpt lat="39.648389" lon="-120.663945"/>
      <trkpt lat="39.648336" lon="-120.663905"/>
      <trkpt lat="39.648244" lon="-120.663694"/>
      <trkpt lat="39.648149" lon="-120.663291"/>
      <trkpt lat="39.648099" lon="-120.663185"/>
      <trkpt lat="39.648039" lon="-120.663083"/>
      <trkpt lat="39.647969" lon="-120.663000"/>
      <trkpt lat="39.647905" lon="-120.662944"/>
      <trkpt lat="39.647896" lon="-120.662877"/>
      <trkpt lat="39.647896" lon="-120.662767"/>
      <trkpt lat="39.647956" lon="-120.662413"/>
      <trkpt lat="39.647954" lon="-120.662293"/>
      <trkpt lat="39.647889" lon="-120.661997"/>
      <trkpt lat="39.647844" lon="-120.661876"/>
      <trkpt lat="39.647754" lon="-120.661798"/>
      <trkpt lat="39.647640" lon="-120.661761"/>
      <trkpt lat="39.647448" lon="-120.661750"/>
      <trkpt lat="39.647322" lon="-120.661721"/>
      <trkpt lat="39.647184" lon="-120.661643"/>
      <trkpt lat="39.647074" lon="-120.661495"/>
      <trkpt lat="39.646936" lon="-120.661337"/>
      <trkpt lat="39.646833" lon="-120.661195"/>
      <trkpt lat="39.646733" lon="-120.661037"/>
      <trkpt lat="39.646694" lon="-120.660962"/>
      <trkpt lat="39.646659" lon="-120.660876"/>
      <trkpt lat="39.646636" lon="-120.660787"/>
      <trkpt lat="39.646630" lon="-120.660594"/>
      <trkpt lat="39.646597" lon="-120.660465"/>
      <trkpt lat="39.646510" lon="-120.660278"/>
      <trkpt lat="39.646432" lon="-120.660192"/>
      <trkpt lat="39.646349" lon="-120.660162"/>
      <trkpt lat="39.646248" lon="-120.660028"/>
      <trkpt lat="39.646182" lon="-120.659985"/>
      <trkpt lat="39.646151" lon="-120.660007"/>
      <trkpt lat="39.646172" lon="-120.660111"/>
      <trkpt lat="39.646229" lon="-120.660286"/>
      <trkpt lat="39.646277" lon="-120.660465"/>
      <trkpt lat="39.646285" lon="-120.660785"/>
      <trkpt lat="39.646331" lon="-120.660889"/>
      <trkpt lat="39.646296" lon="-120.660919"/>
      <trkpt lat="39.646070" lon="-120.660664"/>
      <trkpt lat="39.645748" lon="-120.660418"/>
      <trkpt lat="39.645611" lon="-120.660113"/>
      <trkpt lat="39.645494" lon="-120.659957"/>
      <trkpt lat="39.645445" lon="-120.659961"/>
      <trkpt lat="39.645418" lon="-120.660048"/>
      <trkpt lat="39.645370" lon="-120.660275"/>
      <trkpt lat="39.645263" lon="-120.660334"/>
      <trkpt lat="39.645158" lon="-120.660331"/>
      <trkpt lat="39.645030" lon="-120.660401"/>
      <trkpt lat="39.644825" lon="-120.660396"/>
      <trkpt lat="39.644644" lon="-120.660260"/>
      <trkpt lat="39.644361" lon="-120.660035"/>
      <trkpt lat="39.644275" lon="-120.659954"/>
      <trkpt lat="39.644221" lon="-120.659879"/>
      <trkpt lat="39.644150" lon="-120.659851"/>
      <trkpt lat="39.644102" lon="-120.659851"/>
      <trkpt lat="39.644001" lon="-120.659857"/>
      <trkpt lat="39.643896" lon="-120.659886"/>
      <trkpt lat="39.643821" lon="-120.659835"/>
      <trkpt lat="39.643782" lon="-120.659733"/>
      <trkpt lat="39.643741" lon="-120.659572"/>
      <trkpt lat="39.643559" lon="-120.659419"/>
      <trkpt lat="39.643410" lon="-120.659272"/>
      <trkpt lat="39.643237" lon="-120.659041"/>
      <trkpt lat="39.643164" lon="-120.658987"/>
      <trkpt lat="39.643098" lon="-120.658963"/>
      <trkpt lat="39.643020" lon="-120.658971"/>
      <trkpt lat="39.642935" lon="-120.659012"/>
      <trkpt lat="39.642807" lon="-120.659049"/>
      <trkpt lat="39.642648" lon="-120.659114"/>
      <trkpt lat="39.642559" lon="-120.659097"/>
      <trkpt lat="39.642404" lon="-120.659033"/>
      <trkpt lat="39.642283" lon="-120.659033"/>
      <trkpt lat="39.642217" lon="-120.659006"/>
      <trkpt lat="39.642140" lon="-120.658934"/>
      <trkpt lat="39.641993" lon="-120.658711"/>
      <trkpt lat="39.641975" lon="-120.658609"/>
      <trkpt lat="39.641979" lon="-120.658435"/>
      <trkpt lat="39.641954" lon="-120.658317"/>
      <trkpt lat="39.641977" lon="-120.658231"/>
      <trkpt lat="39.641958" lon="-120.658175"/>
      <trkpt lat="39.641923" lon="-120.658156"/>
      <trkpt lat="39.641876" lon="-120.658172"/>
      <trkpt lat="39.641841" lon="-120.658207"/>
      <trkpt lat="39.641812" lon="-120.658271"/>
      <trkpt lat="39.641772" lon="-120.658405"/>
      <trkpt lat="39.641710" lon="-120.658585"/>
      <trkpt lat="39.641638" lon="-120.658735"/>
      <trkpt lat="39.641650" lon="-120.658920"/>
      <trkpt lat="39.641656" lon="-120.659092"/>
      <trkpt lat="39.641704" lon="-120.659170"/>
      <trkpt lat="39.641770" lon="-120.659216"/>
      <trkpt lat="39.641826" lon="-120.659232"/>
      <trkpt lat="39.641948" lon="-120.659379"/>
      <trkpt lat="39.641981" lon="-120.659446"/>
      <trkpt lat="39.641977" lon="-120.659516"/>
      <trkpt lat="39.641952" lon="-120.659604"/>
      <trkpt lat="39.641826" lon="-120.659886"/>
      <trkpt lat="39.641772" lon="-120.659918"/>
      <trkpt lat="39.641539" lon="-120.660015"/>
      <trkpt lat="39.641417" lon="-120.660133"/>
      <trkpt lat="39.641363" lon="-120.660192"/>
      <trkpt lat="39.641322" lon="-120.660299"/>
      <trkpt lat="39.641283" lon="-120.660414"/>
      <trkpt lat="39.641242" lon="-120.660500"/>
      <trkpt lat="39.641171" lon="-120.660554"/>
      <trkpt lat="39.640946" lon="-120.660607"/>
      <trkpt lat="39.640837" lon="-120.660672"/>
      <trkpt lat="39.640775" lon="-120.660736"/>
      <trkpt lat="39.640674" lon="-120.660782"/>
      <trkpt lat="39.640579" lon="-120.660806"/>
      <trkpt lat="39.640533" lon="-120.660870"/>
      <trkpt lat="39.640374" lon="-120.660903"/>
      <trkpt lat="39.640234" lon="-120.660954"/>
      <trkpt lat="39.640122" lon="-120.660975"/>
      <trkpt lat="39.639905" lon="-120.660980"/>
      <trkpt lat="39.639678" lon="-120.661074"/>
      <trkpt lat="39.639507" lon="-120.661133"/>
      <trkpt lat="39.639436" lon="-120.661149"/>
      <trkpt lat="39.639337" lon="-120.661141"/>
      <trkpt lat="39.639269" lon="-120.661109"/>
      <trkpt lat="39.639203" lon="-120.661023"/>
      <trkpt lat="39.639193" lon="-120.660905"/>
      <trkpt lat="39.639151" lon="-120.660841"/>
      <trkpt lat="39.639085" lon="-120.660699"/>
      <trkpt lat="39.639039" lon="-120.660701"/>
      <trkpt lat="39.639071" lon="-120.660876"/>
      <trkpt lat="39.639094" lon="-120.661053"/>
      <trkpt lat="39.639135" lon="-120.661200"/>
      <trkpt lat="39.639133" lon="-120.661393"/>
      <trkpt lat="39.639111" lon="-120.661513"/>
      <trkpt lat="39.638982" lon="-120.661635"/>
      <trkpt lat="39.638891" lon="-120.661761"/>
      <trkpt lat="39.638804" lon="-120.661892"/>
      <trkpt lat="39.638737" lon="-120.661915"/>
      <trkpt lat="39.638327" lon="-120.661922"/>
      <trkpt lat="39.638269" lon="-120.661949"/>
      <trkpt lat="39.638214" lon="-120.661986"/>
      <trkpt lat="39.638162" lon="-120.661965"/>
      <trkpt lat="39.638127" lon="-120.661876"/>
      <trkpt lat="39.638119" lon="-120.661764"/>
      <trkpt lat="39.638127" lon="-120.661667"/>
      <trkpt lat="39.638168" lon="-120.661576"/>
      <trkpt lat="39.638174" lon="-120.661498"/>
      <trkpt lat="39.638133" lon="-120.661463"/>
      <trkpt lat="39.638069" lon="-120.661461"/>
      <trkpt lat="39.637995" lon="-120.661470"/>
      <trkpt lat="39.637953" lon="-120.661468"/>
      <trkpt lat="39.637895" lon="-120.661412"/>
      <trkpt lat="39.637765" lon="-120.661069"/>
      <trkpt lat="39.637771" lon="-120.660932"/>
      <trkpt lat="39.637809" lon="-120.660817"/>
      <trkpt lat="39.637784" lon="-120.660749"/>
      <trkpt lat="39.637613" lon="-120.660523"/>
      <trkpt lat="39.637463" lon="-120.660477"/>
      <trkpt lat="39.637456" lon="-120.660428"/>
      <trkpt lat="39.637482" lon="-120.660382"/>
      <trkpt lat="39.637616" lon="-120.660323"/>
      <trkpt lat="39.637629" lon="-120.660283"/>
      <trkpt lat="39.637602" lon="-120.660251"/>
      <trkpt lat="39.637540" lon="-120.660149"/>
      <trkpt lat="39.637491" lon="-120.660039"/>
      <trkpt lat="39.637451" lon="-120.659913"/>
      <trkpt lat="39.637391" lon="-120.659875"/>
      <trkpt lat="39.637220" lon="-120.659945"/>
      <trkpt lat="39.637137" lon="-120.660031"/>
      <trkpt lat="39.637065" lon="-120.660033"/>
      <trkpt lat="39.637067" lon="-120.659977"/>
      <trkpt lat="39.637092" lon="-120.659902"/>
      <trkpt lat="39.637099" lon="-120.659831"/>
      <trkpt lat="39.637057" lon="-120.659588"/>
      <trkpt lat="39.636894" lon="-120.659124"/>
      <trkpt lat="39.636702" lon="-120.658797"/>
      <trkpt lat="39.636625" lon="-120.658647"/>
      <trkpt lat="39.636567" lon="-120.658521"/>
      <trkpt lat="39.636423" lon="-120.658374"/>
      <trkpt lat="39.636173" lon="-120.658054"/>
      <trkpt lat="39.635907" lon="-120.657586"/>
      <trkpt lat="39.635814" lon="-120.657283"/>
      <trkpt lat="39.635789" lon="-120.657158"/>
      <trkpt lat="39.635823" lon="-120.656984"/>
      <trkpt lat="39.635874" lon="-120.656645"/>
      <trkpt lat="39.635826" lon="-120.656650"/>
      <trkpt lat="39.635754" lon="-120.656789"/>
      <trkpt lat="39.635673" lon="-120.657055"/>
      <trkpt lat="39.635649" lon="-120.657145"/>
      <trkpt lat="39.635657" lon="-120.657355"/>
      <trkpt lat="39.635651" lon="-120.657442"/>
      <trkpt lat="39.635677" lon="-120.657556"/>
      <trkpt lat="39.635708" lon="-120.657595"/>
      <trkpt lat="39.635718" lon="-120.657643"/>
      <trkpt lat="39.635722" lon="-120.657767"/>
      <trkpt lat="39.635681" lon="-120.657889"/>
      <trkpt lat="39.635641" lon="-120.657952"/>
      <trkpt lat="39.635548" lon="-120.657978"/>
      <trkpt lat="39.635472" lon="-120.657979"/>
      <trkpt lat="39.635345" lon="-120.657880"/>
      <trkpt lat="39.635309" lon="-120.657845"/>
      <trkpt lat="39.635284" lon="-120.657796"/>
      <trkpt lat="39.635246" lon="-120.657752"/>
      <trkpt lat="39.635250" lon="-120.657737"/>
      <trkpt lat="39.635309" lon="-120.657701"/>
      <trkpt lat="39.635385" lon="-120.657593"/>
      <trkpt lat="39.635430" lon="-120.657386"/>
      <trkpt lat="39.635436" lon="-120.657239"/>
      <trkpt lat="39.635432" lon="-120.657222"/>
      <trkpt lat="39.635421" lon="-120.657221"/>
      <trkpt lat="39.635409" lon="-120.657231"/>
      <trkpt lat="39.635358" lon="-120.657296"/>
      <trkpt lat="39.635333" lon="-120.657314"/>
      <trkpt lat="39.635309" lon="-120.657312"/>
      <trkpt lat="39.635282" lon="-120.657283"/>
      <trkpt lat="39.635074" lon="-120.657357"/>
      <trkpt lat="39.634971" lon="-120.657357"/>
      <trkpt lat="39.634852" lon="-120.657316"/>
      <trkpt lat="39.634780" lon="-120.657347"/>
      <trkpt lat="39.634734" lon="-120.657389"/>
      <trkpt lat="39.634690" lon="-120.657400"/>
      <trkpt lat="39.634639" lon="-120.657405"/>
      <trkpt lat="39.634599" lon="-120.657472"/>
      <trkpt lat="39.634548" lon="-120.657597"/>
      <trkpt lat="39.634484" lon="-120.657837"/>
      <trkpt lat="39.634468" lon="-120.657951"/>
      <trkpt lat="39.634439" lon="-120.657993"/>
      <trkpt lat="39.634376" lon="-120.658006"/>
      <trkpt lat="39.634254" lon="-120.658053"/>
      <trkpt lat="39.634161" lon="-120.658041"/>
      <trkpt lat="39.634048" lon="-120.658051"/>
      <trkpt lat="39.633948" lon="-120.658105"/>
      <trkpt lat="39.633899" lon="-120.658183"/>
      <trkpt lat="39.633890" lon="-120.658336"/>
      <trkpt lat="39.633879" lon="-120.658451"/>
      <trkpt lat="39.633877" lon="-120.658529"/>
      <trkpt lat="39.633866" lon="-120.658537"/>
      <trkpt lat="39.633843" lon="-120.658535"/>
      <trkpt lat="39.633825" lon="-120.658506"/>
      <trkpt lat="39.633803" lon="-120.658429"/>
      <trkpt lat="39.633785" lon="-120.658393"/>
      <trkpt lat="39.633711" lon="-120.658318"/>
      <trkpt lat="39.633541" lon="-120.658084"/>
      <trkpt lat="39.633472" lon="-120.658074"/>
      <trkpt lat="39.633380" lon="-120.658086"/>
      <trkpt lat="39.633268" lon="-120.658066"/>
      <trkpt lat="39.633197" lon="-120.657943"/>
      <trkpt lat="39.633096" lon="-120.657676"/>
      <trkpt lat="39.633032" lon="-120.657558"/>
      <trkpt lat="39.632956" lon="-120.657484"/>
      <trkpt lat="39.632903" lon="-120.657485"/>
      <trkpt lat="39.632864" lon="-120.657518"/>
      <trkpt lat="39.632799" lon="-120.657546"/>
      <trkpt lat="39.632762" lon="-120.657536"/>
      <trkpt lat="39.632726" lon="-120.657480"/>
      <trkpt lat="39.632601" lon="-120.657359"/>
      <trkpt lat="39.632552" lon="-120.657258"/>
      <trkpt lat="39.632498" lon="-120.657211"/>
      <trkpt lat="39.632442" lon="-120.657177"/>
      <trkpt lat="39.632366" lon="-120.657143"/>
      <trkpt lat="39.632199" lon="-120.657137"/>
      <trkpt lat="39.631997" lon="-120.657156"/>
      <trkpt lat="39.631902" lon="-120.657121"/>
      <trkpt lat="39.631773" lon="-120.657045"/>
      <trkpt lat="39.631690" lon="-120.657013"/>
      <trkpt lat="39.631603" lon="-120.657032"/>
      <trkpt lat="39.631482" lon="-120.657145"/>
      <trkpt lat="39.631391" lon="-120.657129"/>
      <trkpt lat="39.631302" lon="-120.657054"/>
      <trkpt lat="39.631205" lon="-120.657043"/>
      <trkpt lat="39.631157" lon="-120.657011"/>
      <trkpt lat="39.631063" lon="-120.656921"/>
      <trkpt lat="39.630955" lon="-120.656745"/>
      <trkpt lat="39.630809" lon="-120.656565"/>
      <trkpt lat="39.630733" lon="-120.656270"/>
      <trkpt lat="39.630721" lon="-120.656011"/>
      <trkpt lat="39.630798" lon="-120.655798"/>
      <trkpt lat="39.630817" lon="-120.655621"/>
      <trkpt lat="39.630800" lon="-120.655412"/>
      <trkpt lat="39.630777" lon="-120.655253"/>
      <trkpt lat="39.630736" lon="-120.655205"/>
      <trkpt lat="39.630657" lon="-120.655152"/>
      <trkpt lat="39.630526" lon="-120.655017"/>
      <trkpt lat="39.630438" lon="-120.655037"/>
      <trkpt lat="39.630373" lon="-120.655023"/>
      <trkpt lat="39.630282" lon="-120.654990"/>
      <trkpt lat="39.630172" lon="-120.654936"/>
      <trkpt lat="39.630085" lon="-120.654908"/>
      <trkpt lat="39.630041" lon="-120.654964"/>
      <trkpt lat="39.630017" lon="-120.655011"/>
      <trkpt lat="39.629972" lon="-120.655021"/>
      <trkpt lat="39.629941" lon="-120.654983"/>
      <trkpt lat="39.629839" lon="-120.654966"/>
      <trkpt lat="39.629786" lon="-120.654889"/>
      <trkpt lat="39.629702" lon="-120.654827"/>
      <trkpt lat="39.629635" lon="-120.654750"/>
      <trkpt lat="39.629596" lon="-120.654638"/>
      <trkpt lat="39.629599" lon="-120.654522"/>
      <trkpt lat="39.629615" lon="-120.654469"/>
      <trkpt lat="39.629617" lon="-120.654428"/>
      <trkpt lat="39.629605" lon="-120.654401"/>
      <trkpt lat="39.629568" lon="-120.654379"/>
      <trkpt lat="39.629497" lon="-120.654404"/>
      <trkpt lat="39.629469" lon="-120.654435"/>
      <trkpt lat="39.629452" lon="-120.654435"/>
      <trkpt lat="39.629439" lon="-120.654421"/>
      <trkpt lat="39.629455" lon="-120.654369"/>
      <trkpt lat="39.629595" lon="-120.654216"/>
      <trkpt lat="39.629613" lon="-120.654128"/>
      <trkpt lat="39.629586" lon="-120.654095"/>
      <trkpt lat="39.629542" lon="-120.654099"/>
      <trkpt lat="39.629385" lon="-120.654180"/>
      <trkpt lat="39.629075" lon="-120.654548"/>
      <trkpt lat="39.628914" lon="-120.654717"/>
      <trkpt lat="39.628798" lon="-120.654806"/>
      <trkpt lat="39.628612" lon="-120.654889"/>
      <trkpt lat="39.628517" lon="-120.655029"/>
      <trkpt lat="39.628395" lon="-120.655197"/>
      <trkpt lat="39.628323" lon="-120.655262"/>
      <trkpt lat="39.628273" lon="-120.655383"/>
      <trkpt lat="39.628242" lon="-120.655374"/>
      <trkpt lat="39.628234" lon="-120.655291"/>
      <trkpt lat="39.628249" lon="-120.655206"/>
      <trkpt lat="39.628279" lon="-120.655081"/>
      <trkpt lat="39.628346" lon="-120.654905"/>
      <trkpt lat="39.628381" lon="-120.654632"/>
      <trkpt lat="39.628468" lon="-120.654184"/>
      <trkpt lat="39.628478" lon="-120.654017"/>
      <trkpt lat="39.628550" lon="-120.653704"/>
      <trkpt lat="39.628600" lon="-120.653429"/>
      <trkpt lat="39.628672" lon="-120.653315"/>
      <trkpt lat="39.628792" lon="-120.653197"/>
      <trkpt lat="39.628906" lon="-120.653135"/>
      <trkpt lat="39.628959" lon="-120.653052"/>
      <trkpt lat="39.628982" lon="-120.652880"/>
      <trkpt lat="39.629019" lon="-120.652719"/>
      <trkpt lat="39.629108" lon="-120.652572"/>
      <trkpt lat="39.629201" lon="-120.652314"/>
      <trkpt lat="39.629167" lon="-120.652287"/>
      <trkpt lat="39.629112" lon="-120.652309"/>
      <trkpt lat="39.629056" lon="-120.652397"/>
      <trkpt lat="39.628980" lon="-120.652539"/>
      <trkpt lat="39.628928" lon="-120.652577"/>
      <trkpt lat="39.628860" lon="-120.652596"/>
      <trkpt lat="39.628759" lon="-120.652614"/>
      <trkpt lat="39.628678" lon="-120.652620"/>
      <trkpt lat="39.628573" lon="-120.652733"/>
      <trkpt lat="39.628495" lon="-120.652840"/>
      <trkpt lat="39.628441" lon="-120.652883"/>
      <trkpt lat="39.628360" lon="-120.652915"/>
      <trkpt lat="39.628290" lon="-120.652901"/>
      <trkpt lat="39.628187" lon="-120.652789"/>
      <trkpt lat="39.628121" lon="-120.652741"/>
      <trkpt lat="39.628100" lon="-120.652663"/>
      <trkpt lat="39.628137" lon="-120.652550"/>
      <trkpt lat="39.628214" lon="-120.652381"/>
      <trkpt lat="39.628226" lon="-120.652281"/>
      <trkpt lat="39.628189" lon="-120.652244"/>
      <trkpt lat="39.628054" lon="-120.652212"/>
      <trkpt lat="39.627902" lon="-120.652236"/>
      <trkpt lat="39.627586" lon="-120.652242"/>
      <trkpt lat="39.627488" lon="-120.652253"/>
      <trkpt lat="39.627420" lon="-120.652242"/>
      <trkpt lat="39.627344" lon="-120.652118"/>
      <trkpt lat="39.627226" lon="-120.652022"/>
      <trkpt lat="39.627125" lon="-120.651955"/>
      <trkpt lat="39.626989" lon="-120.651909"/>
      <trkpt lat="39.626925" lon="-120.651864"/>
      <trkpt lat="39.626846" lon="-120.651775"/>
      <trkpt lat="39.626749" lon="-120.651649"/>
      <trkpt lat="39.626491" lon="-120.651627"/>
      <trkpt lat="39.626125" lon="-120.651718"/>
      <trkpt lat="39.626117" lon="-120.651684"/>
      <trkpt lat="39.626113" lon="-120.651665"/>
      <trkpt lat="39.626235" lon="-120.651440"/>
      <trkpt lat="39.626257" lon="-120.651322"/>
      <trkpt lat="39.626270" lon="-120.651187"/>
      <trkpt lat="39.626210" lon="-120.651115"/>
      <trkpt lat="39.626104" lon="-120.651013"/>
      <trkpt lat="39.626061" lon="-120.650876"/>
      <trkpt lat="39.626049" lon="-120.650697"/>
      <trkpt lat="39.626032" lon="-120.650528"/>
      <trkpt lat="39.625974" lon="-120.650391"/>
      <trkpt lat="39.625867" lon="-120.650292"/>
      <trkpt lat="39.625796" lon="-120.650187"/>
      <trkpt lat="39.625726" lon="-120.650176"/>
      <trkpt lat="39.625648" lon="-120.650112"/>
      <trkpt lat="39.625577" lon="-120.649940"/>
      <trkpt lat="39.625478" lon="-120.649720"/>
      <trkpt lat="39.625440" lon="-120.649672"/>
      <trkpt lat="39.625406" lon="-120.649672"/>
      <trkpt lat="39.625382" lon="-120.649725"/>
      <trkpt lat="39.625319" lon="-120.649832"/>
      <trkpt lat="39.625242" lon="-120.649911"/>
      <trkpt lat="39.625191" lon="-120.649981"/>
      <trkpt lat="39.625138" lon="-120.650034"/>
      <trkpt lat="39.625051" lon="-120.650093"/>
      <trkpt lat="39.624997" lon="-120.650093"/>
      <trkpt lat="39.624921" lon="-120.650005"/>
      <trkpt lat="39.624879" lon="-120.650012"/>
      <trkpt lat="39.624829" lon="-120.650066"/>
      <trkpt lat="39.624739" lon="-120.650252"/>
    </trkseg>
    <trkseg>
      <trkpt lat="39.649052" lon="-120.668870"/>
      <trkpt lat="39.649090" lon="-120.668842"/>
      <trkpt lat="39.649129" lon="-120.668810"/>
      <trkpt lat="39.649185" lon="-120.668693"/>
      <trkpt lat="39.649235" lon="-120.668643"/>
      <trkpt lat="39.649301" lon="-120.668622"/>
      <trkpt lat="39.649422" lon="-120.668614"/>
      <trkpt lat="39.649508" lon="-120.668584"/>
      <trkpt lat="39.649641" lon="-120.668556"/>
      <trkpt lat="39.649725" lon="-120.668515"/>
      <trkpt lat="39.649910" lon="-120.668469"/>
      <trkpt lat="39.650071" lon="-120.668467"/>
      <trkpt lat="39.650389" lon="-120.668292"/>
      <trkpt lat="39.650463" lon="-120.668201"/>
      <trkpt lat="39.650529" lon="-120.668086"/>
      <trkpt lat="39.650575" lon="-120.668016"/>
      <trkpt lat="39.650657" lon="-120.668010"/>
      <trkpt lat="39.650703" lon="-120.668067"/>
      <trkpt lat="39.650738" lon="-120.668131"/>
      <trkpt lat="39.650787" lon="-120.668206"/>
      <trkpt lat="39.650951" lon="-120.668346"/>
      <trkpt lat="39.651238" lon="-120.668668"/>
      <trkpt lat="39.651359" lon="-120.668745"/>
      <trkpt lat="39.651465" lon="-120.668780"/>
      <trkpt lat="39.651663" lon="-120.668804"/>
      <trkpt lat="39.651801" lon="-120.668780"/>
      <trkpt lat="39.651921" lon="-120.668775"/>
      <trkpt lat="39.652055" lon="-120.668794"/>
      <trkpt lat="39.652192" lon="-120.668772"/>
      <trkpt lat="39.652283" lon="-120.668729"/>
      <trkpt lat="39.652378" lon="-120.668700"/>
      <trkpt lat="39.652557" lon="-120.668681"/>
      <trkpt lat="39.652687" lon="-120.668684"/>
      <trkpt lat="39.652786" lon="-120.668660"/>
      <trkpt lat="39.652863" lon="-120.668600"/>
      <trkpt lat="39.653028" lon="-120.668397"/>
      <trkpt lat="39.653152" lon="-120.668291"/>
      <trkpt lat="39.653478" lon="-120.668143"/>
      <trkpt lat="39.653569" lon="-120.668131"/>
      <trkpt lat="39.653627" lon="-120.668113"/>
      <trkpt lat="39.653705" lon="-120.668114"/>
      <trkpt lat="39.653805" lon="-120.668156"/>
      <trkpt lat="39.653879" lon="-120.668220"/>
      <trkpt lat="39.653959" lon="-120.668279"/>
      <trkpt lat="39.654110" lon="-120.668330"/>
      <trkpt lat="39.654462" lon="-120.668402"/>
      <trkpt lat="39.654812" lon="-120.668406"/>
      <trkpt lat="39.654928" lon="-120.668375"/>
      <trkpt lat="39.655005" lon="-120.668387"/>
      <trkpt lat="39.655079" lon="-120.668417"/>
      <trkpt lat="39.655200" lon="-120.668571"/>
      <trkpt lat="39.655275" lon="-120.668619"/>
      <trkpt lat="39.655314" lon="-120.668673"/>
      <trkpt lat="39.655362" lon="-120.668761"/>
      <trkpt lat="39.655452" lon="-120.668798"/>
      <trkpt lat="39.655566" lon="-120.668798"/>
      <trkpt lat="39.655639" lon="-120.668767"/>
      <trkpt lat="39.655797" lon="-120.668638"/>
      <trkpt lat="39.655877" lon="-120.668601"/>
      <trkpt lat="39.656044" lon="-120.668651"/>
      <trkpt lat="39.656147" lon="-120.668653"/>
      <trkpt lat="39.656245" lon="-120.668603"/>
      <trkpt lat="39.656295" lon="-120.668611"/>
      <trkpt lat="39.656337" lon="-120.668636"/>
      <trkpt lat="39.656450" lon="-120.668767"/>
      <trkpt lat="39.656565" lon="-120.668836"/>
      <trkpt lat="39.656638" lon="-120.668928"/>
      <trkpt lat="39.656751" lon="-120.668995"/>
      <trkpt lat="39.656894" lon="-120.669046"/>
      <trkpt lat="39.657024" lon="-120.669051"/>
      <trkpt lat="39.657187" lon="-120.668953"/>
      <trkpt lat="39.657297" lon="-120.668853"/>
      <trkpt lat="39.657416" lon="-120.668787"/>
      <trkpt lat="39.657595" lon="-120.668735"/>
      <trkpt lat="39.657681" lon="-120.668727"/>
      <trkpt lat="39.657937" lon="-120.668801"/>
      <trkpt lat="39.657995" lon="-120.668847"/>
      <trkpt lat="39.658231" lon="-120.669113"/>
      <trkpt lat="39.658381" lon="-120.669179"/>
      <trkpt lat="39.658439" lon="-120.669227"/>
      <trkpt lat="39.658550" lon="-120.669372"/>
      <trkpt lat="39.658664" lon="-120.669486"/>
      <trkpt lat="39.658857" lon="-120.669635"/>
      <trkpt lat="39.659055" lon="-120.669851"/>
      <trkpt lat="39.659174" lon="-120.669920"/>
      <trkpt lat="39.659363" lon="-120.669996"/>
      <trkpt lat="39.659654" lon="-120.670241"/>
      <trkpt lat="39.659709" lon="-120.670270"/>
      <trkpt lat="39.659818" lon="-120.670290"/>
      <trkpt lat="39.660094" lon="-120.670298"/>
      <trkpt lat="39.660190" lon="-120.670287"/>
      <trkpt lat="39.660216" lon="-120.670377"/>
      <trkpt lat="39.660204" lon="-120.670515"/>
      <trkpt lat="39.660159" lon="-120.670670"/>
      <trkpt lat="39.660037" lon="-120.670867"/>
      <trkpt lat="39.659937" lon="-120.671006"/>
      <trkpt lat="39.659696" lon="-120.671177"/>
      <trkpt lat="39.659578" lon="-120.671291"/>
      <trkpt lat="39.659467" lon="-120.671387"/>
      <trkpt lat="39.659318" lon="-120.671462"/>
      <trkpt lat="39.659202" lon="-120.671570"/>
      <trkpt lat="39.659202" lon="-120.671655"/>
      <trkpt lat="39.659231" lon="-120.671714"/>
      <trkpt lat="39.659383" lon="-120.671858"/>
      <trkpt lat="39.659421" lon="-120.672004"/>
      <trkpt lat="39.659471" lon="-120.672085"/>
      <trkpt lat="39.659545" lon="-120.672128"/>
      <trkpt lat="39.659686" lon="-120.672160"/>
      <trkpt lat="39.659909" lon="-120.672248"/>
      <trkpt lat="39.660010" lon="-120.672335"/>
      <trkpt lat="39.660141" lon="-120.672396"/>
      <trkpt lat="39.660236" lon="-120.672407"/>
      <trkpt lat="39.660524" lon="-120.672358"/>
      <trkpt lat="39.660705" lon="-120.672360"/>
      <trkpt lat="39.660755" lon="-120.672386"/>
      <trkpt lat="39.660756" lon="-120.672445"/>
      <trkpt lat="39.660739" lon="-120.672529"/>
      <trkpt lat="39.660677" lon="-120.672657"/>
      <trkpt lat="39.660632" lon="-120.672773"/>
      <trkpt lat="39.660563" lon="-120.672901"/>
      <trkpt lat="39.660587" lon="-120.672932"/>
      <trkpt lat="39.660645" lon="-120.672930"/>
      <trkpt lat="39.660702" lon="-120.672915"/>
      <trkpt lat="39.660888" lon="-120.672841"/>
      <trkpt lat="39.660973" lon="-120.672822"/>
      <trkpt lat="39.661037" lon="-120.672842"/>
      <trkpt lat="39.661173" lon="-120.672849"/>
      <trkpt lat="39.661407" lon="-120.672808"/>
      <trkpt lat="39.661537" lon="-120.672761"/>
      <trkpt lat="39.661664" lon="-120.672690"/>
      <trkpt lat="39.661803" lon="-120.672597"/>
      <trkpt lat="39.661891" lon="-120.672526"/>
      <trkpt lat="39.661993" lon="-120.672419"/>
      <trkpt lat="39.662225" lon="-120.672141"/>
      <trkpt lat="39.662273" lon="-120.672128"/>
      <trkpt lat="39.662297" lon="-120.672170"/>
      <trkpt lat="39.662288" lon="-120.672311"/>
      <trkpt lat="39.662142" lon="-120.672871"/>
      <trkpt lat="39.662013" lon="-120.673242"/>
      <trkpt lat="39.661972" lon="-120.673410"/>
      <trkpt lat="39.661899" lon="-120.673766"/>
      <trkpt lat="39.661893" lon="-120.673839"/>
      <trkpt lat="39.661971" lon="-120.673997"/>
      <trkpt lat="39.662095" lon="-120.674188"/>
      <trkpt lat="39.662144" lon="-120.674301"/>
      <trkpt lat="39.662190" lon="-120.674383"/>
    </trkseg>
    <trkseg>
      <trkpt lat="39.662190" lon="-120.674383"/>
      <trkpt lat="39.662265" lon="-120.674501"/>
      <trkpt lat="39.662310" lon="-120.674628"/>
      <trkpt lat="39.662380" lon="-120.674861"/>
      <trkpt lat="39.662391" lon="-120.674950"/>
      <trkpt lat="39.662366" lon="-120.675245"/>
      <trkpt lat="39.662285" lon="-120.675614"/>
      <trkpt lat="39.662242" lon="-120.675856"/>
      <trkpt lat="39.662186" lon="-120.675990"/>
      <trkpt lat="39.662174" lon="-120.676073"/>
      <trkpt lat="39.662170" lon="-120.676130"/>
      <trkpt lat="39.662228" lon="-120.676223"/>
      <trkpt lat="39.662360" lon="-120.676465"/>
      <trkpt lat="39.662448" lon="-120.676559"/>
      <trkpt lat="39.662500" lon="-120.676588"/>
      <trkpt lat="39.662554" lon="-120.676663"/>
      <trkpt lat="39.662611" lon="-120.676682"/>
      <trkpt lat="39.662684" lon="-120.676669"/>
      <trkpt lat="39.662757" lon="-120.676674"/>
      <trkpt lat="39.662866" lon="-120.676757"/>
      <trkpt lat="39.663043" lon="-120.676905"/>
      <trkpt lat="39.663274" lon="-120.677055"/>
      <trkpt lat="39.663365" lon="-120.677079"/>
      <trkpt lat="39.663435" lon="-120.677125"/>
      <trkpt lat="39.663528" lon="-120.677136"/>
      <trkpt lat="39.663588" lon="-120.677189"/>
      <trkpt lat="39.663684" lon="-120.677371"/>
      <trkpt lat="39.663745" lon="-120.677444"/>
      <trkpt lat="39.663818" lon="-120.677481"/>
      <trkpt lat="39.663879" lon="-120.677540"/>
      <trkpt lat="39.663935" lon="-120.677639"/>
      <trkpt lat="39.664063" lon="-120.677750"/>
      <trkpt lat="39.664259" lon="-120.678014"/>
      <trkpt lat="39.664304" lon="-120.678104"/>
      <trkpt lat="39.664315" lon="-120.678219"/>
      <trkpt lat="39.664338" lon="-120.678301"/>
      <trkpt lat="39.664387" lon="-120.678421"/>
      <trkpt lat="39.664683" lon="-120.678853"/>
      <trkpt lat="39.664809" lon="-120.679177"/>
      <trkpt lat="39.664870" lon="-120.679474"/>
      <trkpt lat="39.664901" lon="-120.679648"/>
      <trkpt lat="39.664939" lon="-120.679810"/>
      <trkpt lat="39.665014" lon="-120.680032"/>
      <trkpt lat="39.665152" lon="-120.680363"/>
      <trkpt lat="39.665261" lon="-120.680788"/>
      <trkpt lat="39.665384" lon="-120.681169"/>
      <trkpt lat="39.665420" lon="-120.681334"/>
      <trkpt lat="39.665429" lon="-120.681494"/>
      <trkpt lat="39.665411" lon="-120.681775"/>
      <trkpt lat="39.665405" lon="-120.681982"/>
      <trkpt lat="39.665448" lon="-120.682105"/>
      <trkpt lat="39.665506" lon="-120.682202"/>
      <trkpt lat="39.665579" lon="-120.682282"/>
      <trkpt lat="39.665845" lon="-120.682504"/>
      <trkpt lat="39.665940" lon="-120.682615"/>
      <trkpt lat="39.666190" lon="-120.682811"/>
      <trkpt lat="39.666278" lon="-120.682840"/>
      <trkpt lat="39.666357" lon="-120.682840"/>
      <trkpt lat="39.666825" lon="-120.682971"/>
      <trkpt lat="39.667047" lon="-120.683063"/>
      <trkpt lat="39.667195" lon="-120.683079"/>
      <trkpt lat="39.667278" lon="-120.683076"/>
      <trkpt lat="39.667371" lon="-120.683066"/>
      <trkpt lat="39.667422" lon="-120.683023"/>
      <trkpt lat="39.667484" lon="-120.682915"/>
      <trkpt lat="39.667592" lon="-120.682790"/>
      <trkpt lat="39.667654" lon="-120.682763"/>
      <trkpt lat="39.667726" lon="-120.682752"/>
      <trkpt lat="39.667792" lon="-120.682701"/>
      <trkpt lat="39.667937" lon="-120.682575"/>
      <trkpt lat="39.668017" lon="-120.682556"/>
      <trkpt lat="39.668102" lon="-120.682561"/>
      <trkpt lat="39.668229" lon="-120.682540"/>
      <trkpt lat="39.668459" lon="-120.682543"/>
      <trkpt lat="39.668535" lon="-120.682572"/>
      <trkpt lat="39.668605" lon="-120.682583"/>
      <trkpt lat="39.668814" lon="-120.682695"/>
      <trkpt lat="39.668929" lon="-120.682728"/>
      <trkpt lat="39.669037" lon="-120.682738"/>
      <trkpt lat="39.669136" lon="-120.682776"/>
      <trkpt lat="39.669237" lon="-120.682790"/>
      <trkpt lat="39.669306" lon="-120.682775"/>
      <trkpt lat="39.669667" lon="-120.682642"/>
      <trkpt lat="39.669782" lon="-120.682572"/>
      <trkpt lat="39.670026" lon="-120.682352"/>
      <trkpt lat="39.670136" lon="-120.682292"/>
      <trkpt lat="39.670249" lon="-120.682276"/>
      <trkpt lat="39.670360" lon="-120.682290"/>
      <trkpt lat="39.670509" lon="-120.682347"/>
      <trkpt lat="39.670598" lon="-120.682425"/>
      <trkpt lat="39.670674" lon="-120.682521"/>
      <trkpt lat="39.670740" lon="-120.682564"/>
      <trkpt lat="39.670810" lon="-120.682588"/>
      <trkpt lat="39.670984" lon="-120.682596"/>
      <trkpt lat="39.671139" lon="-120.682583"/>
      <trkpt lat="39.671262" lon="-120.682577"/>
      <trkpt lat="39.671322" lon="-120.682543"/>
      <trkpt lat="39.671403" lon="-120.682484"/>
      <trkpt lat="39.671492" lon="-120.682376"/>
      <trkpt lat="39.671622" lon="-120.682337"/>
      <trkpt lat="39.671756" lon="-120.682339"/>
      <trkpt lat="39.671857" lon="-120.682339"/>
      <trkpt lat="39.671923" lon="-120.682323"/>
      <trkpt lat="39.672021" lon="-120.682237"/>
      <trkpt lat="39.672137" lon="-120.682114"/>
      <trkpt lat="39.672181" lon="-120.682079"/>
      <trkpt lat="39.672269" lon="-120.682051"/>
      <trkpt lat="39.672363" lon="-120.682055"/>
      <trkpt lat="39.672512" lon="-120.682017"/>
      <trkpt lat="39.672708" lon="-120.681979"/>
      <trkpt lat="39.672984" lon="-120.681995"/>
      <trkpt lat="39.673204" lon="-120.681973"/>
      <trkpt lat="39.673515" lon="-120.681995"/>
      <trkpt lat="39.674118" lon="-120.681860"/>
      <trkpt lat="39.674404" lon="-120.681771"/>
      <trkpt lat="39.674512" lon="-120.681690"/>
      <trkpt lat="39.674786" lon="-120.681382"/>
      <trkpt lat="39.674926" lon="-120.681284"/>
      <trkpt lat="39.674943" lon="-120.681278"/>
      <trkpt lat="39.675119" lon="-120.681214"/>
      <trkpt lat="39.675218" lon="-120.681052"/>
      <trkpt lat="39.675568" lon="-120.680740"/>
    </trkseg>
    <trkseg>
      <trkpt lat="39.675568" lon="-120.680740"/>
      <trkpt lat="39.675730" lon="-120.680745"/>
      <trkpt lat="39.675877" lon="-120.680766"/>
      <trkpt lat="39.676351" lon="-120.680711"/>
      <trkpt lat="39.676418" lon="-120.680734"/>
      <trkpt lat="39.676628" lon="-120.680860"/>
      <trkpt lat="39.676794" lon="-120.680990"/>
      <trkpt lat="39.676945" lon="-120.681029"/>
      <trkpt lat="39.677001" lon="-120.680997"/>
      <trkpt lat="39.677031" lon="-120.680947"/>
      <trkpt lat="39.677112" lon="-120.680715"/>
      <trkpt lat="39.677185" lon="-120.680631"/>
      <trkpt lat="39.677281" lon="-120.680548"/>
      <trkpt lat="39.677361" lon="-120.680504"/>
      <trkpt lat="39.677509" lon="-120.680473"/>
      <trkpt lat="39.677639" lon="-120.680492"/>
      <trkpt lat="39.677764" lon="-120.680547"/>
      <trkpt lat="39.677853" lon="-120.680620"/>
      <trkpt lat="39.677988" lon="-120.680815"/>
      <trkpt lat="39.678062" lon="-120.680886"/>
      <trkpt lat="39.678108" lon="-120.680947"/>
      <trkpt lat="39.678181" lon="-120.681011"/>
      <trkpt lat="39.678236" lon="-120.681129"/>
      <trkpt lat="39.678387" lon="-120.681247"/>
      <trkpt lat="39.678492" lon="-120.681341"/>
      <trkpt lat="39.678602" lon="-120.681451"/>
      <trkpt lat="39.678895" lon="-120.681610"/>
      <trkpt lat="39.679206" lon="-120.681872"/>
      <trkpt lat="39.679340" lon="-120.682055"/>
      <trkpt lat="39.679354" lon="-120.682156"/>
      <trkpt lat="39.679312" lon="-120.682217"/>
      <trkpt lat="39.679221" lon="-120.682277"/>
      <trkpt lat="39.679165" lon="-120.682307"/>
      <trkpt lat="39.679138" lon="-120.682344"/>
      <trkpt lat="39.679136" lon="-120.682400"/>
      <trkpt lat="39.679167" lon="-120.682451"/>
      <trkpt lat="39.679212" lon="-120.682502"/>
      <trkpt lat="39.679279" lon="-120.682517"/>
      <trkpt lat="39.679406" lon="-120.682491"/>
      <trkpt lat="39.679467" lon="-120.682519"/>
      <trkpt lat="39.679497" lon="-120.682557"/>
      <trkpt lat="39.679524" lon="-120.682663"/>
      <trkpt lat="39.679544" lon="-120.682850"/>
      <trkpt lat="39.679578" lon="-120.682892"/>
      <trkpt lat="39.679653" lon="-120.682913"/>
      <trkpt lat="39.679722" lon="-120.682889"/>
      <trkpt lat="39.679964" lon="-120.682673"/>
      <trkpt lat="39.680065" lon="-120.682605"/>
      <trkpt lat="39.680192" lon="-120.682555"/>
      <trkpt lat="39.680261" lon="-120.682489"/>
      <trkpt lat="39.680336" lon="-120.682452"/>
      <trkpt lat="39.680463" lon="-120.682406"/>
      <trkpt lat="39.680914" lon="-120.682362"/>
      <trkpt lat="39.681000" lon="-120.682378"/>
      <trkpt lat="39.681171" lon="-120.682498"/>
      <trkpt lat="39.681427" lon="-120.682875"/>
      <trkpt lat="39.681472" lon="-120.683007"/>
      <trkpt lat="39.681444" lon="-120.683281"/>
      <trkpt lat="39.681425" lon="-120.683692"/>
      <trkpt lat="39.681446" lon="-120.683957"/>
      <trkpt lat="39.681466" lon="-120.684045"/>
      <trkpt lat="39.681520" lon="-120.684172"/>
      <trkpt lat="39.681661" lon="-120.684327"/>
      <trkpt lat="39.681737" lon="-120.684455"/>
      <trkpt lat="39.681838" lon="-120.684541"/>
      <trkpt lat="39.681892" lon="-120.684616"/>
      <trkpt lat="39.681894" lon="-120.684678"/>
      <trkpt lat="39.681873" lon="-120.684765"/>
      <trkpt lat="39.681820" lon="-120.684871"/>
      <trkpt lat="39.681756" lon="-120.684983"/>
      <trkpt lat="39.681727" lon="-120.685088"/>
      <trkpt lat="39.681752" lon="-120.685201"/>
      <trkpt lat="39.681836" lon="-120.685454"/>
      <trkpt lat="39.681907" lon="-120.685648"/>
      <trkpt lat="39.681968" lon="-120.685968"/>
      <trkpt lat="39.682022" lon="-120.686165"/>
      <trkpt lat="39.682164" lon="-120.686523"/>
      <trkpt lat="39.682245" lon="-120.686708"/>
      <trkpt lat="39.682292" lon="-120.686803"/>
      <trkpt lat="39.682385" lon="-120.686933"/>
      <trkpt lat="39.682309" lon="-120.686931"/>
      <trkpt lat="39.682167" lon="-120.686802"/>
      <trkpt lat="39.682109" lon="-120.686764"/>
      <trkpt lat="39.682076" lon="-120.686797"/>
      <trkpt lat="39.682148" lon="-120.686874"/>
      <trkpt lat="39.682206" lon="-120.686974"/>
      <trkpt lat="39.682254" lon="-120.687102"/>
      <trkpt lat="39.682286" lon="-120.687255"/>
      <trkpt lat="39.682284" lon="-120.687631"/>
      <trkpt lat="39.682274" lon="-120.687832"/>
      <trkpt lat="39.682214" lon="-120.688143"/>
    </trkseg>
    <trkseg>
      <trkpt lat="39.682214" lon="-120.688143"/>
      <trkpt lat="39.682153" lon="-120.688501"/>
      <trkpt lat="39.682141" lon="-120.688638"/>
      <trkpt lat="39.682146" lon="-120.688882"/>
      <trkpt lat="39.682171" lon="-120.689012"/>
      <trkpt lat="39.682251" lon="-120.689174"/>
      <trkpt lat="39.682602" lon="-120.689631"/>
      <trkpt lat="39.682749" lon="-120.689872"/>
      <trkpt lat="39.682854" lon="-120.690039"/>
      <trkpt lat="39.683078" lon="-120.690232"/>
      <trkpt lat="39.683351" lon="-120.690447"/>
      <trkpt lat="39.683624" lon="-120.690755"/>
      <trkpt lat="39.683690" lon="-120.690808"/>
      <trkpt lat="39.683898" lon="-120.690924"/>
      <trkpt lat="39.684076" lon="-120.691112"/>
      <trkpt lat="39.684728" lon="-120.691525"/>
      <trkpt lat="39.685282" lon="-120.691997"/>
      <trkpt lat="39.685347" lon="-120.692040"/>
      <trkpt lat="39.685462" lon="-120.692091"/>
      <trkpt lat="39.685620" lon="-120.692273"/>
      <trkpt lat="39.685719" lon="-120.692491"/>
      <trkpt lat="39.685851" lon="-120.692663"/>
      <trkpt lat="39.685942" lon="-120.692738"/>
      <trkpt lat="39.686330" lon="-120.692926"/>
      <trkpt lat="39.686429" lon="-120.693006"/>
      <trkpt lat="39.686598" lon="-120.693194"/>
      <trkpt lat="39.686813" lon="-120.693440"/>
      <trkpt lat="39.687028" lon="-120.693650"/>
      <trkpt lat="39.687110" lon="-120.693827"/>
      <trkpt lat="39.687317" lon="-120.694116"/>
      <trkpt lat="39.687552" lon="-120.694470"/>
      <trkpt lat="39.687668" lon="-120.694669"/>
      <trkpt lat="39.687838" lon="-120.694906"/>
      <trkpt lat="39.687915" lon="-120.695014"/>
      <trkpt lat="39.687994" lon="-120.695168"/>
      <trkpt lat="39.688060" lon="-120.695232"/>
      <trkpt lat="39.688150" lon="-120.695254"/>
      <trkpt lat="39.688218" lon="-120.695312"/>
      <trkpt lat="39.688501" lon="-120.695844"/>
      <trkpt lat="39.688646" lon="-120.696053"/>
      <trkpt lat="39.688786" lon="-120.696241"/>
      <trkpt lat="39.688922" lon="-120.696402"/>
      <trkpt lat="39.689079" lon="-120.696525"/>
      <trkpt lat="39.689278" lon="-120.696664"/>
      <trkpt lat="39.689414" lon="-120.696740"/>
      <trkpt lat="39.689562" lon="-120.696788"/>
      <trkpt lat="39.689880" lon="-120.696917"/>
      <trkpt lat="39.690216" lon="-120.696971"/>
      <trkpt lat="39.690590" lon="-120.697013"/>
      <trkpt lat="39.690780" lon="-120.697061"/>
      <trkpt lat="39.691003" lon="-120.697126"/>
      <trkpt lat="39.691307" lon="-120.697132"/>
      <trkpt lat="39.691702" lon="-120.697162"/>
      <trkpt lat="39.691841" lon="-120.697220"/>
      <trkpt lat="39.691938" lon="-120.697303"/>
      <trkpt lat="39.691987" lon="-120.697368"/>
      <trkpt lat="39.692171" lon="-120.697710"/>
      <trkpt lat="39.692237" lon="-120.697979"/>
      <trkpt lat="39.692279" lon="-120.698204"/>
      <trkpt lat="39.692291" lon="-120.698343"/>
      <trkpt lat="39.692291" lon="-120.698564"/>
      <trkpt lat="39.692254" lon="-120.698794"/>
      <trkpt lat="39.692156" lon="-120.699046"/>
      <trkpt lat="39.692119" lon="-120.699189"/>
      <trkpt lat="39.692089" lon="-120.699390"/>
      <trkpt lat="39.692063" lon="-120.699461"/>
      <trkpt lat="39.691995" lon="-120.699550"/>
      <trkpt lat="39.691944" lon="-120.699590"/>
      <trkpt lat="39.691739" lon="-120.699663"/>
      <trkpt lat="39.691618" lon="-120.699745"/>
      <trkpt lat="39.691518" lon="-120.699860"/>
      <trkpt lat="39.691476" lon="-120.699967"/>
      <trkpt lat="39.691365" lon="-120.700445"/>
      <trkpt lat="39.691304" lon="-120.700576"/>
      <trkpt lat="39.691120" lon="-120.700790"/>
      <trkpt lat="39.691046" lon="-120.700846"/>
      <trkpt lat="39.690846" lon="-120.700972"/>
    </trkseg>
    <trkseg>
      <trkpt lat="39.690846" lon="-120.700972"/>
      <trkpt lat="39.690756" lon="-120.701003"/>
      <trkpt lat="39.690641" lon="-120.701031"/>
      <trkpt lat="39.690553" lon="-120.701025"/>
      <trkpt lat="39.690350" lon="-120.701055"/>
      <trkpt lat="39.689981" lon="-120.701160"/>
      <trkpt lat="39.689653" lon="-120.701156"/>
      <trkpt lat="39.689455" lon="-120.701214"/>
      <trkpt lat="39.689331" lon="-120.701227"/>
      <trkpt lat="39.689252" lon="-120.701269"/>
      <trkpt lat="39.689180" lon="-120.701384"/>
      <trkpt lat="39.689108" lon="-120.701583"/>
      <trkpt lat="39.688974" lon="-120.701757"/>
      <trkpt lat="39.688964" lon="-120.701828"/>
      <trkpt lat="39.689019" lon="-120.701890"/>
      <trkpt lat="39.689093" lon="-120.701904"/>
      <trkpt lat="39.689443" lon="-120.701894"/>
      <trkpt lat="39.689517" lon="-120.701918"/>
      <trkpt lat="39.689651" lon="-120.702051"/>
      <trkpt lat="39.689765" lon="-120.702278"/>
      <trkpt lat="39.689912" lon="-120.702762"/>
      <trkpt lat="39.690159" lon="-120.703327"/>
      <trkpt lat="39.690170" lon="-120.703440"/>
      <trkpt lat="39.690160" lon="-120.703625"/>
      <trkpt lat="39.690118" lon="-120.703881"/>
      <trkpt lat="39.690084" lon="-120.703983"/>
      <trkpt lat="39.690013" lon="-120.704121"/>
      <trkpt lat="39.689996" lon="-120.704203"/>
      <trkpt lat="39.690012" lon="-120.704440"/>
      <trkpt lat="39.690090" lon="-120.704665"/>
      <trkpt lat="39.690103" lon="-120.704740"/>
      <trkpt lat="39.690095" lon="-120.704829"/>
      <trkpt lat="39.690067" lon="-120.704898"/>
      <trkpt lat="39.689928" lon="-120.705105"/>
      <trkpt lat="39.689896" lon="-120.705197"/>
      <trkpt lat="39.689893" lon="-120.705297"/>
      <trkpt lat="39.689950" lon="-120.705397"/>
      <trkpt lat="39.690018" lon="-120.705425"/>
      <trkpt lat="39.690172" lon="-120.705425"/>
      <trkpt lat="39.690289" lon="-120.705379"/>
      <trkpt lat="39.690396" lon="-120.705296"/>
      <trkpt lat="39.690502" lon="-120.705260"/>
      <trkpt lat="39.690568" lon="-120.705286"/>
      <trkpt lat="39.690742" lon="-120.705427"/>
      <trkpt lat="39.690876" lon="-120.705512"/>
      <trkpt lat="39.691242" lon="-120.705640"/>
      <trkpt lat="39.691365" lon="-120.705633"/>
      <trkpt lat="39.691549" lon="-120.705578"/>
      <trkpt lat="39.691688" lon="-120.705612"/>
      <trkpt lat="39.691878" lon="-120.705706"/>
      <trkpt lat="39.692072" lon="-120.705841"/>
      <trkpt lat="39.692122" lon="-120.705878"/>
      <trkpt lat="39.692297" lon="-120.705934"/>
      <trkpt lat="39.692591" lon="-120.706119"/>
      <trkpt lat="39.692875" lon="-120.706219"/>
      <trkpt lat="39.693193" lon="-120.706415"/>
      <trkpt lat="39.693341" lon="-120.706513"/>
      <trkpt lat="39.693591" lon="-120.706671"/>
      <trkpt lat="39.693709" lon="-120.706747"/>
      <trkpt lat="39.693820" lon="-120.706760"/>
      <trkpt lat="39.694065" lon="-120.706923"/>
      <trkpt lat="39.694481" lon="-120.707007"/>
      <trkpt lat="39.694621" lon="-120.707014"/>
      <trkpt lat="39.694758" lon="-120.706986"/>
      <trkpt lat="39.694924" lon="-120.706823"/>
      <trkpt lat="39.695261" lon="-120.706611"/>
      <trkpt lat="39.695463" lon="-120.706432"/>
      <trkpt lat="39.695575" lon="-120.706353"/>
      <trkpt lat="39.695872" lon="-120.706256"/>
      <trkpt lat="39.695977" lon="-120.706194"/>
      <trkpt lat="39.696037" lon="-120.706106"/>
      <trkpt lat="39.696070" lon="-120.705972"/>
      <trkpt lat="39.696078" lon="-120.705835"/>
      <trkpt lat="39.696088" lon="-120.705773"/>
      <trkpt lat="39.696131" lon="-120.705702"/>
      <trkpt lat="39.696216" lon="-120.705631"/>
      <trkpt lat="39.696375" lon="-120.705495"/>
      <trkpt lat="39.696444" lon="-120.705400"/>
      <trkpt lat="39.696500" lon="-120.705272"/>
      <trkpt lat="39.696536" lon="-120.705189"/>
      <trkpt lat="39.696590" lon="-120.705093"/>
      <trkpt lat="39.696609" lon="-120.705052"/>
      <trkpt lat="39.696623" lon="-120.705045"/>
      <trkpt lat="39.696633" lon="-120.705055"/>
      <trkpt lat="39.696633" lon="-120.705089"/>
      <trkpt lat="39.696610" lon="-120.705202"/>
      <trkpt lat="39.696629" lon="-120.705317"/>
      <trkpt lat="39.696697" lon="-120.705414"/>
      <trkpt lat="39.696714" lon="-120.705439"/>
      <trkpt lat="39.696771" lon="-120.705449"/>
      <trkpt lat="39.696892" lon="-120.705437"/>
    </trkseg>
    <trkseg>
      <trkpt lat="39.696892" lon="-120.705437"/>
      <trkpt lat="39.696942" lon="-120.705489"/>
      <trkpt lat="39.696984" lon="-120.705549"/>
      <trkpt lat="39.696998" lon="-120.705594"/>
      <trkpt lat="39.696998" lon="-120.705641"/>
      <trkpt lat="39.696985" lon="-120.705728"/>
      <trkpt lat="39.696980" lon="-120.705814"/>
      <trkpt lat="39.696976" lon="-120.705883"/>
      <trkpt lat="39.696959" lon="-120.705960"/>
      <trkpt lat="39.696920" lon="-120.706071"/>
    </trkseg>
    <trkseg>
      <trkpt lat="39.696920" lon="-120.706071"/>
      <trkpt lat="39.696935" lon="-120.706142"/>
      <trkpt lat="39.696918" lon="-120.706321"/>
      <trkpt lat="39.696872" lon="-120.706471"/>
      <trkpt lat="39.696855" lon="-120.706582"/>
      <trkpt lat="39.696876" lon="-120.706834"/>
      <trkpt lat="39.696928" lon="-120.706992"/>
      <trkpt lat="39.697053" lon="-120.707203"/>
      <trkpt lat="39.697182" lon="-120.707303"/>
      <trkpt lat="39.697223" lon="-120.707341"/>
      <trkpt lat="39.697316" lon="-120.707671"/>
      <trkpt lat="39.697456" lon="-120.707988"/>
      <trkpt lat="39.697521" lon="-120.708099"/>
      <trkpt lat="39.697574" lon="-120.708151"/>
      <trkpt lat="39.697659" lon="-120.708209"/>
      <trkpt lat="39.697755" lon="-120.708242"/>
      <trkpt lat="39.697814" lon="-120.708252"/>
      <trkpt lat="39.697901" lon="-120.708291"/>
      <trkpt lat="39.697979" lon="-120.708276"/>
      <trkpt lat="39.698037" lon="-120.708197"/>
      <trkpt lat="39.698082" lon="-120.708071"/>
      <trkpt lat="39.698139" lon="-120.707888"/>
      <trkpt lat="39.698220" lon="-120.707721"/>
      <trkpt lat="39.698296" lon="-120.707644"/>
      <trkpt lat="39.698342" lon="-120.707609"/>
      <trkpt lat="39.698383" lon="-120.707602"/>
      <trkpt lat="39.698508" lon="-120.707628"/>
      <trkpt lat="39.698566" lon="-120.707727"/>
      <trkpt lat="39.698616" lon="-120.707750"/>
      <trkpt lat="39.698673" lon="-120.707739"/>
      <trkpt lat="39.698718" lon="-120.707763"/>
      <trkpt lat="39.698738" lon="-120.707801"/>
      <trkpt lat="39.698728" lon="-120.707851"/>
      <trkpt lat="39.698728" lon="-120.707904"/>
      <trkpt lat="39.698740" lon="-120.707934"/>
      <trkpt lat="39.698850" lon="-120.707997"/>
      <trkpt lat="39.698912" lon="-120.707995"/>
      <trkpt lat="39.698944" lon="-120.708007"/>
      <trkpt lat="39.698964" lon="-120.708048"/>
      <trkpt lat="39.698964" lon="-120.708095"/>
      <trkpt lat="39.699027" lon="-120.708286"/>
      <trkpt lat="39.699054" lon="-120.708329"/>
      <trkpt lat="39.699050" lon="-120.708446"/>
      <trkpt lat="39.699007" lon="-120.708605"/>
      <trkpt lat="39.698967" lon="-120.708667"/>
      <trkpt lat="39.698881" lon="-120.708740"/>
      <trkpt lat="39.698838" lon="-120.708799"/>
      <trkpt lat="39.698827" lon="-120.708891"/>
      <trkpt lat="39.698834" lon="-120.708957"/>
      <trkpt lat="39.698859" lon="-120.709036"/>
      <trkpt lat="39.698897" lon="-120.709115"/>
      <trkpt lat="39.698947" lon="-120.709174"/>
      <trkpt lat="39.698992" lon="-120.709201"/>
      <trkpt lat="39.699053" lon="-120.709213"/>
      <trkpt lat="39.699298" lon="-120.709243"/>
      <trkpt lat="39.699360" lon="-120.709294"/>
      <trkpt lat="39.699517" lon="-120.709333"/>
      <trkpt lat="39.699740" lon="-120.709337"/>
      <trkpt lat="39.699799" lon="-120.709351"/>
      <trkpt lat="39.699832" lon="-120.709401"/>
      <trkpt lat="39.699847" lon="-120.709476"/>
      <trkpt lat="39.699913" lon="-120.709738"/>
      <trkpt lat="39.699922" lon="-120.709903"/>
      <trkpt lat="39.699917" lon="-120.709987"/>
      <trkpt lat="39.699903" lon="-120.710025"/>
      <trkpt lat="39.699880" lon="-120.710057"/>
      <trkpt lat="39.699817" lon="-120.710053"/>
      <trkpt lat="39.699638" lon="-120.709980"/>
      <trkpt lat="39.699568" lon="-120.709980"/>
      <trkpt lat="39.699485" lon="-120.709998"/>
      <trkpt lat="39.699407" lon="-120.710058"/>
      <trkpt lat="39.699376" lon="-120.710132"/>
      <trkpt lat="39.699356" lon="-120.710221"/>
      <trkpt lat="39.699349" lon="-120.710454"/>
      <trkpt lat="39.699319" lon="-120.710583"/>
      <trkpt lat="39.699282" lon="-120.710682"/>
      <trkpt lat="39.699251" lon="-120.710730"/>
      <trkpt lat="39.699252" lon="-120.710819"/>
      <trkpt lat="39.699262" lon="-120.710878"/>
      <trkpt lat="39.699293" lon="-120.710973"/>
      <trkpt lat="39.699401" lon="-120.711154"/>
      <trkpt lat="39.699492" lon="-120.711243"/>
      <trkpt lat="39.699530" lon="-120.711269"/>
      <trkpt lat="39.699582" lon="-120.711286"/>
      <trkpt lat="39.699662" lon="-120.711300"/>
      <trkpt lat="39.699864" lon="-120.711281"/>
      <trkpt lat="39.700016" lon="-120.711329"/>
      <trkpt lat="39.700109" lon="-120.711415"/>
      <trkpt lat="39.700182" lon="-120.711542"/>
      <trkpt lat="39.700229" lon="-120.711676"/>
      <trkpt lat="39.700241" lon="-120.711733"/>
      <trkpt lat="39.700277" lon="-120.711807"/>
      <trkpt lat="39.700304" lon="-120.711827"/>
      <trkpt lat="39.700505" lon="-120.711844"/>
      <trkpt lat="39.700617" lon="-120.711890"/>
      <trkpt lat="39.700673" lon="-120.711960"/>
      <trkpt lat="39.700771" lon="-120.712117"/>
      <trkpt lat="39.700883" lon="-120.712460"/>
      <trkpt lat="39.700930" lon="-120.712557"/>
      <trkpt lat="39.700950" lon="-120.712691"/>
      <trkpt lat="39.700940" lon="-120.712802"/>
      <trkpt lat="39.700959" lon="-120.712911"/>
      <trkpt lat="39.701028" lon="-120.713037"/>
      <trkpt lat="39.701040" lon="-120.713128"/>
      <trkpt lat="39.701089" lon="-120.713224"/>
      <trkpt lat="39.701178" lon="-120.713320"/>
      <trkpt lat="39.701225" lon="-120.713442"/>
      <trkpt lat="39.701266" lon="-120.713533"/>
      <trkpt lat="39.701315" lon="-120.713593"/>
      <trkpt lat="39.701394" lon="-120.713635"/>
      <trkpt lat="39.701476" lon="-120.713640"/>
      <trkpt lat="39.701673" lon="-120.713576"/>
      <trkpt lat="39.701790" lon="-120.713558"/>
      <trkpt lat="39.701975" lon="-120.713570"/>
      <trkpt lat="39.702043" lon="-120.713555"/>
      <trkpt lat="39.702104" lon="-120.713515"/>
      <trkpt lat="39.702161" lon="-120.713435"/>
      <trkpt lat="39.702280" lon="-120.713213"/>
      <trkpt lat="39.702347" lon="-120.713140"/>
      <trkpt lat="39.702441" lon="-120.713055"/>
      <trkpt lat="39.702513" lon="-120.713022"/>
      <trkpt lat="39.702579" lon="-120.712998"/>
      <trkpt lat="39.702653" lon="-120.713042"/>
      <trkpt lat="39.702700" lon="-120.713110"/>
      <trkpt lat="39.702828" lon="-120.713475"/>
      <trkpt lat="39.702889" lon="-120.713600"/>
      <trkpt lat="39.703143" lon="-120.713906"/>
      <trkpt lat="39.703269" lon="-120.714095"/>
      <trkpt lat="39.703395" lon="-120.714275"/>
      <trkpt lat="39.703526" lon="-120.714509"/>
      <trkpt lat="39.703681" lon="-120.714726"/>
      <trkpt lat="39.703766" lon="-120.714927"/>
      <trkpt lat="39.703809" lon="-120.715008"/>
      <trkpt lat="39.703866" lon="-120.715038"/>
      <trkpt lat="39.703966" lon="-120.715036"/>
      <trkpt lat="39.704134" lon="-120.714971"/>
      <trkpt lat="39.704375" lon="-120.714960"/>
      <trkpt lat="39.704614" lon="-120.714914"/>
      <trkpt lat="39.704744" lon="-120.714865"/>
      <trkpt lat="39.704857" lon="-120.714799"/>
      <trkpt lat="39.704937" lon="-120.714769"/>
      <trkpt lat="39.705072" lon="-120.714733"/>
      <trkpt lat="39.705156" lon="-120.714689"/>
      <trkpt lat="39.705212" lon="-120.714694"/>
      <trkpt lat="39.705274" lon="-120.714742"/>
      <trkpt lat="39.705313" lon="-120.714764"/>
      <trkpt lat="39.705362" lon="-120.714760"/>
      <trkpt lat="39.705416" lon="-120.714721"/>
      <trkpt lat="39.705486" lon="-120.714685"/>
      <trkpt lat="39.705561" lon="-120.714687"/>
      <trkpt lat="39.705705" lon="-120.714786"/>
      <trkpt lat="39.706073" lon="-120.715228"/>
      <trkpt lat="39.706253" lon="-120.715550"/>
      <trkpt lat="39.706250" lon="-120.715675"/>
      <trkpt lat="39.706169" lon="-120.715777"/>
      <trkpt lat="39.705949" lon="-120.715958"/>
      <trkpt lat="39.705823" lon="-120.716043"/>
      <trkpt lat="39.705767" lon="-120.716092"/>
      <trkpt lat="39.705734" lon="-120.716156"/>
      <trkpt lat="39.705672" lon="-120.716261"/>
      <trkpt lat="39.705658" lon="-120.716368"/>
      <trkpt lat="39.705686" lon="-120.716470"/>
    </trkseg>
    <trkseg>
      <trkpt lat="39.705686" lon="-120.716470"/>
      <trkpt lat="39.705742" lon="-120.716719"/>
      <trkpt lat="39.705812" lon="-120.716853"/>
      <trkpt lat="39.705897" lon="-120.717049"/>
      <trkpt lat="39.706037" lon="-120.717393"/>
      <trkpt lat="39.706227" lon="-120.717878"/>
      <trkpt lat="39.706334" lon="-120.718122"/>
      <trkpt lat="39.706372" lon="-120.718286"/>
      <trkpt lat="39.706372" lon="-120.718490"/>
      <trkpt lat="39.706421" lon="-120.718801"/>
      <trkpt lat="39.706611" lon="-120.719412"/>
      <trkpt lat="39.706654" lon="-120.719632"/>
      <trkpt lat="39.706700" lon="-120.719780"/>
      <trkpt lat="39.706718" lon="-120.719938"/>
      <trkpt lat="39.706780" lon="-120.720136"/>
      <trkpt lat="39.706951" lon="-120.720445"/>
      <trkpt lat="39.707112" lon="-120.720654"/>
      <trkpt lat="39.707240" lon="-120.720831"/>
      <trkpt lat="39.707332" lon="-120.720928"/>
      <trkpt lat="39.707481" lon="-120.721180"/>
      <trkpt lat="39.707639" lon="-120.721467"/>
      <trkpt lat="39.707730" lon="-120.721694"/>
      <trkpt lat="39.707781" lon="-120.721857"/>
      <trkpt lat="39.707890" lon="-120.722175"/>
      <trkpt lat="39.708023" lon="-120.722439"/>
      <trkpt lat="39.708023" lon="-120.722481"/>
      <trkpt lat="39.708003" lon="-120.722533"/>
      <trkpt lat="39.707981" lon="-120.722561"/>
      <trkpt lat="39.707945" lon="-120.722592"/>
      <trkpt lat="39.707875" lon="-120.722631"/>
      <trkpt lat="39.707815" lon="-120.722644"/>
      <trkpt lat="39.707772" lon="-120.722628"/>
      <trkpt lat="39.707726" lon="-120.722572"/>
      <trkpt lat="39.707654" lon="-120.722446"/>
      <trkpt lat="39.707612" lon="-120.722352"/>
      <trkpt lat="39.707598" lon="-120.722343"/>
      <trkpt lat="39.707582" lon="-120.722353"/>
      <trkpt lat="39.707582" lon="-120.722462"/>
      <trkpt lat="39.707551" lon="-120.722674"/>
      <trkpt lat="39.707502" lon="-120.722927"/>
      <trkpt lat="39.707490" lon="-120.723055"/>
      <trkpt lat="39.707437" lon="-120.723226"/>
      <trkpt lat="39.707425" lon="-120.723319"/>
      <trkpt lat="39.707421" lon="-120.723672"/>
      <trkpt lat="39.707400" lon="-120.723988"/>
      <trkpt lat="39.707398" lon="-120.724177"/>
      <trkpt lat="39.707385" lon="-120.724295"/>
      <trkpt lat="39.707356" lon="-120.724409"/>
      <trkpt lat="39.707279" lon="-120.724601"/>
      <trkpt lat="39.707203" lon="-120.724746"/>
      <trkpt lat="39.707128" lon="-120.724880"/>
      <trkpt lat="39.707018" lon="-120.725021"/>
      <trkpt lat="39.706946" lon="-120.725137"/>
      <trkpt lat="39.706873" lon="-120.725217"/>
      <trkpt lat="39.706614" lon="-120.725550"/>
      <trkpt lat="39.706438" lon="-120.725769"/>
      <trkpt lat="39.706296" lon="-120.725970"/>
      <trkpt lat="39.706164" lon="-120.726135"/>
      <trkpt lat="39.706086" lon="-120.726225"/>
      <trkpt lat="39.706005" lon="-120.726277"/>
      <trkpt lat="39.705962" lon="-120.726331"/>
      <trkpt lat="39.705870" lon="-120.726467"/>
      <trkpt lat="39.705485" lon="-120.726964"/>
      <trkpt lat="39.705457" lon="-120.727036"/>
      <trkpt lat="39.705438" lon="-120.727102"/>
      <trkpt lat="39.705430" lon="-120.727205"/>
      <trkpt lat="39.705443" lon="-120.727298"/>
      <trkpt lat="39.705466" lon="-120.727409"/>
      <trkpt lat="39.705554" lon="-120.727657"/>
      <trkpt lat="39.705669" lon="-120.727932"/>
      <trkpt lat="39.705756" lon="-120.728167"/>
      <trkpt lat="39.705773" lon="-120.728298"/>
      <trkpt lat="39.705802" lon="-120.728415"/>
      <trkpt lat="39.705871" lon="-120.728563"/>
      <trkpt lat="39.705993" lon="-120.728733"/>
      <trkpt lat="39.706109" lon="-120.728878"/>
      <trkpt lat="39.706181" lon="-120.728958"/>
      <trkpt lat="39.706238" lon="-120.729052"/>
      <trkpt lat="39.706280" lon="-120.729209"/>
      <trkpt lat="39.706288" lon="-120.729277"/>
      <trkpt lat="39.706340" lon="-120.729453"/>
      <trkpt lat="39.706352" lon="-120.729531"/>
      <trkpt lat="39.706312" lon="-120.729732"/>
      <trkpt lat="39.706286" lon="-120.729889"/>
      <trkpt lat="39.706262" lon="-120.730063"/>
      <trkpt lat="39.706228" lon="-120.730187"/>
      <trkpt lat="39.706198" lon="-120.730266"/>
      <trkpt lat="39.706196" lon="-120.730429"/>
      <trkpt lat="39.706201" lon="-120.730625"/>
      <trkpt lat="39.706193" lon="-120.730738"/>
      <trkpt lat="39.706175" lon="-120.730873"/>
      <trkpt lat="39.706186" lon="-120.731026"/>
      <trkpt lat="39.706204" lon="-120.731158"/>
      <trkpt lat="39.706212" lon="-120.731441"/>
      <trkpt lat="39.706212" lon="-120.731715"/>
      <trkpt lat="39.706248" lon="-120.732091"/>
      <trkpt lat="39.706233" lon="-120.732287"/>
      <trkpt lat="39.706211" lon="-120.732442"/>
      <trkpt lat="39.706132" lon="-120.732644"/>
      <trkpt lat="39.706087" lon="-120.732772"/>
      <trkpt lat="39.706029" lon="-120.733105"/>
      <trkpt lat="39.706015" lon="-120.733338"/>
      <trkpt lat="39.705975" lon="-120.733497"/>
      <trkpt lat="39.705897" lon="-120.733695"/>
      <trkpt lat="39.705866" lon="-120.733829"/>
      <trkpt lat="39.705827" lon="-120.734041"/>
      <trkpt lat="39.705808" lon="-120.734183"/>
      <trkpt lat="39.705798" lon="-120.734425"/>
      <trkpt lat="39.705835" lon="-120.734754"/>
      <trkpt lat="39.705895" lon="-120.735039"/>
      <trkpt lat="39.705901" lon="-120.735256"/>
      <trkpt lat="39.705940" lon="-120.735484"/>
      <trkpt lat="39.706012" lon="-120.735669"/>
      <trkpt lat="39.706068" lon="-120.735863"/>
      <trkpt lat="39.706221" lon="-120.736114"/>
      <trkpt lat="39.706380" lon="-120.736455"/>
      <trkpt lat="39.706625" lon="-120.736957"/>
      <trkpt lat="39.706832" lon="-120.737418"/>
      <trkpt lat="39.706890" lon="-120.737512"/>
      <trkpt lat="39.707042" lon="-120.737619"/>
      <trkpt lat="39.707234" lon="-120.737793"/>
      <trkpt lat="39.707403" lon="-120.737879"/>
      <trkpt lat="39.707500" lon="-120.737965"/>
      <trkpt lat="39.707647" lon="-120.738164"/>
      <trkpt lat="39.707734" lon="-120.738209"/>
      <trkpt lat="39.707826" lon="-120.738196"/>
      <trkpt lat="39.707886" lon="-120.738147"/>
      <trkpt lat="39.707901" lon="-120.738196"/>
      <trkpt lat="39.707831" lon="-120.738271"/>
      <trkpt lat="39.707725" lon="-120.738327"/>
      <trkpt lat="39.707579" lon="-120.738386"/>
      <trkpt lat="39.707372" lon="-120.738440"/>
      <trkpt lat="39.707189" lon="-120.738448"/>
      <trkpt lat="39.707112" lon="-120.738443"/>
      <trkpt lat="39.707071" lon="-120.738488"/>
      <trkpt lat="39.707183" lon="-120.738580"/>
      <trkpt lat="39.707257" lon="-120.738660"/>
      <trkpt lat="39.707385" lon="-120.738711"/>
      <trkpt lat="39.707457" lon="-120.738751"/>
      <trkpt lat="39.707597" lon="-120.738799"/>
      <trkpt lat="39.707758" lon="-120.738834"/>
      <trkpt lat="39.707915" lon="-120.738858"/>
      <trkpt lat="39.707985" lon="-120.738834"/>
      <trkpt lat="39.708043" lon="-120.738746"/>
      <trkpt lat="39.708095" lon="-120.738657"/>
      <trkpt lat="39.708165" lon="-120.738606"/>
      <trkpt lat="39.708301" lon="-120.738612"/>
      <trkpt lat="39.708363" lon="-120.738649"/>
      <trkpt lat="39.708470" lon="-120.738746"/>
      <trkpt lat="39.708526" lon="-120.738772"/>
      <trkpt lat="39.708615" lon="-120.738756"/>
      <trkpt lat="39.708720" lon="-120.738679"/>
      <trkpt lat="39.708804" lon="-120.738687"/>
      <trkpt lat="39.708850" lon="-120.738703"/>
      <trkpt lat="39.709021" lon="-120.738874"/>
      <trkpt lat="39.709178" lon="-120.739000"/>
      <trkpt lat="39.709516" lon="-120.739054"/>
      <trkpt lat="39.709679" lon="-120.739129"/>
      <trkpt lat="39.709838" lon="-120.739220"/>
      <trkpt lat="39.709993" lon="-120.739269"/>
      <trkpt lat="39.710517" lon="-120.739307"/>
      <trkpt lat="39.710662" lon="-120.739362"/>
      <trkpt lat="39.710814" lon="-120.739459"/>
      <trkpt lat="39.711074" lon="-120.739612"/>
      <trkpt lat="39.711192" lon="-120.739695"/>
      <trkpt lat="39.711293" lon="-120.739735"/>
      <trkpt lat="39.711351" lon="-120.739808"/>
      <trkpt lat="39.711382" lon="-120.739891"/>
      <trkpt lat="39.711396" lon="-120.739974"/>
      <trkpt lat="39.711379" lon="-120.740124"/>
      <trkpt lat="39.711340" lon="-120.740360"/>
      <trkpt lat="39.711342" lon="-120.740484"/>
      <trkpt lat="39.711305" lon="-120.740545"/>
      <trkpt lat="39.711196" lon="-120.740650"/>
      <trkpt lat="39.711082" lon="-120.740840"/>
      <trkpt lat="39.710996" lon="-120.741026"/>
      <trkpt lat="39.710948" lon="-120.741275"/>
      <trkpt lat="39.710903" lon="-120.741546"/>
      <trkpt lat="39.710903" lon="-120.742103"/>
      <trkpt lat="39.710932" lon="-120.742326"/>
      <trkpt lat="39.711023" lon="-120.742688"/>
      <trkpt lat="39.711196" lon="-120.743142"/>
      <trkpt lat="39.711375" lon="-120.743563"/>
      <trkpt lat="39.711400" lon="-120.743775"/>
      <trkpt lat="39.711398" lon="-120.743890"/>
      <trkpt lat="39.711404" lon="-120.743984"/>
      <trkpt lat="39.711524" lon="-120.744290"/>
      <trkpt lat="39.711640" lon="-120.744712"/>
      <trkpt lat="39.711822" lon="-120.745040"/>
      <trkpt lat="39.711955" lon="-120.745168"/>
      <trkpt lat="39.712056" lon="-120.745202"/>
      <trkpt lat="39.712242" lon="-120.745153"/>
      <trkpt lat="39.712428" lon="-120.745143"/>
      <trkpt lat="39.712698" lon="-120.744972"/>
      <trkpt lat="39.712883" lon="-120.744700"/>
      <trkpt lat="39.713030" lon="-120.744628"/>
      <trkpt lat="39.713187" lon="-120.744628"/>
      <trkpt lat="39.713381" lon="-120.744703"/>
      <trkpt lat="39.713558" lon="-120.744853"/>
      <trkpt lat="39.713748" lon="-120.744992"/>
      <trkpt lat="39.714015" lon="-120.745085"/>
      <trkpt lat="39.714459" lon="-120.745195"/>
      <trkpt lat="39.714547" lon="-120.745254"/>
      <trkpt lat="39.714656" lon="-120.745252"/>
      <trkpt lat="39.714767" lon="-120.745238"/>
      <trkpt lat="39.714878" lon="-120.745209"/>
      <trkpt lat="39.714982" lon="-120.745189"/>
      <trkpt lat="39.715019" lon="-120.745201"/>
      <trkpt lat="39.715033" lon="-120.745258"/>
      <trkpt lat="39.715006" lon="-120.745340"/>
      <trkpt lat="39.714986" lon="-120.745561"/>
      <trkpt lat="39.714946" lon="-120.745707"/>
      <trkpt lat="39.714920" lon="-120.746009"/>
      <trkpt lat="39.714852" lon="-120.746363"/>
      <trkpt lat="39.714827" lon="-120.746554"/>
      <trkpt lat="39.714786" lon="-120.746763"/>
      <trkpt lat="39.714768" lon="-120.746918"/>
      <trkpt lat="39.714753" lon="-120.747117"/>
      <trkpt lat="39.714747" lon="-120.747256"/>
      <trkpt lat="39.714722" lon="-120.747455"/>
      <trkpt lat="39.714734" lon="-120.747581"/>
      <trkpt lat="39.714774" lon="-120.747726"/>
      <trkpt lat="39.714811" lon="-120.747828"/>
      <trkpt lat="39.714819" lon="-120.747892"/>
      <trkpt lat="39.714829" lon="-120.748120"/>
      <trkpt lat="39.714819" lon="-120.748198"/>
      <trkpt lat="39.714734" lon="-120.748367"/>
      <trkpt lat="39.714699" lon="-120.748490"/>
      <trkpt lat="39.714699" lon="-120.748533"/>
      <trkpt lat="39.714724" lon="-120.748603"/>
      <trkpt lat="39.714786" lon="-120.748656"/>
      <trkpt lat="39.714858" lon="-120.748742"/>
      <trkpt lat="39.714943" lon="-120.748847"/>
      <trkpt lat="39.715046" lon="-120.748997"/>
      <trkpt lat="39.715116" lon="-120.749061"/>
      <trkpt lat="39.715178" lon="-120.749099"/>
      <trkpt lat="39.715230" lon="-120.749123"/>
      <trkpt lat="39.715314" lon="-120.749260"/>
      <trkpt lat="39.715411" lon="-120.749448"/>
      <trkpt lat="39.715519" lon="-120.749574"/>
      <trkpt lat="39.715733" lon="-120.749812"/>
      <trkpt lat="39.715955" lon="-120.750158"/>
      <trkpt lat="39.716053" lon="-120.750247"/>
      <trkpt lat="39.716177" lon="-120.750325"/>
      <trkpt lat="39.716335" lon="-120.750370"/>
      <trkpt lat="39.716532" lon="-120.750435"/>
      <trkpt lat="39.716604" lon="-120.750504"/>
      <trkpt lat="39.716647" lon="-120.750558"/>
      <trkpt lat="39.716649" lon="-120.750609"/>
      <trkpt lat="39.716637" lon="-120.750687"/>
      <trkpt lat="39.716641" lon="-120.750837"/>
      <trkpt lat="39.716655" lon="-120.751014"/>
      <trkpt lat="39.716688" lon="-120.751127"/>
      <trkpt lat="39.716730" lon="-120.751183"/>
      <trkpt lat="39.716783" lon="-120.751245"/>
      <trkpt lat="39.716820" lon="-120.751521"/>
      <trkpt lat="39.716804" lon="-120.751567"/>
      <trkpt lat="39.716734" lon="-120.751695"/>
      <trkpt lat="39.716606" lon="-120.751878"/>
      <trkpt lat="39.716550" lon="-120.751939"/>
      <trkpt lat="39.716478" lon="-120.751961"/>
      <trkpt lat="39.716381" lon="-120.751972"/>
      <trkpt lat="39.716329" lon="-120.751985"/>
      <trkpt lat="39.716270" lon="-120.752055"/>
      <trkpt lat="39.716005" lon="-120.752672"/>
      <trkpt lat="39.715993" lon="-120.752752"/>
      <trkpt lat="39.716001" lon="-120.752798"/>
      <trkpt lat="39.716123" lon="-120.752886"/>
      <trkpt lat="39.716234" lon="-120.752985"/>
      <trkpt lat="39.716338" lon="-120.753066"/>
      <trkpt lat="39.716503" lon="-120.753205"/>
      <trkpt lat="39.716760" lon="-120.753401"/>
      <trkpt lat="39.716789" lon="-120.753433"/>
      <trkpt lat="39.716798" lon="-120.753487"/>
      <trkpt lat="39.716798" lon="-120.753573"/>
      <trkpt lat="39.716789" lon="-120.753726"/>
      <trkpt lat="39.716798" lon="-120.753943"/>
      <trkpt lat="39.716818" lon="-120.754021"/>
      <trkpt lat="39.716825" lon="-120.754163"/>
      <trkpt lat="39.716820" lon="-120.754340"/>
      <trkpt lat="39.716783" lon="-120.754533"/>
      <trkpt lat="39.716697" lon="-120.754815"/>
      <trkpt lat="39.716674" lon="-120.754935"/>
      <trkpt lat="39.716670" lon="-120.755016"/>
      <trkpt lat="39.716695" lon="-120.755118"/>
      <trkpt lat="39.716853" lon="-120.755531"/>
      <trkpt lat="39.716919" lon="-120.755684"/>
      <trkpt lat="39.717155" lon="-120.755982"/>
      <trkpt lat="39.717278" lon="-120.756051"/>
      <trkpt lat="39.717499" lon="-120.756116"/>
      <trkpt lat="39.717545" lon="-120.756148"/>
      <trkpt lat="39.717602" lon="-120.756239"/>
      <trkpt lat="39.717683" lon="-120.756400"/>
      <trkpt lat="39.717740" lon="-120.756470"/>
      <trkpt lat="39.717838" lon="-120.756545"/>
      <trkpt lat="39.717943" lon="-120.756596"/>
      <trkpt lat="39.718025" lon="-120.756682"/>
      <trkpt lat="39.718116" lon="-120.756818"/>
      <trkpt lat="39.718149" lon="-120.756939"/>
      <trkpt lat="39.718135" lon="-120.757054"/>
      <trkpt lat="39.718095" lon="-120.757215"/>
      <trkpt lat="39.718075" lon="-120.757320"/>
      <trkpt lat="39.718095" lon="-120.757430"/>
      <trkpt lat="39.718102" lon="-120.757553"/>
      <trkpt lat="39.718097" lon="-120.757685"/>
      <trkpt lat="39.718122" lon="-120.757840"/>
      <trkpt lat="39.718155" lon="-120.757945"/>
      <trkpt lat="39.718250" lon="-120.758154"/>
      <trkpt lat="39.718324" lon="-120.758285"/>
      <trkpt lat="39.718337" lon="-120.758350"/>
      <trkpt lat="39.718320" lon="-120.758414"/>
      <trkpt lat="39.718265" lon="-120.758463"/>
      <trkpt lat="39.718145" lon="-120.758497"/>
      <trkpt lat="39.717875" lon="-120.758562"/>
      <trkpt lat="39.717699" lon="-120.758642"/>
      <trkpt lat="39.717257" lon="-120.758888"/>
      <trkpt lat="39.717147" lon="-120.759010"/>
      <trkpt lat="39.717102" lon="-120.759180"/>
      <trkpt lat="39.717093" lon="-120.759485"/>
      <trkpt lat="39.717190" lon="-120.760190"/>
      <trkpt lat="39.717219" lon="-120.760614"/>
      <trkpt lat="39.717202" lon="-120.761070"/>
      <trkpt lat="39.717194" lon="-120.761612"/>
      <trkpt lat="39.717115" lon="-120.761971"/>
      <trkpt lat="39.716967" lon="-120.762352"/>
      <trkpt lat="39.716789" lon="-120.762566"/>
      <trkpt lat="39.716445" lon="-120.762918"/>
      <trkpt lat="39.716290" lon="-120.763213"/>
      <trkpt lat="39.716232" lon="-120.763800"/>
      <trkpt lat="39.716242" lon="-120.764293"/>
      <trkpt lat="39.716378" lon="-120.765042"/>
      <trkpt lat="39.716463" lon="-120.766063"/>
      <trkpt lat="39.716405" lon="-120.767030"/>
      <trkpt lat="39.716308" lon="-120.767382"/>
      <trkpt lat="39.716280" lon="-120.767875"/>
      <trkpt lat="39.716352" lon="-120.767885"/>
      <trkpt lat="39.716550" lon="-120.767609"/>
      <trkpt lat="39.716682" lon="-120.767539"/>
      <trkpt lat="39.716847" lon="-120.767303"/>
      <trkpt lat="39.717058" lon="-120.766992"/>
      <trkpt lat="39.717157" lon="-120.766724"/>
      <trkpt lat="39.717285" lon="-120.766456"/>
      <trkpt lat="39.717285" lon="-120.766053"/>
      <trkpt lat="39.717309" lon="-120.765774"/>
      <trkpt lat="39.717314" lon="-120.765683"/>
      <trkpt lat="39.717351" lon="-120.765683"/>
      <trkpt lat="39.717462" lon="-120.765914"/>
      <trkpt lat="39.718036" lon="-120.766794"/>
      <trkpt lat="39.718100" lon="-120.767132"/>
      <trkpt lat="39.718153" lon="-120.767527"/>
      <trkpt lat="39.718118" lon="-120.767952"/>
      <trkpt lat="39.718102" lon="-120.768532"/>
      <trkpt lat="39.718139" lon="-120.768679"/>
      <trkpt lat="39.718263" lon="-120.768848"/>
      <trkpt lat="39.718418" lon="-120.769230"/>
      <trkpt lat="39.718531" lon="-120.769368"/>
      <trkpt lat="39.718668" lon="-120.769460"/>
      <trkpt lat="39.719170" lon="-120.769647"/>
      <trkpt lat="39.719637" lon="-120.769975"/>
      <trkpt lat="39.719894" lon="-120.770052"/>
      <trkpt lat="39.720035" lon="-120.770084"/>
      <trkpt lat="39.720073" lon="-120.770142"/>
      <trkpt lat="39.720083" lon="-120.770189"/>
      <trkpt lat="39.720083" lon="-120.770261"/>
      <trkpt lat="39.720074" lon="-120.770315"/>
      <trkpt lat="39.720064" lon="-120.770345"/>
      <trkpt lat="39.719988" lon="-120.770392"/>
      <trkpt lat="39.719888" lon="-120.770480"/>
    </trkseg>
    <trkseg>
      <trkpt lat="39.719888" lon="-120.770480"/>
      <trkpt lat="39.719740" lon="-120.770581"/>
      <trkpt lat="39.719250" lon="-120.771100"/>
    </trkseg>
    <trkseg>
      <trkpt lat="39.719250" lon="-120.771100"/>
      <trkpt lat="39.719105" lon="-120.771205"/>
      <trkpt lat="39.718989" lon="-120.771324"/>
      <trkpt lat="39.718858" lon="-120.771454"/>
      <trkpt lat="39.718641" lon="-120.771606"/>
      <trkpt lat="39.718490" lon="-120.771716"/>
      <trkpt lat="39.718269" lon="-120.771940"/>
      <trkpt lat="39.718176" lon="-120.772043"/>
      <trkpt lat="39.718063" lon="-120.772216"/>
      <trkpt lat="39.717971" lon="-120.772447"/>
      <trkpt lat="39.717914" lon="-120.772678"/>
      <trkpt lat="39.717890" lon="-120.772897"/>
      <trkpt lat="39.717887" lon="-120.773194"/>
      <trkpt lat="39.717887" lon="-120.773273"/>
      <trkpt lat="39.717860" lon="-120.773334"/>
      <trkpt lat="39.717835" lon="-120.773387"/>
      <trkpt lat="39.717817" lon="-120.773409"/>
      <trkpt lat="39.717829" lon="-120.773418"/>
      <trkpt lat="39.717865" lon="-120.773399"/>
      <trkpt lat="39.717914" lon="-120.773315"/>
      <trkpt lat="39.717993" lon="-120.773101"/>
      <trkpt lat="39.718111" lon="-120.772760"/>
      <trkpt lat="39.718187" lon="-120.772603"/>
      <trkpt lat="39.718209" lon="-120.772574"/>
      <trkpt lat="39.718287" lon="-120.772470"/>
      <trkpt lat="39.718422" lon="-120.772365"/>
      <trkpt lat="39.718524" lon="-120.772321"/>
      <trkpt lat="39.718634" lon="-120.772314"/>
      <trkpt lat="39.718772" lon="-120.772318"/>
      <trkpt lat="39.718844" lon="-120.772290"/>
      <trkpt lat="39.718916" lon="-120.772230"/>
      <trkpt lat="39.719058" lon="-120.772111"/>
      <trkpt lat="39.719115" lon="-120.772080"/>
      <trkpt lat="39.719198" lon="-120.772057"/>
      <trkpt lat="39.719268" lon="-120.772022"/>
      <trkpt lat="39.719363" lon="-120.771947"/>
      <trkpt lat="39.719413" lon="-120.771942"/>
      <trkpt lat="39.719534" lon="-120.771940"/>
      <trkpt lat="39.719651" lon="-120.771917"/>
      <trkpt lat="39.719673" lon="-120.771899"/>
      <trkpt lat="39.719693" lon="-120.771891"/>
      <trkpt lat="39.719709" lon="-120.771907"/>
      <trkpt lat="39.719708" lon="-120.771933"/>
      <trkpt lat="39.719681" lon="-120.771980"/>
      <trkpt lat="39.719639" lon="-120.772004"/>
      <trkpt lat="39.719564" lon="-120.772012"/>
      <trkpt lat="39.719489" lon="-120.772055"/>
      <trkpt lat="39.719432" lon="-120.772102"/>
      <trkpt lat="39.719313" lon="-120.772301"/>
      <trkpt lat="39.719238" lon="-120.772411"/>
      <trkpt lat="39.719103" lon="-120.772537"/>
      <trkpt lat="39.718988" lon="-120.772620"/>
    </trkseg>
    <trkseg>
      <trkpt lat="39.718988" lon="-120.772620"/>
      <trkpt lat="39.718939" lon="-120.772682"/>
      <trkpt lat="39.718891" lon="-120.772714"/>
      <trkpt lat="39.718790" lon="-120.772761"/>
      <trkpt lat="39.718773" lon="-120.772791"/>
    </trkseg>
    <trkseg>
      <trkpt lat="39.718773" lon="-120.772791"/>
      <trkpt lat="39.718778" lon="-120.772816"/>
      <trkpt lat="39.718801" lon="-120.772828"/>
      <trkpt lat="39.719011" lon="-120.772771"/>
      <trkpt lat="39.719158" lon="-120.772757"/>
      <trkpt lat="39.719231" lon="-120.772741"/>
      <trkpt lat="39.719275" lon="-120.772726"/>
      <trkpt lat="39.719344" lon="-120.772684"/>
      <trkpt lat="39.719371" lon="-120.772688"/>
      <trkpt lat="39.719383" lon="-120.772726"/>
      <trkpt lat="39.719374" lon="-120.772769"/>
      <trkpt lat="39.719330" lon="-120.772785"/>
      <trkpt lat="39.719275" lon="-120.772791"/>
      <trkpt lat="39.719225" lon="-120.772828"/>
      <trkpt lat="39.719167" lon="-120.772863"/>
      <trkpt lat="39.719105" lon="-120.772881"/>
      <trkpt lat="39.719034" lon="-120.772881"/>
      <trkpt lat="39.718973" lon="-120.772901"/>
      <trkpt lat="39.718939" lon="-120.772936"/>
      <trkpt lat="39.718906" lon="-120.772948"/>
      <trkpt lat="39.718844" lon="-120.772942"/>
      <trkpt lat="39.718697" lon="-120.773033"/>
      <trkpt lat="39.718656" lon="-120.773086"/>
      <trkpt lat="39.718606" lon="-120.773222"/>
      <trkpt lat="39.718575" lon="-120.773367"/>
      <trkpt lat="39.718553" lon="-120.773554"/>
      <trkpt lat="39.718564" lon="-120.773621"/>
      <trkpt lat="39.718578" lon="-120.773623"/>
      <trkpt lat="39.718593" lon="-120.773580"/>
      <trkpt lat="39.718623" lon="-120.773458"/>
      <trkpt lat="39.718680" lon="-120.773340"/>
      <trkpt lat="39.718747" lon="-120.773243"/>
      <trkpt lat="39.718795" lon="-120.773188"/>
      <trkpt lat="39.719020" lon="-120.773163"/>
      <trkpt lat="39.719099" lon="-120.773198"/>
      <trkpt lat="39.719158" lon="-120.773206"/>
      <trkpt lat="39.719200" lon="-120.773192"/>
      <trkpt lat="39.719247" lon="-120.773155"/>
      <trkpt lat="39.719286" lon="-120.773133"/>
      <trkpt lat="39.719343" lon="-120.773129"/>
      <trkpt lat="39.719443" lon="-120.773090"/>
      <trkpt lat="39.719550" lon="-120.773009"/>
      <trkpt lat="39.719619" lon="-120.772991"/>
      <trkpt lat="39.719683" lon="-120.772985"/>
      <trkpt lat="39.719724" lon="-120.772964"/>
      <trkpt lat="39.719782" lon="-120.772903"/>
      <trkpt lat="39.719799" lon="-120.772850"/>
      <trkpt lat="39.719838" lon="-120.772763"/>
      <trkpt lat="39.719885" lon="-120.772724"/>
      <trkpt lat="39.719937" lon="-120.772702"/>
      <trkpt lat="39.719968" lon="-120.772667"/>
      <trkpt lat="39.719996" lon="-120.772592"/>
      <trkpt lat="39.720023" lon="-120.772562"/>
      <trkpt lat="39.720101" lon="-120.772558"/>
      <trkpt lat="39.720190" lon="-120.772592"/>
      <trkpt lat="39.720285" lon="-120.772667"/>
      <trkpt lat="39.720501" lon="-120.772958"/>
      <trkpt lat="39.720564" lon="-120.773013"/>
      <trkpt lat="39.720604" lon="-120.773042"/>
      <trkpt lat="39.720942" lon="-120.773176"/>
      <trkpt lat="39.720979" lon="-120.773202"/>
      <trkpt lat="39.720981" lon="-120.773220"/>
      <trkpt lat="39.720959" lon="-120.773224"/>
      <trkpt lat="39.720920" lon="-120.773206"/>
      <trkpt lat="39.720875" lon="-120.773224"/>
      <trkpt lat="39.720789" lon="-120.773247"/>
      <trkpt lat="39.720643" lon="-120.773251"/>
      <trkpt lat="39.720496" lon="-120.773277"/>
      <trkpt lat="39.720401" lon="-120.773263"/>
      <trkpt lat="39.720331" lon="-120.773230"/>
      <trkpt lat="39.720227" lon="-120.773149"/>
      <trkpt lat="39.720084" lon="-120.773017"/>
      <trkpt lat="39.720046" lon="-120.772997"/>
      <trkpt lat="39.720002" lon="-120.772999"/>
      <trkpt lat="39.719951" lon="-120.773058"/>
      <trkpt lat="39.719876" lon="-120.773198"/>
      <trkpt lat="39.719774" lon="-120.773320"/>
      <trkpt lat="39.719657" lon="-120.773440"/>
      <trkpt lat="39.719605" lon="-120.773462"/>
      <trkpt lat="39.719361" lon="-120.773619"/>
      <trkpt lat="39.719227" lon="-120.773747"/>
      <trkpt lat="39.719152" lon="-120.773783"/>
      <trkpt lat="39.719085" lon="-120.773783"/>
      <trkpt lat="39.719031" lon="-120.773804"/>
      <trkpt lat="39.719003" lon="-120.773848"/>
      <trkpt lat="39.718977" lon="-120.773981"/>
      <trkpt lat="39.718889" lon="-120.774210"/>
      <trkpt lat="39.718833" lon="-120.774491"/>
      <trkpt lat="39.718714" lon="-120.774745"/>
      <trkpt lat="39.718623" lon="-120.774881"/>
      <trkpt lat="39.718547" lon="-120.775042"/>
      <trkpt lat="39.718486" lon="-120.775056"/>
      <trkpt lat="39.718332" lon="-120.775068"/>
      <trkpt lat="39.718068" lon="-120.775058"/>
      <trkpt lat="39.717953" lon="-120.775040"/>
      <trkpt lat="39.717845" lon="-120.774989"/>
      <trkpt lat="39.717540" lon="-120.774897"/>
      <trkpt lat="39.716930" lon="-120.774861"/>
      <trkpt lat="39.716545" lon="-120.774830"/>
      <trkpt lat="39.716470" lon="-120.774835"/>
      <trkpt lat="39.716342" lon="-120.774760"/>
      <trkpt lat="39.716216" lon="-120.774832"/>
      <trkpt lat="39.716022" lon="-120.774805"/>
      <trkpt lat="39.715895" lon="-120.774745"/>
      <trkpt lat="39.715768" lon="-120.774650"/>
      <trkpt lat="39.715642" lon="-120.774663"/>
      <trkpt lat="39.715556" lon="-120.774666"/>
      <trkpt lat="39.715390" lon="-120.774592"/>
      <trkpt lat="39.715316" lon="-120.774644"/>
      <trkpt lat="39.715236" lon="-120.774778"/>
      <trkpt lat="39.715166" lon="-120.774990"/>
      <trkpt lat="39.715108" lon="-120.775149"/>
      <trkpt lat="39.715036" lon="-120.775237"/>
      <trkpt lat="39.714906" lon="-120.775411"/>
      <trkpt lat="39.714796" lon="-120.775497"/>
      <trkpt lat="39.714658" lon="-120.775548"/>
      <trkpt lat="39.714571" lon="-120.775674"/>
      <trkpt lat="39.714567" lon="-120.775808"/>
      <trkpt lat="39.714437" lon="-120.776165"/>
      <trkpt lat="39.714427" lon="-120.776243"/>
      <trkpt lat="39.714386" lon="-120.776329"/>
      <trkpt lat="39.714395" lon="-120.776455"/>
      <trkpt lat="39.714450" lon="-120.776506"/>
      <trkpt lat="39.714446" lon="-120.776581"/>
      <trkpt lat="39.714400" lon="-120.776637"/>
      <trkpt lat="39.714328" lon="-120.776742"/>
      <trkpt lat="39.714260" lon="-120.776956"/>
      <trkpt lat="39.714212" lon="-120.777249"/>
      <trkpt lat="39.714173" lon="-120.777396"/>
      <trkpt lat="39.714173" lon="-120.777495"/>
      <trkpt lat="39.714206" lon="-120.777568"/>
      <trkpt lat="39.714208" lon="-120.777911"/>
      <trkpt lat="39.714158" lon="-120.778443"/>
      <trkpt lat="39.714149" lon="-120.778582"/>
      <trkpt lat="39.714082" lon="-120.778772"/>
      <trkpt lat="39.714084" lon="-120.779124"/>
      <trkpt lat="39.714095" lon="-120.779362"/>
      <trkpt lat="39.714064" lon="-120.779558"/>
      <trkpt lat="39.714087" lon="-120.779789"/>
      <trkpt lat="39.714134" lon="-120.779891"/>
      <trkpt lat="39.714142" lon="-120.780009"/>
      <trkpt lat="39.714194" lon="-120.780129"/>
      <trkpt lat="39.714233" lon="-120.780282"/>
      <trkpt lat="39.714245" lon="-120.780443"/>
      <trkpt lat="39.714235" lon="-120.780628"/>
      <trkpt lat="39.714264" lon="-120.780803"/>
      <trkpt lat="39.714330" lon="-120.780929"/>
      <trkpt lat="39.714394" lon="-120.781071"/>
      <trkpt lat="39.714441" lon="-120.781229"/>
      <trkpt lat="39.714454" lon="-120.781481"/>
      <trkpt lat="39.714514" lon="-120.781680"/>
      <trkpt lat="39.714776" lon="-120.782087"/>
      <trkpt lat="39.714813" lon="-120.782208"/>
      <trkpt lat="39.714827" lon="-120.782396"/>
      <trkpt lat="39.714854" lon="-120.782500"/>
      <trkpt lat="39.714877" lon="-120.782645"/>
      <trkpt lat="39.714914" lon="-120.782696"/>
      <trkpt lat="39.715110" lon="-120.782551"/>
      <trkpt lat="39.715137" lon="-120.782632"/>
      <trkpt lat="39.715065" lon="-120.782959"/>
      <trkpt lat="39.715065" lon="-120.783021"/>
      <trkpt lat="39.715088" lon="-120.783070"/>
      <trkpt lat="39.715145" lon="-120.783085"/>
      <trkpt lat="39.715232" lon="-120.783034"/>
      <trkpt lat="39.715373" lon="-120.782918"/>
      <trkpt lat="39.715472" lon="-120.782743"/>
      <trkpt lat="39.715516" lon="-120.782616"/>
      <trkpt lat="39.715587" lon="-120.782557"/>
      <trkpt lat="39.715719" lon="-120.782519"/>
      <trkpt lat="39.715793" lon="-120.782417"/>
      <trkpt lat="39.715857" lon="-120.782240"/>
      <trkpt lat="39.715890" lon="-120.782010"/>
      <trkpt lat="39.715873" lon="-120.781633"/>
      <trkpt lat="39.715882" lon="-120.781570"/>
      <trkpt lat="39.715923" lon="-120.781551"/>
      <trkpt lat="39.715964" lon="-120.781586"/>
      <trkpt lat="39.716078" lon="-120.781886"/>
      <trkpt lat="39.716179" lon="-120.782066"/>
      <trkpt lat="39.716232" lon="-120.782179"/>
      <trkpt lat="39.716261" lon="-120.782337"/>
      <trkpt lat="39.716251" lon="-120.782557"/>
      <trkpt lat="39.716230" lon="-120.782761"/>
      <trkpt lat="39.716203" lon="-120.782908"/>
      <trkpt lat="39.716148" lon="-120.783026"/>
      <trkpt lat="39.716055" lon="-120.783067"/>
      <trkpt lat="39.715997" lon="-120.783104"/>
      <trkpt lat="39.715977" lon="-120.783165"/>
      <trkpt lat="39.716049" lon="-120.783555"/>
      <trkpt lat="39.716020" lon="-120.783640"/>
      <trkpt lat="39.715937" lon="-120.783756"/>
      <trkpt lat="39.715913" lon="-120.783893"/>
      <trkpt lat="39.715834" lon="-120.784016"/>
      <trkpt lat="39.715758" lon="-120.784110"/>
      <trkpt lat="39.715644" lon="-120.784188"/>
      <trkpt lat="39.715337" lon="-120.784755"/>
      <trkpt lat="39.715269" lon="-120.784944"/>
      <trkpt lat="39.715166" lon="-120.785025"/>
      <trkpt lat="39.715124" lon="-120.785116"/>
      <trkpt lat="39.715102" lon="-120.785285"/>
      <trkpt lat="39.715067" lon="-120.785403"/>
      <trkpt lat="39.715011" lon="-120.785518"/>
      <trkpt lat="39.714768" lon="-120.785687"/>
      <trkpt lat="39.714607" lon="-120.785977"/>
      <trkpt lat="39.714495" lon="-120.786073"/>
      <trkpt lat="39.714330" lon="-120.786124"/>
      <trkpt lat="39.714250" lon="-120.786175"/>
      <trkpt lat="39.714196" lon="-120.786299"/>
      <trkpt lat="39.714186" lon="-120.786400"/>
      <trkpt lat="39.714210" lon="-120.786749"/>
      <trkpt lat="39.714254" lon="-120.787052"/>
      <trkpt lat="39.714219" lon="-120.787261"/>
      <trkpt lat="39.714210" lon="-120.787375"/>
      <trkpt lat="39.714254" lon="-120.787476"/>
      <trkpt lat="39.714346" lon="-120.787524"/>
      <trkpt lat="39.714483" lon="-120.787487"/>
      <trkpt lat="39.714619" lon="-120.787463"/>
      <trkpt lat="39.714792" lon="-120.787473"/>
      <trkpt lat="39.715603" lon="-120.787449"/>
      <trkpt lat="39.715750" lon="-120.787471"/>
      <trkpt lat="39.715865" lon="-120.787522"/>
      <trkpt lat="39.716003" lon="-120.787645"/>
      <trkpt lat="39.716206" lon="-120.787809"/>
      <trkpt lat="39.716305" lon="-120.787830"/>
      <trkpt lat="39.716505" lon="-120.787833"/>
      <trkpt lat="39.716589" lon="-120.787873"/>
      <trkpt lat="39.716657" lon="-120.787935"/>
      <trkpt lat="39.716781" lon="-120.787924"/>
      <trkpt lat="39.716862" lon="-120.787935"/>
      <trkpt lat="39.716911" lon="-120.787972"/>
      <trkpt lat="39.716961" lon="-120.788045"/>
      <trkpt lat="39.717130" lon="-120.788128"/>
      <trkpt lat="39.717258" lon="-120.788211"/>
      <trkpt lat="39.717338" lon="-120.788315"/>
      <trkpt lat="39.717433" lon="-120.788538"/>
      <trkpt lat="39.717497" lon="-120.788538"/>
      <trkpt lat="39.717563" lon="-120.788570"/>
      <trkpt lat="39.717780" lon="-120.788782"/>
      <trkpt lat="39.717918" lon="-120.788889"/>
      <trkpt lat="39.717963" lon="-120.788930"/>
      <trkpt lat="39.717998" lon="-120.788911"/>
      <trkpt lat="39.717998" lon="-120.788852"/>
      <trkpt lat="39.717951" lon="-120.788750"/>
      <trkpt lat="39.717902" lon="-120.788595"/>
      <trkpt lat="39.717821" lon="-120.788423"/>
      <trkpt lat="39.717740" lon="-120.788350"/>
      <trkpt lat="39.717689" lon="-120.788334"/>
      <trkpt lat="39.717635" lon="-120.788171"/>
      <trkpt lat="39.717559" lon="-120.788026"/>
      <trkpt lat="39.717450" lon="-120.787838"/>
      <trkpt lat="39.717392" lon="-120.787680"/>
      <trkpt lat="39.717324" lon="-120.787514"/>
      <trkpt lat="39.717309" lon="-120.787315"/>
      <trkpt lat="39.717338" lon="-120.787294"/>
      <trkpt lat="39.717380" lon="-120.787302"/>
      <trkpt lat="39.717478" lon="-120.787420"/>
      <trkpt lat="39.717639" lon="-120.787527"/>
      <trkpt lat="39.717846" lon="-120.787785"/>
      <trkpt lat="39.717986" lon="-120.787910"/>
      <trkpt lat="39.718209" lon="-120.788125"/>
      <trkpt lat="39.718339" lon="-120.788308"/>
      <trkpt lat="39.718927" lon="-120.788798"/>
      <trkpt lat="39.719026" lon="-120.788922"/>
      <trkpt lat="39.719201" lon="-120.789214"/>
      <trkpt lat="39.719236" lon="-120.789547"/>
      <trkpt lat="39.719321" lon="-120.789718"/>
      <trkpt lat="39.719418" lon="-120.789861"/>
      <trkpt lat="39.719513" lon="-120.789984"/>
      <trkpt lat="39.719603" lon="-120.790153"/>
      <trkpt lat="39.719721" lon="-120.790241"/>
      <trkpt lat="39.719845" lon="-120.790359"/>
      <trkpt lat="39.719985" lon="-120.790456"/>
      <trkpt lat="39.720088" lon="-120.790604"/>
      <trkpt lat="39.720363" lon="-120.790759"/>
      <trkpt lat="39.720455" lon="-120.790850"/>
      <trkpt lat="39.720551" lon="-120.790898"/>
      <trkpt lat="39.720817" lon="-120.791185"/>
      <trkpt lat="39.720923" lon="-120.791280"/>
      <trkpt lat="39.721619" lon="-120.791778"/>
      <trkpt lat="39.721879" lon="-120.792001"/>
      <trkpt lat="39.722150" lon="-120.792127"/>
      <trkpt lat="39.722222" lon="-120.792146"/>
      <trkpt lat="39.722300" lon="-120.792202"/>
      <trkpt lat="39.722389" lon="-120.792317"/>
      <trkpt lat="39.722467" lon="-120.792494"/>
      <trkpt lat="39.722576" lon="-120.792596"/>
      <trkpt lat="39.722713" lon="-120.792709"/>
      <trkpt lat="39.722849" lon="-120.792803"/>
      <trkpt lat="39.722989" lon="-120.792840"/>
      <trkpt lat="39.723032" lon="-120.792875"/>
      <trkpt lat="39.723057" lon="-120.792934"/>
      <trkpt lat="39.723045" lon="-120.793034"/>
      <trkpt lat="39.723003" lon="-120.793167"/>
      <trkpt lat="39.723053" lon="-120.793192"/>
      <trkpt lat="39.723210" lon="-120.793186"/>
      <trkpt lat="39.723780" lon="-120.793322"/>
      <trkpt lat="39.723882" lon="-120.793398"/>
      <trkpt lat="39.723969" lon="-120.793503"/>
      <trkpt lat="39.724103" lon="-120.793543"/>
      <trkpt lat="39.724200" lon="-120.793541"/>
      <trkpt lat="39.724410" lon="-120.793624"/>
      <trkpt lat="39.724765" lon="-120.793707"/>
      <trkpt lat="39.725046" lon="-120.793809"/>
      <trkpt lat="39.725209" lon="-120.793892"/>
      <trkpt lat="39.725312" lon="-120.793970"/>
      <trkpt lat="39.725506" lon="-120.794139"/>
      <trkpt lat="39.725683" lon="-120.794308"/>
      <trkpt lat="39.725791" lon="-120.794428"/>
      <trkpt lat="39.725912" lon="-120.794482"/>
      <trkpt lat="39.726127" lon="-120.794541"/>
      <trkpt lat="39.726216" lon="-120.794608"/>
      <trkpt lat="39.726424" lon="-120.794849"/>
      <trkpt lat="39.726543" lon="-120.794973"/>
      <trkpt lat="39.726999" lon="-120.795429"/>
      <trkpt lat="39.727111" lon="-120.795525"/>
      <trkpt lat="39.727142" lon="-120.795633"/>
      <trkpt lat="39.727131" lon="-120.795724"/>
      <trkpt lat="39.727090" lon="-120.795812"/>
      <trkpt lat="39.727130" lon="-120.795885"/>
      <trkpt lat="39.727457" lon="-120.795887"/>
      <trkpt lat="39.727591" lon="-120.796059"/>
      <trkpt lat="39.727754" lon="-120.796601"/>
      <trkpt lat="39.727915" lon="-120.796944"/>
      <trkpt lat="39.727985" lon="-120.797070"/>
      <trkpt lat="39.727994" lon="-120.797164"/>
      <trkpt lat="39.728037" lon="-120.797250"/>
      <trkpt lat="39.728122" lon="-120.797312"/>
      <trkpt lat="39.728254" lon="-120.797301"/>
      <trkpt lat="39.728381" lon="-120.797282"/>
      <trkpt lat="39.728472" lon="-120.797287"/>
      <trkpt lat="39.728606" lon="-120.797314"/>
      <trkpt lat="39.728725" lon="-120.797395"/>
      <trkpt lat="39.728823" lon="-120.797449"/>
      <trkpt lat="39.728957" lon="-120.797556"/>
      <trkpt lat="39.728986" lon="-120.797642"/>
      <trkpt lat="39.729017" lon="-120.797706"/>
      <trkpt lat="39.729070" lon="-120.797698"/>
      <trkpt lat="39.729126" lon="-120.797698"/>
      <trkpt lat="39.729248" lon="-120.797736"/>
      <trkpt lat="39.729675" lon="-120.797762"/>
      <trkpt lat="39.729782" lon="-120.797827"/>
      <trkpt lat="39.729896" lon="-120.797861"/>
      <trkpt lat="39.730034" lon="-120.797891"/>
      <trkpt lat="39.730345" lon="-120.797939"/>
      <trkpt lat="39.730469" lon="-120.797979"/>
      <trkpt lat="39.730529" lon="-120.798033"/>
      <trkpt lat="39.730535" lon="-120.798135"/>
      <trkpt lat="39.730527" lon="-120.798216"/>
      <trkpt lat="39.730531" lon="-120.798309"/>
      <trkpt lat="39.730564" lon="-120.798331"/>
      <trkpt lat="39.730632" lon="-120.798296"/>
      <trkpt lat="39.730754" lon="-120.798256"/>
      <trkpt lat="39.730871" lon="-120.798253"/>
      <trkpt lat="39.730948" lon="-120.798272"/>
      <trkpt lat="39.731083" lon="-120.798352"/>
      <trkpt lat="39.731292" lon="-120.798525"/>
      <trkpt lat="39.731358" lon="-120.798591"/>
      <trkpt lat="39.731521" lon="-120.798838"/>
      <trkpt lat="39.731917" lon="-120.799251"/>
      <trkpt lat="39.732125" lon="-120.799500"/>
      <trkpt lat="39.732163" lon="-120.799586"/>
      <trkpt lat="39.732210" lon="-120.799589"/>
      <trkpt lat="39.732268" lon="-120.799527"/>
      <trkpt lat="39.732348" lon="-120.799502"/>
      <trkpt lat="39.732466" lon="-120.799508"/>
      <trkpt lat="39.732559" lon="-120.799578"/>
      <trkpt lat="39.732720" lon="-120.799838"/>
      <trkpt lat="39.732800" lon="-120.800034"/>
      <trkpt lat="39.732874" lon="-120.800281"/>
      <trkpt lat="39.733010" lon="-120.800557"/>
      <trkpt lat="39.733087" lon="-120.800748"/>
      <trkpt lat="39.733217" lon="-120.800943"/>
      <trkpt lat="39.733392" lon="-120.801094"/>
      <trkpt lat="39.733518" lon="-120.801214"/>
      <trkpt lat="39.733635" lon="-120.801297"/>
      <trkpt lat="39.733871" lon="-120.801509"/>
      <trkpt lat="39.734162" lon="-120.801687"/>
      <trkpt lat="39.734390" lon="-120.801818"/>
      <trkpt lat="39.734675" lon="-120.802102"/>
      <trkpt lat="39.734885" lon="-120.802333"/>
      <trkpt lat="39.734995" lon="-120.802443"/>
      <trkpt lat="39.735240" lon="-120.802601"/>
      <trkpt lat="39.735434" lon="-120.802735"/>
      <trkpt lat="39.735599" lon="-120.802955"/>
      <trkpt lat="39.735657" lon="-120.803207"/>
      <trkpt lat="39.735628" lon="-120.803465"/>
      <trkpt lat="39.735624" lon="-120.803867"/>
      <trkpt lat="39.735508" lon="-120.804414"/>
      <trkpt lat="39.735376" lon="-120.804661"/>
      <trkpt lat="39.734855" lon="-120.805735"/>
      <trkpt lat="39.734782" lon="-120.805895"/>
      <trkpt lat="39.734580" lon="-120.806115"/>
      <trkpt lat="39.734423" lon="-120.806259"/>
      <trkpt lat="39.734390" lon="-120.806340"/>
      <trkpt lat="39.734770" lon="-120.806710"/>
      <trkpt lat="39.735026" lon="-120.806919"/>
      <trkpt lat="39.735149" lon="-120.807086"/>
      <trkpt lat="39.735182" lon="-120.807241"/>
      <trkpt lat="39.735166" lon="-120.807381"/>
      <trkpt lat="39.734997" lon="-120.807649"/>
      <trkpt lat="39.734386" lon="-120.808539"/>
      <trkpt lat="39.734295" lon="-120.808749"/>
      <trkpt lat="39.734374" lon="-120.808909"/>
      <trkpt lat="39.734493" lon="-120.809103"/>
      <trkpt lat="39.734535" lon="-120.809376"/>
      <trkpt lat="39.734493" lon="-120.809612"/>
      <trkpt lat="39.734456" lon="-120.809746"/>
      <trkpt lat="39.734374" lon="-120.809838"/>
      <trkpt lat="39.734229" lon="-120.809875"/>
      <trkpt lat="39.733730" lon="-120.809634"/>
      <trkpt lat="39.733598" lon="-120.809605"/>
      <trkpt lat="39.733546" lon="-120.809601"/>
      <trkpt lat="39.733496" lon="-120.809614"/>
      <trkpt lat="39.733380" lon="-120.809776"/>
      <trkpt lat="39.733314" lon="-120.809976"/>
      <trkpt lat="39.733231" lon="-120.809982"/>
      <trkpt lat="39.733117" lon="-120.810075"/>
      <trkpt lat="39.733074" lon="-120.810150"/>
      <trkpt lat="39.733084" lon="-120.810241"/>
      <trkpt lat="39.733143" lon="-120.810310"/>
      <trkpt lat="39.733145" lon="-120.810414"/>
      <trkpt lat="39.733124" lon="-120.810499"/>
      <trkpt lat="39.733077" lon="-120.810564"/>
      <trkpt lat="39.732938" lon="-120.810598"/>
      <trkpt lat="39.732869" lon="-120.810601"/>
      <trkpt lat="39.732807" lon="-120.810644"/>
      <trkpt lat="39.732739" lon="-120.810723"/>
      <trkpt lat="39.732775" lon="-120.810768"/>
      <trkpt lat="39.732886" lon="-120.810874"/>
      <trkpt lat="39.732971" lon="-120.810944"/>
      <trkpt lat="39.733051" lon="-120.811078"/>
      <trkpt lat="39.733062" lon="-120.811179"/>
      <trkpt lat="39.733044" lon="-120.811325"/>
      <trkpt lat="39.733070" lon="-120.811379"/>
      <trkpt lat="39.733161" lon="-120.811376"/>
      <trkpt lat="39.733387" lon="-120.811271"/>
      <trkpt lat="39.733560" lon="-120.811294"/>
      <trkpt lat="39.733686" lon="-120.811333"/>
      <trkpt lat="39.733807" lon="-120.811454"/>
      <trkpt lat="39.733906" lon="-120.811570"/>
      <trkpt lat="39.733993" lon="-120.811588"/>
      <trkpt lat="39.734088" lon="-120.811624"/>
      <trkpt lat="39.734205" lon="-120.811724"/>
      <trkpt lat="39.734369" lon="-120.811916"/>
      <trkpt lat="39.734449" lon="-120.812062"/>
      <trkpt lat="39.734493" lon="-120.812254"/>
      <trkpt lat="39.734565" lon="-120.812490"/>
      <trkpt lat="39.734832" lon="-120.812992"/>
      <trkpt lat="39.734931" lon="-120.813400"/>
      <trkpt lat="39.735046" lon="-120.813614"/>
      <trkpt lat="39.735385" lon="-120.813829"/>
      <trkpt lat="39.735627" lon="-120.813855"/>
      <trkpt lat="39.735748" lon="-120.813829"/>
      <trkpt lat="39.736230" lon="-120.814097"/>
      <trkpt lat="39.736424" lon="-120.814134"/>
      <trkpt lat="39.736597" lon="-120.814263"/>
      <trkpt lat="39.736783" lon="-120.814472"/>
      <trkpt lat="39.736907" lon="-120.814741"/>
      <trkpt lat="39.737018" lon="-120.814848"/>
      <trkpt lat="39.737245" lon="-120.814837"/>
      <trkpt lat="39.737418" lon="-120.814821"/>
      <trkpt lat="39.737554" lon="-120.814746"/>
      <trkpt lat="39.737643" lon="-120.814718"/>
      <trkpt lat="39.737890" lon="-120.814573"/>
      <trkpt lat="39.738152" lon="-120.814510"/>
      <trkpt lat="39.738383" lon="-120.814416"/>
      <trkpt lat="39.738493" lon="-120.814328"/>
      <trkpt lat="39.738612" lon="-120.814204"/>
      <trkpt lat="39.738697" lon="-120.813907"/>
      <trkpt lat="39.738753" lon="-120.813834"/>
      <trkpt lat="39.738850" lon="-120.813786"/>
      <trkpt lat="39.739033" lon="-120.813931"/>
      <trkpt lat="39.739122" lon="-120.813958"/>
      <trkpt lat="39.739182" lon="-120.813953"/>
      <trkpt lat="39.739248" lon="-120.813893"/>
      <trkpt lat="39.739277" lon="-120.813786"/>
      <trkpt lat="39.739289" lon="-120.813652"/>
      <trkpt lat="39.739332" lon="-120.813585"/>
      <trkpt lat="39.739429" lon="-120.813526"/>
      <trkpt lat="39.739582" lon="-120.813483"/>
      <trkpt lat="39.739697" lon="-120.813542"/>
      <trkpt lat="39.739848" lon="-120.813593"/>
      <trkpt lat="39.739970" lon="-120.813574"/>
      <trkpt lat="39.740093" lon="-120.813625"/>
      <trkpt lat="39.740489" lon="-120.813657"/>
      <trkpt lat="39.740559" lon="-120.813697"/>
      <trkpt lat="39.740615" lon="-120.813789"/>
      <trkpt lat="39.740632" lon="-120.813872"/>
      <trkpt lat="39.740656" lon="-120.813949"/>
      <trkpt lat="39.740720" lon="-120.813958"/>
      <trkpt lat="39.740788" lon="-120.813984"/>
      <trkpt lat="39.740875" lon="-120.813995"/>
      <trkpt lat="39.740908" lon="-120.814070"/>
      <trkpt lat="39.740883" lon="-120.814370"/>
      <trkpt lat="39.740770" lon="-120.814641"/>
      <trkpt lat="39.740743" lon="-120.814792"/>
      <trkpt lat="39.740741" lon="-120.814955"/>
      <trkpt lat="39.740782" lon="-120.815095"/>
      <trkpt lat="39.740867" lon="-120.815237"/>
      <trkpt lat="39.740933" lon="-120.815411"/>
      <trkpt lat="39.740984" lon="-120.815476"/>
      <trkpt lat="39.741065" lon="-120.815559"/>
      <trkpt lat="39.741323" lon="-120.815696"/>
      <trkpt lat="39.741435" lon="-120.815697"/>
      <trkpt lat="39.741500" lon="-120.815663"/>
      <trkpt lat="39.741558" lon="-120.815532"/>
      <trkpt lat="39.741662" lon="-120.815333"/>
      <trkpt lat="39.741756" lon="-120.815248"/>
      <trkpt lat="39.741846" lon="-120.815218"/>
      <trkpt lat="39.742022" lon="-120.815213"/>
      <trkpt lat="39.742298" lon="-120.815282"/>
      <trkpt lat="39.742405" lon="-120.815272"/>
      <trkpt lat="39.742486" lon="-120.815194"/>
      <trkpt lat="39.742574" lon="-120.815046"/>
      <trkpt lat="39.742715" lon="-120.814853"/>
      <trkpt lat="39.742828" lon="-120.814727"/>
      <trkpt lat="39.742913" lon="-120.814679"/>
      <trkpt lat="39.742962" lon="-120.814733"/>
      <trkpt lat="39.743024" lon="-120.814851"/>
      <trkpt lat="39.743100" lon="-120.814950"/>
      <trkpt lat="39.743199" lon="-120.814969"/>
      <trkpt lat="39.743302" lon="-120.814969"/>
      <trkpt lat="39.743428" lon="-120.815055"/>
      <trkpt lat="39.743653" lon="-120.815234"/>
      <trkpt lat="39.743701" lon="-120.815344"/>
      <trkpt lat="39.743802" lon="-120.815417"/>
      <trkpt lat="39.743861" lon="-120.815449"/>
      <trkpt lat="39.743913" lon="-120.815545"/>
      <trkpt lat="39.743919" lon="-120.815639"/>
      <trkpt lat="39.743987" lon="-120.815757"/>
      <trkpt lat="39.744045" lon="-120.815808"/>
      <trkpt lat="39.744061" lon="-120.815865"/>
      <trkpt lat="39.744020" lon="-120.816028"/>
      <trkpt lat="39.744008" lon="-120.816092"/>
      <trkpt lat="39.744008" lon="-120.816221"/>
      <trkpt lat="39.744061" lon="-120.816321"/>
      <trkpt lat="39.744125" lon="-120.816363"/>
      <trkpt lat="39.744235" lon="-120.816366"/>
      <trkpt lat="39.744307" lon="-120.816377"/>
      <trkpt lat="39.744431" lon="-120.816465"/>
      <trkpt lat="39.744447" lon="-120.816530"/>
      <trkpt lat="39.744408" lon="-120.816645"/>
      <trkpt lat="39.744371" lon="-120.816817"/>
      <trkpt lat="39.744363" lon="-120.816935"/>
      <trkpt lat="39.744381" lon="-120.817018"/>
      <trkpt lat="39.744464" lon="-120.817203"/>
      <trkpt lat="39.744505" lon="-120.817455"/>
      <trkpt lat="39.744567" lon="-120.817708"/>
      <trkpt lat="39.744583" lon="-120.817946"/>
      <trkpt lat="39.744629" lon="-120.818195"/>
      <trkpt lat="39.744657" lon="-120.818403"/>
      <trkpt lat="39.744647" lon="-120.818571"/>
      <trkpt lat="39.744622" lon="-120.818727"/>
      <trkpt lat="39.744581" lon="-120.818895"/>
      <trkpt lat="39.744488" lon="-120.819134"/>
      <trkpt lat="39.744427" lon="-120.819325"/>
      <trkpt lat="39.744344" lon="-120.819459"/>
      <trkpt lat="39.744235" lon="-120.819561"/>
      <trkpt lat="39.744150" lon="-120.819719"/>
      <trkpt lat="39.744094" lon="-120.819880"/>
      <trkpt lat="39.744059" lon="-120.820059"/>
      <trkpt lat="39.744039" lon="-120.820735"/>
      <trkpt lat="39.744057" lon="-120.820942"/>
      <trkpt lat="39.744108" lon="-120.821130"/>
      <trkpt lat="39.744214" lon="-120.821366"/>
      <trkpt lat="39.744284" lon="-120.821647"/>
      <trkpt lat="39.744358" lon="-120.821840"/>
      <trkpt lat="39.744414" lon="-120.821897"/>
      <trkpt lat="39.744484" lon="-120.821924"/>
      <trkpt lat="39.744581" lon="-120.821881"/>
      <trkpt lat="39.744674" lon="-120.821881"/>
      <trkpt lat="39.744839" lon="-120.821897"/>
      <trkpt lat="39.744897" lon="-120.821916"/>
      <trkpt lat="39.745024" lon="-120.822036"/>
      <trkpt lat="39.745134" lon="-120.822079"/>
      <trkpt lat="39.745239" lon="-120.822197"/>
      <trkpt lat="39.745303" lon="-120.822278"/>
      <trkpt lat="39.745396" lon="-120.822305"/>
      <trkpt lat="39.745546" lon="-120.822382"/>
      <trkpt lat="39.745678" lon="-120.822463"/>
      <trkpt lat="39.746179" lon="-120.822726"/>
    </trkseg>
    <trkseg>
      <trkpt lat="39.746179" lon="-120.822726"/>
      <trkpt lat="39.746344" lon="-120.822857"/>
      <trkpt lat="39.746582" lon="-120.823050"/>
      <trkpt lat="39.746633" lon="-120.823120"/>
      <trkpt lat="39.746631" lon="-120.823224"/>
      <trkpt lat="39.746441" lon="-120.823753"/>
      <trkpt lat="39.746267" lon="-120.824143"/>
      <trkpt lat="39.746155" lon="-120.824540"/>
      <trkpt lat="39.746056" lon="-120.824710"/>
      <trkpt lat="39.745984" lon="-120.824844"/>
      <trkpt lat="39.745920" lon="-120.824946"/>
      <trkpt lat="39.745922" lon="-120.825056"/>
      <trkpt lat="39.746031" lon="-120.825225"/>
      <trkpt lat="39.746064" lon="-120.825327"/>
      <trkpt lat="39.746021" lon="-120.825445"/>
      <trkpt lat="39.745828" lon="-120.825695"/>
      <trkpt lat="39.745757" lon="-120.825778"/>
      <trkpt lat="39.745610" lon="-120.825864"/>
      <trkpt lat="39.745542" lon="-120.825952"/>
      <trkpt lat="39.745472" lon="-120.826130"/>
      <trkpt lat="39.745535" lon="-120.826527"/>
      <trkpt lat="39.745654" lon="-120.826599"/>
      <trkpt lat="39.745770" lon="-120.826622"/>
      <trkpt lat="39.745883" lon="-120.826585"/>
      <trkpt lat="39.746167" lon="-120.826412"/>
      <trkpt lat="39.746332" lon="-120.826355"/>
      <trkpt lat="39.746526" lon="-120.826296"/>
      <trkpt lat="39.746804" lon="-120.826253"/>
      <trkpt lat="39.746899" lon="-120.826210"/>
      <trkpt lat="39.747013" lon="-120.826263"/>
      <trkpt lat="39.747124" lon="-120.826279"/>
      <trkpt lat="39.747242" lon="-120.826250"/>
      <trkpt lat="39.747530" lon="-120.826282"/>
      <trkpt lat="39.747650" lon="-120.826263"/>
      <trkpt lat="39.747741" lon="-120.826320"/>
      <trkpt lat="39.747790" lon="-120.826384"/>
      <trkpt lat="39.747844" lon="-120.826510"/>
      <trkpt lat="39.748124" lon="-120.826899"/>
      <trkpt lat="39.748155" lon="-120.827224"/>
      <trkpt lat="39.748132" lon="-120.827592"/>
      <trkpt lat="39.748050" lon="-120.827800"/>
      <trkpt lat="39.748038" lon="-120.827947"/>
      <trkpt lat="39.748042" lon="-120.828079"/>
      <trkpt lat="39.748079" lon="-120.828173"/>
      <trkpt lat="39.748093" lon="-120.828246"/>
      <trkpt lat="39.748083" lon="-120.828313"/>
      <trkpt lat="39.747955" lon="-120.828482"/>
      <trkpt lat="39.747945" lon="-120.828586"/>
      <trkpt lat="39.748023" lon="-120.829203"/>
      <trkpt lat="39.748054" lon="-120.829262"/>
      <trkpt lat="39.748058" lon="-120.829391"/>
      <trkpt lat="39.748035" lon="-120.829543"/>
      <trkpt lat="39.748120" lon="-120.829436"/>
      <trkpt lat="39.748151" lon="-120.829351"/>
      <trkpt lat="39.748151" lon="-120.829115"/>
      <trkpt lat="39.748176" lon="-120.828897"/>
      <trkpt lat="39.748217" lon="-120.828815"/>
      <trkpt lat="39.748246" lon="-120.828774"/>
      <trkpt lat="39.748269" lon="-120.828798"/>
      <trkpt lat="39.748287" lon="-120.829257"/>
      <trkpt lat="39.748310" lon="-120.829538"/>
      <trkpt lat="39.748231" lon="-120.829801"/>
      <trkpt lat="39.748254" lon="-120.829960"/>
      <trkpt lat="39.748227" lon="-120.830082"/>
      <trkpt lat="39.748178" lon="-120.830193"/>
      <trkpt lat="39.748155" lon="-120.830292"/>
      <trkpt lat="39.748170" lon="-120.830402"/>
      <trkpt lat="39.748153" lon="-120.830507"/>
      <trkpt lat="39.748089" lon="-120.830638"/>
      <trkpt lat="39.748083" lon="-120.830733"/>
      <trkpt lat="39.748106" lon="-120.831011"/>
      <trkpt lat="39.748120" lon="-120.831086"/>
      <trkpt lat="39.748040" lon="-120.831266"/>
      <trkpt lat="39.748000" lon="-120.831437"/>
      <trkpt lat="39.747967" lon="-120.831561"/>
      <trkpt lat="39.747953" lon="-120.831767"/>
      <trkpt lat="39.747888" lon="-120.831837"/>
      <trkpt lat="39.747757" lon="-120.832068"/>
      <trkpt lat="39.747679" lon="-120.832218"/>
      <trkpt lat="39.747580" lon="-120.832355"/>
      <trkpt lat="39.747514" lon="-120.832454"/>
      <trkpt lat="39.747491" lon="-120.832599"/>
      <trkpt lat="39.747499" lon="-120.832945"/>
      <trkpt lat="39.747517" lon="-120.833055"/>
      <trkpt lat="39.747522" lon="-120.833202"/>
      <trkpt lat="39.747499" lon="-120.833310"/>
      <trkpt lat="39.747514" lon="-120.833446"/>
      <trkpt lat="39.747499" lon="-120.833570"/>
      <trkpt lat="39.747462" lon="-120.833656"/>
      <trkpt lat="39.747481" lon="-120.833698"/>
      <trkpt lat="39.747617" lon="-120.833910"/>
      <trkpt lat="39.747668" lon="-120.834037"/>
      <trkpt lat="39.747693" lon="-120.834165"/>
      <trkpt lat="39.747738" lon="-120.834283"/>
      <trkpt lat="39.747765" lon="-120.834543"/>
      <trkpt lat="39.747800" lon="-120.834723"/>
      <trkpt lat="39.747751" lon="-120.834954"/>
      <trkpt lat="39.747771" lon="-120.835007"/>
      <trkpt lat="39.747877" lon="-120.835058"/>
      <trkpt lat="39.747920" lon="-120.835109"/>
      <trkpt lat="39.747910" lon="-120.835238"/>
      <trkpt lat="39.747937" lon="-120.835327"/>
      <trkpt lat="39.747953" lon="-120.835442"/>
      <trkpt lat="39.747910" lon="-120.835581"/>
      <trkpt lat="39.747885" lon="-120.835750"/>
      <trkpt lat="39.747883" lon="-120.835831"/>
      <trkpt lat="39.747887" lon="-120.835933"/>
      <trkpt lat="39.747908" lon="-120.836032"/>
      <trkpt lat="39.747957" lon="-120.836091"/>
      <trkpt lat="39.748044" lon="-120.836094"/>
      <trkpt lat="39.748124" lon="-120.836155"/>
      <trkpt lat="39.748264" lon="-120.836273"/>
      <trkpt lat="39.748374" lon="-120.836357"/>
      <trkpt lat="39.748524" lon="-120.836437"/>
      <trkpt lat="39.748611" lon="-120.836510"/>
      <trkpt lat="39.748664" lon="-120.836585"/>
      <trkpt lat="39.748664" lon="-120.836649"/>
      <trkpt lat="39.748615" lon="-120.836743"/>
      <trkpt lat="39.748429" lon="-120.836928"/>
      <trkpt lat="39.748320" lon="-120.837005"/>
      <trkpt lat="39.748180" lon="-120.837133"/>
      <trkpt lat="39.748095" lon="-120.837226"/>
      <trkpt lat="39.748029" lon="-120.837395"/>
      <trkpt lat="39.747984" lon="-120.837566"/>
      <trkpt lat="39.747974" lon="-120.837722"/>
      <trkpt lat="39.747932" lon="-120.837891"/>
      <trkpt lat="39.747965" lon="-120.838044"/>
      <trkpt lat="39.747897" lon="-120.838451"/>
      <trkpt lat="39.747920" lon="-120.838663"/>
      <trkpt lat="39.748007" lon="-120.838961"/>
      <trkpt lat="39.748188" lon="-120.839320"/>
      <trkpt lat="39.748271" lon="-120.839503"/>
      <trkpt lat="39.748477" lon="-120.839747"/>
      <trkpt lat="39.748652" lon="-120.840004"/>
      <trkpt lat="39.748801" lon="-120.840173"/>
      <trkpt lat="39.748924" lon="-120.840249"/>
      <trkpt lat="39.749048" lon="-120.840289"/>
      <trkpt lat="39.749252" lon="-120.840395"/>
      <trkpt lat="39.749991" lon="-120.840887"/>
      <trkpt lat="39.750252" lon="-120.841010"/>
      <trkpt lat="39.750471" lon="-120.841211"/>
      <trkpt lat="39.751147" lon="-120.842007"/>
      <trkpt lat="39.751147" lon="-120.842129"/>
      <trkpt lat="39.751115" lon="-120.842247"/>
      <trkpt lat="39.751042" lon="-120.842518"/>
      <trkpt lat="39.750848" lon="-120.842823"/>
      <trkpt lat="39.750698" lon="-120.843022"/>
      <trkpt lat="39.750630" lon="-120.843172"/>
      <trkpt lat="39.750605" lon="-120.843387"/>
      <trkpt lat="39.750671" lon="-120.843869"/>
      <trkpt lat="39.750767" lon="-120.844335"/>
      <trkpt lat="39.750968" lon="-120.844797"/>
      <trkpt lat="39.751075" lon="-120.845033"/>
      <trkpt lat="39.751413" lon="-120.845302"/>
      <trkpt lat="39.751785" lon="-120.845511"/>
      <trkpt lat="39.752007" lon="-120.845570"/>
      <trkpt lat="39.752358" lon="-120.845484"/>
      <trkpt lat="39.752593" lon="-120.845414"/>
      <trkpt lat="39.752886" lon="-120.845350"/>
      <trkpt lat="39.753166" lon="-120.845205"/>
      <trkpt lat="39.753265" lon="-120.845141"/>
      <trkpt lat="39.753372" lon="-120.845103"/>
      <trkpt lat="39.753678" lon="-120.845060"/>
      <trkpt lat="39.754140" lon="-120.845168"/>
      <trkpt lat="39.754300" lon="-120.845237"/>
      <trkpt lat="39.754519" lon="-120.845404"/>
      <trkpt lat="39.754663" lon="-120.845431"/>
      <trkpt lat="39.754793" lon="-120.845400"/>
      <trkpt lat="39.754890" lon="-120.845361"/>
      <trkpt lat="39.755298" lon="-120.845431"/>
      <trkpt lat="39.755571" lon="-120.845538"/>
      <trkpt lat="39.755872" lon="-120.845683"/>
      <trkpt lat="39.756061" lon="-120.845699"/>
      <trkpt lat="39.756296" lon="-120.845752"/>
      <trkpt lat="39.756507" lon="-120.845817"/>
      <trkpt lat="39.756733" lon="-120.845997"/>
      <trkpt lat="39.756907" lon="-120.846208"/>
      <trkpt lat="39.757393" lon="-120.846847"/>
      <trkpt lat="39.757812" lon="-120.847722"/>
      <trkpt lat="39.757945" lon="-120.848085"/>
      <trkpt lat="39.757970" lon="-120.848697"/>
      <trkpt lat="39.758202" lon="-120.849355"/>
      <trkpt lat="39.758303" lon="-120.850177"/>
      <trkpt lat="39.758433" lon="-120.850777"/>
      <trkpt lat="39.758463" lon="-120.851167"/>
      <trkpt lat="39.758428" lon="-120.851377"/>
      <trkpt lat="39.758442" lon="-120.851782"/>
      <trkpt lat="39.758606" lon="-120.852973"/>
      <trkpt lat="39.758602" lon="-120.853193"/>
      <trkpt lat="39.758573" lon="-120.853418"/>
      <trkpt lat="39.758569" lon="-120.853600"/>
      <trkpt lat="39.758777" lon="-120.854890"/>
      <trkpt lat="39.758935" lon="-120.855218"/>
      <trkpt lat="39.759060" lon="-120.855357"/>
      <trkpt lat="39.759208" lon="-120.855344"/>
      <trkpt lat="39.759608" lon="-120.855494"/>
      <trkpt lat="39.760020" lon="-120.855505"/>
      <trkpt lat="39.760210" lon="-120.855532"/>
      <trkpt lat="39.760507" lon="-120.855607"/>
      <trkpt lat="39.761084" lon="-120.855596"/>
      <trkpt lat="39.761319" lon="-120.855655"/>
      <trkpt lat="39.761558" lon="-120.855741"/>
      <trkpt lat="39.761785" lon="-120.855832"/>
      <trkpt lat="39.761971" lon="-120.855955"/>
      <trkpt lat="39.762206" lon="-120.856133"/>
      <trkpt lat="39.762470" lon="-120.856293"/>
      <trkpt lat="39.762664" lon="-120.856438"/>
      <trkpt lat="39.762775" lon="-120.856567"/>
      <trkpt lat="39.763113" lon="-120.856798"/>
      <trkpt lat="39.763542" lon="-120.857077"/>
      <trkpt lat="39.763723" lon="-120.857173"/>
      <trkpt lat="39.763917" lon="-120.857329"/>
      <trkpt lat="39.764169" lon="-120.857484"/>
      <trkpt lat="39.764663" lon="-120.857554"/>
      <trkpt lat="39.764911" lon="-120.857640"/>
      <trkpt lat="39.765158" lon="-120.857661"/>
      <trkpt lat="39.765319" lon="-120.857683"/>
      <trkpt lat="39.765773" lon="-120.857779"/>
      <trkpt lat="39.765946" lon="-120.857828"/>
      <trkpt lat="39.766057" lon="-120.857913"/>
      <trkpt lat="39.766156" lon="-120.858010"/>
      <trkpt lat="39.766445" lon="-120.858187"/>
      <trkpt lat="39.766715" lon="-120.858258"/>
      <trkpt lat="39.766951" lon="-120.858312"/>
      <trkpt lat="39.767164" lon="-120.858368"/>
      <trkpt lat="39.767302" lon="-120.858605"/>
      <trkpt lat="39.767492" lon="-120.858901"/>
      <trkpt lat="39.767777" lon="-120.859115"/>
      <trkpt lat="39.768164" lon="-120.859399"/>
      <trkpt lat="39.768440" lon="-120.859593"/>
      <trkpt lat="39.768647" lon="-120.859866"/>
      <trkpt lat="39.768997" lon="-120.860429"/>
      <trkpt lat="39.769241" lon="-120.860623"/>
      <trkpt lat="39.769434" lon="-120.860800"/>
      <trkpt lat="39.769624" lon="-120.860982"/>
      <trkpt lat="39.769810" lon="-120.861127"/>
      <trkpt lat="39.770016" lon="-120.861336"/>
      <trkpt lat="39.770152" lon="-120.861545"/>
      <trkpt lat="39.770308" lon="-120.861744"/>
      <trkpt lat="39.770436" lon="-120.862023"/>
      <trkpt lat="39.770634" lon="-120.862371"/>
      <trkpt lat="39.770824" lon="-120.863138"/>
      <trkpt lat="39.771125" lon="-120.863643"/>
      <trkpt lat="39.771554" lon="-120.863911"/>
      <trkpt lat="39.772007" lon="-120.864206"/>
      <trkpt lat="39.772094" lon="-120.864254"/>
      <trkpt lat="39.772428" lon="-120.864555"/>
      <trkpt lat="39.772638" lon="-120.864587"/>
      <trkpt lat="39.772935" lon="-120.864678"/>
      <trkpt lat="39.773248" lon="-120.864801"/>
      <trkpt lat="39.773512" lon="-120.864919"/>
      <trkpt lat="39.773817" lon="-120.865112"/>
      <trkpt lat="39.773978" lon="-120.865316"/>
      <trkpt lat="39.774036" lon="-120.865504"/>
      <trkpt lat="39.774077" lon="-120.865753"/>
      <trkpt lat="39.774082" lon="-120.866452"/>
      <trkpt lat="39.774056" lon="-120.866722"/>
      <trkpt lat="39.774098" lon="-120.867071"/>
      <trkpt lat="39.774184" lon="-120.867398"/>
      <trkpt lat="39.774262" lon="-120.868020"/>
      <trkpt lat="39.774265" lon="-120.868413"/>
      <trkpt lat="39.774262" lon="-120.868610"/>
      <trkpt lat="39.774242" lon="-120.868846"/>
      <trkpt lat="39.774250" lon="-120.869034"/>
      <trkpt lat="39.774180" lon="-120.869216"/>
      <trkpt lat="39.774160" lon="-120.869488"/>
      <trkpt lat="39.774229" lon="-120.869769"/>
      <trkpt lat="39.774271" lon="-120.870246"/>
      <trkpt lat="39.774398" lon="-120.870434"/>
      <trkpt lat="39.774460" lon="-120.870557"/>
      <trkpt lat="39.774460" lon="-120.870643"/>
      <trkpt lat="39.774423" lon="-120.870794"/>
      <trkpt lat="39.774436" lon="-120.870987"/>
      <trkpt lat="39.774485" lon="-120.871157"/>
      <trkpt lat="39.774456" lon="-120.871636"/>
      <trkpt lat="39.774394" lon="-120.871807"/>
      <trkpt lat="39.774246" lon="-120.872102"/>
      <trkpt lat="39.774155" lon="-120.872317"/>
      <trkpt lat="39.773948" lon="-120.872652"/>
      <trkpt lat="39.773913" lon="-120.872848"/>
      <trkpt lat="39.774052" lon="-120.873438"/>
      <trkpt lat="39.774085" lon="-120.873760"/>
      <trkpt lat="39.774155" lon="-120.873991"/>
      <trkpt lat="39.774176" lon="-120.874248"/>
      <trkpt lat="39.774200" lon="-120.874630"/>
      <trkpt lat="39.774302" lon="-120.874772"/>
      <trkpt lat="39.774489" lon="-120.874870"/>
      <trkpt lat="39.774926" lon="-120.875117"/>
      <trkpt lat="39.775054" lon="-120.875155"/>
      <trkpt lat="39.775277" lon="-120.875139"/>
      <trkpt lat="39.775846" lon="-120.875010"/>
      <trkpt lat="39.776028" lon="-120.874883"/>
      <trkpt lat="39.776473" lon="-120.874783"/>
      <trkpt lat="39.776588" lon="-120.874677"/>
      <trkpt lat="39.776637" lon="-120.874468"/>
      <trkpt lat="39.776629" lon="-120.874334"/>
      <trkpt lat="39.776555" lon="-120.874221"/>
      <trkpt lat="39.776497" lon="-120.874114"/>
      <trkpt lat="39.776493" lon="-120.873841"/>
      <trkpt lat="39.776443" lon="-120.873615"/>
      <trkpt lat="39.776381" lon="-120.873503"/>
      <trkpt lat="39.776348" lon="-120.873395"/>
      <trkpt lat="39.776373" lon="-120.873299"/>
      <trkpt lat="39.776550" lon="-120.873058"/>
      <trkpt lat="39.776627" lon="-120.872845"/>
      <trkpt lat="39.776926" lon="-120.872440"/>
      <trkpt lat="39.777408" lon="-120.871877"/>
      <trkpt lat="39.777820" lon="-120.871453"/>
      <trkpt lat="39.778130" lon="-120.871153"/>
      <trkpt lat="39.778356" lon="-120.870906"/>
      <trkpt lat="39.778542" lon="-120.870777"/>
      <trkpt lat="39.778769" lon="-120.870740"/>
      <trkpt lat="39.779049" lon="-120.870734"/>
      <trkpt lat="39.779214" lon="-120.870804"/>
      <trkpt lat="39.779387" lon="-120.870960"/>
      <trkpt lat="39.779556" lon="-120.871121"/>
      <trkpt lat="39.779835" lon="-120.871325"/>
      <trkpt lat="39.779989" lon="-120.871330"/>
      <trkpt lat="39.780187" lon="-120.871249"/>
      <trkpt lat="39.780319" lon="-120.871255"/>
      <trkpt lat="39.780706" lon="-120.871679"/>
      <trkpt lat="39.780933" lon="-120.871872"/>
      <trkpt lat="39.781040" lon="-120.871925"/>
      <trkpt lat="39.781292" lon="-120.872220"/>
      <trkpt lat="39.781444" lon="-120.872408"/>
      <trkpt lat="39.781634" lon="-120.872725"/>
      <trkpt lat="39.781869" lon="-120.873047"/>
      <trkpt lat="39.782030" lon="-120.873336"/>
      <trkpt lat="39.782194" lon="-120.873647"/>
      <trkpt lat="39.782396" lon="-120.873830"/>
      <trkpt lat="39.782619" lon="-120.874071"/>
      <trkpt lat="39.783299" lon="-120.874672"/>
      <trkpt lat="39.783443" lon="-120.874822"/>
      <trkpt lat="39.783600" lon="-120.874972"/>
      <trkpt lat="39.783765" lon="-120.874978"/>
      <trkpt lat="39.783922" lon="-120.874962"/>
      <trkpt lat="39.784309" lon="-120.875015"/>
      <trkpt lat="39.784478" lon="-120.875085"/>
      <trkpt lat="39.784726" lon="-120.875203"/>
      <trkpt lat="39.785047" lon="-120.875305"/>
      <trkpt lat="39.785204" lon="-120.875423"/>
      <trkpt lat="39.785468" lon="-120.875611"/>
      <trkpt lat="39.786080" lon="-120.876168"/>
      <trkpt lat="39.786218" lon="-120.876233"/>
      <trkpt lat="39.786391" lon="-120.876362"/>
      <trkpt lat="39.786556" lon="-120.876512"/>
      <trkpt lat="39.786588" lon="-120.876615"/>
      <trkpt lat="39.786671" lon="-120.876893"/>
      <trkpt lat="39.786726" lon="-120.877017"/>
      <trkpt lat="39.786811" lon="-120.877209"/>
      <trkpt lat="39.786885" lon="-120.877325"/>
      <trkpt lat="39.786965" lon="-120.877345"/>
      <trkpt lat="39.787084" lon="-120.877397"/>
      <trkpt lat="39.787195" lon="-120.877488"/>
      <trkpt lat="39.787257" lon="-120.877606"/>
      <trkpt lat="39.787380" lon="-120.877912"/>
      <trkpt lat="39.787345" lon="-120.878373"/>
      <trkpt lat="39.787298" lon="-120.878567"/>
      <trkpt lat="39.787185" lon="-120.878910"/>
      <trkpt lat="39.787158" lon="-120.879049"/>
      <trkpt lat="39.787026" lon="-120.879173"/>
      <trkpt lat="39.786968" lon="-120.879296"/>
      <trkpt lat="39.786902" lon="-120.879505"/>
      <trkpt lat="39.786783" lon="-120.879784"/>
      <trkpt lat="39.786758" lon="-120.880031"/>
      <trkpt lat="39.786741" lon="-120.880412"/>
      <trkpt lat="39.786720" lon="-120.880573"/>
      <trkpt lat="39.786640" lon="-120.880728"/>
      <trkpt lat="39.786502" lon="-120.880911"/>
      <trkpt lat="39.786160" lon="-120.881276"/>
      <trkpt lat="39.786074" lon="-120.881442"/>
      <trkpt lat="39.785917" lon="-120.881565"/>
      <trkpt lat="39.785690" lon="-120.881871"/>
      <trkpt lat="39.785311" lon="-120.882424"/>
      <trkpt lat="39.785158" lon="-120.882762"/>
      <trkpt lat="39.784853" lon="-120.883636"/>
      <trkpt lat="39.784709" lon="-120.884178"/>
      <trkpt lat="39.784520" lon="-120.884698"/>
      <trkpt lat="39.784293" lon="-120.885197"/>
      <trkpt lat="39.784186" lon="-120.885497"/>
      <trkpt lat="39.784124" lon="-120.885846"/>
      <trkpt lat="39.784136" lon="-120.886216"/>
      <trkpt lat="39.784091" lon="-120.886382"/>
      <trkpt lat="39.784000" lon="-120.886624"/>
      <trkpt lat="39.783868" lon="-120.886828"/>
      <trkpt lat="39.783687" lon="-120.887193"/>
      <trkpt lat="39.783584" lon="-120.887375"/>
      <trkpt lat="39.783361" lon="-120.887584"/>
      <trkpt lat="39.783118" lon="-120.887874"/>
      <trkpt lat="39.783002" lon="-120.888067"/>
      <trkpt lat="39.782842" lon="-120.888180"/>
      <trkpt lat="39.782776" lon="-120.888421"/>
      <trkpt lat="39.782541" lon="-120.889145"/>
      <trkpt lat="39.782504" lon="-120.889360"/>
      <trkpt lat="39.782500" lon="-120.889494"/>
      <trkpt lat="39.782446" lon="-120.889623"/>
      <trkpt lat="39.782328" lon="-120.889758"/>
      <trkpt lat="39.782273" lon="-120.889955"/>
      <trkpt lat="39.782273" lon="-120.890325"/>
      <trkpt lat="39.782297" lon="-120.890728"/>
      <trkpt lat="39.782382" lon="-120.891133"/>
      <trkpt lat="39.782407" lon="-120.891353"/>
      <trkpt lat="39.782399" lon="-120.891503"/>
      <trkpt lat="39.782391" lon="-120.891661"/>
    </trkseg>
    <trkseg>
      <trkpt lat="39.782391" lon="-120.891661"/>
      <trkpt lat="39.782284" lon="-120.891739"/>
    </trkseg>
    <trkseg>
      <trkpt lat="39.782284" lon="-120.891739"/>
      <trkpt lat="39.782282" lon="-120.891770"/>
      <trkpt lat="39.782266" lon="-120.891904"/>
      <trkpt lat="39.782246" lon="-120.892006"/>
      <trkpt lat="39.782213" lon="-120.892088"/>
      <trkpt lat="39.782180" lon="-120.892143"/>
      <trkpt lat="39.782128" lon="-120.892206"/>
      <trkpt lat="39.782081" lon="-120.892244"/>
      <trkpt lat="39.782003" lon="-120.892309"/>
      <trkpt lat="39.781919" lon="-120.892358"/>
      <trkpt lat="39.781704" lon="-120.892506"/>
      <trkpt lat="39.781377" lon="-120.892810"/>
    </trkseg>
    <trkseg>
      <trkpt lat="39.781377" lon="-120.892810"/>
      <trkpt lat="39.781244" lon="-120.893292"/>
      <trkpt lat="39.781207" lon="-120.893581"/>
      <trkpt lat="39.781267" lon="-120.893914"/>
      <trkpt lat="39.781259" lon="-120.894129"/>
      <trkpt lat="39.781193" lon="-120.894279"/>
      <trkpt lat="39.780991" lon="-120.894510"/>
      <trkpt lat="39.780902" lon="-120.894574"/>
      <trkpt lat="39.780793" lon="-120.894593"/>
      <trkpt lat="39.780607" lon="-120.894697"/>
      <trkpt lat="39.780492" lon="-120.894754"/>
      <trkpt lat="39.780346" lon="-120.894901"/>
      <trkpt lat="39.780249" lon="-120.895076"/>
      <trkpt lat="39.780146" lon="-120.895357"/>
      <trkpt lat="39.780108" lon="-120.895703"/>
      <trkpt lat="39.780049" lon="-120.896352"/>
      <trkpt lat="39.780012" lon="-120.896559"/>
      <trkpt lat="39.780001" lon="-120.896814"/>
      <trkpt lat="39.780033" lon="-120.897135"/>
      <trkpt lat="39.780069" lon="-120.897291"/>
      <trkpt lat="39.780061" lon="-120.897543"/>
      <trkpt lat="39.779995" lon="-120.897860"/>
      <trkpt lat="39.779927" lon="-120.898291"/>
      <trkpt lat="39.780003" lon="-120.898664"/>
      <trkpt lat="39.780102" lon="-120.898890"/>
      <trkpt lat="39.780263" lon="-120.899134"/>
      <trkpt lat="39.780391" lon="-120.899212"/>
      <trkpt lat="39.780513" lon="-120.899313"/>
      <trkpt lat="39.780665" lon="-120.899386"/>
      <trkpt lat="39.781034" lon="-120.899627"/>
      <trkpt lat="39.781158" lon="-120.899751"/>
      <trkpt lat="39.781316" lon="-120.899839"/>
      <trkpt lat="39.781547" lon="-120.900102"/>
      <trkpt lat="39.781694" lon="-120.900244"/>
      <trkpt lat="39.781809" lon="-120.900378"/>
      <trkpt lat="39.781918" lon="-120.900512"/>
      <trkpt lat="39.782007" lon="-120.900646"/>
      <trkpt lat="39.782052" lon="-120.900971"/>
      <trkpt lat="39.782135" lon="-120.901191"/>
      <trkpt lat="39.782172" lon="-120.901435"/>
      <trkpt lat="39.782192" lon="-120.901679"/>
      <trkpt lat="39.782157" lon="-120.901921"/>
      <trkpt lat="39.782113" lon="-120.902067"/>
      <trkpt lat="39.781992" lon="-120.902210"/>
      <trkpt lat="39.781780" lon="-120.902902"/>
      <trkpt lat="39.781673" lon="-120.903318"/>
      <trkpt lat="39.781459" lon="-120.904099"/>
      <trkpt lat="39.781399" lon="-120.904520"/>
      <trkpt lat="39.781366" lon="-120.904844"/>
      <trkpt lat="39.781312" lon="-120.905002"/>
      <trkpt lat="39.781209" lon="-120.905182"/>
      <trkpt lat="39.781075" lon="-120.905332"/>
      <trkpt lat="39.780958" lon="-120.905488"/>
      <trkpt lat="39.780850" lon="-120.905941"/>
      <trkpt lat="39.780801" lon="-120.906357"/>
      <trkpt lat="39.780752" lon="-120.906617"/>
      <trkpt lat="39.780616" lon="-120.907111"/>
      <trkpt lat="39.780611" lon="-120.907373"/>
      <trkpt lat="39.780679" lon="-120.907585"/>
      <trkpt lat="39.780754" lon="-120.907827"/>
      <trkpt lat="39.780803" lon="-120.908173"/>
      <trkpt lat="39.780775" lon="-120.908477"/>
      <trkpt lat="39.780768" lon="-120.908892"/>
      <trkpt lat="39.780783" lon="-120.909452"/>
      <trkpt lat="39.780879" lon="-120.909766"/>
      <trkpt lat="39.780991" lon="-120.910013"/>
      <trkpt lat="39.781114" lon="-120.910179"/>
      <trkpt lat="39.781292" lon="-120.910335"/>
      <trkpt lat="39.781498" lon="-120.910495"/>
      <trkpt lat="39.781766" lon="-120.910587"/>
      <trkpt lat="39.781918" lon="-120.910732"/>
      <trkpt lat="39.782095" lon="-120.911032"/>
      <trkpt lat="39.782302" lon="-120.911312"/>
      <trkpt lat="39.782619" lon="-120.911547"/>
      <trkpt lat="39.782912" lon="-120.911695"/>
      <trkpt lat="39.783127" lon="-120.911923"/>
      <trkpt lat="39.783552" lon="-120.912232"/>
      <trkpt lat="39.783958" lon="-120.912648"/>
      <trkpt lat="39.784058" lon="-120.912795"/>
      <trkpt lat="39.784132" lon="-120.912947"/>
      <trkpt lat="39.784210" lon="-120.913349"/>
      <trkpt lat="39.784227" lon="-120.913564"/>
      <trkpt lat="39.784260" lon="-120.913838"/>
      <trkpt lat="39.784429" lon="-120.913934"/>
      <trkpt lat="39.784553" lon="-120.913912"/>
      <trkpt lat="39.784754" lon="-120.913939"/>
      <trkpt lat="39.785031" lon="-120.913929"/>
      <trkpt lat="39.785252" lon="-120.913915"/>
      <trkpt lat="39.785275" lon="-120.913980"/>
      <trkpt lat="39.785171" lon="-120.914170"/>
      <trkpt lat="39.785105" lon="-120.914363"/>
      <trkpt lat="39.784886" lon="-120.914513"/>
      <trkpt lat="39.784763" lon="-120.914685"/>
      <trkpt lat="39.784598" lon="-120.914835"/>
      <trkpt lat="39.784441" lon="-120.915018"/>
      <trkpt lat="39.784351" lon="-120.915329"/>
      <trkpt lat="39.784342" lon="-120.915613"/>
      <trkpt lat="39.784396" lon="-120.916085"/>
      <trkpt lat="39.784522" lon="-120.916458"/>
      <trkpt lat="39.784553" lon="-120.916688"/>
      <trkpt lat="39.784598" lon="-120.916944"/>
      <trkpt lat="39.784738" lon="-120.917298"/>
      <trkpt lat="39.784833" lon="-120.917614"/>
      <trkpt lat="39.784908" lon="-120.917855"/>
      <trkpt lat="39.784977" lon="-120.918462"/>
      <trkpt lat="39.784969" lon="-120.918692"/>
      <trkpt lat="39.784895" lon="-120.918966"/>
      <trkpt lat="39.784866" lon="-120.919277"/>
      <trkpt lat="39.784783" lon="-120.919712"/>
      <trkpt lat="39.784742" lon="-120.920060"/>
      <trkpt lat="39.784693" lon="-120.920323"/>
      <trkpt lat="39.784668" lon="-120.920581"/>
      <trkpt lat="39.784552" lon="-120.920860"/>
      <trkpt lat="39.784495" lon="-120.921085"/>
      <trkpt lat="39.784470" lon="-120.921214"/>
      <trkpt lat="39.784363" lon="-120.921450"/>
      <trkpt lat="39.784330" lon="-120.921804"/>
      <trkpt lat="39.784400" lon="-120.921954"/>
      <trkpt lat="39.784365" lon="-120.922072"/>
      <trkpt lat="39.784318" lon="-120.922174"/>
      <trkpt lat="39.784194" lon="-120.922324"/>
      <trkpt lat="39.784194" lon="-120.922769"/>
      <trkpt lat="39.784206" lon="-120.923064"/>
      <trkpt lat="39.784128" lon="-120.923241"/>
      <trkpt lat="39.784095" lon="-120.923397"/>
      <trkpt lat="39.783913" lon="-120.923654"/>
      <trkpt lat="39.783881" lon="-120.923896"/>
      <trkpt lat="39.783798" lon="-120.924169"/>
      <trkpt lat="39.783674" lon="-120.924497"/>
      <trkpt lat="39.783637" lon="-120.924588"/>
      <trkpt lat="39.783633" lon="-120.924856"/>
      <trkpt lat="39.783625" lon="-120.925119"/>
      <trkpt lat="39.783580" lon="-120.925366"/>
      <trkpt lat="39.783613" lon="-120.925489"/>
      <trkpt lat="39.783699" lon="-120.925655"/>
      <trkpt lat="39.783699" lon="-120.925768"/>
      <trkpt lat="39.783650" lon="-120.925897"/>
      <trkpt lat="39.783571" lon="-120.926058"/>
      <trkpt lat="39.783468" lon="-120.926261"/>
      <trkpt lat="39.783188" lon="-120.926798"/>
      <trkpt lat="39.783044" lon="-120.926980"/>
      <trkpt lat="39.782928" lon="-120.927281"/>
      <trkpt lat="39.782726" lon="-120.927651"/>
      <trkpt lat="39.782644" lon="-120.927882"/>
      <trkpt lat="39.782561" lon="-120.928145"/>
      <trkpt lat="39.782512" lon="-120.928263"/>
      <trkpt lat="39.782454" lon="-120.928386"/>
      <trkpt lat="39.782326" lon="-120.928799"/>
      <trkpt lat="39.782260" lon="-120.929260"/>
      <trkpt lat="39.782149" lon="-120.929689"/>
      <trkpt lat="39.782042" lon="-120.929850"/>
      <trkpt lat="39.782017" lon="-120.930086"/>
      <trkpt lat="39.782038" lon="-120.930288"/>
      <trkpt lat="39.782001" lon="-120.930505"/>
      <trkpt lat="39.781974" lon="-120.930644"/>
      <trkpt lat="39.781867" lon="-120.931124"/>
      <trkpt lat="39.781863" lon="-120.931382"/>
      <trkpt lat="39.781861" lon="-120.931519"/>
      <trkpt lat="39.781795" lon="-120.931709"/>
      <trkpt lat="39.781793" lon="-120.931961"/>
      <trkpt lat="39.781823" lon="-120.932203"/>
      <trkpt lat="39.781807" lon="-120.932390"/>
      <trkpt lat="39.781755" lon="-120.932624"/>
      <trkpt lat="39.781658" lon="-120.932825"/>
      <trkpt lat="39.781539" lon="-120.932986"/>
      <trkpt lat="39.781508" lon="-120.933037"/>
      <trkpt lat="39.781496" lon="-120.933141"/>
      <trkpt lat="39.781487" lon="-120.933310"/>
      <trkpt lat="39.781411" lon="-120.933469"/>
      <trkpt lat="39.781296" lon="-120.933638"/>
      <trkpt lat="39.781106" lon="-120.933884"/>
      <trkpt lat="39.781001" lon="-120.934056"/>
      <trkpt lat="39.780914" lon="-120.934206"/>
      <trkpt lat="39.780857" lon="-120.934292"/>
      <trkpt lat="39.780663" lon="-120.934432"/>
      <trkpt lat="39.780494" lon="-120.934609"/>
      <trkpt lat="39.780403" lon="-120.934740"/>
      <trkpt lat="39.780354" lon="-120.934866"/>
      <trkpt lat="39.780362" lon="-120.934933"/>
      <trkpt lat="39.780339" lon="-120.935024"/>
      <trkpt lat="39.780191" lon="-120.935223"/>
      <trkpt lat="39.780007" lon="-120.935555"/>
      <trkpt lat="39.779927" lon="-120.935743"/>
      <trkpt lat="39.779863" lon="-120.936001"/>
      <trkpt lat="39.779814" lon="-120.936263"/>
      <trkpt lat="39.779766" lon="-120.936494"/>
      <trkpt lat="39.779752" lon="-120.936773"/>
      <trkpt lat="39.779748" lon="-120.937023"/>
      <trkpt lat="39.779758" lon="-120.937253"/>
      <trkpt lat="39.779838" lon="-120.937554"/>
      <trkpt lat="39.779876" lon="-120.937709"/>
      <trkpt lat="39.779904" lon="-120.937910"/>
      <trkpt lat="39.779892" lon="-120.938039"/>
      <trkpt lat="39.779847" lon="-120.938152"/>
      <trkpt lat="39.779729" lon="-120.938315"/>
      <trkpt lat="39.779725" lon="-120.938407"/>
      <trkpt lat="39.779746" lon="-120.938546"/>
      <trkpt lat="39.779717" lon="-120.938742"/>
      <trkpt lat="39.779591" lon="-120.939002"/>
      <trkpt lat="39.779560" lon="-120.939104"/>
      <trkpt lat="39.779562" lon="-120.939254"/>
      <trkpt lat="39.779529" lon="-120.939396"/>
      <trkpt lat="39.779399" lon="-120.939654"/>
      <trkpt lat="39.779232" lon="-120.939885"/>
      <trkpt lat="39.779049" lon="-120.940086"/>
      <trkpt lat="39.778903" lon="-120.940279"/>
      <trkpt lat="39.778684" lon="-120.940488"/>
      <trkpt lat="39.778527" lon="-120.940649"/>
      <trkpt lat="39.778389" lon="-120.940815"/>
      <trkpt lat="39.778319" lon="-120.940904"/>
      <trkpt lat="39.778196" lon="-120.941349"/>
      <trkpt lat="39.778126" lon="-120.941604"/>
      <trkpt lat="39.778045" lon="-120.941775"/>
      <trkpt lat="39.777950" lon="-120.941936"/>
      <trkpt lat="39.777880" lon="-120.942156"/>
      <trkpt lat="39.777880" lon="-120.942323"/>
      <trkpt lat="39.777909" lon="-120.942575"/>
      <trkpt lat="39.777926" lon="-120.942843"/>
      <trkpt lat="39.777973" lon="-120.943007"/>
      <trkpt lat="39.777963" lon="-120.943141"/>
      <trkpt lat="39.777934" lon="-120.943251"/>
      <trkpt lat="39.777979" lon="-120.943554"/>
      <trkpt lat="39.778088" lon="-120.943817"/>
      <trkpt lat="39.778146" lon="-120.943948"/>
      <trkpt lat="39.778146" lon="-120.944120"/>
      <trkpt lat="39.778097" lon="-120.944399"/>
      <trkpt lat="39.778074" lon="-120.944613"/>
      <trkpt lat="39.778191" lon="-120.944951"/>
      <trkpt lat="39.778266" lon="-120.945201"/>
      <trkpt lat="39.778407" lon="-120.945435"/>
      <trkpt lat="39.778455" lon="-120.945643"/>
      <trkpt lat="39.778527" lon="-120.945874"/>
      <trkpt lat="39.778581" lon="-120.946054"/>
      <trkpt lat="39.778610" lon="-120.946150"/>
      <trkpt lat="39.778626" lon="-120.946220"/>
      <trkpt lat="39.778624" lon="-120.946357"/>
      <trkpt lat="39.778565" lon="-120.946510"/>
      <trkpt lat="39.778521" lon="-120.946724"/>
      <trkpt lat="39.778507" lon="-120.946952"/>
      <trkpt lat="39.778396" lon="-120.947191"/>
      <trkpt lat="39.778367" lon="-120.947346"/>
      <trkpt lat="39.778371" lon="-120.947480"/>
      <trkpt lat="39.778371" lon="-120.947746"/>
      <trkpt lat="39.778299" lon="-120.947926"/>
      <trkpt lat="39.778185" lon="-120.948234"/>
      <trkpt lat="39.778097" lon="-120.948572"/>
      <trkpt lat="39.778033" lon="-120.948757"/>
      <trkpt lat="39.777921" lon="-120.948915"/>
      <trkpt lat="39.777872" lon="-120.949058"/>
      <trkpt lat="39.777818" lon="-120.949318"/>
      <trkpt lat="39.777709" lon="-120.949565"/>
      <trkpt lat="39.777614" lon="-120.949720"/>
      <trkpt lat="39.777501" lon="-120.949916"/>
      <trkpt lat="39.777444" lon="-120.950018"/>
      <trkpt lat="39.777435" lon="-120.950034"/>
      <trkpt lat="39.777359" lon="-120.950246"/>
      <trkpt lat="39.777198" lon="-120.950511"/>
      <trkpt lat="39.777047" lon="-120.950739"/>
      <trkpt lat="39.776899" lon="-120.950927"/>
      <trkpt lat="39.776732" lon="-120.951112"/>
      <trkpt lat="39.776608" lon="-120.951313"/>
      <trkpt lat="39.776454" lon="-120.951515"/>
      <trkpt lat="39.776250" lon="-120.951673"/>
      <trkpt lat="39.776039" lon="-120.951756"/>
      <trkpt lat="39.775920" lon="-120.951877"/>
      <trkpt lat="39.775804" lon="-120.951997"/>
      <trkpt lat="39.775718" lon="-120.952070"/>
      <trkpt lat="39.775625" lon="-120.952140"/>
      <trkpt lat="39.775427" lon="-120.952309"/>
      <trkpt lat="39.775239" lon="-120.952424"/>
      <trkpt lat="39.775052" lon="-120.952518"/>
      <trkpt lat="39.774912" lon="-120.952598"/>
      <trkpt lat="39.774751" lon="-120.952676"/>
      <trkpt lat="39.774698" lon="-120.952773"/>
      <trkpt lat="39.774619" lon="-120.952899"/>
      <trkpt lat="39.774518" lon="-120.953073"/>
      <trkpt lat="39.774434" lon="-120.953263"/>
      <trkpt lat="39.774308" lon="-120.953467"/>
      <trkpt lat="39.774178" lon="-120.953642"/>
      <trkpt lat="39.774058" lon="-120.953773"/>
      <trkpt lat="39.773877" lon="-120.953958"/>
      <trkpt lat="39.773764" lon="-120.954114"/>
      <trkpt lat="39.773693" lon="-120.954250"/>
      <trkpt lat="39.773607" lon="-120.954350"/>
      <trkpt lat="39.773514" lon="-120.954449"/>
      <trkpt lat="39.773419" lon="-120.954497"/>
      <trkpt lat="39.773304" lon="-120.954535"/>
      <trkpt lat="39.773215" lon="-120.954604"/>
      <trkpt lat="39.773042" lon="-120.954771"/>
      <trkpt lat="39.772962" lon="-120.954924"/>
      <trkpt lat="39.772877" lon="-120.955007"/>
      <trkpt lat="39.772776" lon="-120.955077"/>
      <trkpt lat="39.772667" lon="-120.955144"/>
      <trkpt lat="39.772584" lon="-120.955264"/>
      <trkpt lat="39.772413" lon="-120.955388"/>
      <trkpt lat="39.772242" lon="-120.955447"/>
      <trkpt lat="39.771968" lon="-120.955586"/>
      <trkpt lat="39.771745" lon="-120.955653"/>
      <trkpt lat="39.771473" lon="-120.955691"/>
      <trkpt lat="39.771217" lon="-120.955736"/>
      <trkpt lat="39.771152" lon="-120.955790"/>
      <trkpt lat="39.771100" lon="-120.955860"/>
      <trkpt lat="39.771036" lon="-120.955994"/>
      <trkpt lat="39.770997" lon="-120.956192"/>
      <trkpt lat="39.770987" lon="-120.956423"/>
      <trkpt lat="39.771090" lon="-120.956908"/>
      <trkpt lat="39.771211" lon="-120.957096"/>
      <trkpt lat="39.771244" lon="-120.957204"/>
      <trkpt lat="39.771300" lon="-120.957279"/>
      <trkpt lat="39.771405" lon="-120.957380"/>
      <trkpt lat="39.771566" lon="-120.957563"/>
      <trkpt lat="39.771793" lon="-120.957772"/>
      <trkpt lat="39.771809" lon="-120.957855"/>
      <trkpt lat="39.771824" lon="-120.958046"/>
      <trkpt lat="39.771853" lon="-120.958534"/>
      <trkpt lat="39.771922" lon="-120.958992"/>
      <trkpt lat="39.771925" lon="-120.959170"/>
      <trkpt lat="39.772015" lon="-120.959328"/>
      <trkpt lat="39.772046" lon="-120.959475"/>
      <trkpt lat="39.772106" lon="-120.959738"/>
      <trkpt lat="39.772208" lon="-120.960020"/>
      <trkpt lat="39.772300" lon="-120.960148"/>
      <trkpt lat="39.772490" lon="-120.960737"/>
      <trkpt lat="39.772481" lon="-120.961141"/>
      <trkpt lat="39.772492" lon="-120.961399"/>
      <trkpt lat="39.772470" lon="-120.961528"/>
      <trkpt lat="39.772407" lon="-120.961594"/>
      <trkpt lat="39.772263" lon="-120.961635"/>
      <trkpt lat="39.772114" lon="-120.961624"/>
      <trkpt lat="39.771894" lon="-120.961610"/>
      <trkpt lat="39.771716" lon="-120.961559"/>
      <trkpt lat="39.771549" lon="-120.961511"/>
      <trkpt lat="39.771360" lon="-120.961358"/>
      <trkpt lat="39.771154" lon="-120.961291"/>
      <trkpt lat="39.770962" lon="-120.961246"/>
      <trkpt lat="39.770706" lon="-120.961235"/>
      <trkpt lat="39.770585" lon="-120.961238"/>
      <trkpt lat="39.770480" lon="-120.961339"/>
      <trkpt lat="39.770385" lon="-120.961490"/>
      <trkpt lat="39.770383" lon="-120.961626"/>
      <trkpt lat="39.770438" lon="-120.961849"/>
      <trkpt lat="39.770467" lon="-120.962074"/>
      <trkpt lat="39.770413" lon="-120.962302"/>
      <trkpt lat="39.770405" lon="-120.963077"/>
      <trkpt lat="39.770430" lon="-120.963302"/>
      <trkpt lat="39.770383" lon="-120.963483"/>
      <trkpt lat="39.770275" lon="-120.963780"/>
      <trkpt lat="39.770127" lon="-120.963984"/>
      <trkpt lat="39.769863" lon="-120.964107"/>
      <trkpt lat="39.769810" lon="-120.964263"/>
      <trkpt lat="39.769694" lon="-120.964440"/>
      <trkpt lat="39.769612" lon="-120.964633"/>
      <trkpt lat="39.769480" lon="-120.964805"/>
      <trkpt lat="39.769356" lon="-120.964907"/>
      <trkpt lat="39.769265" lon="-120.965052"/>
      <trkpt lat="39.769183" lon="-120.965368"/>
      <trkpt lat="39.769051" lon="-120.965695"/>
      <trkpt lat="39.768923" lon="-120.966178"/>
      <trkpt lat="39.768857" lon="-120.966629"/>
      <trkpt lat="39.768816" lon="-120.966827"/>
      <trkpt lat="39.768894" lon="-120.967063"/>
      <trkpt lat="39.768898" lon="-120.967315"/>
      <trkpt lat="39.768865" lon="-120.967525"/>
      <trkpt lat="39.768639" lon="-120.968201"/>
      <trkpt lat="39.768544" lon="-120.968453"/>
      <trkpt lat="39.768486" lon="-120.968759"/>
      <trkpt lat="39.768498" lon="-120.969027"/>
      <trkpt lat="39.768552" lon="-120.969563"/>
      <trkpt lat="39.768692" lon="-120.969928"/>
      <trkpt lat="39.768733" lon="-120.970121"/>
      <trkpt lat="39.768770" lon="-120.970432"/>
      <trkpt lat="39.768746" lon="-120.970615"/>
      <trkpt lat="39.768639" lon="-120.970749"/>
      <trkpt lat="39.768515" lon="-120.970786"/>
      <trkpt lat="39.768193" lon="-120.970856"/>
      <trkpt lat="39.767987" lon="-120.971022"/>
      <trkpt lat="39.767871" lon="-120.971103"/>
      <trkpt lat="39.767744" lon="-120.971087"/>
      <trkpt lat="39.767624" lon="-120.971183"/>
      <trkpt lat="39.767558" lon="-120.971269"/>
      <trkpt lat="39.767455" lon="-120.971333"/>
      <trkpt lat="39.767364" lon="-120.971457"/>
      <trkpt lat="39.767245" lon="-120.971553"/>
      <trkpt lat="39.767158" lon="-120.971832"/>
      <trkpt lat="39.767047" lon="-120.971966"/>
      <trkpt lat="39.766960" lon="-120.972020"/>
      <trkpt lat="39.766841" lon="-120.972186"/>
      <trkpt lat="39.766734" lon="-120.972374"/>
      <trkpt lat="39.766589" lon="-120.972728"/>
      <trkpt lat="39.766494" lon="-120.972970"/>
      <trkpt lat="39.766375" lon="-120.973114"/>
      <trkpt lat="39.766288" lon="-120.973227"/>
      <trkpt lat="39.766218" lon="-120.973366"/>
      <trkpt lat="39.766197" lon="-120.973560"/>
      <trkpt lat="39.766074" lon="-120.973726"/>
      <trkpt lat="39.766024" lon="-120.973887"/>
      <trkpt lat="39.766012" lon="-120.974107"/>
      <trkpt lat="39.765954" lon="-120.974311"/>
      <trkpt lat="39.765913" lon="-120.974520"/>
      <trkpt lat="39.765929" lon="-120.974740"/>
      <trkpt lat="39.765983" lon="-120.975078"/>
      <trkpt lat="39.766012" lon="-120.975266"/>
      <trkpt lat="39.766012" lon="-120.975534"/>
      <trkpt lat="39.766053" lon="-120.975759"/>
      <trkpt lat="39.766144" lon="-120.975990"/>
      <trkpt lat="39.766189" lon="-120.976151"/>
      <trkpt lat="39.766214" lon="-120.976446"/>
      <trkpt lat="39.766197" lon="-120.976698"/>
      <trkpt lat="39.766148" lon="-120.976955"/>
      <trkpt lat="39.766163" lon="-120.977152"/>
      <trkpt lat="39.766207" lon="-120.977337"/>
      <trkpt lat="39.766382" lon="-120.977683"/>
      <trkpt lat="39.766466" lon="-120.977846"/>
      <trkpt lat="39.766536" lon="-120.978162"/>
      <trkpt lat="39.766552" lon="-120.978420"/>
      <trkpt lat="39.766564" lon="-120.978581"/>
      <trkpt lat="39.766610" lon="-120.978704"/>
      <trkpt lat="39.766721" lon="-120.978903"/>
      <trkpt lat="39.766787" lon="-120.979139"/>
      <trkpt lat="39.766938" lon="-120.979400"/>
      <trkpt lat="39.767043" lon="-120.979536"/>
      <trkpt lat="39.767166" lon="-120.980040"/>
      <trkpt lat="39.767293" lon="-120.980285"/>
      <trkpt lat="39.767381" lon="-120.980539"/>
      <trkpt lat="39.767467" lon="-120.980812"/>
      <trkpt lat="39.767562" lon="-120.980995"/>
      <trkpt lat="39.767608" lon="-120.981166"/>
      <trkpt lat="39.767628" lon="-120.981392"/>
      <trkpt lat="39.767624" lon="-120.981537"/>
      <trkpt lat="39.767599" lon="-120.981638"/>
      <trkpt lat="39.767546" lon="-120.981757"/>
      <trkpt lat="39.767521" lon="-120.981853"/>
      <trkpt lat="39.767538" lon="-120.981998"/>
      <trkpt lat="39.767517" lon="-120.982143"/>
      <trkpt lat="39.767434" lon="-120.982373"/>
      <trkpt lat="39.767439" lon="-120.982593"/>
      <trkpt lat="39.767476" lon="-120.982867"/>
      <trkpt lat="39.767521" lon="-120.983049"/>
      <trkpt lat="39.767521" lon="-120.983162"/>
      <trkpt lat="39.767484" lon="-120.983280"/>
      <trkpt lat="39.767397" lon="-120.983414"/>
      <trkpt lat="39.767319" lon="-120.983623"/>
      <trkpt lat="39.767195" lon="-120.984270"/>
      <trkpt lat="39.767204" lon="-120.984401"/>
      <trkpt lat="39.767103" lon="-120.984777"/>
      <trkpt lat="39.767022" lon="-120.985198"/>
      <trkpt lat="39.766991" lon="-120.985310"/>
      <trkpt lat="39.766948" lon="-120.985396"/>
      <trkpt lat="39.766884" lon="-120.985402"/>
      <trkpt lat="39.766841" lon="-120.985415"/>
      <trkpt lat="39.766785" lon="-120.985595"/>
      <trkpt lat="39.766744" lon="-120.985954"/>
      <trkpt lat="39.766698" lon="-120.986281"/>
      <trkpt lat="39.766676" lon="-120.986434"/>
      <trkpt lat="39.766614" lon="-120.986584"/>
      <trkpt lat="39.766554" lon="-120.986646"/>
      <trkpt lat="39.766439" lon="-120.986705"/>
      <trkpt lat="39.766369" lon="-120.986898"/>
      <trkpt lat="39.766290" lon="-120.987043"/>
      <trkpt lat="39.766150" lon="-120.987443"/>
      <trkpt lat="39.766169" lon="-120.987588"/>
      <trkpt lat="39.766185" lon="-120.987711"/>
      <trkpt lat="39.766243" lon="-120.987866"/>
      <trkpt lat="39.766298" lon="-120.988009"/>
      <trkpt lat="39.766558" lon="-120.988380"/>
      <trkpt lat="39.767261" lon="-120.989100"/>
      <trkpt lat="39.767591" lon="-120.989294"/>
      <trkpt lat="39.768003" lon="-120.989460"/>
      <trkpt lat="39.768259" lon="-120.989519"/>
      <trkpt lat="39.768457" lon="-120.989492"/>
      <trkpt lat="39.768532" lon="-120.989495"/>
      <trkpt lat="39.768628" lon="-120.989497"/>
      <trkpt lat="39.768733" lon="-120.989530"/>
      <trkpt lat="39.768855" lon="-120.989699"/>
      <trkpt lat="39.768909" lon="-120.989806"/>
      <trkpt lat="39.768972" lon="-120.990036"/>
      <trkpt lat="39.768972" lon="-120.990353"/>
      <trkpt lat="39.768991" lon="-120.990487"/>
      <trkpt lat="39.769228" lon="-120.990817"/>
      <trkpt lat="39.769319" lon="-120.990887"/>
      <trkpt lat="39.769440" lon="-120.990871"/>
      <trkpt lat="39.769628" lon="-120.990881"/>
      <trkpt lat="39.769739" lon="-120.990940"/>
      <trkpt lat="39.769849" lon="-120.991026"/>
      <trkpt lat="39.769925" lon="-120.991128"/>
      <trkpt lat="39.770038" lon="-120.991546"/>
      <trkpt lat="39.770170" lon="-120.991726"/>
      <trkpt lat="39.770230" lon="-120.991917"/>
      <trkpt lat="39.770306" lon="-120.991997"/>
      <trkpt lat="39.770469" lon="-120.992115"/>
      <trkpt lat="39.770611" lon="-120.992255"/>
      <trkpt lat="39.770812" lon="-120.992530"/>
      <trkpt lat="39.771040" lon="-120.992818"/>
      <trkpt lat="39.771153" lon="-120.992991"/>
    </trkseg>
    <trkseg>
      <trkpt lat="39.771153" lon="-120.992991"/>
      <trkpt lat="39.771232" lon="-120.993124"/>
      <trkpt lat="39.771273" lon="-120.993167"/>
      <trkpt lat="39.771409" lon="-120.993172"/>
      <trkpt lat="39.771706" lon="-120.993062"/>
      <trkpt lat="39.771887" lon="-120.992987"/>
      <trkpt lat="39.772322" lon="-120.992723"/>
      <trkpt lat="39.772661" lon="-120.992520"/>
      <trkpt lat="39.772778" lon="-120.992475"/>
      <trkpt lat="39.772908" lon="-120.992437"/>
      <trkpt lat="39.773065" lon="-120.992501"/>
      <trkpt lat="39.773145" lon="-120.992676"/>
      <trkpt lat="39.773182" lon="-120.992697"/>
      <trkpt lat="39.773275" lon="-120.992646"/>
      <trkpt lat="39.773411" lon="-120.992622"/>
      <trkpt lat="39.773650" lon="-120.992623"/>
      <trkpt lat="39.773741" lon="-120.992520"/>
      <trkpt lat="39.773832" lon="-120.992354"/>
      <trkpt lat="39.774017" lon="-120.992166"/>
      <trkpt lat="39.774108" lon="-120.992166"/>
      <trkpt lat="39.774170" lon="-120.992220"/>
      <trkpt lat="39.774254" lon="-120.992324"/>
    </trkseg>
    <trkseg>
      <trkpt lat="39.774254" lon="-120.992324"/>
      <trkpt lat="39.774308" lon="-120.992416"/>
      <trkpt lat="39.774576" lon="-120.992622"/>
      <trkpt lat="39.774751" lon="-120.992745"/>
      <trkpt lat="39.774856" lon="-120.992880"/>
      <trkpt lat="39.774918" lon="-120.992968"/>
      <trkpt lat="39.774938" lon="-120.993092"/>
      <trkpt lat="39.774912" lon="-120.993306"/>
      <trkpt lat="39.774934" lon="-120.993446"/>
      <trkpt lat="39.775017" lon="-120.993615"/>
      <trkpt lat="39.775128" lon="-120.993867"/>
      <trkpt lat="39.775161" lon="-120.993979"/>
      <trkpt lat="39.775213" lon="-120.994441"/>
      <trkpt lat="39.775203" lon="-120.994862"/>
      <trkpt lat="39.775142" lon="-120.995430"/>
      <trkpt lat="39.775060" lon="-120.995685"/>
      <trkpt lat="39.775011" lon="-120.995862"/>
      <trkpt lat="39.775012" lon="-120.996275"/>
      <trkpt lat="39.775021" lon="-120.996415"/>
      <trkpt lat="39.775151" lon="-120.996814"/>
      <trkpt lat="39.775163" lon="-120.997067"/>
      <trkpt lat="39.775293" lon="-120.997560"/>
      <trkpt lat="39.775417" lon="-120.997906"/>
      <trkpt lat="39.775561" lon="-120.998391"/>
      <trkpt lat="39.775604" lon="-120.998630"/>
      <trkpt lat="39.775582" lon="-120.999478"/>
      <trkpt lat="39.775563" lon="-120.999958"/>
      <trkpt lat="39.775512" lon="-121.000387"/>
      <trkpt lat="39.775458" lon="-121.000492"/>
      <trkpt lat="39.775483" lon="-121.000760"/>
      <trkpt lat="39.775524" lon="-121.001025"/>
      <trkpt lat="39.775584" lon="-121.001358"/>
      <trkpt lat="39.775808" lon="-121.001672"/>
      <trkpt lat="39.776004" lon="-121.001996"/>
      <trkpt lat="39.776219" lon="-121.002294"/>
      <trkpt lat="39.776480" lon="-121.002796"/>
      <trkpt lat="39.776635" lon="-121.002983"/>
      <trkpt lat="39.776736" lon="-121.003163"/>
      <trkpt lat="39.777278" lon="-121.003936"/>
      <trkpt lat="39.777344" lon="-121.004083"/>
      <trkpt lat="39.777398" lon="-121.004308"/>
      <trkpt lat="39.777493" lon="-121.004512"/>
      <trkpt lat="39.777851" lon="-121.005046"/>
      <trkpt lat="39.778018" lon="-121.005183"/>
      <trkpt lat="39.778276" lon="-121.005341"/>
      <trkpt lat="39.778430" lon="-121.005392"/>
      <trkpt lat="39.778560" lon="-121.005411"/>
      <trkpt lat="39.778678" lon="-121.005523"/>
      <trkpt lat="39.778746" lon="-121.005655"/>
      <trkpt lat="39.778833" lon="-121.005800"/>
      <trkpt lat="39.778938" lon="-121.005955"/>
      <trkpt lat="39.779078" lon="-121.006148"/>
      <trkpt lat="39.779387" lon="-121.006647"/>
      <trkpt lat="39.780022" lon="-121.007256"/>
      <trkpt lat="39.780282" lon="-121.007417"/>
      <trkpt lat="39.780655" lon="-121.007592"/>
      <trkpt lat="39.780976" lon="-121.007567"/>
      <trkpt lat="39.781147" lon="-121.007608"/>
      <trkpt lat="39.781351" lon="-121.007793"/>
      <trkpt lat="39.781520" lon="-121.008042"/>
      <trkpt lat="39.781663" lon="-121.008147"/>
      <trkpt lat="39.781836" lon="-121.008195"/>
      <trkpt lat="39.781990" lon="-121.008109"/>
      <trkpt lat="39.782133" lon="-121.007884"/>
      <trkpt lat="39.782196" lon="-121.007643"/>
      <trkpt lat="39.782178" lon="-121.007237"/>
      <trkpt lat="39.782116" lon="-121.007012"/>
      <trkpt lat="39.781467" lon="-121.006457"/>
      <trkpt lat="39.781017" lon="-121.006224"/>
      <trkpt lat="39.780822" lon="-121.006092"/>
      <trkpt lat="39.780636" lon="-121.005851"/>
      <trkpt lat="39.780562" lon="-121.005491"/>
      <trkpt lat="39.780457" lon="-121.004869"/>
      <trkpt lat="39.780517" lon="-121.004762"/>
      <trkpt lat="39.780465" lon="-121.004526"/>
      <trkpt lat="39.780393" lon="-121.004384"/>
      <trkpt lat="39.780321" lon="-121.004255"/>
      <trkpt lat="39.780352" lon="-121.004196"/>
      <trkpt lat="39.780393" lon="-121.004172"/>
      <trkpt lat="39.780475" lon="-121.004208"/>
      <trkpt lat="39.780599" lon="-121.004206"/>
      <trkpt lat="39.780739" lon="-121.004190"/>
      <trkpt lat="39.780885" lon="-121.004078"/>
      <trkpt lat="39.780900" lon="-121.003893"/>
      <trkpt lat="39.780824" lon="-121.003799"/>
      <trkpt lat="39.780793" lon="-121.003670"/>
      <trkpt lat="39.780803" lon="-121.003560"/>
      <trkpt lat="39.780859" lon="-121.003507"/>
      <trkpt lat="39.780964" lon="-121.003480"/>
      <trkpt lat="39.781067" lon="-121.003464"/>
      <trkpt lat="39.781339" lon="-121.003335"/>
      <trkpt lat="39.781428" lon="-121.003340"/>
      <trkpt lat="39.781539" lon="-121.003388"/>
      <trkpt lat="39.781624" lon="-121.003507"/>
      <trkpt lat="39.781749" lon="-121.003713"/>
      <trkpt lat="39.781995" lon="-121.003968"/>
      <trkpt lat="39.782227" lon="-121.004059"/>
      <trkpt lat="39.782427" lon="-121.004056"/>
      <trkpt lat="39.782545" lon="-121.003977"/>
      <trkpt lat="39.782739" lon="-121.003783"/>
      <trkpt lat="39.783048" lon="-121.003568"/>
      <trkpt lat="39.783177" lon="-121.003552"/>
      <trkpt lat="39.783565" lon="-121.003405"/>
      <trkpt lat="39.783866" lon="-121.003128"/>
      <trkpt lat="39.784033" lon="-121.002839"/>
      <trkpt lat="39.784118" lon="-121.002659"/>
      <trkpt lat="39.784229" lon="-121.002603"/>
      <trkpt lat="39.784338" lon="-121.002640"/>
      <trkpt lat="39.784452" lon="-121.002742"/>
      <trkpt lat="39.784503" lon="-121.002804"/>
      <trkpt lat="39.784668" lon="-121.003051"/>
      <trkpt lat="39.784717" lon="-121.003158"/>
      <trkpt lat="39.784749" lon="-121.003271"/>
      <trkpt lat="39.784831" lon="-121.003391"/>
      <trkpt lat="39.784923" lon="-121.003447"/>
      <trkpt lat="39.785226" lon="-121.003501"/>
      <trkpt lat="39.785505" lon="-121.003608"/>
      <trkpt lat="39.785635" lon="-121.003710"/>
      <trkpt lat="39.785869" lon="-121.004000"/>
      <trkpt lat="39.785917" lon="-121.004150"/>
      <trkpt lat="39.785927" lon="-121.004451"/>
      <trkpt lat="39.785872" lon="-121.004815"/>
      <trkpt lat="39.785896" lon="-121.005352"/>
      <trkpt lat="39.785973" lon="-121.005695"/>
      <trkpt lat="39.786078" lon="-121.005928"/>
      <trkpt lat="39.786270" lon="-121.006280"/>
      <trkpt lat="39.786405" lon="-121.006548"/>
      <trkpt lat="39.786675" lon="-121.006712"/>
      <trkpt lat="39.786867" lon="-121.006741"/>
      <trkpt lat="39.787077" lon="-121.006816"/>
      <trkpt lat="39.787314" lon="-121.006967"/>
      <trkpt lat="39.787388" lon="-121.007039"/>
      <trkpt lat="39.787485" lon="-121.007380"/>
      <trkpt lat="39.787609" lon="-121.007535"/>
      <trkpt lat="39.787848" lon="-121.007699"/>
      <trkpt lat="39.787931" lon="-121.007777"/>
      <trkpt lat="39.787976" lon="-121.007903"/>
      <trkpt lat="39.787941" lon="-121.008088"/>
      <trkpt lat="39.787889" lon="-121.008243"/>
      <trkpt lat="39.787823" lon="-121.008402"/>
      <trkpt lat="39.787479" lon="-121.008707"/>
      <trkpt lat="39.787234" lon="-121.008761"/>
      <trkpt lat="39.787034" lon="-121.008742"/>
      <trkpt lat="39.786780" lon="-121.008788"/>
      <trkpt lat="39.786555" lon="-121.008903"/>
      <trkpt lat="39.786517" lon="-121.009064"/>
      <trkpt lat="39.786527" lon="-121.009203"/>
      <trkpt lat="39.786624" lon="-121.009464"/>
      <trkpt lat="39.786702" lon="-121.009628"/>
      <trkpt lat="39.786945" lon="-121.009903"/>
      <trkpt lat="39.786960" lon="-121.010035"/>
      <trkpt lat="39.786935" lon="-121.010175"/>
      <trkpt lat="39.786904" lon="-121.010507"/>
      <trkpt lat="39.786952" lon="-121.010931"/>
      <trkpt lat="39.787033" lon="-121.011318"/>
      <trkpt lat="39.787013" lon="-121.011740"/>
      <trkpt lat="39.786970" lon="-121.011947"/>
      <trkpt lat="39.786952" lon="-121.012199"/>
      <trkpt lat="39.787007" lon="-121.012575"/>
      <trkpt lat="39.787007" lon="-121.012841"/>
      <trkpt lat="39.787094" lon="-121.013353"/>
      <trkpt lat="39.787162" lon="-121.013470"/>
      <trkpt lat="39.787213" lon="-121.013677"/>
      <trkpt lat="39.787304" lon="-121.014088"/>
      <trkpt lat="39.787277" lon="-121.014399"/>
      <trkpt lat="39.787207" lon="-121.014495"/>
      <trkpt lat="39.787046" lon="-121.014600"/>
      <trkpt lat="39.786908" lon="-121.014774"/>
      <trkpt lat="39.786718" lon="-121.015212"/>
      <trkpt lat="39.786665" lon="-121.015673"/>
      <trkpt lat="39.786730" lon="-121.015903"/>
      <trkpt lat="39.786824" lon="-121.016051"/>
      <trkpt lat="39.786987" lon="-121.016145"/>
      <trkpt lat="39.787174" lon="-121.016142"/>
      <trkpt lat="39.787410" lon="-121.016165"/>
      <trkpt lat="39.787619" lon="-121.016008"/>
      <trkpt lat="39.787714" lon="-121.016062"/>
      <trkpt lat="39.787747" lon="-121.016159"/>
      <trkpt lat="39.787747" lon="-121.016271"/>
      <trkpt lat="39.787780" lon="-121.016496"/>
      <trkpt lat="39.787871" lon="-121.016598"/>
      <trkpt lat="39.787949" lon="-121.016641"/>
      <trkpt lat="39.788081" lon="-121.016647"/>
      <trkpt lat="39.788213" lon="-121.016598"/>
      <trkpt lat="39.788217" lon="-121.016689"/>
      <trkpt lat="39.788188" lon="-121.016845"/>
      <trkpt lat="39.788098" lon="-121.017129"/>
      <trkpt lat="39.788159" lon="-121.017382"/>
      <trkpt lat="39.788295" lon="-121.017475"/>
      <trkpt lat="39.788588" lon="-121.017634"/>
      <trkpt lat="39.788819" lon="-121.017655"/>
      <trkpt lat="39.788926" lon="-121.017607"/>
      <trkpt lat="39.788992" lon="-121.017661"/>
      <trkpt lat="39.789004" lon="-121.017757"/>
      <trkpt lat="39.788939" lon="-121.018057"/>
      <trkpt lat="39.788897" lon="-121.018293"/>
      <trkpt lat="39.788844" lon="-121.018733"/>
      <trkpt lat="39.788811" lon="-121.019103"/>
      <trkpt lat="39.788885" lon="-121.019736"/>
      <trkpt lat="39.788963" lon="-121.020015"/>
      <trkpt lat="39.788951" lon="-121.020209"/>
      <trkpt lat="39.788831" lon="-121.020316"/>
      <trkpt lat="39.788699" lon="-121.020402"/>
      <trkpt lat="39.788613" lon="-121.020493"/>
      <trkpt lat="39.788551" lon="-121.020691"/>
      <trkpt lat="39.788370" lon="-121.020777"/>
      <trkpt lat="39.788242" lon="-121.020868"/>
      <trkpt lat="39.788164" lon="-121.021002"/>
      <trkpt lat="39.788131" lon="-121.021196"/>
      <trkpt lat="39.788131" lon="-121.021383"/>
      <trkpt lat="39.788229" lon="-121.021593"/>
      <trkpt lat="39.788368" lon="-121.021703"/>
      <trkpt lat="39.788596" lon="-121.021759"/>
      <trkpt lat="39.788967" lon="-121.021759"/>
      <trkpt lat="39.789190" lon="-121.021764"/>
      <trkpt lat="39.789528" lon="-121.021877"/>
      <trkpt lat="39.789660" lon="-121.021984"/>
      <trkpt lat="39.789800" lon="-121.022263"/>
      <trkpt lat="39.789775" lon="-121.022370"/>
      <trkpt lat="39.789672" lon="-121.022569"/>
      <trkpt lat="39.789540" lon="-121.022891"/>
      <trkpt lat="39.789499" lon="-121.023143"/>
      <trkpt lat="39.789507" lon="-121.023615"/>
      <trkpt lat="39.789470" lon="-121.023808"/>
      <trkpt lat="39.789404" lon="-121.024017"/>
      <trkpt lat="39.789293" lon="-121.024210"/>
      <trkpt lat="39.789219" lon="-121.024404"/>
      <trkpt lat="39.789223" lon="-121.024736"/>
      <trkpt lat="39.789326" lon="-121.024962"/>
      <trkpt lat="39.789458" lon="-121.025047"/>
      <trkpt lat="39.789635" lon="-121.025133"/>
      <trkpt lat="39.789870" lon="-121.025482"/>
      <trkpt lat="39.789990" lon="-121.025675"/>
      <trkpt lat="39.790138" lon="-121.026066"/>
      <trkpt lat="39.790233" lon="-121.026281"/>
      <trkpt lat="39.790233" lon="-121.026512"/>
      <trkpt lat="39.790332" lon="-121.026684"/>
      <trkpt lat="39.790365" lon="-121.026860"/>
      <trkpt lat="39.790410" lon="-121.027048"/>
      <trkpt lat="39.790501" lon="-121.027241"/>
      <trkpt lat="39.790598" lon="-121.027400"/>
      <trkpt lat="39.790769" lon="-121.027644"/>
      <trkpt lat="39.790845" lon="-121.027910"/>
      <trkpt lat="39.790934" lon="-121.028143"/>
      <trkpt lat="39.790983" lon="-121.028443"/>
      <trkpt lat="39.791086" lon="-121.028894"/>
      <trkpt lat="39.791329" lon="-121.029360"/>
      <trkpt lat="39.791568" lon="-121.029489"/>
      <trkpt lat="39.791659" lon="-121.029548"/>
      <trkpt lat="39.791675" lon="-121.029645"/>
      <trkpt lat="39.791643" lon="-121.029763"/>
      <trkpt lat="39.791482" lon="-121.029875"/>
      <trkpt lat="39.791280" lon="-121.029902"/>
      <trkpt lat="39.791222" lon="-121.029977"/>
      <trkpt lat="39.791272" lon="-121.030106"/>
      <trkpt lat="39.791358" lon="-121.030149"/>
      <trkpt lat="39.791556" lon="-121.030299"/>
      <trkpt lat="39.791774" lon="-121.030353"/>
      <trkpt lat="39.791902" lon="-121.030256"/>
      <trkpt lat="39.792026" lon="-121.030015"/>
      <trkpt lat="39.792217" lon="-121.029867"/>
      <trkpt lat="39.792203" lon="-121.029709"/>
      <trkpt lat="39.792277" lon="-121.029446"/>
      <trkpt lat="39.792356" lon="-121.029173"/>
      <trkpt lat="39.792430" lon="-121.029119"/>
      <trkpt lat="39.792417" lon="-121.029317"/>
      <trkpt lat="39.792409" lon="-121.029693"/>
      <trkpt lat="39.792393" lon="-121.029881"/>
      <trkpt lat="39.792261" lon="-121.030186"/>
      <trkpt lat="39.792085" lon="-121.030777"/>
      <trkpt lat="39.792009" lon="-121.030975"/>
      <trkpt lat="39.791923" lon="-121.031088"/>
      <trkpt lat="39.791634" lon="-121.031222"/>
      <trkpt lat="39.791387" lon="-121.031399"/>
      <trkpt lat="39.791235" lon="-121.031523"/>
      <trkpt lat="39.791107" lon="-121.031667"/>
      <trkpt lat="39.790839" lon="-121.031710"/>
      <trkpt lat="39.790571" lon="-121.031549"/>
      <trkpt lat="39.790435" lon="-121.031367"/>
      <trkpt lat="39.790290" lon="-121.031163"/>
      <trkpt lat="39.790167" lon="-121.030927"/>
      <trkpt lat="39.790109" lon="-121.030921"/>
      <trkpt lat="39.790126" lon="-121.031088"/>
      <trkpt lat="39.790249" lon="-121.031785"/>
      <trkpt lat="39.790414" lon="-121.032381"/>
      <trkpt lat="39.790447" lon="-121.032697"/>
      <trkpt lat="39.790352" lon="-121.032885"/>
      <trkpt lat="39.790315" lon="-121.032987"/>
      <trkpt lat="39.790352" lon="-121.033095"/>
      <trkpt lat="39.790476" lon="-121.033158"/>
      <trkpt lat="39.790731" lon="-121.033180"/>
      <trkpt lat="39.790888" lon="-121.033094"/>
      <trkpt lat="39.791090" lon="-121.033013"/>
      <trkpt lat="39.791218" lon="-121.032831"/>
      <trkpt lat="39.791453" lon="-121.032568"/>
      <trkpt lat="39.791713" lon="-121.032461"/>
      <trkpt lat="39.792038" lon="-121.032397"/>
      <trkpt lat="39.792269" lon="-121.032300"/>
      <trkpt lat="39.792677" lon="-121.032300"/>
      <trkpt lat="39.792920" lon="-121.032472"/>
      <trkpt lat="39.793168" lon="-121.032531"/>
      <trkpt lat="39.793328" lon="-121.032525"/>
      <trkpt lat="39.793411" lon="-121.032456"/>
      <trkpt lat="39.793464" lon="-121.032257"/>
      <trkpt lat="39.793456" lon="-121.032016"/>
      <trkpt lat="39.793464" lon="-121.031758"/>
      <trkpt lat="39.793431" lon="-121.031517"/>
      <trkpt lat="39.793394" lon="-121.031109"/>
      <trkpt lat="39.793427" lon="-121.030895"/>
      <trkpt lat="39.793460" lon="-121.030798"/>
      <trkpt lat="39.793567" lon="-121.030642"/>
      <trkpt lat="39.793625" lon="-121.030605"/>
      <trkpt lat="39.793646" lon="-121.030648"/>
      <trkpt lat="39.793592" lon="-121.030750"/>
      <trkpt lat="39.793578" lon="-121.030900"/>
      <trkpt lat="39.793580" lon="-121.031066"/>
      <trkpt lat="39.793666" lon="-121.031318"/>
      <trkpt lat="39.793724" lon="-121.031533"/>
      <trkpt lat="39.794099" lon="-121.032456"/>
      <trkpt lat="39.794186" lon="-121.032713"/>
      <trkpt lat="39.794355" lon="-121.032933"/>
      <trkpt lat="39.794442" lon="-121.032967"/>
      <trkpt lat="39.794565" lon="-121.033164"/>
      <trkpt lat="39.794680" lon="-121.033427"/>
      <trkpt lat="39.794705" lon="-121.033636"/>
      <trkpt lat="39.794688" lon="-121.033845"/>
      <trkpt lat="39.794577" lon="-121.034558"/>
      <trkpt lat="39.794585" lon="-121.034837"/>
      <trkpt lat="39.794771" lon="-121.035213"/>
      <trkpt lat="39.794845" lon="-121.035519"/>
      <trkpt lat="39.794836" lon="-121.035857"/>
      <trkpt lat="39.794925" lon="-121.036172"/>
      <trkpt lat="39.794973" lon="-121.036235"/>
      <trkpt lat="39.795117" lon="-121.036272"/>
      <trkpt lat="39.795216" lon="-121.036334"/>
      <trkpt lat="39.795268" lon="-121.036396"/>
      <trkpt lat="39.795301" lon="-121.036510"/>
      <trkpt lat="39.795305" lon="-121.036707"/>
      <trkpt lat="39.795251" lon="-121.036999"/>
      <trkpt lat="39.795228" lon="-121.037184"/>
      <trkpt lat="39.795261" lon="-121.037351"/>
      <trkpt lat="39.795325" lon="-121.037514"/>
      <trkpt lat="39.795428" lon="-121.037694"/>
      <trkpt lat="39.795550" lon="-121.037954"/>
      <trkpt lat="39.795709" lon="-121.038222"/>
      <trkpt lat="39.795896" lon="-121.038456"/>
      <trkpt lat="39.796055" lon="-121.038582"/>
      <trkpt lat="39.796244" lon="-121.038743"/>
      <trkpt lat="39.796531" lon="-121.038893"/>
      <trkpt lat="39.796764" lon="-121.039110"/>
      <trkpt lat="39.796970" lon="-121.039360"/>
      <trkpt lat="39.797118" lon="-121.039523"/>
      <trkpt lat="39.797378" lon="-121.039848"/>
      <trkpt lat="39.797508" lon="-121.040116"/>
      <trkpt lat="39.797592" lon="-121.040416"/>
      <trkpt lat="39.797664" lon="-121.040770"/>
      <trkpt lat="39.797761" lon="-121.041052"/>
      <trkpt lat="39.797798" lon="-121.041259"/>
      <trkpt lat="39.797782" lon="-121.041894"/>
      <trkpt lat="39.797792" lon="-121.042138"/>
      <trkpt lat="39.797846" lon="-121.042262"/>
      <trkpt lat="39.798060" lon="-121.042637"/>
      <trkpt lat="39.798190" lon="-121.042787"/>
      <trkpt lat="39.798497" lon="-121.043112"/>
      <trkpt lat="39.798767" lon="-121.043378"/>
      <trkpt lat="39.799076" lon="-121.043656"/>
      <trkpt lat="39.799245" lon="-121.043852"/>
      <trkpt lat="39.799478" lon="-121.044032"/>
      <trkpt lat="39.799626" lon="-121.044177"/>
      <trkpt lat="39.799766" lon="-121.044405"/>
      <trkpt lat="39.799855" lon="-121.044617"/>
      <trkpt lat="39.799898" lon="-121.044842"/>
      <trkpt lat="39.800150" lon="-121.045368"/>
      <trkpt lat="39.800236" lon="-121.045639"/>
      <trkpt lat="39.800360" lon="-121.045805"/>
      <trkpt lat="39.800469" lon="-121.046092"/>
      <trkpt lat="39.800597" lon="-121.046481"/>
      <trkpt lat="39.800667" lon="-121.046840"/>
      <trkpt lat="39.800731" lon="-121.047066"/>
      <trkpt lat="39.800836" lon="-121.047404"/>
      <trkpt lat="39.800961" lon="-121.047583"/>
      <trkpt lat="39.801054" lon="-121.047640"/>
      <trkpt lat="39.801336" lon="-121.047645"/>
      <trkpt lat="39.801501" lon="-121.047674"/>
      <trkpt lat="39.801695" lon="-121.047720"/>
      <trkpt lat="39.801891" lon="-121.047838"/>
      <trkpt lat="39.802299" lon="-121.048254"/>
      <trkpt lat="39.802538" lon="-121.048627"/>
      <trkpt lat="39.802699" lon="-121.048779"/>
      <trkpt lat="39.802835" lon="-121.048895"/>
      <trkpt lat="39.802952" lon="-121.048895"/>
      <trkpt lat="39.803115" lon="-121.048745"/>
      <trkpt lat="39.803269" lon="-121.048554"/>
      <trkpt lat="39.803354" lon="-121.048316"/>
      <trkpt lat="39.803372" lon="-121.048096"/>
      <trkpt lat="39.803315" lon="-121.047956"/>
      <trkpt lat="39.803288" lon="-121.047758"/>
      <trkpt lat="39.803288" lon="-121.047580"/>
      <trkpt lat="39.803426" lon="-121.047224"/>
      <trkpt lat="39.803591" lon="-121.046883"/>
      <trkpt lat="39.803750" lon="-121.046513"/>
      <trkpt lat="39.803951" lon="-121.046245"/>
      <trkpt lat="39.804147" lon="-121.046081"/>
      <trkpt lat="39.804275" lon="-121.045939"/>
      <trkpt lat="39.804341" lon="-121.045810"/>
      <trkpt lat="39.804333" lon="-121.045706"/>
      <trkpt lat="39.804283" lon="-121.045625"/>
      <trkpt lat="39.804017" lon="-121.045438"/>
      <trkpt lat="39.803772" lon="-121.045244"/>
      <trkpt lat="39.803430" lon="-121.044762"/>
      <trkpt lat="39.803214" lon="-121.044574"/>
      <trkpt lat="39.803065" lon="-121.044531"/>
      <trkpt lat="39.802900" lon="-121.044550"/>
      <trkpt lat="39.802752" lon="-121.044523"/>
      <trkpt lat="39.802571" lon="-121.044437"/>
      <trkpt lat="39.802416" lon="-121.044284"/>
      <trkpt lat="39.802313" lon="-121.044096"/>
      <trkpt lat="39.802264" lon="-121.043909"/>
      <trkpt lat="39.802165" lon="-121.043734"/>
      <trkpt lat="39.802115" lon="-121.043533"/>
      <trkpt lat="39.802126" lon="-121.043351"/>
      <trkpt lat="39.802161" lon="-121.043233"/>
      <trkpt lat="39.802235" lon="-121.043029"/>
      <trkpt lat="39.802307" lon="-121.042677"/>
      <trkpt lat="39.802313" lon="-121.042377"/>
      <trkpt lat="39.802268" lon="-121.042098"/>
      <trkpt lat="39.802177" lon="-121.041854"/>
      <trkpt lat="39.802050" lon="-121.041629"/>
      <trkpt lat="39.801975" lon="-121.041460"/>
      <trkpt lat="39.801891" lon="-121.041245"/>
      <trkpt lat="39.801800" lon="-121.040939"/>
      <trkpt lat="39.801823" lon="-121.040735"/>
      <trkpt lat="39.801860" lon="-121.040483"/>
      <trkpt lat="39.801953" lon="-121.040180"/>
      <trkpt lat="39.802062" lon="-121.039934"/>
      <trkpt lat="39.802330" lon="-121.039706"/>
      <trkpt lat="39.802344" lon="-121.039566"/>
      <trkpt lat="39.802186" lon="-121.039298"/>
      <trkpt lat="39.802212" lon="-121.039268"/>
      <trkpt lat="39.802326" lon="-121.039346"/>
      <trkpt lat="39.802404" lon="-121.039437"/>
      <trkpt lat="39.802472" lon="-121.039555"/>
      <trkpt lat="39.802459" lon="-121.039805"/>
      <trkpt lat="39.802389" lon="-121.039966"/>
      <trkpt lat="39.802266" lon="-121.040215"/>
      <trkpt lat="39.802227" lon="-121.040441"/>
      <trkpt lat="39.802220" lon="-121.040719"/>
      <trkpt lat="39.802260" lon="-121.040862"/>
      <trkpt lat="39.802453" lon="-121.041071"/>
      <trkpt lat="39.802583" lon="-121.041229"/>
      <trkpt lat="39.802818" lon="-121.041480"/>
      <trkpt lat="39.802938" lon="-121.041623"/>
      <trkpt lat="39.803059" lon="-121.041999"/>
      <trkpt lat="39.803084" lon="-121.042120"/>
      <trkpt lat="39.803173" lon="-121.042313"/>
      <trkpt lat="39.803212" lon="-121.042479"/>
      <trkpt lat="39.803230" lon="-121.042653"/>
      <trkpt lat="39.803294" lon="-121.042809"/>
      <trkpt lat="39.803403" lon="-121.042844"/>
      <trkpt lat="39.803492" lon="-121.042852"/>
      <trkpt lat="39.803638" lon="-121.042855"/>
      <trkpt lat="39.803896" lon="-121.042881"/>
      <trkpt lat="39.804213" lon="-121.042895"/>
      <trkpt lat="39.804665" lon="-121.042802"/>
      <trkpt lat="39.804757" lon="-121.042777"/>
      <trkpt lat="39.804883" lon="-121.042804"/>
      <trkpt lat="39.805002" lon="-121.042943"/>
      <trkpt lat="39.805140" lon="-121.043144"/>
      <trkpt lat="39.805248" lon="-121.043351"/>
      <trkpt lat="39.805449" lon="-121.043611"/>
      <trkpt lat="39.805579" lon="-121.043699"/>
      <trkpt lat="39.805779" lon="-121.043748"/>
      <trkpt lat="39.805804" lon="-121.043699"/>
      <trkpt lat="39.805674" lon="-121.043581"/>
      <trkpt lat="39.805528" lon="-121.043340"/>
      <trkpt lat="39.805406" lon="-121.043091"/>
      <trkpt lat="39.805313" lon="-121.042857"/>
      <trkpt lat="39.805175" lon="-121.042420"/>
      <trkpt lat="39.805112" lon="-121.042235"/>
      <trkpt lat="39.805062" lon="-121.042154"/>
      <trkpt lat="39.804899" lon="-121.042125"/>
      <trkpt lat="39.804716" lon="-121.042125"/>
      <trkpt lat="39.804481" lon="-121.042114"/>
      <trkpt lat="39.804335" lon="-121.042045"/>
      <trkpt lat="39.804236" lon="-121.041959"/>
      <trkpt lat="39.804087" lon="-121.041902"/>
      <trkpt lat="39.804071" lon="-121.041811"/>
      <trkpt lat="39.804091" lon="-121.041741"/>
      <trkpt lat="39.804186" lon="-121.041733"/>
      <trkpt lat="39.804269" lon="-121.041771"/>
      <trkpt lat="39.804363" lon="-121.041776"/>
      <trkpt lat="39.804510" lon="-121.041744"/>
      <trkpt lat="39.804852" lon="-121.041798"/>
      <trkpt lat="39.805023" lon="-121.041744"/>
      <trkpt lat="39.805109" lon="-121.041658"/>
      <trkpt lat="39.805197" lon="-121.041642"/>
      <trkpt lat="39.805305" lon="-121.041709"/>
      <trkpt lat="39.805383" lon="-121.041857"/>
      <trkpt lat="39.805400" lon="-121.042018"/>
      <trkpt lat="39.805618" lon="-121.042423"/>
      <trkpt lat="39.805872" lon="-121.042793"/>
      <trkpt lat="39.806090" lon="-121.043099"/>
      <trkpt lat="39.806199" lon="-121.043233"/>
      <trkpt lat="39.806350" lon="-121.043270"/>
      <trkpt lat="39.806667" lon="-121.043305"/>
      <trkpt lat="39.806875" lon="-121.043407"/>
      <trkpt lat="39.807220" lon="-121.043607"/>
      <trkpt lat="39.807528" lon="-121.043778"/>
      <trkpt lat="39.807675" lon="-121.043997"/>
      <trkpt lat="39.807865" lon="-121.044235"/>
      <trkpt lat="39.807980" lon="-121.044450"/>
      <trkpt lat="39.807994" lon="-121.044652"/>
      <trkpt lat="39.808029" lon="-121.044858"/>
      <trkpt lat="39.808118" lon="-121.045016"/>
    </trkseg>
    <trkseg>
      <trkpt lat="39.808118" lon="-121.045016"/>
      <trkpt lat="39.808268" lon="-121.045094"/>
      <trkpt lat="39.808392" lon="-121.045204"/>
      <trkpt lat="39.808482" lon="-121.045285"/>
      <trkpt lat="39.808602" lon="-121.045422"/>
    </trkseg>
    <trkseg>
      <trkpt lat="39.808602" lon="-121.045422"/>
      <trkpt lat="39.808676" lon="-121.045472"/>
      <trkpt lat="39.808742" lon="-121.045478"/>
      <trkpt lat="39.808820" lon="-121.045423"/>
      <trkpt lat="39.809061" lon="-121.045113"/>
      <trkpt lat="39.809175" lon="-121.044944"/>
      <trkpt lat="39.809282" lon="-121.044748"/>
      <trkpt lat="39.809414" lon="-121.044625"/>
      <trkpt lat="39.809527" lon="-121.044526"/>
      <trkpt lat="39.809628" lon="-121.044413"/>
      <trkpt lat="39.809781" lon="-121.044292"/>
      <trkpt lat="39.810133" lon="-121.044163"/>
      <trkpt lat="39.810370" lon="-121.044118"/>
      <trkpt lat="39.810697" lon="-121.043968"/>
      <trkpt lat="39.811335" lon="-121.043748"/>
      <trkpt lat="39.811550" lon="-121.043721"/>
      <trkpt lat="39.811693" lon="-121.043734"/>
      <trkpt lat="39.811723" lon="-121.043774"/>
      <trkpt lat="39.811534" lon="-121.043820"/>
      <trkpt lat="39.811318" lon="-121.043922"/>
      <trkpt lat="39.811235" lon="-121.044021"/>
      <trkpt lat="39.811031" lon="-121.044158"/>
      <trkpt lat="39.810899" lon="-121.044327"/>
      <trkpt lat="39.810689" lon="-121.044512"/>
      <trkpt lat="39.810430" lon="-121.044601"/>
      <trkpt lat="39.810248" lon="-121.044676"/>
      <trkpt lat="39.810139" lon="-121.044708"/>
      <trkpt lat="39.810028" lon="-121.044729"/>
      <trkpt lat="39.809902" lon="-121.044944"/>
      <trkpt lat="39.809826" lon="-121.045151"/>
      <trkpt lat="39.809684" lon="-121.045507"/>
      <trkpt lat="39.809572" lon="-121.045770"/>
      <trkpt lat="39.809504" lon="-121.046065"/>
      <trkpt lat="39.809405" lon="-121.046234"/>
      <trkpt lat="39.809313" lon="-121.046577"/>
      <trkpt lat="39.809317" lon="-121.046810"/>
      <trkpt lat="39.809333" lon="-121.047002"/>
      <trkpt lat="39.809309" lon="-121.047146"/>
      <trkpt lat="39.809352" lon="-121.047149"/>
      <trkpt lat="39.809422" lon="-121.047041"/>
      <trkpt lat="39.809414" lon="-121.046875"/>
      <trkpt lat="39.809488" lon="-121.046677"/>
      <trkpt lat="39.809781" lon="-121.046245"/>
      <trkpt lat="39.809999" lon="-121.045805"/>
      <trkpt lat="39.810296" lon="-121.045445"/>
      <trkpt lat="39.810296" lon="-121.045505"/>
      <trkpt lat="39.810108" lon="-121.045920"/>
      <trkpt lat="39.810052" lon="-121.046148"/>
      <trkpt lat="39.809987" lon="-121.046481"/>
      <trkpt lat="39.809824" lon="-121.046948"/>
      <trkpt lat="39.809807" lon="-121.047208"/>
      <trkpt lat="39.809809" lon="-121.047326"/>
      <trkpt lat="39.809871" lon="-121.047449"/>
      <trkpt lat="39.809912" lon="-121.047740"/>
      <trkpt lat="39.809885" lon="-121.047872"/>
      <trkpt lat="39.809896" lon="-121.048157"/>
      <trkpt lat="39.810040" lon="-121.048597"/>
      <trkpt lat="39.810028" lon="-121.048774"/>
      <trkpt lat="39.809879" lon="-121.049064"/>
      <trkpt lat="39.809744" lon="-121.049396"/>
      <trkpt lat="39.809673" lon="-121.049606"/>
      <trkpt lat="39.809542" lon="-121.049847"/>
      <trkpt lat="39.809488" lon="-121.050330"/>
      <trkpt lat="39.809414" lon="-121.050587"/>
      <trkpt lat="39.809364" lon="-121.050813"/>
      <trkpt lat="39.809467" lon="-121.051360"/>
      <trkpt lat="39.809735" lon="-121.051709"/>
      <trkpt lat="39.809785" lon="-121.051837"/>
      <trkpt lat="39.809682" lon="-121.052030"/>
      <trkpt lat="39.809566" lon="-121.052143"/>
      <trkpt lat="39.809493" lon="-121.052355"/>
      <trkpt lat="39.809410" lon="-121.052781"/>
      <trkpt lat="39.809278" lon="-121.053146"/>
      <trkpt lat="39.809199" lon="-121.053624"/>
      <trkpt lat="39.809179" lon="-121.053865"/>
      <trkpt lat="39.809158" lon="-121.054015"/>
      <trkpt lat="39.809088" lon="-121.054251"/>
      <trkpt lat="39.808903" lon="-121.054825"/>
      <trkpt lat="39.808763" lon="-121.055056"/>
      <trkpt lat="39.808557" lon="-121.055228"/>
      <trkpt lat="39.808495" lon="-121.055391"/>
      <trkpt lat="39.808478" lon="-121.055595"/>
      <trkpt lat="39.808474" lon="-121.055804"/>
      <trkpt lat="39.808467" lon="-121.055844"/>
      <trkpt lat="39.808396" lon="-121.055901"/>
      <trkpt lat="39.808272" lon="-121.055885"/>
      <trkpt lat="39.808193" lon="-121.055894"/>
      <trkpt lat="39.808159" lon="-121.055938"/>
      <trkpt lat="39.808163" lon="-121.055988"/>
      <trkpt lat="39.808170" lon="-121.056060"/>
      <trkpt lat="39.808272" lon="-121.056472"/>
      <trkpt lat="39.808540" lon="-121.056805"/>
      <trkpt lat="39.808816" lon="-121.057126"/>
      <trkpt lat="39.808989" lon="-121.057459"/>
      <trkpt lat="39.809455" lon="-121.057915"/>
      <trkpt lat="39.809653" lon="-121.058216"/>
      <trkpt lat="39.809748" lon="-121.058419"/>
      <trkpt lat="39.809867" lon="-121.058505"/>
      <trkpt lat="39.810415" lon="-121.058457"/>
      <trkpt lat="39.810580" lon="-121.058484"/>
      <trkpt lat="39.810922" lon="-121.058811"/>
      <trkpt lat="39.811165" lon="-121.059106"/>
      <trkpt lat="39.811590" lon="-121.059315"/>
      <trkpt lat="39.811919" lon="-121.059557"/>
      <trkpt lat="39.812059" lon="-121.059798"/>
      <trkpt lat="39.812022" lon="-121.059938"/>
      <trkpt lat="39.811977" lon="-121.060465"/>
      <trkpt lat="39.812150" lon="-121.060806"/>
      <trkpt lat="39.812282" lon="-121.061000"/>
      <trkpt lat="39.812397" lon="-121.061053"/>
      <trkpt lat="39.812545" lon="-121.061043"/>
      <trkpt lat="39.812855" lon="-121.060882"/>
      <trkpt lat="39.813015" lon="-121.060844"/>
      <trkpt lat="39.813300" lon="-121.060919"/>
      <trkpt lat="39.813625" lon="-121.060978"/>
      <trkpt lat="39.813885" lon="-121.061080"/>
      <trkpt lat="39.814239" lon="-121.061080"/>
      <trkpt lat="39.814486" lon="-121.061037"/>
      <trkpt lat="39.814705" lon="-121.061112"/>
      <trkpt lat="39.814717" lon="-121.061316"/>
      <trkpt lat="39.814696" lon="-121.061531"/>
      <trkpt lat="39.814692" lon="-121.061772"/>
      <trkpt lat="39.814742" lon="-121.061997"/>
      <trkpt lat="39.814960" lon="-121.062346"/>
      <trkpt lat="39.815187" lon="-121.062389"/>
      <trkpt lat="39.815446" lon="-121.062335"/>
      <trkpt lat="39.815805" lon="-121.062239"/>
      <trkpt lat="39.816019" lon="-121.062249"/>
      <trkpt lat="39.816118" lon="-121.062335"/>
      <trkpt lat="39.816097" lon="-121.062588"/>
      <trkpt lat="39.816159" lon="-121.062861"/>
      <trkpt lat="39.816118" lon="-121.063065"/>
      <trkpt lat="39.815957" lon="-121.063397"/>
      <trkpt lat="39.815920" lon="-121.063698"/>
      <trkpt lat="39.815908" lon="-121.063853"/>
      <trkpt lat="39.815986" lon="-121.064004"/>
      <trkpt lat="39.816271" lon="-121.064224"/>
      <trkpt lat="39.816411" lon="-121.064406"/>
      <trkpt lat="39.816456" lon="-121.064637"/>
      <trkpt lat="39.816402" lon="-121.065001"/>
      <trkpt lat="39.816419" lon="-121.065457"/>
      <trkpt lat="39.816456" lon="-121.065811"/>
      <trkpt lat="39.816386" lon="-121.066149"/>
      <trkpt lat="39.816266" lon="-121.066445"/>
      <trkpt lat="39.816302" lon="-121.066692"/>
      <trkpt lat="39.816431" lon="-121.066809"/>
      <trkpt lat="39.816588" lon="-121.066879"/>
      <trkpt lat="39.816839" lon="-121.066933"/>
      <trkpt lat="39.817111" lon="-121.066868"/>
      <trkpt lat="39.817342" lon="-121.066852"/>
      <trkpt lat="39.817494" lon="-121.066777"/>
      <trkpt lat="39.817634" lon="-121.066756"/>
      <trkpt lat="39.817857" lon="-121.066777"/>
      <trkpt lat="39.817898" lon="-121.066895"/>
      <trkpt lat="39.817779" lon="-121.067008"/>
      <trkpt lat="39.817610" lon="-121.067083"/>
      <trkpt lat="39.817519" lon="-121.067255"/>
      <trkpt lat="39.817457" lon="-121.067485"/>
      <trkpt lat="39.817371" lon="-121.067598"/>
      <trkpt lat="39.817148" lon="-121.067807"/>
      <trkpt lat="39.816979" lon="-121.068075"/>
      <trkpt lat="39.816839" lon="-121.068381"/>
      <trkpt lat="39.816856" lon="-121.068741"/>
      <trkpt lat="39.816806" lon="-121.069073"/>
      <trkpt lat="39.816765" lon="-121.069599"/>
      <trkpt lat="39.816877" lon="-121.070225"/>
      <trkpt lat="39.817053" lon="-121.070575"/>
      <trkpt lat="39.817424" lon="-121.071149"/>
      <trkpt lat="39.817634" lon="-121.071412"/>
      <trkpt lat="39.818042" lon="-121.071707"/>
      <trkpt lat="39.818256" lon="-121.071932"/>
      <trkpt lat="39.818430" lon="-121.072168"/>
      <trkpt lat="39.818549" lon="-121.072426"/>
      <trkpt lat="39.818677" lon="-121.072683"/>
      <trkpt lat="39.818702" lon="-121.072989"/>
      <trkpt lat="39.818813" lon="-121.073472"/>
      <trkpt lat="39.818809" lon="-121.073794"/>
      <trkpt lat="39.818751" lon="-121.074480"/>
      <trkpt lat="39.818669" lon="-121.074877"/>
      <trkpt lat="39.818755" lon="-121.075156"/>
      <trkpt lat="39.819093" lon="-121.075612"/>
      <trkpt lat="39.819810" lon="-121.076621"/>
      <trkpt lat="39.820041" lon="-121.076900"/>
      <trkpt lat="39.820255" lon="-121.077329"/>
      <trkpt lat="39.820282" lon="-121.077540"/>
      <trkpt lat="39.820411" lon="-121.077715"/>
      <trkpt lat="39.820873" lon="-121.078091"/>
      <trkpt lat="39.821219" lon="-121.078531"/>
      <trkpt lat="39.821326" lon="-121.078815"/>
      <trkpt lat="39.821463" lon="-121.079565"/>
      <trkpt lat="39.821536" lon="-121.079737"/>
      <trkpt lat="39.821742" lon="-121.079979"/>
      <trkpt lat="39.822187" lon="-121.080290"/>
      <trkpt lat="39.822274" lon="-121.080494"/>
      <trkpt lat="39.822345" lon="-121.080638"/>
      <trkpt lat="39.822393" lon="-121.080723"/>
      <trkpt lat="39.822369" lon="-121.080934"/>
      <trkpt lat="39.822290" lon="-121.081181"/>
      <trkpt lat="39.822117" lon="-121.081341"/>
      <trkpt lat="39.821969" lon="-121.081384"/>
      <trkpt lat="39.821821" lon="-121.081347"/>
      <trkpt lat="39.821660" lon="-121.081245"/>
      <trkpt lat="39.821446" lon="-121.081073"/>
      <trkpt lat="39.821281" lon="-121.080955"/>
      <trkpt lat="39.821095" lon="-121.080730"/>
      <trkpt lat="39.820646" lon="-121.080322"/>
      <trkpt lat="39.820358" lon="-121.079984"/>
      <trkpt lat="39.820164" lon="-121.079636"/>
      <trkpt lat="39.819789" lon="-121.079185"/>
      <trkpt lat="39.819517" lon="-121.079148"/>
      <trkpt lat="39.819258" lon="-121.079223"/>
      <trkpt lat="39.819039" lon="-121.079110"/>
      <trkpt lat="39.818895" lon="-121.078954"/>
      <trkpt lat="39.818714" lon="-121.078718"/>
      <trkpt lat="39.818405" lon="-121.078268"/>
      <trkpt lat="39.818199" lon="-121.078166"/>
      <trkpt lat="39.817980" lon="-121.078123"/>
      <trkpt lat="39.817779" lon="-121.078048"/>
      <trkpt lat="39.817486" lon="-121.077790"/>
      <trkpt lat="39.817007" lon="-121.077318"/>
      <trkpt lat="39.816893" lon="-121.077350"/>
      <trkpt lat="39.816843" lon="-121.077445"/>
      <trkpt lat="39.816818" lon="-121.078087"/>
      <trkpt lat="39.816802" lon="-121.078311"/>
      <trkpt lat="39.816749" lon="-121.078579"/>
      <trkpt lat="39.816637" lon="-121.078911"/>
      <trkpt lat="39.816555" lon="-121.079206"/>
      <trkpt lat="39.816369" lon="-121.079518"/>
      <trkpt lat="39.815920" lon="-121.079877"/>
      <trkpt lat="39.815821" lon="-121.079786"/>
      <trkpt lat="39.815891" lon="-121.079249"/>
      <trkpt lat="39.815689" lon="-121.078675"/>
      <trkpt lat="39.815517" lon="-121.078557"/>
      <trkpt lat="39.815269" lon="-121.078359"/>
      <trkpt lat="39.815360" lon="-121.078112"/>
      <trkpt lat="39.815368" lon="-121.077656"/>
      <trkpt lat="39.815335" lon="-121.077350"/>
      <trkpt lat="39.815315" lon="-121.077028"/>
      <trkpt lat="39.815335" lon="-121.076766"/>
      <trkpt lat="39.815331" lon="-121.076556"/>
      <trkpt lat="39.815306" lon="-121.076304"/>
      <trkpt lat="39.815269" lon="-121.076143"/>
      <trkpt lat="39.815096" lon="-121.075698"/>
      <trkpt lat="39.815072" lon="-121.075505"/>
      <trkpt lat="39.815072" lon="-121.075285"/>
      <trkpt lat="39.815038" lon="-121.075113"/>
      <trkpt lat="39.815052" lon="-121.074828"/>
      <trkpt lat="39.814977" lon="-121.074577"/>
      <trkpt lat="39.814870" lon="-121.074287"/>
      <trkpt lat="39.814705" lon="-121.074180"/>
      <trkpt lat="39.814330" lon="-121.074180"/>
      <trkpt lat="39.814054" lon="-121.074196"/>
      <trkpt lat="39.813918" lon="-121.074110"/>
      <trkpt lat="39.813876" lon="-121.073939"/>
      <trkpt lat="39.813761" lon="-121.073660"/>
      <trkpt lat="39.813547" lon="-121.073402"/>
      <trkpt lat="39.813242" lon="-121.073375"/>
      <trkpt lat="39.812933" lon="-121.073408"/>
      <trkpt lat="39.812764" lon="-121.073391"/>
      <trkpt lat="39.812599" lon="-121.073204"/>
      <trkpt lat="39.812521" lon="-121.072978"/>
      <trkpt lat="39.812573" lon="-121.072693"/>
      <trkpt lat="39.812545" lon="-121.071820"/>
      <trkpt lat="39.812373" lon="-121.071621"/>
      <trkpt lat="39.812051" lon="-121.071391"/>
      <trkpt lat="39.811693" lon="-121.071149"/>
      <trkpt lat="39.811651" lon="-121.070951"/>
      <trkpt lat="39.811528" lon="-121.070511"/>
      <trkpt lat="39.811379" lon="-121.070216"/>
      <trkpt lat="39.811239" lon="-121.070044"/>
      <trkpt lat="39.810980" lon="-121.069985"/>
      <trkpt lat="39.810650" lon="-121.069969"/>
      <trkpt lat="39.810197" lon="-121.069958"/>
      <trkpt lat="39.809595" lon="-121.069663"/>
      <trkpt lat="39.809278" lon="-121.069578"/>
      <trkpt lat="39.808923" lon="-121.069502"/>
      <trkpt lat="39.808610" lon="-121.069411"/>
      <trkpt lat="39.808499" lon="-121.069491"/>
      <trkpt lat="39.808433" lon="-121.069754"/>
      <trkpt lat="39.808396" lon="-121.070446"/>
      <trkpt lat="39.808400" lon="-121.070666"/>
      <trkpt lat="39.808491" lon="-121.071020"/>
      <trkpt lat="39.808581" lon="-121.071283"/>
      <trkpt lat="39.808585" lon="-121.071466"/>
      <trkpt lat="39.808433" lon="-121.071648"/>
      <trkpt lat="39.808388" lon="-121.071900"/>
      <trkpt lat="39.808285" lon="-121.072072"/>
      <trkpt lat="39.808112" lon="-121.072206"/>
      <trkpt lat="39.808033" lon="-121.072361"/>
      <trkpt lat="39.808009" lon="-121.072758"/>
      <trkpt lat="39.808066" lon="-121.073429"/>
      <trkpt lat="39.808025" lon="-121.073799"/>
      <trkpt lat="39.807988" lon="-121.074003"/>
      <trkpt lat="39.807836" lon="-121.074287"/>
      <trkpt lat="39.807728" lon="-121.074529"/>
      <trkpt lat="39.807695" lon="-121.075172"/>
      <trkpt lat="39.807715" lon="-121.075380"/>
      <trkpt lat="39.807753" lon="-121.075693"/>
      <trkpt lat="39.807691" lon="-121.076058"/>
      <trkpt lat="39.807555" lon="-121.076428"/>
      <trkpt lat="39.807522" lon="-121.076556"/>
      <trkpt lat="39.807329" lon="-121.076685"/>
      <trkpt lat="39.807143" lon="-121.076878"/>
      <trkpt lat="39.807118" lon="-121.077023"/>
      <trkpt lat="39.807093" lon="-121.077202"/>
      <trkpt lat="39.807015" lon="-121.077501"/>
      <trkpt lat="39.806958" lon="-121.077790"/>
      <trkpt lat="39.806970" lon="-121.078209"/>
      <trkpt lat="39.806945" lon="-121.078429"/>
      <trkpt lat="39.806805" lon="-121.078498"/>
      <trkpt lat="39.806472" lon="-121.078289"/>
      <trkpt lat="39.806282" lon="-121.078155"/>
      <trkpt lat="39.806138" lon="-121.078091"/>
      <trkpt lat="39.805936" lon="-121.077871"/>
      <trkpt lat="39.805808" lon="-121.077844"/>
      <trkpt lat="39.805721" lon="-121.077919"/>
      <trkpt lat="39.805622" lon="-121.078118"/>
      <trkpt lat="39.805449" lon="-121.078659"/>
      <trkpt lat="39.805359" lon="-121.079153"/>
      <trkpt lat="39.805214" lon="-121.079491"/>
      <trkpt lat="39.805095" lon="-121.079678"/>
      <trkpt lat="39.804708" lon="-121.079308"/>
      <trkpt lat="39.804258" lon="-121.078922"/>
      <trkpt lat="39.803207" lon="-121.078144"/>
      <trkpt lat="39.802977" lon="-121.078096"/>
      <trkpt lat="39.802792" lon="-121.078233"/>
      <trkpt lat="39.802804" lon="-121.078305"/>
      <trkpt lat="39.803103" lon="-121.078320"/>
      <trkpt lat="39.803459" lon="-121.078584"/>
      <trkpt lat="39.803789" lon="-121.078933"/>
      <trkpt lat="39.803975" lon="-121.079085"/>
      <trkpt lat="39.804345" lon="-121.079502"/>
      <trkpt lat="39.804752" lon="-121.080083"/>
      <trkpt lat="39.804811" lon="-121.080193"/>
      <trkpt lat="39.804952" lon="-121.080380"/>
      <trkpt lat="39.805025" lon="-121.080499"/>
      <trkpt lat="39.805161" lon="-121.080515"/>
      <trkpt lat="39.805277" lon="-121.080360"/>
      <trkpt lat="39.805470" lon="-121.080151"/>
      <trkpt lat="39.805639" lon="-121.079882"/>
      <trkpt lat="39.805812" lon="-121.079582"/>
      <trkpt lat="39.805928" lon="-121.079442"/>
      <trkpt lat="39.806010" lon="-121.079330"/>
      <trkpt lat="39.806150" lon="-121.079314"/>
      <trkpt lat="39.806428" lon="-121.079513"/>
      <trkpt lat="39.806653" lon="-121.079705"/>
      <trkpt lat="39.806953" lon="-121.079943"/>
      <trkpt lat="39.807313" lon="-121.080317"/>
      <trkpt lat="39.807485" lon="-121.080408"/>
      <trkpt lat="39.807588" lon="-121.080295"/>
      <trkpt lat="39.807765" lon="-121.080033"/>
      <trkpt lat="39.807978" lon="-121.079482"/>
      <trkpt lat="39.808103" lon="-121.079148"/>
      <trkpt lat="39.808295" lon="-121.078862"/>
      <trkpt lat="39.808495" lon="-121.078509"/>
      <trkpt lat="39.808660" lon="-121.078311"/>
      <trkpt lat="39.808743" lon="-121.078227"/>
      <trkpt lat="39.809068" lon="-121.077963"/>
      <trkpt lat="39.809241" lon="-121.077704"/>
      <trkpt lat="39.809480" lon="-121.077576"/>
      <trkpt lat="39.809607" lon="-121.077533"/>
      <trkpt lat="39.809781" lon="-121.077554"/>
      <trkpt lat="39.809991" lon="-121.077715"/>
      <trkpt lat="39.810254" lon="-121.078198"/>
      <trkpt lat="39.810708" lon="-121.079105"/>
      <trkpt lat="39.810787" lon="-121.079317"/>
      <trkpt lat="39.811033" lon="-121.079866"/>
      <trkpt lat="39.811252" lon="-121.080489"/>
      <trkpt lat="39.811475" lon="-121.080750"/>
      <trkpt lat="39.811548" lon="-121.080917"/>
      <trkpt lat="39.811565" lon="-121.081036"/>
      <trkpt lat="39.811528" lon="-121.081331"/>
      <trkpt lat="39.811515" lon="-121.081577"/>
      <trkpt lat="39.811363" lon="-121.081867"/>
      <trkpt lat="39.811223" lon="-121.082248"/>
      <trkpt lat="39.811177" lon="-121.082565"/>
      <trkpt lat="39.811152" lon="-121.082963"/>
      <trkpt lat="39.810971" lon="-121.083198"/>
      <trkpt lat="39.810700" lon="-121.083515"/>
      <trkpt lat="39.810600" lon="-121.083767"/>
      <trkpt lat="39.810460" lon="-121.083842"/>
      <trkpt lat="39.810432" lon="-121.084080"/>
      <trkpt lat="39.810480" lon="-121.084380"/>
      <trkpt lat="39.810329" lon="-121.084710"/>
      <trkpt lat="39.810135" lon="-121.085097"/>
      <trkpt lat="39.810077" lon="-121.085301"/>
      <trkpt lat="39.809999" lon="-121.085660"/>
      <trkpt lat="39.810061" lon="-121.085853"/>
      <trkpt lat="39.810242" lon="-121.086009"/>
      <trkpt lat="39.810370" lon="-121.086132"/>
      <trkpt lat="39.810390" lon="-121.086309"/>
      <trkpt lat="39.810353" lon="-121.087355"/>
      <trkpt lat="39.810440" lon="-121.087602"/>
      <trkpt lat="39.810493" lon="-121.087822"/>
      <trkpt lat="39.810580" lon="-121.087881"/>
      <trkpt lat="39.810699" lon="-121.087881"/>
      <trkpt lat="39.810910" lon="-121.087929"/>
      <trkpt lat="39.811025" lon="-121.088111"/>
      <trkpt lat="39.811103" lon="-121.088363"/>
      <trkpt lat="39.811698" lon="-121.089132"/>
      <trkpt lat="39.811787" lon="-121.088963"/>
      <trkpt lat="39.811773" lon="-121.088773"/>
      <trkpt lat="39.811830" lon="-121.088642"/>
      <trkpt lat="39.812030" lon="-121.088465"/>
      <trkpt lat="39.812347" lon="-121.088273"/>
      <trkpt lat="39.812632" lon="-121.088248"/>
      <trkpt lat="39.812743" lon="-121.088229"/>
      <trkpt lat="39.812826" lon="-121.088256"/>
      <trkpt lat="39.813025" lon="-121.088187"/>
      <trkpt lat="39.813197" lon="-121.087961"/>
      <trkpt lat="39.813679" lon="-121.087602"/>
      <trkpt lat="39.813947" lon="-121.087543"/>
      <trkpt lat="39.814256" lon="-121.087580"/>
      <trkpt lat="39.814523" lon="-121.087714"/>
      <trkpt lat="39.814721" lon="-121.087859"/>
      <trkpt lat="39.814849" lon="-121.088127"/>
      <trkpt lat="39.814993" lon="-121.088503"/>
      <trkpt lat="39.815038" lon="-121.088884"/>
      <trkpt lat="39.815125" lon="-121.089544"/>
      <trkpt lat="39.815063" lon="-121.089725"/>
      <trkpt lat="39.815051" lon="-121.089968"/>
      <trkpt lat="39.815022" lon="-121.090166"/>
      <trkpt lat="39.814977" lon="-121.090300"/>
      <trkpt lat="39.814849" lon="-121.090504"/>
      <trkpt lat="39.814717" lon="-121.091185"/>
      <trkpt lat="39.814614" lon="-121.091507"/>
      <trkpt lat="39.814478" lon="-121.091899"/>
      <trkpt lat="39.814455" lon="-121.092027"/>
      <trkpt lat="39.814501" lon="-121.092153"/>
      <trkpt lat="39.814548" lon="-121.092220"/>
      <trkpt lat="39.814581" lon="-121.092339"/>
      <trkpt lat="39.814577" lon="-121.092475"/>
      <trkpt lat="39.814523" lon="-121.092545"/>
      <trkpt lat="39.814410" lon="-121.092612"/>
      <trkpt lat="39.814350" lon="-121.092709"/>
      <trkpt lat="39.814309" lon="-121.092794"/>
      <trkpt lat="39.814394" lon="-121.092977"/>
      <trkpt lat="39.814490" lon="-121.093079"/>
      <trkpt lat="39.814569" lon="-121.093256"/>
      <trkpt lat="39.814583" lon="-121.093562"/>
      <trkpt lat="39.814752" lon="-121.093854"/>
      <trkpt lat="39.814937" lon="-121.094264"/>
      <trkpt lat="39.815098" lon="-121.094492"/>
      <trkpt lat="39.815214" lon="-121.094796"/>
      <trkpt lat="39.815282" lon="-121.094935"/>
      <trkpt lat="39.815360" lon="-121.095039"/>
      <trkpt lat="39.815442" lon="-121.095074"/>
      <trkpt lat="39.815595" lon="-121.095050"/>
      <trkpt lat="39.815718" lon="-121.095018"/>
      <trkpt lat="39.815821" lon="-121.095018"/>
      <trkpt lat="39.816170" lon="-121.095321"/>
      <trkpt lat="39.816501" lon="-121.095713"/>
      <trkpt lat="39.816658" lon="-121.095777"/>
      <trkpt lat="39.816786" lon="-121.095718"/>
      <trkpt lat="39.816930" lon="-121.095573"/>
      <trkpt lat="39.817058" lon="-121.095477"/>
      <trkpt lat="39.817183" lon="-121.095364"/>
      <trkpt lat="39.817321" lon="-121.095356"/>
      <trkpt lat="39.817527" lon="-121.095426"/>
      <trkpt lat="39.817676" lon="-121.095404"/>
      <trkpt lat="39.817781" lon="-121.095340"/>
      <trkpt lat="39.817847" lon="-121.095208"/>
      <trkpt lat="39.817987" lon="-121.095023"/>
      <trkpt lat="39.818096" lon="-121.094865"/>
      <trkpt lat="39.818151" lon="-121.094753"/>
      <trkpt lat="39.818296" lon="-121.094621"/>
      <trkpt lat="39.818508" lon="-121.094498"/>
      <trkpt lat="39.818691" lon="-121.094347"/>
      <trkpt lat="39.818807" lon="-121.094213"/>
      <trkpt lat="39.819017" lon="-121.094138"/>
      <trkpt lat="39.819311" lon="-121.093961"/>
      <trkpt lat="39.819443" lon="-121.093913"/>
      <trkpt lat="39.819567" lon="-121.093969"/>
      <trkpt lat="39.819672" lon="-121.094137"/>
      <trkpt lat="39.819775" lon="-121.094280"/>
      <trkpt lat="39.819890" lon="-121.094412"/>
      <trkpt lat="39.819997" lon="-121.094458"/>
      <trkpt lat="39.820148" lon="-121.094474"/>
      <trkpt lat="39.820238" lon="-121.094490"/>
      <trkpt lat="39.820347" lon="-121.094549"/>
      <trkpt lat="39.820414" lon="-121.094597"/>
      <trkpt lat="39.820459" lon="-121.094718"/>
      <trkpt lat="39.820486" lon="-121.094964"/>
      <trkpt lat="39.820562" lon="-121.095265"/>
      <trkpt lat="39.820739" lon="-121.095522"/>
      <trkpt lat="39.820755" lon="-121.095699"/>
      <trkpt lat="39.820749" lon="-121.095879"/>
      <trkpt lat="39.820840" lon="-121.096029"/>
      <trkpt lat="39.821095" lon="-121.096257"/>
      <trkpt lat="39.821215" lon="-121.096351"/>
      <trkpt lat="39.821297" lon="-121.096491"/>
      <trkpt lat="39.821351" lon="-121.096703"/>
      <trkpt lat="39.821373" lon="-121.096834"/>
      <trkpt lat="39.821421" lon="-121.096925"/>
      <trkpt lat="39.821562" lon="-121.097028"/>
      <trkpt lat="39.821693" lon="-121.097027"/>
      <trkpt lat="39.821835" lon="-121.096968"/>
      <trkpt lat="39.821909" lon="-121.096952"/>
      <trkpt lat="39.822039" lon="-121.096957"/>
      <trkpt lat="39.822138" lon="-121.096995"/>
      <trkpt lat="39.822263" lon="-121.097124"/>
      <trkpt lat="39.822336" lon="-121.097223"/>
      <trkpt lat="39.822443" lon="-121.097319"/>
      <trkpt lat="39.822513" lon="-121.097328"/>
      <trkpt lat="39.822653" lon="-121.097328"/>
      <trkpt lat="39.822830" lon="-121.097378"/>
      <trkpt lat="39.822945" lon="-121.097432"/>
      <trkpt lat="39.823036" lon="-121.097529"/>
      <trkpt lat="39.823083" lon="-121.097633"/>
      <trkpt lat="39.823090" lon="-121.097995"/>
      <trkpt lat="39.823075" lon="-121.098293"/>
      <trkpt lat="39.823017" lon="-121.098518"/>
      <trkpt lat="39.822945" lon="-121.098655"/>
      <trkpt lat="39.822708" lon="-121.098856"/>
      <trkpt lat="39.822620" lon="-121.098961"/>
      <trkpt lat="39.822570" lon="-121.099114"/>
      <trkpt lat="39.822597" lon="-121.099299"/>
      <trkpt lat="39.822704" lon="-121.099621"/>
      <trkpt lat="39.822783" lon="-121.099884"/>
      <trkpt lat="39.822848" lon="-121.100037"/>
      <trkpt lat="39.822873" lon="-121.100270"/>
      <trkpt lat="39.822867" lon="-121.100495"/>
      <trkpt lat="39.822873" lon="-121.100702"/>
      <trkpt lat="39.822869" lon="-121.100841"/>
      <trkpt lat="39.822927" lon="-121.101117"/>
      <trkpt lat="39.822935" lon="-121.101670"/>
      <trkpt lat="39.822885" lon="-121.101946"/>
      <trkpt lat="39.822853" lon="-121.102241"/>
      <trkpt lat="39.822844" lon="-121.102552"/>
      <trkpt lat="39.822772" lon="-121.102914"/>
      <trkpt lat="39.822729" lon="-121.103185"/>
      <trkpt lat="39.822550" lon="-121.103928"/>
      <trkpt lat="39.822519" lon="-121.104205"/>
      <trkpt lat="39.822548" lon="-121.104441"/>
      <trkpt lat="39.822628" lon="-121.104843"/>
      <trkpt lat="39.822714" lon="-121.105055"/>
      <trkpt lat="39.822828" lon="-121.105248"/>
      <trkpt lat="39.822916" lon="-121.105500"/>
      <trkpt lat="39.822968" lon="-121.105696"/>
      <trkpt lat="39.823017" lon="-121.106010"/>
      <trkpt lat="39.823083" lon="-121.106246"/>
      <trkpt lat="39.823147" lon="-121.106624"/>
      <trkpt lat="39.823332" lon="-121.107013"/>
      <trkpt lat="39.823530" lon="-121.107254"/>
      <trkpt lat="39.823650" lon="-121.107413"/>
      <trkpt lat="39.823740" lon="-121.107616"/>
      <trkpt lat="39.823734" lon="-121.107930"/>
      <trkpt lat="39.823724" lon="-121.108134"/>
      <trkpt lat="39.823743" lon="-121.108354"/>
      <trkpt lat="39.823821" lon="-121.108496"/>
      <trkpt lat="39.824095" lon="-121.108764"/>
      <trkpt lat="39.824216" lon="-121.108877"/>
      <trkpt lat="39.824290" lon="-121.109078"/>
      <trkpt lat="39.824342" lon="-121.109279"/>
      <trkpt lat="39.824371" lon="-121.109475"/>
      <trkpt lat="39.824441" lon="-121.109759"/>
      <trkpt lat="39.824591" lon="-121.110033"/>
      <trkpt lat="39.824750" lon="-121.110371"/>
      <trkpt lat="39.824948" lon="-121.110626"/>
      <trkpt lat="39.825236" lon="-121.111042"/>
      <trkpt lat="39.825358" lon="-121.111243"/>
      <trkpt lat="39.825491" lon="-121.111334"/>
      <trkpt lat="39.825634" lon="-121.111382"/>
      <trkpt lat="39.825704" lon="-121.111401"/>
      <trkpt lat="39.825821" lon="-121.111481"/>
      <trkpt lat="39.825971" lon="-121.111433"/>
      <trkpt lat="39.826064" lon="-121.111436"/>
      <trkpt lat="39.826196" lon="-121.111471"/>
      <trkpt lat="39.826431" lon="-121.111548"/>
      <trkpt lat="39.826661" lon="-121.111557"/>
      <trkpt lat="39.827263" lon="-121.111656"/>
      <trkpt lat="39.827737" lon="-121.111669"/>
      <trkpt lat="39.827967" lon="-121.111632"/>
      <trkpt lat="39.828159" lon="-121.111621"/>
      <trkpt lat="39.828379" lon="-121.111524"/>
      <trkpt lat="39.828522" lon="-121.111393"/>
      <trkpt lat="39.828826" lon="-121.111197"/>
      <trkpt lat="39.828940" lon="-121.111130"/>
      <trkpt lat="39.829032" lon="-121.111103"/>
      <trkpt lat="39.829498" lon="-121.111141"/>
      <trkpt lat="39.829634" lon="-121.111200"/>
      <trkpt lat="39.829753" lon="-121.111305"/>
      <trkpt lat="39.830005" lon="-121.111541"/>
      <trkpt lat="39.830202" lon="-121.111739"/>
      <trkpt lat="39.830421" lon="-121.112080"/>
      <trkpt lat="39.830688" lon="-121.112273"/>
      <trkpt lat="39.830853" lon="-121.112380"/>
      <trkpt lat="39.831131" lon="-121.112589"/>
      <trkpt lat="39.831360" lon="-121.112814"/>
      <trkpt lat="39.831584" lon="-121.112957"/>
      <trkpt lat="39.831906" lon="-121.113059"/>
      <trkpt lat="39.832091" lon="-121.113099"/>
      <trkpt lat="39.832202" lon="-121.113169"/>
      <trkpt lat="39.832262" lon="-121.113246"/>
      <trkpt lat="39.832349" lon="-121.113388"/>
      <trkpt lat="39.832353" lon="-121.113587"/>
      <trkpt lat="39.832346" lon="-121.113834"/>
      <trkpt lat="39.832381" lon="-121.114064"/>
      <trkpt lat="39.832478" lon="-121.114244"/>
      <trkpt lat="39.832627" lon="-121.114306"/>
      <trkpt lat="39.832915" lon="-121.114282"/>
      <trkpt lat="39.833078" lon="-121.114346"/>
      <trkpt lat="39.833298" lon="-121.114362"/>
      <trkpt lat="39.833494" lon="-121.114453"/>
      <trkpt lat="39.833694" lon="-121.114520"/>
      <trkpt lat="39.833759" lon="-121.114563"/>
      <trkpt lat="39.833844" lon="-121.114671"/>
      <trkpt lat="39.833888" lon="-121.114958"/>
      <trkpt lat="39.834027" lon="-121.115027"/>
      <trkpt lat="39.834182" lon="-121.115143"/>
      <trkpt lat="39.834258" lon="-121.115266"/>
      <trkpt lat="39.834342" lon="-121.115435"/>
      <trkpt lat="39.834379" lon="-121.115687"/>
      <trkpt lat="39.834443" lon="-121.115915"/>
      <trkpt lat="39.834507" lon="-121.115964"/>
      <trkpt lat="39.834765" lon="-121.115969"/>
      <trkpt lat="39.835181" lon="-121.116111"/>
      <trkpt lat="39.835352" lon="-121.116130"/>
      <trkpt lat="39.835815" lon="-121.116240"/>
      <trkpt lat="39.836200" lon="-121.116307"/>
      <trkpt lat="39.836633" lon="-121.116371"/>
      <trkpt lat="39.837001" lon="-121.116492"/>
      <trkpt lat="39.837457" lon="-121.116634"/>
      <trkpt lat="39.838031" lon="-121.116846"/>
      <trkpt lat="39.838509" lon="-121.117082"/>
      <trkpt lat="39.838674" lon="-121.117098"/>
      <trkpt lat="39.838812" lon="-121.117066"/>
      <trkpt lat="39.839061" lon="-121.117087"/>
      <trkpt lat="39.839230" lon="-121.117149"/>
      <trkpt lat="39.839349" lon="-121.117200"/>
      <trkpt lat="39.839438" lon="-121.117205"/>
      <trkpt lat="39.839590" lon="-121.117270"/>
      <trkpt lat="39.839878" lon="-121.117484"/>
      <trkpt lat="39.840128" lon="-121.117583"/>
      <trkpt lat="39.840270" lon="-121.117581"/>
      <trkpt lat="39.840468" lon="-121.117533"/>
      <trkpt lat="39.840993" lon="-121.117495"/>
      <trkpt lat="39.841547" lon="-121.117339"/>
      <trkpt lat="39.841658" lon="-121.117339"/>
      <trkpt lat="39.841771" lon="-121.117374"/>
      <trkpt lat="39.841952" lon="-121.117476"/>
      <trkpt lat="39.842129" lon="-121.117566"/>
      <trkpt lat="39.842511" lon="-121.117691"/>
      <trkpt lat="39.843124" lon="-121.117905"/>
      <trkpt lat="39.843550" lon="-121.118039"/>
      <trkpt lat="39.843880" lon="-121.118219"/>
      <trkpt lat="39.844094" lon="-121.118388"/>
      <trkpt lat="39.844325" lon="-121.118597"/>
      <trkpt lat="39.844498" lon="-121.118699"/>
      <trkpt lat="39.844665" lon="-121.118997"/>
      <trkpt lat="39.844938" lon="-121.119359"/>
      <trkpt lat="39.845173" lon="-121.119649"/>
      <trkpt lat="39.845447" lon="-121.120217"/>
      <trkpt lat="39.845692" lon="-121.120507"/>
      <trkpt lat="39.845935" lon="-121.120724"/>
      <trkpt lat="39.846061" lon="-121.120896"/>
      <trkpt lat="39.846524" lon="-121.121556"/>
      <trkpt lat="39.846716" lon="-121.121786"/>
      <trkpt lat="39.846808" lon="-121.121875"/>
      <trkpt lat="39.846957" lon="-121.122047"/>
      <trkpt lat="39.847138" lon="-121.122181"/>
      <trkpt lat="39.847692" lon="-121.122390"/>
      <trkpt lat="39.848079" lon="-121.122640"/>
      <trkpt lat="39.848347" lon="-121.122733"/>
      <trkpt lat="39.848553" lon="-121.122819"/>
      <trkpt lat="39.848783" lon="-121.122927"/>
      <trkpt lat="39.848946" lon="-121.123063"/>
      <trkpt lat="39.849201" lon="-121.123096"/>
      <trkpt lat="39.849350" lon="-121.123085"/>
      <trkpt lat="39.849570" lon="-121.123165"/>
      <trkpt lat="39.850015" lon="-121.123393"/>
      <trkpt lat="39.850204" lon="-121.123538"/>
      <trkpt lat="39.850326" lon="-121.123677"/>
      <trkpt lat="39.850398" lon="-121.123871"/>
      <trkpt lat="39.850422" lon="-121.124225"/>
      <trkpt lat="39.850385" lon="-121.124480"/>
      <trkpt lat="39.850326" lon="-121.124750"/>
      <trkpt lat="39.850268" lon="-121.124957"/>
      <trkpt lat="39.850231" lon="-121.125155"/>
      <trkpt lat="39.850163" lon="-121.125359"/>
      <trkpt lat="39.850140" lon="-121.125509"/>
      <trkpt lat="39.850103" lon="-121.125716"/>
      <trkpt lat="39.850113" lon="-121.126024"/>
      <trkpt lat="39.850079" lon="-121.126504"/>
      <trkpt lat="39.850015" lon="-121.126888"/>
      <trkpt lat="39.849938" lon="-121.127183"/>
      <trkpt lat="39.849916" lon="-121.127473"/>
      <trkpt lat="39.849992" lon="-121.127674"/>
      <trkpt lat="39.850019" lon="-121.127937"/>
      <trkpt lat="39.850171" lon="-121.128390"/>
      <trkpt lat="39.850210" lon="-121.128556"/>
      <trkpt lat="39.850223" lon="-121.128793"/>
      <trkpt lat="39.850326" lon="-121.129098"/>
      <trkpt lat="39.850338" lon="-121.129466"/>
      <trkpt lat="39.850336" lon="-121.129637"/>
      <trkpt lat="39.850463" lon="-121.130024"/>
      <trkpt lat="39.850641" lon="-121.130260"/>
      <trkpt lat="39.850746" lon="-121.130547"/>
      <trkpt lat="39.850939" lon="-121.130791"/>
      <trkpt lat="39.850989" lon="-121.130898"/>
      <trkpt lat="39.851030" lon="-121.131228"/>
      <trkpt lat="39.851120" lon="-121.131475"/>
      <trkpt lat="39.851225" lon="-121.131684"/>
      <trkpt lat="39.851503" lon="-121.132132"/>
      <trkpt lat="39.851629" lon="-121.132290"/>
      <trkpt lat="39.851740" lon="-121.132403"/>
      <trkpt lat="39.852080" lon="-121.132931"/>
      <trkpt lat="39.852156" lon="-121.133242"/>
      <trkpt lat="39.852327" lon="-121.133484"/>
      <trkpt lat="39.852603" lon="-121.133714"/>
      <trkpt lat="39.852770" lon="-121.133805"/>
      <trkpt lat="39.852882" lon="-121.134158"/>
      <trkpt lat="39.853110" lon="-121.134599"/>
      <trkpt lat="39.853287" lon="-121.134881"/>
      <trkpt lat="39.853431" lon="-121.135071"/>
      <trkpt lat="39.853453" lon="-121.135289"/>
      <trkpt lat="39.853462" lon="-121.135554"/>
      <trkpt lat="39.853507" lon="-121.135825"/>
      <trkpt lat="39.853569" lon="-121.135962"/>
      <trkpt lat="39.853701" lon="-121.136110"/>
      <trkpt lat="39.854188" lon="-121.136477"/>
      <trkpt lat="39.854563" lon="-121.136831"/>
      <trkpt lat="39.854823" lon="-121.137035"/>
      <trkpt lat="39.855012" lon="-121.137249"/>
      <trkpt lat="39.855123" lon="-121.137416"/>
      <trkpt lat="39.855416" lon="-121.137684"/>
      <trkpt lat="39.855766" lon="-121.137705"/>
      <trkpt lat="39.856079" lon="-121.137630"/>
      <trkpt lat="39.856252" lon="-121.137534"/>
      <trkpt lat="39.856433" lon="-121.137534"/>
      <trkpt lat="39.856705" lon="-121.137646"/>
      <trkpt lat="39.856902" lon="-121.137775"/>
      <trkpt lat="39.857042" lon="-121.137941"/>
      <trkpt lat="39.857479" lon="-121.138650"/>
      <trkpt lat="39.857713" lon="-121.139008"/>
      <trkpt lat="39.857891" lon="-121.139234"/>
      <trkpt lat="39.858216" lon="-121.139701"/>
      <trkpt lat="39.858356" lon="-121.139851"/>
      <trkpt lat="39.858599" lon="-121.139883"/>
      <trkpt lat="39.858838" lon="-121.140055"/>
      <trkpt lat="39.859126" lon="-121.140398"/>
      <trkpt lat="39.859291" lon="-121.140634"/>
      <trkpt lat="39.859414" lon="-121.140967"/>
      <trkpt lat="39.859423" lon="-121.141251"/>
      <trkpt lat="39.859423" lon="-121.141525"/>
      <trkpt lat="39.859464" lon="-121.141739"/>
      <trkpt lat="39.859620" lon="-121.141986"/>
      <trkpt lat="39.859661" lon="-121.142453"/>
      <trkpt lat="39.859847" lon="-121.142775"/>
      <trkpt lat="39.860081" lon="-121.143038"/>
      <trkpt lat="39.860345" lon="-121.143166"/>
      <trkpt lat="39.860633" lon="-121.143215"/>
      <trkpt lat="39.860790" lon="-121.143070"/>
      <trkpt lat="39.860917" lon="-121.142866"/>
      <trkpt lat="39.861049" lon="-121.142592"/>
      <trkpt lat="39.861131" lon="-121.142292"/>
      <trkpt lat="39.861214" lon="-121.141836"/>
      <trkpt lat="39.861152" lon="-121.141477"/>
      <trkpt lat="39.861000" lon="-121.141235"/>
      <trkpt lat="39.860818" lon="-121.141058"/>
      <trkpt lat="39.860617" lon="-121.140785"/>
      <trkpt lat="39.860386" lon="-121.140420"/>
      <trkpt lat="39.860324" lon="-121.140221"/>
      <trkpt lat="39.860398" lon="-121.139969"/>
      <trkpt lat="39.860411" lon="-121.139771"/>
      <trkpt lat="39.860353" lon="-121.139690"/>
      <trkpt lat="39.860040" lon="-121.139605"/>
      <trkpt lat="39.859847" lon="-121.139401"/>
      <trkpt lat="39.859707" lon="-121.139095"/>
      <trkpt lat="39.859645" lon="-121.138848"/>
      <trkpt lat="39.859521" lon="-121.138580"/>
      <trkpt lat="39.859410" lon="-121.138387"/>
      <trkpt lat="39.859323" lon="-121.138273"/>
      <trkpt lat="39.859110" lon="-121.137979"/>
      <trkpt lat="39.859015" lon="-121.137721"/>
      <trkpt lat="39.858928" lon="-121.137448"/>
      <trkpt lat="39.858879" lon="-121.137185"/>
      <trkpt lat="39.858780" lon="-121.136842"/>
      <trkpt lat="39.858698" lon="-121.136574"/>
      <trkpt lat="39.858603" lon="-121.136241"/>
      <trkpt lat="39.858517" lon="-121.136000"/>
      <trkpt lat="39.858545" lon="-121.135715"/>
      <trkpt lat="39.858550" lon="-121.135522"/>
      <trkpt lat="39.858261" lon="-121.135189"/>
      <trkpt lat="39.858257" lon="-121.134889"/>
      <trkpt lat="39.858261" lon="-121.134648"/>
      <trkpt lat="39.858241" lon="-121.134385"/>
      <trkpt lat="39.858109" lon="-121.134213"/>
      <trkpt lat="39.858002" lon="-121.133999"/>
      <trkpt lat="39.858018" lon="-121.133645"/>
      <trkpt lat="39.858310" lon="-121.133115"/>
      <trkpt lat="39.858389" lon="-121.132754"/>
      <trkpt lat="39.858294" lon="-121.132250"/>
      <trkpt lat="39.858386" lon="-121.131921"/>
      <trkpt lat="39.858487" lon="-121.131747"/>
      <trkpt lat="39.858546" lon="-121.131685"/>
    </trkseg>
    <trkseg>
      <trkpt lat="39.858546" lon="-121.131685"/>
      <trkpt lat="39.858612" lon="-121.131523"/>
      <trkpt lat="39.858768" lon="-121.131182"/>
      <trkpt lat="39.858986" lon="-121.130898"/>
      <trkpt lat="39.859484" lon="-121.130614"/>
      <trkpt lat="39.859785" lon="-121.129981"/>
      <trkpt lat="39.859925" lon="-121.129670"/>
      <trkpt lat="39.860011" lon="-121.129337"/>
      <trkpt lat="39.860172" lon="-121.129117"/>
      <trkpt lat="39.860847" lon="-121.128564"/>
      <trkpt lat="39.861465" lon="-121.128318"/>
      <trkpt lat="39.861532" lon="-121.128240"/>
      <trkpt lat="39.861620" lon="-121.128193"/>
      <trkpt lat="39.861657" lon="-121.128225"/>
      <trkpt lat="39.861720" lon="-121.128226"/>
      <trkpt lat="39.861782" lon="-121.128219"/>
      <trkpt lat="39.862049" lon="-121.127999"/>
      <trkpt lat="39.862284" lon="-121.127814"/>
      <trkpt lat="39.862519" lon="-121.127513"/>
      <trkpt lat="39.862719" lon="-121.127341"/>
      <trkpt lat="39.863124" lon="-121.127057"/>
      <trkpt lat="39.863415" lon="-121.126604"/>
      <trkpt lat="39.863503" lon="-121.126220"/>
      <trkpt lat="39.863618" lon="-121.125888"/>
      <trkpt lat="39.863723" lon="-121.125676"/>
      <trkpt lat="39.863886" lon="-121.125560"/>
      <trkpt lat="39.864028" lon="-121.125247"/>
      <trkpt lat="39.864185" lon="-121.125043"/>
      <trkpt lat="39.864407" lon="-121.124715"/>
      <trkpt lat="39.864495" lon="-121.124643"/>
      <trkpt lat="39.864598" lon="-121.124597"/>
      <trkpt lat="39.864757" lon="-121.124606"/>
      <trkpt lat="39.864878" lon="-121.124691"/>
      <trkpt lat="39.865325" lon="-121.125150"/>
      <trkpt lat="39.865797" lon="-121.125367"/>
      <trkpt lat="39.865923" lon="-121.125463"/>
      <trkpt lat="39.866030" lon="-121.125582"/>
      <trkpt lat="39.866547" lon="-121.126537"/>
      <trkpt lat="39.866772" lon="-121.126815"/>
      <trkpt lat="39.867242" lon="-121.127100"/>
      <trkpt lat="39.867858" lon="-121.127720"/>
      <trkpt lat="39.868267" lon="-121.127940"/>
      <trkpt lat="39.868856" lon="-121.127486"/>
      <trkpt lat="39.869165" lon="-121.126968"/>
      <trkpt lat="39.869267" lon="-121.126767"/>
      <trkpt lat="39.869572" lon="-121.126521"/>
      <trkpt lat="39.870112" lon="-121.126456"/>
      <trkpt lat="39.870260" lon="-121.126252"/>
      <trkpt lat="39.870500" lon="-121.126046"/>
      <trkpt lat="39.870772" lon="-121.125779"/>
      <trkpt lat="39.870802" lon="-121.125622"/>
      <trkpt lat="39.870750" lon="-121.125491"/>
      <trkpt lat="39.870824" lon="-121.125212"/>
      <trkpt lat="39.870657" lon="-121.125050"/>
      <trkpt lat="39.870552" lon="-121.124895"/>
      <trkpt lat="39.870552" lon="-121.124611"/>
      <trkpt lat="39.870544" lon="-121.124396"/>
      <trkpt lat="39.870508" lon="-121.124110"/>
      <trkpt lat="39.870264" lon="-121.123849"/>
      <trkpt lat="39.870132" lon="-121.123672"/>
      <trkpt lat="39.870087" lon="-121.123484"/>
      <trkpt lat="39.870120" lon="-121.123163"/>
      <trkpt lat="39.870264" lon="-121.122841"/>
      <trkpt lat="39.870391" lon="-121.122674"/>
      <trkpt lat="39.870606" lon="-121.122465"/>
      <trkpt lat="39.870745" lon="-121.122383"/>
      <trkpt lat="39.870877" lon="-121.122293"/>
      <trkpt lat="39.871071" lon="-121.122235"/>
      <trkpt lat="39.871422" lon="-121.122317"/>
      <trkpt lat="39.871623" lon="-121.122218"/>
      <trkpt lat="39.871867" lon="-121.122112"/>
      <trkpt lat="39.871960" lon="-121.122157"/>
      <trkpt lat="39.872082" lon="-121.122120"/>
      <trkpt lat="39.872156" lon="-121.121926"/>
      <trkpt lat="39.872293" lon="-121.121765"/>
      <trkpt lat="39.872300" lon="-121.121643"/>
      <trkpt lat="39.872234" lon="-121.121355"/>
      <trkpt lat="39.872187" lon="-121.121195"/>
      <trkpt lat="39.872201" lon="-121.121017"/>
      <trkpt lat="39.872604" lon="-121.120655"/>
      <trkpt lat="39.872749" lon="-121.120462"/>
      <trkpt lat="39.872796" lon="-121.120231"/>
      <trkpt lat="39.872920" lon="-121.120117"/>
      <trkpt lat="39.872944" lon="-121.120024"/>
      <trkpt lat="39.872932" lon="-121.119942"/>
      <trkpt lat="39.872866" lon="-121.119922"/>
      <trkpt lat="39.872751" lon="-121.119971"/>
      <trkpt lat="39.872633" lon="-121.119950"/>
      <trkpt lat="39.872487" lon="-121.119845"/>
      <trkpt lat="39.872361" lon="-121.119643"/>
      <trkpt lat="39.872292" lon="-121.119469"/>
      <trkpt lat="39.872333" lon="-121.119230"/>
      <trkpt lat="39.872413" lon="-121.118981"/>
      <trkpt lat="39.872618" lon="-121.118613"/>
      <trkpt lat="39.872831" lon="-121.118029"/>
      <trkpt lat="39.872942" lon="-121.117691"/>
      <trkpt lat="39.873111" lon="-121.117374"/>
      <trkpt lat="39.873642" lon="-121.116795"/>
      <trkpt lat="39.874000" lon="-121.116538"/>
      <trkpt lat="39.874175" lon="-121.116454"/>
      <trkpt lat="39.874445" lon="-121.116428"/>
      <trkpt lat="39.874784" lon="-121.116317"/>
      <trkpt lat="39.874941" lon="-121.116141"/>
      <trkpt lat="39.875011" lon="-121.116092"/>
      <trkpt lat="39.875062" lon="-121.116143"/>
      <trkpt lat="39.875046" lon="-121.116256"/>
      <trkpt lat="39.874997" lon="-121.116488"/>
      <trkpt lat="39.875089" lon="-121.116929"/>
      <trkpt lat="39.875135" lon="-121.117243"/>
      <trkpt lat="39.875221" lon="-121.117594"/>
      <trkpt lat="39.875352" lon="-121.118002"/>
      <trkpt lat="39.875360" lon="-121.118528"/>
      <trkpt lat="39.875623" lon="-121.119202"/>
      <trkpt lat="39.875635" lon="-121.119412"/>
      <trkpt lat="39.875542" lon="-121.119730"/>
      <trkpt lat="39.875643" lon="-121.119817"/>
      <trkpt lat="39.875747" lon="-121.119813"/>
      <trkpt lat="39.876093" lon="-121.119528"/>
      <trkpt lat="39.876448" lon="-121.119203"/>
      <trkpt lat="39.876522" lon="-121.119070"/>
      <trkpt lat="39.876629" lon="-121.118699"/>
      <trkpt lat="39.876873" lon="-121.117543"/>
      <trkpt lat="39.876985" lon="-121.117175"/>
      <trkpt lat="39.877138" lon="-121.116858"/>
      <trkpt lat="39.878260" lon="-121.115267"/>
      <trkpt lat="39.878963" lon="-121.114504"/>
      <trkpt lat="39.879285" lon="-121.114333"/>
      <trkpt lat="39.879455" lon="-121.114282"/>
      <trkpt lat="39.879558" lon="-121.114295"/>
      <trkpt lat="39.879659" lon="-121.114341"/>
      <trkpt lat="39.879718" lon="-121.114473"/>
      <trkpt lat="39.879870" lon="-121.114897"/>
      <trkpt lat="39.879902" lon="-121.115341"/>
      <trkpt lat="39.879988" lon="-121.115605"/>
      <trkpt lat="39.880052" lon="-121.115888"/>
      <trkpt lat="39.880215" lon="-121.116258"/>
      <trkpt lat="39.880445" lon="-121.116520"/>
      <trkpt lat="39.880545" lon="-121.116562"/>
      <trkpt lat="39.880684" lon="-121.116500"/>
      <trkpt lat="39.881001" lon="-121.116441"/>
      <trkpt lat="39.881268" lon="-121.116446"/>
      <trkpt lat="39.881552" lon="-121.116527"/>
      <trkpt lat="39.881869" lon="-121.116736"/>
      <trkpt lat="39.882007" lon="-121.116898"/>
      <trkpt lat="39.882090" lon="-121.117015"/>
      <trkpt lat="39.882252" lon="-121.117012"/>
      <trkpt lat="39.882425" lon="-121.117042"/>
      <trkpt lat="39.882695" lon="-121.117073"/>
      <trkpt lat="39.882775" lon="-121.116898"/>
      <trkpt lat="39.882906" lon="-121.116688"/>
      <trkpt lat="39.883051" lon="-121.116532"/>
      <trkpt lat="39.883166" lon="-121.116489"/>
      <trkpt lat="39.883359" lon="-121.116543"/>
      <trkpt lat="39.883463" lon="-121.116743"/>
      <trkpt lat="39.883594" lon="-121.116870"/>
      <trkpt lat="39.883693" lon="-121.116977"/>
      <trkpt lat="39.883800" lon="-121.116977"/>
      <trkpt lat="39.884001" lon="-121.116940"/>
      <trkpt lat="39.884125" lon="-121.116731"/>
      <trkpt lat="39.884216" lon="-121.116596"/>
      <trkpt lat="39.884458" lon="-121.116484"/>
      <trkpt lat="39.884742" lon="-121.116484"/>
      <trkpt lat="39.885093" lon="-121.116728"/>
      <trkpt lat="39.885438" lon="-121.117083"/>
      <trkpt lat="39.885615" lon="-121.117240"/>
      <trkpt lat="39.885809" lon="-121.117305"/>
      <trkpt lat="39.886135" lon="-121.117218"/>
      <trkpt lat="39.886288" lon="-121.117095"/>
      <trkpt lat="39.886706" lon="-121.116833"/>
      <trkpt lat="39.886965" lon="-121.116731"/>
      <trkpt lat="39.887395" lon="-121.116718"/>
      <trkpt lat="39.887879" lon="-121.116162"/>
      <trkpt lat="39.888072" lon="-121.116135"/>
      <trkpt lat="39.888221" lon="-121.116151"/>
      <trkpt lat="39.888333" lon="-121.116308"/>
      <trkpt lat="39.888406" lon="-121.116639"/>
      <trkpt lat="39.888470" lon="-121.116867"/>
      <trkpt lat="39.888850" lon="-121.117400"/>
      <trkpt lat="39.888900" lon="-121.117380"/>
      <trkpt lat="39.888983" lon="-121.117487"/>
      <trkpt lat="39.889355" lon="-121.117487"/>
      <trkpt lat="39.889823" lon="-121.117283"/>
      <trkpt lat="39.889970" lon="-121.117112"/>
      <trkpt lat="39.890222" lon="-121.116953"/>
      <trkpt lat="39.890397" lon="-121.116715"/>
      <trkpt lat="39.890488" lon="-121.116678"/>
      <trkpt lat="39.890753" lon="-121.116408"/>
      <trkpt lat="39.890822" lon="-121.116160"/>
      <trkpt lat="39.890920" lon="-121.116143"/>
      <trkpt lat="39.891035" lon="-121.116198"/>
      <trkpt lat="39.891192" lon="-121.116490"/>
      <trkpt lat="39.891317" lon="-121.116877"/>
      <trkpt lat="39.891532" lon="-121.117193"/>
      <trkpt lat="39.891608" lon="-121.117815"/>
      <trkpt lat="39.891857" lon="-121.118005"/>
      <trkpt lat="39.892037" lon="-121.118013"/>
      <trkpt lat="39.892345" lon="-121.118152"/>
      <trkpt lat="39.892912" lon="-121.118172"/>
      <trkpt lat="39.893087" lon="-121.118098"/>
      <trkpt lat="39.893372" lon="-121.117690"/>
      <trkpt lat="39.894362" lon="-121.116897"/>
      <trkpt lat="39.894658" lon="-121.116822"/>
      <trkpt lat="39.894812" lon="-121.116777"/>
      <trkpt lat="39.895209" lon="-121.116822"/>
      <trkpt lat="39.895763" lon="-121.116912"/>
      <trkpt lat="39.897402" lon="-121.116623"/>
      <trkpt lat="39.897495" lon="-121.116773"/>
      <trkpt lat="39.897543" lon="-121.116965"/>
      <trkpt lat="39.897468" lon="-121.117637"/>
      <trkpt lat="39.897550" lon="-121.118343"/>
      <trkpt lat="39.897642" lon="-121.118715"/>
      <trkpt lat="39.897573" lon="-121.118855"/>
      <trkpt lat="39.897623" lon="-121.119075"/>
      <trkpt lat="39.897800" lon="-121.119343"/>
      <trkpt lat="39.898170" lon="-121.120057"/>
      <trkpt lat="39.898263" lon="-121.120133"/>
      <trkpt lat="39.898360" lon="-121.120178"/>
      <trkpt lat="39.898494" lon="-121.120284"/>
      <trkpt lat="39.898576" lon="-121.120316"/>
      <trkpt lat="39.898847" lon="-121.120326"/>
    </trkseg>
    <trkseg>
      <trkpt lat="39.898847" lon="-121.120326"/>
      <trkpt lat="39.899107" lon="-121.120092"/>
      <trkpt lat="39.899159" lon="-121.120045"/>
      <trkpt lat="39.899333" lon="-121.119900"/>
    </trkseg>
    <trkseg>
      <trkpt lat="39.899333" lon="-121.119900"/>
      <trkpt lat="39.899292" lon="-121.120107"/>
      <trkpt lat="39.899284" lon="-121.120252"/>
      <trkpt lat="39.899252" lon="-121.120361"/>
      <trkpt lat="39.899194" lon="-121.120523"/>
      <trkpt lat="39.899189" lon="-121.120687"/>
      <trkpt lat="39.899226" lon="-121.120757"/>
      <trkpt lat="39.899298" lon="-121.120783"/>
      <trkpt lat="39.899372" lon="-121.120762"/>
      <trkpt lat="39.899446" lon="-121.120676"/>
      <trkpt lat="39.899514" lon="-121.120547"/>
      <trkpt lat="39.899654" lon="-121.120301"/>
      <trkpt lat="39.899750" lon="-121.120232"/>
      <trkpt lat="39.899873" lon="-121.120175"/>
      <trkpt lat="39.900025" lon="-121.120067"/>
      <trkpt lat="39.900189" lon="-121.119996"/>
      <trkpt lat="39.900433" lon="-121.119866"/>
      <trkpt lat="39.900607" lon="-121.119756"/>
      <trkpt lat="39.900731" lon="-121.119686"/>
      <trkpt lat="39.900932" lon="-121.119595"/>
      <trkpt lat="39.901111" lon="-121.119547"/>
      <trkpt lat="39.901179" lon="-121.119544"/>
      <trkpt lat="39.901237" lon="-121.119566"/>
      <trkpt lat="39.901292" lon="-121.119625"/>
      <trkpt lat="39.901434" lon="-121.119826"/>
      <trkpt lat="39.901492" lon="-121.119922"/>
      <trkpt lat="39.901512" lon="-121.120020"/>
      <trkpt lat="39.901509" lon="-121.120132"/>
      <trkpt lat="39.901488" lon="-121.120260"/>
      <trkpt lat="39.901523" lon="-121.120408"/>
      <trkpt lat="39.901551" lon="-121.120448"/>
      <trkpt lat="39.901553" lon="-121.120515"/>
      <trkpt lat="39.901616" lon="-121.120605"/>
      <trkpt lat="39.901639" lon="-121.120658"/>
      <trkpt lat="39.901718" lon="-121.120723"/>
      <trkpt lat="39.901874" lon="-121.120791"/>
      <trkpt lat="39.901978" lon="-121.120784"/>
      <trkpt lat="39.902122" lon="-121.120755"/>
      <trkpt lat="39.902267" lon="-121.120685"/>
      <trkpt lat="39.902356" lon="-121.120606"/>
      <trkpt lat="39.902432" lon="-121.120559"/>
      <trkpt lat="39.902573" lon="-121.120393"/>
      <trkpt lat="39.902692" lon="-121.120199"/>
      <trkpt lat="39.902764" lon="-121.120150"/>
      <trkpt lat="39.902881" lon="-121.120085"/>
      <trkpt lat="39.903072" lon="-121.120024"/>
      <trkpt lat="39.903186" lon="-121.120031"/>
      <trkpt lat="39.903311" lon="-121.120051"/>
      <trkpt lat="39.903475" lon="-121.120046"/>
      <trkpt lat="39.903618" lon="-121.120077"/>
      <trkpt lat="39.903756" lon="-121.120126"/>
      <trkpt lat="39.903878" lon="-121.120161"/>
      <trkpt lat="39.904051" lon="-121.120231"/>
      <trkpt lat="39.904076" lon="-121.120287"/>
      <trkpt lat="39.904066" lon="-121.120346"/>
      <trkpt lat="39.904023" lon="-121.120378"/>
      <trkpt lat="39.903853" lon="-121.120392"/>
      <trkpt lat="39.903704" lon="-121.120421"/>
      <trkpt lat="39.903537" lon="-121.120467"/>
      <trkpt lat="39.903447" lon="-121.120508"/>
      <trkpt lat="39.903343" lon="-121.120568"/>
      <trkpt lat="39.903256" lon="-121.120627"/>
      <trkpt lat="39.903095" lon="-121.120791"/>
      <trkpt lat="39.903005" lon="-121.120979"/>
      <trkpt lat="39.902965" lon="-121.121083"/>
      <trkpt lat="39.902929" lon="-121.121222"/>
      <trkpt lat="39.902896" lon="-121.121272"/>
      <trkpt lat="39.902866" lon="-121.121365"/>
      <trkpt lat="39.902718" lon="-121.121656"/>
      <trkpt lat="39.902669" lon="-121.121803"/>
      <trkpt lat="39.902550" lon="-121.122047"/>
      <trkpt lat="39.902505" lon="-121.122124"/>
      <trkpt lat="39.902463" lon="-121.122222"/>
      <trkpt lat="39.902364" lon="-121.122411"/>
      <trkpt lat="39.902293" lon="-121.122514"/>
      <trkpt lat="39.902258" lon="-121.122586"/>
      <trkpt lat="39.902187" lon="-121.122701"/>
      <trkpt lat="39.902115" lon="-121.122739"/>
      <trkpt lat="39.902062" lon="-121.122760"/>
      <trkpt lat="39.901922" lon="-121.122833"/>
      <trkpt lat="39.901864" lon="-121.122873"/>
      <trkpt lat="39.901780" lon="-121.122967"/>
      <trkpt lat="39.901693" lon="-121.123146"/>
      <trkpt lat="39.901654" lon="-121.123243"/>
      <trkpt lat="39.901615" lon="-121.123366"/>
      <trkpt lat="39.901582" lon="-121.123533"/>
      <trkpt lat="39.901527" lon="-121.123737"/>
      <trkpt lat="39.901426" lon="-121.123940"/>
      <trkpt lat="39.901366" lon="-121.124138"/>
      <trkpt lat="39.901329" lon="-121.124317"/>
      <trkpt lat="39.901273" lon="-121.124773"/>
      <trkpt lat="39.901276" lon="-121.124911"/>
      <trkpt lat="39.901267" lon="-121.125020"/>
      <trkpt lat="39.901271" lon="-121.125161"/>
      <trkpt lat="39.901280" lon="-121.125260"/>
      <trkpt lat="39.901302" lon="-121.125363"/>
      <trkpt lat="39.901335" lon="-121.125501"/>
      <trkpt lat="39.901371" lon="-121.125611"/>
      <trkpt lat="39.901397" lon="-121.125780"/>
      <trkpt lat="39.901408" lon="-121.125887"/>
      <trkpt lat="39.901415" lon="-121.126001"/>
      <trkpt lat="39.901413" lon="-121.126086"/>
      <trkpt lat="39.901417" lon="-121.126142"/>
      <trkpt lat="39.901442" lon="-121.126232"/>
      <trkpt lat="39.901480" lon="-121.126315"/>
      <trkpt lat="39.901536" lon="-121.126395"/>
      <trkpt lat="39.901592" lon="-121.126510"/>
      <trkpt lat="39.901632" lon="-121.126570"/>
      <trkpt lat="39.901806" lon="-121.126761"/>
      <trkpt lat="39.901872" lon="-121.126814"/>
      <trkpt lat="39.901932" lon="-121.126872"/>
      <trkpt lat="39.902119" lon="-121.127025"/>
      <trkpt lat="39.902444" lon="-121.127256"/>
      <trkpt lat="39.902613" lon="-121.127358"/>
      <trkpt lat="39.902680" lon="-121.127415"/>
      <trkpt lat="39.902769" lon="-121.127502"/>
      <trkpt lat="39.902934" lon="-121.127626"/>
      <trkpt lat="39.903165" lon="-121.127835"/>
      <trkpt lat="39.903440" lon="-121.128035"/>
      <trkpt lat="39.903601" lon="-121.128120"/>
      <trkpt lat="39.903683" lon="-121.128158"/>
      <trkpt lat="39.903742" lon="-121.128219"/>
      <trkpt lat="39.903794" lon="-121.128286"/>
      <trkpt lat="39.903903" lon="-121.128408"/>
      <trkpt lat="39.903965" lon="-121.128490"/>
      <trkpt lat="39.904031" lon="-121.128566"/>
      <trkpt lat="39.904101" lon="-121.128658"/>
      <trkpt lat="39.904224" lon="-121.128798"/>
      <trkpt lat="39.904294" lon="-121.128867"/>
      <trkpt lat="39.904364" lon="-121.128929"/>
      <trkpt lat="39.904563" lon="-121.129079"/>
      <trkpt lat="39.904789" lon="-121.129229"/>
      <trkpt lat="39.904862" lon="-121.129293"/>
      <trkpt lat="39.904923" lon="-121.129323"/>
      <trkpt lat="39.904969" lon="-121.129428"/>
      <trkpt lat="39.904988" lon="-121.129495"/>
      <trkpt lat="39.904975" lon="-121.129557"/>
      <trkpt lat="39.904950" lon="-121.129603"/>
      <trkpt lat="39.904760" lon="-121.129788"/>
      <trkpt lat="39.904609" lon="-121.129922"/>
      <trkpt lat="39.904481" lon="-121.130060"/>
      <trkpt lat="39.904419" lon="-121.130144"/>
      <trkpt lat="39.904359" lon="-121.130235"/>
      <trkpt lat="39.904288" lon="-121.130303"/>
      <trkpt lat="39.904213" lon="-121.130347"/>
      <trkpt lat="39.904134" lon="-121.130404"/>
      <trkpt lat="39.903942" lon="-121.130455"/>
      <trkpt lat="39.903767" lon="-121.130488"/>
      <trkpt lat="39.903639" lon="-121.130547"/>
      <trkpt lat="39.903469" lon="-121.130735"/>
      <trkpt lat="39.903434" lon="-121.130828"/>
      <trkpt lat="39.903364" lon="-121.130987"/>
      <trkpt lat="39.903319" lon="-121.131059"/>
      <trkpt lat="39.903263" lon="-121.131129"/>
      <trkpt lat="39.903096" lon="-121.131288"/>
      <trkpt lat="39.903076" lon="-121.131330"/>
      <trkpt lat="39.903070" lon="-121.131396"/>
      <trkpt lat="39.903076" lon="-121.131427"/>
      <trkpt lat="39.903097" lon="-121.131459"/>
      <trkpt lat="39.903154" lon="-121.131484"/>
      <trkpt lat="39.903226" lon="-121.131483"/>
      <trkpt lat="39.903315" lon="-121.131445"/>
      <trkpt lat="39.903495" lon="-121.131337"/>
      <trkpt lat="39.903713" lon="-121.131137"/>
      <trkpt lat="39.903877" lon="-121.131066"/>
      <trkpt lat="39.903926" lon="-121.131024"/>
      <trkpt lat="39.904033" lon="-121.131003"/>
      <trkpt lat="39.904101" lon="-121.131005"/>
      <trkpt lat="39.904212" lon="-121.131019"/>
      <trkpt lat="39.904634" lon="-121.131126"/>
      <trkpt lat="39.904723" lon="-121.131105"/>
      <trkpt lat="39.904791" lon="-121.131108"/>
      <trkpt lat="39.904896" lon="-121.131086"/>
      <trkpt lat="39.904994" lon="-121.131075"/>
      <trkpt lat="39.905113" lon="-121.131043"/>
      <trkpt lat="39.905204" lon="-121.131024"/>
      <trkpt lat="39.905259" lon="-121.130995"/>
      <trkpt lat="39.905294" lon="-121.130944"/>
      <trkpt lat="39.905366" lon="-121.130823"/>
      <trkpt lat="39.905501" lon="-121.130659"/>
      <trkpt lat="39.905611" lon="-121.130575"/>
      <trkpt lat="39.905691" lon="-121.130531"/>
      <trkpt lat="39.905825" lon="-121.130475"/>
      <trkpt lat="39.905912" lon="-121.130448"/>
      <trkpt lat="39.906014" lon="-121.130439"/>
      <trkpt lat="39.906264" lon="-121.130407"/>
      <trkpt lat="39.906307" lon="-121.130394"/>
      <trkpt lat="39.906407" lon="-121.130332"/>
      <trkpt lat="39.906455" lon="-121.130278"/>
      <trkpt lat="39.906486" lon="-121.130206"/>
      <trkpt lat="39.906494" lon="-121.130170"/>
      <trkpt lat="39.906500" lon="-121.130112"/>
      <trkpt lat="39.906444" lon="-121.129851"/>
      <trkpt lat="39.906430" lon="-121.129731"/>
      <trkpt lat="39.906428" lon="-121.129673"/>
      <trkpt lat="39.906432" lon="-121.129622"/>
      <trkpt lat="39.906465" lon="-121.129466"/>
      <trkpt lat="39.906461" lon="-121.129385"/>
      <trkpt lat="39.906463" lon="-121.129305"/>
      <trkpt lat="39.906422" lon="-121.128993"/>
      <trkpt lat="39.906399" lon="-121.128880"/>
      <trkpt lat="39.906340" lon="-121.128676"/>
      <trkpt lat="39.906283" lon="-121.128449"/>
      <trkpt lat="39.906228" lon="-121.128253"/>
      <trkpt lat="39.906169" lon="-121.128062"/>
      <trkpt lat="39.906137" lon="-121.127973"/>
      <trkpt lat="39.906100" lon="-121.127895"/>
      <trkpt lat="39.906071" lon="-121.127817"/>
      <trkpt lat="39.905996" lon="-121.127664"/>
      <trkpt lat="39.905942" lon="-121.127571"/>
      <trkpt lat="39.905867" lon="-121.127465"/>
      <trkpt lat="39.905759" lon="-121.127334"/>
      <trkpt lat="39.905709" lon="-121.127268"/>
      <trkpt lat="39.905654" lon="-121.127178"/>
      <trkpt lat="39.905651" lon="-121.127117"/>
      <trkpt lat="39.905657" lon="-121.127038"/>
      <trkpt lat="39.905717" lon="-121.126885"/>
      <trkpt lat="39.905861" lon="-121.126735"/>
      <trkpt lat="39.905928" lon="-121.126699"/>
      <trkpt lat="39.906173" lon="-121.126593"/>
      <trkpt lat="39.906229" lon="-121.126549"/>
      <trkpt lat="39.906328" lon="-121.126503"/>
      <trkpt lat="39.906380" lon="-121.126518"/>
      <trkpt lat="39.906411" lon="-121.126550"/>
      <trkpt lat="39.906430" lon="-121.126605"/>
      <trkpt lat="39.906423" lon="-121.126655"/>
      <trkpt lat="39.906389" lon="-121.126733"/>
      <trkpt lat="39.906334" lon="-121.126824"/>
      <trkpt lat="39.906282" lon="-121.126877"/>
      <trkpt lat="39.906221" lon="-121.126998"/>
      <trkpt lat="39.906195" lon="-121.127080"/>
      <trkpt lat="39.906180" lon="-121.127164"/>
      <trkpt lat="39.906200" lon="-121.127319"/>
      <trkpt lat="39.906222" lon="-121.127377"/>
      <trkpt lat="39.906263" lon="-121.127448"/>
      <trkpt lat="39.906323" lon="-121.127523"/>
      <trkpt lat="39.906498" lon="-121.127722"/>
      <trkpt lat="39.906562" lon="-121.127789"/>
      <trkpt lat="39.906620" lon="-121.127865"/>
      <trkpt lat="39.906693" lon="-121.127930"/>
      <trkpt lat="39.906744" lon="-121.127960"/>
      <trkpt lat="39.906902" lon="-121.128031"/>
      <trkpt lat="39.907014" lon="-121.128087"/>
      <trkpt lat="39.907178" lon="-121.128202"/>
      <trkpt lat="39.907264" lon="-121.128279"/>
      <trkpt lat="39.907349" lon="-121.128343"/>
      <trkpt lat="39.907469" lon="-121.128492"/>
      <trkpt lat="39.907516" lon="-121.128562"/>
      <trkpt lat="39.907574" lon="-121.128662"/>
      <trkpt lat="39.907665" lon="-121.128805"/>
      <trkpt lat="39.907745" lon="-121.128988"/>
      <trkpt lat="39.907773" lon="-121.129067"/>
      <trkpt lat="39.907797" lon="-121.129161"/>
      <trkpt lat="39.907813" lon="-121.129244"/>
      <trkpt lat="39.907817" lon="-121.129362"/>
      <trkpt lat="39.907800" lon="-121.129579"/>
      <trkpt lat="39.907800" lon="-121.129727"/>
      <trkpt lat="39.907810" lon="-121.129875"/>
      <trkpt lat="39.907850" lon="-121.129974"/>
      <trkpt lat="39.907898" lon="-121.130074"/>
      <trkpt lat="39.907955" lon="-121.130120"/>
      <trkpt lat="39.908026" lon="-121.130309"/>
      <trkpt lat="39.908055" lon="-121.130410"/>
      <trkpt lat="39.908071" lon="-121.130501"/>
      <trkpt lat="39.908073" lon="-121.130614"/>
      <trkpt lat="39.908067" lon="-121.130707"/>
      <trkpt lat="39.908030" lon="-121.130960"/>
      <trkpt lat="39.908012" lon="-121.131060"/>
      <trkpt lat="39.908011" lon="-121.131151"/>
      <trkpt lat="39.908002" lon="-121.131255"/>
      <trkpt lat="39.907950" lon="-121.131782"/>
      <trkpt lat="39.907856" lon="-121.132049"/>
      <trkpt lat="39.907829" lon="-121.132107"/>
      <trkpt lat="39.907828" lon="-121.132187"/>
      <trkpt lat="39.907834" lon="-121.132279"/>
      <trkpt lat="39.907860" lon="-121.132337"/>
      <trkpt lat="39.907899" lon="-121.132363"/>
      <trkpt lat="39.907948" lon="-121.132368"/>
      <trkpt lat="39.908027" lon="-121.132279"/>
      <trkpt lat="39.908162" lon="-121.132062"/>
      <trkpt lat="39.908238" lon="-121.131928"/>
      <trkpt lat="39.908345" lon="-121.131737"/>
      <trkpt lat="39.908438" lon="-121.131558"/>
      <trkpt lat="39.908543" lon="-121.131448"/>
      <trkpt lat="39.908648" lon="-121.131373"/>
      <trkpt lat="39.908750" lon="-121.131287"/>
      <trkpt lat="39.908810" lon="-121.131221"/>
      <trkpt lat="39.908931" lon="-121.131147"/>
      <trkpt lat="39.909015" lon="-121.131086"/>
      <trkpt lat="39.909258" lon="-121.130978"/>
      <trkpt lat="39.909373" lon="-121.130960"/>
      <trkpt lat="39.909536" lon="-121.130838"/>
      <trkpt lat="39.909629" lon="-121.130797"/>
      <trkpt lat="39.909742" lon="-121.130792"/>
      <trkpt lat="39.909838" lon="-121.130796"/>
      <trkpt lat="39.909944" lon="-121.130822"/>
      <trkpt lat="39.910136" lon="-121.130913"/>
      <trkpt lat="39.910329" lon="-121.131023"/>
      <trkpt lat="39.910526" lon="-121.131165"/>
      <trkpt lat="39.910594" lon="-121.131231"/>
      <trkpt lat="39.910665" lon="-121.131326"/>
      <trkpt lat="39.910709" lon="-121.131413"/>
      <trkpt lat="39.910746" lon="-121.131531"/>
      <trkpt lat="39.910775" lon="-121.131646"/>
      <trkpt lat="39.910846" lon="-121.131754"/>
      <trkpt lat="39.911044" lon="-121.131927"/>
      <trkpt lat="39.911195" lon="-121.131999"/>
      <trkpt lat="39.911431" lon="-121.132074"/>
      <trkpt lat="39.911507" lon="-121.132148"/>
      <trkpt lat="39.911586" lon="-121.132249"/>
      <trkpt lat="39.911631" lon="-121.132349"/>
      <trkpt lat="39.911768" lon="-121.132582"/>
      <trkpt lat="39.911867" lon="-121.132730"/>
      <trkpt lat="39.912093" lon="-121.132911"/>
      <trkpt lat="39.912408" lon="-121.133056"/>
      <trkpt lat="39.912524" lon="-121.133124"/>
      <trkpt lat="39.912652" lon="-121.133181"/>
      <trkpt lat="39.912759" lon="-121.133238"/>
      <trkpt lat="39.912980" lon="-121.133337"/>
      <trkpt lat="39.913089" lon="-121.133411"/>
      <trkpt lat="39.913246" lon="-121.133508"/>
      <trkpt lat="39.913536" lon="-121.133765"/>
      <trkpt lat="39.913641" lon="-121.133883"/>
      <trkpt lat="39.913765" lon="-121.133938"/>
      <trkpt lat="39.913865" lon="-121.133945"/>
      <trkpt lat="39.914122" lon="-121.133977"/>
      <trkpt lat="39.914241" lon="-121.133941"/>
      <trkpt lat="39.914470" lon="-121.133945"/>
      <trkpt lat="39.914690" lon="-121.133958"/>
      <trkpt lat="39.914851" lon="-121.134009"/>
      <trkpt lat="39.914989" lon="-121.134027"/>
      <trkpt lat="39.915246" lon="-121.134031"/>
      <trkpt lat="39.915365" lon="-121.134042"/>
      <trkpt lat="39.915493" lon="-121.134082"/>
      <trkpt lat="39.915570" lon="-121.134139"/>
      <trkpt lat="39.915676" lon="-121.134200"/>
      <trkpt lat="39.915786" lon="-121.134177"/>
      <trkpt lat="39.915997" lon="-121.134221"/>
      <trkpt lat="39.916149" lon="-121.134248"/>
      <trkpt lat="39.916293" lon="-121.134232"/>
      <trkpt lat="39.916431" lon="-121.134197"/>
      <trkpt lat="39.916747" lon="-121.134149"/>
      <trkpt lat="39.916901" lon="-121.134092"/>
      <trkpt lat="39.917056" lon="-121.133980"/>
      <trkpt lat="39.917128" lon="-121.133918"/>
      <trkpt lat="39.917260" lon="-121.133866"/>
      <trkpt lat="39.917504" lon="-121.133747"/>
      <trkpt lat="39.917582" lon="-121.133702"/>
      <trkpt lat="39.917662" lon="-121.133670"/>
      <trkpt lat="39.917798" lon="-121.133630"/>
      <trkpt lat="39.917910" lon="-121.133651"/>
      <trkpt lat="39.918035" lon="-121.133645"/>
      <trkpt lat="39.918192" lon="-121.133591"/>
      <trkpt lat="39.918439" lon="-121.133553"/>
      <trkpt lat="39.918885" lon="-121.133543"/>
      <trkpt lat="39.919023" lon="-121.133548"/>
      <trkpt lat="39.919361" lon="-121.133588"/>
      <trkpt lat="39.919535" lon="-121.133587"/>
      <trkpt lat="39.919682" lon="-121.133615"/>
      <trkpt lat="39.919829" lon="-121.133612"/>
      <trkpt lat="39.919924" lon="-121.133559"/>
      <trkpt lat="39.920249" lon="-121.133108"/>
      <trkpt lat="39.920356" lon="-121.133017"/>
      <trkpt lat="39.920487" lon="-121.132958"/>
      <trkpt lat="39.920574" lon="-121.132904"/>
      <trkpt lat="39.920821" lon="-121.132802"/>
      <trkpt lat="39.920911" lon="-121.132738"/>
      <trkpt lat="39.920977" lon="-121.132633"/>
      <trkpt lat="39.921072" lon="-121.132569"/>
      <trkpt lat="39.921170" lon="-121.132561"/>
      <trkpt lat="39.921262" lon="-121.132635"/>
      <trkpt lat="39.921348" lon="-121.132760"/>
      <trkpt lat="39.921439" lon="-121.132817"/>
      <trkpt lat="39.921557" lon="-121.132857"/>
      <trkpt lat="39.921708" lon="-121.132873"/>
      <trkpt lat="39.921923" lon="-121.132963"/>
      <trkpt lat="39.922230" lon="-121.132931"/>
      <trkpt lat="39.922356" lon="-121.132953"/>
      <trkpt lat="39.922723" lon="-121.133055"/>
      <trkpt lat="39.922932" lon="-121.133126"/>
      <trkpt lat="39.923075" lon="-121.133226"/>
      <trkpt lat="39.923203" lon="-121.133301"/>
      <trkpt lat="39.923338" lon="-121.133438"/>
      <trkpt lat="39.923466" lon="-121.133527"/>
      <trkpt lat="39.923637" lon="-121.133661"/>
      <trkpt lat="39.923750" lon="-121.133739"/>
      <trkpt lat="39.923837" lon="-121.133789"/>
      <trkpt lat="39.923931" lon="-121.133830"/>
      <trkpt lat="39.924025" lon="-121.133894"/>
      <trkpt lat="39.924138" lon="-121.133948"/>
      <trkpt lat="39.924261" lon="-121.134027"/>
      <trkpt lat="39.924375" lon="-121.134086"/>
      <trkpt lat="39.924682" lon="-121.134310"/>
      <trkpt lat="39.924888" lon="-121.134400"/>
      <trkpt lat="39.925004" lon="-121.134385"/>
      <trkpt lat="39.925165" lon="-121.134339"/>
      <trkpt lat="39.925311" lon="-121.134325"/>
      <trkpt lat="39.925553" lon="-121.134318"/>
      <trkpt lat="39.925677" lon="-121.134335"/>
      <trkpt lat="39.926014" lon="-121.134334"/>
      <trkpt lat="39.926147" lon="-121.134359"/>
      <trkpt lat="39.926258" lon="-121.134370"/>
      <trkpt lat="39.926432" lon="-121.134374"/>
      <trkpt lat="39.926525" lon="-121.134321"/>
      <trkpt lat="39.926633" lon="-121.134267"/>
      <trkpt lat="39.926756" lon="-121.134192"/>
      <trkpt lat="39.926857" lon="-121.134139"/>
      <trkpt lat="39.926979" lon="-121.134099"/>
      <trkpt lat="39.927094" lon="-121.134082"/>
      <trkpt lat="39.927382" lon="-121.134111"/>
      <trkpt lat="39.927584" lon="-121.134149"/>
      <trkpt lat="39.927706" lon="-121.134135"/>
      <trkpt lat="39.927761" lon="-121.134127"/>
      <trkpt lat="39.927919" lon="-121.134041"/>
      <trkpt lat="39.928013" lon="-121.134008"/>
      <trkpt lat="39.928086" lon="-121.133973"/>
      <trkpt lat="39.928142" lon="-121.133938"/>
      <trkpt lat="39.928219" lon="-121.133851"/>
      <trkpt lat="39.928431" lon="-121.133563"/>
      <trkpt lat="39.928499" lon="-121.133496"/>
      <trkpt lat="39.928576" lon="-121.133442"/>
      <trkpt lat="39.928792" lon="-121.133274"/>
      <trkpt lat="39.928864" lon="-121.133165"/>
      <trkpt lat="39.928988" lon="-121.133025"/>
      <trkpt lat="39.929095" lon="-121.132932"/>
      <trkpt lat="39.929206" lon="-121.132898"/>
      <trkpt lat="39.929307" lon="-121.132883"/>
      <trkpt lat="39.929517" lon="-121.132884"/>
      <trkpt lat="39.929647" lon="-121.132892"/>
      <trkpt lat="39.929765" lon="-121.132908"/>
      <trkpt lat="39.929885" lon="-121.132883"/>
      <trkpt lat="39.930167" lon="-121.132802"/>
      <trkpt lat="39.930311" lon="-121.132770"/>
      <trkpt lat="39.930435" lon="-121.132751"/>
      <trkpt lat="39.930507" lon="-121.132735"/>
      <trkpt lat="39.930620" lon="-121.132743"/>
      <trkpt lat="39.930756" lon="-121.132686"/>
      <trkpt lat="39.930975" lon="-121.132576"/>
      <trkpt lat="39.931054" lon="-121.132543"/>
      <trkpt lat="39.931161" lon="-121.132529"/>
      <trkpt lat="39.931265" lon="-121.132523"/>
      <trkpt lat="39.931362" lon="-121.132487"/>
      <trkpt lat="39.931459" lon="-121.132460"/>
      <trkpt lat="39.931570" lon="-121.132436"/>
      <trkpt lat="39.931722" lon="-121.132422"/>
      <trkpt lat="39.931841" lon="-121.132416"/>
      <trkpt lat="39.931937" lon="-121.132427"/>
      <trkpt lat="39.932107" lon="-121.132434"/>
      <trkpt lat="39.932319" lon="-121.132344"/>
      <trkpt lat="39.932400" lon="-121.132336"/>
      <trkpt lat="39.932574" lon="-121.132362"/>
      <trkpt lat="39.932768" lon="-121.132344"/>
      <trkpt lat="39.932870" lon="-121.132375"/>
      <trkpt lat="39.932979" lon="-121.132387"/>
      <trkpt lat="39.933085" lon="-121.132409"/>
      <trkpt lat="39.933227" lon="-121.132458"/>
      <trkpt lat="39.933271" lon="-121.132493"/>
      <trkpt lat="39.933306" lon="-121.132548"/>
      <trkpt lat="39.933313" lon="-121.132609"/>
      <trkpt lat="39.933301" lon="-121.132658"/>
      <trkpt lat="39.933261" lon="-121.132747"/>
      <trkpt lat="39.933200" lon="-121.132837"/>
      <trkpt lat="39.933093" lon="-121.133015"/>
      <trkpt lat="39.933006" lon="-121.133168"/>
      <trkpt lat="39.932860" lon="-121.133512"/>
      <trkpt lat="39.932797" lon="-121.133597"/>
      <trkpt lat="39.932587" lon="-121.133974"/>
      <trkpt lat="39.932510" lon="-121.134157"/>
      <trkpt lat="39.932474" lon="-121.134309"/>
      <trkpt lat="39.932469" lon="-121.134457"/>
      <trkpt lat="39.932442" lon="-121.134605"/>
      <trkpt lat="39.932447" lon="-121.134764"/>
      <trkpt lat="39.932420" lon="-121.134882"/>
      <trkpt lat="39.932395" lon="-121.134922"/>
      <trkpt lat="39.932302" lon="-121.135018"/>
      <trkpt lat="39.932236" lon="-121.135163"/>
      <trkpt lat="39.932236" lon="-121.135286"/>
      <trkpt lat="39.932301" lon="-121.135373"/>
      <trkpt lat="39.932326" lon="-121.135491"/>
      <trkpt lat="39.932437" lon="-121.135850"/>
      <trkpt lat="39.932453" lon="-121.135962"/>
      <trkpt lat="39.932446" lon="-121.136061"/>
      <trkpt lat="39.932354" lon="-121.136212"/>
      <trkpt lat="39.932320" lon="-121.136334"/>
      <trkpt lat="39.932291" lon="-121.136457"/>
      <trkpt lat="39.932275" lon="-121.136608"/>
      <trkpt lat="39.932240" lon="-121.136777"/>
      <trkpt lat="39.932197" lon="-121.136896"/>
      <trkpt lat="39.932153" lon="-121.136981"/>
      <trkpt lat="39.932122" lon="-121.137052"/>
      <trkpt lat="39.932117" lon="-121.137169"/>
      <trkpt lat="39.932146" lon="-121.137346"/>
      <trkpt lat="39.932224" lon="-121.137721"/>
      <trkpt lat="39.932282" lon="-121.137974"/>
      <trkpt lat="39.932327" lon="-121.138113"/>
      <trkpt lat="39.932401" lon="-121.138285"/>
      <trkpt lat="39.932496" lon="-121.138403"/>
      <trkpt lat="39.932800" lon="-121.138625"/>
      <trkpt lat="39.932932" lon="-121.138746"/>
      <trkpt lat="39.933006" lon="-121.138832"/>
      <trkpt lat="39.933121" lon="-121.139009"/>
      <trkpt lat="39.933178" lon="-121.139149"/>
      <trkpt lat="39.933241" lon="-121.139356"/>
      <trkpt lat="39.933280" lon="-121.139504"/>
      <trkpt lat="39.933351" lon="-121.139684"/>
      <trkpt lat="39.933403" lon="-121.139745"/>
      <trkpt lat="39.933461" lon="-121.139851"/>
      <trkpt lat="39.933509" lon="-121.139952"/>
      <trkpt lat="39.933560" lon="-121.140025"/>
      <trkpt lat="39.933592" lon="-121.140168"/>
      <trkpt lat="39.933587" lon="-121.140325"/>
      <trkpt lat="39.933561" lon="-121.140473"/>
      <trkpt lat="39.933495" lon="-121.140657"/>
      <trkpt lat="39.933460" lon="-121.140866"/>
      <trkpt lat="39.933455" lon="-121.141099"/>
      <trkpt lat="39.933442" lon="-121.141359"/>
      <trkpt lat="39.933425" lon="-121.141557"/>
      <trkpt lat="39.933441" lon="-121.141662"/>
      <trkpt lat="39.933489" lon="-121.141780"/>
      <trkpt lat="39.933517" lon="-121.141933"/>
      <trkpt lat="39.933564" lon="-121.142141"/>
      <trkpt lat="39.933584" lon="-121.142322"/>
      <trkpt lat="39.933593" lon="-121.142505"/>
      <trkpt lat="39.933587" lon="-121.142729"/>
      <trkpt lat="39.933603" lon="-121.142934"/>
      <trkpt lat="39.933654" lon="-121.143226"/>
      <trkpt lat="39.933668" lon="-121.143362"/>
      <trkpt lat="39.933701" lon="-121.143497"/>
      <trkpt lat="39.933730" lon="-121.143779"/>
      <trkpt lat="39.933767" lon="-121.143926"/>
      <trkpt lat="39.933803" lon="-121.144032"/>
      <trkpt lat="39.933836" lon="-121.144154"/>
      <trkpt lat="39.933861" lon="-121.144359"/>
      <trkpt lat="39.933857" lon="-121.144454"/>
      <trkpt lat="39.933903" lon="-121.144518"/>
      <trkpt lat="39.933935" lon="-121.144620"/>
      <trkpt lat="39.934001" lon="-121.144754"/>
      <trkpt lat="39.934034" lon="-121.144856"/>
      <trkpt lat="39.934116" lon="-121.144964"/>
      <trkpt lat="39.934226" lon="-121.145136"/>
      <trkpt lat="39.934353" lon="-121.145260"/>
      <trkpt lat="39.934497" lon="-121.145359"/>
      <trkpt lat="39.934703" lon="-121.145511"/>
      <trkpt lat="39.934807" lon="-121.145645"/>
      <trkpt lat="39.934918" lon="-121.145709"/>
      <trkpt lat="39.934980" lon="-121.145725"/>
      <trkpt lat="39.935025" lon="-121.145731"/>
      <trkpt lat="39.935119" lon="-121.145758"/>
      <trkpt lat="39.935240" lon="-121.145820"/>
      <trkpt lat="39.935342" lon="-121.145844"/>
      <trkpt lat="39.935481" lon="-121.145847"/>
      <trkpt lat="39.935603" lon="-121.145867"/>
      <trkpt lat="39.935679" lon="-121.145908"/>
      <trkpt lat="39.935786" lon="-121.145929"/>
      <trkpt lat="39.935844" lon="-121.145956"/>
      <trkpt lat="39.935988" lon="-121.145988"/>
      <trkpt lat="39.936232" lon="-121.145982"/>
      <trkpt lat="39.936461" lon="-121.145951"/>
      <trkpt lat="39.936545" lon="-121.145883"/>
      <trkpt lat="39.936667" lon="-121.145832"/>
      <trkpt lat="39.936797" lon="-121.145852"/>
      <trkpt lat="39.937052" lon="-121.145850"/>
      <trkpt lat="39.937134" lon="-121.145873"/>
      <trkpt lat="39.937237" lon="-121.145892"/>
      <trkpt lat="39.937300" lon="-121.145871"/>
      <trkpt lat="39.937412" lon="-121.145818"/>
      <trkpt lat="39.937520" lon="-121.145780"/>
      <trkpt lat="39.937635" lon="-121.145757"/>
      <trkpt lat="39.937755" lon="-121.145754"/>
      <trkpt lat="39.937885" lon="-121.145770"/>
      <trkpt lat="39.938004" lon="-121.145773"/>
      <trkpt lat="39.938244" lon="-121.145826"/>
      <trkpt lat="39.938333" lon="-121.145880"/>
      <trkpt lat="39.938415" lon="-121.145963"/>
      <trkpt lat="39.938502" lon="-121.146060"/>
      <trkpt lat="39.938611" lon="-121.146163"/>
      <trkpt lat="39.938699" lon="-121.146256"/>
      <trkpt lat="39.938757" lon="-121.146338"/>
      <trkpt lat="39.938788" lon="-121.146400"/>
      <trkpt lat="39.938824" lon="-121.146501"/>
      <trkpt lat="39.938826" lon="-121.146615"/>
      <trkpt lat="39.938818" lon="-121.146730"/>
      <trkpt lat="39.938801" lon="-121.146797"/>
      <trkpt lat="39.938718" lon="-121.146916"/>
      <trkpt lat="39.938659" lon="-121.146948"/>
      <trkpt lat="39.938604" lon="-121.146999"/>
      <trkpt lat="39.938537" lon="-121.147074"/>
      <trkpt lat="39.938478" lon="-121.147184"/>
      <trkpt lat="39.938406" lon="-121.147257"/>
      <trkpt lat="39.938322" lon="-121.147331"/>
      <trkpt lat="39.938281" lon="-121.147381"/>
      <trkpt lat="39.938264" lon="-121.147442"/>
      <trkpt lat="39.938264" lon="-121.147525"/>
      <trkpt lat="39.938276" lon="-121.147615"/>
      <trkpt lat="39.938322" lon="-121.147707"/>
      <trkpt lat="39.938379" lon="-121.147858"/>
      <trkpt lat="39.938400" lon="-121.147932"/>
      <trkpt lat="39.938509" lon="-121.148088"/>
      <trkpt lat="39.938729" lon="-121.148235"/>
      <trkpt lat="39.938865" lon="-121.148334"/>
      <trkpt lat="39.938994" lon="-121.148418"/>
      <trkpt lat="39.939166" lon="-121.148578"/>
      <trkpt lat="39.939274" lon="-121.148625"/>
      <trkpt lat="39.939399" lon="-121.148690"/>
      <trkpt lat="39.939510" lon="-121.148767"/>
      <trkpt lat="39.939596" lon="-121.148834"/>
      <trkpt lat="39.939689" lon="-121.148878"/>
      <trkpt lat="39.939762" lon="-121.148925"/>
      <trkpt lat="39.939809" lon="-121.148924"/>
      <trkpt lat="39.939946" lon="-121.148892"/>
      <trkpt lat="39.940013" lon="-121.148913"/>
      <trkpt lat="39.940066" lon="-121.148918"/>
      <trkpt lat="39.940140" lon="-121.148951"/>
      <trkpt lat="39.940192" lon="-121.148945"/>
      <trkpt lat="39.940243" lon="-121.148922"/>
      <trkpt lat="39.940309" lon="-121.148933"/>
      <trkpt lat="39.940373" lon="-121.148976"/>
      <trkpt lat="39.940492" lon="-121.149007"/>
      <trkpt lat="39.940564" lon="-121.148999"/>
      <trkpt lat="39.940635" lon="-121.148972"/>
      <trkpt lat="39.940680" lon="-121.148960"/>
      <trkpt lat="39.940773" lon="-121.148980"/>
      <trkpt lat="39.941062" lon="-121.149203"/>
      <trkpt lat="39.941142" lon="-121.149250"/>
      <trkpt lat="39.941199" lon="-121.149315"/>
      <trkpt lat="39.941218" lon="-121.149413"/>
      <trkpt lat="39.941260" lon="-121.149541"/>
      <trkpt lat="39.941307" lon="-121.149667"/>
      <trkpt lat="39.941356" lon="-121.149770"/>
      <trkpt lat="39.941419" lon="-121.149923"/>
      <trkpt lat="39.941485" lon="-121.150015"/>
      <trkpt lat="39.941548" lon="-121.150049"/>
      <trkpt lat="39.941635" lon="-121.150064"/>
      <trkpt lat="39.941744" lon="-121.150065"/>
      <trkpt lat="39.941827" lon="-121.150093"/>
      <trkpt lat="39.942005" lon="-121.150160"/>
      <trkpt lat="39.942058" lon="-121.150217"/>
      <trkpt lat="39.942110" lon="-121.150309"/>
      <trkpt lat="39.942133" lon="-121.150722"/>
      <trkpt lat="39.942152" lon="-121.150840"/>
      <trkpt lat="39.942208" lon="-121.151041"/>
      <trkpt lat="39.942264" lon="-121.151169"/>
      <trkpt lat="39.942338" lon="-121.151269"/>
      <trkpt lat="39.942406" lon="-121.151395"/>
      <trkpt lat="39.942438" lon="-121.151515"/>
      <trkpt lat="39.942464" lon="-121.151701"/>
      <trkpt lat="39.942569" lon="-121.152114"/>
      <trkpt lat="39.942590" lon="-121.152218"/>
      <trkpt lat="39.942615" lon="-121.152364"/>
      <trkpt lat="39.942618" lon="-121.152576"/>
      <trkpt lat="39.942663" lon="-121.152670"/>
      <trkpt lat="39.942751" lon="-121.152758"/>
      <trkpt lat="39.942946" lon="-121.152920"/>
      <trkpt lat="39.943115" lon="-121.153040"/>
      <trkpt lat="39.943430" lon="-121.153194"/>
      <trkpt lat="39.943517" lon="-121.153211"/>
      <trkpt lat="39.943589" lon="-121.153254"/>
      <trkpt lat="39.943621" lon="-121.153296"/>
      <trkpt lat="39.943679" lon="-121.153357"/>
      <trkpt lat="39.943749" lon="-121.153383"/>
      <trkpt lat="39.943842" lon="-121.153403"/>
      <trkpt lat="39.943958" lon="-121.153438"/>
      <trkpt lat="39.944080" lon="-121.153500"/>
      <trkpt lat="39.944209" lon="-121.153577"/>
      <trkpt lat="39.944327" lon="-121.153656"/>
      <trkpt lat="39.944416" lon="-121.153725"/>
      <trkpt lat="39.944543" lon="-121.153748"/>
      <trkpt lat="39.944954" lon="-121.153787"/>
      <trkpt lat="39.945097" lon="-121.153830"/>
      <trkpt lat="39.945230" lon="-121.153828"/>
      <trkpt lat="39.945395" lon="-121.153851"/>
      <trkpt lat="39.945605" lon="-121.153985"/>
      <trkpt lat="39.945748" lon="-121.154087"/>
      <trkpt lat="39.945847" lon="-121.154143"/>
      <trkpt lat="39.945967" lon="-121.154205"/>
      <trkpt lat="39.946087" lon="-121.154326"/>
      <trkpt lat="39.946432" lon="-121.154709"/>
      <trkpt lat="39.946506" lon="-121.154732"/>
      <trkpt lat="39.946595" lon="-121.154772"/>
      <trkpt lat="39.946683" lon="-121.154846"/>
      <trkpt lat="39.946792" lon="-121.154966"/>
      <trkpt lat="39.946846" lon="-121.155043"/>
      <trkpt lat="39.946886" lon="-121.155122"/>
      <trkpt lat="39.946940" lon="-121.155183"/>
      <trkpt lat="39.947025" lon="-121.155248"/>
      <trkpt lat="39.947116" lon="-121.155362"/>
      <trkpt lat="39.947216" lon="-121.155580"/>
      <trkpt lat="39.947281" lon="-121.155745"/>
      <trkpt lat="39.947323" lon="-121.155880"/>
      <trkpt lat="39.947406" lon="-121.156178"/>
      <trkpt lat="39.947479" lon="-121.156300"/>
      <trkpt lat="39.947551" lon="-121.156348"/>
      <trkpt lat="39.947680" lon="-121.156411"/>
      <trkpt lat="39.947902" lon="-121.156537"/>
      <trkpt lat="39.948082" lon="-121.156616"/>
      <trkpt lat="39.948233" lon="-121.156678"/>
      <trkpt lat="39.948406" lon="-121.156729"/>
      <trkpt lat="39.948592" lon="-121.156816"/>
      <trkpt lat="39.949100" lon="-121.157009"/>
      <trkpt lat="39.949233" lon="-121.157007"/>
      <trkpt lat="39.949315" lon="-121.156974"/>
      <trkpt lat="39.949396" lon="-121.156889"/>
      <trkpt lat="39.949511" lon="-121.156832"/>
      <trkpt lat="39.949659" lon="-121.156835"/>
      <trkpt lat="39.949844" lon="-121.156816"/>
      <trkpt lat="39.949984" lon="-121.156701"/>
      <trkpt lat="39.950144" lon="-121.156706"/>
      <trkpt lat="39.950276" lon="-121.156744"/>
      <trkpt lat="39.950389" lon="-121.156762"/>
      <trkpt lat="39.950498" lon="-121.156824"/>
      <trkpt lat="39.950564" lon="-121.156937"/>
      <trkpt lat="39.950689" lon="-121.157076"/>
      <trkpt lat="39.950812" lon="-121.157173"/>
      <trkpt lat="39.950925" lon="-121.157251"/>
      <trkpt lat="39.951057" lon="-121.157315"/>
      <trkpt lat="39.951184" lon="-121.157390"/>
      <trkpt lat="39.951304" lon="-121.157385"/>
      <trkpt lat="39.951390" lon="-121.157449"/>
      <trkpt lat="39.951493" lon="-121.157505"/>
      <trkpt lat="39.951620" lon="-121.157559"/>
      <trkpt lat="39.951711" lon="-121.157554"/>
      <trkpt lat="39.951819" lon="-121.157531"/>
      <trkpt lat="39.951897" lon="-121.157535"/>
      <trkpt lat="39.952088" lon="-121.157649"/>
      <trkpt lat="39.952215" lon="-121.157707"/>
      <trkpt lat="39.952348" lon="-121.157759"/>
      <trkpt lat="39.952473" lon="-121.157772"/>
      <trkpt lat="39.952576" lon="-121.157759"/>
      <trkpt lat="39.952661" lon="-121.157768"/>
      <trkpt lat="39.952754" lon="-121.157771"/>
      <trkpt lat="39.952829" lon="-121.157839"/>
      <trkpt lat="39.952991" lon="-121.158054"/>
      <trkpt lat="39.953081" lon="-121.158133"/>
      <trkpt lat="39.953144" lon="-121.158219"/>
      <trkpt lat="39.953219" lon="-121.158345"/>
      <trkpt lat="39.953260" lon="-121.158456"/>
      <trkpt lat="39.953391" lon="-121.158632"/>
      <trkpt lat="39.953478" lon="-121.158727"/>
      <trkpt lat="39.953522" lon="-121.158769"/>
      <trkpt lat="39.953601" lon="-121.158770"/>
      <trkpt lat="39.953652" lon="-121.158754"/>
      <trkpt lat="39.953711" lon="-121.158742"/>
      <trkpt lat="39.953780" lon="-121.158746"/>
      <trkpt lat="39.953817" lon="-121.158765"/>
      <trkpt lat="39.953859" lon="-121.158824"/>
      <trkpt lat="39.953906" lon="-121.158832"/>
      <trkpt lat="39.953984" lon="-121.158788"/>
      <trkpt lat="39.954009" lon="-121.158780"/>
      <trkpt lat="39.954094" lon="-121.158806"/>
      <trkpt lat="39.954181" lon="-121.158822"/>
      <trkpt lat="39.954311" lon="-121.158822"/>
      <trkpt lat="39.954406" lon="-121.158845"/>
      <trkpt lat="39.954472" lon="-121.158873"/>
      <trkpt lat="39.954540" lon="-121.159037"/>
      <trkpt lat="39.954595" lon="-121.159093"/>
      <trkpt lat="39.954654" lon="-121.159175"/>
      <trkpt lat="39.954701" lon="-121.159301"/>
      <trkpt lat="39.954858" lon="-121.159588"/>
      <trkpt lat="39.954919" lon="-121.159717"/>
      <trkpt lat="39.954938" lon="-121.159834"/>
      <trkpt lat="39.954936" lon="-121.160432"/>
      <trkpt lat="39.954897" lon="-121.160542"/>
      <trkpt lat="39.954873" lon="-121.160630"/>
      <trkpt lat="39.954833" lon="-121.160708"/>
      <trkpt lat="39.954791" lon="-121.160807"/>
      <trkpt lat="39.954771" lon="-121.160912"/>
      <trkpt lat="39.954789" lon="-121.161003"/>
      <trkpt lat="39.954823" lon="-121.161063"/>
      <trkpt lat="39.954875" lon="-121.161106"/>
      <trkpt lat="39.954960" lon="-121.161194"/>
      <trkpt lat="39.955005" lon="-121.161290"/>
      <trkpt lat="39.955040" lon="-121.161387"/>
      <trkpt lat="39.955058" lon="-121.161863"/>
      <trkpt lat="39.955077" lon="-121.162001"/>
      <trkpt lat="39.955069" lon="-121.162132"/>
      <trkpt lat="39.955045" lon="-121.162313"/>
      <trkpt lat="39.955024" lon="-121.162441"/>
      <trkpt lat="39.954983" lon="-121.162558"/>
      <trkpt lat="39.954954" lon="-121.162706"/>
      <trkpt lat="39.954931" lon="-121.162846"/>
      <trkpt lat="39.954927" lon="-121.162956"/>
      <trkpt lat="39.954965" lon="-121.163070"/>
      <trkpt lat="39.955024" lon="-121.163152"/>
      <trkpt lat="39.955120" lon="-121.163251"/>
      <trkpt lat="39.955187" lon="-121.163339"/>
      <trkpt lat="39.955299" lon="-121.163606"/>
      <trkpt lat="39.955367" lon="-121.163700"/>
      <trkpt lat="39.955430" lon="-121.163764"/>
      <trkpt lat="39.955529" lon="-121.163809"/>
      <trkpt lat="39.955618" lon="-121.163824"/>
      <trkpt lat="39.955683" lon="-121.163811"/>
      <trkpt lat="39.955782" lon="-121.163775"/>
      <trkpt lat="39.955872" lon="-121.163762"/>
      <trkpt lat="39.955979" lon="-121.163787"/>
      <trkpt lat="39.956081" lon="-121.163848"/>
      <trkpt lat="39.956170" lon="-121.163916"/>
      <trkpt lat="39.956244" lon="-121.163995"/>
      <trkpt lat="39.956361" lon="-121.164105"/>
      <trkpt lat="39.956423" lon="-121.164157"/>
      <trkpt lat="39.956520" lon="-121.164218"/>
      <trkpt lat="39.956599" lon="-121.164226"/>
      <trkpt lat="39.956781" lon="-121.164283"/>
      <trkpt lat="39.956860" lon="-121.164345"/>
      <trkpt lat="39.956927" lon="-121.164454"/>
      <trkpt lat="39.956975" lon="-121.164544"/>
      <trkpt lat="39.957039" lon="-121.164605"/>
      <trkpt lat="39.957104" lon="-121.164650"/>
      <trkpt lat="39.957183" lon="-121.164659"/>
      <trkpt lat="39.957430" lon="-121.164659"/>
      <trkpt lat="39.957539" lon="-121.164682"/>
      <trkpt lat="39.957633" lon="-121.164733"/>
      <trkpt lat="39.957739" lon="-121.164780"/>
      <trkpt lat="39.957888" lon="-121.164790"/>
      <trkpt lat="39.957974" lon="-121.164817"/>
      <trkpt lat="39.958090" lon="-121.164827"/>
      <trkpt lat="39.958222" lon="-121.164883"/>
      <trkpt lat="39.958340" lon="-121.164878"/>
      <trkpt lat="39.958483" lon="-121.164833"/>
      <trkpt lat="39.958832" lon="-121.164654"/>
      <trkpt lat="39.958917" lon="-121.164617"/>
      <trkpt lat="39.959025" lon="-121.164631"/>
      <trkpt lat="39.959117" lon="-121.164703"/>
      <trkpt lat="39.959170" lon="-121.164817"/>
      <trkpt lat="39.959285" lon="-121.164994"/>
      <trkpt lat="39.959417" lon="-121.165144"/>
      <trkpt lat="39.959526" lon="-121.165460"/>
      <trkpt lat="39.959572" lon="-121.165670"/>
      <trkpt lat="39.959574" lon="-121.165857"/>
      <trkpt lat="39.959557" lon="-121.165979"/>
      <trkpt lat="39.959552" lon="-121.166067"/>
      <trkpt lat="39.959609" lon="-121.166201"/>
      <trkpt lat="39.959677" lon="-121.166302"/>
      <trkpt lat="39.959717" lon="-121.166390"/>
      <trkpt lat="39.959755" lon="-121.166590"/>
      <trkpt lat="39.959814" lon="-121.166714"/>
      <trkpt lat="39.959918" lon="-121.166842"/>
      <trkpt lat="39.960043" lon="-121.167062"/>
      <trkpt lat="39.960128" lon="-121.167263"/>
      <trkpt lat="39.960192" lon="-121.167479"/>
      <trkpt lat="39.960305" lon="-121.167736"/>
      <trkpt lat="39.960370" lon="-121.167811"/>
      <trkpt lat="39.960422" lon="-121.167930"/>
      <trkpt lat="39.960444" lon="-121.168065"/>
      <trkpt lat="39.960485" lon="-121.168186"/>
      <trkpt lat="39.960490" lon="-121.168382"/>
      <trkpt lat="39.960475" lon="-121.168507"/>
      <trkpt lat="39.960351" lon="-121.168630"/>
      <trkpt lat="39.960142" lon="-121.168771"/>
      <trkpt lat="39.960038" lon="-121.168814"/>
      <trkpt lat="39.959893" lon="-121.168855"/>
      <trkpt lat="39.959758" lon="-121.168874"/>
      <trkpt lat="39.959624" lon="-121.168949"/>
      <trkpt lat="39.959389" lon="-121.169065"/>
      <trkpt lat="39.959282" lon="-121.169157"/>
      <trkpt lat="39.959206" lon="-121.169247"/>
      <trkpt lat="39.959157" lon="-121.169365"/>
      <trkpt lat="39.959121" lon="-121.169506"/>
      <trkpt lat="39.959062" lon="-121.169646"/>
      <trkpt lat="39.959002" lon="-121.169748"/>
      <trkpt lat="39.958955" lon="-121.169844"/>
      <trkpt lat="39.958866" lon="-121.170089"/>
      <trkpt lat="39.958829" lon="-121.170160"/>
      <trkpt lat="39.958758" lon="-121.170243"/>
      <trkpt lat="39.958761" lon="-121.170247"/>
      <trkpt lat="39.958735" lon="-121.170363"/>
      <trkpt lat="39.958725" lon="-121.170432"/>
      <trkpt lat="39.958750" lon="-121.170497"/>
      <trkpt lat="39.958791" lon="-121.170564"/>
      <trkpt lat="39.958803" lon="-121.170619"/>
      <trkpt lat="39.958855" lon="-121.170679"/>
      <trkpt lat="39.958949" lon="-121.170910"/>
      <trkpt lat="39.959030" lon="-121.171141"/>
      <trkpt lat="39.959072" lon="-121.171348"/>
      <trkpt lat="39.959099" lon="-121.171584"/>
      <trkpt lat="39.959101" lon="-121.171812"/>
      <trkpt lat="39.959120" lon="-121.172061"/>
      <trkpt lat="39.959163" lon="-121.172252"/>
      <trkpt lat="39.959222" lon="-121.172350"/>
      <trkpt lat="39.959309" lon="-121.172463"/>
      <trkpt lat="39.959463" lon="-121.172711"/>
      <trkpt lat="39.959494" lon="-121.172825"/>
      <trkpt lat="39.959509" lon="-121.173002"/>
      <trkpt lat="39.959518" lon="-121.173147"/>
      <trkpt lat="39.959560" lon="-121.173340"/>
      <trkpt lat="39.959617" lon="-121.173483"/>
      <trkpt lat="39.959667" lon="-121.173730"/>
      <trkpt lat="39.959733" lon="-121.173957"/>
      <trkpt lat="39.959756" lon="-121.174127"/>
      <trkpt lat="39.959812" lon="-121.174323"/>
      <trkpt lat="39.959810" lon="-121.174468"/>
      <trkpt lat="39.959855" lon="-121.174575"/>
      <trkpt lat="39.959910" lon="-121.174768"/>
      <trkpt lat="39.960112" lon="-121.175208"/>
      <trkpt lat="39.960134" lon="-121.175361"/>
      <trkpt lat="39.960157" lon="-121.175718"/>
      <trkpt lat="39.960171" lon="-121.175849"/>
      <trkpt lat="39.960147" lon="-121.176029"/>
      <trkpt lat="39.960106" lon="-121.176158"/>
      <trkpt lat="39.960072" lon="-121.176338"/>
      <trkpt lat="39.960095" lon="-121.176493"/>
      <trkpt lat="39.960145" lon="-121.176595"/>
      <trkpt lat="39.960227" lon="-121.176850"/>
      <trkpt lat="39.960334" lon="-121.177113"/>
      <trkpt lat="39.960395" lon="-121.177297"/>
      <trkpt lat="39.960412" lon="-121.177532"/>
      <trkpt lat="39.960521" lon="-121.177892"/>
      <trkpt lat="39.960627" lon="-121.178048"/>
      <trkpt lat="39.960688" lon="-121.178206"/>
      <trkpt lat="39.960759" lon="-121.178321"/>
      <trkpt lat="39.960876" lon="-121.178494"/>
      <trkpt lat="39.960961" lon="-121.178586"/>
      <trkpt lat="39.961070" lon="-121.178653"/>
      <trkpt lat="39.961182" lon="-121.178705"/>
      <trkpt lat="39.961302" lon="-121.178771"/>
      <trkpt lat="39.961510" lon="-121.178958"/>
      <trkpt lat="39.961602" lon="-121.179021"/>
      <trkpt lat="39.961718" lon="-121.179048"/>
      <trkpt lat="39.961873" lon="-121.179091"/>
      <trkpt lat="39.961970" lon="-121.179131"/>
      <trkpt lat="39.962089" lon="-121.179191"/>
      <trkpt lat="39.962348" lon="-121.179242"/>
      <trkpt lat="39.962462" lon="-121.179244"/>
      <trkpt lat="39.962563" lon="-121.179180"/>
      <trkpt lat="39.962762" lon="-121.179113"/>
      <trkpt lat="39.962845" lon="-121.179141"/>
      <trkpt lat="39.962964" lon="-121.179358"/>
      <trkpt lat="39.962995" lon="-121.179438"/>
      <trkpt lat="39.963073" lon="-121.179811"/>
      <trkpt lat="39.963119" lon="-121.179973"/>
      <trkpt lat="39.963195" lon="-121.180189"/>
      <trkpt lat="39.963215" lon="-121.180308"/>
      <trkpt lat="39.963237" lon="-121.180402"/>
      <trkpt lat="39.963287" lon="-121.180457"/>
      <trkpt lat="39.963481" lon="-121.180902"/>
      <trkpt lat="39.963641" lon="-121.181204"/>
      <trkpt lat="39.963673" lon="-121.181426"/>
      <trkpt lat="39.963779" lon="-121.181576"/>
      <trkpt lat="39.963887" lon="-121.181678"/>
      <trkpt lat="39.964217" lon="-121.181973"/>
      <trkpt lat="39.964390" lon="-121.182135"/>
      <trkpt lat="39.964617" lon="-121.182451"/>
      <trkpt lat="39.964664" lon="-121.182567"/>
      <trkpt lat="39.964750" lon="-121.182727"/>
      <trkpt lat="39.964838" lon="-121.182863"/>
      <trkpt lat="39.964958" lon="-121.182984"/>
      <trkpt lat="39.965055" lon="-121.183043"/>
      <trkpt lat="39.965132" lon="-121.183084"/>
      <trkpt lat="39.965214" lon="-121.183111"/>
      <trkpt lat="39.965376" lon="-121.183385"/>
      <trkpt lat="39.965446" lon="-121.183436"/>
      <trkpt lat="39.965517" lon="-121.183477"/>
      <trkpt lat="39.965586" lon="-121.183527"/>
      <trkpt lat="39.965638" lon="-121.183605"/>
      <trkpt lat="39.965750" lon="-121.183881"/>
      <trkpt lat="39.965778" lon="-121.183962"/>
      <trkpt lat="39.965800" lon="-121.184065"/>
      <trkpt lat="39.965850" lon="-121.184177"/>
      <trkpt lat="39.965912" lon="-121.184260"/>
      <trkpt lat="39.966059" lon="-121.184475"/>
      <trkpt lat="39.966159" lon="-121.184596"/>
      <trkpt lat="39.966275" lon="-121.184715"/>
      <trkpt lat="39.966399" lon="-121.184778"/>
      <trkpt lat="39.966455" lon="-121.184832"/>
      <trkpt lat="39.966476" lon="-121.184938"/>
      <trkpt lat="39.966465" lon="-121.185040"/>
      <trkpt lat="39.966425" lon="-121.185187"/>
      <trkpt lat="39.966391" lon="-121.185422"/>
      <trkpt lat="39.966391" lon="-121.185598"/>
      <trkpt lat="39.966400" lon="-121.185834"/>
      <trkpt lat="39.966446" lon="-121.185966"/>
      <trkpt lat="39.966507" lon="-121.186033"/>
      <trkpt lat="39.966586" lon="-121.186105"/>
      <trkpt lat="39.966723" lon="-121.186197"/>
      <trkpt lat="39.966821" lon="-121.186304"/>
      <trkpt lat="39.966845" lon="-121.186422"/>
      <trkpt lat="39.966786" lon="-121.186565"/>
      <trkpt lat="39.966696" lon="-121.186703"/>
      <trkpt lat="39.966608" lon="-121.186801"/>
      <trkpt lat="39.966386" lon="-121.187133"/>
      <trkpt lat="39.966213" lon="-121.187273"/>
      <trkpt lat="39.966119" lon="-121.187428"/>
      <trkpt lat="39.966049" lon="-121.187804"/>
      <trkpt lat="39.966061" lon="-121.187970"/>
      <trkpt lat="39.966089" lon="-121.188244"/>
      <trkpt lat="39.966065" lon="-121.188435"/>
      <trkpt lat="39.965995" lon="-121.188632"/>
      <trkpt lat="39.965945" lon="-121.188945"/>
      <trkpt lat="39.965907" lon="-121.189100"/>
      <trkpt lat="39.965868" lon="-121.189201"/>
      <trkpt lat="39.965846" lon="-121.189341"/>
      <trkpt lat="39.965858" lon="-121.189515"/>
      <trkpt lat="39.965920" lon="-121.189707"/>
      <trkpt lat="39.966078" lon="-121.190115"/>
      <trkpt lat="39.966200" lon="-121.190310"/>
      <trkpt lat="39.966302" lon="-121.190454"/>
      <trkpt lat="39.966387" lon="-121.190522"/>
      <trkpt lat="39.966478" lon="-121.190615"/>
      <trkpt lat="39.966515" lon="-121.190667"/>
      <trkpt lat="39.966530" lon="-121.190782"/>
      <trkpt lat="39.966535" lon="-121.190923"/>
      <trkpt lat="39.966552" lon="-121.191044"/>
      <trkpt lat="39.966683" lon="-121.191368"/>
      <trkpt lat="39.966742" lon="-121.191565"/>
      <trkpt lat="39.966759" lon="-121.191717"/>
      <trkpt lat="39.966808" lon="-121.191871"/>
      <trkpt lat="39.966869" lon="-121.192134"/>
      <trkpt lat="39.966907" lon="-121.192232"/>
      <trkpt lat="39.966980" lon="-121.192359"/>
      <trkpt lat="39.967060" lon="-121.192449"/>
      <trkpt lat="39.967101" lon="-121.192550"/>
      <trkpt lat="39.967108" lon="-121.192625"/>
      <trkpt lat="39.967128" lon="-121.192750"/>
      <trkpt lat="39.967204" lon="-121.192909"/>
      <trkpt lat="39.967383" lon="-121.193211"/>
      <trkpt lat="39.967522" lon="-121.193554"/>
      <trkpt lat="39.967574" lon="-121.193651"/>
      <trkpt lat="39.967683" lon="-121.194039"/>
      <trkpt lat="39.967871" lon="-121.194371"/>
      <trkpt lat="39.967968" lon="-121.194594"/>
      <trkpt lat="39.968049" lon="-121.194798"/>
      <trkpt lat="39.968152" lon="-121.194910"/>
      <trkpt lat="39.968258" lon="-121.195048"/>
      <trkpt lat="39.968371" lon="-121.195213"/>
      <trkpt lat="39.968419" lon="-121.195339"/>
      <trkpt lat="39.968427" lon="-121.195598"/>
      <trkpt lat="39.968430" lon="-121.195897"/>
      <trkpt lat="39.968458" lon="-121.196093"/>
      <trkpt lat="39.968508" lon="-121.196338"/>
      <trkpt lat="39.968608" lon="-121.196532"/>
      <trkpt lat="39.968754" lon="-121.196780"/>
      <trkpt lat="39.968910" lon="-121.196923"/>
      <trkpt lat="39.969034" lon="-121.196923"/>
      <trkpt lat="39.969277" lon="-121.197018"/>
      <trkpt lat="39.969597" lon="-121.197238"/>
      <trkpt lat="39.969690" lon="-121.197236"/>
      <trkpt lat="39.969762" lon="-121.197197"/>
      <trkpt lat="39.969860" lon="-121.197041"/>
      <trkpt lat="39.969966" lon="-121.196930"/>
      <trkpt lat="39.970078" lon="-121.196828"/>
      <trkpt lat="39.970281" lon="-121.196800"/>
      <trkpt lat="39.970425" lon="-121.196896"/>
      <trkpt lat="39.970542" lon="-121.197103"/>
      <trkpt lat="39.970610" lon="-121.197213"/>
      <trkpt lat="39.970692" lon="-121.197468"/>
      <trkpt lat="39.970670" lon="-121.197880"/>
      <trkpt lat="39.970600" lon="-121.198181"/>
      <trkpt lat="39.970543" lon="-121.198369"/>
      <trkpt lat="39.970520" lon="-121.198503"/>
      <trkpt lat="39.970567" lon="-121.198658"/>
      <trkpt lat="39.970625" lon="-121.198726"/>
      <trkpt lat="39.970769" lon="-121.198806"/>
      <trkpt lat="39.970896" lon="-121.198916"/>
      <trkpt lat="39.970993" lon="-121.198991"/>
      <trkpt lat="39.971085" lon="-121.199160"/>
      <trkpt lat="39.971147" lon="-121.199321"/>
      <trkpt lat="39.971151" lon="-121.199458"/>
      <trkpt lat="39.971204" lon="-121.199603"/>
      <trkpt lat="39.971272" lon="-121.199750"/>
      <trkpt lat="39.971357" lon="-121.199898"/>
      <trkpt lat="39.971390" lon="-121.200083"/>
      <trkpt lat="39.971457" lon="-121.200281"/>
      <trkpt lat="39.971550" lon="-121.200450"/>
      <trkpt lat="39.971815" lon="-121.200804"/>
      <trkpt lat="39.971889" lon="-121.200968"/>
      <trkpt lat="39.971918" lon="-121.201161"/>
      <trkpt lat="39.971979" lon="-121.201309"/>
      <trkpt lat="39.972228" lon="-121.201507"/>
      <trkpt lat="39.972384" lon="-121.201614"/>
      <trkpt lat="39.972489" lon="-121.201749"/>
      <trkpt lat="39.972617" lon="-121.201966"/>
      <trkpt lat="39.972701" lon="-121.202221"/>
      <trkpt lat="39.972726" lon="-121.202384"/>
      <trkpt lat="39.972770" lon="-121.202859"/>
      <trkpt lat="39.972781" lon="-121.202964"/>
      <trkpt lat="39.972822" lon="-121.203095"/>
      <trkpt lat="39.972849" lon="-121.203336"/>
      <trkpt lat="39.972880" lon="-121.203532"/>
      <trkpt lat="39.972884" lon="-121.203723"/>
      <trkpt lat="39.972870" lon="-121.203932"/>
      <trkpt lat="39.972909" lon="-121.204090"/>
      <trkpt lat="39.973019" lon="-121.204442"/>
      <trkpt lat="39.972999" lon="-121.204616"/>
      <trkpt lat="39.972974" lon="-121.204710"/>
      <trkpt lat="39.972995" lon="-121.204892"/>
      <trkpt lat="39.972983" lon="-121.205101"/>
      <trkpt lat="39.972904" lon="-121.205482"/>
      <trkpt lat="39.972909" lon="-121.205614"/>
      <trkpt lat="39.973034" lon="-121.206206"/>
      <trkpt lat="39.973110" lon="-121.206370"/>
      <trkpt lat="39.973155" lon="-121.206437"/>
      <trkpt lat="39.973205" lon="-121.206614"/>
      <trkpt lat="39.973235" lon="-121.206807"/>
      <trkpt lat="39.973297" lon="-121.206976"/>
      <trkpt lat="39.973342" lon="-121.207266"/>
      <trkpt lat="39.973361" lon="-121.207483"/>
      <trkpt lat="39.973384" lon="-121.207672"/>
      <trkpt lat="39.973408" lon="-121.207826"/>
      <trkpt lat="39.973395" lon="-121.208044"/>
      <trkpt lat="39.973391" lon="-121.208160"/>
      <trkpt lat="39.973447" lon="-121.208320"/>
      <trkpt lat="39.973479" lon="-121.208497"/>
      <trkpt lat="39.973504" lon="-121.208756"/>
      <trkpt lat="39.973509" lon="-121.208910"/>
      <trkpt lat="39.973483" lon="-121.209117"/>
      <trkpt lat="39.973445" lon="-121.209240"/>
      <trkpt lat="39.973431" lon="-121.209437"/>
      <trkpt lat="39.973460" lon="-121.209682"/>
      <trkpt lat="39.973547" lon="-121.209945"/>
      <trkpt lat="39.973638" lon="-121.210125"/>
      <trkpt lat="39.973731" lon="-121.210282"/>
      <trkpt lat="39.973824" lon="-121.210459"/>
      <trkpt lat="39.973909" lon="-121.210678"/>
      <trkpt lat="39.973977" lon="-121.210867"/>
      <trkpt lat="39.974085" lon="-121.211077"/>
      <trkpt lat="39.974186" lon="-121.211364"/>
      <trkpt lat="39.974265" lon="-121.211563"/>
      <trkpt lat="39.974335" lon="-121.211772"/>
      <trkpt lat="39.974380" lon="-121.211952"/>
      <trkpt lat="39.974371" lon="-121.212162"/>
      <trkpt lat="39.974343" lon="-121.212429"/>
      <trkpt lat="39.974307" lon="-121.212599"/>
      <trkpt lat="39.974295" lon="-121.212807"/>
      <trkpt lat="39.974312" lon="-121.212982"/>
      <trkpt lat="39.974339" lon="-121.213196"/>
      <trkpt lat="39.974447" lon="-121.213570"/>
      <trkpt lat="39.974465" lon="-121.213766"/>
      <trkpt lat="39.974498" lon="-121.213926"/>
      <trkpt lat="39.974547" lon="-121.214065"/>
      <trkpt lat="39.974633" lon="-121.214195"/>
      <trkpt lat="39.974643" lon="-121.214268"/>
      <trkpt lat="39.974644" lon="-121.214418"/>
      <trkpt lat="39.974734" lon="-121.214801"/>
      <trkpt lat="39.974752" lon="-121.214918"/>
      <trkpt lat="39.974740" lon="-121.215056"/>
      <trkpt lat="39.974706" lon="-121.215158"/>
      <trkpt lat="39.974636" lon="-121.215271"/>
      <trkpt lat="39.974619" lon="-121.215358"/>
      <trkpt lat="39.974647" lon="-121.215469"/>
      <trkpt lat="39.974690" lon="-121.215579"/>
      <trkpt lat="39.974722" lon="-121.215711"/>
      <trkpt lat="39.974735" lon="-121.215865"/>
      <trkpt lat="39.974806" lon="-121.216124"/>
      <trkpt lat="39.974815" lon="-121.216375"/>
      <trkpt lat="39.974844" lon="-121.216592"/>
      <trkpt lat="39.974843" lon="-121.216699"/>
      <trkpt lat="39.974829" lon="-121.216825"/>
      <trkpt lat="39.974800" lon="-121.217025"/>
      <trkpt lat="39.974808" lon="-121.217147"/>
      <trkpt lat="39.974884" lon="-121.217293"/>
      <trkpt lat="39.974958" lon="-121.217366"/>
      <trkpt lat="39.975021" lon="-121.217484"/>
      <trkpt lat="39.975051" lon="-121.217602"/>
      <trkpt lat="39.975073" lon="-121.217753"/>
      <trkpt lat="39.975108" lon="-121.218152"/>
      <trkpt lat="39.975114" lon="-121.218295"/>
      <trkpt lat="39.975085" lon="-121.218437"/>
      <trkpt lat="39.975057" lon="-121.218582"/>
      <trkpt lat="39.975002" lon="-121.218818"/>
      <trkpt lat="39.974947" lon="-121.219010"/>
      <trkpt lat="39.974858" lon="-121.219591"/>
      <trkpt lat="39.974828" lon="-121.219723"/>
      <trkpt lat="39.974790" lon="-121.219856"/>
      <trkpt lat="39.974738" lon="-121.220084"/>
      <trkpt lat="39.974730" lon="-121.220260"/>
      <trkpt lat="39.974737" lon="-121.220393"/>
      <trkpt lat="39.974772" lon="-121.220559"/>
      <trkpt lat="39.974866" lon="-121.220740"/>
      <trkpt lat="39.974893" lon="-121.220839"/>
      <trkpt lat="39.974887" lon="-121.220917"/>
      <trkpt lat="39.974897" lon="-121.221024"/>
      <trkpt lat="39.974872" lon="-121.221150"/>
      <trkpt lat="39.974810" lon="-121.221256"/>
      <trkpt lat="39.974742" lon="-121.221327"/>
      <trkpt lat="39.974660" lon="-121.221432"/>
      <trkpt lat="39.974513" lon="-121.221553"/>
      <trkpt lat="39.974395" lon="-121.221679"/>
      <trkpt lat="39.974383" lon="-121.221778"/>
      <trkpt lat="39.974351" lon="-121.221854"/>
      <trkpt lat="39.974326" lon="-121.221940"/>
      <trkpt lat="39.974337" lon="-121.222041"/>
      <trkpt lat="39.974335" lon="-121.222149"/>
      <trkpt lat="39.974325" lon="-121.222282"/>
      <trkpt lat="39.974300" lon="-121.222383"/>
      <trkpt lat="39.974301" lon="-121.222841"/>
      <trkpt lat="39.974311" lon="-121.222982"/>
      <trkpt lat="39.974368" lon="-121.223103"/>
      <trkpt lat="39.974447" lon="-121.223323"/>
      <trkpt lat="39.974490" lon="-121.223405"/>
      <trkpt lat="39.974518" lon="-121.223508"/>
      <trkpt lat="39.974555" lon="-121.223618"/>
      <trkpt lat="39.974552" lon="-121.223724"/>
      <trkpt lat="39.974486" lon="-121.223913"/>
      <trkpt lat="39.974414" lon="-121.224066"/>
      <trkpt lat="39.974354" lon="-121.224217"/>
      <trkpt lat="39.974313" lon="-121.224276"/>
      <trkpt lat="39.974264" lon="-121.224366"/>
      <trkpt lat="39.974193" lon="-121.224412"/>
      <trkpt lat="39.974131" lon="-121.224503"/>
      <trkpt lat="39.974066" lon="-121.224581"/>
      <trkpt lat="39.973996" lon="-121.224683"/>
      <trkpt lat="39.973835" lon="-121.224856"/>
      <trkpt lat="39.973769" lon="-121.224934"/>
      <trkpt lat="39.973696" lon="-121.225036"/>
      <trkpt lat="39.973644" lon="-121.225160"/>
      <trkpt lat="39.973588" lon="-121.225305"/>
      <trkpt lat="39.973548" lon="-121.225562"/>
      <trkpt lat="39.973521" lon="-121.225698"/>
      <trkpt lat="39.973474" lon="-121.226111"/>
      <trkpt lat="39.973469" lon="-121.226425"/>
      <trkpt lat="39.973489" lon="-121.226682"/>
      <trkpt lat="39.973531" lon="-121.226855"/>
      <trkpt lat="39.973579" lon="-121.226975"/>
      <trkpt lat="39.973638" lon="-121.227103"/>
      <trkpt lat="39.973727" lon="-121.227189"/>
      <trkpt lat="39.973892" lon="-121.227299"/>
      <trkpt lat="39.974148" lon="-121.227408"/>
      <trkpt lat="39.974285" lon="-121.227500"/>
      <trkpt lat="39.974429" lon="-121.227589"/>
      <trkpt lat="39.974581" lon="-121.227667"/>
      <trkpt lat="39.974712" lon="-121.227749"/>
      <trkpt lat="39.974871" lon="-121.227886"/>
      <trkpt lat="39.974934" lon="-121.228000"/>
      <trkpt lat="39.975036" lon="-121.228152"/>
      <trkpt lat="39.975208" lon="-121.228309"/>
      <trkpt lat="39.975538" lon="-121.228585"/>
      <trkpt lat="39.975623" lon="-121.228601"/>
      <trkpt lat="39.975672" lon="-121.228616"/>
      <trkpt lat="39.975729" lon="-121.228684"/>
      <trkpt lat="39.975780" lon="-121.228794"/>
      <trkpt lat="39.975800" lon="-121.228870"/>
      <trkpt lat="39.975874" lon="-121.229019"/>
      <trkpt lat="39.975896" lon="-121.229096"/>
      <trkpt lat="39.975905" lon="-121.229191"/>
      <trkpt lat="39.975903" lon="-121.229296"/>
      <trkpt lat="39.975887" lon="-121.229405"/>
      <trkpt lat="39.975849" lon="-121.229574"/>
      <trkpt lat="39.975804" lon="-121.229867"/>
      <trkpt lat="39.975777" lon="-121.230133"/>
      <trkpt lat="39.975753" lon="-121.230265"/>
      <trkpt lat="39.975706" lon="-121.230470"/>
      <trkpt lat="39.975670" lon="-121.230611"/>
      <trkpt lat="39.975651" lon="-121.230743"/>
      <trkpt lat="39.975646" lon="-121.230857"/>
      <trkpt lat="39.975606" lon="-121.231160"/>
      <trkpt lat="39.975492" lon="-121.231710"/>
      <trkpt lat="39.975476" lon="-121.231853"/>
      <trkpt lat="39.975445" lon="-121.232035"/>
      <trkpt lat="39.975374" lon="-121.232249"/>
      <trkpt lat="39.975313" lon="-121.232385"/>
      <trkpt lat="39.975227" lon="-121.232656"/>
      <trkpt lat="39.975128" lon="-121.232904"/>
      <trkpt lat="39.974908" lon="-121.233200"/>
      <trkpt lat="39.974815" lon="-121.233310"/>
      <trkpt lat="39.974667" lon="-121.233437"/>
      <trkpt lat="39.974538" lon="-121.233578"/>
      <trkpt lat="39.974349" lon="-121.233824"/>
      <trkpt lat="39.974083" lon="-121.234182"/>
      <trkpt lat="39.973948" lon="-121.234331"/>
      <trkpt lat="39.973919" lon="-121.234418"/>
      <trkpt lat="39.973903" lon="-121.234509"/>
      <trkpt lat="39.973871" lon="-121.234799"/>
      <trkpt lat="39.973891" lon="-121.235016"/>
      <trkpt lat="39.973901" lon="-121.235210"/>
      <trkpt lat="39.973917" lon="-121.235346"/>
      <trkpt lat="39.974032" lon="-121.235625"/>
      <trkpt lat="39.974163" lon="-121.235962"/>
      <trkpt lat="39.974209" lon="-121.236062"/>
      <trkpt lat="39.974239" lon="-121.236176"/>
      <trkpt lat="39.974252" lon="-121.236327"/>
      <trkpt lat="39.974282" lon="-121.236584"/>
      <trkpt lat="39.974319" lon="-121.236731"/>
      <trkpt lat="39.974373" lon="-121.236872"/>
      <trkpt lat="39.974409" lon="-121.236991"/>
      <trkpt lat="39.974474" lon="-121.237162"/>
      <trkpt lat="39.974564" lon="-121.237319"/>
      <trkpt lat="39.974813" lon="-121.237498"/>
      <trkpt lat="39.974969" lon="-121.237688"/>
      <trkpt lat="39.975017" lon="-121.237753"/>
      <trkpt lat="39.975077" lon="-121.237768"/>
      <trkpt lat="39.975164" lon="-121.237780"/>
      <trkpt lat="39.975274" lon="-121.237779"/>
      <trkpt lat="39.975443" lon="-121.237910"/>
      <trkpt lat="39.975912" lon="-121.238312"/>
      <trkpt lat="39.975997" lon="-121.238351"/>
      <trkpt lat="39.976297" lon="-121.238526"/>
      <trkpt lat="39.976376" lon="-121.238593"/>
      <trkpt lat="39.976447" lon="-121.238681"/>
      <trkpt lat="39.976504" lon="-121.238786"/>
      <trkpt lat="39.976507" lon="-121.238868"/>
      <trkpt lat="39.976518" lon="-121.238952"/>
      <trkpt lat="39.976568" lon="-121.239089"/>
      <trkpt lat="39.976582" lon="-121.239157"/>
      <trkpt lat="39.976579" lon="-121.239273"/>
      <trkpt lat="39.976560" lon="-121.239373"/>
      <trkpt lat="39.976531" lon="-121.239494"/>
      <trkpt lat="39.976503" lon="-121.239588"/>
      <trkpt lat="39.976491" lon="-121.239705"/>
      <trkpt lat="39.976461" lon="-121.239845"/>
      <trkpt lat="39.976430" lon="-121.239936"/>
      <trkpt lat="39.976400" lon="-121.240017"/>
      <trkpt lat="39.976289" lon="-121.240213"/>
      <trkpt lat="39.976231" lon="-121.240324"/>
      <trkpt lat="39.976186" lon="-121.240422"/>
      <trkpt lat="39.976019" lon="-121.240725"/>
      <trkpt lat="39.975961" lon="-121.240860"/>
      <trkpt lat="39.975900" lon="-121.240980"/>
      <trkpt lat="39.975839" lon="-121.241090"/>
      <trkpt lat="39.975755" lon="-121.241193"/>
      <trkpt lat="39.975676" lon="-121.241313"/>
      <trkpt lat="39.975604" lon="-121.241400"/>
      <trkpt lat="39.975531" lon="-121.241516"/>
      <trkpt lat="39.975484" lon="-121.241605"/>
      <trkpt lat="39.975484" lon="-121.241717"/>
      <trkpt lat="39.975500" lon="-121.241845"/>
      <trkpt lat="39.975536" lon="-121.241939"/>
      <trkpt lat="39.975629" lon="-121.242258"/>
      <trkpt lat="39.975690" lon="-121.242369"/>
      <trkpt lat="39.975763" lon="-121.242487"/>
      <trkpt lat="39.975824" lon="-121.242575"/>
      <trkpt lat="39.975902" lon="-121.242633"/>
      <trkpt lat="39.976069" lon="-121.242659"/>
      <trkpt lat="39.976179" lon="-121.242664"/>
      <trkpt lat="39.976290" lon="-121.242694"/>
      <trkpt lat="39.976341" lon="-121.242739"/>
      <trkpt lat="39.976510" lon="-121.242907"/>
      <trkpt lat="39.976695" lon="-121.243128"/>
      <trkpt lat="39.976829" lon="-121.243272"/>
      <trkpt lat="39.977020" lon="-121.243402"/>
      <trkpt lat="39.977075" lon="-121.243448"/>
      <trkpt lat="39.977296" lon="-121.243488"/>
      <trkpt lat="39.977351" lon="-121.243537"/>
      <trkpt lat="39.977388" lon="-121.243602"/>
      <trkpt lat="39.977418" lon="-121.243694"/>
      <trkpt lat="39.977443" lon="-121.243787"/>
      <trkpt lat="39.977436" lon="-121.243897"/>
      <trkpt lat="39.977440" lon="-121.244031"/>
      <trkpt lat="39.977429" lon="-121.244122"/>
      <trkpt lat="39.977469" lon="-121.244217"/>
      <trkpt lat="39.977569" lon="-121.244319"/>
      <trkpt lat="39.977893" lon="-121.244526"/>
      <trkpt lat="39.977974" lon="-121.244585"/>
      <trkpt lat="39.978058" lon="-121.244656"/>
      <trkpt lat="39.978145" lon="-121.244755"/>
      <trkpt lat="39.978194" lon="-121.244877"/>
      <trkpt lat="39.978248" lon="-121.244944"/>
      <trkpt lat="39.978418" lon="-121.245085"/>
      <trkpt lat="39.978478" lon="-121.245112"/>
      <trkpt lat="39.978531" lon="-121.245186"/>
      <trkpt lat="39.978563" lon="-121.245271"/>
      <trkpt lat="39.978607" lon="-121.245353"/>
      <trkpt lat="39.978703" lon="-121.245470"/>
      <trkpt lat="39.978887" lon="-121.245654"/>
      <trkpt lat="39.978994" lon="-121.245742"/>
      <trkpt lat="39.979096" lon="-121.245852"/>
      <trkpt lat="39.979190" lon="-121.245937"/>
      <trkpt lat="39.979311" lon="-121.246029"/>
      <trkpt lat="39.979377" lon="-121.246061"/>
      <trkpt lat="39.979484" lon="-121.246088"/>
      <trkpt lat="39.979594" lon="-121.246096"/>
      <trkpt lat="39.979675" lon="-121.246068"/>
      <trkpt lat="39.979750" lon="-121.246020"/>
      <trkpt lat="39.979832" lon="-121.246004"/>
      <trkpt lat="39.979907" lon="-121.246024"/>
      <trkpt lat="39.979987" lon="-121.246067"/>
      <trkpt lat="39.980046" lon="-121.246128"/>
      <trkpt lat="39.980076" lon="-121.246190"/>
      <trkpt lat="39.980106" lon="-121.246272"/>
      <trkpt lat="39.980157" lon="-121.246362"/>
      <trkpt lat="39.980223" lon="-121.246448"/>
      <trkpt lat="39.980290" lon="-121.246508"/>
      <trkpt lat="39.980516" lon="-121.246786"/>
      <trkpt lat="39.980584" lon="-121.246882"/>
      <trkpt lat="39.980655" lon="-121.247006"/>
      <trkpt lat="39.980745" lon="-121.247118"/>
      <trkpt lat="39.980818" lon="-121.247229"/>
      <trkpt lat="39.980900" lon="-121.247314"/>
      <trkpt lat="39.981203" lon="-121.247593"/>
      <trkpt lat="39.981271" lon="-121.247665"/>
      <trkpt lat="39.981325" lon="-121.247739"/>
      <trkpt lat="39.981360" lon="-121.247822"/>
      <trkpt lat="39.981372" lon="-121.247923"/>
      <trkpt lat="39.981350" lon="-121.247963"/>
      <trkpt lat="39.981313" lon="-121.248007"/>
      <trkpt lat="39.981284" lon="-121.248026"/>
      <trkpt lat="39.981182" lon="-121.247923"/>
      <trkpt lat="39.981104" lon="-121.247892"/>
      <trkpt lat="39.980998" lon="-121.247813"/>
      <trkpt lat="39.980918" lon="-121.247778"/>
      <trkpt lat="39.980849" lon="-121.247770"/>
      <trkpt lat="39.980745" lon="-121.247747"/>
      <trkpt lat="39.980691" lon="-121.247753"/>
      <trkpt lat="39.980653" lon="-121.247769"/>
      <trkpt lat="39.980614" lon="-121.247799"/>
      <trkpt lat="39.980575" lon="-121.247871"/>
      <trkpt lat="39.980546" lon="-121.247951"/>
      <trkpt lat="39.980497" lon="-121.248056"/>
      <trkpt lat="39.980441" lon="-121.248127"/>
      <trkpt lat="39.980337" lon="-121.248325"/>
      <trkpt lat="39.980298" lon="-121.248454"/>
      <trkpt lat="39.980274" lon="-121.248638"/>
      <trkpt lat="39.980237" lon="-121.248723"/>
      <trkpt lat="39.980193" lon="-121.248819"/>
      <trkpt lat="39.980118" lon="-121.248943"/>
      <trkpt lat="39.980047" lon="-121.249043"/>
    </trkseg>
    <trkseg>
      <trkpt lat="39.980047" lon="-121.249043"/>
      <trkpt lat="39.979980" lon="-121.249115"/>
      <trkpt lat="39.979920" lon="-121.249177"/>
      <trkpt lat="39.979604" lon="-121.249420"/>
      <trkpt lat="39.979515" lon="-121.249538"/>
      <trkpt lat="39.979383" lon="-121.249625"/>
      <trkpt lat="39.979196" lon="-121.249768"/>
      <trkpt lat="39.979088" lon="-121.249836"/>
      <trkpt lat="39.978902" lon="-121.249890"/>
      <trkpt lat="39.978832" lon="-121.249901"/>
      <trkpt lat="39.978761" lon="-121.249922"/>
      <trkpt lat="39.978719" lon="-121.249920"/>
      <trkpt lat="39.978684" lon="-121.249933"/>
      <trkpt lat="39.978650" lon="-121.249962"/>
      <trkpt lat="39.978605" lon="-121.249973"/>
      <trkpt lat="39.978549" lon="-121.249971"/>
      <trkpt lat="39.978378" lon="-121.250056"/>
      <trkpt lat="39.978342" lon="-121.250054"/>
      <trkpt lat="39.978289" lon="-121.250061"/>
      <trkpt lat="39.978246" lon="-121.250079"/>
      <trkpt lat="39.978144" lon="-121.250179"/>
      <trkpt lat="39.978100" lon="-121.250209"/>
      <trkpt lat="39.978005" lon="-121.250304"/>
      <trkpt lat="39.977860" lon="-121.250457"/>
      <trkpt lat="39.977777" lon="-121.250557"/>
      <trkpt lat="39.977598" lon="-121.250889"/>
      <trkpt lat="39.977566" lon="-121.250970"/>
      <trkpt lat="39.977519" lon="-121.251170"/>
      <trkpt lat="39.977499" lon="-121.251359"/>
      <trkpt lat="39.977470" lon="-121.251405"/>
      <trkpt lat="39.977457" lon="-121.251434"/>
      <trkpt lat="39.977419" lon="-121.251490"/>
      <trkpt lat="39.977347" lon="-121.251538"/>
      <trkpt lat="39.977304" lon="-121.251574"/>
      <trkpt lat="39.977256" lon="-121.251602"/>
      <trkpt lat="39.977222" lon="-121.251632"/>
      <trkpt lat="39.977054" lon="-121.251723"/>
      <trkpt lat="39.976919" lon="-121.251830"/>
      <trkpt lat="39.976863" lon="-121.251865"/>
      <trkpt lat="39.976821" lon="-121.251904"/>
      <trkpt lat="39.976818" lon="-121.251912"/>
      <trkpt lat="39.976825" lon="-121.251918"/>
      <trkpt lat="39.976866" lon="-121.251913"/>
      <trkpt lat="39.976970" lon="-121.251911"/>
      <trkpt lat="39.977042" lon="-121.251890"/>
      <trkpt lat="39.977080" lon="-121.251904"/>
      <trkpt lat="39.977196" lon="-121.251913"/>
      <trkpt lat="39.977314" lon="-121.251903"/>
      <trkpt lat="39.977458" lon="-121.251869"/>
      <trkpt lat="39.977583" lon="-121.251804"/>
      <trkpt lat="39.977651" lon="-121.251751"/>
      <trkpt lat="39.977701" lon="-121.251683"/>
      <trkpt lat="39.977752" lon="-121.251602"/>
      <trkpt lat="39.977845" lon="-121.251522"/>
      <trkpt lat="39.977995" lon="-121.251422"/>
      <trkpt lat="39.978061" lon="-121.251336"/>
      <trkpt lat="39.978092" lon="-121.251275"/>
      <trkpt lat="39.978151" lon="-121.251227"/>
      <trkpt lat="39.978210" lon="-121.251192"/>
      <trkpt lat="39.978277" lon="-121.251177"/>
      <trkpt lat="39.978325" lon="-121.251182"/>
      <trkpt lat="39.978424" lon="-121.251198"/>
      <trkpt lat="39.978496" lon="-121.251229"/>
      <trkpt lat="39.978570" lon="-121.251237"/>
      <trkpt lat="39.978640" lon="-121.251239"/>
      <trkpt lat="39.978731" lon="-121.251229"/>
      <trkpt lat="39.978817" lon="-121.251230"/>
      <trkpt lat="39.978914" lon="-121.251247"/>
      <trkpt lat="39.978962" lon="-121.251263"/>
      <trkpt lat="39.979085" lon="-121.251288"/>
      <trkpt lat="39.979174" lon="-121.251315"/>
      <trkpt lat="39.979248" lon="-121.251323"/>
      <trkpt lat="39.979317" lon="-121.251292"/>
      <trkpt lat="39.979406" lon="-121.251218"/>
      <trkpt lat="39.979469" lon="-121.251172"/>
      <trkpt lat="39.979542" lon="-121.251131"/>
      <trkpt lat="39.979632" lon="-121.251117"/>
      <trkpt lat="39.979723" lon="-121.251084"/>
      <trkpt lat="39.979848" lon="-121.251054"/>
      <trkpt lat="39.980073" lon="-121.250970"/>
      <trkpt lat="39.980195" lon="-121.250919"/>
      <trkpt lat="39.980306" lon="-121.250881"/>
      <trkpt lat="39.980409" lon="-121.250854"/>
      <trkpt lat="39.980471" lon="-121.250802"/>
      <trkpt lat="39.980523" lon="-121.250771"/>
      <trkpt lat="39.980533" lon="-121.250703"/>
      <trkpt lat="39.980550" lon="-121.250696"/>
      <trkpt lat="39.980566" lon="-121.250726"/>
      <trkpt lat="39.980646" lon="-121.250795"/>
      <trkpt lat="39.980689" lon="-121.250847"/>
      <trkpt lat="39.980715" lon="-121.250867"/>
      <trkpt lat="39.980757" lon="-121.250936"/>
      <trkpt lat="39.980769" lon="-121.250982"/>
      <trkpt lat="39.980837" lon="-121.251070"/>
      <trkpt lat="39.980878" lon="-121.251094"/>
      <trkpt lat="39.980969" lon="-121.251182"/>
      <trkpt lat="39.981004" lon="-121.251210"/>
      <trkpt lat="39.981082" lon="-121.251260"/>
      <trkpt lat="39.981234" lon="-121.251373"/>
      <trkpt lat="39.981288" lon="-121.251439"/>
      <trkpt lat="39.981353" lon="-121.251589"/>
      <trkpt lat="39.981537" lon="-121.252108"/>
      <trkpt lat="39.981545" lon="-121.252147"/>
      <trkpt lat="39.981574" lon="-121.252169"/>
      <trkpt lat="39.981657" lon="-121.252293"/>
      <trkpt lat="39.981912" lon="-121.252623"/>
      <trkpt lat="39.982042" lon="-121.252825"/>
      <trkpt lat="39.982083" lon="-121.252913"/>
      <trkpt lat="39.982156" lon="-121.253034"/>
      <trkpt lat="39.982172" lon="-121.253101"/>
      <trkpt lat="39.982217" lon="-121.253180"/>
      <trkpt lat="39.982250" lon="-121.253271"/>
      <trkpt lat="39.982302" lon="-121.253325"/>
      <trkpt lat="39.982504" lon="-121.253609"/>
      <trkpt lat="39.982531" lon="-121.253686"/>
      <trkpt lat="39.982567" lon="-121.253732"/>
      <trkpt lat="39.982635" lon="-121.253838"/>
      <trkpt lat="39.982726" lon="-121.254024"/>
      <trkpt lat="39.982764" lon="-121.254136"/>
      <trkpt lat="39.982800" lon="-121.254270"/>
      <trkpt lat="39.982822" lon="-121.254408"/>
      <trkpt lat="39.982853" lon="-121.254517"/>
      <trkpt lat="39.982910" lon="-121.254670"/>
      <trkpt lat="39.982951" lon="-121.254748"/>
      <trkpt lat="39.983004" lon="-121.254817"/>
      <trkpt lat="39.983076" lon="-121.254862"/>
      <trkpt lat="39.983138" lon="-121.254934"/>
      <trkpt lat="39.983195" lon="-121.254988"/>
      <trkpt lat="39.983298" lon="-121.255058"/>
      <trkpt lat="39.983513" lon="-121.255159"/>
      <trkpt lat="39.983541" lon="-121.255201"/>
      <trkpt lat="39.983570" lon="-121.255228"/>
      <trkpt lat="39.983629" lon="-121.255296"/>
      <trkpt lat="39.983695" lon="-121.255433"/>
      <trkpt lat="39.983719" lon="-121.255496"/>
      <trkpt lat="39.983784" lon="-121.255627"/>
      <trkpt lat="39.983890" lon="-121.255878"/>
      <trkpt lat="39.983994" lon="-121.255987"/>
      <trkpt lat="39.984031" lon="-121.256067"/>
      <trkpt lat="39.984052" lon="-121.256134"/>
      <trkpt lat="39.984130" lon="-121.256251"/>
      <trkpt lat="39.984211" lon="-121.256307"/>
      <trkpt lat="39.984263" lon="-121.256364"/>
      <trkpt lat="39.984301" lon="-121.256468"/>
      <trkpt lat="39.984332" lon="-121.256568"/>
      <trkpt lat="39.984352" lon="-121.256667"/>
      <trkpt lat="39.984354" lon="-121.256766"/>
      <trkpt lat="39.984363" lon="-121.256860"/>
      <trkpt lat="39.984395" lon="-121.256966"/>
      <trkpt lat="39.984418" lon="-121.257001"/>
      <trkpt lat="39.984430" lon="-121.257103"/>
      <trkpt lat="39.984433" lon="-121.257218"/>
      <trkpt lat="39.984451" lon="-121.257355"/>
      <trkpt lat="39.984507" lon="-121.257501"/>
      <trkpt lat="39.984513" lon="-121.257555"/>
      <trkpt lat="39.984539" lon="-121.257589"/>
      <trkpt lat="39.984550" lon="-121.257621"/>
      <trkpt lat="39.984621" lon="-121.257638"/>
      <trkpt lat="39.984662" lon="-121.257676"/>
      <trkpt lat="39.984680" lon="-121.257669"/>
      <trkpt lat="39.984753" lon="-121.257695"/>
      <trkpt lat="39.984842" lon="-121.257687"/>
      <trkpt lat="39.984928" lon="-121.257662"/>
      <trkpt lat="39.985024" lon="-121.257619"/>
      <trkpt lat="39.985195" lon="-121.257471"/>
      <trkpt lat="39.985329" lon="-121.257319"/>
      <trkpt lat="39.985347" lon="-121.257287"/>
      <trkpt lat="39.985367" lon="-121.257270"/>
      <trkpt lat="39.985378" lon="-121.257248"/>
      <trkpt lat="39.985383" lon="-121.257243"/>
      <trkpt lat="39.985391" lon="-121.257245"/>
      <trkpt lat="39.985393" lon="-121.257258"/>
      <trkpt lat="39.985389" lon="-121.257272"/>
      <trkpt lat="39.985339" lon="-121.257400"/>
      <trkpt lat="39.985258" lon="-121.257698"/>
      <trkpt lat="39.985205" lon="-121.257831"/>
      <trkpt lat="39.985163" lon="-121.257973"/>
      <trkpt lat="39.985109" lon="-121.258223"/>
      <trkpt lat="39.985074" lon="-121.258405"/>
      <trkpt lat="39.985047" lon="-121.258515"/>
      <trkpt lat="39.985048" lon="-121.258625"/>
      <trkpt lat="39.985014" lon="-121.258762"/>
      <trkpt lat="39.984990" lon="-121.258913"/>
      <trkpt lat="39.984977" lon="-121.258960"/>
      <trkpt lat="39.984964" lon="-121.259038"/>
      <trkpt lat="39.984980" lon="-121.259096"/>
      <trkpt lat="39.985127" lon="-121.259311"/>
      <trkpt lat="39.985169" lon="-121.259401"/>
      <trkpt lat="39.985227" lon="-121.259514"/>
      <trkpt lat="39.985304" lon="-121.259683"/>
      <trkpt lat="39.985375" lon="-121.259743"/>
      <trkpt lat="39.985402" lon="-121.259804"/>
      <trkpt lat="39.985529" lon="-121.259908"/>
      <trkpt lat="39.985644" lon="-121.260022"/>
      <trkpt lat="39.985710" lon="-121.260047"/>
      <trkpt lat="39.985810" lon="-121.260068"/>
      <trkpt lat="39.986023" lon="-121.260060"/>
      <trkpt lat="39.986141" lon="-121.260050"/>
      <trkpt lat="39.986207" lon="-121.260029"/>
      <trkpt lat="39.986318" lon="-121.260045"/>
      <trkpt lat="39.986416" lon="-121.260040"/>
      <trkpt lat="39.986777" lon="-121.259987"/>
      <trkpt lat="39.986861" lon="-121.259903"/>
      <trkpt lat="39.986916" lon="-121.259840"/>
      <trkpt lat="39.987020" lon="-121.259771"/>
      <trkpt lat="39.987154" lon="-121.259612"/>
      <trkpt lat="39.987254" lon="-121.259513"/>
      <trkpt lat="39.987367" lon="-121.259412"/>
      <trkpt lat="39.987452" lon="-121.259360"/>
      <trkpt lat="39.987596" lon="-121.259231"/>
      <trkpt lat="39.987744" lon="-121.259124"/>
      <trkpt lat="39.987824" lon="-121.259059"/>
      <trkpt lat="39.988029" lon="-121.258965"/>
      <trkpt lat="39.988131" lon="-121.258973"/>
      <trkpt lat="39.988219" lon="-121.258964"/>
      <trkpt lat="39.988264" lon="-121.258975"/>
      <trkpt lat="39.988288" lon="-121.258973"/>
      <trkpt lat="39.988297" lon="-121.259014"/>
      <trkpt lat="39.988292" lon="-121.259070"/>
      <trkpt lat="39.988298" lon="-121.259081"/>
      <trkpt lat="39.988327" lon="-121.259075"/>
      <trkpt lat="39.988347" lon="-121.259020"/>
      <trkpt lat="39.988377" lon="-121.258988"/>
      <trkpt lat="39.988407" lon="-121.258922"/>
      <trkpt lat="39.988432" lon="-121.258850"/>
      <trkpt lat="39.988426" lon="-121.258786"/>
      <trkpt lat="39.988383" lon="-121.258729"/>
      <trkpt lat="39.988303" lon="-121.258713"/>
      <trkpt lat="39.988219" lon="-121.258629"/>
      <trkpt lat="39.988156" lon="-121.258479"/>
      <trkpt lat="39.988171" lon="-121.258462"/>
      <trkpt lat="39.988214" lon="-121.258496"/>
      <trkpt lat="39.988262" lon="-121.258501"/>
      <trkpt lat="39.988374" lon="-121.258528"/>
      <trkpt lat="39.988580" lon="-121.258528"/>
      <trkpt lat="39.988660" lon="-121.258510"/>
      <trkpt lat="39.988761" lon="-121.258523"/>
      <trkpt lat="39.988834" lon="-121.258637"/>
      <trkpt lat="39.988835" lon="-121.258815"/>
      <trkpt lat="39.988845" lon="-121.258853"/>
      <trkpt lat="39.988868" lon="-121.258853"/>
      <trkpt lat="39.988896" lon="-121.258804"/>
      <trkpt lat="39.988933" lon="-121.258794"/>
      <trkpt lat="39.988940" lon="-121.258842"/>
      <trkpt lat="39.988914" lon="-121.259118"/>
      <trkpt lat="39.988880" lon="-121.259320"/>
      <trkpt lat="39.988805" lon="-121.259655"/>
      <trkpt lat="39.988804" lon="-121.259781"/>
      <trkpt lat="39.988798" lon="-121.259843"/>
      <trkpt lat="39.988818" lon="-121.259894"/>
      <trkpt lat="39.988934" lon="-121.260057"/>
      <trkpt lat="39.989016" lon="-121.260130"/>
      <trkpt lat="39.989231" lon="-121.260245"/>
      <trkpt lat="39.989289" lon="-121.260301"/>
      <trkpt lat="39.989411" lon="-121.260399"/>
      <trkpt lat="39.989486" lon="-121.260489"/>
      <trkpt lat="39.989577" lon="-121.260520"/>
      <trkpt lat="39.989735" lon="-121.260593"/>
      <trkpt lat="39.989875" lon="-121.260593"/>
      <trkpt lat="39.990008" lon="-121.260618"/>
      <trkpt lat="39.990111" lon="-121.260607"/>
      <trkpt lat="39.990234" lon="-121.260615"/>
      <trkpt lat="39.990319" lon="-121.260677"/>
      <trkpt lat="39.990379" lon="-121.260745"/>
      <trkpt lat="39.990445" lon="-121.260871"/>
      <trkpt lat="39.990520" lon="-121.260923"/>
      <trkpt lat="39.990686" lon="-121.261001"/>
      <trkpt lat="39.990842" lon="-121.261058"/>
      <trkpt lat="39.991107" lon="-121.261190"/>
      <trkpt lat="39.991166" lon="-121.261240"/>
      <trkpt lat="39.991219" lon="-121.261296"/>
      <trkpt lat="39.991280" lon="-121.261342"/>
      <trkpt lat="39.991293" lon="-121.261304"/>
      <trkpt lat="39.991260" lon="-121.261275"/>
      <trkpt lat="39.991230" lon="-121.261225"/>
      <trkpt lat="39.991196" lon="-121.261111"/>
      <trkpt lat="39.991161" lon="-121.261012"/>
      <trkpt lat="39.991021" lon="-121.260855"/>
      <trkpt lat="39.990931" lon="-121.260773"/>
      <trkpt lat="39.990908" lon="-121.260744"/>
      <trkpt lat="39.990847" lon="-121.260679"/>
      <trkpt lat="39.990925" lon="-121.260704"/>
      <trkpt lat="39.990989" lon="-121.260702"/>
      <trkpt lat="39.991038" lon="-121.260710"/>
      <trkpt lat="39.991129" lon="-121.260765"/>
      <trkpt lat="39.991195" lon="-121.260785"/>
      <trkpt lat="39.991266" lon="-121.260824"/>
      <trkpt lat="39.991323" lon="-121.260866"/>
      <trkpt lat="39.991414" lon="-121.260953"/>
      <trkpt lat="39.991473" lon="-121.261032"/>
      <trkpt lat="39.991545" lon="-121.261076"/>
      <trkpt lat="39.991551" lon="-121.261044"/>
      <trkpt lat="39.991474" lon="-121.260910"/>
      <trkpt lat="39.991414" lon="-121.260835"/>
      <trkpt lat="39.991426" lon="-121.260811"/>
      <trkpt lat="39.991469" lon="-121.260854"/>
      <trkpt lat="39.991571" lon="-121.260923"/>
      <trkpt lat="39.991751" lon="-121.261023"/>
      <trkpt lat="39.991973" lon="-121.261169"/>
      <trkpt lat="39.992142" lon="-121.261331"/>
      <trkpt lat="39.992248" lon="-121.261461"/>
      <trkpt lat="39.992370" lon="-121.261566"/>
      <trkpt lat="39.992580" lon="-121.261691"/>
      <trkpt lat="39.992632" lon="-121.261758"/>
      <trkpt lat="39.992673" lon="-121.261795"/>
      <trkpt lat="39.992682" lon="-121.261755"/>
      <trkpt lat="39.992657" lon="-121.261705"/>
      <trkpt lat="39.992645" lon="-121.261633"/>
      <trkpt lat="39.992566" lon="-121.261484"/>
      <trkpt lat="39.992468" lon="-121.261345"/>
      <trkpt lat="39.992415" lon="-121.261232"/>
      <trkpt lat="39.992351" lon="-121.261020"/>
      <trkpt lat="39.992328" lon="-121.260972"/>
      <trkpt lat="39.992355" lon="-121.260982"/>
      <trkpt lat="39.992493" lon="-121.261115"/>
      <trkpt lat="39.992566" lon="-121.261178"/>
      <trkpt lat="39.992817" lon="-121.261324"/>
      <trkpt lat="39.992941" lon="-121.261361"/>
      <trkpt lat="39.992975" lon="-121.261331"/>
      <trkpt lat="39.992828" lon="-121.261149"/>
      <trkpt lat="39.992708" lon="-121.261015"/>
      <trkpt lat="39.992643" lon="-121.260934"/>
      <trkpt lat="39.992756" lon="-121.260985"/>
      <trkpt lat="39.992893" lon="-121.261063"/>
      <trkpt lat="39.992967" lon="-121.261074"/>
      <trkpt lat="39.992891" lon="-121.260969"/>
      <trkpt lat="39.992856" lon="-121.260940"/>
      <trkpt lat="39.992826" lon="-121.260899"/>
      <trkpt lat="39.992790" lon="-121.260864"/>
      <trkpt lat="39.992758" lon="-121.260803"/>
      <trkpt lat="39.993062" lon="-121.260934"/>
      <trkpt lat="39.993425" lon="-121.261029"/>
      <trkpt lat="39.993582" lon="-121.261044"/>
      <trkpt lat="39.993828" lon="-121.261020"/>
      <trkpt lat="39.993873" lon="-121.261027"/>
      <trkpt lat="39.993900" lon="-121.261024"/>
      <trkpt lat="39.993960" lon="-121.261007"/>
      <trkpt lat="39.993960" lon="-121.260961"/>
      <trkpt lat="39.993915" lon="-121.260942"/>
      <trkpt lat="39.993861" lon="-121.260887"/>
      <trkpt lat="39.993886" lon="-121.260869"/>
      <trkpt lat="39.993943" lon="-121.260858"/>
      <trkpt lat="39.994090" lon="-121.260876"/>
      <trkpt lat="39.994169" lon="-121.260880"/>
      <trkpt lat="39.994223" lon="-121.260921"/>
      <trkpt lat="39.994241" lon="-121.260994"/>
      <trkpt lat="39.994234" lon="-121.261083"/>
      <trkpt lat="39.994170" lon="-121.261176"/>
      <trkpt lat="39.994050" lon="-121.261285"/>
      <trkpt lat="39.993986" lon="-121.261363"/>
      <trkpt lat="39.993919" lon="-121.261463"/>
      <trkpt lat="39.993966" lon="-121.261471"/>
      <trkpt lat="39.994026" lon="-121.261417"/>
      <trkpt lat="39.994062" lon="-121.261409"/>
      <trkpt lat="39.994130" lon="-121.261406"/>
      <trkpt lat="39.994234" lon="-121.261422"/>
      <trkpt lat="39.994321" lon="-121.261417"/>
      <trkpt lat="39.994389" lon="-121.261398"/>
      <trkpt lat="39.994428" lon="-121.261336"/>
      <trkpt lat="39.994473" lon="-121.261221"/>
      <trkpt lat="39.994578" lon="-121.261039"/>
      <trkpt lat="39.994640" lon="-121.260948"/>
      <trkpt lat="39.994706" lon="-121.260835"/>
      <trkpt lat="39.994804" lon="-121.260744"/>
      <trkpt lat="39.994860" lon="-121.260679"/>
      <trkpt lat="39.994864" lon="-121.260623"/>
      <trkpt lat="39.994830" lon="-121.260576"/>
      <trkpt lat="39.994687" lon="-121.260413"/>
      <trkpt lat="39.994585" lon="-121.260307"/>
      <trkpt lat="39.994174" lon="-121.260033"/>
      <trkpt lat="39.993968" lon="-121.259919"/>
      <trkpt lat="39.993807" lon="-121.259838"/>
      <trkpt lat="39.993760" lon="-121.259824"/>
      <trkpt lat="39.993692" lon="-121.259792"/>
      <trkpt lat="39.993586" lon="-121.259759"/>
      <trkpt lat="39.993664" lon="-121.259746"/>
      <trkpt lat="39.993728" lon="-121.259749"/>
      <trkpt lat="39.994061" lon="-121.259721"/>
      <trkpt lat="39.994285" lon="-121.259758"/>
      <trkpt lat="39.994539" lon="-121.259778"/>
      <trkpt lat="39.994856" lon="-121.259794"/>
      <trkpt lat="39.995026" lon="-121.259813"/>
      <trkpt lat="39.995170" lon="-121.259793"/>
      <trkpt lat="39.995306" lon="-121.259817"/>
      <trkpt lat="39.995463" lon="-121.259853"/>
      <trkpt lat="39.995562" lon="-121.259889"/>
      <trkpt lat="39.995650" lon="-121.259938"/>
      <trkpt lat="39.995736" lon="-121.259969"/>
      <trkpt lat="39.995781" lon="-121.260040"/>
      <trkpt lat="39.995813" lon="-121.260390"/>
      <trkpt lat="39.995829" lon="-121.260524"/>
      <trkpt lat="39.995925" lon="-121.260762"/>
      <trkpt lat="39.995961" lon="-121.260867"/>
      <trkpt lat="39.996000" lon="-121.261036"/>
      <trkpt lat="39.996015" lon="-121.261166"/>
      <trkpt lat="39.995970" lon="-121.261259"/>
      <trkpt lat="39.995871" lon="-121.261367"/>
      <trkpt lat="39.995818" lon="-121.261410"/>
      <trkpt lat="39.995728" lon="-121.261430"/>
      <trkpt lat="39.995708" lon="-121.261468"/>
      <trkpt lat="39.995745" lon="-121.261510"/>
      <trkpt lat="39.995773" lon="-121.261515"/>
      <trkpt lat="39.995851" lon="-121.261512"/>
      <trkpt lat="39.995996" lon="-121.261472"/>
      <trkpt lat="39.996220" lon="-121.261430"/>
      <trkpt lat="39.996336" lon="-121.261393"/>
      <trkpt lat="39.996403" lon="-121.261334"/>
      <trkpt lat="39.996438" lon="-121.261261"/>
      <trkpt lat="39.996405" lon="-121.261138"/>
      <trkpt lat="39.996383" lon="-121.261083"/>
      <trkpt lat="39.996355" lon="-121.260891"/>
      <trkpt lat="39.996349" lon="-121.260706"/>
      <trkpt lat="39.996336" lon="-121.260536"/>
      <trkpt lat="39.996338" lon="-121.260359"/>
      <trkpt lat="39.996351" lon="-121.260275"/>
      <trkpt lat="39.996386" lon="-121.260177"/>
      <trkpt lat="39.996427" lon="-121.260077"/>
      <trkpt lat="39.996445" lon="-121.260064"/>
      <trkpt lat="39.996446" lon="-121.260116"/>
      <trkpt lat="39.996432" lon="-121.260172"/>
      <trkpt lat="39.996419" lon="-121.260261"/>
      <trkpt lat="39.996421" lon="-121.260395"/>
      <trkpt lat="39.996489" lon="-121.260553"/>
      <trkpt lat="39.996554" lon="-121.260738"/>
      <trkpt lat="39.996611" lon="-121.260851"/>
      <trkpt lat="39.996755" lon="-121.261045"/>
      <trkpt lat="39.996853" lon="-121.261139"/>
      <trkpt lat="39.996987" lon="-121.261277"/>
      <trkpt lat="39.997090" lon="-121.261392"/>
      <trkpt lat="39.997209" lon="-121.261653"/>
      <trkpt lat="39.997290" lon="-121.261760"/>
      <trkpt lat="39.997333" lon="-121.261906"/>
      <trkpt lat="39.997385" lon="-121.262021"/>
      <trkpt lat="39.997389" lon="-121.262082"/>
      <trkpt lat="39.997340" lon="-121.262120"/>
      <trkpt lat="39.997180" lon="-121.262164"/>
      <trkpt lat="39.996904" lon="-121.262228"/>
      <trkpt lat="39.996726" lon="-121.262281"/>
      <trkpt lat="39.996620" lon="-121.262321"/>
      <trkpt lat="39.996586" lon="-121.262371"/>
      <trkpt lat="39.996544" lon="-121.262413"/>
      <trkpt lat="39.996551" lon="-121.262447"/>
      <trkpt lat="39.996775" lon="-121.262462"/>
      <trkpt lat="39.996897" lon="-121.262491"/>
      <trkpt lat="39.997141" lon="-121.262592"/>
      <trkpt lat="39.997232" lon="-121.262635"/>
      <trkpt lat="39.997337" lon="-121.262700"/>
      <trkpt lat="39.997457" lon="-121.262800"/>
      <trkpt lat="39.997622" lon="-121.262997"/>
      <trkpt lat="39.997673" lon="-121.263037"/>
      <trkpt lat="39.997776" lon="-121.263024"/>
      <trkpt lat="39.997859" lon="-121.262989"/>
      <trkpt lat="39.997933" lon="-121.262985"/>
      <trkpt lat="39.998091" lon="-121.262997"/>
      <trkpt lat="39.998502" lon="-121.263084"/>
      <trkpt lat="39.998622" lon="-121.263150"/>
      <trkpt lat="39.998735" lon="-121.263219"/>
      <trkpt lat="39.998826" lon="-121.263249"/>
      <trkpt lat="39.998910" lon="-121.263195"/>
      <trkpt lat="39.998942" lon="-121.263052"/>
      <trkpt lat="39.998953" lon="-121.262923"/>
      <trkpt lat="39.998939" lon="-121.262852"/>
      <trkpt lat="39.998870" lon="-121.262716"/>
      <trkpt lat="39.998730" lon="-121.262533"/>
      <trkpt lat="39.998596" lon="-121.262397"/>
      <trkpt lat="39.998552" lon="-121.262294"/>
      <trkpt lat="39.998552" lon="-121.262247"/>
      <trkpt lat="39.998577" lon="-121.262267"/>
      <trkpt lat="39.998614" lon="-121.262310"/>
      <trkpt lat="39.998757" lon="-121.262401"/>
      <trkpt lat="39.998885" lon="-121.262490"/>
      <trkpt lat="39.999017" lon="-121.262590"/>
      <trkpt lat="39.999116" lon="-121.262714"/>
      <trkpt lat="39.999204" lon="-121.262833"/>
      <trkpt lat="39.999235" lon="-121.262935"/>
      <trkpt lat="39.999263" lon="-121.263164"/>
      <trkpt lat="39.999308" lon="-121.263359"/>
      <trkpt lat="39.999389" lon="-121.263524"/>
      <trkpt lat="39.999441" lon="-121.263654"/>
      <trkpt lat="39.999465" lon="-121.263751"/>
      <trkpt lat="39.999468" lon="-121.263840"/>
      <trkpt lat="39.999434" lon="-121.263911"/>
      <trkpt lat="39.999393" lon="-121.263954"/>
      <trkpt lat="39.999389" lon="-121.264003"/>
      <trkpt lat="39.999414" lon="-121.264003"/>
      <trkpt lat="39.999451" lon="-121.263966"/>
      <trkpt lat="39.999482" lon="-121.263945"/>
      <trkpt lat="39.999516" lon="-121.263887"/>
      <trkpt lat="39.999534" lon="-121.263812"/>
      <trkpt lat="39.999496" lon="-121.263336"/>
      <trkpt lat="39.999471" lon="-121.263131"/>
      <trkpt lat="39.999491" lon="-121.262978"/>
      <trkpt lat="39.999541" lon="-121.262763"/>
      <trkpt lat="39.999567" lon="-121.262522"/>
      <trkpt lat="39.999584" lon="-121.262479"/>
      <trkpt lat="39.999607" lon="-121.262464"/>
      <trkpt lat="39.999630" lon="-121.262492"/>
      <trkpt lat="39.999629" lon="-121.262592"/>
      <trkpt lat="39.999620" lon="-121.262785"/>
      <trkpt lat="39.999646" lon="-121.263075"/>
      <trkpt lat="39.999684" lon="-121.263253"/>
      <trkpt lat="39.999782" lon="-121.263513"/>
      <trkpt lat="39.999895" lon="-121.263714"/>
      <trkpt lat="40.000013" lon="-121.263875"/>
      <trkpt lat="40.000099" lon="-121.264008"/>
      <trkpt lat="40.000157" lon="-121.264076"/>
      <trkpt lat="40.000219" lon="-121.264174"/>
      <trkpt lat="40.000246" lon="-121.264193"/>
      <trkpt lat="40.000260" lon="-121.264154"/>
      <trkpt lat="40.000253" lon="-121.264058"/>
      <trkpt lat="40.000232" lon="-121.263982"/>
      <trkpt lat="40.000183" lon="-121.263875"/>
      <trkpt lat="40.000103" lon="-121.263670"/>
      <trkpt lat="40.000041" lon="-121.263541"/>
      <trkpt lat="39.999993" lon="-121.263341"/>
      <trkpt lat="39.999965" lon="-121.263133"/>
      <trkpt lat="39.999968" lon="-121.262927"/>
      <trkpt lat="39.999974" lon="-121.262865"/>
      <trkpt lat="40.000015" lon="-121.262916"/>
      <trkpt lat="40.000021" lon="-121.262994"/>
      <trkpt lat="40.000021" lon="-121.263091"/>
      <trkpt lat="40.000071" lon="-121.263254"/>
      <trkpt lat="40.000145" lon="-121.263388"/>
      <trkpt lat="40.000266" lon="-121.263528"/>
      <trkpt lat="40.000398" lon="-121.263631"/>
      <trkpt lat="40.000476" lon="-121.263729"/>
      <trkpt lat="40.000535" lon="-121.263855"/>
      <trkpt lat="40.000656" lon="-121.264021"/>
      <trkpt lat="40.000746" lon="-121.264117"/>
      <trkpt lat="40.000849" lon="-121.264211"/>
      <trkpt lat="40.000933" lon="-121.264300"/>
      <trkpt lat="40.000978" lon="-121.264375"/>
      <trkpt lat="40.000969" lon="-121.264457"/>
      <trkpt lat="40.000963" lon="-121.264458"/>
      <trkpt lat="40.000941" lon="-121.264524"/>
      <trkpt lat="40.000876" lon="-121.264565"/>
      <trkpt lat="40.000835" lon="-121.264625"/>
      <trkpt lat="40.000874" lon="-121.264633"/>
      <trkpt lat="40.000912" lon="-121.264597"/>
      <trkpt lat="40.000970" lon="-121.264591"/>
      <trkpt lat="40.001063" lon="-121.264614"/>
      <trkpt lat="40.001133" lon="-121.264656"/>
      <trkpt lat="40.001197" lon="-121.264679"/>
      <trkpt lat="40.001285" lon="-121.264673"/>
      <trkpt lat="40.001347" lon="-121.264636"/>
      <trkpt lat="40.001396" lon="-121.264555"/>
      <trkpt lat="40.001405" lon="-121.264493"/>
      <trkpt lat="40.001399" lon="-121.264450"/>
      <trkpt lat="40.001307" lon="-121.264252"/>
      <trkpt lat="40.001276" lon="-121.264218"/>
      <trkpt lat="40.001238" lon="-121.264142"/>
      <trkpt lat="40.001178" lon="-121.264040"/>
      <trkpt lat="40.001123" lon="-121.263976"/>
      <trkpt lat="40.001174" lon="-121.263981"/>
      <trkpt lat="40.001221" lon="-121.264021"/>
      <trkpt lat="40.001283" lon="-121.264058"/>
      <trkpt lat="40.001710" lon="-121.264362"/>
      <trkpt lat="40.001763" lon="-121.264455"/>
      <trkpt lat="40.001766" lon="-121.264504"/>
      <trkpt lat="40.001786" lon="-121.264499"/>
      <trkpt lat="40.001795" lon="-121.264467"/>
      <trkpt lat="40.001793" lon="-121.264421"/>
      <trkpt lat="40.001765" lon="-121.264347"/>
      <trkpt lat="40.001676" lon="-121.264184"/>
      <trkpt lat="40.001543" lon="-121.264034"/>
      <trkpt lat="40.001495" lon="-121.263946"/>
      <trkpt lat="40.001357" lon="-121.263753"/>
      <trkpt lat="40.001626" lon="-121.263914"/>
      <trkpt lat="40.001881" lon="-121.264040"/>
      <trkpt lat="40.002006" lon="-121.264094"/>
      <trkpt lat="40.002199" lon="-121.264306"/>
      <trkpt lat="40.002255" lon="-121.264405"/>
      <trkpt lat="40.002267" lon="-121.264504"/>
      <trkpt lat="40.002271" lon="-121.264577"/>
      <trkpt lat="40.002292" lon="-121.264555"/>
      <trkpt lat="40.002304" lon="-121.264504"/>
      <trkpt lat="40.002314" lon="-121.264381"/>
      <trkpt lat="40.002300" lon="-121.264239"/>
      <trkpt lat="40.002263" lon="-121.264096"/>
      <trkpt lat="40.002199" lon="-121.263968"/>
      <trkpt lat="40.002125" lon="-121.263834"/>
      <trkpt lat="40.002058" lon="-121.263724"/>
      <trkpt lat="40.001807" lon="-121.263480"/>
      <trkpt lat="40.001707" lon="-121.263325"/>
      <trkpt lat="40.001612" lon="-121.263254"/>
      <trkpt lat="40.001529" lon="-121.263158"/>
      <trkpt lat="40.001560" lon="-121.263152"/>
      <trkpt lat="40.001641" lon="-121.263201"/>
      <trkpt lat="40.001727" lon="-121.263235"/>
      <trkpt lat="40.001807" lon="-121.263292"/>
      <trkpt lat="40.001910" lon="-121.263324"/>
      <trkpt lat="40.002146" lon="-121.263367"/>
      <trkpt lat="40.002345" lon="-121.263430"/>
      <trkpt lat="40.002435" lon="-121.263472"/>
      <trkpt lat="40.002495" lon="-121.263514"/>
      <trkpt lat="40.002612" lon="-121.263565"/>
      <trkpt lat="40.002888" lon="-121.263761"/>
      <trkpt lat="40.002939" lon="-121.263842"/>
      <trkpt lat="40.002947" lon="-121.264048"/>
      <trkpt lat="40.002966" lon="-121.264080"/>
      <trkpt lat="40.002988" lon="-121.264011"/>
      <trkpt lat="40.003007" lon="-121.263879"/>
      <trkpt lat="40.003005" lon="-121.263785"/>
      <trkpt lat="40.002984" lon="-121.263697"/>
      <trkpt lat="40.002903" lon="-121.263616"/>
      <trkpt lat="40.002732" lon="-121.263391"/>
      <trkpt lat="40.002669" lon="-121.263261"/>
      <trkpt lat="40.002544" lon="-121.263187"/>
      <trkpt lat="40.002495" lon="-121.263091"/>
      <trkpt lat="40.002230" lon="-121.262876"/>
      <trkpt lat="40.002152" lon="-121.262820"/>
      <trkpt lat="40.002054" lon="-121.262766"/>
      <trkpt lat="40.001910" lon="-121.262624"/>
      <trkpt lat="40.001855" lon="-121.262542"/>
      <trkpt lat="40.001809" lon="-121.262408"/>
      <trkpt lat="40.001813" lon="-121.262179"/>
      <trkpt lat="40.001848" lon="-121.261932"/>
      <trkpt lat="40.001838" lon="-121.261849"/>
      <trkpt lat="40.001799" lon="-121.261795"/>
      <trkpt lat="40.001754" lon="-121.261680"/>
      <trkpt lat="40.001708" lon="-121.261623"/>
      <trkpt lat="40.001653" lon="-121.261457"/>
      <trkpt lat="40.001636" lon="-121.261068"/>
      <trkpt lat="40.001567" lon="-121.260867"/>
      <trkpt lat="40.001507" lon="-121.260733"/>
      <trkpt lat="40.001384" lon="-121.260489"/>
      <trkpt lat="40.001266" lon="-121.260344"/>
      <trkpt lat="40.001160" lon="-121.260256"/>
      <trkpt lat="40.001084" lon="-121.260180"/>
      <trkpt lat="40.000991" lon="-121.260076"/>
      <trkpt lat="40.000979" lon="-121.260025"/>
      <trkpt lat="40.001008" lon="-121.259944"/>
      <trkpt lat="40.001051" lon="-121.259885"/>
      <trkpt lat="40.001320" lon="-121.259368"/>
      <trkpt lat="40.001382" lon="-121.259260"/>
      <trkpt lat="40.001433" lon="-121.259159"/>
      <trkpt lat="40.001449" lon="-121.259196"/>
      <trkpt lat="40.001396" lon="-121.259365"/>
      <trkpt lat="40.001349" lon="-121.259480"/>
      <trkpt lat="40.001303" lon="-121.259617"/>
      <trkpt lat="40.001220" lon="-121.259800"/>
      <trkpt lat="40.001199" lon="-121.259977"/>
      <trkpt lat="40.001437" lon="-121.260121"/>
      <trkpt lat="40.001528" lon="-121.260167"/>
      <trkpt lat="40.001634" lon="-121.260242"/>
      <trkpt lat="40.001727" lon="-121.260392"/>
      <trkpt lat="40.001805" lon="-121.260548"/>
      <trkpt lat="40.001875" lon="-121.260623"/>
      <trkpt lat="40.001901" lon="-121.260693"/>
      <trkpt lat="40.001918" lon="-121.260666"/>
      <trkpt lat="40.001897" lon="-121.260567"/>
      <trkpt lat="40.001866" lon="-121.260493"/>
      <trkpt lat="40.001803" lon="-121.260366"/>
      <trkpt lat="40.001702" lon="-121.260148"/>
      <trkpt lat="40.001417" lon="-121.259880"/>
      <trkpt lat="40.001452" lon="-121.259778"/>
      <trkpt lat="40.001524" lon="-121.259642"/>
      <trkpt lat="40.001649" lon="-121.259448"/>
      <trkpt lat="40.001696" lon="-121.259309"/>
      <trkpt lat="40.001788" lon="-121.258947"/>
      <trkpt lat="40.001883" lon="-121.258665"/>
      <trkpt lat="40.001955" lon="-121.258472"/>
      <trkpt lat="40.002046" lon="-121.258118"/>
      <trkpt lat="40.002086" lon="-121.257868"/>
      <trkpt lat="40.002156" lon="-121.257571"/>
      <trkpt lat="40.002198" lon="-121.257426"/>
      <trkpt lat="40.002206" lon="-121.257200"/>
      <trkpt lat="40.002177" lon="-121.256962"/>
      <trkpt lat="40.002111" lon="-121.256846"/>
      <trkpt lat="40.002080" lon="-121.256726"/>
      <trkpt lat="40.002118" lon="-121.256603"/>
      <trkpt lat="40.002145" lon="-121.256550"/>
      <trkpt lat="40.002210" lon="-121.256474"/>
      <trkpt lat="40.002257" lon="-121.256438"/>
      <trkpt lat="40.002317" lon="-121.256392"/>
      <trkpt lat="40.002378" lon="-121.256368"/>
      <trkpt lat="40.002463" lon="-121.256343"/>
      <trkpt lat="40.002466" lon="-121.256361"/>
      <trkpt lat="40.002457" lon="-121.256381"/>
      <trkpt lat="40.002445" lon="-121.256429"/>
      <trkpt lat="40.002442" lon="-121.256488"/>
      <trkpt lat="40.002431" lon="-121.256570"/>
      <trkpt lat="40.002402" lon="-121.256720"/>
      <trkpt lat="40.002353" lon="-121.256875"/>
      <trkpt lat="40.002362" lon="-121.256930"/>
      <trkpt lat="40.002436" lon="-121.257089"/>
      <trkpt lat="40.002444" lon="-121.257163"/>
      <trkpt lat="40.002443" lon="-121.257219"/>
      <trkpt lat="40.002457" lon="-121.257276"/>
      <trkpt lat="40.002472" lon="-121.257280"/>
      <trkpt lat="40.002501" lon="-121.257233"/>
      <trkpt lat="40.002508" lon="-121.257194"/>
      <trkpt lat="40.002534" lon="-121.257181"/>
      <trkpt lat="40.002574" lon="-121.257188"/>
      <trkpt lat="40.002594" lon="-121.257204"/>
      <trkpt lat="40.002631" lon="-121.257234"/>
      <trkpt lat="40.002729" lon="-121.257265"/>
      <trkpt lat="40.002769" lon="-121.257238"/>
      <trkpt lat="40.002901" lon="-121.257082"/>
      <trkpt lat="40.003003" lon="-121.256912"/>
      <trkpt lat="40.003113" lon="-121.256730"/>
      <trkpt lat="40.003193" lon="-121.256618"/>
      <trkpt lat="40.003340" lon="-121.256435"/>
      <trkpt lat="40.003705" lon="-121.256026"/>
      <trkpt lat="40.003946" lon="-121.255658"/>
      <trkpt lat="40.004162" lon="-121.255326"/>
      <trkpt lat="40.004336" lon="-121.254872"/>
      <trkpt lat="40.004449" lon="-121.254494"/>
      <trkpt lat="40.004640" lon="-121.254146"/>
      <trkpt lat="40.004840" lon="-121.253660"/>
      <trkpt lat="40.005029" lon="-121.253094"/>
      <trkpt lat="40.005186" lon="-121.252731"/>
      <trkpt lat="40.005287" lon="-121.252595"/>
      <trkpt lat="40.005575" lon="-121.252399"/>
    </trkseg>
    <trkseg>
      <trkpt lat="40.005575" lon="-121.252399"/>
      <trkpt lat="40.005727" lon="-121.252070"/>
      <trkpt lat="40.005787" lon="-121.251868"/>
      <trkpt lat="40.005857" lon="-121.251540"/>
      <trkpt lat="40.006022" lon="-121.250810"/>
      <trkpt lat="40.006045" lon="-121.250669"/>
      <trkpt lat="40.006048" lon="-121.250184"/>
      <trkpt lat="40.005992" lon="-121.249792"/>
      <trkpt lat="40.006033" lon="-121.249677"/>
      <trkpt lat="40.006101" lon="-121.249613"/>
      <trkpt lat="40.006399" lon="-121.249467"/>
    </trkseg>
    <trkseg>
      <trkpt lat="40.006399" lon="-121.249467"/>
      <trkpt lat="40.006986" lon="-121.249441"/>
    </trkseg>
  </trk>
</gpx>
