<?xml version="1.0" encoding="UTF-8"?>
<gpx version="1.1" creator="unburnt" xmlns="http://www.topografix.com/GPX/1/1">
  <metadata><name>PCT - Washington Section I</name><copyright author="OpenStreetMap contributors"><license>https://opendatacommons.org/licenses/odbl/</license></copyright></metadata>
  <trk><name>PCT - Washington Section I</name>
    <trkseg>
      <trkpt lat="47.425767" lon="-121.415845"/>
      <trkpt lat="47.425773" lon="-121.415749"/>
      <trkpt lat="47.425884" lon="-121.415739"/>
      <trkpt lat="47.426010" lon="-121.415716"/>
      <trkpt lat="47.426215" lon="-121.415664"/>
      <trkpt lat="47.426392" lon="-121.415602"/>
      <trkpt lat="47.426527" lon="-121.415555"/>
      <trkpt lat="47.426674" lon="-121.415499"/>
      <trkpt lat="47.427129" lon="-121.415303"/>
    </trkseg>
    <trkseg>
      <trkpt lat="47.425833" lon="-121.416433"/>
      <trkpt lat="47.425767" lon="-121.416022"/>
      <trkpt lat="47.425767" lon="-121.415845"/>
    </trkseg>
    <trkseg>
      <trkpt lat="47.426412" lon="-121.417085"/>
      <trkpt lat="47.425833" lon="-121.416433"/>
    </trkseg>
    <trkseg>
      <trkpt lat="47.426164" lon="-121.417603"/>
      <trkpt lat="47.426412" lon="-121.417085"/>
    </trkseg>
    <trkseg>
      <trkpt lat="47.427307" lon="-121.421471"/>
      <trkpt lat="47.427335" lon="-121.421225"/>
      <trkpt lat="47.427354" lon="-121.420991"/>
      <trkpt lat="47.427358" lon="-121.420851"/>
      <trkpt lat="47.427348" lon="-121.420692"/>
      <trkpt lat="47.427135" lon="-121.419381"/>
      <trkpt lat="47.427086" lon="-121.419161"/>
      <trkpt lat="47.427031" lon="-121.418970"/>
      <trkpt lat="47.426955" lon="-121.418770"/>
      <trkpt lat="47.426896" lon="-121.418631"/>
      <trkpt lat="47.426842" lon="-121.418491"/>
      <trkpt lat="47.426718" lon="-121.418263"/>
      <trkpt lat="47.426628" lon="-121.418132"/>
      <trkpt lat="47.426164" lon="-121.417603"/>
    </trkseg>
    <trkseg>
      <trkpt lat="47.390933" lon="-121.441828"/>
      <trkpt lat="47.390983" lon="-121.441568"/>
      <trkpt lat="47.390994" lon="-121.441425"/>
      <trkpt lat="47.390997" lon="-121.441227"/>
      <trkpt lat="47.390981" lon="-121.441103"/>
      <trkpt lat="47.390985" lon="-121.440835"/>
      <trkpt lat="47.390959" lon="-121.440752"/>
      <trkpt lat="47.390996" lon="-121.440658"/>
      <trkpt lat="47.391003" lon="-121.440473"/>
      <trkpt lat="47.391041" lon="-121.440202"/>
      <trkpt lat="47.391037" lon="-121.440033"/>
      <trkpt lat="47.391046" lon="-121.439859"/>
      <trkpt lat="47.391070" lon="-121.439703"/>
      <trkpt lat="47.391112" lon="-121.439567"/>
      <trkpt lat="47.391228" lon="-121.439336"/>
      <trkpt lat="47.391270" lon="-121.439230"/>
      <trkpt lat="47.391308" lon="-121.439164"/>
      <trkpt lat="47.391364" lon="-121.439103"/>
      <trkpt lat="47.391399" lon="-121.439022"/>
      <trkpt lat="47.391468" lon="-121.438818"/>
      <trkpt lat="47.391595" lon="-121.438606"/>
      <trkpt lat="47.391660" lon="-121.438395"/>
      <trkpt lat="47.391684" lon="-121.438346"/>
      <trkpt lat="47.391736" lon="-121.438330"/>
      <trkpt lat="47.391827" lon="-121.438344"/>
      <trkpt lat="47.391888" lon="-121.438389"/>
      <trkpt lat="47.391976" lon="-121.438467"/>
      <trkpt lat="47.392045" lon="-121.438577"/>
      <trkpt lat="47.392087" lon="-121.438652"/>
      <trkpt lat="47.392152" lon="-121.438711"/>
      <trkpt lat="47.392231" lon="-121.438760"/>
      <trkpt lat="47.392463" lon="-121.438936"/>
      <trkpt lat="47.392530" lon="-121.438982"/>
      <trkpt lat="47.392670" lon="-121.439060"/>
      <trkpt lat="47.392777" lon="-121.439108"/>
      <trkpt lat="47.392852" lon="-121.439155"/>
      <trkpt lat="47.392936" lon="-121.439248"/>
      <trkpt lat="47.393253" lon="-121.439357"/>
      <trkpt lat="47.393438" lon="-121.439486"/>
      <trkpt lat="47.393767" lon="-121.439602"/>
      <trkpt lat="47.393886" lon="-121.439714"/>
      <trkpt lat="47.394022" lon="-121.439883"/>
      <trkpt lat="47.394124" lon="-121.439939"/>
      <trkpt lat="47.394251" lon="-121.439982"/>
      <trkpt lat="47.394304" lon="-121.440036"/>
      <trkpt lat="47.394545" lon="-121.440103"/>
      <trkpt lat="47.394618" lon="-121.440111"/>
      <trkpt lat="47.394683" lon="-121.440098"/>
      <trkpt lat="47.394778" lon="-121.440141"/>
      <trkpt lat="47.394854" lon="-121.440205"/>
      <trkpt lat="47.394968" lon="-121.440327"/>
      <trkpt lat="47.395036" lon="-121.440366"/>
      <trkpt lat="47.395150" lon="-121.440379"/>
      <trkpt lat="47.395206" lon="-121.440377"/>
      <trkpt lat="47.395336" lon="-121.440352"/>
      <trkpt lat="47.395486" lon="-121.440334"/>
      <trkpt lat="47.395620" lon="-121.440379"/>
      <trkpt lat="47.395778" lon="-121.440417"/>
      <trkpt lat="47.395904" lon="-121.440438"/>
      <trkpt lat="47.395996" lon="-121.440430"/>
      <trkpt lat="47.396167" lon="-121.440344"/>
      <trkpt lat="47.396243" lon="-121.440326"/>
      <trkpt lat="47.396281" lon="-121.440323"/>
      <trkpt lat="47.396414" lon="-121.440374"/>
      <trkpt lat="47.396544" lon="-121.440369"/>
      <trkpt lat="47.396659" lon="-121.440320"/>
      <trkpt lat="47.396871" lon="-121.440267"/>
      <trkpt lat="47.397291" lon="-121.440189"/>
      <trkpt lat="47.397509" lon="-121.440162"/>
      <trkpt lat="47.397736" lon="-121.440141"/>
      <trkpt lat="47.397964" lon="-121.440149"/>
      <trkpt lat="47.398144" lon="-121.440184"/>
      <trkpt lat="47.398311" lon="-121.440159"/>
      <trkpt lat="47.398442" lon="-121.440090"/>
      <trkpt lat="47.398533" lon="-121.440060"/>
      <trkpt lat="47.398625" lon="-121.440057"/>
      <trkpt lat="47.398732" lon="-121.440044"/>
      <trkpt lat="47.398890" lon="-121.439977"/>
      <trkpt lat="47.399026" lon="-121.439929"/>
      <trkpt lat="47.399230" lon="-121.439905"/>
      <trkpt lat="47.399439" lon="-121.439913"/>
      <trkpt lat="47.399577" lon="-121.439878"/>
      <trkpt lat="47.399733" lon="-121.439827"/>
      <trkpt lat="47.399907" lon="-121.439779"/>
      <trkpt lat="47.400265" lon="-121.439639"/>
      <trkpt lat="47.400483" lon="-121.439588"/>
      <trkpt lat="47.400622" lon="-121.439537"/>
      <trkpt lat="47.401000" lon="-121.439306"/>
      <trkpt lat="47.401176" lon="-121.439186"/>
      <trkpt lat="47.401548" lon="-121.438998"/>
      <trkpt lat="47.401679" lon="-121.438958"/>
      <trkpt lat="47.401857" lon="-121.438934"/>
      <trkpt lat="47.402047" lon="-121.438915"/>
      <trkpt lat="47.402383" lon="-121.438840"/>
      <trkpt lat="47.402570" lon="-121.438743"/>
      <trkpt lat="47.402752" lon="-121.438633"/>
      <trkpt lat="47.402881" lon="-121.438529"/>
      <trkpt lat="47.403041" lon="-121.438365"/>
      <trkpt lat="47.403247" lon="-121.438220"/>
      <trkpt lat="47.403347" lon="-121.438105"/>
      <trkpt lat="47.403516" lon="-121.437783"/>
      <trkpt lat="47.403569" lon="-121.437692"/>
      <trkpt lat="47.403629" lon="-121.437633"/>
      <trkpt lat="47.403897" lon="-121.437416"/>
      <trkpt lat="47.403999" lon="-121.437303"/>
      <trkpt lat="47.404151" lon="-121.437067"/>
      <trkpt lat="47.404299" lon="-121.436721"/>
      <trkpt lat="47.404299" lon="-121.436603"/>
      <trkpt lat="47.404273" lon="-121.436490"/>
      <trkpt lat="47.404282" lon="-121.436351"/>
      <trkpt lat="47.404259" lon="-121.436219"/>
      <trkpt lat="47.404282" lon="-121.436034"/>
      <trkpt lat="47.404349" lon="-121.435841"/>
      <trkpt lat="47.404480" lon="-121.435597"/>
      <trkpt lat="47.404678" lon="-121.435377"/>
      <trkpt lat="47.404817" lon="-121.435245"/>
      <trkpt lat="47.404898" lon="-121.435105"/>
      <trkpt lat="47.405003" lon="-121.434969"/>
      <trkpt lat="47.405223" lon="-121.434783"/>
      <trkpt lat="47.405270" lon="-121.434707"/>
      <trkpt lat="47.405317" lon="-121.434600"/>
      <trkpt lat="47.405409" lon="-121.434513"/>
      <trkpt lat="47.405564" lon="-121.434454"/>
      <trkpt lat="47.405664" lon="-121.434430"/>
      <trkpt lat="47.405765" lon="-121.434414"/>
      <trkpt lat="47.405867" lon="-121.434360"/>
      <trkpt lat="47.406034" lon="-121.434208"/>
      <trkpt lat="47.406257" lon="-121.434017"/>
      <trkpt lat="47.406352" lon="-121.433910"/>
      <trkpt lat="47.406406" lon="-121.433829"/>
      <trkpt lat="47.406472" lon="-121.433682"/>
      <trkpt lat="47.406490" lon="-121.433559"/>
      <trkpt lat="47.406526" lon="-121.433376"/>
      <trkpt lat="47.406568" lon="-121.433288"/>
      <trkpt lat="47.406624" lon="-121.433223"/>
      <trkpt lat="47.406708" lon="-121.433191"/>
      <trkpt lat="47.406851" lon="-121.433175"/>
      <trkpt lat="47.406967" lon="-121.433148"/>
      <trkpt lat="47.407049" lon="-121.433103"/>
      <trkpt lat="47.407138" lon="-121.433003"/>
      <trkpt lat="47.407216" lon="-121.432899"/>
      <trkpt lat="47.407248" lon="-121.432789"/>
      <trkpt lat="47.407258" lon="-121.432622"/>
      <trkpt lat="47.407283" lon="-121.432467"/>
      <trkpt lat="47.407325" lon="-121.432303"/>
      <trkpt lat="47.407401" lon="-121.432081"/>
      <trkpt lat="47.407424" lon="-121.431946"/>
      <trkpt lat="47.407419" lon="-121.431853"/>
      <trkpt lat="47.407388" lon="-121.431541"/>
      <trkpt lat="47.407354" lon="-121.431383"/>
      <trkpt lat="47.407290" lon="-121.431268"/>
      <trkpt lat="47.407296" lon="-121.431179"/>
      <trkpt lat="47.407288" lon="-121.430965"/>
      <trkpt lat="47.407336" lon="-121.430772"/>
      <trkpt lat="47.407365" lon="-121.430683"/>
      <trkpt lat="47.407383" lon="-121.430522"/>
      <trkpt lat="47.407434" lon="-121.430396"/>
      <trkpt lat="47.407479" lon="-121.430235"/>
      <trkpt lat="47.407506" lon="-121.430072"/>
      <trkpt lat="47.407572" lon="-121.429868"/>
      <trkpt lat="47.407642" lon="-121.429715"/>
      <trkpt lat="47.407717" lon="-121.429178"/>
      <trkpt lat="47.407778" lon="-121.429055"/>
      <trkpt lat="47.407873" lon="-121.428964"/>
      <trkpt lat="47.407929" lon="-121.428814"/>
      <trkpt lat="47.407945" lon="-121.428712"/>
      <trkpt lat="47.407940" lon="-121.428583"/>
      <trkpt lat="47.408085" lon="-121.428288"/>
      <trkpt lat="47.408200" lon="-121.428020"/>
      <trkpt lat="47.408321" lon="-121.427869"/>
      <trkpt lat="47.408347" lon="-121.427727"/>
      <trkpt lat="47.408530" lon="-121.427526"/>
      <trkpt lat="47.408586" lon="-121.427451"/>
      <trkpt lat="47.408650" lon="-121.427416"/>
      <trkpt lat="47.408853" lon="-121.427540"/>
      <trkpt lat="47.409169" lon="-121.427470"/>
      <trkpt lat="47.409496" lon="-121.427223"/>
      <trkpt lat="47.409681" lon="-121.427019"/>
      <trkpt lat="47.409815" lon="-121.426772"/>
      <trkpt lat="47.409908" lon="-121.426625"/>
      <trkpt lat="47.410035" lon="-121.426524"/>
      <trkpt lat="47.410149" lon="-121.426526"/>
      <trkpt lat="47.410291" lon="-121.426590"/>
      <trkpt lat="47.410389" lon="-121.426644"/>
      <trkpt lat="47.410868" lon="-121.426697"/>
      <trkpt lat="47.411195" lon="-121.426649"/>
      <trkpt lat="47.411449" lon="-121.426558"/>
      <trkpt lat="47.411761" lon="-121.426402"/>
      <trkpt lat="47.412110" lon="-121.426285"/>
      <trkpt lat="47.412273" lon="-121.426161"/>
      <trkpt lat="47.412425" lon="-121.426059"/>
      <trkpt lat="47.412632" lon="-121.425995"/>
      <trkpt lat="47.412930" lon="-121.425839"/>
      <trkpt lat="47.413064" lon="-121.425812"/>
      <trkpt lat="47.413224" lon="-121.425860"/>
      <trkpt lat="47.413340" lon="-121.425941"/>
      <trkpt lat="47.413551" lon="-121.426198"/>
      <trkpt lat="47.413932" lon="-121.426628"/>
      <trkpt lat="47.414026" lon="-121.426821"/>
      <trkpt lat="47.414367" lon="-121.427218"/>
      <trkpt lat="47.414632" lon="-121.427550"/>
      <trkpt lat="47.414770" lon="-121.427636"/>
      <trkpt lat="47.414916" lon="-121.427658"/>
      <trkpt lat="47.415057" lon="-121.427636"/>
      <trkpt lat="47.415303" lon="-121.427495"/>
      <trkpt lat="47.415449" lon="-121.427389"/>
      <trkpt lat="47.415922" lon="-121.427112"/>
      <trkpt lat="47.415994" lon="-121.426955"/>
      <trkpt lat="47.416030" lon="-121.426783"/>
      <trkpt lat="47.416074" lon="-121.426654"/>
      <trkpt lat="47.416153" lon="-121.426596"/>
      <trkpt lat="47.416308" lon="-121.426543"/>
      <trkpt lat="47.416542" lon="-121.426274"/>
      <trkpt lat="47.416640" lon="-121.426150"/>
      <trkpt lat="47.416818" lon="-121.426054"/>
      <trkpt lat="47.417014" lon="-121.425903"/>
      <trkpt lat="47.417141" lon="-121.425764"/>
      <trkpt lat="47.417210" lon="-121.425624"/>
      <trkpt lat="47.417297" lon="-121.425415"/>
      <trkpt lat="47.417362" lon="-121.425238"/>
      <trkpt lat="47.417395" lon="-121.425131"/>
      <trkpt lat="47.417467" lon="-121.425093"/>
      <trkpt lat="47.417602" lon="-121.425067"/>
      <trkpt lat="47.417758" lon="-121.424986"/>
      <trkpt lat="47.417863" lon="-121.424923"/>
      <trkpt lat="47.417980" lon="-121.424788"/>
      <trkpt lat="47.418070" lon="-121.424656"/>
      <trkpt lat="47.418161" lon="-121.424447"/>
      <trkpt lat="47.418230" lon="-121.424318"/>
      <trkpt lat="47.418320" lon="-121.424131"/>
      <trkpt lat="47.418382" lon="-121.424037"/>
      <trkpt lat="47.418511" lon="-121.423900"/>
      <trkpt lat="47.418602" lon="-121.423787"/>
      <trkpt lat="47.418672" lon="-121.423669"/>
      <trkpt lat="47.418876" lon="-121.423240"/>
      <trkpt lat="47.418939" lon="-121.423092"/>
      <trkpt lat="47.419023" lon="-121.422854"/>
      <trkpt lat="47.419074" lon="-121.422730"/>
      <trkpt lat="47.419117" lon="-121.422685"/>
      <trkpt lat="47.419155" lon="-121.422679"/>
      <trkpt lat="47.419214" lon="-121.422690"/>
      <trkpt lat="47.419400" lon="-121.422777"/>
      <trkpt lat="47.419427" lon="-121.422830"/>
      <trkpt lat="47.419445" lon="-121.422859"/>
      <trkpt lat="47.419477" lon="-121.422848"/>
      <trkpt lat="47.419582" lon="-121.422716"/>
      <trkpt lat="47.419618" lon="-121.422639"/>
      <trkpt lat="47.419636" lon="-121.422611"/>
      <trkpt lat="47.419728" lon="-121.422540"/>
      <trkpt lat="47.419876" lon="-121.422462"/>
      <trkpt lat="47.420175" lon="-121.422253"/>
      <trkpt lat="47.420253" lon="-121.422210"/>
      <trkpt lat="47.420366" lon="-121.422170"/>
      <trkpt lat="47.420524" lon="-121.422038"/>
      <trkpt lat="47.420593" lon="-121.421998"/>
      <trkpt lat="47.420707" lon="-121.421958"/>
      <trkpt lat="47.420769" lon="-121.421942"/>
      <trkpt lat="47.420810" lon="-121.421915"/>
      <trkpt lat="47.420861" lon="-121.421856"/>
      <trkpt lat="47.420925" lon="-121.421808"/>
      <trkpt lat="47.421043" lon="-121.421762"/>
      <trkpt lat="47.421362" lon="-121.421601"/>
      <trkpt lat="47.421661" lon="-121.421397"/>
      <trkpt lat="47.421841" lon="-121.421314"/>
      <trkpt lat="47.421992" lon="-121.421185"/>
      <trkpt lat="47.422157" lon="-121.421070"/>
      <trkpt lat="47.422291" lon="-121.421015"/>
      <trkpt lat="47.422395" lon="-121.420955"/>
      <trkpt lat="47.422537" lon="-121.420913"/>
      <trkpt lat="47.422672" lon="-121.420931"/>
      <trkpt lat="47.422948" lon="-121.420984"/>
      <trkpt lat="47.423148" lon="-121.420990"/>
      <trkpt lat="47.423389" lon="-121.421022"/>
      <trkpt lat="47.423484" lon="-121.421019"/>
      <trkpt lat="47.423551" lon="-121.421049"/>
      <trkpt lat="47.423777" lon="-121.421067"/>
      <trkpt lat="47.423851" lon="-121.421090"/>
      <trkpt lat="47.423946" lon="-121.421110"/>
      <trkpt lat="47.424037" lon="-121.421148"/>
      <trkpt lat="47.424113" lon="-121.421148"/>
      <trkpt lat="47.424255" lon="-121.421110"/>
      <trkpt lat="47.424422" lon="-121.421116"/>
      <trkpt lat="47.424618" lon="-121.421142"/>
      <trkpt lat="47.424701" lon="-121.421191"/>
      <trkpt lat="47.424837" lon="-121.421261"/>
      <trkpt lat="47.424880" lon="-121.421261"/>
      <trkpt lat="47.424945" lon="-121.421215"/>
      <trkpt lat="47.425002" lon="-121.421159"/>
      <trkpt lat="47.425075" lon="-121.421100"/>
      <trkpt lat="47.425139" lon="-121.421059"/>
      <trkpt lat="47.425280" lon="-121.420995"/>
      <trkpt lat="47.425394" lon="-121.420971"/>
      <trkpt lat="47.425607" lon="-121.420978"/>
      <trkpt lat="47.425688" lon="-121.421046"/>
      <trkpt lat="47.425833" lon="-121.421133"/>
      <trkpt lat="47.425902" lon="-121.421205"/>
      <trkpt lat="47.425986" lon="-121.421255"/>
      <trkpt lat="47.426104" lon="-121.421269"/>
      <trkpt lat="47.426191" lon="-121.421336"/>
      <trkpt lat="47.426389" lon="-121.421542"/>
      <trkpt lat="47.426471" lon="-121.421663"/>
      <trkpt lat="47.426543" lon="-121.421810"/>
      <trkpt lat="47.426583" lon="-121.421931"/>
      <trkpt lat="47.426590" lon="-121.422065"/>
      <trkpt lat="47.426617" lon="-121.422194"/>
      <trkpt lat="47.426688" lon="-121.422395"/>
      <trkpt lat="47.426699" lon="-121.422524"/>
      <trkpt lat="47.426732" lon="-121.422669"/>
      <trkpt lat="47.426743" lon="-121.422811"/>
      <trkpt lat="47.426730" lon="-121.422921"/>
      <trkpt lat="47.426768" lon="-121.422921"/>
      <trkpt lat="47.426804" lon="-121.422862"/>
      <trkpt lat="47.426902" lon="-121.422677"/>
      <trkpt lat="47.426951" lon="-121.422564"/>
      <trkpt lat="47.427131" lon="-121.422229"/>
      <trkpt lat="47.427223" lon="-121.422006"/>
      <trkpt lat="47.427307" lon="-121.421471"/>
    </trkseg>
    <trkseg>
      <trkpt lat="47.390140" lon="-121.446333"/>
      <trkpt lat="47.390298" lon="-121.446210"/>
      <trkpt lat="47.390335" lon="-121.446147"/>
      <trkpt lat="47.390363" lon="-121.446086"/>
      <trkpt lat="47.390391" lon="-121.445994"/>
      <trkpt lat="47.390398" lon="-121.445897"/>
      <trkpt lat="47.390391" lon="-121.445777"/>
      <trkpt lat="47.390394" lon="-121.445547"/>
      <trkpt lat="47.390413" lon="-121.445428"/>
      <trkpt lat="47.390440" lon="-121.445345"/>
      <trkpt lat="47.390481" lon="-121.445235"/>
      <trkpt lat="47.390575" lon="-121.445034"/>
      <trkpt lat="47.390662" lon="-121.444894"/>
      <trkpt lat="47.390881" lon="-121.444648"/>
      <trkpt lat="47.390957" lon="-121.444578"/>
      <trkpt lat="47.390988" lon="-121.444505"/>
      <trkpt lat="47.391031" lon="-121.444340"/>
      <trkpt lat="47.391047" lon="-121.444233"/>
      <trkpt lat="47.391051" lon="-121.444157"/>
      <trkpt lat="47.391057" lon="-121.444062"/>
      <trkpt lat="47.391064" lon="-121.443803"/>
      <trkpt lat="47.391056" lon="-121.443658"/>
      <trkpt lat="47.391036" lon="-121.443422"/>
      <trkpt lat="47.390962" lon="-121.442780"/>
      <trkpt lat="47.390948" lon="-121.442627"/>
      <trkpt lat="47.390938" lon="-121.442469"/>
      <trkpt lat="47.390934" lon="-121.442264"/>
      <trkpt lat="47.390938" lon="-121.441899"/>
      <trkpt lat="47.390933" lon="-121.441828"/>
    </trkseg>
    <trkseg>
      <trkpt lat="47.383668" lon="-121.446373"/>
      <trkpt lat="47.383801" lon="-121.446463"/>
      <trkpt lat="47.383873" lon="-121.446481"/>
      <trkpt lat="47.383965" lon="-121.446520"/>
      <trkpt lat="47.383993" lon="-121.446578"/>
      <trkpt lat="47.384035" lon="-121.446626"/>
      <trkpt lat="47.384104" lon="-121.446642"/>
      <trkpt lat="47.384228" lon="-121.446696"/>
      <trkpt lat="47.384435" lon="-121.446793"/>
      <trkpt lat="47.384489" lon="-121.446841"/>
      <trkpt lat="47.384540" lon="-121.446860"/>
      <trkpt lat="47.384594" lon="-121.446860"/>
      <trkpt lat="47.384736" lon="-121.446894"/>
      <trkpt lat="47.384838" lon="-121.446937"/>
      <trkpt lat="47.385252" lon="-121.447002"/>
      <trkpt lat="47.385523" lon="-121.447068"/>
      <trkpt lat="47.385713" lon="-121.447173"/>
      <trkpt lat="47.385831" lon="-121.447216"/>
      <trkpt lat="47.386107" lon="-121.447348"/>
      <trkpt lat="47.386392" lon="-121.447495"/>
      <trkpt lat="47.386518" lon="-121.447581"/>
      <trkpt lat="47.386730" lon="-121.447707"/>
      <trkpt lat="47.387006" lon="-121.447828"/>
      <trkpt lat="47.387177" lon="-121.447879"/>
      <trkpt lat="47.387573" lon="-121.447927"/>
      <trkpt lat="47.387709" lon="-121.447911"/>
      <trkpt lat="47.388076" lon="-121.447774"/>
      <trkpt lat="47.388212" lon="-121.447712"/>
      <trkpt lat="47.388410" lon="-121.447594"/>
      <trkpt lat="47.388555" lon="-121.447495"/>
      <trkpt lat="47.388682" lon="-121.447396"/>
      <trkpt lat="47.388737" lon="-121.447283"/>
      <trkpt lat="47.388780" lon="-121.447211"/>
      <trkpt lat="47.388857" lon="-121.447130"/>
      <trkpt lat="47.388969" lon="-121.446988"/>
      <trkpt lat="47.389073" lon="-121.446822"/>
      <trkpt lat="47.389267" lon="-121.446666"/>
      <trkpt lat="47.389465" lon="-121.446607"/>
      <trkpt lat="47.389597" lon="-121.446532"/>
      <trkpt lat="47.389862" lon="-121.446441"/>
      <trkpt lat="47.390140" lon="-121.446333"/>
    </trkseg>
    <trkseg>
      <trkpt lat="47.380773" lon="-121.445261"/>
      <trkpt lat="47.380928" lon="-121.445207"/>
      <trkpt lat="47.381033" lon="-121.445162"/>
      <trkpt lat="47.381129" lon="-121.445156"/>
      <trkpt lat="47.381218" lon="-121.445167"/>
      <trkpt lat="47.381316" lon="-121.445183"/>
      <trkpt lat="47.381442" lon="-121.445229"/>
      <trkpt lat="47.381567" lon="-121.445352"/>
      <trkpt lat="47.381621" lon="-121.445363"/>
      <trkpt lat="47.381700" lon="-121.445352"/>
      <trkpt lat="47.381814" lon="-121.445323"/>
      <trkpt lat="47.381939" lon="-121.445339"/>
      <trkpt lat="47.382055" lon="-121.445363"/>
      <trkpt lat="47.382179" lon="-121.445438"/>
      <trkpt lat="47.382330" lon="-121.445543"/>
      <trkpt lat="47.382470" lon="-121.445607"/>
      <trkpt lat="47.382658" lon="-121.445733"/>
      <trkpt lat="47.382737" lon="-121.445813"/>
      <trkpt lat="47.383312" lon="-121.446135"/>
      <trkpt lat="47.383390" lon="-121.446159"/>
      <trkpt lat="47.383497" lon="-121.446245"/>
      <trkpt lat="47.383576" lon="-121.446323"/>
      <trkpt lat="47.383668" lon="-121.446373"/>
    </trkseg>
    <trkseg>
      <trkpt lat="47.378082" lon="-121.446760"/>
      <trkpt lat="47.378260" lon="-121.446666"/>
      <trkpt lat="47.378499" lon="-121.446543"/>
      <trkpt lat="47.378665" lon="-121.446497"/>
      <trkpt lat="47.378792" lon="-121.446455"/>
      <trkpt lat="47.379075" lon="-121.446409"/>
      <trkpt lat="47.379260" lon="-121.446393"/>
      <trkpt lat="47.379436" lon="-121.446366"/>
      <trkpt lat="47.379644" lon="-121.446323"/>
      <trkpt lat="47.380005" lon="-121.446294"/>
      <trkpt lat="47.380063" lon="-121.446269"/>
      <trkpt lat="47.380108" lon="-121.446240"/>
      <trkpt lat="47.380123" lon="-121.446213"/>
      <trkpt lat="47.380185" lon="-121.446095"/>
      <trkpt lat="47.380297" lon="-121.445925"/>
      <trkpt lat="47.380313" lon="-121.445840"/>
      <trkpt lat="47.380352" lon="-121.445736"/>
      <trkpt lat="47.380441" lon="-121.445610"/>
      <trkpt lat="47.380468" lon="-121.445577"/>
      <trkpt lat="47.380646" lon="-121.445368"/>
      <trkpt lat="47.380773" lon="-121.445261"/>
    </trkseg>
    <trkseg>
      <trkpt lat="47.373159" lon="-121.446872"/>
      <trkpt lat="47.373213" lon="-121.446838"/>
      <trkpt lat="47.373312" lon="-121.446856"/>
      <trkpt lat="47.373370" lon="-121.446826"/>
      <trkpt lat="47.373418" lon="-121.446817"/>
      <trkpt lat="47.373455" lon="-121.446836"/>
      <trkpt lat="47.373483" lon="-121.446829"/>
      <trkpt lat="47.373561" lon="-121.446762"/>
      <trkpt lat="47.373583" lon="-121.446752"/>
      <trkpt lat="47.373686" lon="-121.446772"/>
      <trkpt lat="47.374125" lon="-121.446752"/>
      <trkpt lat="47.374422" lon="-121.446847"/>
      <trkpt lat="47.374587" lon="-121.447002"/>
      <trkpt lat="47.374681" lon="-121.447106"/>
      <trkpt lat="47.375192" lon="-121.447286"/>
      <trkpt lat="47.375306" lon="-121.447294"/>
      <trkpt lat="47.375545" lon="-121.447327"/>
      <trkpt lat="47.376052" lon="-121.447328"/>
      <trkpt lat="47.376131" lon="-121.447324"/>
      <trkpt lat="47.376218" lon="-121.447278"/>
      <trkpt lat="47.376570" lon="-121.447211"/>
      <trkpt lat="47.376661" lon="-121.447163"/>
      <trkpt lat="47.376747" lon="-121.447125"/>
      <trkpt lat="47.376840" lon="-121.447103"/>
      <trkpt lat="47.377324" lon="-121.447096"/>
      <trkpt lat="47.377401" lon="-121.447055"/>
      <trkpt lat="47.377484" lon="-121.447071"/>
      <trkpt lat="47.377575" lon="-121.447053"/>
      <trkpt lat="47.377684" lon="-121.446953"/>
      <trkpt lat="47.377746" lon="-121.446916"/>
      <trkpt lat="47.377840" lon="-121.446900"/>
      <trkpt lat="47.377993" lon="-121.446800"/>
      <trkpt lat="47.378082" lon="-121.446760"/>
    </trkseg>
    <trkseg>
      <trkpt lat="47.335854" lon="-121.435602"/>
      <trkpt lat="47.335945" lon="-121.435702"/>
      <trkpt lat="47.335993" lon="-121.435797"/>
      <trkpt lat="47.336018" lon="-121.435885"/>
      <trkpt lat="47.336019" lon="-121.435959"/>
      <trkpt lat="47.336029" lon="-121.436043"/>
      <trkpt lat="47.336070" lon="-121.436100"/>
      <trkpt lat="47.336123" lon="-121.436190"/>
      <trkpt lat="47.336157" lon="-121.436270"/>
      <trkpt lat="47.336176" lon="-121.436356"/>
      <trkpt lat="47.336189" lon="-121.436436"/>
      <trkpt lat="47.336160" lon="-121.436626"/>
      <trkpt lat="47.336159" lon="-121.436730"/>
      <trkpt lat="47.336202" lon="-121.436870"/>
      <trkpt lat="47.336271" lon="-121.436946"/>
      <trkpt lat="47.336325" lon="-121.436992"/>
      <trkpt lat="47.336364" lon="-121.437041"/>
      <trkpt lat="47.336403" lon="-121.437119"/>
      <trkpt lat="47.336456" lon="-121.437173"/>
      <trkpt lat="47.336718" lon="-121.437421"/>
      <trkpt lat="47.336767" lon="-121.437432"/>
      <trkpt lat="47.336824" lon="-121.437434"/>
      <trkpt lat="47.336931" lon="-121.437375"/>
      <trkpt lat="47.337164" lon="-121.437292"/>
      <trkpt lat="47.337301" lon="-121.437237"/>
      <trkpt lat="47.337440" lon="-121.437198"/>
      <trkpt lat="47.337487" lon="-121.437174"/>
      <trkpt lat="47.337629" lon="-121.437031"/>
      <trkpt lat="47.337742" lon="-121.436907"/>
      <trkpt lat="47.337816" lon="-121.436811"/>
      <trkpt lat="47.337884" lon="-121.436742"/>
      <trkpt lat="47.337948" lon="-121.436691"/>
      <trkpt lat="47.338028" lon="-121.436662"/>
      <trkpt lat="47.338086" lon="-121.436619"/>
      <trkpt lat="47.338157" lon="-121.436533"/>
      <trkpt lat="47.338342" lon="-121.436255"/>
      <trkpt lat="47.338401" lon="-121.436157"/>
      <trkpt lat="47.338657" lon="-121.435618"/>
      <trkpt lat="47.338693" lon="-121.435497"/>
      <trkpt lat="47.338769" lon="-121.435445"/>
      <trkpt lat="47.338914" lon="-121.435396"/>
      <trkpt lat="47.338992" lon="-121.435335"/>
      <trkpt lat="47.339080" lon="-121.435249"/>
      <trkpt lat="47.339220" lon="-121.434861"/>
      <trkpt lat="47.339278" lon="-121.434763"/>
      <trkpt lat="47.339353" lon="-121.434677"/>
      <trkpt lat="47.339412" lon="-121.434631"/>
      <trkpt lat="47.339571" lon="-121.434570"/>
      <trkpt lat="47.339697" lon="-121.434572"/>
      <trkpt lat="47.339761" lon="-121.434594"/>
      <trkpt lat="47.339804" lon="-121.434637"/>
      <trkpt lat="47.339831" lon="-121.434685"/>
      <trkpt lat="47.339878" lon="-121.434717"/>
      <trkpt lat="47.339959" lon="-121.434755"/>
      <trkpt lat="47.340105" lon="-121.434781"/>
      <trkpt lat="47.340220" lon="-121.434811"/>
      <trkpt lat="47.340271" lon="-121.434835"/>
      <trkpt lat="47.340335" lon="-121.434897"/>
      <trkpt lat="47.340399" lon="-121.434948"/>
      <trkpt lat="47.340483" lon="-121.435095"/>
      <trkpt lat="47.340508" lon="-121.435107"/>
      <trkpt lat="47.340539" lon="-121.435096"/>
      <trkpt lat="47.340630" lon="-121.435030"/>
      <trkpt lat="47.340660" lon="-121.435017"/>
      <trkpt lat="47.340684" lon="-121.435043"/>
      <trkpt lat="47.340694" lon="-121.435080"/>
      <trkpt lat="47.340750" lon="-121.435100"/>
      <trkpt lat="47.340778" lon="-121.435119"/>
      <trkpt lat="47.340811" lon="-121.435105"/>
      <trkpt lat="47.340828" lon="-121.435070"/>
      <trkpt lat="47.340857" lon="-121.435012"/>
      <trkpt lat="47.340998" lon="-121.434838"/>
      <trkpt lat="47.341169" lon="-121.434779"/>
      <trkpt lat="47.341218" lon="-121.434779"/>
      <trkpt lat="47.341267" lon="-121.434800"/>
      <trkpt lat="47.341356" lon="-121.434857"/>
      <trkpt lat="47.341411" lon="-121.434867"/>
      <trkpt lat="47.341486" lon="-121.434848"/>
      <trkpt lat="47.341551" lon="-121.434775"/>
      <trkpt lat="47.341575" lon="-121.434741"/>
      <trkpt lat="47.341600" lon="-121.434739"/>
      <trkpt lat="47.341662" lon="-121.434808"/>
      <trkpt lat="47.341695" lon="-121.434814"/>
      <trkpt lat="47.341744" lon="-121.434792"/>
      <trkpt lat="47.341845" lon="-121.434819"/>
      <trkpt lat="47.341904" lon="-121.434859"/>
      <trkpt lat="47.342049" lon="-121.434921"/>
      <trkpt lat="47.342094" lon="-121.434956"/>
      <trkpt lat="47.342145" lon="-121.435011"/>
      <trkpt lat="47.342164" lon="-121.435080"/>
      <trkpt lat="47.342200" lon="-121.435104"/>
      <trkpt lat="47.342220" lon="-121.435162"/>
      <trkpt lat="47.342258" lon="-121.435225"/>
      <trkpt lat="47.342346" lon="-121.435478"/>
      <trkpt lat="47.342385" lon="-121.435549"/>
      <trkpt lat="47.342487" lon="-121.435704"/>
      <trkpt lat="47.342538" lon="-121.435758"/>
      <trkpt lat="47.342592" lon="-121.435841"/>
      <trkpt lat="47.342661" lon="-121.435986"/>
      <trkpt lat="47.342839" lon="-121.436442"/>
      <trkpt lat="47.342892" lon="-121.436560"/>
      <trkpt lat="47.342928" lon="-121.436611"/>
      <trkpt lat="47.342939" lon="-121.436679"/>
      <trkpt lat="47.342960" lon="-121.436700"/>
      <trkpt lat="47.342986" lon="-121.436703"/>
      <trkpt lat="47.343008" lon="-121.436696"/>
      <trkpt lat="47.343091" lon="-121.436758"/>
      <trkpt lat="47.343179" lon="-121.436783"/>
      <trkpt lat="47.343195" lon="-121.436816"/>
      <trkpt lat="47.343207" lon="-121.436861"/>
      <trkpt lat="47.343210" lon="-121.436941"/>
      <trkpt lat="47.343207" lon="-121.437041"/>
      <trkpt lat="47.343219" lon="-121.437116"/>
      <trkpt lat="47.343247" lon="-121.437212"/>
      <trkpt lat="47.343266" lon="-121.437374"/>
      <trkpt lat="47.343300" lon="-121.437602"/>
      <trkpt lat="47.343299" lon="-121.437666"/>
      <trkpt lat="47.343264" lon="-121.437799"/>
      <trkpt lat="47.343270" lon="-121.437908"/>
      <trkpt lat="47.343259" lon="-121.437960"/>
      <trkpt lat="47.343259" lon="-121.437987"/>
      <trkpt lat="47.343282" lon="-121.437986"/>
      <trkpt lat="47.343299" lon="-121.437958"/>
      <trkpt lat="47.343333" lon="-121.437882"/>
      <trkpt lat="47.343473" lon="-121.437605"/>
      <trkpt lat="47.343512" lon="-121.437490"/>
      <trkpt lat="47.343548" lon="-121.437358"/>
      <trkpt lat="47.343574" lon="-121.437235"/>
      <trkpt lat="47.343583" lon="-121.437123"/>
      <trkpt lat="47.343576" lon="-121.436896"/>
      <trkpt lat="47.343603" lon="-121.436784"/>
      <trkpt lat="47.343621" lon="-121.436735"/>
      <trkpt lat="47.343644" lon="-121.436712"/>
      <trkpt lat="47.343656" lon="-121.436683"/>
      <trkpt lat="47.343752" lon="-121.436667"/>
      <trkpt lat="47.343821" lon="-121.436683"/>
      <trkpt lat="47.343874" lon="-121.436673"/>
      <trkpt lat="47.343964" lon="-121.436619"/>
      <trkpt lat="47.344054" lon="-121.436605"/>
      <trkpt lat="47.344133" lon="-121.436632"/>
      <trkpt lat="47.344188" lon="-121.436662"/>
      <trkpt lat="47.344296" lon="-121.436780"/>
      <trkpt lat="47.344367" lon="-121.436736"/>
      <trkpt lat="47.344439" lon="-121.436699"/>
      <trkpt lat="47.344488" lon="-121.436674"/>
      <trkpt lat="47.344583" lon="-121.436573"/>
      <trkpt lat="47.344704" lon="-121.436412"/>
      <trkpt lat="47.344761" lon="-121.436367"/>
      <trkpt lat="47.344854" lon="-121.436359"/>
      <trkpt lat="47.344940" lon="-121.436360"/>
      <trkpt lat="47.345035" lon="-121.436337"/>
      <trkpt lat="47.345139" lon="-121.436293"/>
      <trkpt lat="47.345188" lon="-121.436282"/>
      <trkpt lat="47.345301" lon="-121.436293"/>
      <trkpt lat="47.345383" lon="-121.436348"/>
      <trkpt lat="47.345495" lon="-121.436412"/>
      <trkpt lat="47.345566" lon="-121.436422"/>
      <trkpt lat="47.345789" lon="-121.436395"/>
      <trkpt lat="47.345911" lon="-121.436428"/>
      <trkpt lat="47.346024" lon="-121.436508"/>
      <trkpt lat="47.346186" lon="-121.436575"/>
      <trkpt lat="47.346274" lon="-121.436636"/>
      <trkpt lat="47.346369" lon="-121.436723"/>
      <trkpt lat="47.346466" lon="-121.436843"/>
      <trkpt lat="47.346553" lon="-121.436994"/>
      <trkpt lat="47.346742" lon="-121.437416"/>
      <trkpt lat="47.346792" lon="-121.437580"/>
      <trkpt lat="47.346795" lon="-121.437798"/>
      <trkpt lat="47.346815" lon="-121.437924"/>
      <trkpt lat="47.346866" lon="-121.438105"/>
      <trkpt lat="47.346921" lon="-121.438230"/>
      <trkpt lat="47.347187" lon="-121.438671"/>
      <trkpt lat="47.347279" lon="-121.438810"/>
      <trkpt lat="47.347341" lon="-121.438952"/>
      <trkpt lat="47.347434" lon="-121.439070"/>
      <trkpt lat="47.347498" lon="-121.439132"/>
      <trkpt lat="47.347570" lon="-121.439135"/>
      <trkpt lat="47.347687" lon="-121.439108"/>
      <trkpt lat="47.347848" lon="-121.439052"/>
      <trkpt lat="47.347910" lon="-121.439027"/>
      <trkpt lat="47.348003" lon="-121.438950"/>
      <trkpt lat="47.348045" lon="-121.438931"/>
      <trkpt lat="47.348139" lon="-121.438939"/>
      <trkpt lat="47.348212" lon="-121.438909"/>
      <trkpt lat="47.348277" lon="-121.438840"/>
      <trkpt lat="47.348390" lon="-121.438781"/>
      <trkpt lat="47.348486" lon="-121.438757"/>
      <trkpt lat="47.348532" lon="-121.438738"/>
      <trkpt lat="47.348575" lon="-121.438703"/>
      <trkpt lat="47.348633" lon="-121.438633"/>
      <trkpt lat="47.348702" lon="-121.438577"/>
      <trkpt lat="47.348753" lon="-121.438547"/>
      <trkpt lat="47.348862" lon="-121.438547"/>
      <trkpt lat="47.348991" lon="-121.438628"/>
      <trkpt lat="47.349082" lon="-121.438810"/>
      <trkpt lat="47.349129" lon="-121.438995"/>
      <trkpt lat="47.349180" lon="-121.439159"/>
      <trkpt lat="47.349237" lon="-121.439247"/>
      <trkpt lat="47.349320" lon="-121.439406"/>
      <trkpt lat="47.349617" lon="-121.439821"/>
      <trkpt lat="47.349666" lon="-121.439918"/>
      <trkpt lat="47.349749" lon="-121.440006"/>
      <trkpt lat="47.349826" lon="-121.440127"/>
      <trkpt lat="47.349818" lon="-121.440138"/>
      <trkpt lat="47.349885" lon="-121.440302"/>
      <trkpt lat="47.349945" lon="-121.440401"/>
      <trkpt lat="47.350018" lon="-121.440487"/>
      <trkpt lat="47.350113" lon="-121.440524"/>
      <trkpt lat="47.350203" lon="-121.440591"/>
      <trkpt lat="47.350333" lon="-121.440672"/>
      <trkpt lat="47.350511" lon="-121.440752"/>
      <trkpt lat="47.350603" lon="-121.440886"/>
      <trkpt lat="47.350681" lon="-121.440959"/>
      <trkpt lat="47.350845" lon="-121.441157"/>
      <trkpt lat="47.350809" lon="-121.441179"/>
      <trkpt lat="47.350700" lon="-121.441141"/>
      <trkpt lat="47.350565" lon="-121.441053"/>
      <trkpt lat="47.350511" lon="-121.441074"/>
      <trkpt lat="47.350405" lon="-121.441152"/>
      <trkpt lat="47.350287" lon="-121.441200"/>
      <trkpt lat="47.350134" lon="-121.441243"/>
      <trkpt lat="47.350085" lon="-121.441214"/>
      <trkpt lat="47.350055" lon="-121.441228"/>
      <trkpt lat="47.350047" lon="-121.441256"/>
      <trkpt lat="47.350142" lon="-121.441356"/>
      <trkpt lat="47.350183" lon="-121.441423"/>
      <trkpt lat="47.350243" lon="-121.441458"/>
      <trkpt lat="47.350309" lon="-121.441468"/>
      <trkpt lat="47.350458" lon="-121.441527"/>
      <trkpt lat="47.350696" lon="-121.441659"/>
      <trkpt lat="47.350816" lon="-121.441745"/>
      <trkpt lat="47.351019" lon="-121.441838"/>
      <trkpt lat="47.351125" lon="-121.441836"/>
      <trkpt lat="47.351261" lon="-121.441804"/>
      <trkpt lat="47.351534" lon="-121.441712"/>
      <trkpt lat="47.351612" lon="-121.441710"/>
      <trkpt lat="47.351664" lon="-121.441766"/>
      <trkpt lat="47.351721" lon="-121.441793"/>
      <trkpt lat="47.351792" lon="-121.441771"/>
      <trkpt lat="47.351850" lon="-121.441761"/>
      <trkpt lat="47.351906" lon="-121.441707"/>
      <trkpt lat="47.351944" lon="-121.441683"/>
      <trkpt lat="47.351950" lon="-121.441728"/>
      <trkpt lat="47.351895" lon="-121.441801"/>
      <trkpt lat="47.351846" lon="-121.441879"/>
      <trkpt lat="47.351699" lon="-121.442367"/>
      <trkpt lat="47.351617" lon="-121.442627"/>
      <trkpt lat="47.351165" lon="-121.443389"/>
      <trkpt lat="47.351098" lon="-121.443531"/>
      <trkpt lat="47.350969" lon="-121.443758"/>
      <trkpt lat="47.350947" lon="-121.443893"/>
      <trkpt lat="47.350970" lon="-121.443965"/>
      <trkpt lat="47.350978" lon="-121.444016"/>
      <trkpt lat="47.350958" lon="-121.444134"/>
      <trkpt lat="47.350974" lon="-121.444193"/>
      <trkpt lat="47.350939" lon="-121.444277"/>
      <trkpt lat="47.350941" lon="-121.444395"/>
      <trkpt lat="47.350963" lon="-121.444521"/>
      <trkpt lat="47.351014" lon="-121.444607"/>
      <trkpt lat="47.351085" lon="-121.444714"/>
      <trkpt lat="47.351110" lon="-121.444783"/>
      <trkpt lat="47.351109" lon="-121.444846"/>
      <trkpt lat="47.351083" lon="-121.444995"/>
      <trkpt lat="47.351096" lon="-121.445116"/>
      <trkpt lat="47.351107" lon="-121.445167"/>
      <trkpt lat="47.351072" lon="-121.445274"/>
      <trkpt lat="47.351034" lon="-121.445459"/>
      <trkpt lat="47.351038" lon="-121.445553"/>
      <trkpt lat="47.351078" lon="-121.445677"/>
      <trkpt lat="47.351070" lon="-121.445996"/>
      <trkpt lat="47.351054" lon="-121.446345"/>
      <trkpt lat="47.351063" lon="-121.446497"/>
      <trkpt lat="47.351098" lon="-121.446634"/>
      <trkpt lat="47.351116" lon="-121.446766"/>
      <trkpt lat="47.351114" lon="-121.446983"/>
      <trkpt lat="47.351079" lon="-121.447125"/>
      <trkpt lat="47.351075" lon="-121.447225"/>
      <trkpt lat="47.351116" lon="-121.447305"/>
      <trkpt lat="47.351154" lon="-121.447471"/>
      <trkpt lat="47.351179" lon="-121.447788"/>
      <trkpt lat="47.351170" lon="-121.447887"/>
      <trkpt lat="47.351128" lon="-121.447983"/>
      <trkpt lat="47.351048" lon="-121.448136"/>
      <trkpt lat="47.351018" lon="-121.448217"/>
      <trkpt lat="47.351014" lon="-121.448356"/>
      <trkpt lat="47.351022" lon="-121.448468"/>
      <trkpt lat="47.351045" lon="-121.448614"/>
      <trkpt lat="47.351138" lon="-121.448904"/>
      <trkpt lat="47.351177" lon="-121.448985"/>
      <trkpt lat="47.351266" lon="-121.449281"/>
      <trkpt lat="47.351306" lon="-121.449386"/>
      <trkpt lat="47.351346" lon="-121.449451"/>
      <trkpt lat="47.351421" lon="-121.449544"/>
      <trkpt lat="47.351494" lon="-121.449705"/>
      <trkpt lat="47.351566" lon="-121.449823"/>
      <trkpt lat="47.351752" lon="-121.450075"/>
      <trkpt lat="47.351777" lon="-121.450157"/>
      <trkpt lat="47.351852" lon="-121.450253"/>
      <trkpt lat="47.351883" lon="-121.450271"/>
      <trkpt lat="47.351966" lon="-121.450226"/>
      <trkpt lat="47.352061" lon="-121.450153"/>
      <trkpt lat="47.352148" lon="-121.450108"/>
      <trkpt lat="47.352215" lon="-121.450113"/>
      <trkpt lat="47.352279" lon="-121.450110"/>
      <trkpt lat="47.352353" lon="-121.450094"/>
      <trkpt lat="47.352449" lon="-121.450022"/>
      <trkpt lat="47.352519" lon="-121.450003"/>
      <trkpt lat="47.352571" lon="-121.450003"/>
      <trkpt lat="47.352597" lon="-121.450035"/>
      <trkpt lat="47.352637" lon="-121.450059"/>
      <trkpt lat="47.352686" lon="-121.450051"/>
      <trkpt lat="47.352729" lon="-121.450062"/>
      <trkpt lat="47.352777" lon="-121.450161"/>
      <trkpt lat="47.352969" lon="-121.450285"/>
      <trkpt lat="47.353015" lon="-121.450285"/>
      <trkpt lat="47.353062" lon="-121.450244"/>
      <trkpt lat="47.353096" lon="-121.450261"/>
      <trkpt lat="47.353138" lon="-121.450304"/>
      <trkpt lat="47.353184" lon="-121.450293"/>
      <trkpt lat="47.353231" lon="-121.450269"/>
      <trkpt lat="47.353264" lon="-121.450298"/>
      <trkpt lat="47.353289" lon="-121.450395"/>
      <trkpt lat="47.353315" lon="-121.450473"/>
      <trkpt lat="47.353380" lon="-121.450542"/>
      <trkpt lat="47.353396" lon="-121.450591"/>
      <trkpt lat="47.353420" lon="-121.450682"/>
      <trkpt lat="47.353422" lon="-121.450915"/>
      <trkpt lat="47.353383" lon="-121.451470"/>
      <trkpt lat="47.353418" lon="-121.451806"/>
      <trkpt lat="47.353405" lon="-121.451883"/>
      <trkpt lat="47.353375" lon="-121.451948"/>
      <trkpt lat="47.353335" lon="-121.451996"/>
      <trkpt lat="47.353311" lon="-121.452052"/>
      <trkpt lat="47.353315" lon="-121.452170"/>
      <trkpt lat="47.353396" lon="-121.452538"/>
      <trkpt lat="47.353402" lon="-121.452610"/>
      <trkpt lat="47.353394" lon="-121.452707"/>
      <trkpt lat="47.353289" lon="-121.453141"/>
      <trkpt lat="47.353249" lon="-121.453222"/>
      <trkpt lat="47.352964" lon="-121.453511"/>
      <trkpt lat="47.352846" lon="-121.453683"/>
      <trkpt lat="47.352771" lon="-121.453763"/>
      <trkpt lat="47.352686" lon="-121.453876"/>
      <trkpt lat="47.352631" lon="-121.454024"/>
      <trkpt lat="47.352606" lon="-121.454112"/>
      <trkpt lat="47.352590" lon="-121.454216"/>
      <trkpt lat="47.352653" lon="-121.454292"/>
      <trkpt lat="47.352693" lon="-121.454330"/>
      <trkpt lat="47.352764" lon="-121.454367"/>
      <trkpt lat="47.352858" lon="-121.454539"/>
      <trkpt lat="47.352907" lon="-121.454670"/>
      <trkpt lat="47.352951" lon="-121.454710"/>
      <trkpt lat="47.353080" lon="-121.454775"/>
      <trkpt lat="47.353186" lon="-121.454788"/>
      <trkpt lat="47.353249" lon="-121.454779"/>
      <trkpt lat="47.353351" lon="-121.454761"/>
      <trkpt lat="47.353558" lon="-121.454791"/>
      <trkpt lat="47.353607" lon="-121.454783"/>
      <trkpt lat="47.353712" lon="-121.454684"/>
      <trkpt lat="47.353801" lon="-121.454656"/>
      <trkpt lat="47.353959" lon="-121.454541"/>
      <trkpt lat="47.354124" lon="-121.454366"/>
      <trkpt lat="47.354215" lon="-121.454329"/>
      <trkpt lat="47.354285" lon="-121.454370"/>
      <trkpt lat="47.354308" lon="-121.454421"/>
      <trkpt lat="47.354319" lon="-121.454506"/>
      <trkpt lat="47.354370" lon="-121.454544"/>
      <trkpt lat="47.354450" lon="-121.454549"/>
      <trkpt lat="47.354505" lon="-121.454520"/>
      <trkpt lat="47.354574" lon="-121.454504"/>
      <trkpt lat="47.354657" lon="-121.454496"/>
      <trkpt lat="47.354743" lon="-121.454558"/>
      <trkpt lat="47.354859" lon="-121.454603"/>
      <trkpt lat="47.354970" lon="-121.454622"/>
      <trkpt lat="47.355101" lon="-121.454619"/>
      <trkpt lat="47.355150" lon="-121.454608"/>
      <trkpt lat="47.355184" lon="-121.454587"/>
      <trkpt lat="47.355230" lon="-121.454587"/>
      <trkpt lat="47.355261" lon="-121.454643"/>
      <trkpt lat="47.355286" lon="-121.454675"/>
      <trkpt lat="47.355342" lon="-121.454700"/>
      <trkpt lat="47.355421" lon="-121.454662"/>
      <trkpt lat="47.355466" lon="-121.454700"/>
      <trkpt lat="47.355548" lon="-121.454815"/>
      <trkpt lat="47.355614" lon="-121.454837"/>
      <trkpt lat="47.355651" lon="-121.454930"/>
      <trkpt lat="47.355689" lon="-121.454979"/>
      <trkpt lat="47.355771" lon="-121.454981"/>
      <trkpt lat="47.355804" lon="-121.455040"/>
      <trkpt lat="47.355875" lon="-121.455069"/>
      <trkpt lat="47.355877" lon="-121.455056"/>
      <trkpt lat="47.355965" lon="-121.454963"/>
      <trkpt lat="47.356015" lon="-121.454944"/>
      <trkpt lat="47.356271" lon="-121.455032"/>
      <trkpt lat="47.356336" lon="-121.454987"/>
      <trkpt lat="47.356402" lon="-121.454965"/>
      <trkpt lat="47.356445" lon="-121.455003"/>
      <trkpt lat="47.356442" lon="-121.455026"/>
      <trkpt lat="47.356403" lon="-121.455067"/>
      <trkpt lat="47.356349" lon="-121.455156"/>
      <trkpt lat="47.356265" lon="-121.455172"/>
      <trkpt lat="47.356213" lon="-121.455231"/>
      <trkpt lat="47.356104" lon="-121.455260"/>
      <trkpt lat="47.356145" lon="-121.455325"/>
      <trkpt lat="47.356211" lon="-121.455309"/>
      <trkpt lat="47.356265" lon="-121.455373"/>
      <trkpt lat="47.356311" lon="-121.455400"/>
      <trkpt lat="47.356360" lon="-121.455394"/>
      <trkpt lat="47.356420" lon="-121.455338"/>
      <trkpt lat="47.356440" lon="-121.455360"/>
      <trkpt lat="47.356431" lon="-121.455410"/>
      <trkpt lat="47.356380" lon="-121.455475"/>
      <trkpt lat="47.356294" lon="-121.455496"/>
      <trkpt lat="47.356240" lon="-121.455488"/>
      <trkpt lat="47.356151" lon="-121.455491"/>
      <trkpt lat="47.356089" lon="-121.455504"/>
      <trkpt lat="47.356047" lon="-121.455534"/>
      <trkpt lat="47.355969" lon="-121.455534"/>
      <trkpt lat="47.355935" lon="-121.455518"/>
      <trkpt lat="47.355927" lon="-121.455550"/>
      <trkpt lat="47.355962" lon="-121.455620"/>
      <trkpt lat="47.356042" lon="-121.455703"/>
      <trkpt lat="47.356187" lon="-121.455772"/>
      <trkpt lat="47.356262" lon="-121.455826"/>
      <trkpt lat="47.356327" lon="-121.455840"/>
      <trkpt lat="47.356429" lon="-121.455818"/>
      <trkpt lat="47.356547" lon="-121.455772"/>
      <trkpt lat="47.356682" lon="-121.455762"/>
      <trkpt lat="47.356738" lon="-121.455714"/>
      <trkpt lat="47.356805" lon="-121.455703"/>
      <trkpt lat="47.357109" lon="-121.455461"/>
      <trkpt lat="47.357185" lon="-121.455435"/>
      <trkpt lat="47.357248" lon="-121.455432"/>
      <trkpt lat="47.357327" lon="-121.455453"/>
      <trkpt lat="47.357414" lon="-121.455435"/>
      <trkpt lat="47.357488" lon="-121.455376"/>
      <trkpt lat="47.357568" lon="-121.455298"/>
      <trkpt lat="47.357635" lon="-121.455193"/>
      <trkpt lat="47.357717" lon="-121.455089"/>
      <trkpt lat="47.357819" lon="-121.454914"/>
      <trkpt lat="47.357926" lon="-121.454769"/>
      <trkpt lat="47.358015" lon="-121.454533"/>
      <trkpt lat="47.358057" lon="-121.454456"/>
      <trkpt lat="47.358104" lon="-121.454337"/>
      <trkpt lat="47.358155" lon="-121.454308"/>
      <trkpt lat="47.358215" lon="-121.454260"/>
      <trkpt lat="47.358266" lon="-121.454193"/>
      <trkpt lat="47.358295" lon="-121.454088"/>
      <trkpt lat="47.358319" lon="-121.453954"/>
      <trkpt lat="47.358375" lon="-121.453812"/>
      <trkpt lat="47.358457" lon="-121.453662"/>
      <trkpt lat="47.358571" lon="-121.453423"/>
      <trkpt lat="47.358666" lon="-121.453259"/>
      <trkpt lat="47.358742" lon="-121.453117"/>
      <trkpt lat="47.358793" lon="-121.452956"/>
      <trkpt lat="47.358833" lon="-121.452878"/>
      <trkpt lat="47.358960" lon="-121.452849"/>
      <trkpt lat="47.359031" lon="-121.452838"/>
      <trkpt lat="47.359082" lon="-121.452760"/>
      <trkpt lat="47.359114" lon="-121.452634"/>
      <trkpt lat="47.359167" lon="-121.452527"/>
      <trkpt lat="47.359229" lon="-121.452433"/>
      <trkpt lat="47.359309" lon="-121.452396"/>
      <trkpt lat="47.359418" lon="-121.452264"/>
      <trkpt lat="47.359465" lon="-121.452251"/>
      <trkpt lat="47.359623" lon="-121.452232"/>
      <trkpt lat="47.359718" lon="-121.452186"/>
      <trkpt lat="47.359874" lon="-121.452133"/>
      <trkpt lat="47.360186" lon="-121.451859"/>
      <trkpt lat="47.360256" lon="-121.451857"/>
      <trkpt lat="47.360292" lon="-121.451859"/>
      <trkpt lat="47.360295" lon="-121.451929"/>
      <trkpt lat="47.360306" lon="-121.451985"/>
      <trkpt lat="47.360324" lon="-121.452033"/>
      <trkpt lat="47.360372" lon="-121.452052"/>
      <trkpt lat="47.360444" lon="-121.452047"/>
      <trkpt lat="47.360510" lon="-121.452050"/>
      <trkpt lat="47.360572" lon="-121.452095"/>
      <trkpt lat="47.360624" lon="-121.452211"/>
      <trkpt lat="47.360675" lon="-121.452240"/>
      <trkpt lat="47.360739" lon="-121.452256"/>
      <trkpt lat="47.360819" lon="-121.452235"/>
      <trkpt lat="47.360970" lon="-121.452264"/>
      <trkpt lat="47.361060" lon="-121.452291"/>
      <trkpt lat="47.361122" lon="-121.452262"/>
      <trkpt lat="47.361247" lon="-121.452176"/>
      <trkpt lat="47.361351" lon="-121.452066"/>
      <trkpt lat="47.361596" lon="-121.451551"/>
      <trkpt lat="47.361615" lon="-121.451476"/>
      <trkpt lat="47.361622" lon="-121.451371"/>
      <trkpt lat="47.361727" lon="-121.451261"/>
      <trkpt lat="47.361807" lon="-121.451186"/>
      <trkpt lat="47.361893" lon="-121.451140"/>
      <trkpt lat="47.361985" lon="-121.451122"/>
      <trkpt lat="47.362088" lon="-121.451125"/>
      <trkpt lat="47.362211" lon="-121.451114"/>
      <trkpt lat="47.362265" lon="-121.451143"/>
      <trkpt lat="47.362316" lon="-121.451213"/>
      <trkpt lat="47.362390" lon="-121.451248"/>
      <trkpt lat="47.362485" lon="-121.451170"/>
      <trkpt lat="47.362614" lon="-121.451127"/>
      <trkpt lat="47.362701" lon="-121.451071"/>
      <trkpt lat="47.362748" lon="-121.451009"/>
      <trkpt lat="47.362888" lon="-121.450874"/>
      <trkpt lat="47.362935" lon="-121.450845"/>
      <trkpt lat="47.363053" lon="-121.450874"/>
      <trkpt lat="47.363077" lon="-121.450861"/>
      <trkpt lat="47.363088" lon="-121.450773"/>
      <trkpt lat="47.363124" lon="-121.450692"/>
      <trkpt lat="47.363326" lon="-121.450534"/>
      <trkpt lat="47.363375" lon="-121.450537"/>
      <trkpt lat="47.363428" lon="-121.450550"/>
      <trkpt lat="47.363511" lon="-121.450483"/>
      <trkpt lat="47.363595" lon="-121.450473"/>
      <trkpt lat="47.363704" lon="-121.450405"/>
      <trkpt lat="47.363815" lon="-121.450365"/>
      <trkpt lat="47.363985" lon="-121.450362"/>
      <trkpt lat="47.364029" lon="-121.450419"/>
      <trkpt lat="47.364060" lon="-121.450419"/>
      <trkpt lat="47.364067" lon="-121.450279"/>
      <trkpt lat="47.364089" lon="-121.450228"/>
      <trkpt lat="47.364122" lon="-121.450199"/>
      <trkpt lat="47.364198" lon="-121.450199"/>
      <trkpt lat="47.364320" lon="-121.450126"/>
      <trkpt lat="47.364358" lon="-121.450046"/>
      <trkpt lat="47.364398" lon="-121.449998"/>
      <trkpt lat="47.364429" lon="-121.449917"/>
      <trkpt lat="47.364521" lon="-121.449842"/>
      <trkpt lat="47.364654" lon="-121.449662"/>
      <trkpt lat="47.364698" lon="-121.449563"/>
      <trkpt lat="47.364736" lon="-121.449499"/>
      <trkpt lat="47.364801" lon="-121.449472"/>
      <trkpt lat="47.364881" lon="-121.449400"/>
      <trkpt lat="47.365119" lon="-121.449228"/>
      <trkpt lat="47.365214" lon="-121.449091"/>
      <trkpt lat="47.365293" lon="-121.448941"/>
      <trkpt lat="47.365364" lon="-121.448844"/>
      <trkpt lat="47.365435" lon="-121.448828"/>
      <trkpt lat="47.365515" lon="-121.448852"/>
      <trkpt lat="47.365571" lon="-121.448847"/>
      <trkpt lat="47.365628" lon="-121.448812"/>
      <trkpt lat="47.365938" lon="-121.448498"/>
      <trkpt lat="47.366073" lon="-121.448391"/>
      <trkpt lat="47.366224" lon="-121.448353"/>
      <trkpt lat="47.366289" lon="-121.448370"/>
      <trkpt lat="47.366360" lon="-121.448321"/>
      <trkpt lat="47.366424" lon="-121.448300"/>
      <trkpt lat="47.366543" lon="-121.448249"/>
      <trkpt lat="47.366731" lon="-121.448206"/>
      <trkpt lat="47.366890" lon="-121.448080"/>
      <trkpt lat="47.367455" lon="-121.447726"/>
      <trkpt lat="47.367839" lon="-121.447543"/>
      <trkpt lat="47.368126" lon="-121.447468"/>
      <trkpt lat="47.368438" lon="-121.447452"/>
      <trkpt lat="47.368634" lon="-121.447452"/>
      <trkpt lat="47.368823" lon="-121.447431"/>
      <trkpt lat="47.369133" lon="-121.447536"/>
      <trkpt lat="47.369437" lon="-121.447667"/>
      <trkpt lat="47.369786" lon="-121.447839"/>
      <trkpt lat="47.370019" lon="-121.447935"/>
      <trkpt lat="47.370273" lon="-121.448026"/>
      <trkpt lat="47.370476" lon="-121.448209"/>
      <trkpt lat="47.370542" lon="-121.448321"/>
      <trkpt lat="47.370553" lon="-121.448472"/>
      <trkpt lat="47.370665" lon="-121.448563"/>
      <trkpt lat="47.370738" lon="-121.448633"/>
      <trkpt lat="47.370825" lon="-121.448649"/>
      <trkpt lat="47.370880" lon="-121.448595"/>
      <trkpt lat="47.370927" lon="-121.448515"/>
      <trkpt lat="47.370979" lon="-121.448442"/>
      <trkpt lat="47.371031" lon="-121.448434"/>
      <trkpt lat="47.371063" lon="-121.448493"/>
      <trkpt lat="47.371106" lon="-121.448517"/>
      <trkpt lat="47.371142" lon="-121.448489"/>
      <trkpt lat="47.371160" lon="-121.448504"/>
      <trkpt lat="47.371203" lon="-121.448569"/>
      <trkpt lat="47.371221" lon="-121.448655"/>
      <trkpt lat="47.371239" lon="-121.448690"/>
      <trkpt lat="47.371274" lon="-121.448685"/>
      <trkpt lat="47.371304" lon="-121.448588"/>
      <trkpt lat="47.371347" lon="-121.448493"/>
      <trkpt lat="47.371411" lon="-121.448464"/>
      <trkpt lat="47.371469" lon="-121.448486"/>
      <trkpt lat="47.371508" lon="-121.448573"/>
      <trkpt lat="47.371507" lon="-121.448654"/>
      <trkpt lat="47.371469" lon="-121.448781"/>
      <trkpt lat="47.371485" lon="-121.448816"/>
      <trkpt lat="47.371520" lon="-121.448839"/>
      <trkpt lat="47.371569" lon="-121.448834"/>
      <trkpt lat="47.371615" lon="-121.448778"/>
      <trkpt lat="47.371649" lon="-121.448717"/>
      <trkpt lat="47.371667" lon="-121.448628"/>
      <trkpt lat="47.371707" lon="-121.448572"/>
      <trkpt lat="47.371756" lon="-121.448577"/>
      <trkpt lat="47.371806" lon="-121.448618"/>
      <trkpt lat="47.371845" lon="-121.448606"/>
      <trkpt lat="47.371889" lon="-121.448567"/>
      <trkpt lat="47.371945" lon="-121.448437"/>
      <trkpt lat="47.372000" lon="-121.448380"/>
      <trkpt lat="47.372098" lon="-121.448312"/>
      <trkpt lat="47.372161" lon="-121.448296"/>
      <trkpt lat="47.372215" lon="-121.448295"/>
      <trkpt lat="47.372246" lon="-121.448282"/>
      <trkpt lat="47.372294" lon="-121.448230"/>
      <trkpt lat="47.372312" lon="-121.448175"/>
      <trkpt lat="47.372344" lon="-121.448021"/>
      <trkpt lat="47.372390" lon="-121.447902"/>
      <trkpt lat="47.372440" lon="-121.447808"/>
      <trkpt lat="47.372477" lon="-121.447772"/>
      <trkpt lat="47.372551" lon="-121.447718"/>
      <trkpt lat="47.372622" lon="-121.447674"/>
      <trkpt lat="47.372670" lon="-121.447655"/>
      <trkpt lat="47.372711" lon="-121.447623"/>
      <trkpt lat="47.372817" lon="-121.447523"/>
      <trkpt lat="47.372877" lon="-121.447485"/>
      <trkpt lat="47.372899" lon="-121.447445"/>
      <trkpt lat="47.372913" lon="-121.447390"/>
      <trkpt lat="47.372920" lon="-121.447209"/>
      <trkpt lat="47.372934" lon="-121.447154"/>
      <trkpt lat="47.372973" lon="-121.447122"/>
      <trkpt lat="47.373075" lon="-121.447065"/>
      <trkpt lat="47.373103" lon="-121.447031"/>
      <trkpt lat="47.373159" lon="-121.446872"/>
    </trkseg>
    <trkseg>
      <trkpt lat="47.335814" lon="-121.435518"/>
      <trkpt lat="47.335854" lon="-121.435602"/>
    </trkseg>
    <trkseg>
      <trkpt lat="47.277114" lon="-121.340823"/>
      <trkpt lat="47.277158" lon="-121.340918"/>
      <trkpt lat="47.277193" lon="-121.340998"/>
      <trkpt lat="47.277207" lon="-121.341044"/>
      <trkpt lat="47.277213" lon="-121.341180"/>
      <trkpt lat="47.277206" lon="-121.341253"/>
      <trkpt lat="47.277184" lon="-121.341336"/>
      <trkpt lat="47.277198" lon="-121.341543"/>
      <trkpt lat="47.277165" lon="-121.341714"/>
      <trkpt lat="47.277107" lon="-121.341910"/>
      <trkpt lat="47.277023" lon="-121.342106"/>
      <trkpt lat="47.276990" lon="-121.342217"/>
      <trkpt lat="47.276958" lon="-121.342524"/>
      <trkpt lat="47.276971" lon="-121.342666"/>
      <trkpt lat="47.277031" lon="-121.342892"/>
      <trkpt lat="47.277060" lon="-121.342978"/>
      <trkpt lat="47.277076" lon="-121.343112"/>
      <trkpt lat="47.277108" lon="-121.343202"/>
      <trkpt lat="47.277186" lon="-121.343300"/>
      <trkpt lat="47.277311" lon="-121.343431"/>
      <trkpt lat="47.277553" lon="-121.343729"/>
      <trkpt lat="47.277611" lon="-121.343772"/>
      <trkpt lat="47.277691" lon="-121.343790"/>
      <trkpt lat="47.277766" lon="-121.343790"/>
      <trkpt lat="47.277828" lon="-121.343823"/>
      <trkpt lat="47.277930" lon="-121.343980"/>
      <trkpt lat="47.277983" lon="-121.344024"/>
      <trkpt lat="47.278046" lon="-121.344061"/>
      <trkpt lat="47.278124" lon="-121.344091"/>
      <trkpt lat="47.278365" lon="-121.344083"/>
      <trkpt lat="47.278445" lon="-121.344072"/>
      <trkpt lat="47.278592" lon="-121.344013"/>
      <trkpt lat="47.278750" lon="-121.343973"/>
      <trkpt lat="47.278889" lon="-121.343903"/>
      <trkpt lat="47.278980" lon="-121.343828"/>
      <trkpt lat="47.279062" lon="-121.343777"/>
      <trkpt lat="47.279133" lon="-121.343774"/>
      <trkpt lat="47.279193" lon="-121.343793"/>
      <trkpt lat="47.279244" lon="-121.343830"/>
      <trkpt lat="47.279333" lon="-121.343967"/>
      <trkpt lat="47.279369" lon="-121.344037"/>
      <trkpt lat="47.279509" lon="-121.344160"/>
      <trkpt lat="47.279695" lon="-121.344312"/>
      <trkpt lat="47.279784" lon="-121.344362"/>
      <trkpt lat="47.279853" lon="-121.344391"/>
      <trkpt lat="47.279946" lon="-121.344399"/>
      <trkpt lat="47.280082" lon="-121.344480"/>
      <trkpt lat="47.280155" lon="-121.344525"/>
      <trkpt lat="47.280204" lon="-121.344595"/>
      <trkpt lat="47.280297" lon="-121.344702"/>
      <trkpt lat="47.280476" lon="-121.344871"/>
      <trkpt lat="47.280619" lon="-121.344949"/>
      <trkpt lat="47.280674" lon="-121.344949"/>
      <trkpt lat="47.280721" lon="-121.344941"/>
      <trkpt lat="47.280768" lon="-121.344909"/>
      <trkpt lat="47.280808" lon="-121.344860"/>
      <trkpt lat="47.280903" lon="-121.344686"/>
      <trkpt lat="47.280945" lon="-121.344571"/>
      <trkpt lat="47.280998" lon="-121.344506"/>
      <trkpt lat="47.281040" lon="-121.344490"/>
      <trkpt lat="47.281083" lon="-121.344504"/>
      <trkpt lat="47.281136" lon="-121.344571"/>
      <trkpt lat="47.281274" lon="-121.344812"/>
      <trkpt lat="47.281332" lon="-121.344879"/>
      <trkpt lat="47.281418" lon="-121.344944"/>
      <trkpt lat="47.281462" lon="-121.345005"/>
      <trkpt lat="47.281480" lon="-121.345115"/>
      <trkpt lat="47.281489" lon="-121.345241"/>
      <trkpt lat="47.281520" lon="-121.345400"/>
      <trkpt lat="47.281538" lon="-121.345534"/>
      <trkpt lat="47.281562" lon="-121.345654"/>
      <trkpt lat="47.281569" lon="-121.345778"/>
      <trkpt lat="47.281565" lon="-121.345885"/>
      <trkpt lat="47.281524" lon="-121.346100"/>
      <trkpt lat="47.281454" lon="-121.346271"/>
      <trkpt lat="47.281387" lon="-121.346403"/>
      <trkpt lat="47.281307" lon="-121.346668"/>
      <trkpt lat="47.281273" lon="-121.346824"/>
      <trkpt lat="47.281236" lon="-121.347030"/>
      <trkpt lat="47.281178" lon="-121.347457"/>
      <trkpt lat="47.281176" lon="-121.347642"/>
      <trkpt lat="47.281180" lon="-121.347787"/>
      <trkpt lat="47.281289" lon="-121.348106"/>
      <trkpt lat="47.281327" lon="-121.348326"/>
      <trkpt lat="47.281351" lon="-121.348489"/>
      <trkpt lat="47.281373" lon="-121.348577"/>
      <trkpt lat="47.281405" lon="-121.348677"/>
      <trkpt lat="47.281467" lon="-121.348814"/>
      <trkpt lat="47.281516" lon="-121.348873"/>
      <trkpt lat="47.281556" lon="-121.348905"/>
      <trkpt lat="47.281918" lon="-121.348903"/>
      <trkpt lat="47.281989" lon="-121.348927"/>
      <trkpt lat="47.282028" lon="-121.348967"/>
      <trkpt lat="47.282117" lon="-121.349160"/>
      <trkpt lat="47.282151" lon="-121.349254"/>
      <trkpt lat="47.282186" lon="-121.349383"/>
      <trkpt lat="47.282208" lon="-121.349533"/>
      <trkpt lat="47.282219" lon="-121.349705"/>
      <trkpt lat="47.282251" lon="-121.349989"/>
      <trkpt lat="47.282299" lon="-121.350147"/>
      <trkpt lat="47.282344" lon="-121.350249"/>
      <trkpt lat="47.282563" lon="-121.350619"/>
      <trkpt lat="47.282619" lon="-121.350684"/>
      <trkpt lat="47.282685" lon="-121.350737"/>
      <trkpt lat="47.282770" lon="-121.350791"/>
      <trkpt lat="47.282832" lon="-121.350836"/>
      <trkpt lat="47.282901" lon="-121.350844"/>
      <trkpt lat="47.283001" lon="-121.350836"/>
      <trkpt lat="47.283056" lon="-121.350858"/>
      <trkpt lat="47.283130" lon="-121.350930"/>
      <trkpt lat="47.283173" lon="-121.351000"/>
      <trkpt lat="47.283274" lon="-121.351234"/>
      <trkpt lat="47.283310" lon="-121.351337"/>
      <trkpt lat="47.283312" lon="-121.351376"/>
      <trkpt lat="47.283190" lon="-121.351601"/>
      <trkpt lat="47.283153" lon="-121.351700"/>
      <trkpt lat="47.283100" lon="-121.351918"/>
      <trkpt lat="47.283097" lon="-121.352059"/>
      <trkpt lat="47.283072" lon="-121.352156"/>
      <trkpt lat="47.282930" lon="-121.352346"/>
      <trkpt lat="47.282892" lon="-121.352430"/>
      <trkpt lat="47.282854" lon="-121.352489"/>
      <trkpt lat="47.282739" lon="-121.352601"/>
      <trkpt lat="47.282647" lon="-121.352683"/>
      <trkpt lat="47.282613" lon="-121.352730"/>
      <trkpt lat="47.282601" lon="-121.352757"/>
      <trkpt lat="47.282617" lon="-121.352795"/>
      <trkpt lat="47.282677" lon="-121.352845"/>
      <trkpt lat="47.282846" lon="-121.352939"/>
      <trkpt lat="47.282925" lon="-121.352945"/>
      <trkpt lat="47.283001" lon="-121.352964"/>
      <trkpt lat="47.283092" lon="-121.352920"/>
      <trkpt lat="47.283161" lon="-121.352880"/>
      <trkpt lat="47.283278" lon="-121.352832"/>
      <trkpt lat="47.283276" lon="-121.352907"/>
      <trkpt lat="47.283247" lon="-121.353049"/>
      <trkpt lat="47.283234" lon="-121.353200"/>
      <trkpt lat="47.283274" lon="-121.354138"/>
      <trkpt lat="47.283261" lon="-121.354299"/>
      <trkpt lat="47.283128" lon="-121.354798"/>
      <trkpt lat="47.283108" lon="-121.354892"/>
      <trkpt lat="47.283112" lon="-121.354970"/>
      <trkpt lat="47.283127" lon="-121.355026"/>
      <trkpt lat="47.283154" lon="-121.355077"/>
      <trkpt lat="47.283203" lon="-121.355112"/>
      <trkpt lat="47.283294" lon="-121.355149"/>
      <trkpt lat="47.283418" lon="-121.355250"/>
      <trkpt lat="47.283618" lon="-121.355479"/>
      <trkpt lat="47.283854" lon="-121.355764"/>
      <trkpt lat="47.284058" lon="-121.355978"/>
      <trkpt lat="47.284313" lon="-121.356391"/>
      <trkpt lat="47.284484" lon="-121.356660"/>
      <trkpt lat="47.285004" lon="-121.357700"/>
      <trkpt lat="47.285063" lon="-121.357872"/>
      <trkpt lat="47.285092" lon="-121.358033"/>
      <trkpt lat="47.285081" lon="-121.358226"/>
      <trkpt lat="47.285044" lon="-121.358371"/>
      <trkpt lat="47.285004" lon="-121.358483"/>
      <trkpt lat="47.284986" lon="-121.358612"/>
      <trkpt lat="47.284993" lon="-121.358757"/>
      <trkpt lat="47.285048" lon="-121.359036"/>
      <trkpt lat="47.285104" lon="-121.359385"/>
      <trkpt lat="47.285141" lon="-121.359503"/>
      <trkpt lat="47.285181" lon="-121.359543"/>
      <trkpt lat="47.285286" lon="-121.359527"/>
      <trkpt lat="47.285434" lon="-121.359487"/>
      <trkpt lat="47.285563" lon="-121.359438"/>
      <trkpt lat="47.285641" lon="-121.359430"/>
      <trkpt lat="47.285823" lon="-121.359543"/>
      <trkpt lat="47.285914" lon="-121.359586"/>
      <trkpt lat="47.286202" lon="-121.359650"/>
      <trkpt lat="47.286464" lon="-121.359803"/>
      <trkpt lat="47.286695" lon="-121.359921"/>
      <trkpt lat="47.286871" lon="-121.360031"/>
      <trkpt lat="47.287026" lon="-121.360170"/>
      <trkpt lat="47.287131" lon="-121.360208"/>
      <trkpt lat="47.287227" lon="-121.360290"/>
      <trkpt lat="47.287290" lon="-121.360382"/>
      <trkpt lat="47.287330" lon="-121.360490"/>
      <trkpt lat="47.287370" lon="-121.360643"/>
      <trkpt lat="47.287415" lon="-121.360769"/>
      <trkpt lat="47.287468" lon="-121.360868"/>
      <trkpt lat="47.287526" lon="-121.360954"/>
      <trkpt lat="47.287601" lon="-121.361005"/>
      <trkpt lat="47.287692" lon="-121.361042"/>
      <trkpt lat="47.287772" lon="-121.361058"/>
      <trkpt lat="47.288085" lon="-121.361050"/>
      <trkpt lat="47.288252" lon="-121.361056"/>
      <trkpt lat="47.288352" lon="-121.361053"/>
      <trkpt lat="47.288438" lon="-121.361040"/>
      <trkpt lat="47.288519" lon="-121.361005"/>
      <trkpt lat="47.288687" lon="-121.360868"/>
      <trkpt lat="47.288785" lon="-121.360758"/>
      <trkpt lat="47.288874" lon="-121.360669"/>
      <trkpt lat="47.288940" lon="-121.360626"/>
      <trkpt lat="47.288983" lon="-121.360626"/>
      <trkpt lat="47.289042" lon="-121.360656"/>
      <trkpt lat="47.289113" lon="-121.360704"/>
      <trkpt lat="47.289191" lon="-121.360790"/>
      <trkpt lat="47.289396" lon="-121.361203"/>
      <trkpt lat="47.289449" lon="-121.361332"/>
      <trkpt lat="47.289530" lon="-121.361433"/>
      <trkpt lat="47.289530" lon="-121.361461"/>
      <trkpt lat="47.289517" lon="-121.361487"/>
      <trkpt lat="47.289366" lon="-121.361462"/>
      <trkpt lat="47.289316" lon="-121.361471"/>
      <trkpt lat="47.289247" lon="-121.361545"/>
      <trkpt lat="47.289163" lon="-121.361607"/>
      <trkpt lat="47.289102" lon="-121.361688"/>
      <trkpt lat="47.289052" lon="-121.361787"/>
      <trkpt lat="47.289025" lon="-121.361880"/>
      <trkpt lat="47.289015" lon="-121.362052"/>
      <trkpt lat="47.289011" lon="-121.362361"/>
      <trkpt lat="47.289038" lon="-121.362503"/>
      <trkpt lat="47.289104" lon="-121.362681"/>
      <trkpt lat="47.289133" lon="-121.362827"/>
      <trkpt lat="47.289148" lon="-121.362937"/>
      <trkpt lat="47.289199" lon="-121.363108"/>
      <trkpt lat="47.289237" lon="-121.363209"/>
      <trkpt lat="47.289356" lon="-121.363427"/>
      <trkpt lat="47.289473" lon="-121.363574"/>
      <trkpt lat="47.289518" lon="-121.363668"/>
      <trkpt lat="47.289555" lon="-121.363808"/>
      <trkpt lat="47.289577" lon="-121.363987"/>
      <trkpt lat="47.289607" lon="-121.364121"/>
      <trkpt lat="47.289771" lon="-121.364502"/>
      <trkpt lat="47.289839" lon="-121.364647"/>
      <trkpt lat="47.289889" lon="-121.364773"/>
      <trkpt lat="47.289959" lon="-121.364905"/>
      <trkpt lat="47.290031" lon="-121.365058"/>
      <trkpt lat="47.290050" lon="-121.365149"/>
      <trkpt lat="47.290053" lon="-121.365210"/>
      <trkpt lat="47.290079" lon="-121.365272"/>
      <trkpt lat="47.290135" lon="-121.365315"/>
      <trkpt lat="47.290293" lon="-121.365310"/>
      <trkpt lat="47.290364" lon="-121.365278"/>
      <trkpt lat="47.290402" lon="-121.365296"/>
      <trkpt lat="47.290384" lon="-121.365355"/>
      <trkpt lat="47.290363" lon="-121.365487"/>
      <trkpt lat="47.290361" lon="-121.365629"/>
      <trkpt lat="47.290355" lon="-121.365733"/>
      <trkpt lat="47.290313" lon="-121.365894"/>
      <trkpt lat="47.290242" lon="-121.366109"/>
      <trkpt lat="47.290188" lon="-121.366216"/>
      <trkpt lat="47.290157" lon="-121.366340"/>
      <trkpt lat="47.290137" lon="-121.366474"/>
      <trkpt lat="47.290135" lon="-121.366726"/>
      <trkpt lat="47.290119" lon="-121.366831"/>
      <trkpt lat="47.290117" lon="-121.366943"/>
      <trkpt lat="47.290131" lon="-121.367085"/>
      <trkpt lat="47.290168" lon="-121.367308"/>
      <trkpt lat="47.290219" lon="-121.367517"/>
      <trkpt lat="47.290268" lon="-121.367694"/>
      <trkpt lat="47.290312" lon="-121.367938"/>
      <trkpt lat="47.290372" lon="-121.368180"/>
      <trkpt lat="47.290417" lon="-121.368335"/>
      <trkpt lat="47.290497" lon="-121.368571"/>
      <trkpt lat="47.290523" lon="-121.368668"/>
      <trkpt lat="47.290604" lon="-121.368904"/>
      <trkpt lat="47.290670" lon="-121.368982"/>
      <trkpt lat="47.290734" lon="-121.369086"/>
      <trkpt lat="47.290783" lon="-121.369210"/>
      <trkpt lat="47.290837" lon="-121.369301"/>
      <trkpt lat="47.291121" lon="-121.369711"/>
      <trkpt lat="47.291319" lon="-121.369966"/>
      <trkpt lat="47.291418" lon="-121.370114"/>
      <trkpt lat="47.291476" lon="-121.370178"/>
      <trkpt lat="47.291503" lon="-121.370223"/>
      <trkpt lat="47.291512" lon="-121.370272"/>
      <trkpt lat="47.291496" lon="-121.370320"/>
      <trkpt lat="47.291462" lon="-121.370394"/>
      <trkpt lat="47.291485" lon="-121.370473"/>
      <trkpt lat="47.291514" lon="-121.370497"/>
      <trkpt lat="47.291561" lon="-121.370738"/>
      <trkpt lat="47.291607" lon="-121.370910"/>
      <trkpt lat="47.291620" lon="-121.371109"/>
      <trkpt lat="47.291661" lon="-121.371387"/>
      <trkpt lat="47.291658" lon="-121.371650"/>
      <trkpt lat="47.291645" lon="-121.371886"/>
      <trkpt lat="47.291643" lon="-121.372096"/>
      <trkpt lat="47.291645" lon="-121.372267"/>
      <trkpt lat="47.291654" lon="-121.372455"/>
      <trkpt lat="47.291660" lon="-121.372686"/>
      <trkpt lat="47.291649" lon="-121.372868"/>
      <trkpt lat="47.291601" lon="-121.373029"/>
      <trkpt lat="47.291550" lon="-121.373147"/>
      <trkpt lat="47.291243" lon="-121.373560"/>
      <trkpt lat="47.291156" lon="-121.373686"/>
      <trkpt lat="47.290981" lon="-121.374091"/>
      <trkpt lat="47.290792" lon="-121.374432"/>
      <trkpt lat="47.290703" lon="-121.374579"/>
      <trkpt lat="47.290609" lon="-121.374758"/>
      <trkpt lat="47.290563" lon="-121.374888"/>
      <trkpt lat="47.290488" lon="-121.375003"/>
      <trkpt lat="47.290402" lon="-121.375108"/>
      <trkpt lat="47.290299" lon="-121.375196"/>
      <trkpt lat="47.290222" lon="-121.375285"/>
      <trkpt lat="47.290126" lon="-121.375440"/>
      <trkpt lat="47.289882" lon="-121.375722"/>
      <trkpt lat="47.289640" lon="-121.375945"/>
      <trkpt lat="47.289485" lon="-121.376039"/>
      <trkpt lat="47.289386" lon="-121.376124"/>
      <trkpt lat="47.289229" lon="-121.376299"/>
      <trkpt lat="47.289047" lon="-121.376543"/>
      <trkpt lat="47.288858" lon="-121.376865"/>
      <trkpt lat="47.288770" lon="-121.376959"/>
      <trkpt lat="47.288623" lon="-121.377042"/>
      <trkpt lat="47.288496" lon="-121.377095"/>
      <trkpt lat="47.288359" lon="-121.377122"/>
      <trkpt lat="47.288130" lon="-121.377125"/>
      <trkpt lat="47.287985" lon="-121.377066"/>
      <trkpt lat="47.287919" lon="-121.377023"/>
      <trkpt lat="47.287821" lon="-121.376905"/>
      <trkpt lat="47.287653" lon="-121.376835"/>
      <trkpt lat="47.287506" lon="-121.376860"/>
      <trkpt lat="47.287426" lon="-121.376935"/>
      <trkpt lat="47.287360" lon="-121.376980"/>
      <trkpt lat="47.287263" lon="-121.377030"/>
      <trkpt lat="47.287211" lon="-121.377130"/>
      <trkpt lat="47.287146" lon="-121.377243"/>
      <trkpt lat="47.287102" lon="-121.377355"/>
      <trkpt lat="47.287082" lon="-121.377463"/>
      <trkpt lat="47.287093" lon="-121.377651"/>
      <trkpt lat="47.287089" lon="-121.377742"/>
      <trkpt lat="47.287078" lon="-121.377825"/>
      <trkpt lat="47.287039" lon="-121.377841"/>
      <trkpt lat="47.286980" lon="-121.377892"/>
      <trkpt lat="47.286929" lon="-121.377972"/>
      <trkpt lat="47.286886" lon="-121.378101"/>
      <trkpt lat="47.286842" lon="-121.378251"/>
      <trkpt lat="47.286815" lon="-121.378324"/>
      <trkpt lat="47.286753" lon="-121.378372"/>
      <trkpt lat="47.286656" lon="-121.378399"/>
      <trkpt lat="47.286573" lon="-121.378410"/>
      <trkpt lat="47.286544" lon="-121.378428"/>
      <trkpt lat="47.286540" lon="-121.378490"/>
      <trkpt lat="47.286582" lon="-121.378576"/>
      <trkpt lat="47.286707" lon="-121.378785"/>
      <trkpt lat="47.286726" lon="-121.378874"/>
      <trkpt lat="47.286715" lon="-121.378951"/>
      <trkpt lat="47.286709" lon="-121.379021"/>
      <trkpt lat="47.286751" lon="-121.379088"/>
      <trkpt lat="47.286800" lon="-121.379128"/>
      <trkpt lat="47.286891" lon="-121.379120"/>
      <trkpt lat="47.286931" lon="-121.379139"/>
      <trkpt lat="47.286897" lon="-121.379193"/>
      <trkpt lat="47.286824" lon="-121.379249"/>
      <trkpt lat="47.286737" lon="-121.379292"/>
      <trkpt lat="47.286598" lon="-121.379373"/>
      <trkpt lat="47.286558" lon="-121.379410"/>
      <trkpt lat="47.286560" lon="-121.379464"/>
      <trkpt lat="47.286602" lon="-121.379528"/>
      <trkpt lat="47.286658" lon="-121.379579"/>
      <trkpt lat="47.286715" lon="-121.379617"/>
      <trkpt lat="47.286858" lon="-121.379635"/>
      <trkpt lat="47.286882" lon="-121.379662"/>
      <trkpt lat="47.286875" lon="-121.379724"/>
      <trkpt lat="47.286804" lon="-121.379901"/>
      <trkpt lat="47.286733" lon="-121.379993"/>
      <trkpt lat="47.286685" lon="-121.380027"/>
      <trkpt lat="47.286620" lon="-121.380065"/>
      <trkpt lat="47.286456" lon="-121.379989"/>
      <trkpt lat="47.286414" lon="-121.380000"/>
      <trkpt lat="47.286362" lon="-121.380051"/>
      <trkpt lat="47.286320" lon="-121.380126"/>
      <trkpt lat="47.286291" lon="-121.380212"/>
      <trkpt lat="47.286263" lon="-121.380325"/>
      <trkpt lat="47.286253" lon="-121.380451"/>
      <trkpt lat="47.286256" lon="-121.380579"/>
      <trkpt lat="47.286289" lon="-121.380663"/>
      <trkpt lat="47.286394" lon="-121.380815"/>
      <trkpt lat="47.286438" lon="-121.380944"/>
      <trkpt lat="47.286496" lon="-121.381060"/>
      <trkpt lat="47.286551" lon="-121.381186"/>
      <trkpt lat="47.286669" lon="-121.381636"/>
      <trkpt lat="47.286711" lon="-121.381851"/>
      <trkpt lat="47.286778" lon="-121.382143"/>
      <trkpt lat="47.286862" lon="-121.382473"/>
      <trkpt lat="47.286886" lon="-121.382688"/>
      <trkpt lat="47.286886" lon="-121.382870"/>
      <trkpt lat="47.286877" lon="-121.383015"/>
      <trkpt lat="47.286858" lon="-121.383187"/>
      <trkpt lat="47.286836" lon="-121.383318"/>
      <trkpt lat="47.286822" lon="-121.383460"/>
      <trkpt lat="47.286849" lon="-121.383680"/>
      <trkpt lat="47.286877" lon="-121.384183"/>
      <trkpt lat="47.286906" lon="-121.384399"/>
      <trkpt lat="47.286911" lon="-121.384648"/>
      <trkpt lat="47.286935" lon="-121.385212"/>
      <trkpt lat="47.286942" lon="-121.385469"/>
      <trkpt lat="47.286927" lon="-121.385582"/>
      <trkpt lat="47.286931" lon="-121.385638"/>
      <trkpt lat="47.286969" lon="-121.385638"/>
      <trkpt lat="47.287013" lon="-121.385627"/>
      <trkpt lat="47.287088" lon="-121.385673"/>
      <trkpt lat="47.287146" lon="-121.385762"/>
      <trkpt lat="47.287211" lon="-121.385845"/>
      <trkpt lat="47.287277" lon="-121.385906"/>
      <trkpt lat="47.287386" lon="-121.385971"/>
      <trkpt lat="47.287555" lon="-121.386024"/>
      <trkpt lat="47.287679" lon="-121.386094"/>
      <trkpt lat="47.287775" lon="-121.386172"/>
      <trkpt lat="47.287835" lon="-121.386191"/>
      <trkpt lat="47.287857" lon="-121.386172"/>
      <trkpt lat="47.287884" lon="-121.386100"/>
      <trkpt lat="47.287914" lon="-121.386049"/>
      <trkpt lat="47.287977" lon="-121.386030"/>
      <trkpt lat="47.288034" lon="-121.386051"/>
      <trkpt lat="47.288172" lon="-121.386124"/>
      <trkpt lat="47.288296" lon="-121.386180"/>
      <trkpt lat="47.288507" lon="-121.386228"/>
      <trkpt lat="47.288734" lon="-121.386303"/>
      <trkpt lat="47.288849" lon="-121.386322"/>
      <trkpt lat="47.288933" lon="-121.386325"/>
      <trkpt lat="47.289043" lon="-121.386298"/>
      <trkpt lat="47.289140" lon="-121.386244"/>
      <trkpt lat="47.289227" lon="-121.386239"/>
      <trkpt lat="47.289344" lon="-121.386247"/>
      <trkpt lat="47.289469" lon="-121.386287"/>
      <trkpt lat="47.289575" lon="-121.386349"/>
      <trkpt lat="47.289768" lon="-121.386507"/>
      <trkpt lat="47.289913" lon="-121.386598"/>
      <trkpt lat="47.290062" lon="-121.386700"/>
      <trkpt lat="47.290193" lon="-121.386810"/>
      <trkpt lat="47.290375" lon="-121.387006"/>
      <trkpt lat="47.290554" lon="-121.387242"/>
      <trkpt lat="47.290670" lon="-121.387424"/>
      <trkpt lat="47.290799" lon="-121.387650"/>
      <trkpt lat="47.290866" lon="-121.387808"/>
      <trkpt lat="47.290963" lon="-121.388084"/>
      <trkpt lat="47.291065" lon="-121.388331"/>
      <trkpt lat="47.291105" lon="-121.388500"/>
      <trkpt lat="47.291121" lon="-121.388728"/>
      <trkpt lat="47.291117" lon="-121.389098"/>
      <trkpt lat="47.291168" lon="-121.389273"/>
      <trkpt lat="47.291203" lon="-121.389474"/>
      <trkpt lat="47.291263" lon="-121.389731"/>
      <trkpt lat="47.291405" lon="-121.390552"/>
      <trkpt lat="47.291427" lon="-121.390737"/>
      <trkpt lat="47.291425" lon="-121.390893"/>
      <trkpt lat="47.291438" lon="-121.391083"/>
      <trkpt lat="47.291485" lon="-121.391314"/>
      <trkpt lat="47.291503" lon="-121.391456"/>
      <trkpt lat="47.291643" lon="-121.391971"/>
      <trkpt lat="47.291700" lon="-121.392199"/>
      <trkpt lat="47.291712" lon="-121.392373"/>
      <trkpt lat="47.291769" lon="-121.392708"/>
      <trkpt lat="47.291803" lon="-121.392885"/>
      <trkpt lat="47.291840" lon="-121.392998"/>
      <trkpt lat="47.291891" lon="-121.393103"/>
      <trkpt lat="47.292000" lon="-121.393213"/>
      <trkpt lat="47.292100" lon="-121.393323"/>
      <trkpt lat="47.292205" lon="-121.393374"/>
      <trkpt lat="47.292313" lon="-121.393438"/>
      <trkpt lat="47.292535" lon="-121.393588"/>
      <trkpt lat="47.292678" lon="-121.393736"/>
      <trkpt lat="47.292795" lon="-121.393830"/>
      <trkpt lat="47.293162" lon="-121.394162"/>
      <trkpt lat="47.293321" lon="-121.394323"/>
      <trkpt lat="47.293446" lon="-121.394516"/>
      <trkpt lat="47.293537" lon="-121.394683"/>
      <trkpt lat="47.293597" lon="-121.394860"/>
      <trkpt lat="47.293655" lon="-121.395133"/>
      <trkpt lat="47.293695" lon="-121.395275"/>
      <trkpt lat="47.293703" lon="-121.395477"/>
      <trkpt lat="47.293697" lon="-121.395908"/>
      <trkpt lat="47.293675" lon="-121.396088"/>
      <trkpt lat="47.293632" lon="-121.396278"/>
      <trkpt lat="47.293606" lon="-121.396587"/>
      <trkpt lat="47.293559" lon="-121.396890"/>
      <trkpt lat="47.293488" lon="-121.397177"/>
      <trkpt lat="47.293435" lon="-121.397300"/>
      <trkpt lat="47.293386" lon="-121.397375"/>
      <trkpt lat="47.292994" lon="-121.397669"/>
      <trkpt lat="47.292894" lon="-121.397708"/>
      <trkpt lat="47.292852" lon="-121.397767"/>
      <trkpt lat="47.292891" lon="-121.397842"/>
      <trkpt lat="47.292991" lon="-121.397850"/>
      <trkpt lat="47.293060" lon="-121.397874"/>
      <trkpt lat="47.293164" lon="-121.397933"/>
      <trkpt lat="47.293262" lon="-121.397974"/>
      <trkpt lat="47.293370" lon="-121.397992"/>
      <trkpt lat="47.293441" lon="-121.398011"/>
      <trkpt lat="47.293464" lon="-121.398033"/>
      <trkpt lat="47.293477" lon="-121.398086"/>
      <trkpt lat="47.293437" lon="-121.398223"/>
      <trkpt lat="47.293395" lon="-121.398387"/>
      <trkpt lat="47.293351" lon="-121.398507"/>
      <trkpt lat="47.293303" lon="-121.398575"/>
      <trkpt lat="47.293261" lon="-121.398647"/>
      <trkpt lat="47.293186" lon="-121.398735"/>
      <trkpt lat="47.292994" lon="-121.398872"/>
      <trkpt lat="47.292927" lon="-121.398936"/>
      <trkpt lat="47.292855" lon="-121.398993"/>
      <trkpt lat="47.292784" lon="-121.399028"/>
      <trkpt lat="47.292706" lon="-121.399049"/>
      <trkpt lat="47.292557" lon="-121.399058"/>
      <trkpt lat="47.292504" lon="-121.399113"/>
      <trkpt lat="47.292392" lon="-121.399159"/>
      <trkpt lat="47.292355" lon="-121.399240"/>
      <trkpt lat="47.292307" lon="-121.399292"/>
      <trkpt lat="47.292265" lon="-121.399395"/>
      <trkpt lat="47.292122" lon="-121.399508"/>
      <trkpt lat="47.292078" lon="-121.399572"/>
      <trkpt lat="47.292068" lon="-121.399624"/>
      <trkpt lat="47.292026" lon="-121.399692"/>
      <trkpt lat="47.291977" lon="-121.399700"/>
      <trkpt lat="47.291942" lon="-121.399716"/>
      <trkpt lat="47.291940" lon="-121.399744"/>
      <trkpt lat="47.291962" lon="-121.399854"/>
      <trkpt lat="47.291965" lon="-121.399897"/>
      <trkpt lat="47.291958" lon="-121.400079"/>
      <trkpt lat="47.291947" lon="-121.400165"/>
      <trkpt lat="47.291878" lon="-121.400264"/>
      <trkpt lat="47.291868" lon="-121.400308"/>
      <trkpt lat="47.291862" lon="-121.400580"/>
      <trkpt lat="47.291852" lon="-121.400669"/>
      <trkpt lat="47.291813" lon="-121.400781"/>
      <trkpt lat="47.291778" lon="-121.400841"/>
      <trkpt lat="47.291740" lon="-121.400892"/>
      <trkpt lat="47.291683" lon="-121.400927"/>
      <trkpt lat="47.291579" lon="-121.401019"/>
      <trkpt lat="47.291541" lon="-121.401096"/>
      <trkpt lat="47.291478" lon="-121.401190"/>
      <trkpt lat="47.291383" lon="-121.401257"/>
      <trkpt lat="47.291298" lon="-121.401305"/>
      <trkpt lat="47.291227" lon="-121.401369"/>
      <trkpt lat="47.291161" lon="-121.401498"/>
      <trkpt lat="47.291105" lon="-121.401705"/>
      <trkpt lat="47.291050" lon="-121.401836"/>
      <trkpt lat="47.290999" lon="-121.401916"/>
      <trkpt lat="47.290901" lon="-121.401970"/>
      <trkpt lat="47.290774" lon="-121.401986"/>
      <trkpt lat="47.290683" lon="-121.402008"/>
      <trkpt lat="47.290601" lon="-121.402091"/>
      <trkpt lat="47.290501" lon="-121.402254"/>
      <trkpt lat="47.290424" lon="-121.402340"/>
      <trkpt lat="47.290330" lon="-121.402437"/>
      <trkpt lat="47.290257" lon="-121.402547"/>
      <trkpt lat="47.290217" lon="-121.402646"/>
      <trkpt lat="47.290177" lon="-121.402799"/>
      <trkpt lat="47.290128" lon="-121.403030"/>
      <trkpt lat="47.290048" lon="-121.403180"/>
      <trkpt lat="47.290002" lon="-121.403317"/>
      <trkpt lat="47.289920" lon="-121.403472"/>
      <trkpt lat="47.289911" lon="-121.403566"/>
      <trkpt lat="47.289918" lon="-121.403679"/>
      <trkpt lat="47.289957" lon="-121.403764"/>
      <trkpt lat="47.290000" lon="-121.403828"/>
      <trkpt lat="47.290055" lon="-121.403885"/>
      <trkpt lat="47.290199" lon="-121.404020"/>
      <trkpt lat="47.290246" lon="-121.404124"/>
      <trkpt lat="47.290268" lon="-121.404237"/>
      <trkpt lat="47.290279" lon="-121.404371"/>
      <trkpt lat="47.290298" lon="-121.404437"/>
      <trkpt lat="47.290343" lon="-121.404518"/>
      <trkpt lat="47.290441" lon="-121.404542"/>
      <trkpt lat="47.290510" lon="-121.404617"/>
      <trkpt lat="47.290581" lon="-121.404703"/>
      <trkpt lat="47.290650" lon="-121.404743"/>
      <trkpt lat="47.290715" lon="-121.404796"/>
      <trkpt lat="47.290906" lon="-121.404977"/>
      <trkpt lat="47.291016" lon="-121.405068"/>
      <trkpt lat="47.291301" lon="-121.405307"/>
      <trkpt lat="47.291458" lon="-121.405466"/>
      <trkpt lat="47.291521" lon="-121.405516"/>
      <trkpt lat="47.291587" lon="-121.405631"/>
      <trkpt lat="47.291601" lon="-121.405731"/>
      <trkpt lat="47.291607" lon="-121.405811"/>
      <trkpt lat="47.291632" lon="-121.405843"/>
      <trkpt lat="47.291683" lon="-121.405867"/>
      <trkpt lat="47.291756" lon="-121.405926"/>
      <trkpt lat="47.291854" lon="-121.406085"/>
      <trkpt lat="47.291992" lon="-121.406278"/>
      <trkpt lat="47.292053" lon="-121.406374"/>
      <trkpt lat="47.292369" lon="-121.406648"/>
      <trkpt lat="47.292515" lon="-121.406822"/>
      <trkpt lat="47.292612" lon="-121.406812"/>
      <trkpt lat="47.292729" lon="-121.406849"/>
      <trkpt lat="47.292766" lon="-121.406892"/>
      <trkpt lat="47.292784" lon="-121.406943"/>
      <trkpt lat="47.292809" lon="-121.406986"/>
      <trkpt lat="47.292865" lon="-121.407013"/>
      <trkpt lat="47.292929" lon="-121.407072"/>
      <trkpt lat="47.293031" lon="-121.407104"/>
      <trkpt lat="47.293230" lon="-121.407184"/>
      <trkpt lat="47.293360" lon="-121.407245"/>
      <trkpt lat="47.293548" lon="-121.407359"/>
      <trkpt lat="47.293666" lon="-121.407455"/>
      <trkpt lat="47.293926" lon="-121.407573"/>
      <trkpt lat="47.294297" lon="-121.407837"/>
      <trkpt lat="47.294421" lon="-121.407895"/>
      <trkpt lat="47.294676" lon="-121.407965"/>
      <trkpt lat="47.295120" lon="-121.408108"/>
      <trkpt lat="47.295600" lon="-121.408188"/>
      <trkpt lat="47.295942" lon="-121.408174"/>
      <trkpt lat="47.296058" lon="-121.408265"/>
      <trkpt lat="47.296142" lon="-121.408432"/>
      <trkpt lat="47.296219" lon="-121.408681"/>
      <trkpt lat="47.296277" lon="-121.408780"/>
      <trkpt lat="47.296349" lon="-121.408882"/>
      <trkpt lat="47.296451" lon="-121.408930"/>
      <trkpt lat="47.296763" lon="-121.409125"/>
      <trkpt lat="47.296852" lon="-121.409258"/>
      <trkpt lat="47.296953" lon="-121.409370"/>
      <trkpt lat="47.297146" lon="-121.409569"/>
      <trkpt lat="47.297334" lon="-121.409697"/>
      <trkpt lat="47.297528" lon="-121.409810"/>
      <trkpt lat="47.297601" lon="-121.409858"/>
      <trkpt lat="47.297648" lon="-121.409880"/>
      <trkpt lat="47.297706" lon="-121.409944"/>
      <trkpt lat="47.297896" lon="-121.410218"/>
      <trkpt lat="47.298102" lon="-121.410492"/>
      <trkpt lat="47.298332" lon="-121.410703"/>
      <trkpt lat="47.298443" lon="-121.410757"/>
      <trkpt lat="47.298509" lon="-121.410803"/>
      <trkpt lat="47.298560" lon="-121.410891"/>
      <trkpt lat="47.298727" lon="-121.411119"/>
      <trkpt lat="47.298812" lon="-121.411226"/>
      <trkpt lat="47.298913" lon="-121.411570"/>
      <trkpt lat="47.299051" lon="-121.411838"/>
      <trkpt lat="47.299116" lon="-121.411975"/>
      <trkpt lat="47.299267" lon="-121.412181"/>
      <trkpt lat="47.299385" lon="-121.412315"/>
      <trkpt lat="47.299544" lon="-121.412479"/>
      <trkpt lat="47.299616" lon="-121.412592"/>
      <trkpt lat="47.299691" lon="-121.412849"/>
      <trkpt lat="47.299800" lon="-121.413732"/>
      <trkpt lat="47.299822" lon="-121.413981"/>
      <trkpt lat="47.299897" lon="-121.414233"/>
      <trkpt lat="47.299924" lon="-121.414351"/>
      <trkpt lat="47.299962" lon="-121.414433"/>
      <trkpt lat="47.299990" lon="-121.414702"/>
      <trkpt lat="47.300005" lon="-121.414957"/>
      <trkpt lat="47.299996" lon="-121.415060"/>
      <trkpt lat="47.299932" lon="-121.415303"/>
      <trkpt lat="47.299928" lon="-121.415568"/>
      <trkpt lat="47.299906" lon="-121.415643"/>
      <trkpt lat="47.299888" lon="-121.415840"/>
      <trkpt lat="47.299940" lon="-121.415899"/>
      <trkpt lat="47.299967" lon="-121.415965"/>
      <trkpt lat="47.299994" lon="-121.415978"/>
      <trkpt lat="47.300075" lon="-121.415975"/>
      <trkpt lat="47.300117" lon="-121.415994"/>
      <trkpt lat="47.300233" lon="-121.416030"/>
      <trkpt lat="47.300300" lon="-121.416030"/>
      <trkpt lat="47.300355" lon="-121.415998"/>
      <trkpt lat="47.300431" lon="-121.415923"/>
      <trkpt lat="47.300550" lon="-121.415773"/>
      <trkpt lat="47.300648" lon="-121.415590"/>
      <trkpt lat="47.300711" lon="-121.415561"/>
      <trkpt lat="47.300792" lon="-121.415555"/>
      <trkpt lat="47.300844" lon="-121.415572"/>
      <trkpt lat="47.301046" lon="-121.415687"/>
      <trkpt lat="47.301104" lon="-121.415727"/>
      <trkpt lat="47.301257" lon="-121.415770"/>
      <trkpt lat="47.301430" lon="-121.415787"/>
      <trkpt lat="47.301554" lon="-121.415762"/>
      <trkpt lat="47.301679" lon="-121.415727"/>
      <trkpt lat="47.301826" lon="-121.415609"/>
      <trkpt lat="47.301908" lon="-121.415513"/>
      <trkpt lat="47.301952" lon="-121.415400"/>
      <trkpt lat="47.301996" lon="-121.415244"/>
      <trkpt lat="47.302096" lon="-121.414973"/>
      <trkpt lat="47.302230" lon="-121.414641"/>
      <trkpt lat="47.302398" lon="-121.414284"/>
      <trkpt lat="47.302601" lon="-121.413981"/>
      <trkpt lat="47.302812" lon="-121.413780"/>
      <trkpt lat="47.302899" lon="-121.413644"/>
      <trkpt lat="47.303041" lon="-121.413458"/>
      <trkpt lat="47.303114" lon="-121.413353"/>
      <trkpt lat="47.303167" lon="-121.413310"/>
      <trkpt lat="47.303234" lon="-121.413319"/>
      <trkpt lat="47.303331" lon="-121.413297"/>
      <trkpt lat="47.303385" lon="-121.413246"/>
      <trkpt lat="47.303463" lon="-121.413222"/>
      <trkpt lat="47.303691" lon="-121.413238"/>
      <trkpt lat="47.303800" lon="-121.413262"/>
      <trkpt lat="47.303865" lon="-121.413305"/>
      <trkpt lat="47.303951" lon="-121.413377"/>
      <trkpt lat="47.304013" lon="-121.413469"/>
      <trkpt lat="47.304102" lon="-121.413571"/>
      <trkpt lat="47.304158" lon="-121.413662"/>
      <trkpt lat="47.304222" lon="-121.413745"/>
      <trkpt lat="47.304311" lon="-121.413933"/>
      <trkpt lat="47.304384" lon="-121.414107"/>
      <trkpt lat="47.304415" lon="-121.414167"/>
      <trkpt lat="47.304469" lon="-121.414212"/>
      <trkpt lat="47.304556" lon="-121.414233"/>
      <trkpt lat="47.304713" lon="-121.414319"/>
      <trkpt lat="47.304855" lon="-121.414373"/>
      <trkpt lat="47.305020" lon="-121.414523"/>
      <trkpt lat="47.305111" lon="-121.414598"/>
      <trkpt lat="47.305327" lon="-121.414840"/>
      <trkpt lat="47.305404" lon="-121.414955"/>
      <trkpt lat="47.305508" lon="-121.415148"/>
      <trkpt lat="47.305575" lon="-121.415239"/>
      <trkpt lat="47.305657" lon="-121.415335"/>
      <trkpt lat="47.305722" lon="-121.415386"/>
      <trkpt lat="47.305817" lon="-121.415427"/>
      <trkpt lat="47.305921" lon="-121.415518"/>
      <trkpt lat="47.306044" lon="-121.415687"/>
      <trkpt lat="47.306135" lon="-121.415824"/>
      <trkpt lat="47.306221" lon="-121.415915"/>
      <trkpt lat="47.306323" lon="-121.415971"/>
      <trkpt lat="47.306375" lon="-121.415987"/>
      <trkpt lat="47.306470" lon="-121.416003"/>
      <trkpt lat="47.306512" lon="-121.416027"/>
      <trkpt lat="47.306543" lon="-121.416084"/>
      <trkpt lat="47.306548" lon="-121.416135"/>
      <trkpt lat="47.306548" lon="-121.416183"/>
      <trkpt lat="47.306574" lon="-121.416261"/>
      <trkpt lat="47.306639" lon="-121.416341"/>
      <trkpt lat="47.306748" lon="-121.416408"/>
      <trkpt lat="47.306890" lon="-121.416481"/>
      <trkpt lat="47.307105" lon="-121.416620"/>
      <trkpt lat="47.307221" lon="-121.416730"/>
      <trkpt lat="47.307352" lon="-121.416942"/>
      <trkpt lat="47.307547" lon="-121.417178"/>
      <trkpt lat="47.307648" lon="-121.417353"/>
      <trkpt lat="47.307739" lon="-121.417522"/>
      <trkpt lat="47.307819" lon="-121.417597"/>
      <trkpt lat="47.307909" lon="-121.417707"/>
      <trkpt lat="47.307967" lon="-121.417843"/>
      <trkpt lat="47.307999" lon="-121.417988"/>
      <trkpt lat="47.308081" lon="-121.418189"/>
      <trkpt lat="47.308150" lon="-121.418385"/>
      <trkpt lat="47.308201" lon="-121.418927"/>
      <trkpt lat="47.308267" lon="-121.419077"/>
      <trkpt lat="47.308309" lon="-121.419235"/>
      <trkpt lat="47.308372" lon="-121.419413"/>
      <trkpt lat="47.308448" lon="-121.419540"/>
      <trkpt lat="47.308536" lon="-121.419624"/>
      <trkpt lat="47.308630" lon="-121.419791"/>
      <trkpt lat="47.308723" lon="-121.419938"/>
      <trkpt lat="47.308925" lon="-121.420080"/>
      <trkpt lat="47.309078" lon="-121.420153"/>
      <trkpt lat="47.309158" lon="-121.420209"/>
      <trkpt lat="47.309302" lon="-121.420373"/>
      <trkpt lat="47.309385" lon="-121.420491"/>
      <trkpt lat="47.309487" lon="-121.420652"/>
      <trkpt lat="47.309565" lon="-121.420917"/>
      <trkpt lat="47.309587" lon="-121.421052"/>
      <trkpt lat="47.309591" lon="-121.421161"/>
      <trkpt lat="47.309576" lon="-121.421271"/>
      <trkpt lat="47.309577" lon="-121.421482"/>
      <trkpt lat="47.309569" lon="-121.421711"/>
      <trkpt lat="47.309587" lon="-121.421942"/>
      <trkpt lat="47.309633" lon="-121.422119"/>
      <trkpt lat="47.309700" lon="-121.422277"/>
      <trkpt lat="47.309782" lon="-121.422411"/>
      <trkpt lat="47.309827" lon="-121.422578"/>
      <trkpt lat="47.309871" lon="-121.422800"/>
      <trkpt lat="47.309953" lon="-121.423071"/>
      <trkpt lat="47.310051" lon="-121.423304"/>
      <trkpt lat="47.310136" lon="-121.423471"/>
      <trkpt lat="47.310296" lon="-121.423766"/>
      <trkpt lat="47.310515" lon="-121.424235"/>
      <trkpt lat="47.310649" lon="-121.424409"/>
      <trkpt lat="47.310767" lon="-121.424648"/>
      <trkpt lat="47.310824" lon="-121.424852"/>
      <trkpt lat="47.310886" lon="-121.425257"/>
      <trkpt lat="47.310926" lon="-121.425756"/>
      <trkpt lat="47.311011" lon="-121.425976"/>
      <trkpt lat="47.311066" lon="-121.426062"/>
      <trkpt lat="47.311131" lon="-121.426201"/>
      <trkpt lat="47.311211" lon="-121.426333"/>
      <trkpt lat="47.311248" lon="-121.426432"/>
      <trkpt lat="47.311238" lon="-121.426502"/>
      <trkpt lat="47.311202" lon="-121.426582"/>
      <trkpt lat="47.311264" lon="-121.426614"/>
      <trkpt lat="47.311306" lon="-121.426676"/>
      <trkpt lat="47.311327" lon="-121.426778"/>
      <trkpt lat="47.311337" lon="-121.426872"/>
      <trkpt lat="47.311315" lon="-121.427003"/>
      <trkpt lat="47.311313" lon="-121.427121"/>
      <trkpt lat="47.311327" lon="-121.427239"/>
      <trkpt lat="47.311409" lon="-121.427389"/>
      <trkpt lat="47.311577" lon="-121.427555"/>
      <trkpt lat="47.311629" lon="-121.427628"/>
      <trkpt lat="47.311648" lon="-121.427722"/>
      <trkpt lat="47.311648" lon="-121.427853"/>
      <trkpt lat="47.311655" lon="-121.427947"/>
      <trkpt lat="47.311680" lon="-121.428046"/>
      <trkpt lat="47.311785" lon="-121.428207"/>
      <trkpt lat="47.311862" lon="-121.428285"/>
      <trkpt lat="47.311957" lon="-121.428360"/>
      <trkpt lat="47.312040" lon="-121.428382"/>
      <trkpt lat="47.312097" lon="-121.428433"/>
      <trkpt lat="47.312140" lon="-121.428524"/>
      <trkpt lat="47.312168" lon="-121.428663"/>
      <trkpt lat="47.312210" lon="-121.428789"/>
      <trkpt lat="47.312224" lon="-121.428865"/>
      <trkpt lat="47.312260" lon="-121.428934"/>
      <trkpt lat="47.312346" lon="-121.428975"/>
      <trkpt lat="47.312453" lon="-121.428975"/>
      <trkpt lat="47.312591" lon="-121.429031"/>
      <trkpt lat="47.312690" lon="-121.429039"/>
      <trkpt lat="47.312861" lon="-121.428958"/>
      <trkpt lat="47.312915" lon="-121.428977"/>
      <trkpt lat="47.312993" lon="-121.429018"/>
      <trkpt lat="47.313070" lon="-121.429009"/>
      <trkpt lat="47.313119" lon="-121.428983"/>
      <trkpt lat="47.313184" lon="-121.428913"/>
      <trkpt lat="47.313243" lon="-121.428870"/>
      <trkpt lat="47.313310" lon="-121.428854"/>
      <trkpt lat="47.313497" lon="-121.428841"/>
      <trkpt lat="47.313628" lon="-121.428798"/>
      <trkpt lat="47.313721" lon="-121.428741"/>
      <trkpt lat="47.313799" lon="-121.428725"/>
      <trkpt lat="47.313883" lon="-121.428731"/>
      <trkpt lat="47.313989" lon="-121.428747"/>
      <trkpt lat="47.314081" lon="-121.428815"/>
      <trkpt lat="47.314160" lon="-121.428963"/>
      <trkpt lat="47.314172" lon="-121.429087"/>
      <trkpt lat="47.314194" lon="-121.429183"/>
      <trkpt lat="47.314248" lon="-121.429350"/>
      <trkpt lat="47.314292" lon="-121.429421"/>
      <trkpt lat="47.314333" lon="-121.429439"/>
      <trkpt lat="47.314435" lon="-121.429471"/>
      <trkpt lat="47.314565" lon="-121.429468"/>
      <trkpt lat="47.314677" lon="-121.429516"/>
      <trkpt lat="47.314844" lon="-121.429516"/>
      <trkpt lat="47.314947" lon="-121.429505"/>
      <trkpt lat="47.315126" lon="-121.429543"/>
      <trkpt lat="47.315225" lon="-121.429589"/>
      <trkpt lat="47.315299" lon="-121.429613"/>
      <trkpt lat="47.315390" lon="-121.429578"/>
      <trkpt lat="47.315457" lon="-121.429530"/>
      <trkpt lat="47.315548" lon="-121.429522"/>
      <trkpt lat="47.315646" lon="-121.429530"/>
      <trkpt lat="47.315725" lon="-121.429602"/>
      <trkpt lat="47.315781" lon="-121.429710"/>
      <trkpt lat="47.315797" lon="-121.429828"/>
      <trkpt lat="47.315819" lon="-121.429921"/>
      <trkpt lat="47.315819" lon="-121.430013"/>
      <trkpt lat="47.315832" lon="-121.430082"/>
      <trkpt lat="47.315870" lon="-121.430101"/>
      <trkpt lat="47.315928" lon="-121.430090"/>
      <trkpt lat="47.315983" lon="-121.430069"/>
      <trkpt lat="47.316281" lon="-121.430096"/>
      <trkpt lat="47.316441" lon="-121.430246"/>
      <trkpt lat="47.316512" lon="-121.430369"/>
      <trkpt lat="47.316627" lon="-121.430621"/>
      <trkpt lat="47.316674" lon="-121.430683"/>
      <trkpt lat="47.316730" lon="-121.430734"/>
      <trkpt lat="47.316812" lon="-121.430782"/>
      <trkpt lat="47.317036" lon="-121.430836"/>
      <trkpt lat="47.317225" lon="-121.430863"/>
      <trkpt lat="47.317274" lon="-121.430879"/>
      <trkpt lat="47.317345" lon="-121.430935"/>
      <trkpt lat="47.317463" lon="-121.431056"/>
      <trkpt lat="47.317521" lon="-121.431161"/>
      <trkpt lat="47.317625" lon="-121.431260"/>
      <trkpt lat="47.317730" lon="-121.431354"/>
      <trkpt lat="47.317850" lon="-121.431421"/>
      <trkpt lat="47.317941" lon="-121.431482"/>
      <trkpt lat="47.318047" lon="-121.431587"/>
      <trkpt lat="47.318130" lon="-121.431692"/>
      <trkpt lat="47.318169" lon="-121.431772"/>
      <trkpt lat="47.318249" lon="-121.431863"/>
      <trkpt lat="47.318352" lon="-121.431955"/>
      <trkpt lat="47.318696" lon="-121.432322"/>
      <trkpt lat="47.318758" lon="-121.432381"/>
      <trkpt lat="47.318829" lon="-121.432373"/>
      <trkpt lat="47.318912" lon="-121.432376"/>
      <trkpt lat="47.319057" lon="-121.432354"/>
      <trkpt lat="47.319118" lon="-121.432357"/>
      <trkpt lat="47.319174" lon="-121.432368"/>
      <trkpt lat="47.319281" lon="-121.432440"/>
      <trkpt lat="47.319459" lon="-121.432541"/>
      <trkpt lat="47.319661" lon="-121.432587"/>
      <trkpt lat="47.319782" lon="-121.432607"/>
      <trkpt lat="47.319975" lon="-121.432663"/>
      <trkpt lat="47.320231" lon="-121.432668"/>
      <trkpt lat="47.320345" lon="-121.432686"/>
      <trkpt lat="47.320617" lon="-121.432775"/>
      <trkpt lat="47.320779" lon="-121.432751"/>
      <trkpt lat="47.320927" lon="-121.432794"/>
      <trkpt lat="47.321194" lon="-121.432821"/>
      <trkpt lat="47.321367" lon="-121.432883"/>
      <trkpt lat="47.321436" lon="-121.432942"/>
      <trkpt lat="47.321486" lon="-121.433000"/>
      <trkpt lat="47.321518" lon="-121.433074"/>
      <trkpt lat="47.321552" lon="-121.433081"/>
      <trkpt lat="47.321572" lon="-121.433068"/>
      <trkpt lat="47.321618" lon="-121.432984"/>
      <trkpt lat="47.321685" lon="-121.432938"/>
      <trkpt lat="47.321783" lon="-121.432944"/>
      <trkpt lat="47.321852" lon="-121.432893"/>
      <trkpt lat="47.321929" lon="-121.432861"/>
      <trkpt lat="47.322154" lon="-121.432904"/>
      <trkpt lat="47.322302" lon="-121.432920"/>
      <trkpt lat="47.322634" lon="-121.433081"/>
      <trkpt lat="47.322681" lon="-121.433094"/>
      <trkpt lat="47.322706" lon="-121.433081"/>
      <trkpt lat="47.322727" lon="-121.433046"/>
      <trkpt lat="47.322720" lon="-121.433015"/>
      <trkpt lat="47.322687" lon="-121.432947"/>
      <trkpt lat="47.322685" lon="-121.432860"/>
      <trkpt lat="47.322704" lon="-121.432775"/>
      <trkpt lat="47.322735" lon="-121.432699"/>
      <trkpt lat="47.322777" lon="-121.432648"/>
      <trkpt lat="47.322931" lon="-121.432609"/>
      <trkpt lat="47.323462" lon="-121.432545"/>
      <trkpt lat="47.323643" lon="-121.432502"/>
      <trkpt lat="47.323789" lon="-121.432427"/>
      <trkpt lat="47.323941" lon="-121.432287"/>
      <trkpt lat="47.324065" lon="-121.432099"/>
      <trkpt lat="47.324180" lon="-121.431847"/>
      <trkpt lat="47.324269" lon="-121.431557"/>
      <trkpt lat="47.324309" lon="-121.431391"/>
      <trkpt lat="47.324327" lon="-121.431214"/>
      <trkpt lat="47.324327" lon="-121.431037"/>
      <trkpt lat="47.324378" lon="-121.430844"/>
      <trkpt lat="47.324505" lon="-121.430667"/>
      <trkpt lat="47.324571" lon="-121.430638"/>
      <trkpt lat="47.324612" lon="-121.430600"/>
      <trkpt lat="47.324614" lon="-121.430536"/>
      <trkpt lat="47.324589" lon="-121.430485"/>
      <trkpt lat="47.324547" lon="-121.430313"/>
      <trkpt lat="47.324516" lon="-121.430066"/>
      <trkpt lat="47.324469" lon="-121.429903"/>
      <trkpt lat="47.324471" lon="-121.429790"/>
      <trkpt lat="47.324518" lon="-121.429806"/>
      <trkpt lat="47.324560" lon="-121.429897"/>
      <trkpt lat="47.324640" lon="-121.429991"/>
      <trkpt lat="47.324800" lon="-121.430120"/>
      <trkpt lat="47.324898" lon="-121.430168"/>
      <trkpt lat="47.324978" lon="-121.430182"/>
      <trkpt lat="47.325049" lon="-121.430219"/>
      <trkpt lat="47.325085" lon="-121.430257"/>
      <trkpt lat="47.325150" lon="-121.430439"/>
      <trkpt lat="47.325414" lon="-121.431002"/>
      <trkpt lat="47.325558" lon="-121.431203"/>
      <trkpt lat="47.325667" lon="-121.431402"/>
      <trkpt lat="47.325785" lon="-121.431584"/>
      <trkpt lat="47.325878" lon="-121.431676"/>
      <trkpt lat="47.326007" lon="-121.431743"/>
      <trkpt lat="47.326218" lon="-121.431813"/>
      <trkpt lat="47.326276" lon="-121.431855"/>
      <trkpt lat="47.326374" lon="-121.431946"/>
      <trkpt lat="47.326459" lon="-121.432048"/>
      <trkpt lat="47.326525" lon="-121.432174"/>
      <trkpt lat="47.326590" lon="-121.432290"/>
      <trkpt lat="47.326707" lon="-121.432443"/>
      <trkpt lat="47.326941" lon="-121.432845"/>
      <trkpt lat="47.327136" lon="-121.433124"/>
      <trkpt lat="47.327127" lon="-121.433194"/>
      <trkpt lat="47.327090" lon="-121.433322"/>
      <trkpt lat="47.327087" lon="-121.433465"/>
      <trkpt lat="47.327129" lon="-121.433639"/>
      <trkpt lat="47.327201" lon="-121.433843"/>
      <trkpt lat="47.327338" lon="-121.434082"/>
      <trkpt lat="47.327498" lon="-121.434285"/>
      <trkpt lat="47.327610" lon="-121.434406"/>
      <trkpt lat="47.327701" lon="-121.434554"/>
      <trkpt lat="47.327809" lon="-121.434765"/>
      <trkpt lat="47.328203" lon="-121.435219"/>
      <trkpt lat="47.328332" lon="-121.435468"/>
      <trkpt lat="47.328512" lon="-121.435903"/>
      <trkpt lat="47.328570" lon="-121.436029"/>
      <trkpt lat="47.328708" lon="-121.436179"/>
      <trkpt lat="47.328812" lon="-121.436284"/>
      <trkpt lat="47.329025" lon="-121.436431"/>
      <trkpt lat="47.329156" lon="-121.436506"/>
      <trkpt lat="47.329274" lon="-121.436643"/>
      <trkpt lat="47.329339" lon="-121.436689"/>
      <trkpt lat="47.329426" lon="-121.436710"/>
      <trkpt lat="47.329507" lon="-121.436710"/>
      <trkpt lat="47.329585" lon="-121.436667"/>
      <trkpt lat="47.329662" lon="-121.436610"/>
      <trkpt lat="47.329726" lon="-121.436544"/>
      <trkpt lat="47.329821" lon="-121.436383"/>
      <trkpt lat="47.330012" lon="-121.436082"/>
      <trkpt lat="47.330108" lon="-121.435881"/>
      <trkpt lat="47.330165" lon="-121.435804"/>
      <trkpt lat="47.330185" lon="-121.435782"/>
      <trkpt lat="47.330208" lon="-121.435782"/>
      <trkpt lat="47.330250" lon="-121.435830"/>
      <trkpt lat="47.330306" lon="-121.435828"/>
      <trkpt lat="47.330346" lon="-121.435771"/>
      <trkpt lat="47.330383" lon="-121.435691"/>
      <trkpt lat="47.330396" lon="-121.435608"/>
      <trkpt lat="47.330399" lon="-121.435533"/>
      <trkpt lat="47.330412" lon="-121.435455"/>
      <trkpt lat="47.330474" lon="-121.435361"/>
      <trkpt lat="47.330546" lon="-121.435270"/>
      <trkpt lat="47.330606" lon="-121.435221"/>
      <trkpt lat="47.330654" lon="-121.435216"/>
      <trkpt lat="47.330692" lon="-121.435240"/>
      <trkpt lat="47.330765" lon="-121.435364"/>
      <trkpt lat="47.330861" lon="-121.435466"/>
      <trkpt lat="47.330926" lon="-121.435656"/>
      <trkpt lat="47.330952" lon="-121.435675"/>
      <trkpt lat="47.330978" lon="-121.435668"/>
      <trkpt lat="47.331003" lon="-121.435637"/>
      <trkpt lat="47.331015" lon="-121.435578"/>
      <trkpt lat="47.331061" lon="-121.435457"/>
      <trkpt lat="47.331119" lon="-121.435348"/>
      <trkpt lat="47.331213" lon="-121.435213"/>
      <trkpt lat="47.331270" lon="-121.435144"/>
      <trkpt lat="47.331503" lon="-121.434937"/>
      <trkpt lat="47.331662" lon="-121.434827"/>
      <trkpt lat="47.331759" lon="-121.434776"/>
      <trkpt lat="47.331819" lon="-121.434774"/>
      <trkpt lat="47.331855" lon="-121.434827"/>
      <trkpt lat="47.331893" lon="-121.434849"/>
      <trkpt lat="47.331932" lon="-121.434840"/>
      <trkpt lat="47.331977" lon="-121.434803"/>
      <trkpt lat="47.332122" lon="-121.434633"/>
      <trkpt lat="47.332192" lon="-121.434586"/>
      <trkpt lat="47.332290" lon="-121.434505"/>
      <trkpt lat="47.332357" lon="-121.434441"/>
      <trkpt lat="47.332397" lon="-121.434387"/>
      <trkpt lat="47.332441" lon="-121.434293"/>
      <trkpt lat="47.332488" lon="-121.434221"/>
      <trkpt lat="47.332535" lon="-121.434183"/>
      <trkpt lat="47.332611" lon="-121.434170"/>
      <trkpt lat="47.332686" lon="-121.434108"/>
      <trkpt lat="47.332770" lon="-121.434001"/>
      <trkpt lat="47.332906" lon="-121.433859"/>
      <trkpt lat="47.332948" lon="-121.433848"/>
      <trkpt lat="47.332970" lon="-121.433880"/>
      <trkpt lat="47.332957" lon="-121.433939"/>
      <trkpt lat="47.332962" lon="-121.433985"/>
      <trkpt lat="47.332982" lon="-121.434025"/>
      <trkpt lat="47.333021" lon="-121.434047"/>
      <trkpt lat="47.333062" lon="-121.434036"/>
      <trkpt lat="47.333120" lon="-121.433993"/>
      <trkpt lat="47.333171" lon="-121.433913"/>
      <trkpt lat="47.333191" lon="-121.433824"/>
      <trkpt lat="47.333262" lon="-121.433599"/>
      <trkpt lat="47.333295" lon="-121.433557"/>
      <trkpt lat="47.333328" lon="-121.433545"/>
      <trkpt lat="47.333380" lon="-121.433583"/>
      <trkpt lat="47.333427" lon="-121.433597"/>
      <trkpt lat="47.333473" lon="-121.433599"/>
      <trkpt lat="47.333546" lon="-121.433591"/>
      <trkpt lat="47.333649" lon="-121.433540"/>
      <trkpt lat="47.333746" lon="-121.433508"/>
      <trkpt lat="47.333911" lon="-121.433422"/>
      <trkpt lat="47.334048" lon="-121.433312"/>
      <trkpt lat="47.334135" lon="-121.433274"/>
      <trkpt lat="47.334204" lon="-121.433293"/>
      <trkpt lat="47.334257" lon="-121.433336"/>
      <trkpt lat="47.334288" lon="-121.433387"/>
      <trkpt lat="47.334328" lon="-121.433489"/>
      <trkpt lat="47.334380" lon="-121.433556"/>
      <trkpt lat="47.334437" lon="-121.433559"/>
      <trkpt lat="47.334484" lon="-121.433526"/>
      <trkpt lat="47.334555" lon="-121.433446"/>
      <trkpt lat="47.334602" lon="-121.433416"/>
      <trkpt lat="47.334666" lon="-121.433416"/>
      <trkpt lat="47.334789" lon="-121.433510"/>
      <trkpt lat="47.334831" lon="-121.433599"/>
      <trkpt lat="47.334882" lon="-121.433620"/>
      <trkpt lat="47.334922" lon="-121.433604"/>
      <trkpt lat="47.335020" lon="-121.433467"/>
      <trkpt lat="47.335076" lon="-121.433414"/>
      <trkpt lat="47.335131" lon="-121.433406"/>
      <trkpt lat="47.335147" lon="-121.433427"/>
      <trkpt lat="47.335189" lon="-121.433462"/>
      <trkpt lat="47.335237" lon="-121.433442"/>
      <trkpt lat="47.335258" lon="-121.433416"/>
      <trkpt lat="47.335305" lon="-121.433411"/>
      <trkpt lat="47.335344" lon="-121.433448"/>
      <trkpt lat="47.335360" lon="-121.433510"/>
      <trkpt lat="47.335389" lon="-121.433744"/>
      <trkpt lat="47.335411" lon="-121.433998"/>
      <trkpt lat="47.335440" lon="-121.434210"/>
      <trkpt lat="47.335544" lon="-121.434647"/>
      <trkpt lat="47.335613" lon="-121.434867"/>
      <trkpt lat="47.335757" lon="-121.435291"/>
      <trkpt lat="47.335786" lon="-121.435389"/>
      <trkpt lat="47.335814" lon="-121.435518"/>
    </trkseg>
    <trkseg>
      <trkpt lat="47.235763" lon="-121.361732"/>
      <trkpt lat="47.235812" lon="-121.361643"/>
      <trkpt lat="47.235816" lon="-121.361541"/>
      <trkpt lat="47.235772" lon="-121.361417"/>
      <trkpt lat="47.235766" lon="-121.361311"/>
      <trkpt lat="47.235772" lon="-121.361192"/>
      <trkpt lat="47.235852" lon="-121.360978"/>
      <trkpt lat="47.235919" lon="-121.360855"/>
      <trkpt lat="47.235979" lon="-121.360779"/>
      <trkpt lat="47.236047" lon="-121.360712"/>
      <trkpt lat="47.236114" lon="-121.360621"/>
      <trkpt lat="47.236174" lon="-121.360479"/>
      <trkpt lat="47.236256" lon="-121.360238"/>
      <trkpt lat="47.236367" lon="-121.359889"/>
      <trkpt lat="47.236477" lon="-121.359594"/>
      <trkpt lat="47.236533" lon="-121.359521"/>
      <trkpt lat="47.236562" lon="-121.359446"/>
      <trkpt lat="47.236641" lon="-121.359355"/>
      <trkpt lat="47.236708" lon="-121.359304"/>
      <trkpt lat="47.236837" lon="-121.359299"/>
      <trkpt lat="47.236925" lon="-121.359213"/>
      <trkpt lat="47.237156" lon="-121.359031"/>
      <trkpt lat="47.237318" lon="-121.358958"/>
      <trkpt lat="47.237445" lon="-121.358910"/>
      <trkpt lat="47.237613" lon="-121.358829"/>
      <trkpt lat="47.237833" lon="-121.358709"/>
      <trkpt lat="47.238094" lon="-121.358510"/>
      <trkpt lat="47.238320" lon="-121.358357"/>
      <trkpt lat="47.238465" lon="-121.358285"/>
      <trkpt lat="47.238613" lon="-121.358264"/>
      <trkpt lat="47.238826" lon="-121.358196"/>
      <trkpt lat="47.238951" lon="-121.358212"/>
      <trkpt lat="47.239106" lon="-121.358264"/>
      <trkpt lat="47.239192" lon="-121.358355"/>
      <trkpt lat="47.239319" lon="-121.358443"/>
      <trkpt lat="47.239394" lon="-121.358483"/>
      <trkpt lat="47.239447" lon="-121.358556"/>
      <trkpt lat="47.239516" lon="-121.358674"/>
      <trkpt lat="47.239576" lon="-121.358765"/>
      <trkpt lat="47.239643" lon="-121.358843"/>
      <trkpt lat="47.239724" lon="-121.358910"/>
      <trkpt lat="47.239826" lon="-121.358974"/>
      <trkpt lat="47.239909" lon="-121.359001"/>
      <trkpt lat="47.240042" lon="-121.359017"/>
      <trkpt lat="47.240164" lon="-121.359017"/>
      <trkpt lat="47.240301" lon="-121.358985"/>
      <trkpt lat="47.240410" lon="-121.358990"/>
      <trkpt lat="47.240507" lon="-121.358985"/>
      <trkpt lat="47.240592" lon="-121.358953"/>
      <trkpt lat="47.240674" lon="-121.358867"/>
      <trkpt lat="47.240732" lon="-121.358765"/>
      <trkpt lat="47.240774" lon="-121.358647"/>
      <trkpt lat="47.240818" lon="-121.358481"/>
      <trkpt lat="47.240900" lon="-121.358250"/>
      <trkpt lat="47.240976" lon="-121.358060"/>
      <trkpt lat="47.241064" lon="-121.357901"/>
      <trkpt lat="47.241122" lon="-121.357783"/>
      <trkpt lat="47.241146" lon="-121.357681"/>
      <trkpt lat="47.241128" lon="-121.357486"/>
      <trkpt lat="47.241126" lon="-121.357411"/>
      <trkpt lat="47.241145" lon="-121.357316"/>
      <trkpt lat="47.241191" lon="-121.357148"/>
      <trkpt lat="47.241219" lon="-121.356971"/>
      <trkpt lat="47.241242" lon="-121.356768"/>
      <trkpt lat="47.241264" lon="-121.356641"/>
      <trkpt lat="47.241335" lon="-121.356399"/>
      <trkpt lat="47.241337" lon="-121.356139"/>
      <trkpt lat="47.241373" lon="-121.355667"/>
      <trkpt lat="47.241404" lon="-121.355412"/>
      <trkpt lat="47.241444" lon="-121.355211"/>
      <trkpt lat="47.241530" lon="-121.354852"/>
      <trkpt lat="47.241623" lon="-121.354565"/>
      <trkpt lat="47.241636" lon="-121.354412"/>
      <trkpt lat="47.241668" lon="-121.354219"/>
      <trkpt lat="47.241739" lon="-121.354061"/>
      <trkpt lat="47.241807" lon="-121.353878"/>
      <trkpt lat="47.241861" lon="-121.353747"/>
      <trkpt lat="47.241883" lon="-121.353626"/>
      <trkpt lat="47.241892" lon="-121.353460"/>
      <trkpt lat="47.241923" lon="-121.353194"/>
      <trkpt lat="47.241974" lon="-121.352947"/>
      <trkpt lat="47.242058" lon="-121.352684"/>
      <trkpt lat="47.242060" lon="-121.352591"/>
      <trkpt lat="47.242033" lon="-121.352473"/>
      <trkpt lat="47.242013" lon="-121.352344"/>
      <trkpt lat="47.242000" lon="-121.352202"/>
      <trkpt lat="47.242018" lon="-121.352070"/>
      <trkpt lat="47.242075" lon="-121.351821"/>
      <trkpt lat="47.242153" lon="-121.351386"/>
      <trkpt lat="47.242202" lon="-121.351209"/>
      <trkpt lat="47.242251" lon="-121.351059"/>
      <trkpt lat="47.242360" lon="-121.350855"/>
      <trkpt lat="47.242443" lon="-121.350752"/>
      <trkpt lat="47.242504" lon="-121.350732"/>
      <trkpt lat="47.242595" lon="-121.350748"/>
      <trkpt lat="47.242679" lon="-121.350748"/>
      <trkpt lat="47.242752" lon="-121.350724"/>
      <trkpt lat="47.242816" lon="-121.350665"/>
      <trkpt lat="47.242876" lon="-121.350560"/>
      <trkpt lat="47.242910" lon="-121.350488"/>
      <trkpt lat="47.242965" lon="-121.350450"/>
      <trkpt lat="47.243045" lon="-121.350431"/>
      <trkpt lat="47.243227" lon="-121.350437"/>
      <trkpt lat="47.243471" lon="-121.350429"/>
      <trkpt lat="47.243593" lon="-121.350464"/>
      <trkpt lat="47.243682" lon="-121.350477"/>
      <trkpt lat="47.243735" lon="-121.350456"/>
      <trkpt lat="47.243795" lon="-121.350380"/>
      <trkpt lat="47.243850" lon="-121.350281"/>
      <trkpt lat="47.244079" lon="-121.349699"/>
      <trkpt lat="47.244278" lon="-121.349128"/>
      <trkpt lat="47.244312" lon="-121.349061"/>
      <trkpt lat="47.244400" lon="-121.349015"/>
      <trkpt lat="47.244447" lon="-121.348975"/>
      <trkpt lat="47.244483" lon="-121.348892"/>
      <trkpt lat="47.244618" lon="-121.348476"/>
      <trkpt lat="47.244851" lon="-121.347637"/>
      <trkpt lat="47.244882" lon="-121.347478"/>
      <trkpt lat="47.244897" lon="-121.347355"/>
      <trkpt lat="47.244899" lon="-121.346950"/>
      <trkpt lat="47.244926" lon="-121.346821"/>
      <trkpt lat="47.244988" lon="-121.346684"/>
      <trkpt lat="47.245024" lon="-121.346584"/>
      <trkpt lat="47.245028" lon="-121.346507"/>
      <trkpt lat="47.245013" lon="-121.346360"/>
      <trkpt lat="47.245008" lon="-121.346237"/>
      <trkpt lat="47.245022" lon="-121.346110"/>
      <trkpt lat="47.245050" lon="-121.346003"/>
      <trkpt lat="47.245106" lon="-121.345839"/>
      <trkpt lat="47.245163" lon="-121.345721"/>
      <trkpt lat="47.245190" lon="-121.345649"/>
      <trkpt lat="47.245190" lon="-121.345590"/>
      <trkpt lat="47.245203" lon="-121.345520"/>
      <trkpt lat="47.245257" lon="-121.345386"/>
      <trkpt lat="47.245368" lon="-121.345185"/>
      <trkpt lat="47.245421" lon="-121.345126"/>
      <trkpt lat="47.245458" lon="-121.345059"/>
      <trkpt lat="47.245469" lon="-121.344984"/>
      <trkpt lat="47.245452" lon="-121.344882"/>
      <trkpt lat="47.245452" lon="-121.344777"/>
      <trkpt lat="47.245469" lon="-121.344673"/>
      <trkpt lat="47.245511" lon="-121.344576"/>
      <trkpt lat="47.245538" lon="-121.344488"/>
      <trkpt lat="47.245551" lon="-121.344418"/>
      <trkpt lat="47.245542" lon="-121.344295"/>
      <trkpt lat="47.245545" lon="-121.344160"/>
      <trkpt lat="47.245627" lon="-121.343972"/>
      <trkpt lat="47.245651" lon="-121.343932"/>
      <trkpt lat="47.245658" lon="-121.343868"/>
      <trkpt lat="47.245647" lon="-121.343782"/>
      <trkpt lat="47.245623" lon="-121.343705"/>
      <trkpt lat="47.245594" lon="-121.343654"/>
      <trkpt lat="47.245587" lon="-121.343611"/>
      <trkpt lat="47.245592" lon="-121.343443"/>
      <trkpt lat="47.245582" lon="-121.343348"/>
      <trkpt lat="47.245517" lon="-121.343085"/>
      <trkpt lat="47.245489" lon="-121.342988"/>
      <trkpt lat="47.245376" lon="-121.342793"/>
      <trkpt lat="47.245292" lon="-121.342634"/>
      <trkpt lat="47.245268" lon="-121.342538"/>
      <trkpt lat="47.245199" lon="-121.342463"/>
      <trkpt lat="47.245121" lon="-121.342347"/>
      <trkpt lat="47.245030" lon="-121.342168"/>
      <trkpt lat="47.244971" lon="-121.342074"/>
      <trkpt lat="47.244891" lon="-121.341964"/>
      <trkpt lat="47.244799" lon="-121.341862"/>
      <trkpt lat="47.244764" lon="-121.341832"/>
      <trkpt lat="47.244737" lon="-121.341773"/>
      <trkpt lat="47.244729" lon="-121.341696"/>
      <trkpt lat="47.244728" lon="-121.341599"/>
      <trkpt lat="47.244704" lon="-121.341513"/>
      <trkpt lat="47.244666" lon="-121.341422"/>
      <trkpt lat="47.244640" lon="-121.341336"/>
      <trkpt lat="47.244615" lon="-121.341229"/>
      <trkpt lat="47.244626" lon="-121.341103"/>
      <trkpt lat="47.244653" lon="-121.340961"/>
      <trkpt lat="47.244726" lon="-121.340810"/>
      <trkpt lat="47.244813" lon="-121.340671"/>
      <trkpt lat="47.244882" lon="-121.340515"/>
      <trkpt lat="47.244906" lon="-121.340446"/>
      <trkpt lat="47.244917" lon="-121.340301"/>
      <trkpt lat="47.244912" lon="-121.339785"/>
      <trkpt lat="47.244944" lon="-121.339493"/>
      <trkpt lat="47.245026" lon="-121.339166"/>
      <trkpt lat="47.245032" lon="-121.339080"/>
      <trkpt lat="47.245002" lon="-121.338930"/>
      <trkpt lat="47.245028" lon="-121.338866"/>
      <trkpt lat="47.245059" lon="-121.338818"/>
      <trkpt lat="47.245108" lon="-121.338791"/>
      <trkpt lat="47.245160" lon="-121.338817"/>
      <trkpt lat="47.245282" lon="-121.338920"/>
      <trkpt lat="47.245444" lon="-121.338874"/>
      <trkpt lat="47.245621" lon="-121.338538"/>
      <trkpt lat="47.245700" lon="-121.338359"/>
      <trkpt lat="47.245775" lon="-121.338292"/>
      <trkpt lat="47.245831" lon="-121.338286"/>
      <trkpt lat="47.245909" lon="-121.338328"/>
      <trkpt lat="47.246182" lon="-121.338581"/>
      <trkpt lat="47.246243" lon="-121.338589"/>
      <trkpt lat="47.246295" lon="-121.338576"/>
      <trkpt lat="47.246346" lon="-121.338536"/>
      <trkpt lat="47.246423" lon="-121.338413"/>
      <trkpt lat="47.246461" lon="-121.338311"/>
      <trkpt lat="47.246508" lon="-121.338248"/>
      <trkpt lat="47.246590" lon="-121.338219"/>
      <trkpt lat="47.246690" lon="-121.338171"/>
      <trkpt lat="47.246842" lon="-121.338029"/>
      <trkpt lat="47.246940" lon="-121.337958"/>
      <trkpt lat="47.247031" lon="-121.337922"/>
      <trkpt lat="47.247652" lon="-121.337855"/>
      <trkpt lat="47.247861" lon="-121.337908"/>
      <trkpt lat="47.248120" lon="-121.337948"/>
      <trkpt lat="47.248329" lon="-121.338026"/>
      <trkpt lat="47.248599" lon="-121.338152"/>
      <trkpt lat="47.248930" lon="-121.338321"/>
      <trkpt lat="47.249045" lon="-121.338407"/>
      <trkpt lat="47.249098" lon="-121.338403"/>
      <trkpt lat="47.249232" lon="-121.338426"/>
      <trkpt lat="47.249334" lon="-121.338396"/>
      <trkpt lat="47.249411" lon="-121.338351"/>
      <trkpt lat="47.249471" lon="-121.338281"/>
      <trkpt lat="47.249522" lon="-121.338203"/>
      <trkpt lat="47.249598" lon="-121.338139"/>
      <trkpt lat="47.249682" lon="-121.338126"/>
      <trkpt lat="47.249784" lon="-121.338158"/>
      <trkpt lat="47.249839" lon="-121.338209"/>
      <trkpt lat="47.249945" lon="-121.338262"/>
      <trkpt lat="47.250013" lon="-121.338257"/>
      <trkpt lat="47.250095" lon="-121.338217"/>
      <trkpt lat="47.250133" lon="-121.338193"/>
      <trkpt lat="47.250315" lon="-121.337994"/>
      <trkpt lat="47.250352" lon="-121.337986"/>
      <trkpt lat="47.250401" lon="-121.337999"/>
      <trkpt lat="47.250439" lon="-121.338045"/>
      <trkpt lat="47.250476" lon="-121.338077"/>
      <trkpt lat="47.250516" lon="-121.338080"/>
      <trkpt lat="47.250603" lon="-121.338037"/>
      <trkpt lat="47.250731" lon="-121.337927"/>
      <trkpt lat="47.251186" lon="-121.337444"/>
      <trkpt lat="47.251239" lon="-121.337431"/>
      <trkpt lat="47.251373" lon="-121.337452"/>
      <trkpt lat="47.251539" lon="-121.337501"/>
      <trkpt lat="47.251714" lon="-121.337541"/>
      <trkpt lat="47.251790" lon="-121.337541"/>
      <trkpt lat="47.251847" lon="-121.337527"/>
      <trkpt lat="47.251903" lon="-121.337458"/>
      <trkpt lat="47.251969" lon="-121.337420"/>
      <trkpt lat="47.252187" lon="-121.337434"/>
      <trkpt lat="47.252260" lon="-121.337434"/>
      <trkpt lat="47.252355" lon="-121.337396"/>
      <trkpt lat="47.252500" lon="-121.337294"/>
      <trkpt lat="47.252600" lon="-121.337208"/>
      <trkpt lat="47.252673" lon="-121.337090"/>
      <trkpt lat="47.252701" lon="-121.336999"/>
      <trkpt lat="47.252690" lon="-121.336932"/>
      <trkpt lat="47.252660" lon="-121.336862"/>
      <trkpt lat="47.252644" lon="-121.336792"/>
      <trkpt lat="47.252655" lon="-121.336691"/>
      <trkpt lat="47.252671" lon="-121.336615"/>
      <trkpt lat="47.252675" lon="-121.336522"/>
      <trkpt lat="47.252711" lon="-121.336385"/>
      <trkpt lat="47.252748" lon="-121.336218"/>
      <trkpt lat="47.252781" lon="-121.335840"/>
      <trkpt lat="47.252826" lon="-121.335618"/>
      <trkpt lat="47.252861" lon="-121.335408"/>
      <trkpt lat="47.252906" lon="-121.335293"/>
      <trkpt lat="47.252954" lon="-121.335242"/>
      <trkpt lat="47.253021" lon="-121.335229"/>
      <trkpt lat="47.253087" lon="-121.335194"/>
      <trkpt lat="47.253121" lon="-121.335132"/>
      <trkpt lat="47.253158" lon="-121.335014"/>
      <trkpt lat="47.253208" lon="-121.334888"/>
      <trkpt lat="47.253281" lon="-121.334671"/>
      <trkpt lat="47.253378" lon="-121.334287"/>
      <trkpt lat="47.253582" lon="-121.334022"/>
      <trkpt lat="47.253667" lon="-121.333944"/>
      <trkpt lat="47.253808" lon="-121.333851"/>
      <trkpt lat="47.253915" lon="-121.333810"/>
      <trkpt lat="47.254042" lon="-121.333802"/>
      <trkpt lat="47.254212" lon="-121.333697"/>
      <trkpt lat="47.254288" lon="-121.333673"/>
      <trkpt lat="47.254479" lon="-121.333689"/>
      <trkpt lat="47.254634" lon="-121.333740"/>
      <trkpt lat="47.254900" lon="-121.333877"/>
      <trkpt lat="47.255237" lon="-121.334059"/>
      <trkpt lat="47.255406" lon="-121.334057"/>
      <trkpt lat="47.255575" lon="-121.333925"/>
      <trkpt lat="47.255704" lon="-121.333837"/>
      <trkpt lat="47.255808" lon="-121.333783"/>
      <trkpt lat="47.255852" lon="-121.333743"/>
      <trkpt lat="47.255896" lon="-121.333692"/>
      <trkpt lat="47.255947" lon="-121.333603"/>
      <trkpt lat="47.256078" lon="-121.333453"/>
      <trkpt lat="47.256163" lon="-121.333330"/>
      <trkpt lat="47.256374" lon="-121.333072"/>
      <trkpt lat="47.256471" lon="-121.332935"/>
      <trkpt lat="47.256513" lon="-121.332866"/>
      <trkpt lat="47.256566" lon="-121.332809"/>
      <trkpt lat="47.256666" lon="-121.332731"/>
      <trkpt lat="47.256853" lon="-121.332530"/>
      <trkpt lat="47.256999" lon="-121.332442"/>
      <trkpt lat="47.257186" lon="-121.332302"/>
      <trkpt lat="47.257530" lon="-121.331986"/>
      <trkpt lat="47.257656" lon="-121.331897"/>
      <trkpt lat="47.257787" lon="-121.331849"/>
      <trkpt lat="47.257942" lon="-121.331817"/>
      <trkpt lat="47.258111" lon="-121.331812"/>
      <trkpt lat="47.258218" lon="-121.331801"/>
      <trkpt lat="47.258311" lon="-121.331782"/>
      <trkpt lat="47.258408" lon="-121.331726"/>
      <trkpt lat="47.258515" lon="-121.331653"/>
      <trkpt lat="47.258581" lon="-121.331680"/>
      <trkpt lat="47.258630" lon="-121.331715"/>
      <trkpt lat="47.258685" lon="-121.331734"/>
      <trkpt lat="47.258759" lon="-121.331720"/>
      <trkpt lat="47.258825" lon="-121.331736"/>
      <trkpt lat="47.258885" lon="-121.331769"/>
      <trkpt lat="47.258989" lon="-121.331978"/>
      <trkpt lat="47.259149" lon="-121.332243"/>
      <trkpt lat="47.259222" lon="-121.332462"/>
      <trkpt lat="47.259262" lon="-121.332530"/>
      <trkpt lat="47.259314" lon="-121.332597"/>
      <trkpt lat="47.259393" lon="-121.332648"/>
      <trkpt lat="47.259540" lon="-121.332678"/>
      <trkpt lat="47.259642" lon="-121.332707"/>
      <trkpt lat="47.259698" lon="-121.332750"/>
      <trkpt lat="47.259735" lon="-121.332796"/>
      <trkpt lat="47.259839" lon="-121.332855"/>
      <trkpt lat="47.259902" lon="-121.332871"/>
      <trkpt lat="47.259953" lon="-121.332906"/>
      <trkpt lat="47.259992" lon="-121.333048"/>
      <trkpt lat="47.260006" lon="-121.333080"/>
      <trkpt lat="47.260046" lon="-121.333059"/>
      <trkpt lat="47.260062" lon="-121.332968"/>
      <trkpt lat="47.260088" lon="-121.332882"/>
      <trkpt lat="47.260154" lon="-121.332729"/>
      <trkpt lat="47.260215" lon="-121.332613"/>
      <trkpt lat="47.260234" lon="-121.332592"/>
      <trkpt lat="47.260258" lon="-121.332587"/>
      <trkpt lat="47.260295" lon="-121.332635"/>
      <trkpt lat="47.260345" lon="-121.332823"/>
      <trkpt lat="47.260407" lon="-121.332993"/>
      <trkpt lat="47.260479" lon="-121.333118"/>
      <trkpt lat="47.260660" lon="-121.333395"/>
      <trkpt lat="47.260742" lon="-121.333525"/>
      <trkpt lat="47.260772" lon="-121.333555"/>
      <trkpt lat="47.260818" lon="-121.333563"/>
      <trkpt lat="47.260860" lon="-121.333523"/>
      <trkpt lat="47.260896" lon="-121.333418"/>
      <trkpt lat="47.260931" lon="-121.333295"/>
      <trkpt lat="47.260967" lon="-121.333096"/>
      <trkpt lat="47.260975" lon="-121.332970"/>
      <trkpt lat="47.260962" lon="-121.332855"/>
      <trkpt lat="47.260929" lon="-121.332785"/>
      <trkpt lat="47.260914" lon="-121.332734"/>
      <trkpt lat="47.260927" lon="-121.332699"/>
      <trkpt lat="47.260957" lon="-121.332675"/>
      <trkpt lat="47.261011" lon="-121.332780"/>
      <trkpt lat="47.261093" lon="-121.332925"/>
      <trkpt lat="47.261286" lon="-121.333228"/>
      <trkpt lat="47.261358" lon="-121.333398"/>
      <trkpt lat="47.261399" lon="-121.333525"/>
      <trkpt lat="47.261428" lon="-121.333662"/>
      <trkpt lat="47.261479" lon="-121.333968"/>
      <trkpt lat="47.261493" lon="-121.334175"/>
      <trkpt lat="47.261497" lon="-121.334341"/>
      <trkpt lat="47.261508" lon="-121.334453"/>
      <trkpt lat="47.261539" lon="-121.334499"/>
      <trkpt lat="47.261603" lon="-121.334515"/>
      <trkpt lat="47.261653" lon="-121.334486"/>
      <trkpt lat="47.261687" lon="-121.334410"/>
      <trkpt lat="47.261693" lon="-121.334333"/>
      <trkpt lat="47.261748" lon="-121.334252"/>
      <trkpt lat="47.261810" lon="-121.334185"/>
      <trkpt lat="47.261846" lon="-121.334110"/>
      <trkpt lat="47.261872" lon="-121.334006"/>
      <trkpt lat="47.261963" lon="-121.333751"/>
      <trkpt lat="47.262003" lon="-121.333751"/>
      <trkpt lat="47.262036" lon="-121.333780"/>
      <trkpt lat="47.262061" lon="-121.333885"/>
      <trkpt lat="47.262130" lon="-121.334065"/>
      <trkpt lat="47.262194" lon="-121.334244"/>
      <trkpt lat="47.262209" lon="-121.334389"/>
      <trkpt lat="47.262212" lon="-121.334464"/>
      <trkpt lat="47.262287" lon="-121.334625"/>
      <trkpt lat="47.262343" lon="-121.334641"/>
      <trkpt lat="47.262394" lon="-121.334620"/>
      <trkpt lat="47.262460" lon="-121.334542"/>
      <trkpt lat="47.262531" lon="-121.334446"/>
      <trkpt lat="47.262622" lon="-121.334309"/>
      <trkpt lat="47.262667" lon="-121.334166"/>
      <trkpt lat="47.262724" lon="-121.334041"/>
      <trkpt lat="47.262769" lon="-121.333987"/>
      <trkpt lat="47.262822" lon="-121.333981"/>
      <trkpt lat="47.262918" lon="-121.334150"/>
      <trkpt lat="47.262984" lon="-121.334298"/>
      <trkpt lat="47.263050" lon="-121.334413"/>
      <trkpt lat="47.263193" lon="-121.334633"/>
      <trkpt lat="47.263292" lon="-121.334818"/>
      <trkpt lat="47.263441" lon="-121.334982"/>
      <trkpt lat="47.263518" lon="-121.335107"/>
      <trkpt lat="47.263572" lon="-121.335215"/>
      <trkpt lat="47.263608" lon="-121.335462"/>
      <trkpt lat="47.263630" lon="-121.335559"/>
      <trkpt lat="47.263670" lon="-121.335655"/>
      <trkpt lat="47.263790" lon="-121.335795"/>
      <trkpt lat="47.264062" lon="-121.336213"/>
      <trkpt lat="47.264078" lon="-121.336411"/>
      <trkpt lat="47.264153" lon="-121.336546"/>
      <trkpt lat="47.264227" lon="-121.336648"/>
      <trkpt lat="47.264289" lon="-121.336800"/>
      <trkpt lat="47.264338" lon="-121.336902"/>
      <trkpt lat="47.264362" lon="-121.337018"/>
      <trkpt lat="47.264364" lon="-121.337133"/>
      <trkpt lat="47.264358" lon="-121.337302"/>
      <trkpt lat="47.264336" lon="-121.337498"/>
      <trkpt lat="47.264342" lon="-121.337594"/>
      <trkpt lat="47.264409" lon="-121.337616"/>
      <trkpt lat="47.264471" lon="-121.337597"/>
      <trkpt lat="47.264635" lon="-121.337431"/>
      <trkpt lat="47.264755" lon="-121.337345"/>
      <trkpt lat="47.264850" lon="-121.337302"/>
      <trkpt lat="47.265021" lon="-121.337256"/>
      <trkpt lat="47.265202" lon="-121.337242"/>
      <trkpt lat="47.265500" lon="-121.337152"/>
      <trkpt lat="47.265658" lon="-121.337098"/>
      <trkpt lat="47.265809" lon="-121.337018"/>
      <trkpt lat="47.265955" lon="-121.336996"/>
      <trkpt lat="47.266069" lon="-121.337010"/>
      <trkpt lat="47.266153" lon="-121.337042"/>
      <trkpt lat="47.266262" lon="-121.337160"/>
      <trkpt lat="47.266410" lon="-121.337366"/>
      <trkpt lat="47.266814" lon="-121.337852"/>
      <trkpt lat="47.266999" lon="-121.338064"/>
      <trkpt lat="47.267085" lon="-121.338144"/>
      <trkpt lat="47.267223" lon="-121.338235"/>
      <trkpt lat="47.267361" lon="-121.338311"/>
      <trkpt lat="47.267505" lon="-121.338370"/>
      <trkpt lat="47.267705" lon="-121.338429"/>
      <trkpt lat="47.267775" lon="-121.338455"/>
      <trkpt lat="47.267804" lon="-121.338509"/>
      <trkpt lat="47.267800" lon="-121.338718"/>
      <trkpt lat="47.267822" lon="-121.338968"/>
      <trkpt lat="47.267853" lon="-121.339142"/>
      <trkpt lat="47.267915" lon="-121.339257"/>
      <trkpt lat="47.267960" lon="-121.339311"/>
      <trkpt lat="47.268031" lon="-121.339373"/>
      <trkpt lat="47.268266" lon="-121.339434"/>
      <trkpt lat="47.268415" lon="-121.339461"/>
      <trkpt lat="47.268557" lon="-121.339472"/>
      <trkpt lat="47.268648" lon="-121.339461"/>
      <trkpt lat="47.268777" lon="-121.339405"/>
      <trkpt lat="47.268854" lon="-121.339354"/>
      <trkpt lat="47.268954" lon="-121.339276"/>
      <trkpt lat="47.269043" lon="-121.339174"/>
      <trkpt lat="47.269116" lon="-121.339126"/>
      <trkpt lat="47.269182" lon="-121.339099"/>
      <trkpt lat="47.269287" lon="-121.339097"/>
      <trkpt lat="47.269369" lon="-121.339067"/>
      <trkpt lat="47.269451" lon="-121.339024"/>
      <trkpt lat="47.269540" lon="-121.338938"/>
      <trkpt lat="47.269749" lon="-121.338858"/>
      <trkpt lat="47.269848" lon="-121.338772"/>
      <trkpt lat="47.270044" lon="-121.338504"/>
      <trkpt lat="47.270072" lon="-121.338463"/>
      <trkpt lat="47.270130" lon="-121.338359"/>
      <trkpt lat="47.270224" lon="-121.338319"/>
      <trkpt lat="47.270312" lon="-121.338348"/>
      <trkpt lat="47.270416" lon="-121.338359"/>
      <trkpt lat="47.270539" lon="-121.338332"/>
      <trkpt lat="47.270630" lon="-121.338287"/>
      <trkpt lat="47.270679" lon="-121.338241"/>
      <trkpt lat="47.270732" lon="-121.338133"/>
      <trkpt lat="47.270750" lon="-121.338072"/>
      <trkpt lat="47.270770" lon="-121.337951"/>
      <trkpt lat="47.270796" lon="-121.337836"/>
      <trkpt lat="47.270840" lon="-121.337743"/>
      <trkpt lat="47.270998" lon="-121.337664"/>
      <trkpt lat="47.271085" lon="-121.337656"/>
      <trkpt lat="47.271158" lon="-121.337682"/>
      <trkpt lat="47.271213" lon="-121.337753"/>
      <trkpt lat="47.271269" lon="-121.337806"/>
      <trkpt lat="47.271338" lon="-121.337839"/>
      <trkpt lat="47.271440" lon="-121.337820"/>
      <trkpt lat="47.271529" lon="-121.337830"/>
      <trkpt lat="47.271620" lon="-121.337860"/>
      <trkpt lat="47.271699" lon="-121.337906"/>
      <trkpt lat="47.271845" lon="-121.338063"/>
      <trkpt lat="47.271923" lon="-121.338120"/>
      <trkpt lat="47.272032" lon="-121.338120"/>
      <trkpt lat="47.272137" lon="-121.338152"/>
      <trkpt lat="47.272230" lon="-121.338225"/>
      <trkpt lat="47.272337" lon="-121.338270"/>
      <trkpt lat="47.272481" lon="-121.338388"/>
      <trkpt lat="47.272525" lon="-121.338506"/>
      <trkpt lat="47.272568" lon="-121.338575"/>
      <trkpt lat="47.272612" lon="-121.338608"/>
      <trkpt lat="47.272712" lon="-121.338595"/>
      <trkpt lat="47.272863" lon="-121.338555"/>
      <trkpt lat="47.272965" lon="-121.338541"/>
      <trkpt lat="47.273122" lon="-121.338568"/>
      <trkpt lat="47.273364" lon="-121.338638"/>
      <trkpt lat="47.273591" lon="-121.338745"/>
      <trkpt lat="47.273946" lon="-121.338876"/>
      <trkpt lat="47.274039" lon="-121.338903"/>
      <trkpt lat="47.274399" lon="-121.338895"/>
      <trkpt lat="47.274470" lon="-121.338876"/>
      <trkpt lat="47.274554" lon="-121.338812"/>
      <trkpt lat="47.274674" lon="-121.338729"/>
      <trkpt lat="47.274758" lon="-121.338716"/>
      <trkpt lat="47.274856" lon="-121.338710"/>
      <trkpt lat="47.274958" lon="-121.338750"/>
      <trkpt lat="47.275033" lon="-121.338823"/>
      <trkpt lat="47.275244" lon="-121.339110"/>
      <trkpt lat="47.275406" lon="-121.339363"/>
      <trkpt lat="47.275457" lon="-121.339644"/>
      <trkpt lat="47.275491" lon="-121.339786"/>
      <trkpt lat="47.275560" lon="-121.339909"/>
      <trkpt lat="47.275675" lon="-121.340059"/>
      <trkpt lat="47.275768" lon="-121.340212"/>
      <trkpt lat="47.275859" lon="-121.340448"/>
      <trkpt lat="47.275964" lon="-121.340660"/>
      <trkpt lat="47.276021" lon="-121.340746"/>
      <trkpt lat="47.276070" lon="-121.340805"/>
      <trkpt lat="47.276154" lon="-121.340824"/>
      <trkpt lat="47.276252" lon="-121.340832"/>
      <trkpt lat="47.276347" lon="-121.340797"/>
      <trkpt lat="47.276428" lon="-121.340743"/>
      <trkpt lat="47.276563" lon="-121.340730"/>
      <trkpt lat="47.276729" lon="-121.340692"/>
      <trkpt lat="47.276851" lon="-121.340722"/>
      <trkpt lat="47.276960" lon="-121.340778"/>
      <trkpt lat="47.277114" lon="-121.340823"/>
    </trkseg>
    <trkseg>
      <trkpt lat="47.235074" lon="-121.362697"/>
      <trkpt lat="47.235089" lon="-121.362579"/>
      <trkpt lat="47.235123" lon="-121.362461"/>
      <trkpt lat="47.235189" lon="-121.362295"/>
      <trkpt lat="47.235231" lon="-121.362185"/>
      <trkpt lat="47.235265" lon="-121.362080"/>
      <trkpt lat="47.235317" lon="-121.361935"/>
      <trkpt lat="47.235349" lon="-121.361879"/>
      <trkpt lat="47.235417" lon="-121.361831"/>
      <trkpt lat="47.235499" lon="-121.361761"/>
      <trkpt lat="47.235610" lon="-121.361729"/>
      <trkpt lat="47.235763" lon="-121.361732"/>
    </trkseg>
    <trkseg>
      <trkpt lat="47.216169" lon="-121.331335"/>
      <trkpt lat="47.216138" lon="-121.331348"/>
      <trkpt lat="47.216065" lon="-121.331272"/>
      <trkpt lat="47.215974" lon="-121.331189"/>
      <trkpt lat="47.215737" lon="-121.331176"/>
      <trkpt lat="47.215659" lon="-121.331203"/>
      <trkpt lat="47.215593" lon="-121.331232"/>
      <trkpt lat="47.215509" lon="-121.331342"/>
      <trkpt lat="47.215418" lon="-121.331495"/>
      <trkpt lat="47.215369" lon="-121.331629"/>
      <trkpt lat="47.215354" lon="-121.331731"/>
      <trkpt lat="47.215316" lon="-121.331817"/>
      <trkpt lat="47.215220" lon="-121.331978"/>
      <trkpt lat="47.214993" lon="-121.332316"/>
      <trkpt lat="47.214857" lon="-121.332560"/>
      <trkpt lat="47.214697" lon="-121.332777"/>
      <trkpt lat="47.214636" lon="-121.332839"/>
      <trkpt lat="47.214580" lon="-121.332839"/>
      <trkpt lat="47.214534" lon="-121.332820"/>
      <trkpt lat="47.214485" lon="-121.332839"/>
      <trkpt lat="47.214441" lon="-121.332864"/>
      <trkpt lat="47.214299" lon="-121.333027"/>
      <trkpt lat="47.214188" lon="-121.333185"/>
      <trkpt lat="47.214079" lon="-121.333257"/>
      <trkpt lat="47.213979" lon="-121.333314"/>
      <trkpt lat="47.213704" lon="-121.333504"/>
      <trkpt lat="47.213614" lon="-121.333582"/>
      <trkpt lat="47.213563" lon="-121.333657"/>
      <trkpt lat="47.213531" lon="-121.333743"/>
      <trkpt lat="47.213525" lon="-121.333796"/>
      <trkpt lat="47.213534" lon="-121.333869"/>
      <trkpt lat="47.213622" lon="-121.334118"/>
      <trkpt lat="47.213671" lon="-121.334290"/>
      <trkpt lat="47.213685" lon="-121.334397"/>
      <trkpt lat="47.213685" lon="-121.334462"/>
      <trkpt lat="47.213667" lon="-121.334545"/>
      <trkpt lat="47.213634" lon="-121.334633"/>
      <trkpt lat="47.213574" lon="-121.334834"/>
      <trkpt lat="47.213516" lon="-121.334923"/>
      <trkpt lat="47.213452" lon="-121.334982"/>
      <trkpt lat="47.213387" lon="-121.335014"/>
      <trkpt lat="47.213310" lon="-121.335027"/>
      <trkpt lat="47.213206" lon="-121.335022"/>
      <trkpt lat="47.213044" lon="-121.334971"/>
      <trkpt lat="47.212813" lon="-121.334926"/>
      <trkpt lat="47.212700" lon="-121.334947"/>
      <trkpt lat="47.212607" lon="-121.334990"/>
      <trkpt lat="47.212523" lon="-121.335084"/>
      <trkpt lat="47.212446" lon="-121.335196"/>
      <trkpt lat="47.212415" lon="-121.335296"/>
      <trkpt lat="47.212399" lon="-121.335483"/>
      <trkpt lat="47.212432" lon="-121.335728"/>
      <trkpt lat="47.212561" lon="-121.335961"/>
      <trkpt lat="47.212616" lon="-121.336084"/>
      <trkpt lat="47.212800" lon="-121.336347"/>
      <trkpt lat="47.212907" lon="-121.336532"/>
      <trkpt lat="47.213019" lon="-121.336744"/>
      <trkpt lat="47.213104" lon="-121.336884"/>
      <trkpt lat="47.213230" lon="-121.337050"/>
      <trkpt lat="47.213316" lon="-121.337147"/>
      <trkpt lat="47.213423" lon="-121.337219"/>
      <trkpt lat="47.213589" lon="-121.337380"/>
      <trkpt lat="47.213691" lon="-121.337487"/>
      <trkpt lat="47.213873" lon="-121.337696"/>
      <trkpt lat="47.214024" lon="-121.337876"/>
      <trkpt lat="47.214274" lon="-121.338276"/>
      <trkpt lat="47.214347" lon="-121.338364"/>
      <trkpt lat="47.214398" lon="-121.338399"/>
      <trkpt lat="47.214425" lon="-121.338396"/>
      <trkpt lat="47.214458" lon="-121.338380"/>
      <trkpt lat="47.214482" lon="-121.338340"/>
      <trkpt lat="47.214491" lon="-121.338251"/>
      <trkpt lat="47.214463" lon="-121.337616"/>
      <trkpt lat="47.214434" lon="-121.337211"/>
      <trkpt lat="47.214389" lon="-121.336985"/>
      <trkpt lat="47.214403" lon="-121.336959"/>
      <trkpt lat="47.214462" lon="-121.336985"/>
      <trkpt lat="47.214522" lon="-121.337074"/>
      <trkpt lat="47.214631" lon="-121.337200"/>
      <trkpt lat="47.214737" lon="-121.337353"/>
      <trkpt lat="47.214806" lon="-121.337479"/>
      <trkpt lat="47.214899" lon="-121.337707"/>
      <trkpt lat="47.215066" lon="-121.338227"/>
      <trkpt lat="47.215086" lon="-121.338544"/>
      <trkpt lat="47.215100" lon="-121.338695"/>
      <trkpt lat="47.215099" lon="-121.338815"/>
      <trkpt lat="47.215057" lon="-121.338925"/>
      <trkpt lat="47.215061" lon="-121.339016"/>
      <trkpt lat="47.215072" lon="-121.339121"/>
      <trkpt lat="47.215065" lon="-121.339212"/>
      <trkpt lat="47.215034" lon="-121.339300"/>
      <trkpt lat="47.215030" lon="-121.339397"/>
      <trkpt lat="47.215070" lon="-121.339542"/>
      <trkpt lat="47.215075" lon="-121.339681"/>
      <trkpt lat="47.215032" lon="-121.339872"/>
      <trkpt lat="47.215047" lon="-121.340007"/>
      <trkpt lat="47.215077" lon="-121.340000"/>
      <trkpt lat="47.215161" lon="-121.339850"/>
      <trkpt lat="47.215207" lon="-121.339740"/>
      <trkpt lat="47.215258" lon="-121.339646"/>
      <trkpt lat="47.215280" lon="-121.339689"/>
      <trkpt lat="47.215237" lon="-121.339957"/>
      <trkpt lat="47.215263" lon="-121.339968"/>
      <trkpt lat="47.215340" lon="-121.339872"/>
      <trkpt lat="47.215413" lon="-121.339689"/>
      <trkpt lat="47.215444" lon="-121.339679"/>
      <trkpt lat="47.215458" lon="-121.339729"/>
      <trkpt lat="47.215444" lon="-121.339923"/>
      <trkpt lat="47.215418" lon="-121.340085"/>
      <trkpt lat="47.215322" lon="-121.340371"/>
      <trkpt lat="47.215298" lon="-121.340521"/>
      <trkpt lat="47.215287" lon="-121.340641"/>
      <trkpt lat="47.215301" lon="-121.340762"/>
      <trkpt lat="47.215407" lon="-121.341057"/>
      <trkpt lat="47.215451" lon="-121.341140"/>
      <trkpt lat="47.215480" lon="-121.341144"/>
      <trkpt lat="47.215502" lon="-121.341089"/>
      <trkpt lat="47.215511" lon="-121.340958"/>
      <trkpt lat="47.215527" lon="-121.340837"/>
      <trkpt lat="47.215544" lon="-121.340757"/>
      <trkpt lat="47.215572" lon="-121.340711"/>
      <trkpt lat="47.215604" lon="-121.340789"/>
      <trkpt lat="47.215629" lon="-121.340928"/>
      <trkpt lat="47.215672" lon="-121.341075"/>
      <trkpt lat="47.215753" lon="-121.341325"/>
      <trkpt lat="47.215894" lon="-121.341628"/>
      <trkpt lat="47.215975" lon="-121.341838"/>
      <trkpt lat="47.216057" lon="-121.342033"/>
      <trkpt lat="47.216160" lon="-121.342202"/>
      <trkpt lat="47.216211" lon="-121.342261"/>
      <trkpt lat="47.216307" lon="-121.342294"/>
      <trkpt lat="47.216418" lon="-121.342385"/>
      <trkpt lat="47.216577" lon="-121.342570"/>
      <trkpt lat="47.216628" lon="-121.342666"/>
      <trkpt lat="47.216692" lon="-121.342747"/>
      <trkpt lat="47.216803" lon="-121.342846"/>
      <trkpt lat="47.216901" lon="-121.342902"/>
      <trkpt lat="47.217194" lon="-121.343160"/>
      <trkpt lat="47.217265" lon="-121.343243"/>
      <trkpt lat="47.217408" lon="-121.343452"/>
      <trkpt lat="47.217453" lon="-121.343541"/>
      <trkpt lat="47.217497" lon="-121.343608"/>
      <trkpt lat="47.217653" lon="-121.343750"/>
      <trkpt lat="47.217745" lon="-121.343815"/>
      <trkpt lat="47.217900" lon="-121.343940"/>
      <trkpt lat="47.217996" lon="-121.344031"/>
      <trkpt lat="47.218063" lon="-121.344123"/>
      <trkpt lat="47.218169" lon="-121.344230"/>
      <trkpt lat="47.218236" lon="-121.344321"/>
      <trkpt lat="47.218286" lon="-121.344442"/>
      <trkpt lat="47.218300" lon="-121.344539"/>
      <trkpt lat="47.218338" lon="-121.344557"/>
      <trkpt lat="47.218373" lon="-121.344536"/>
      <trkpt lat="47.218404" lon="-121.344482"/>
      <trkpt lat="47.218433" lon="-121.344391"/>
      <trkpt lat="47.218448" lon="-121.344311"/>
      <trkpt lat="47.218444" lon="-121.344244"/>
      <trkpt lat="47.218404" lon="-121.344061"/>
      <trkpt lat="47.218384" lon="-121.344018"/>
      <trkpt lat="47.218400" lon="-121.343994"/>
      <trkpt lat="47.218550" lon="-121.344110"/>
      <trkpt lat="47.218590" lon="-121.344166"/>
      <trkpt lat="47.218637" lon="-121.344276"/>
      <trkpt lat="47.218685" lon="-121.344469"/>
      <trkpt lat="47.218708" lon="-121.344662"/>
      <trkpt lat="47.218692" lon="-121.344971"/>
      <trkpt lat="47.218703" lon="-121.345190"/>
      <trkpt lat="47.218690" lon="-121.345350"/>
      <trkpt lat="47.218671" lon="-121.345492"/>
      <trkpt lat="47.218668" lon="-121.345703"/>
      <trkpt lat="47.218696" lon="-121.345853"/>
      <trkpt lat="47.218728" lon="-121.345971"/>
      <trkpt lat="47.218770" lon="-121.346041"/>
      <trkpt lat="47.218847" lon="-121.346132"/>
      <trkpt lat="47.218898" lon="-121.346207"/>
      <trkpt lat="47.218938" lon="-121.346304"/>
      <trkpt lat="47.219038" lon="-121.346636"/>
      <trkpt lat="47.219111" lon="-121.347159"/>
      <trkpt lat="47.219124" lon="-121.347213"/>
      <trkpt lat="47.219140" lon="-121.347307"/>
      <trkpt lat="47.219206" lon="-121.347419"/>
      <trkpt lat="47.219251" lon="-121.347621"/>
      <trkpt lat="47.219277" lon="-121.347714"/>
      <trkpt lat="47.219405" lon="-121.348000"/>
      <trkpt lat="47.219487" lon="-121.348230"/>
      <trkpt lat="47.219523" lon="-121.348315"/>
      <trkpt lat="47.219590" lon="-121.348538"/>
      <trkpt lat="47.219605" lon="-121.348631"/>
      <trkpt lat="47.219630" lon="-121.348735"/>
      <trkpt lat="47.219673" lon="-121.348867"/>
      <trkpt lat="47.219700" lon="-121.349007"/>
      <trkpt lat="47.219714" lon="-121.349269"/>
      <trkpt lat="47.219728" lon="-121.349439"/>
      <trkpt lat="47.219738" lon="-121.349536"/>
      <trkpt lat="47.219763" lon="-121.349646"/>
      <trkpt lat="47.219883" lon="-121.349898"/>
      <trkpt lat="47.219896" lon="-121.349981"/>
      <trkpt lat="47.219912" lon="-121.350335"/>
      <trkpt lat="47.219928" lon="-121.350462"/>
      <trkpt lat="47.219950" lon="-121.350595"/>
      <trkpt lat="47.220043" lon="-121.350847"/>
      <trkpt lat="47.220132" lon="-121.351062"/>
      <trkpt lat="47.220157" lon="-121.351110"/>
      <trkpt lat="47.220215" lon="-121.351322"/>
      <trkpt lat="47.220241" lon="-121.351490"/>
      <trkpt lat="47.220274" lon="-121.351625"/>
      <trkpt lat="47.220340" lon="-121.351827"/>
      <trkpt lat="47.220436" lon="-121.352070"/>
      <trkpt lat="47.220482" lon="-121.352198"/>
      <trkpt lat="47.220503" lon="-121.352336"/>
      <trkpt lat="47.220514" lon="-121.352447"/>
      <trkpt lat="47.220512" lon="-121.352633"/>
      <trkpt lat="47.220515" lon="-121.352778"/>
      <trkpt lat="47.220538" lon="-121.353016"/>
      <trkpt lat="47.220549" lon="-121.353174"/>
      <trkpt lat="47.220576" lon="-121.353272"/>
      <trkpt lat="47.220611" lon="-121.353488"/>
      <trkpt lat="47.220635" lon="-121.353588"/>
      <trkpt lat="47.220710" lon="-121.353853"/>
      <trkpt lat="47.220768" lon="-121.354113"/>
      <trkpt lat="47.220833" lon="-121.354253"/>
      <trkpt lat="47.220859" lon="-121.354300"/>
      <trkpt lat="47.220871" lon="-121.354322"/>
      <trkpt lat="47.220909" lon="-121.354366"/>
      <trkpt lat="47.221068" lon="-121.354658"/>
      <trkpt lat="47.221178" lon="-121.354816"/>
      <trkpt lat="47.221263" lon="-121.354892"/>
      <trkpt lat="47.221344" lon="-121.354929"/>
      <trkpt lat="47.221475" lon="-121.355053"/>
      <trkpt lat="47.221514" lon="-121.355112"/>
      <trkpt lat="47.221528" lon="-121.355155"/>
      <trkpt lat="47.221541" lon="-121.355261"/>
      <trkpt lat="47.221553" lon="-121.355309"/>
      <trkpt lat="47.221577" lon="-121.355364"/>
      <trkpt lat="47.221608" lon="-121.355423"/>
      <trkpt lat="47.221696" lon="-121.355546"/>
      <trkpt lat="47.221828" lon="-121.355697"/>
      <trkpt lat="47.221917" lon="-121.355901"/>
      <trkpt lat="47.221946" lon="-121.356001"/>
      <trkpt lat="47.221968" lon="-121.356094"/>
      <trkpt lat="47.221995" lon="-121.356182"/>
      <trkpt lat="47.222026" lon="-121.356311"/>
      <trkpt lat="47.222064" lon="-121.356542"/>
      <trkpt lat="47.222086" lon="-121.356635"/>
      <trkpt lat="47.222113" lon="-121.356715"/>
      <trkpt lat="47.222142" lon="-121.356850"/>
      <trkpt lat="47.222183" lon="-121.356950"/>
      <trkpt lat="47.222244" lon="-121.357255"/>
      <trkpt lat="47.222286" lon="-121.357401"/>
      <trkpt lat="47.222316" lon="-121.357478"/>
      <trkpt lat="47.222355" lon="-121.357550"/>
      <trkpt lat="47.222409" lon="-121.357735"/>
      <trkpt lat="47.222438" lon="-121.357819"/>
      <trkpt lat="47.222456" lon="-121.357893"/>
      <trkpt lat="47.222473" lon="-121.358005"/>
      <trkpt lat="47.222498" lon="-121.358089"/>
      <trkpt lat="47.222511" lon="-121.358148"/>
      <trkpt lat="47.222511" lon="-121.358193"/>
      <trkpt lat="47.222504" lon="-121.358234"/>
      <trkpt lat="47.222503" lon="-121.358281"/>
      <trkpt lat="47.222538" lon="-121.358500"/>
      <trkpt lat="47.222545" lon="-121.358768"/>
      <trkpt lat="47.222567" lon="-121.358893"/>
      <trkpt lat="47.222582" lon="-121.358956"/>
      <trkpt lat="47.222581" lon="-121.359043"/>
      <trkpt lat="47.222572" lon="-121.359131"/>
      <trkpt lat="47.222571" lon="-121.359204"/>
      <trkpt lat="47.222552" lon="-121.359359"/>
      <trkpt lat="47.222533" lon="-121.359668"/>
      <trkpt lat="47.222555" lon="-121.360091"/>
      <trkpt lat="47.222580" lon="-121.360284"/>
      <trkpt lat="47.222598" lon="-121.360485"/>
      <trkpt lat="47.222642" lon="-121.360619"/>
      <trkpt lat="47.222659" lon="-121.360752"/>
      <trkpt lat="47.222688" lon="-121.360885"/>
      <trkpt lat="47.222788" lon="-121.361125"/>
      <trkpt lat="47.222927" lon="-121.361382"/>
      <trkpt lat="47.222958" lon="-121.361461"/>
      <trkpt lat="47.223037" lon="-121.361530"/>
      <trkpt lat="47.223122" lon="-121.361549"/>
      <trkpt lat="47.223183" lon="-121.361552"/>
      <trkpt lat="47.223272" lon="-121.361572"/>
      <trkpt lat="47.223423" lon="-121.361592"/>
      <trkpt lat="47.223503" lon="-121.361627"/>
      <trkpt lat="47.223617" lon="-121.361747"/>
      <trkpt lat="47.223685" lon="-121.361857"/>
      <trkpt lat="47.223749" lon="-121.362037"/>
      <trkpt lat="47.223770" lon="-121.362128"/>
      <trkpt lat="47.223742" lon="-121.362372"/>
      <trkpt lat="47.223745" lon="-121.362501"/>
      <trkpt lat="47.223763" lon="-121.362590"/>
      <trkpt lat="47.223805" lon="-121.362654"/>
      <trkpt lat="47.223873" lon="-121.362703"/>
      <trkpt lat="47.223925" lon="-121.362729"/>
      <trkpt lat="47.223987" lon="-121.362748"/>
      <trkpt lat="47.224133" lon="-121.362772"/>
      <trkpt lat="47.224250" lon="-121.362775"/>
      <trkpt lat="47.224474" lon="-121.362729"/>
      <trkpt lat="47.224643" lon="-121.362678"/>
      <trkpt lat="47.224778" lon="-121.362583"/>
      <trkpt lat="47.224840" lon="-121.362504"/>
      <trkpt lat="47.224883" lon="-121.362457"/>
      <trkpt lat="47.224933" lon="-121.362429"/>
      <trkpt lat="47.224989" lon="-121.362437"/>
      <trkpt lat="47.225053" lon="-121.362475"/>
      <trkpt lat="47.225111" lon="-121.362483"/>
      <trkpt lat="47.225177" lon="-121.362504"/>
      <trkpt lat="47.225213" lon="-121.362542"/>
      <trkpt lat="47.225259" lon="-121.362571"/>
      <trkpt lat="47.225313" lon="-121.362577"/>
      <trkpt lat="47.225368" lon="-121.362568"/>
      <trkpt lat="47.225434" lon="-121.362504"/>
      <trkpt lat="47.225496" lon="-121.362483"/>
      <trkpt lat="47.225554" lon="-121.362488"/>
      <trkpt lat="47.225649" lon="-121.362526"/>
      <trkpt lat="47.225729" lon="-121.362571"/>
      <trkpt lat="47.225803" lon="-121.362587"/>
      <trkpt lat="47.225867" lon="-121.362590"/>
      <trkpt lat="47.225931" lon="-121.362577"/>
      <trkpt lat="47.226015" lon="-121.362526"/>
      <trkpt lat="47.226079" lon="-121.362523"/>
      <trkpt lat="47.226179" lon="-121.362534"/>
      <trkpt lat="47.226348" lon="-121.362568"/>
      <trkpt lat="47.226399" lon="-121.362523"/>
      <trkpt lat="47.226441" lon="-121.362504"/>
      <trkpt lat="47.226523" lon="-121.362389"/>
      <trkpt lat="47.226616" lon="-121.362295"/>
      <trkpt lat="47.226696" lon="-121.362196"/>
      <trkpt lat="47.226753" lon="-121.362118"/>
      <trkpt lat="47.226818" lon="-121.362086"/>
      <trkpt lat="47.227173" lon="-121.361635"/>
      <trkpt lat="47.227299" lon="-121.361423"/>
      <trkpt lat="47.227468" lon="-121.361168"/>
      <trkpt lat="47.227567" lon="-121.361045"/>
      <trkpt lat="47.227641" lon="-121.360975"/>
      <trkpt lat="47.227712" lon="-121.360924"/>
      <trkpt lat="47.227789" lon="-121.360895"/>
      <trkpt lat="47.227938" lon="-121.360881"/>
      <trkpt lat="47.228113" lon="-121.360908"/>
      <trkpt lat="47.228275" lon="-121.360951"/>
      <trkpt lat="47.228463" lon="-121.360981"/>
      <trkpt lat="47.228884" lon="-121.361013"/>
      <trkpt lat="47.229102" lon="-121.361018"/>
      <trkpt lat="47.229330" lon="-121.360973"/>
      <trkpt lat="47.229399" lon="-121.360981"/>
      <trkpt lat="47.229490" lon="-121.360973"/>
      <trkpt lat="47.229563" lon="-121.360943"/>
      <trkpt lat="47.229865" lon="-121.360707"/>
      <trkpt lat="47.230037" lon="-121.360597"/>
      <trkpt lat="47.230155" lon="-121.360535"/>
      <trkpt lat="47.230293" lon="-121.360498"/>
      <trkpt lat="47.230740" lon="-121.360517"/>
      <trkpt lat="47.230905" lon="-121.360578"/>
      <trkpt lat="47.231022" lon="-121.360640"/>
      <trkpt lat="47.231109" lon="-121.360731"/>
      <trkpt lat="47.231170" lon="-121.360822"/>
      <trkpt lat="47.231206" lon="-121.360857"/>
      <trkpt lat="47.231257" lon="-121.360865"/>
      <trkpt lat="47.231317" lon="-121.360841"/>
      <trkpt lat="47.231377" lon="-121.360852"/>
      <trkpt lat="47.231463" lon="-121.360916"/>
      <trkpt lat="47.231550" lon="-121.361034"/>
      <trkpt lat="47.231716" lon="-121.361289"/>
      <trkpt lat="47.231825" lon="-121.361471"/>
      <trkpt lat="47.231965" lon="-121.361723"/>
      <trkpt lat="47.232113" lon="-121.361957"/>
      <trkpt lat="47.232202" lon="-121.362121"/>
      <trkpt lat="47.232255" lon="-121.362190"/>
      <trkpt lat="47.232333" lon="-121.362408"/>
      <trkpt lat="47.232379" lon="-121.362673"/>
      <trkpt lat="47.232412" lon="-121.362686"/>
      <trkpt lat="47.232441" lon="-121.362633"/>
      <trkpt lat="47.232468" lon="-121.362544"/>
      <trkpt lat="47.232488" lon="-121.362391"/>
      <trkpt lat="47.232497" lon="-121.362177"/>
      <trkpt lat="47.232492" lon="-121.362021"/>
      <trkpt lat="47.232522" lon="-121.362003"/>
      <trkpt lat="47.232603" lon="-121.362225"/>
      <trkpt lat="47.232630" lon="-121.362402"/>
      <trkpt lat="47.232658" lon="-121.362509"/>
      <trkpt lat="47.232668" lon="-121.362678"/>
      <trkpt lat="47.232716" lon="-121.362813"/>
      <trkpt lat="47.232778" lon="-121.363116"/>
      <trkpt lat="47.232812" lon="-121.363231"/>
      <trkpt lat="47.232849" lon="-121.363242"/>
      <trkpt lat="47.232883" lon="-121.363218"/>
      <trkpt lat="47.232925" lon="-121.363145"/>
      <trkpt lat="47.232982" lon="-121.362914"/>
      <trkpt lat="47.233055" lon="-121.362566"/>
      <trkpt lat="47.233120" lon="-121.362348"/>
      <trkpt lat="47.233253" lon="-121.361938"/>
      <trkpt lat="47.233273" lon="-121.361834"/>
      <trkpt lat="47.233298" lon="-121.361745"/>
      <trkpt lat="47.233355" lon="-121.361718"/>
      <trkpt lat="47.233432" lon="-121.361716"/>
      <trkpt lat="47.233543" lon="-121.361686"/>
      <trkpt lat="47.233623" lon="-121.361654"/>
      <trkpt lat="47.233655" lon="-121.361611"/>
      <trkpt lat="47.233672" lon="-121.361498"/>
      <trkpt lat="47.233685" lon="-121.361329"/>
      <trkpt lat="47.233681" lon="-121.361195"/>
      <trkpt lat="47.233659" lon="-121.361064"/>
      <trkpt lat="47.233634" lon="-121.360994"/>
      <trkpt lat="47.233626" lon="-121.360927"/>
      <trkpt lat="47.233646" lon="-121.360788"/>
      <trkpt lat="47.233685" lon="-121.360634"/>
      <trkpt lat="47.233723" lon="-121.360460"/>
      <trkpt lat="47.233763" lon="-121.360369"/>
      <trkpt lat="47.233774" lon="-121.360050"/>
      <trkpt lat="47.233790" lon="-121.360004"/>
      <trkpt lat="47.233819" lon="-121.360010"/>
      <trkpt lat="47.233850" lon="-121.360082"/>
      <trkpt lat="47.233921" lon="-121.360224"/>
      <trkpt lat="47.233967" lon="-121.360356"/>
      <trkpt lat="47.234074" lon="-121.360525"/>
      <trkpt lat="47.234209" lon="-121.360653"/>
      <trkpt lat="47.234278" lon="-121.360710"/>
      <trkpt lat="47.234355" lon="-121.360793"/>
      <trkpt lat="47.234384" lon="-121.360881"/>
      <trkpt lat="47.234420" lon="-121.360924"/>
      <trkpt lat="47.234466" lon="-121.360943"/>
      <trkpt lat="47.234530" lon="-121.360940"/>
      <trkpt lat="47.234592" lon="-121.360961"/>
      <trkpt lat="47.234712" lon="-121.361066"/>
      <trkpt lat="47.234766" lon="-121.361147"/>
      <trkpt lat="47.234817" lon="-121.361396"/>
      <trkpt lat="47.234806" lon="-121.361716"/>
      <trkpt lat="47.234821" lon="-121.361847"/>
      <trkpt lat="47.234857" lon="-121.362027"/>
      <trkpt lat="47.234932" lon="-121.362338"/>
      <trkpt lat="47.235003" lon="-121.362681"/>
      <trkpt lat="47.235020" lon="-121.362735"/>
      <trkpt lat="47.235038" lon="-121.362735"/>
      <trkpt lat="47.235074" lon="-121.362697"/>
    </trkseg>
    <trkseg>
      <trkpt lat="47.216177" lon="-121.331288"/>
      <trkpt lat="47.216169" lon="-121.331335"/>
    </trkseg>
    <trkseg>
      <trkpt lat="47.205107" lon="-121.310235"/>
      <trkpt lat="47.205265" lon="-121.310360"/>
      <trkpt lat="47.205385" lon="-121.310700"/>
      <trkpt lat="47.205393" lon="-121.310896"/>
      <trkpt lat="47.205349" lon="-121.311357"/>
      <trkpt lat="47.205330" lon="-121.311658"/>
      <trkpt lat="47.205441" lon="-121.312135"/>
      <trkpt lat="47.205588" lon="-121.312574"/>
      <trkpt lat="47.205933" lon="-121.313428"/>
      <trkpt lat="47.206075" lon="-121.313701"/>
      <trkpt lat="47.206165" lon="-121.313863"/>
      <trkpt lat="47.206250" lon="-121.313996"/>
      <trkpt lat="47.206457" lon="-121.314189"/>
      <trkpt lat="47.206623" lon="-121.314362"/>
      <trkpt lat="47.206739" lon="-121.314556"/>
      <trkpt lat="47.206787" lon="-121.314605"/>
      <trkpt lat="47.206793" lon="-121.314739"/>
      <trkpt lat="47.206743" lon="-121.314812"/>
      <trkpt lat="47.206676" lon="-121.314865"/>
      <trkpt lat="47.206530" lon="-121.315032"/>
      <trkpt lat="47.206459" lon="-121.315152"/>
      <trkpt lat="47.206437" lon="-121.315249"/>
      <trkpt lat="47.206430" lon="-121.315335"/>
      <trkpt lat="47.206459" lon="-121.315450"/>
      <trkpt lat="47.206583" lon="-121.315675"/>
      <trkpt lat="47.206680" lon="-121.315890"/>
      <trkpt lat="47.206745" lon="-121.315973"/>
      <trkpt lat="47.206924" lon="-121.316164"/>
      <trkpt lat="47.206971" lon="-121.316185"/>
      <trkpt lat="47.206985" lon="-121.316155"/>
      <trkpt lat="47.207044" lon="-121.316188"/>
      <trkpt lat="47.207155" lon="-121.316150"/>
      <trkpt lat="47.207308" lon="-121.316072"/>
      <trkpt lat="47.207423" lon="-121.316021"/>
      <trkpt lat="47.207536" lon="-121.315989"/>
      <trkpt lat="47.207753" lon="-121.315877"/>
      <trkpt lat="47.207857" lon="-121.315788"/>
      <trkpt lat="47.207952" lon="-121.315683"/>
      <trkpt lat="47.208046" lon="-121.315614"/>
      <trkpt lat="47.208123" lon="-121.315517"/>
      <trkpt lat="47.208207" lon="-121.315434"/>
      <trkpt lat="47.208323" lon="-121.315364"/>
      <trkpt lat="47.208400" lon="-121.315305"/>
      <trkpt lat="47.208474" lon="-121.315206"/>
      <trkpt lat="47.208522" lon="-121.315152"/>
      <trkpt lat="47.208580" lon="-121.315131"/>
      <trkpt lat="47.208640" lon="-121.315131"/>
      <trkpt lat="47.208751" lon="-121.315152"/>
      <trkpt lat="47.208901" lon="-121.315198"/>
      <trkpt lat="47.209112" lon="-121.315300"/>
      <trkpt lat="47.209200" lon="-121.315321"/>
      <trkpt lat="47.209409" lon="-121.315351"/>
      <trkpt lat="47.209513" lon="-121.315380"/>
      <trkpt lat="47.209633" lon="-121.315404"/>
      <trkpt lat="47.209752" lon="-121.315418"/>
      <trkpt lat="47.209903" lon="-121.315404"/>
      <trkpt lat="47.209987" lon="-121.315423"/>
      <trkpt lat="47.210103" lon="-121.315469"/>
      <trkpt lat="47.210267" lon="-121.315509"/>
      <trkpt lat="47.210437" lon="-121.315544"/>
      <trkpt lat="47.210543" lon="-121.315537"/>
      <trkpt lat="47.210588" lon="-121.315571"/>
      <trkpt lat="47.210610" lon="-121.315645"/>
      <trkpt lat="47.210577" lon="-121.315726"/>
      <trkpt lat="47.210570" lon="-121.315828"/>
      <trkpt lat="47.210584" lon="-121.315960"/>
      <trkpt lat="47.210608" lon="-121.316126"/>
      <trkpt lat="47.210634" lon="-121.316241"/>
      <trkpt lat="47.210645" lon="-121.316367"/>
      <trkpt lat="47.210645" lon="-121.316504"/>
      <trkpt lat="47.210654" lon="-121.316593"/>
      <trkpt lat="47.210681" lon="-121.316668"/>
      <trkpt lat="47.210717" lon="-121.316729"/>
      <trkpt lat="47.210768" lon="-121.316772"/>
      <trkpt lat="47.210825" lon="-121.316796"/>
      <trkpt lat="47.210883" lon="-121.316805"/>
      <trkpt lat="47.210940" lon="-121.316791"/>
      <trkpt lat="47.211089" lon="-121.316700"/>
      <trkpt lat="47.211171" lon="-121.316697"/>
      <trkpt lat="47.211286" lon="-121.316743"/>
      <trkpt lat="47.211519" lon="-121.316904"/>
      <trkpt lat="47.211574" lon="-121.316982"/>
      <trkpt lat="47.211621" lon="-121.317100"/>
      <trkpt lat="47.211650" lon="-121.317232"/>
      <trkpt lat="47.211814" lon="-121.317601"/>
      <trkpt lat="47.211942" lon="-121.317861"/>
      <trkpt lat="47.211969" lon="-121.317910"/>
      <trkpt lat="47.212007" lon="-121.317928"/>
      <trkpt lat="47.212042" lon="-121.317926"/>
      <trkpt lat="47.212117" lon="-121.317894"/>
      <trkpt lat="47.212159" lon="-121.317891"/>
      <trkpt lat="47.212199" lon="-121.317926"/>
      <trkpt lat="47.212224" lon="-121.317995"/>
      <trkpt lat="47.212239" lon="-121.318062"/>
      <trkpt lat="47.212242" lon="-121.318183"/>
      <trkpt lat="47.212222" lon="-121.318564"/>
      <trkpt lat="47.212229" lon="-121.318736"/>
      <trkpt lat="47.212255" lon="-121.318835"/>
      <trkpt lat="47.212363" lon="-121.319058"/>
      <trkpt lat="47.212397" lon="-121.319146"/>
      <trkpt lat="47.212419" lon="-121.319261"/>
      <trkpt lat="47.212425" lon="-121.319398"/>
      <trkpt lat="47.212415" lon="-121.319557"/>
      <trkpt lat="47.212424" lon="-121.319655"/>
      <trkpt lat="47.212437" lon="-121.319720"/>
      <trkpt lat="47.212474" lon="-121.319768"/>
      <trkpt lat="47.212543" lon="-121.319779"/>
      <trkpt lat="47.212603" lon="-121.319755"/>
      <trkpt lat="47.212654" lon="-121.319742"/>
      <trkpt lat="47.212696" lon="-121.319755"/>
      <trkpt lat="47.212734" lon="-121.319793"/>
      <trkpt lat="47.212760" lon="-121.319873"/>
      <trkpt lat="47.212776" lon="-121.319953"/>
      <trkpt lat="47.212773" lon="-121.320144"/>
      <trkpt lat="47.212748" lon="-121.320388"/>
      <trkpt lat="47.212705" lon="-121.320611"/>
      <trkpt lat="47.212618" lon="-121.320914"/>
      <trkpt lat="47.212578" lon="-121.321090"/>
      <trkpt lat="47.212558" lon="-121.321163"/>
      <trkpt lat="47.212558" lon="-121.321268"/>
      <trkpt lat="47.212570" lon="-121.321325"/>
      <trkpt lat="47.212605" lon="-121.321394"/>
      <trkpt lat="47.212665" lon="-121.321434"/>
      <trkpt lat="47.212744" lon="-121.321450"/>
      <trkpt lat="47.212933" lon="-121.321442"/>
      <trkpt lat="47.213177" lon="-121.321413"/>
      <trkpt lat="47.213336" lon="-121.321413"/>
      <trkpt lat="47.213434" lon="-121.321431"/>
      <trkpt lat="47.213603" lon="-121.321453"/>
      <trkpt lat="47.213731" lon="-121.321421"/>
      <trkpt lat="47.213831" lon="-121.321405"/>
      <trkpt lat="47.213895" lon="-121.321402"/>
      <trkpt lat="47.213939" lon="-121.321415"/>
      <trkpt lat="47.213977" lon="-121.321450"/>
      <trkpt lat="47.213997" lon="-121.321493"/>
      <trkpt lat="47.214001" lon="-121.321555"/>
      <trkpt lat="47.213962" lon="-121.322011"/>
      <trkpt lat="47.213911" lon="-121.322303"/>
      <trkpt lat="47.213899" lon="-121.322405"/>
      <trkpt lat="47.213901" lon="-121.322476"/>
      <trkpt lat="47.213913" lon="-121.322606"/>
      <trkpt lat="47.213946" lon="-121.322756"/>
      <trkpt lat="47.213984" lon="-121.322872"/>
      <trkpt lat="47.214141" lon="-121.323470"/>
      <trkpt lat="47.214208" lon="-121.323684"/>
      <trkpt lat="47.214254" lon="-121.323802"/>
      <trkpt lat="47.214345" lon="-121.324006"/>
      <trkpt lat="47.214482" lon="-121.324258"/>
      <trkpt lat="47.214668" lon="-121.324658"/>
      <trkpt lat="47.214700" lon="-121.324717"/>
      <trkpt lat="47.214762" lon="-121.324784"/>
      <trkpt lat="47.214837" lon="-121.324843"/>
      <trkpt lat="47.214933" lon="-121.324886"/>
      <trkpt lat="47.215008" lon="-121.324942"/>
      <trkpt lat="47.215174" lon="-121.325133"/>
      <trkpt lat="47.215342" lon="-121.325243"/>
      <trkpt lat="47.215451" lon="-121.325334"/>
      <trkpt lat="47.215569" lon="-121.325423"/>
      <trkpt lat="47.215631" lon="-121.325506"/>
      <trkpt lat="47.215671" lon="-121.325583"/>
      <trkpt lat="47.215697" lon="-121.325693"/>
      <trkpt lat="47.215710" lon="-121.325948"/>
      <trkpt lat="47.215742" lon="-121.326155"/>
      <trkpt lat="47.215784" lon="-121.326310"/>
      <trkpt lat="47.215884" lon="-121.326772"/>
      <trkpt lat="47.215892" lon="-121.326909"/>
      <trkpt lat="47.215890" lon="-121.327018"/>
      <trkpt lat="47.215872" lon="-121.327104"/>
      <trkpt lat="47.215857" lon="-121.327198"/>
      <trkpt lat="47.215843" lon="-121.327402"/>
      <trkpt lat="47.215846" lon="-121.327592"/>
      <trkpt lat="47.215874" lon="-121.327882"/>
      <trkpt lat="47.215895" lon="-121.328008"/>
      <trkpt lat="47.215919" lon="-121.328091"/>
      <trkpt lat="47.215965" lon="-121.328220"/>
      <trkpt lat="47.216065" lon="-121.328408"/>
      <trkpt lat="47.216150" lon="-121.328486"/>
      <trkpt lat="47.216234" lon="-121.328574"/>
      <trkpt lat="47.216313" lon="-121.328698"/>
      <trkpt lat="47.216367" lon="-121.328824"/>
      <trkpt lat="47.216404" lon="-121.328931"/>
      <trkpt lat="47.216413" lon="-121.329137"/>
      <trkpt lat="47.216407" lon="-121.329341"/>
      <trkpt lat="47.216382" lon="-121.329448"/>
      <trkpt lat="47.216345" lon="-121.329505"/>
      <trkpt lat="47.216243" lon="-121.329521"/>
      <trkpt lat="47.216189" lon="-121.329556"/>
      <trkpt lat="47.216143" lon="-121.329617"/>
      <trkpt lat="47.216068" lon="-121.329746"/>
      <trkpt lat="47.216039" lon="-121.329840"/>
      <trkpt lat="47.216035" lon="-121.329934"/>
      <trkpt lat="47.216039" lon="-121.329985"/>
      <trkpt lat="47.216067" lon="-121.330095"/>
      <trkpt lat="47.216101" lon="-121.330162"/>
      <trkpt lat="47.216152" lon="-121.330283"/>
      <trkpt lat="47.216200" lon="-121.330406"/>
      <trkpt lat="47.216214" lon="-121.330470"/>
      <trkpt lat="47.216207" lon="-121.330527"/>
      <trkpt lat="47.216148" lon="-121.330677"/>
      <trkpt lat="47.216147" lon="-121.330883"/>
      <trkpt lat="47.216180" lon="-121.331114"/>
      <trkpt lat="47.216160" lon="-121.331213"/>
      <trkpt lat="47.216177" lon="-121.331288"/>
    </trkseg>
    <trkseg>
      <trkpt lat="47.136483" lon="-121.309748"/>
      <trkpt lat="47.136496" lon="-121.309619"/>
      <trkpt lat="47.136469" lon="-121.309482"/>
      <trkpt lat="47.136330" lon="-121.309099"/>
      <trkpt lat="47.136253" lon="-121.308841"/>
      <trkpt lat="47.136208" lon="-121.308680"/>
      <trkpt lat="47.136156" lon="-121.308467"/>
      <trkpt lat="47.136107" lon="-121.308087"/>
      <trkpt lat="47.136071" lon="-121.307841"/>
      <trkpt lat="47.135987" lon="-121.307366"/>
      <trkpt lat="47.135967" lon="-121.307159"/>
      <trkpt lat="47.135965" lon="-121.306934"/>
      <trkpt lat="47.135930" lon="-121.306470"/>
      <trkpt lat="47.135949" lon="-121.306196"/>
      <trkpt lat="47.135987" lon="-121.305368"/>
      <trkpt lat="47.136009" lon="-121.305089"/>
      <trkpt lat="47.136074" lon="-121.304724"/>
      <trkpt lat="47.136087" lon="-121.304464"/>
      <trkpt lat="47.136105" lon="-121.304375"/>
      <trkpt lat="47.136193" lon="-121.304434"/>
      <trkpt lat="47.136275" lon="-121.304528"/>
      <trkpt lat="47.136450" lon="-121.304807"/>
      <trkpt lat="47.136626" lon="-121.305038"/>
      <trkpt lat="47.136790" lon="-121.305244"/>
      <trkpt lat="47.136961" lon="-121.305483"/>
      <trkpt lat="47.137036" lon="-121.305550"/>
      <trkpt lat="47.137127" lon="-121.305569"/>
      <trkpt lat="47.137211" lon="-121.305639"/>
      <trkpt lat="47.137344" lon="-121.305762"/>
      <trkpt lat="47.137591" lon="-121.305880"/>
      <trkpt lat="47.137691" lon="-121.305904"/>
      <trkpt lat="47.137760" lon="-121.305885"/>
      <trkpt lat="47.137813" lon="-121.305832"/>
      <trkpt lat="47.137841" lon="-121.305765"/>
      <trkpt lat="47.137842" lon="-121.305684"/>
      <trkpt lat="47.137782" lon="-121.305344"/>
      <trkpt lat="47.137746" lon="-121.305209"/>
      <trkpt lat="47.137737" lon="-121.305094"/>
      <trkpt lat="47.137749" lon="-121.305016"/>
      <trkpt lat="47.137782" lon="-121.304898"/>
      <trkpt lat="47.137791" lon="-121.304807"/>
      <trkpt lat="47.137771" lon="-121.304665"/>
      <trkpt lat="47.137760" lon="-121.304513"/>
      <trkpt lat="47.137788" lon="-121.304413"/>
      <trkpt lat="47.137824" lon="-121.304359"/>
      <trkpt lat="47.137921" lon="-121.304322"/>
      <trkpt lat="47.138045" lon="-121.304260"/>
      <trkpt lat="47.138211" lon="-121.304254"/>
      <trkpt lat="47.138459" lon="-121.304273"/>
      <trkpt lat="47.138554" lon="-121.304314"/>
      <trkpt lat="47.138634" lon="-121.304330"/>
      <trkpt lat="47.138915" lon="-121.304305"/>
      <trkpt lat="47.139061" lon="-121.304233"/>
      <trkpt lat="47.139238" lon="-121.304131"/>
      <trkpt lat="47.139497" lon="-121.303951"/>
      <trkpt lat="47.139581" lon="-121.303927"/>
      <trkpt lat="47.139704" lon="-121.303882"/>
      <trkpt lat="47.139873" lon="-121.303793"/>
      <trkpt lat="47.140127" lon="-121.303683"/>
      <trkpt lat="47.140364" lon="-121.303597"/>
      <trkpt lat="47.140512" lon="-121.303528"/>
      <trkpt lat="47.140709" lon="-121.303388"/>
      <trkpt lat="47.140897" lon="-121.303292"/>
      <trkpt lat="47.141373" lon="-121.302962"/>
      <trkpt lat="47.141765" lon="-121.302656"/>
      <trkpt lat="47.142533" lon="-121.302012"/>
      <trkpt lat="47.142632" lon="-121.301961"/>
      <trkpt lat="47.142867" lon="-121.301862"/>
      <trkpt lat="47.143002" lon="-121.301816"/>
      <trkpt lat="47.143133" lon="-121.301819"/>
      <trkpt lat="47.143248" lon="-121.301803"/>
      <trkpt lat="47.143493" lon="-121.301653"/>
      <trkpt lat="47.143750" lon="-121.301540"/>
      <trkpt lat="47.143934" lon="-121.301478"/>
      <trkpt lat="47.144118" lon="-121.301430"/>
      <trkpt lat="47.144230" lon="-121.301422"/>
      <trkpt lat="47.144319" lon="-121.301444"/>
      <trkpt lat="47.144398" lon="-121.301481"/>
      <trkpt lat="47.144573" lon="-121.301631"/>
      <trkpt lat="47.144757" lon="-121.301733"/>
      <trkpt lat="47.144957" lon="-121.301901"/>
      <trkpt lat="47.145304" lon="-121.302173"/>
      <trkpt lat="47.145350" lon="-121.302227"/>
      <trkpt lat="47.145416" lon="-121.302243"/>
      <trkpt lat="47.145479" lon="-121.302235"/>
      <trkpt lat="47.145529" lon="-121.302154"/>
      <trkpt lat="47.145560" lon="-121.302034"/>
      <trkpt lat="47.145660" lon="-121.301792"/>
      <trkpt lat="47.145680" lon="-121.301658"/>
      <trkpt lat="47.145689" lon="-121.301500"/>
      <trkpt lat="47.145708" lon="-121.301411"/>
      <trkpt lat="47.145764" lon="-121.301304"/>
      <trkpt lat="47.145841" lon="-121.301194"/>
      <trkpt lat="47.145886" lon="-121.301106"/>
      <trkpt lat="47.145926" lon="-121.301012"/>
      <trkpt lat="47.145963" lon="-121.300947"/>
      <trkpt lat="47.146036" lon="-121.300910"/>
      <trkpt lat="47.146085" lon="-121.300894"/>
      <trkpt lat="47.146164" lon="-121.300848"/>
      <trkpt lat="47.146424" lon="-121.300502"/>
      <trkpt lat="47.146494" lon="-121.300398"/>
      <trkpt lat="47.146521" lon="-121.300416"/>
      <trkpt lat="47.146527" lon="-121.300478"/>
      <trkpt lat="47.146510" lon="-121.300582"/>
      <trkpt lat="47.146479" lon="-121.300695"/>
      <trkpt lat="47.146428" lon="-121.300958"/>
      <trkpt lat="47.146355" lon="-121.301175"/>
      <trkpt lat="47.146279" lon="-121.301379"/>
      <trkpt lat="47.146207" lon="-121.301685"/>
      <trkpt lat="47.146178" lon="-121.301837"/>
      <trkpt lat="47.146177" lon="-121.301951"/>
      <trkpt lat="47.146217" lon="-121.301956"/>
      <trkpt lat="47.146313" lon="-121.301811"/>
      <trkpt lat="47.146395" lon="-121.301706"/>
      <trkpt lat="47.146558" lon="-121.301597"/>
      <trkpt lat="47.146631" lon="-121.301495"/>
      <trkpt lat="47.146642" lon="-121.301537"/>
      <trkpt lat="47.146587" lon="-121.301741"/>
      <trkpt lat="47.146505" lon="-121.301935"/>
      <trkpt lat="47.146510" lon="-121.301985"/>
      <trkpt lat="47.146541" lon="-121.302015"/>
      <trkpt lat="47.146598" lon="-121.302012"/>
      <trkpt lat="47.146632" lon="-121.301969"/>
      <trkpt lat="47.146669" lon="-121.301854"/>
      <trkpt lat="47.146744" lon="-121.301650"/>
      <trkpt lat="47.146844" lon="-121.301444"/>
      <trkpt lat="47.146943" lon="-121.301159"/>
      <trkpt lat="47.147010" lon="-121.300985"/>
      <trkpt lat="47.147088" lon="-121.300875"/>
      <trkpt lat="47.147205" lon="-121.300762"/>
      <trkpt lat="47.147289" lon="-121.300652"/>
      <trkpt lat="47.147384" lon="-121.300497"/>
      <trkpt lat="47.147462" lon="-121.300331"/>
      <trkpt lat="47.147546" lon="-121.300070"/>
      <trkpt lat="47.147616" lon="-121.299925"/>
      <trkpt lat="47.147672" lon="-121.299735"/>
      <trkpt lat="47.147736" lon="-121.299373"/>
      <trkpt lat="47.147754" lon="-121.299287"/>
      <trkpt lat="47.147820" lon="-121.299185"/>
      <trkpt lat="47.147956" lon="-121.299028"/>
      <trkpt lat="47.148057" lon="-121.299059"/>
      <trkpt lat="47.148159" lon="-121.299040"/>
      <trkpt lat="47.148393" lon="-121.298874"/>
      <trkpt lat="47.148557" lon="-121.298796"/>
      <trkpt lat="47.148728" lon="-121.298772"/>
      <trkpt lat="47.148966" lon="-121.298759"/>
      <trkpt lat="47.149201" lon="-121.298721"/>
      <trkpt lat="47.149341" lon="-121.298740"/>
      <trkpt lat="47.149443" lon="-121.298807"/>
      <trkpt lat="47.149533" lon="-121.298890"/>
      <trkpt lat="47.149648" lon="-121.299043"/>
      <trkpt lat="47.149865" lon="-121.299276"/>
      <trkpt lat="47.149952" lon="-121.299330"/>
      <trkpt lat="47.150056" lon="-121.299349"/>
      <trkpt lat="47.150255" lon="-121.299352"/>
      <trkpt lat="47.150441" lon="-121.299343"/>
      <trkpt lat="47.150640" lon="-121.299303"/>
      <trkpt lat="47.150835" lon="-121.299303"/>
      <trkpt lat="47.150959" lon="-121.299311"/>
      <trkpt lat="47.151056" lon="-121.299357"/>
      <trkpt lat="47.151173" lon="-121.299477"/>
      <trkpt lat="47.151497" lon="-121.299679"/>
      <trkpt lat="47.151603" lon="-121.299807"/>
      <trkpt lat="47.151696" lon="-121.299947"/>
      <trkpt lat="47.151758" lon="-121.300070"/>
      <trkpt lat="47.151824" lon="-121.300143"/>
      <trkpt lat="47.152010" lon="-121.300237"/>
      <trkpt lat="47.152227" lon="-121.300381"/>
      <trkpt lat="47.152659" lon="-121.300757"/>
      <trkpt lat="47.152909" lon="-121.300990"/>
      <trkpt lat="47.153092" lon="-121.301189"/>
      <trkpt lat="47.153269" lon="-121.301454"/>
      <trkpt lat="47.153394" lon="-121.301588"/>
      <trkpt lat="47.153723" lon="-121.301838"/>
      <trkpt lat="47.153845" lon="-121.301905"/>
      <trkpt lat="47.154000" lon="-121.301956"/>
      <trkpt lat="47.154122" lon="-121.301985"/>
      <trkpt lat="47.154217" lon="-121.302028"/>
      <trkpt lat="47.154337" lon="-121.302154"/>
      <trkpt lat="47.154480" lon="-121.302272"/>
      <trkpt lat="47.154580" lon="-121.302342"/>
      <trkpt lat="47.154720" lon="-121.302401"/>
      <trkpt lat="47.154879" lon="-121.302449"/>
      <trkpt lat="47.154978" lon="-121.302498"/>
      <trkpt lat="47.155499" lon="-121.302946"/>
      <trkpt lat="47.155795" lon="-121.303125"/>
      <trkpt lat="47.156081" lon="-121.303326"/>
      <trkpt lat="47.156254" lon="-121.303426"/>
      <trkpt lat="47.156433" lon="-121.303557"/>
      <trkpt lat="47.156743" lon="-121.303756"/>
      <trkpt lat="47.156929" lon="-121.303884"/>
      <trkpt lat="47.157297" lon="-121.304102"/>
      <trkpt lat="47.157542" lon="-121.304297"/>
      <trkpt lat="47.157631" lon="-121.304348"/>
      <trkpt lat="47.157750" lon="-121.304383"/>
      <trkpt lat="47.157907" lon="-121.304383"/>
      <trkpt lat="47.158109" lon="-121.304458"/>
      <trkpt lat="47.158591" lon="-121.304625"/>
      <trkpt lat="47.158808" lon="-121.304676"/>
      <trkpt lat="47.158921" lon="-121.304676"/>
      <trkpt lat="47.159047" lon="-121.304649"/>
      <trkpt lat="47.159149" lon="-121.304574"/>
      <trkpt lat="47.159244" lon="-121.304523"/>
      <trkpt lat="47.159357" lon="-121.304504"/>
      <trkpt lat="47.159461" lon="-121.304517"/>
      <trkpt lat="47.159526" lon="-121.304517"/>
      <trkpt lat="47.159714" lon="-121.304456"/>
      <trkpt lat="47.159805" lon="-121.304461"/>
      <trkpt lat="47.159860" lon="-121.304472"/>
      <trkpt lat="47.159948" lon="-121.304541"/>
      <trkpt lat="47.160010" lon="-121.304614"/>
      <trkpt lat="47.160068" lon="-121.304662"/>
      <trkpt lat="47.160150" lon="-121.304670"/>
      <trkpt lat="47.160212" lon="-121.304659"/>
      <trkpt lat="47.160301" lon="-121.304625"/>
      <trkpt lat="47.160367" lon="-121.304627"/>
      <trkpt lat="47.160424" lon="-121.304678"/>
      <trkpt lat="47.160478" lon="-121.304759"/>
      <trkpt lat="47.160613" lon="-121.304925"/>
      <trkpt lat="47.160695" lon="-121.304990"/>
      <trkpt lat="47.160934" lon="-121.305148"/>
      <trkpt lat="47.161009" lon="-121.305185"/>
      <trkpt lat="47.161091" lon="-121.305199"/>
      <trkpt lat="47.161222" lon="-121.305188"/>
      <trkpt lat="47.161317" lon="-121.305191"/>
      <trkpt lat="47.161403" lon="-121.305207"/>
      <trkpt lat="47.161589" lon="-121.305362"/>
      <trkpt lat="47.161715" lon="-121.305432"/>
      <trkpt lat="47.161797" lon="-121.305462"/>
      <trkpt lat="47.161892" lon="-121.305462"/>
      <trkpt lat="47.162010" lon="-121.305531"/>
      <trkpt lat="47.162105" lon="-121.305628"/>
      <trkpt lat="47.162163" lon="-121.305700"/>
      <trkpt lat="47.162235" lon="-121.305842"/>
      <trkpt lat="47.162273" lon="-121.305971"/>
      <trkpt lat="47.162326" lon="-121.306127"/>
      <trkpt lat="47.162415" lon="-121.306336"/>
      <trkpt lat="47.162446" lon="-121.306446"/>
      <trkpt lat="47.162446" lon="-121.306781"/>
      <trkpt lat="47.162459" lon="-121.306988"/>
      <trkpt lat="47.162453" lon="-121.307194"/>
      <trkpt lat="47.162437" lon="-121.307457"/>
      <trkpt lat="47.162419" lon="-121.307607"/>
      <trkpt lat="47.162360" lon="-121.307798"/>
      <trkpt lat="47.162346" lon="-121.307924"/>
      <trkpt lat="47.162368" lon="-121.308010"/>
      <trkpt lat="47.162393" lon="-121.308146"/>
      <trkpt lat="47.162426" lon="-121.308557"/>
      <trkpt lat="47.162450" lon="-121.308742"/>
      <trkpt lat="47.162512" lon="-121.308962"/>
      <trkpt lat="47.162585" lon="-121.309200"/>
      <trkpt lat="47.162689" lon="-121.309391"/>
      <trkpt lat="47.162825" lon="-121.309588"/>
      <trkpt lat="47.162909" lon="-121.309697"/>
      <trkpt lat="47.162991" lon="-121.309769"/>
      <trkpt lat="47.163053" lon="-121.309868"/>
      <trkpt lat="47.163086" lon="-121.309973"/>
      <trkpt lat="47.163086" lon="-121.310075"/>
      <trkpt lat="47.163081" lon="-121.310193"/>
      <trkpt lat="47.163099" lon="-121.310354"/>
      <trkpt lat="47.163159" lon="-121.310794"/>
      <trkpt lat="47.163234" lon="-121.311277"/>
      <trkpt lat="47.163281" lon="-121.311472"/>
      <trkpt lat="47.163325" lon="-121.311615"/>
      <trkpt lat="47.163398" lon="-121.311695"/>
      <trkpt lat="47.163491" lon="-121.311749"/>
      <trkpt lat="47.163726" lon="-121.311781"/>
      <trkpt lat="47.163829" lon="-121.311735"/>
      <trkpt lat="47.163903" lon="-121.311652"/>
      <trkpt lat="47.164027" lon="-121.311454"/>
      <trkpt lat="47.164062" lon="-121.311427"/>
      <trkpt lat="47.164131" lon="-121.311429"/>
      <trkpt lat="47.164224" lon="-121.311486"/>
      <trkpt lat="47.164443" lon="-121.311714"/>
      <trkpt lat="47.164545" lon="-121.311835"/>
      <trkpt lat="47.164693" lon="-121.312129"/>
      <trkpt lat="47.164758" lon="-121.312237"/>
      <trkpt lat="47.164828" lon="-121.312298"/>
      <trkpt lat="47.165008" lon="-121.312323"/>
      <trkpt lat="47.165140" lon="-121.312390"/>
      <trkpt lat="47.165446" lon="-121.312500"/>
      <trkpt lat="47.165576" lon="-121.312553"/>
      <trkpt lat="47.165683" lon="-121.312569"/>
      <trkpt lat="47.165769" lon="-121.312594"/>
      <trkpt lat="47.165847" lon="-121.312639"/>
      <trkpt lat="47.165948" lon="-121.312717"/>
      <trkpt lat="47.166097" lon="-121.312942"/>
      <trkpt lat="47.166279" lon="-121.313173"/>
      <trkpt lat="47.166400" lon="-121.313315"/>
      <trkpt lat="47.166640" lon="-121.313742"/>
      <trkpt lat="47.166719" lon="-121.313911"/>
      <trkpt lat="47.166755" lon="-121.314020"/>
      <trkpt lat="47.166856" lon="-121.314144"/>
      <trkpt lat="47.166921" lon="-121.314157"/>
      <trkpt lat="47.166978" lon="-121.314125"/>
      <trkpt lat="47.167036" lon="-121.314042"/>
      <trkpt lat="47.167098" lon="-121.313988"/>
      <trkpt lat="47.167167" lon="-121.313972"/>
      <trkpt lat="47.167419" lon="-121.314039"/>
      <trkpt lat="47.167545" lon="-121.314055"/>
      <trkpt lat="47.167656" lon="-121.314101"/>
      <trkpt lat="47.167758" lon="-121.314120"/>
      <trkpt lat="47.167881" lon="-121.314082"/>
      <trkpt lat="47.167983" lon="-121.314085"/>
      <trkpt lat="47.168094" lon="-121.314122"/>
      <trkpt lat="47.168304" lon="-121.314243"/>
      <trkpt lat="47.168774" lon="-121.314533"/>
      <trkpt lat="47.169117" lon="-121.314758"/>
      <trkpt lat="47.169314" lon="-121.314838"/>
      <trkpt lat="47.169651" lon="-121.315075"/>
      <trkpt lat="47.169768" lon="-121.315134"/>
      <trkpt lat="47.169998" lon="-121.315222"/>
      <trkpt lat="47.170317" lon="-121.315370"/>
      <trkpt lat="47.170501" lon="-121.315423"/>
      <trkpt lat="47.170678" lon="-121.315453"/>
      <trkpt lat="47.170785" lon="-121.315453"/>
      <trkpt lat="47.170887" lon="-121.315488"/>
      <trkpt lat="47.171055" lon="-121.315600"/>
      <trkpt lat="47.171139" lon="-121.315646"/>
      <trkpt lat="47.171217" lon="-121.315673"/>
      <trkpt lat="47.171533" lon="-121.315729"/>
      <trkpt lat="47.171690" lon="-121.315729"/>
      <trkpt lat="47.171790" lon="-121.315718"/>
      <trkpt lat="47.172054" lon="-121.315581"/>
      <trkpt lat="47.172153" lon="-121.315565"/>
      <trkpt lat="47.172357" lon="-121.315590"/>
      <trkpt lat="47.172618" lon="-121.315598"/>
      <trkpt lat="47.172784" lon="-121.315611"/>
      <trkpt lat="47.172908" lon="-121.315598"/>
      <trkpt lat="47.173336" lon="-121.315498"/>
      <trkpt lat="47.174078" lon="-121.315504"/>
      <trkpt lat="47.174272" lon="-121.315493"/>
      <trkpt lat="47.174447" lon="-121.315536"/>
      <trkpt lat="47.174571" lon="-121.315536"/>
      <trkpt lat="47.174687" lon="-121.315482"/>
      <trkpt lat="47.174866" lon="-121.315343"/>
      <trkpt lat="47.175052" lon="-121.315160"/>
      <trkpt lat="47.175252" lon="-121.315016"/>
      <trkpt lat="47.175420" lon="-121.314973"/>
      <trkpt lat="47.175624" lon="-121.314871"/>
      <trkpt lat="47.175876" lon="-121.314619"/>
      <trkpt lat="47.176022" lon="-121.314458"/>
      <trkpt lat="47.176160" lon="-121.314350"/>
      <trkpt lat="47.176332" lon="-121.314254"/>
      <trkpt lat="47.176642" lon="-121.314168"/>
      <trkpt lat="47.176798" lon="-121.314136"/>
      <trkpt lat="47.176919" lon="-121.314168"/>
      <trkpt lat="47.176974" lon="-121.314356"/>
      <trkpt lat="47.177017" lon="-121.314452"/>
      <trkpt lat="47.177061" lon="-121.314501"/>
      <trkpt lat="47.177130" lon="-121.314543"/>
      <trkpt lat="47.177232" lon="-121.314592"/>
      <trkpt lat="47.177502" lon="-121.314817"/>
      <trkpt lat="47.177550" lon="-121.314876"/>
      <trkpt lat="47.177593" lon="-121.315005"/>
      <trkpt lat="47.177637" lon="-121.315085"/>
      <trkpt lat="47.177694" lon="-121.315134"/>
      <trkpt lat="47.177752" lon="-121.315134"/>
      <trkpt lat="47.177812" lon="-121.315088"/>
      <trkpt lat="47.177860" lon="-121.315080"/>
      <trkpt lat="47.177903" lon="-121.315083"/>
      <trkpt lat="47.177933" lon="-121.315038"/>
      <trkpt lat="47.177943" lon="-121.314965"/>
      <trkpt lat="47.177945" lon="-121.314774"/>
      <trkpt lat="47.177938" lon="-121.314511"/>
      <trkpt lat="47.177914" lon="-121.314353"/>
      <trkpt lat="47.177887" lon="-121.314214"/>
      <trkpt lat="47.177856" lon="-121.314004"/>
      <trkpt lat="47.177748" lon="-121.313586"/>
      <trkpt lat="47.177657" lon="-121.313363"/>
      <trkpt lat="47.177614" lon="-121.313213"/>
      <trkpt lat="47.177601" lon="-121.313127"/>
      <trkpt lat="47.177584" lon="-121.312889"/>
      <trkpt lat="47.177561" lon="-121.312805"/>
      <trkpt lat="47.177515" lon="-121.312701"/>
      <trkpt lat="47.177366" lon="-121.312502"/>
      <trkpt lat="47.177344" lon="-121.312422"/>
      <trkpt lat="47.177353" lon="-121.312331"/>
      <trkpt lat="47.177415" lon="-121.312199"/>
      <trkpt lat="47.177473" lon="-121.312113"/>
      <trkpt lat="47.177538" lon="-121.312045"/>
      <trkpt lat="47.177604" lon="-121.311998"/>
      <trkpt lat="47.177818" lon="-121.311803"/>
      <trkpt lat="47.177931" lon="-121.311759"/>
      <trkpt lat="47.178046" lon="-121.311794"/>
      <trkpt lat="47.178139" lon="-121.311875"/>
      <trkpt lat="47.178252" lon="-121.311998"/>
      <trkpt lat="47.178374" lon="-121.312159"/>
      <trkpt lat="47.178436" lon="-121.312309"/>
      <trkpt lat="47.178527" lon="-121.312685"/>
      <trkpt lat="47.178578" lon="-121.312821"/>
      <trkpt lat="47.178640" lon="-121.312918"/>
      <trkpt lat="47.178702" lon="-121.312910"/>
      <trkpt lat="47.178726" lon="-121.312781"/>
      <trkpt lat="47.178760" lon="-121.312661"/>
      <trkpt lat="47.178844" lon="-121.312510"/>
      <trkpt lat="47.178943" lon="-121.312340"/>
      <trkpt lat="47.179085" lon="-121.312156"/>
      <trkpt lat="47.179404" lon="-121.311660"/>
      <trkpt lat="47.179448" lon="-121.311606"/>
      <trkpt lat="47.179510" lon="-121.311561"/>
      <trkpt lat="47.179595" lon="-121.311478"/>
      <trkpt lat="47.179827" lon="-121.311440"/>
      <trkpt lat="47.179940" lon="-121.311381"/>
      <trkpt lat="47.180184" lon="-121.311140"/>
      <trkpt lat="47.180348" lon="-121.310955"/>
      <trkpt lat="47.180397" lon="-121.310869"/>
      <trkpt lat="47.180410" lon="-121.310783"/>
      <trkpt lat="47.180414" lon="-121.310711"/>
      <trkpt lat="47.180412" lon="-121.310588"/>
      <trkpt lat="47.180439" lon="-121.310493"/>
      <trkpt lat="47.180492" lon="-121.310412"/>
      <trkpt lat="47.180563" lon="-121.310375"/>
      <trkpt lat="47.180625" lon="-121.310287"/>
      <trkpt lat="47.180660" lon="-121.310123"/>
      <trkpt lat="47.180685" lon="-121.309895"/>
      <trkpt lat="47.180689" lon="-121.309667"/>
      <trkpt lat="47.180711" lon="-121.309509"/>
      <trkpt lat="47.180713" lon="-121.309367"/>
      <trkpt lat="47.180685" lon="-121.309184"/>
      <trkpt lat="47.180696" lon="-121.308938"/>
      <trkpt lat="47.180809" lon="-121.308297"/>
      <trkpt lat="47.180855" lon="-121.307688"/>
      <trkpt lat="47.180899" lon="-121.307626"/>
      <trkpt lat="47.180968" lon="-121.307639"/>
      <trkpt lat="47.181083" lon="-121.307720"/>
      <trkpt lat="47.181178" lon="-121.307843"/>
      <trkpt lat="47.181240" lon="-121.307943"/>
      <trkpt lat="47.181338" lon="-121.308010"/>
      <trkpt lat="47.181506" lon="-121.308090"/>
      <trkpt lat="47.181757" lon="-121.308222"/>
      <trkpt lat="47.181852" lon="-121.308224"/>
      <trkpt lat="47.181978" lon="-121.308187"/>
      <trkpt lat="47.182075" lon="-121.308179"/>
      <trkpt lat="47.182157" lon="-121.308224"/>
      <trkpt lat="47.182262" lon="-121.308227"/>
      <trkpt lat="47.182363" lon="-121.308171"/>
      <trkpt lat="47.182450" lon="-121.308093"/>
      <trkpt lat="47.182518" lon="-121.308002"/>
      <trkpt lat="47.182543" lon="-121.307926"/>
      <trkpt lat="47.182589" lon="-121.307701"/>
      <trkpt lat="47.182616" lon="-121.307452"/>
      <trkpt lat="47.182652" lon="-121.307268"/>
      <trkpt lat="47.182707" lon="-121.307138"/>
      <trkpt lat="47.182740" lon="-121.307073"/>
      <trkpt lat="47.182877" lon="-121.306872"/>
      <trkpt lat="47.182993" lon="-121.306722"/>
      <trkpt lat="47.183093" lon="-121.306612"/>
      <trkpt lat="47.183285" lon="-121.306473"/>
      <trkpt lat="47.183504" lon="-121.306328"/>
      <trkpt lat="47.183766" lon="-121.306140"/>
      <trkpt lat="47.183879" lon="-121.306046"/>
      <trkpt lat="47.183978" lon="-121.306014"/>
      <trkpt lat="47.184262" lon="-121.306006"/>
      <trkpt lat="47.184430" lon="-121.305995"/>
      <trkpt lat="47.184592" lon="-121.305926"/>
      <trkpt lat="47.184680" lon="-121.305920"/>
      <trkpt lat="47.184769" lon="-121.305840"/>
      <trkpt lat="47.184813" lon="-121.305783"/>
      <trkpt lat="47.184880" lon="-121.305684"/>
      <trkpt lat="47.184913" lon="-121.305612"/>
      <trkpt lat="47.184920" lon="-121.305539"/>
      <trkpt lat="47.184922" lon="-121.305435"/>
      <trkpt lat="47.184933" lon="-121.305354"/>
      <trkpt lat="47.184977" lon="-121.305274"/>
      <trkpt lat="47.185026" lon="-121.305226"/>
      <trkpt lat="47.185092" lon="-121.305207"/>
      <trkpt lat="47.185283" lon="-121.305175"/>
      <trkpt lat="47.185482" lon="-121.305134"/>
      <trkpt lat="47.185597" lon="-121.305150"/>
      <trkpt lat="47.185761" lon="-121.305217"/>
      <trkpt lat="47.185865" lon="-121.305274"/>
      <trkpt lat="47.185974" lon="-121.305317"/>
      <trkpt lat="47.186138" lon="-121.305317"/>
      <trkpt lat="47.186322" lon="-121.305309"/>
      <trkpt lat="47.186439" lon="-121.305322"/>
      <trkpt lat="47.186513" lon="-121.305376"/>
      <trkpt lat="47.186577" lon="-121.305437"/>
      <trkpt lat="47.186637" lon="-121.305453"/>
      <trkpt lat="47.186771" lon="-121.305362"/>
      <trkpt lat="47.186867" lon="-121.305389"/>
      <trkpt lat="47.186982" lon="-121.305389"/>
      <trkpt lat="47.187060" lon="-121.305352"/>
      <trkpt lat="47.187179" lon="-121.305266"/>
      <trkpt lat="47.187288" lon="-121.305231"/>
      <trkpt lat="47.187387" lon="-121.305140"/>
      <trkpt lat="47.187494" lon="-121.304995"/>
      <trkpt lat="47.187720" lon="-121.304724"/>
      <trkpt lat="47.187779" lon="-121.304708"/>
      <trkpt lat="47.187826" lon="-121.304727"/>
      <trkpt lat="47.187879" lon="-121.304778"/>
      <trkpt lat="47.187953" lon="-121.304810"/>
      <trkpt lat="47.188054" lon="-121.304831"/>
      <trkpt lat="47.188194" lon="-121.304834"/>
      <trkpt lat="47.188509" lon="-121.304788"/>
      <trkpt lat="47.188622" lon="-121.304759"/>
      <trkpt lat="47.189016" lon="-121.304775"/>
      <trkpt lat="47.189293" lon="-121.304778"/>
      <trkpt lat="47.189395" lon="-121.304802"/>
      <trkpt lat="47.189486" lon="-121.304858"/>
      <trkpt lat="47.189565" lon="-121.304896"/>
      <trkpt lat="47.189674" lon="-121.304896"/>
      <trkpt lat="47.190068" lon="-121.304823"/>
      <trkpt lat="47.190276" lon="-121.304775"/>
      <trkpt lat="47.190436" lon="-121.304756"/>
      <trkpt lat="47.190551" lon="-121.304703"/>
      <trkpt lat="47.190688" lon="-121.304649"/>
      <trkpt lat="47.190832" lon="-121.304568"/>
      <trkpt lat="47.190957" lon="-121.304448"/>
      <trkpt lat="47.191070" lon="-121.304316"/>
      <trkpt lat="47.191165" lon="-121.304163"/>
      <trkpt lat="47.191260" lon="-121.304043"/>
      <trkpt lat="47.191400" lon="-121.303922"/>
      <trkpt lat="47.191501" lon="-121.303887"/>
      <trkpt lat="47.191648" lon="-121.303890"/>
      <trkpt lat="47.191765" lon="-121.303954"/>
      <trkpt lat="47.191985" lon="-121.304177"/>
      <trkpt lat="47.192175" lon="-121.304440"/>
      <trkpt lat="47.192235" lon="-121.304539"/>
      <trkpt lat="47.192290" lon="-121.304818"/>
      <trkpt lat="47.192344" lon="-121.304965"/>
      <trkpt lat="47.192417" lon="-121.305086"/>
      <trkpt lat="47.192578" lon="-121.305381"/>
      <trkpt lat="47.192676" lon="-121.305472"/>
      <trkpt lat="47.192771" lon="-121.305585"/>
      <trkpt lat="47.192888" lon="-121.305762"/>
      <trkpt lat="47.192984" lon="-121.305896"/>
      <trkpt lat="47.193331" lon="-121.306328"/>
      <trkpt lat="47.193577" lon="-121.306647"/>
      <trkpt lat="47.193710" lon="-121.306803"/>
      <trkpt lat="47.193879" lon="-121.306953"/>
      <trkpt lat="47.194302" lon="-121.307245"/>
      <trkpt lat="47.194428" lon="-121.307366"/>
      <trkpt lat="47.194577" lon="-121.307672"/>
      <trkpt lat="47.194696" lon="-121.307889"/>
      <trkpt lat="47.194774" lon="-121.308042"/>
      <trkpt lat="47.194914" lon="-121.308232"/>
      <trkpt lat="47.195027" lon="-121.308326"/>
      <trkpt lat="47.195135" lon="-121.308447"/>
      <trkpt lat="47.195173" lon="-121.308565"/>
      <trkpt lat="47.195180" lon="-121.308707"/>
      <trkpt lat="47.195226" lon="-121.308806"/>
      <trkpt lat="47.195284" lon="-121.308887"/>
      <trkpt lat="47.195368" lon="-121.308940"/>
      <trkpt lat="47.195450" lon="-121.308967"/>
      <trkpt lat="47.195540" lon="-121.308983"/>
      <trkpt lat="47.195623" lon="-121.308965"/>
      <trkpt lat="47.195694" lon="-121.308927"/>
      <trkpt lat="47.195793" lon="-121.308817"/>
      <trkpt lat="47.195970" lon="-121.308500"/>
      <trkpt lat="47.196035" lon="-121.308345"/>
      <trkpt lat="47.196110" lon="-121.308039"/>
      <trkpt lat="47.196150" lon="-121.307699"/>
      <trkpt lat="47.196218" lon="-121.307342"/>
      <trkpt lat="47.196220" lon="-121.307158"/>
      <trkpt lat="47.196261" lon="-121.307143"/>
      <trkpt lat="47.196332" lon="-121.307280"/>
      <trkpt lat="47.196389" lon="-121.307428"/>
      <trkpt lat="47.196488" lon="-121.307655"/>
      <trkpt lat="47.196562" lon="-121.307851"/>
      <trkpt lat="47.196618" lon="-121.308085"/>
      <trkpt lat="47.196664" lon="-121.308307"/>
      <trkpt lat="47.196697" lon="-121.308664"/>
      <trkpt lat="47.196744" lon="-121.308720"/>
      <trkpt lat="47.196779" lon="-121.308694"/>
      <trkpt lat="47.196815" lon="-121.308589"/>
      <trkpt lat="47.196861" lon="-121.308409"/>
      <trkpt lat="47.197007" lon="-121.307894"/>
      <trkpt lat="47.197074" lon="-121.307575"/>
      <trkpt lat="47.197134" lon="-121.307342"/>
      <trkpt lat="47.197154" lon="-121.307200"/>
      <trkpt lat="47.197187" lon="-121.307157"/>
      <trkpt lat="47.197242" lon="-121.307167"/>
      <trkpt lat="47.197503" lon="-121.307640"/>
      <trkpt lat="47.197559" lon="-121.307854"/>
      <trkpt lat="47.197615" lon="-121.308213"/>
      <trkpt lat="47.197608" lon="-121.308588"/>
      <trkpt lat="47.197599" lon="-121.308675"/>
      <trkpt lat="47.197610" lon="-121.308785"/>
      <trkpt lat="47.197641" lon="-121.308836"/>
      <trkpt lat="47.197710" lon="-121.308849"/>
      <trkpt lat="47.197768" lon="-121.308849"/>
      <trkpt lat="47.197872" lon="-121.308825"/>
      <trkpt lat="47.197936" lon="-121.308777"/>
      <trkpt lat="47.198016" lon="-121.308696"/>
      <trkpt lat="47.198171" lon="-121.308466"/>
      <trkpt lat="47.198235" lon="-121.308361"/>
      <trkpt lat="47.198291" lon="-121.308231"/>
      <trkpt lat="47.198337" lon="-121.308112"/>
      <trkpt lat="47.198348" lon="-121.307969"/>
      <trkpt lat="47.198332" lon="-121.307849"/>
      <trkpt lat="47.198285" lon="-121.307656"/>
      <trkpt lat="47.198279" lon="-121.307602"/>
      <trkpt lat="47.198304" lon="-121.307575"/>
      <trkpt lat="47.198355" lon="-121.307648"/>
      <trkpt lat="47.198483" lon="-121.307865"/>
      <trkpt lat="47.198583" lon="-121.308015"/>
      <trkpt lat="47.198641" lon="-121.308141"/>
      <trkpt lat="47.198667" lon="-121.308235"/>
      <trkpt lat="47.198669" lon="-121.308366"/>
      <trkpt lat="47.198676" lon="-121.308474"/>
      <trkpt lat="47.198753" lon="-121.308699"/>
      <trkpt lat="47.198763" lon="-121.308849"/>
      <trkpt lat="47.198760" lon="-121.309150"/>
      <trkpt lat="47.198787" lon="-121.309281"/>
      <trkpt lat="47.198831" lon="-121.309445"/>
      <trkpt lat="47.198858" lon="-121.309614"/>
      <trkpt lat="47.198871" lon="-121.309836"/>
      <trkpt lat="47.198957" lon="-121.310153"/>
      <trkpt lat="47.199059" lon="-121.310625"/>
      <trkpt lat="47.199093" lon="-121.310812"/>
      <trkpt lat="47.199077" lon="-121.310955"/>
      <trkpt lat="47.199070" lon="-121.311067"/>
      <trkpt lat="47.199095" lon="-121.311099"/>
      <trkpt lat="47.199143" lon="-121.311054"/>
      <trkpt lat="47.199201" lon="-121.310869"/>
      <trkpt lat="47.199420" lon="-121.310386"/>
      <trkpt lat="47.199540" lon="-121.310139"/>
      <trkpt lat="47.199647" lon="-121.309968"/>
      <trkpt lat="47.199731" lon="-121.309750"/>
      <trkpt lat="47.199804" lon="-121.309506"/>
      <trkpt lat="47.199897" lon="-121.309359"/>
      <trkpt lat="47.199964" lon="-121.309269"/>
      <trkpt lat="47.200145" lon="-121.309112"/>
      <trkpt lat="47.200382" lon="-121.308933"/>
      <trkpt lat="47.200546" lon="-121.308755"/>
      <trkpt lat="47.200619" lon="-121.308602"/>
      <trkpt lat="47.200664" lon="-121.308605"/>
      <trkpt lat="47.200692" lon="-121.308656"/>
      <trkpt lat="47.200699" lon="-121.308769"/>
      <trkpt lat="47.200712" lon="-121.308881"/>
      <trkpt lat="47.200903" lon="-121.309493"/>
      <trkpt lat="47.200947" lon="-121.309611"/>
      <trkpt lat="47.200991" lon="-121.309686"/>
      <trkpt lat="47.201069" lon="-121.309724"/>
      <trkpt lat="47.201158" lon="-121.309721"/>
      <trkpt lat="47.201284" lon="-121.309689"/>
      <trkpt lat="47.201402" lon="-121.309678"/>
      <trkpt lat="47.201548" lon="-121.309708"/>
      <trkpt lat="47.201838" lon="-121.309710"/>
      <trkpt lat="47.202064" lon="-121.309748"/>
      <trkpt lat="47.202173" lon="-121.309801"/>
      <trkpt lat="47.202263" lon="-121.309919"/>
      <trkpt lat="47.202410" lon="-121.310091"/>
      <trkpt lat="47.202496" lon="-121.310123"/>
      <trkpt lat="47.202765" lon="-121.310134"/>
      <trkpt lat="47.202882" lon="-121.310099"/>
      <trkpt lat="47.203015" lon="-121.309957"/>
      <trkpt lat="47.203143" lon="-121.309780"/>
      <trkpt lat="47.203263" lon="-121.309595"/>
      <trkpt lat="47.203416" lon="-121.309190"/>
      <trkpt lat="47.203555" lon="-121.308618"/>
      <trkpt lat="47.203649" lon="-121.308205"/>
      <trkpt lat="47.203693" lon="-121.308093"/>
      <trkpt lat="47.203744" lon="-121.308087"/>
      <trkpt lat="47.203868" lon="-121.308283"/>
      <trkpt lat="47.203944" lon="-121.308506"/>
      <trkpt lat="47.204154" lon="-121.308965"/>
      <trkpt lat="47.204245" lon="-121.309246"/>
      <trkpt lat="47.204329" lon="-121.309522"/>
      <trkpt lat="47.204387" lon="-121.309651"/>
      <trkpt lat="47.204453" lon="-121.309758"/>
      <trkpt lat="47.204533" lon="-121.309801"/>
      <trkpt lat="47.204672" lon="-121.309836"/>
      <trkpt lat="47.204810" lon="-121.309911"/>
      <trkpt lat="47.204905" lon="-121.309986"/>
      <trkpt lat="47.204996" lon="-121.310086"/>
      <trkpt lat="47.205107" lon="-121.310235"/>
    </trkseg>
    <trkseg>
      <trkpt lat="47.133135" lon="-121.330823"/>
      <trkpt lat="47.133181" lon="-121.330631"/>
      <trkpt lat="47.133246" lon="-121.330210"/>
      <trkpt lat="47.133296" lon="-121.329926"/>
      <trkpt lat="47.133316" lon="-121.329757"/>
      <trkpt lat="47.133303" lon="-121.329610"/>
      <trkpt lat="47.133305" lon="-121.329483"/>
      <trkpt lat="47.133319" lon="-121.329306"/>
      <trkpt lat="47.133372" lon="-121.329164"/>
      <trkpt lat="47.133442" lon="-121.328960"/>
      <trkpt lat="47.133478" lon="-121.328832"/>
      <trkpt lat="47.133504" lon="-121.328657"/>
      <trkpt lat="47.133533" lon="-121.328510"/>
      <trkpt lat="47.133549" lon="-121.328405"/>
      <trkpt lat="47.133609" lon="-121.328212"/>
      <trkpt lat="47.133664" lon="-121.328064"/>
      <trkpt lat="47.133691" lon="-121.327965"/>
      <trkpt lat="47.133695" lon="-121.327879"/>
      <trkpt lat="47.133693" lon="-121.327804"/>
      <trkpt lat="47.133690" lon="-121.327716"/>
      <trkpt lat="47.133668" lon="-121.327499"/>
      <trkpt lat="47.133639" lon="-121.327308"/>
      <trkpt lat="47.133598" lon="-121.327179"/>
      <trkpt lat="47.133560" lon="-121.327069"/>
      <trkpt lat="47.133555" lon="-121.327016"/>
      <trkpt lat="47.133555" lon="-121.326941"/>
      <trkpt lat="47.133540" lon="-121.326866"/>
      <trkpt lat="47.133505" lon="-121.326809"/>
      <trkpt lat="47.133460" lon="-121.326742"/>
      <trkpt lat="47.133427" lon="-121.326624"/>
      <trkpt lat="47.133372" lon="-121.326377"/>
      <trkpt lat="47.133327" lon="-121.326198"/>
      <trkpt lat="47.133310" lon="-121.326026"/>
      <trkpt lat="47.133314" lon="-121.325905"/>
      <trkpt lat="47.133338" lon="-121.325811"/>
      <trkpt lat="47.133390" lon="-121.325710"/>
      <trkpt lat="47.133409" lon="-121.325664"/>
      <trkpt lat="47.133430" lon="-121.325590"/>
      <trkpt lat="47.133451" lon="-121.325522"/>
      <trkpt lat="47.133471" lon="-121.325398"/>
      <trkpt lat="47.133485" lon="-121.325243"/>
      <trkpt lat="47.133524" lon="-121.325141"/>
      <trkpt lat="47.133553" lon="-121.325071"/>
      <trkpt lat="47.133617" lon="-121.325020"/>
      <trkpt lat="47.133648" lon="-121.324977"/>
      <trkpt lat="47.133667" lon="-121.324930"/>
      <trkpt lat="47.133708" lon="-121.324800"/>
      <trkpt lat="47.133741" lon="-121.324655"/>
      <trkpt lat="47.133768" lon="-121.324575"/>
      <trkpt lat="47.133813" lon="-121.324508"/>
      <trkpt lat="47.133859" lon="-121.324452"/>
      <trkpt lat="47.133898" lon="-121.324355"/>
      <trkpt lat="47.133934" lon="-121.324266"/>
      <trkpt lat="47.133985" lon="-121.324165"/>
      <trkpt lat="47.134033" lon="-121.324079"/>
      <trkpt lat="47.134093" lon="-121.324022"/>
      <trkpt lat="47.134195" lon="-121.323978"/>
      <trkpt lat="47.134224" lon="-121.323934"/>
      <trkpt lat="47.134228" lon="-121.323883"/>
      <trkpt lat="47.134221" lon="-121.323770"/>
      <trkpt lat="47.134211" lon="-121.323698"/>
      <trkpt lat="47.134206" lon="-121.323601"/>
      <trkpt lat="47.134208" lon="-121.323513"/>
      <trkpt lat="47.134239" lon="-121.323422"/>
      <trkpt lat="47.134264" lon="-121.323325"/>
      <trkpt lat="47.134346" lon="-121.323161"/>
      <trkpt lat="47.134460" lon="-121.322873"/>
      <trkpt lat="47.134520" lon="-121.322732"/>
      <trkpt lat="47.134609" lon="-121.322596"/>
      <trkpt lat="47.134644" lon="-121.322461"/>
      <trkpt lat="47.134675" lon="-121.322314"/>
      <trkpt lat="47.134721" lon="-121.322129"/>
      <trkpt lat="47.134768" lon="-121.322027"/>
      <trkpt lat="47.134899" lon="-121.321742"/>
      <trkpt lat="47.134985" lon="-121.321549"/>
      <trkpt lat="47.135033" lon="-121.321351"/>
      <trkpt lat="47.135069" lon="-121.321198"/>
      <trkpt lat="47.135095" lon="-121.321091"/>
      <trkpt lat="47.135095" lon="-121.320978"/>
      <trkpt lat="47.135078" lon="-121.320879"/>
      <trkpt lat="47.135055" lon="-121.320761"/>
      <trkpt lat="47.135049" lon="-121.320662"/>
      <trkpt lat="47.135067" lon="-121.320530"/>
      <trkpt lat="47.135128" lon="-121.320338"/>
      <trkpt lat="47.135133" lon="-121.320246"/>
      <trkpt lat="47.135106" lon="-121.320077"/>
      <trkpt lat="47.135080" lon="-121.319921"/>
      <trkpt lat="47.135080" lon="-121.319865"/>
      <trkpt lat="47.135098" lon="-121.319728"/>
      <trkpt lat="47.135117" lon="-121.319546"/>
      <trkpt lat="47.135118" lon="-121.319444"/>
      <trkpt lat="47.135118" lon="-121.319363"/>
      <trkpt lat="47.135100" lon="-121.319299"/>
      <trkpt lat="47.135066" lon="-121.319261"/>
      <trkpt lat="47.134998" lon="-121.319253"/>
      <trkpt lat="47.134870" lon="-121.319213"/>
      <trkpt lat="47.134797" lon="-121.319178"/>
      <trkpt lat="47.134755" lon="-121.319135"/>
      <trkpt lat="47.134712" lon="-121.319071"/>
      <trkpt lat="47.134668" lon="-121.318991"/>
      <trkpt lat="47.134657" lon="-121.318942"/>
      <trkpt lat="47.134666" lon="-121.318883"/>
      <trkpt lat="47.134713" lon="-121.318843"/>
      <trkpt lat="47.134757" lon="-121.318822"/>
      <trkpt lat="47.134823" lon="-121.318768"/>
      <trkpt lat="47.134910" lon="-121.318615"/>
      <trkpt lat="47.135129" lon="-121.318183"/>
      <trkpt lat="47.135177" lon="-121.318036"/>
      <trkpt lat="47.135197" lon="-121.317993"/>
      <trkpt lat="47.135235" lon="-121.317977"/>
      <trkpt lat="47.135343" lon="-121.317982"/>
      <trkpt lat="47.135438" lon="-121.317982"/>
      <trkpt lat="47.135531" lon="-121.317977"/>
      <trkpt lat="47.135585" lon="-121.317958"/>
      <trkpt lat="47.135664" lon="-121.317904"/>
      <trkpt lat="47.135715" lon="-121.317835"/>
      <trkpt lat="47.135728" lon="-121.317773"/>
      <trkpt lat="47.135715" lon="-121.317703"/>
      <trkpt lat="47.135658" lon="-121.317609"/>
      <trkpt lat="47.135573" lon="-121.317499"/>
      <trkpt lat="47.135472" lon="-121.317400"/>
      <trkpt lat="47.135388" lon="-121.317338"/>
      <trkpt lat="47.135260" lon="-121.317222"/>
      <trkpt lat="47.135210" lon="-121.317180"/>
      <trkpt lat="47.135138" lon="-121.317145"/>
      <trkpt lat="47.134972" lon="-121.317132"/>
      <trkpt lat="47.134845" lon="-121.317132"/>
      <trkpt lat="47.134618" lon="-121.317169"/>
      <trkpt lat="47.134425" lon="-121.317194"/>
      <trkpt lat="47.134321" lon="-121.317185"/>
      <trkpt lat="47.134184" lon="-121.317153"/>
      <trkpt lat="47.134018" lon="-121.317137"/>
      <trkpt lat="47.133870" lon="-121.317081"/>
      <trkpt lat="47.133677" lon="-121.316955"/>
      <trkpt lat="47.133525" lon="-121.316834"/>
      <trkpt lat="47.133332" lon="-121.316654"/>
      <trkpt lat="47.133226" lon="-121.316571"/>
      <trkpt lat="47.133106" lon="-121.316453"/>
      <trkpt lat="47.132913" lon="-121.316238"/>
      <trkpt lat="47.132818" lon="-121.316145"/>
      <trkpt lat="47.132597" lon="-121.315911"/>
      <trkpt lat="47.132544" lon="-121.315836"/>
      <trkpt lat="47.132474" lon="-121.315788"/>
      <trkpt lat="47.132414" lon="-121.315740"/>
      <trkpt lat="47.132365" lon="-121.315643"/>
      <trkpt lat="47.132317" lon="-121.315496"/>
      <trkpt lat="47.132285" lon="-121.315316"/>
      <trkpt lat="47.132261" lon="-121.315203"/>
      <trkpt lat="47.132237" lon="-121.315053"/>
      <trkpt lat="47.132232" lon="-121.314884"/>
      <trkpt lat="47.132233" lon="-121.314777"/>
      <trkpt lat="47.132244" lon="-121.314683"/>
      <trkpt lat="47.132270" lon="-121.314613"/>
      <trkpt lat="47.132314" lon="-121.314549"/>
      <trkpt lat="47.132370" lon="-121.314535"/>
      <trkpt lat="47.132480" lon="-121.314538"/>
      <trkpt lat="47.132599" lon="-121.314511"/>
      <trkpt lat="47.132752" lon="-121.314458"/>
      <trkpt lat="47.132963" lon="-121.314361"/>
      <trkpt lat="47.133104" lon="-121.314326"/>
      <trkpt lat="47.133301" lon="-121.314340"/>
      <trkpt lat="47.133474" lon="-121.314324"/>
      <trkpt lat="47.133551" lon="-121.314316"/>
      <trkpt lat="47.133622" lon="-121.314254"/>
      <trkpt lat="47.133726" lon="-121.314157"/>
      <trkpt lat="47.133832" lon="-121.313999"/>
      <trkpt lat="47.133927" lon="-121.313900"/>
      <trkpt lat="47.134091" lon="-121.313782"/>
      <trkpt lat="47.134266" lon="-121.313664"/>
      <trkpt lat="47.134405" lon="-121.313532"/>
      <trkpt lat="47.134681" lon="-121.313283"/>
      <trkpt lat="47.134832" lon="-121.313168"/>
      <trkpt lat="47.134971" lon="-121.313012"/>
      <trkpt lat="47.135159" lon="-121.312773"/>
      <trkpt lat="47.135297" lon="-121.312604"/>
      <trkpt lat="47.135385" lon="-121.312449"/>
      <trkpt lat="47.135531" lon="-121.312180"/>
      <trkpt lat="47.135713" lon="-121.311835"/>
      <trkpt lat="47.135824" lon="-121.311590"/>
      <trkpt lat="47.135883" lon="-121.311478"/>
      <trkpt lat="47.135967" lon="-121.311236"/>
      <trkpt lat="47.136162" lon="-121.310743"/>
      <trkpt lat="47.136288" lon="-121.310386"/>
      <trkpt lat="47.136361" lon="-121.310150"/>
      <trkpt lat="47.136483" lon="-121.309748"/>
    </trkseg>
    <trkseg>
      <trkpt lat="47.102456" lon="-121.400063"/>
      <trkpt lat="47.102523" lon="-121.400064"/>
      <trkpt lat="47.102601" lon="-121.399977"/>
      <trkpt lat="47.102799" lon="-121.399721"/>
      <trkpt lat="47.102851" lon="-121.399670"/>
      <trkpt lat="47.102928" lon="-121.399639"/>
      <trkpt lat="47.103028" lon="-121.399607"/>
      <trkpt lat="47.103114" lon="-121.399562"/>
      <trkpt lat="47.103215" lon="-121.399517"/>
      <trkpt lat="47.103320" lon="-121.399426"/>
      <trkpt lat="47.103386" lon="-121.399382"/>
      <trkpt lat="47.103483" lon="-121.399347"/>
      <trkpt lat="47.103629" lon="-121.399350"/>
      <trkpt lat="47.103723" lon="-121.399305"/>
      <trkpt lat="47.103803" lon="-121.399253"/>
      <trkpt lat="47.103910" lon="-121.399139"/>
      <trkpt lat="47.103976" lon="-121.399076"/>
      <trkpt lat="47.104029" lon="-121.399065"/>
      <trkpt lat="47.104098" lon="-121.399072"/>
      <trkpt lat="47.104173" lon="-121.399114"/>
      <trkpt lat="47.104251" lon="-121.399178"/>
      <trkpt lat="47.104301" lon="-121.399230"/>
      <trkpt lat="47.104342" lon="-121.399287"/>
      <trkpt lat="47.104430" lon="-121.399344"/>
      <trkpt lat="47.104672" lon="-121.399536"/>
      <trkpt lat="47.104781" lon="-121.399671"/>
      <trkpt lat="47.104830" lon="-121.399755"/>
      <trkpt lat="47.104910" lon="-121.399974"/>
      <trkpt lat="47.104971" lon="-121.400106"/>
      <trkpt lat="47.105024" lon="-121.400211"/>
      <trkpt lat="47.105213" lon="-121.400551"/>
      <trkpt lat="47.105266" lon="-121.400685"/>
      <trkpt lat="47.105308" lon="-121.400846"/>
      <trkpt lat="47.105347" lon="-121.401026"/>
      <trkpt lat="47.105465" lon="-121.401326"/>
      <trkpt lat="47.105522" lon="-121.401388"/>
      <trkpt lat="47.105626" lon="-121.401452"/>
      <trkpt lat="47.105659" lon="-121.401501"/>
      <trkpt lat="47.105684" lon="-121.401585"/>
      <trkpt lat="47.105714" lon="-121.401705"/>
      <trkpt lat="47.105748" lon="-121.401809"/>
      <trkpt lat="47.105792" lon="-121.401900"/>
      <trkpt lat="47.106124" lon="-121.402319"/>
      <trkpt lat="47.106433" lon="-121.402918"/>
      <trkpt lat="47.106486" lon="-121.403042"/>
      <trkpt lat="47.106502" lon="-121.403156"/>
      <trkpt lat="47.106537" lon="-121.403227"/>
      <trkpt lat="47.106578" lon="-121.403263"/>
      <trkpt lat="47.106652" lon="-121.403284"/>
      <trkpt lat="47.106693" lon="-121.403276"/>
      <trkpt lat="47.106741" lon="-121.403256"/>
      <trkpt lat="47.106826" lon="-121.403194"/>
      <trkpt lat="47.106874" lon="-121.403172"/>
      <trkpt lat="47.106913" lon="-121.403164"/>
      <trkpt lat="47.106969" lon="-121.403164"/>
      <trkpt lat="47.107007" lon="-121.403184"/>
      <trkpt lat="47.107130" lon="-121.403298"/>
      <trkpt lat="47.107188" lon="-121.403317"/>
      <trkpt lat="47.107238" lon="-121.403341"/>
      <trkpt lat="47.107267" lon="-121.403372"/>
      <trkpt lat="47.107296" lon="-121.403435"/>
      <trkpt lat="47.107313" lon="-121.403514"/>
      <trkpt lat="47.107310" lon="-121.403583"/>
      <trkpt lat="47.107293" lon="-121.403713"/>
      <trkpt lat="47.107281" lon="-121.403984"/>
      <trkpt lat="47.107286" lon="-121.404143"/>
      <trkpt lat="47.107308" lon="-121.404254"/>
      <trkpt lat="47.107347" lon="-121.404365"/>
      <trkpt lat="47.107389" lon="-121.404506"/>
      <trkpt lat="47.107445" lon="-121.404737"/>
      <trkpt lat="47.107503" lon="-121.404992"/>
      <trkpt lat="47.107555" lon="-121.405480"/>
      <trkpt lat="47.107590" lon="-121.405721"/>
      <trkpt lat="47.107634" lon="-121.405910"/>
      <trkpt lat="47.107716" lon="-121.406302"/>
      <trkpt lat="47.107743" lon="-121.406409"/>
      <trkpt lat="47.107773" lon="-121.406502"/>
      <trkpt lat="47.107811" lon="-121.406581"/>
      <trkpt lat="47.107863" lon="-121.406665"/>
      <trkpt lat="47.107918" lon="-121.406724"/>
      <trkpt lat="47.107976" lon="-121.406773"/>
      <trkpt lat="47.108029" lon="-121.406794"/>
      <trkpt lat="47.108104" lon="-121.406815"/>
      <trkpt lat="47.108185" lon="-121.406826"/>
      <trkpt lat="47.108351" lon="-121.406836"/>
      <trkpt lat="47.108494" lon="-121.406826"/>
      <trkpt lat="47.108555" lon="-121.406832"/>
      <trkpt lat="47.108602" lon="-121.406842"/>
      <trkpt lat="47.108650" lon="-121.406869"/>
      <trkpt lat="47.108708" lon="-121.406932"/>
      <trkpt lat="47.108748" lon="-121.406990"/>
      <trkpt lat="47.108787" lon="-121.407082"/>
      <trkpt lat="47.108839" lon="-121.407186"/>
      <trkpt lat="47.108946" lon="-121.407336"/>
      <trkpt lat="47.109004" lon="-121.407398"/>
      <trkpt lat="47.109087" lon="-121.407456"/>
      <trkpt lat="47.109231" lon="-121.407540"/>
      <trkpt lat="47.109308" lon="-121.407600"/>
      <trkpt lat="47.109410" lon="-121.407702"/>
      <trkpt lat="47.109473" lon="-121.407780"/>
      <trkpt lat="47.109656" lon="-121.408063"/>
      <trkpt lat="47.109824" lon="-121.408304"/>
      <trkpt lat="47.109919" lon="-121.408414"/>
      <trkpt lat="47.109967" lon="-121.408462"/>
      <trkpt lat="47.110002" lon="-121.408537"/>
      <trkpt lat="47.110017" lon="-121.408602"/>
      <trkpt lat="47.110023" lon="-121.408761"/>
      <trkpt lat="47.110034" lon="-121.408851"/>
      <trkpt lat="47.110060" lon="-121.408946"/>
      <trkpt lat="47.110073" lon="-121.409062"/>
      <trkpt lat="47.110076" lon="-121.409180"/>
      <trkpt lat="47.110067" lon="-121.409271"/>
      <trkpt lat="47.110049" lon="-121.409362"/>
      <trkpt lat="47.110024" lon="-121.409433"/>
      <trkpt lat="47.110011" lon="-121.409513"/>
      <trkpt lat="47.109995" lon="-121.409648"/>
      <trkpt lat="47.109983" lon="-121.409852"/>
      <trkpt lat="47.109989" lon="-121.409972"/>
      <trkpt lat="47.110008" lon="-121.410132"/>
      <trkpt lat="47.110090" lon="-121.410459"/>
      <trkpt lat="47.110143" lon="-121.410647"/>
      <trkpt lat="47.110186" lon="-121.410764"/>
      <trkpt lat="47.110259" lon="-121.411024"/>
      <trkpt lat="47.110300" lon="-121.411139"/>
      <trkpt lat="47.110331" lon="-121.411243"/>
      <trkpt lat="47.110364" lon="-121.411310"/>
      <trkpt lat="47.110400" lon="-121.411363"/>
      <trkpt lat="47.110442" lon="-121.411398"/>
      <trkpt lat="47.110484" lon="-121.411421"/>
      <trkpt lat="47.110545" lon="-121.411421"/>
      <trkpt lat="47.110652" lon="-121.411446"/>
      <trkpt lat="47.110759" lon="-121.411485"/>
      <trkpt lat="47.110854" lon="-121.411511"/>
      <trkpt lat="47.110952" lon="-121.411556"/>
      <trkpt lat="47.111116" lon="-121.411668"/>
      <trkpt lat="47.111198" lon="-121.411737"/>
      <trkpt lat="47.111251" lon="-121.411771"/>
      <trkpt lat="47.111314" lon="-121.411779"/>
      <trkpt lat="47.111378" lon="-121.411768"/>
      <trkpt lat="47.111435" lon="-121.411737"/>
      <trkpt lat="47.111583" lon="-121.411614"/>
      <trkpt lat="47.111666" lon="-121.411521"/>
      <trkpt lat="47.111744" lon="-121.411403"/>
      <trkpt lat="47.111826" lon="-121.411259"/>
      <trkpt lat="47.111960" lon="-121.410961"/>
      <trkpt lat="47.112052" lon="-121.410769"/>
      <trkpt lat="47.112076" lon="-121.410682"/>
      <trkpt lat="47.112108" lon="-121.410518"/>
      <trkpt lat="47.112221" lon="-121.410276"/>
      <trkpt lat="47.112243" lon="-121.410196"/>
      <trkpt lat="47.112285" lon="-121.410092"/>
      <trkpt lat="47.112296" lon="-121.410030"/>
      <trkpt lat="47.112293" lon="-121.409975"/>
      <trkpt lat="47.112278" lon="-121.409904"/>
      <trkpt lat="47.112276" lon="-121.409861"/>
      <trkpt lat="47.112292" lon="-121.409777"/>
      <trkpt lat="47.112367" lon="-121.409566"/>
      <trkpt lat="47.112375" lon="-121.409479"/>
      <trkpt lat="47.112395" lon="-121.409412"/>
      <trkpt lat="47.112444" lon="-121.409372"/>
      <trkpt lat="47.112516" lon="-121.409329"/>
      <trkpt lat="47.112586" lon="-121.409279"/>
      <trkpt lat="47.112663" lon="-121.409212"/>
      <trkpt lat="47.112748" lon="-121.409086"/>
      <trkpt lat="47.112793" lon="-121.409000"/>
      <trkpt lat="47.112828" lon="-121.408930"/>
      <trkpt lat="47.112861" lon="-121.408843"/>
      <trkpt lat="47.112888" lon="-121.408702"/>
      <trkpt lat="47.112895" lon="-121.408637"/>
      <trkpt lat="47.112924" lon="-121.408568"/>
      <trkpt lat="47.113014" lon="-121.408410"/>
      <trkpt lat="47.113077" lon="-121.408250"/>
      <trkpt lat="47.113134" lon="-121.408053"/>
      <trkpt lat="47.113163" lon="-121.407989"/>
      <trkpt lat="47.113282" lon="-121.407796"/>
      <trkpt lat="47.113332" lon="-121.407683"/>
      <trkpt lat="47.113419" lon="-121.407446"/>
      <trkpt lat="47.113471" lon="-121.407341"/>
      <trkpt lat="47.113559" lon="-121.407234"/>
      <trkpt lat="47.113685" lon="-121.407034"/>
      <trkpt lat="47.113853" lon="-121.406810"/>
      <trkpt lat="47.114096" lon="-121.406511"/>
      <trkpt lat="47.114192" lon="-121.406402"/>
      <trkpt lat="47.114260" lon="-121.406358"/>
      <trkpt lat="47.114375" lon="-121.406309"/>
      <trkpt lat="47.114438" lon="-121.406284"/>
      <trkpt lat="47.114513" lon="-121.406280"/>
      <trkpt lat="47.114754" lon="-121.406309"/>
      <trkpt lat="47.114833" lon="-121.406343"/>
      <trkpt lat="47.114953" lon="-121.406363"/>
      <trkpt lat="47.115077" lon="-121.406279"/>
      <trkpt lat="47.115179" lon="-121.406263"/>
      <trkpt lat="47.115265" lon="-121.406220"/>
      <trkpt lat="47.115358" lon="-121.406164"/>
      <trkpt lat="47.115429" lon="-121.406127"/>
      <trkpt lat="47.115472" lon="-121.406078"/>
      <trkpt lat="47.115527" lon="-121.406048"/>
      <trkpt lat="47.115631" lon="-121.406042"/>
      <trkpt lat="47.115722" lon="-121.406022"/>
      <trkpt lat="47.115839" lon="-121.405984"/>
      <trkpt lat="47.115989" lon="-121.405972"/>
      <trkpt lat="47.116034" lon="-121.405960"/>
      <trkpt lat="47.116088" lon="-121.405922"/>
      <trkpt lat="47.116261" lon="-121.405761"/>
      <trkpt lat="47.116399" lon="-121.405686"/>
      <trkpt lat="47.116613" lon="-121.405505"/>
      <trkpt lat="47.116891" lon="-121.405254"/>
      <trkpt lat="47.117019" lon="-121.405163"/>
      <trkpt lat="47.117092" lon="-121.405100"/>
      <trkpt lat="47.117166" lon="-121.405061"/>
      <trkpt lat="47.117366" lon="-121.405043"/>
      <trkpt lat="47.117480" lon="-121.405027"/>
      <trkpt lat="47.117615" lon="-121.404963"/>
      <trkpt lat="47.117776" lon="-121.404878"/>
      <trkpt lat="47.117859" lon="-121.404849"/>
      <trkpt lat="47.118011" lon="-121.404831"/>
      <trkpt lat="47.118184" lon="-121.404851"/>
      <trkpt lat="47.118379" lon="-121.404863"/>
      <trkpt lat="47.118474" lon="-121.404894"/>
      <trkpt lat="47.118602" lon="-121.404967"/>
      <trkpt lat="47.118753" lon="-121.405020"/>
      <trkpt lat="47.118838" lon="-121.405039"/>
      <trkpt lat="47.119148" lon="-121.405059"/>
      <trkpt lat="47.119260" lon="-121.405103"/>
      <trkpt lat="47.119370" lon="-121.405163"/>
      <trkpt lat="47.119453" lon="-121.405181"/>
      <trkpt lat="47.119545" lon="-121.405182"/>
      <trkpt lat="47.119658" lon="-121.405198"/>
      <trkpt lat="47.119833" lon="-121.405210"/>
      <trkpt lat="47.119907" lon="-121.405199"/>
      <trkpt lat="47.120001" lon="-121.405178"/>
      <trkpt lat="47.120073" lon="-121.405143"/>
      <trkpt lat="47.120170" lon="-121.405079"/>
      <trkpt lat="47.120256" lon="-121.404992"/>
      <trkpt lat="47.120338" lon="-121.404861"/>
      <trkpt lat="47.120402" lon="-121.404749"/>
      <trkpt lat="47.120462" lon="-121.404664"/>
      <trkpt lat="47.120488" lon="-121.404612"/>
      <trkpt lat="47.120507" lon="-121.404525"/>
      <trkpt lat="47.120590" lon="-121.404300"/>
      <trkpt lat="47.120662" lon="-121.404072"/>
      <trkpt lat="47.120754" lon="-121.403751"/>
      <trkpt lat="47.120835" lon="-121.403535"/>
      <trkpt lat="47.120895" lon="-121.403290"/>
      <trkpt lat="47.120922" lon="-121.403164"/>
      <trkpt lat="47.120978" lon="-121.403046"/>
      <trkpt lat="47.121125" lon="-121.402890"/>
      <trkpt lat="47.121173" lon="-121.402826"/>
      <trkpt lat="47.121205" lon="-121.402743"/>
      <trkpt lat="47.121220" lon="-121.402681"/>
      <trkpt lat="47.121222" lon="-121.402599"/>
      <trkpt lat="47.121240" lon="-121.402521"/>
      <trkpt lat="47.121278" lon="-121.402438"/>
      <trkpt lat="47.121303" lon="-121.402352"/>
      <trkpt lat="47.121315" lon="-121.402238"/>
      <trkpt lat="47.121313" lon="-121.401910"/>
      <trkpt lat="47.121307" lon="-121.401761"/>
      <trkpt lat="47.121300" lon="-121.401695"/>
      <trkpt lat="47.121287" lon="-121.401627"/>
      <trkpt lat="47.121256" lon="-121.401554"/>
      <trkpt lat="47.121215" lon="-121.401502"/>
      <trkpt lat="47.121136" lon="-121.401485"/>
      <trkpt lat="47.121109" lon="-121.401468"/>
      <trkpt lat="47.121092" lon="-121.401428"/>
      <trkpt lat="47.121084" lon="-121.401332"/>
      <trkpt lat="47.121102" lon="-121.401185"/>
      <trkpt lat="47.121133" lon="-121.401070"/>
      <trkpt lat="47.121179" lon="-121.400952"/>
      <trkpt lat="47.121359" lon="-121.400558"/>
      <trkpt lat="47.121470" lon="-121.400400"/>
      <trkpt lat="47.121519" lon="-121.400353"/>
      <trkpt lat="47.121577" lon="-121.400321"/>
      <trkpt lat="47.121767" lon="-121.400278"/>
      <trkpt lat="47.121852" lon="-121.400245"/>
      <trkpt lat="47.121925" lon="-121.400200"/>
      <trkpt lat="47.122015" lon="-121.400194"/>
      <trkpt lat="47.122097" lon="-121.400209"/>
      <trkpt lat="47.122186" lon="-121.400209"/>
      <trkpt lat="47.122286" lon="-121.400197"/>
      <trkpt lat="47.122451" lon="-121.400127"/>
      <trkpt lat="47.122578" lon="-121.400066"/>
      <trkpt lat="47.122660" lon="-121.400007"/>
      <trkpt lat="47.122738" lon="-121.399944"/>
      <trkpt lat="47.122829" lon="-121.399851"/>
      <trkpt lat="47.122882" lon="-121.399783"/>
      <trkpt lat="47.122907" lon="-121.399758"/>
      <trkpt lat="47.122948" lon="-121.399736"/>
      <trkpt lat="47.122978" lon="-121.399701"/>
      <trkpt lat="47.123000" lon="-121.399647"/>
      <trkpt lat="47.123051" lon="-121.399565"/>
      <trkpt lat="47.123140" lon="-121.399451"/>
      <trkpt lat="47.123214" lon="-121.399384"/>
      <trkpt lat="47.123290" lon="-121.399331"/>
      <trkpt lat="47.123344" lon="-121.399275"/>
      <trkpt lat="47.123403" lon="-121.399189"/>
      <trkpt lat="47.123451" lon="-121.399103"/>
      <trkpt lat="47.123501" lon="-121.398995"/>
      <trkpt lat="47.123537" lon="-121.398872"/>
      <trkpt lat="47.123562" lon="-121.398751"/>
      <trkpt lat="47.123569" lon="-121.398627"/>
      <trkpt lat="47.123581" lon="-121.398537"/>
      <trkpt lat="47.123616" lon="-121.398452"/>
      <trkpt lat="47.123642" lon="-121.398372"/>
      <trkpt lat="47.123682" lon="-121.398159"/>
      <trkpt lat="47.123717" lon="-121.398064"/>
      <trkpt lat="47.123793" lon="-121.397878"/>
      <trkpt lat="47.123860" lon="-121.397697"/>
      <trkpt lat="47.123888" lon="-121.397606"/>
      <trkpt lat="47.123930" lon="-121.397510"/>
      <trkpt lat="47.123974" lon="-121.397430"/>
      <trkpt lat="47.124050" lon="-121.397347"/>
      <trkpt lat="47.124100" lon="-121.397312"/>
      <trkpt lat="47.124171" lon="-121.397307"/>
      <trkpt lat="47.124245" lon="-121.397312"/>
      <trkpt lat="47.124341" lon="-121.397343"/>
      <trkpt lat="47.124462" lon="-121.397374"/>
      <trkpt lat="47.124579" lon="-121.397390"/>
      <trkpt lat="47.124698" lon="-121.397396"/>
      <trkpt lat="47.125193" lon="-121.397374"/>
      <trkpt lat="47.125324" lon="-121.397377"/>
      <trkpt lat="47.125383" lon="-121.397390"/>
      <trkpt lat="47.125439" lon="-121.397386"/>
      <trkpt lat="47.125486" lon="-121.397375"/>
      <trkpt lat="47.125532" lon="-121.397350"/>
      <trkpt lat="47.125567" lon="-121.397343"/>
      <trkpt lat="47.125609" lon="-121.397355"/>
      <trkpt lat="47.125647" lon="-121.397385"/>
      <trkpt lat="47.125723" lon="-121.397468"/>
      <trkpt lat="47.125763" lon="-121.397499"/>
      <trkpt lat="47.125840" lon="-121.397539"/>
      <trkpt lat="47.125941" lon="-121.397632"/>
      <trkpt lat="47.125993" lon="-121.397660"/>
      <trkpt lat="47.126081" lon="-121.397648"/>
      <trkpt lat="47.126131" lon="-121.397648"/>
      <trkpt lat="47.126171" lon="-121.397634"/>
      <trkpt lat="47.126210" lon="-121.397606"/>
      <trkpt lat="47.126244" lon="-121.397547"/>
      <trkpt lat="47.126328" lon="-121.397422"/>
      <trkpt lat="47.126435" lon="-121.397278"/>
      <trkpt lat="47.126552" lon="-121.397168"/>
      <trkpt lat="47.126580" lon="-121.397092"/>
      <trkpt lat="47.126619" lon="-121.397009"/>
      <trkpt lat="47.126725" lon="-121.396840"/>
      <trkpt lat="47.126797" lon="-121.396744"/>
      <trkpt lat="47.126925" lon="-121.396559"/>
      <trkpt lat="47.126993" lon="-121.396441"/>
      <trkpt lat="47.127016" lon="-121.396367"/>
      <trkpt lat="47.127029" lon="-121.396277"/>
      <trkpt lat="47.127031" lon="-121.396146"/>
      <trkpt lat="47.127042" lon="-121.395966"/>
      <trkpt lat="47.127063" lon="-121.395849"/>
      <trkpt lat="47.127075" lon="-121.395729"/>
      <trkpt lat="47.127079" lon="-121.395460"/>
      <trkpt lat="47.127088" lon="-121.395263"/>
      <trkpt lat="47.127080" lon="-121.395180"/>
      <trkpt lat="47.127060" lon="-121.395108"/>
      <trkpt lat="47.127013" lon="-121.394972"/>
      <trkpt lat="47.126959" lon="-121.394791"/>
      <trkpt lat="47.126854" lon="-121.394465"/>
      <trkpt lat="47.126796" lon="-121.394304"/>
      <trkpt lat="47.126735" lon="-121.394147"/>
      <trkpt lat="47.126636" lon="-121.393846"/>
      <trkpt lat="47.126499" lon="-121.393288"/>
      <trkpt lat="47.126326" lon="-121.392657"/>
      <trkpt lat="47.126306" lon="-121.392539"/>
      <trkpt lat="47.126240" lon="-121.392314"/>
      <trkpt lat="47.126084" lon="-121.391890"/>
      <trkpt lat="47.126025" lon="-121.391715"/>
      <trkpt lat="47.125997" lon="-121.391579"/>
      <trkpt lat="47.125900" lon="-121.390974"/>
      <trkpt lat="47.125838" lon="-121.390715"/>
      <trkpt lat="47.125813" lon="-121.390529"/>
      <trkpt lat="47.125773" lon="-121.390347"/>
      <trkpt lat="47.125724" lon="-121.390162"/>
      <trkpt lat="47.125676" lon="-121.389876"/>
      <trkpt lat="47.125612" lon="-121.389558"/>
      <trkpt lat="47.125511" lon="-121.389227"/>
      <trkpt lat="47.125460" lon="-121.389089"/>
      <trkpt lat="47.125437" lon="-121.389016"/>
      <trkpt lat="47.125421" lon="-121.388947"/>
      <trkpt lat="47.125420" lon="-121.388795"/>
      <trkpt lat="47.125383" lon="-121.388464"/>
      <trkpt lat="47.125370" lon="-121.388285"/>
      <trkpt lat="47.125375" lon="-121.388170"/>
      <trkpt lat="47.125387" lon="-121.388070"/>
      <trkpt lat="47.125405" lon="-121.387958"/>
      <trkpt lat="47.125427" lon="-121.387882"/>
      <trkpt lat="47.125450" lon="-121.387844"/>
      <trkpt lat="47.125474" lon="-121.387836"/>
      <trkpt lat="47.125500" lon="-121.387839"/>
      <trkpt lat="47.125535" lon="-121.387870"/>
      <trkpt lat="47.125560" lon="-121.387901"/>
      <trkpt lat="47.125586" lon="-121.387914"/>
      <trkpt lat="47.125625" lon="-121.387921"/>
      <trkpt lat="47.125707" lon="-121.387911"/>
      <trkpt lat="47.125737" lon="-121.387918"/>
      <trkpt lat="47.125774" lon="-121.387946"/>
      <trkpt lat="47.125808" lon="-121.388024"/>
      <trkpt lat="47.125893" lon="-121.388182"/>
      <trkpt lat="47.125987" lon="-121.388323"/>
      <trkpt lat="47.126244" lon="-121.388733"/>
      <trkpt lat="47.126403" lon="-121.388972"/>
      <trkpt lat="47.126532" lon="-121.389156"/>
      <trkpt lat="47.126557" lon="-121.389208"/>
      <trkpt lat="47.126588" lon="-121.389315"/>
      <trkpt lat="47.126663" lon="-121.389403"/>
      <trkpt lat="47.126705" lon="-121.389471"/>
      <trkpt lat="47.126785" lon="-121.389635"/>
      <trkpt lat="47.126823" lon="-121.389727"/>
      <trkpt lat="47.126858" lon="-121.389798"/>
      <trkpt lat="47.126975" lon="-121.389968"/>
      <trkpt lat="47.127120" lon="-121.390119"/>
      <trkpt lat="47.127178" lon="-121.390164"/>
      <trkpt lat="47.127270" lon="-121.390218"/>
      <trkpt lat="47.127337" lon="-121.390230"/>
      <trkpt lat="47.127433" lon="-121.390266"/>
      <trkpt lat="47.127535" lon="-121.390327"/>
      <trkpt lat="47.127657" lon="-121.390390"/>
      <trkpt lat="47.127952" lon="-121.390505"/>
      <trkpt lat="47.128013" lon="-121.390510"/>
      <trkpt lat="47.128062" lon="-121.390500"/>
      <trkpt lat="47.128112" lon="-121.390475"/>
      <trkpt lat="47.128146" lon="-121.390453"/>
      <trkpt lat="47.128187" lon="-121.390410"/>
      <trkpt lat="47.128214" lon="-121.390351"/>
      <trkpt lat="47.128234" lon="-121.390297"/>
      <trkpt lat="47.128262" lon="-121.390266"/>
      <trkpt lat="47.128295" lon="-121.390257"/>
      <trkpt lat="47.128352" lon="-121.390262"/>
      <trkpt lat="47.128456" lon="-121.390297"/>
      <trkpt lat="47.128527" lon="-121.390312"/>
      <trkpt lat="47.128585" lon="-121.390332"/>
      <trkpt lat="47.128674" lon="-121.390387"/>
      <trkpt lat="47.128986" lon="-121.390658"/>
      <trkpt lat="47.129051" lon="-121.390705"/>
      <trkpt lat="47.129140" lon="-121.390736"/>
      <trkpt lat="47.129381" lon="-121.390730"/>
      <trkpt lat="47.129447" lon="-121.390738"/>
      <trkpt lat="47.129621" lon="-121.390710"/>
      <trkpt lat="47.129808" lon="-121.390704"/>
      <trkpt lat="47.129888" lon="-121.390695"/>
      <trkpt lat="47.129922" lon="-121.390674"/>
      <trkpt lat="47.129962" lon="-121.390636"/>
      <trkpt lat="47.130045" lon="-121.390537"/>
      <trkpt lat="47.130075" lon="-121.390520"/>
      <trkpt lat="47.130124" lon="-121.390548"/>
      <trkpt lat="47.130150" lon="-121.390541"/>
      <trkpt lat="47.130174" lon="-121.390509"/>
      <trkpt lat="47.130199" lon="-121.390430"/>
      <trkpt lat="47.130245" lon="-121.390324"/>
      <trkpt lat="47.130307" lon="-121.390217"/>
      <trkpt lat="47.130432" lon="-121.390036"/>
      <trkpt lat="47.130504" lon="-121.389953"/>
      <trkpt lat="47.130609" lon="-121.389868"/>
      <trkpt lat="47.130674" lon="-121.389829"/>
      <trkpt lat="47.130739" lon="-121.389826"/>
      <trkpt lat="47.130828" lon="-121.389813"/>
      <trkpt lat="47.130910" lon="-121.389789"/>
      <trkpt lat="47.130991" lon="-121.389724"/>
      <trkpt lat="47.131049" lon="-121.389667"/>
      <trkpt lat="47.131136" lon="-121.389624"/>
      <trkpt lat="47.131206" lon="-121.389602"/>
      <trkpt lat="47.131293" lon="-121.389497"/>
      <trkpt lat="47.131373" lon="-121.389391"/>
      <trkpt lat="47.131515" lon="-121.389180"/>
      <trkpt lat="47.131606" lon="-121.389038"/>
      <trkpt lat="47.131661" lon="-121.388926"/>
      <trkpt lat="47.131693" lon="-121.388791"/>
      <trkpt lat="47.131847" lon="-121.388576"/>
      <trkpt lat="47.131874" lon="-121.388507"/>
      <trkpt lat="47.131911" lon="-121.388335"/>
      <trkpt lat="47.131942" lon="-121.388161"/>
      <trkpt lat="47.132020" lon="-121.387840"/>
      <trkpt lat="47.132107" lon="-121.387520"/>
      <trkpt lat="47.132158" lon="-121.387302"/>
      <trkpt lat="47.132228" lon="-121.387137"/>
      <trkpt lat="47.132330" lon="-121.387006"/>
      <trkpt lat="47.132491" lon="-121.386775"/>
      <trkpt lat="47.132637" lon="-121.386507"/>
      <trkpt lat="47.132721" lon="-121.386384"/>
      <trkpt lat="47.132801" lon="-121.386244"/>
      <trkpt lat="47.132914" lon="-121.385933"/>
      <trkpt lat="47.133108" lon="-121.385434"/>
      <trkpt lat="47.133151" lon="-121.385300"/>
      <trkpt lat="47.133221" lon="-121.385209"/>
      <trkpt lat="47.133323" lon="-121.385112"/>
      <trkpt lat="47.133418" lon="-121.385048"/>
      <trkpt lat="47.133513" lon="-121.384909"/>
      <trkpt lat="47.133542" lon="-121.384766"/>
      <trkpt lat="47.133624" lon="-121.384495"/>
      <trkpt lat="47.133622" lon="-121.384222"/>
      <trkpt lat="47.133644" lon="-121.383938"/>
      <trkpt lat="47.133635" lon="-121.383463"/>
      <trkpt lat="47.133642" lon="-121.382792"/>
      <trkpt lat="47.133620" lon="-121.382591"/>
      <trkpt lat="47.133589" lon="-121.382403"/>
      <trkpt lat="47.133585" lon="-121.382205"/>
      <trkpt lat="47.133604" lon="-121.381921"/>
      <trkpt lat="47.133623" lon="-121.381703"/>
      <trkpt lat="47.133648" lon="-121.381540"/>
      <trkpt lat="47.133693" lon="-121.381462"/>
      <trkpt lat="47.133735" lon="-121.381408"/>
      <trkpt lat="47.133812" lon="-121.381250"/>
      <trkpt lat="47.133923" lon="-121.381076"/>
      <trkpt lat="47.134016" lon="-121.380942"/>
      <trkpt lat="47.134122" lon="-121.380818"/>
      <trkpt lat="47.134257" lon="-121.380730"/>
      <trkpt lat="47.134317" lon="-121.380708"/>
      <trkpt lat="47.134372" lon="-121.380657"/>
      <trkpt lat="47.134418" lon="-121.380571"/>
      <trkpt lat="47.134454" lon="-121.380456"/>
      <trkpt lat="47.134465" lon="-121.380301"/>
      <trkpt lat="47.134454" lon="-121.380134"/>
      <trkpt lat="47.134465" lon="-121.379775"/>
      <trkpt lat="47.134431" lon="-121.379367"/>
      <trkpt lat="47.134421" lon="-121.379128"/>
      <trkpt lat="47.134438" lon="-121.378959"/>
      <trkpt lat="47.134452" lon="-121.378750"/>
      <trkpt lat="47.134476" lon="-121.378584"/>
      <trkpt lat="47.134613" lon="-121.377954"/>
      <trkpt lat="47.134648" lon="-121.377897"/>
      <trkpt lat="47.134695" lon="-121.377873"/>
      <trkpt lat="47.134786" lon="-121.377865"/>
      <trkpt lat="47.134881" lon="-121.377873"/>
      <trkpt lat="47.134951" lon="-121.377908"/>
      <trkpt lat="47.135011" lon="-121.377889"/>
      <trkpt lat="47.135051" lon="-121.377844"/>
      <trkpt lat="47.135084" lon="-121.377774"/>
      <trkpt lat="47.135308" lon="-121.377093"/>
      <trkpt lat="47.135410" lon="-121.376663"/>
      <trkpt lat="47.135465" lon="-121.376481"/>
      <trkpt lat="47.135492" lon="-121.376245"/>
      <trkpt lat="47.135527" lon="-121.376100"/>
      <trkpt lat="47.135678" lon="-121.375762"/>
      <trkpt lat="47.135750" lon="-121.375550"/>
      <trkpt lat="47.135868" lon="-121.375338"/>
      <trkpt lat="47.136087" lon="-121.374976"/>
      <trkpt lat="47.136308" lon="-121.374515"/>
      <trkpt lat="47.136383" lon="-121.374325"/>
      <trkpt lat="47.136439" lon="-121.374094"/>
      <trkpt lat="47.136465" lon="-121.373912"/>
      <trkpt lat="47.136483" lon="-121.373718"/>
      <trkpt lat="47.136492" lon="-121.373225"/>
      <trkpt lat="47.136485" lon="-121.373053"/>
      <trkpt lat="47.136487" lon="-121.372906"/>
      <trkpt lat="47.136503" lon="-121.372788"/>
      <trkpt lat="47.136531" lon="-121.372707"/>
      <trkpt lat="47.136578" lon="-121.372621"/>
      <trkpt lat="47.136795" lon="-121.372173"/>
      <trkpt lat="47.136938" lon="-121.371843"/>
      <trkpt lat="47.136974" lon="-121.371674"/>
      <trkpt lat="47.137049" lon="-121.371377"/>
      <trkpt lat="47.137080" lon="-121.371173"/>
      <trkpt lat="47.137084" lon="-121.371084"/>
      <trkpt lat="47.137094" lon="-121.370972"/>
      <trkpt lat="47.137138" lon="-121.370857"/>
      <trkpt lat="47.137208" lon="-121.370757"/>
      <trkpt lat="47.137359" lon="-121.370580"/>
      <trkpt lat="47.137695" lon="-121.370057"/>
      <trkpt lat="47.137863" lon="-121.369747"/>
      <trkpt lat="47.138038" lon="-121.369325"/>
      <trkpt lat="47.138196" lon="-121.368861"/>
      <trkpt lat="47.138229" lon="-121.368732"/>
      <trkpt lat="47.138240" lon="-121.368568"/>
      <trkpt lat="47.138284" lon="-121.368343"/>
      <trkpt lat="47.138295" lon="-121.368252"/>
      <trkpt lat="47.138291" lon="-121.367922"/>
      <trkpt lat="47.138350" lon="-121.367557"/>
      <trkpt lat="47.138417" lon="-121.367348"/>
      <trkpt lat="47.138437" lon="-121.367233"/>
      <trkpt lat="47.138435" lon="-121.366576"/>
      <trkpt lat="47.138443" lon="-121.366463"/>
      <trkpt lat="47.138457" lon="-121.366361"/>
      <trkpt lat="47.138525" lon="-121.366257"/>
      <trkpt lat="47.138744" lon="-121.365951"/>
      <trkpt lat="47.138904" lon="-121.365699"/>
      <trkpt lat="47.139054" lon="-121.365522"/>
      <trkpt lat="47.139180" lon="-121.365406"/>
      <trkpt lat="47.139246" lon="-121.365358"/>
      <trkpt lat="47.139275" lon="-121.365320"/>
      <trkpt lat="47.139311" lon="-121.365240"/>
      <trkpt lat="47.139390" lon="-121.365098"/>
      <trkpt lat="47.139722" lon="-121.364701"/>
      <trkpt lat="47.139862" lon="-121.364505"/>
      <trkpt lat="47.139939" lon="-121.364325"/>
      <trkpt lat="47.139997" lon="-121.364156"/>
      <trkpt lat="47.140039" lon="-121.364054"/>
      <trkpt lat="47.140067" lon="-121.363942"/>
      <trkpt lat="47.140057" lon="-121.363821"/>
      <trkpt lat="47.140063" lon="-121.363687"/>
      <trkpt lat="47.140094" lon="-121.363529"/>
      <trkpt lat="47.140165" lon="-121.363408"/>
      <trkpt lat="47.140346" lon="-121.363132"/>
      <trkpt lat="47.140435" lon="-121.362931"/>
      <trkpt lat="47.140472" lon="-121.362823"/>
      <trkpt lat="47.140479" lon="-121.362756"/>
      <trkpt lat="47.140470" lon="-121.362684"/>
      <trkpt lat="47.140435" lon="-121.362646"/>
      <trkpt lat="47.140382" lon="-121.362574"/>
      <trkpt lat="47.140273" lon="-121.362287"/>
      <trkpt lat="47.140090" lon="-121.361976"/>
      <trkpt lat="47.139970" lon="-121.361815"/>
      <trkpt lat="47.139828" lon="-121.361648"/>
      <trkpt lat="47.139740" lon="-121.361509"/>
      <trkpt lat="47.139620" lon="-121.361276"/>
      <trkpt lat="47.139532" lon="-121.361144"/>
      <trkpt lat="47.139457" lon="-121.361005"/>
      <trkpt lat="47.139395" lon="-121.360932"/>
      <trkpt lat="47.139304" lon="-121.360865"/>
      <trkpt lat="47.139176" lon="-121.360809"/>
      <trkpt lat="47.138788" lon="-121.360694"/>
      <trkpt lat="47.138706" lon="-121.360659"/>
      <trkpt lat="47.138629" lon="-121.360605"/>
      <trkpt lat="47.138556" lon="-121.360533"/>
      <trkpt lat="47.138488" lon="-121.360436"/>
      <trkpt lat="47.138428" lon="-121.360238"/>
      <trkpt lat="47.138382" lon="-121.360109"/>
      <trkpt lat="47.138328" lon="-121.359975"/>
      <trkpt lat="47.138278" lon="-121.359870"/>
      <trkpt lat="47.138227" lon="-121.359779"/>
      <trkpt lat="47.138173" lon="-121.359653"/>
      <trkpt lat="47.138149" lon="-121.359575"/>
      <trkpt lat="47.138118" lon="-121.359497"/>
      <trkpt lat="47.138074" lon="-121.359433"/>
      <trkpt lat="47.137992" lon="-121.359371"/>
      <trkpt lat="47.137908" lon="-121.359331"/>
      <trkpt lat="47.137695" lon="-121.359248"/>
      <trkpt lat="47.137556" lon="-121.359200"/>
      <trkpt lat="47.137523" lon="-121.359159"/>
      <trkpt lat="47.137501" lon="-121.359095"/>
      <trkpt lat="47.137501" lon="-121.359033"/>
      <trkpt lat="47.137530" lon="-121.358945"/>
      <trkpt lat="47.137563" lon="-121.358867"/>
      <trkpt lat="47.137616" lon="-121.358768"/>
      <trkpt lat="47.137653" lon="-121.358668"/>
      <trkpt lat="47.137704" lon="-121.358486"/>
      <trkpt lat="47.137729" lon="-121.358441"/>
      <trkpt lat="47.137782" lon="-121.358390"/>
      <trkpt lat="47.137842" lon="-121.358349"/>
      <trkpt lat="47.137888" lon="-121.358282"/>
      <trkpt lat="47.137923" lon="-121.358206"/>
      <trkpt lat="47.137943" lon="-121.358137"/>
      <trkpt lat="47.137972" lon="-121.358087"/>
      <trkpt lat="47.137974" lon="-121.358052"/>
      <trkpt lat="47.137970" lon="-121.358006"/>
      <trkpt lat="47.137953" lon="-121.357946"/>
      <trkpt lat="47.137919" lon="-121.357901"/>
      <trkpt lat="47.137866" lon="-121.357853"/>
      <trkpt lat="47.137750" lon="-121.357761"/>
      <trkpt lat="47.137710" lon="-121.357706"/>
      <trkpt lat="47.137622" lon="-121.357551"/>
      <trkpt lat="47.137592" lon="-121.357470"/>
      <trkpt lat="47.137581" lon="-121.357399"/>
      <trkpt lat="47.137579" lon="-121.357295"/>
      <trkpt lat="47.137569" lon="-121.357144"/>
      <trkpt lat="47.137556" lon="-121.357087"/>
      <trkpt lat="47.137533" lon="-121.357042"/>
      <trkpt lat="47.137495" lon="-121.356996"/>
      <trkpt lat="47.137298" lon="-121.356814"/>
      <trkpt lat="47.137181" lon="-121.356638"/>
      <trkpt lat="47.137012" lon="-121.356409"/>
      <trkpt lat="47.136954" lon="-121.356336"/>
      <trkpt lat="47.136915" lon="-121.356300"/>
      <trkpt lat="47.136881" lon="-121.356256"/>
      <trkpt lat="47.136849" lon="-121.356208"/>
      <trkpt lat="47.136833" lon="-121.356147"/>
      <trkpt lat="47.136824" lon="-121.356068"/>
      <trkpt lat="47.136825" lon="-121.356020"/>
      <trkpt lat="47.136840" lon="-121.355976"/>
      <trkpt lat="47.136884" lon="-121.355878"/>
      <trkpt lat="47.136938" lon="-121.355781"/>
      <trkpt lat="47.137000" lon="-121.355632"/>
      <trkpt lat="47.137107" lon="-121.355446"/>
      <trkpt lat="47.137264" lon="-121.355152"/>
      <trkpt lat="47.137368" lon="-121.354999"/>
      <trkpt lat="47.137465" lon="-121.354892"/>
      <trkpt lat="47.137545" lon="-121.354856"/>
      <trkpt lat="47.137671" lon="-121.354782"/>
      <trkpt lat="47.137752" lon="-121.354774"/>
      <trkpt lat="47.137779" lon="-121.354750"/>
      <trkpt lat="47.137803" lon="-121.354710"/>
      <trkpt lat="47.137833" lon="-121.354609"/>
      <trkpt lat="47.137884" lon="-121.354472"/>
      <trkpt lat="47.137973" lon="-121.354334"/>
      <trkpt lat="47.137992" lon="-121.354259"/>
      <trkpt lat="47.137989" lon="-121.354197"/>
      <trkpt lat="47.137967" lon="-121.354130"/>
      <trkpt lat="47.137931" lon="-121.353995"/>
      <trkpt lat="47.137887" lon="-121.353764"/>
      <trkpt lat="47.137876" lon="-121.353556"/>
      <trkpt lat="47.137873" lon="-121.353403"/>
      <trkpt lat="47.137825" lon="-121.353118"/>
      <trkpt lat="47.137808" lon="-121.352961"/>
      <trkpt lat="47.137805" lon="-121.352886"/>
      <trkpt lat="47.137789" lon="-121.352792"/>
      <trkpt lat="47.137790" lon="-121.352725"/>
      <trkpt lat="47.137832" lon="-121.352655"/>
      <trkpt lat="47.137898" lon="-121.352597"/>
      <trkpt lat="47.138009" lon="-121.352512"/>
      <trkpt lat="47.138095" lon="-121.352462"/>
      <trkpt lat="47.138140" lon="-121.352408"/>
      <trkpt lat="47.138168" lon="-121.352325"/>
      <trkpt lat="47.138165" lon="-121.352261"/>
      <trkpt lat="47.138141" lon="-121.352175"/>
      <trkpt lat="47.137996" lon="-121.351746"/>
      <trkpt lat="47.137941" lon="-121.351664"/>
      <trkpt lat="47.137889" lon="-121.351573"/>
      <trkpt lat="47.137827" lon="-121.351487"/>
      <trkpt lat="47.137784" lon="-121.351413"/>
      <trkpt lat="47.137680" lon="-121.351105"/>
      <trkpt lat="47.137562" lon="-121.350854"/>
      <trkpt lat="47.137463" lon="-121.350617"/>
      <trkpt lat="47.137407" lon="-121.350540"/>
      <trkpt lat="47.137319" lon="-121.350465"/>
      <trkpt lat="47.137203" lon="-121.350371"/>
      <trkpt lat="47.137104" lon="-121.350312"/>
      <trkpt lat="47.136974" lon="-121.350217"/>
      <trkpt lat="47.136906" lon="-121.350158"/>
      <trkpt lat="47.136816" lon="-121.350060"/>
      <trkpt lat="47.136773" lon="-121.349993"/>
      <trkpt lat="47.136749" lon="-121.349923"/>
      <trkpt lat="47.136739" lon="-121.349833"/>
      <trkpt lat="47.136742" lon="-121.349756"/>
      <trkpt lat="47.136762" lon="-121.349668"/>
      <trkpt lat="47.136796" lon="-121.349601"/>
      <trkpt lat="47.136881" lon="-121.349412"/>
      <trkpt lat="47.136991" lon="-121.349190"/>
      <trkpt lat="47.137178" lon="-121.348880"/>
      <trkpt lat="47.137274" lon="-121.348752"/>
      <trkpt lat="47.137454" lon="-121.348553"/>
      <trkpt lat="47.137623" lon="-121.348377"/>
      <trkpt lat="47.137736" lon="-121.348237"/>
      <trkpt lat="47.137783" lon="-121.348170"/>
      <trkpt lat="47.137831" lon="-121.348071"/>
      <trkpt lat="47.137853" lon="-121.347983"/>
      <trkpt lat="47.137855" lon="-121.347901"/>
      <trkpt lat="47.137841" lon="-121.347756"/>
      <trkpt lat="47.137839" lon="-121.347653"/>
      <trkpt lat="47.137853" lon="-121.347603"/>
      <trkpt lat="47.137895" lon="-121.347545"/>
      <trkpt lat="47.137950" lon="-121.347409"/>
      <trkpt lat="47.137954" lon="-121.347348"/>
      <trkpt lat="47.137939" lon="-121.347287"/>
      <trkpt lat="47.137885" lon="-121.347139"/>
      <trkpt lat="47.137740" lon="-121.347008"/>
      <trkpt lat="47.137644" lon="-121.346961"/>
      <trkpt lat="47.137564" lon="-121.346898"/>
      <trkpt lat="47.137484" lon="-121.346894"/>
      <trkpt lat="47.137437" lon="-121.346879"/>
      <trkpt lat="47.137394" lon="-121.346840"/>
      <trkpt lat="47.137312" lon="-121.346682"/>
      <trkpt lat="47.137256" lon="-121.346623"/>
      <trkpt lat="47.137196" lon="-121.346593"/>
      <trkpt lat="47.137140" lon="-121.346553"/>
      <trkpt lat="47.137093" lon="-121.346507"/>
      <trkpt lat="47.137047" lon="-121.346436"/>
      <trkpt lat="47.136983" lon="-121.346373"/>
      <trkpt lat="47.136893" lon="-121.346269"/>
      <trkpt lat="47.136833" lon="-121.346230"/>
      <trkpt lat="47.136674" lon="-121.346214"/>
      <trkpt lat="47.136538" lon="-121.346161"/>
      <trkpt lat="47.136359" lon="-121.346075"/>
      <trkpt lat="47.136156" lon="-121.345943"/>
      <trkpt lat="47.136018" lon="-121.345818"/>
      <trkpt lat="47.135893" lon="-121.345680"/>
      <trkpt lat="47.135756" lon="-121.345483"/>
      <trkpt lat="47.135667" lon="-121.345339"/>
      <trkpt lat="47.135562" lon="-121.345182"/>
      <trkpt lat="47.135457" lon="-121.345012"/>
      <trkpt lat="47.135375" lon="-121.344847"/>
      <trkpt lat="47.135266" lon="-121.344666"/>
      <trkpt lat="47.135146" lon="-121.344386"/>
      <trkpt lat="47.135002" lon="-121.344001"/>
      <trkpt lat="47.134933" lon="-121.343758"/>
      <trkpt lat="47.134865" lon="-121.343537"/>
      <trkpt lat="47.134820" lon="-121.343373"/>
      <trkpt lat="47.134768" lon="-121.343149"/>
      <trkpt lat="47.134750" lon="-121.342983"/>
      <trkpt lat="47.134754" lon="-121.342890"/>
      <trkpt lat="47.134773" lon="-121.342818"/>
      <trkpt lat="47.134828" lon="-121.342754"/>
      <trkpt lat="47.134865" lon="-121.342689"/>
      <trkpt lat="47.134891" lon="-121.342619"/>
      <trkpt lat="47.134920" lon="-121.342443"/>
      <trkpt lat="47.134934" lon="-121.342263"/>
      <trkpt lat="47.134944" lon="-121.341803"/>
      <trkpt lat="47.134960" lon="-121.341642"/>
      <trkpt lat="47.135046" lon="-121.341227"/>
      <trkpt lat="47.135075" lon="-121.341020"/>
      <trkpt lat="47.135100" lon="-121.340879"/>
      <trkpt lat="47.135197" lon="-121.340558"/>
      <trkpt lat="47.135267" lon="-121.340350"/>
      <trkpt lat="47.135328" lon="-121.340118"/>
      <trkpt lat="47.135352" lon="-121.339945"/>
      <trkpt lat="47.135345" lon="-121.339831"/>
      <trkpt lat="47.135306" lon="-121.339536"/>
      <trkpt lat="47.135306" lon="-121.339446"/>
      <trkpt lat="47.135301" lon="-121.339343"/>
      <trkpt lat="47.135277" lon="-121.339264"/>
      <trkpt lat="47.135210" lon="-121.339158"/>
      <trkpt lat="47.135152" lon="-121.339094"/>
      <trkpt lat="47.135117" lon="-121.339033"/>
      <trkpt lat="47.135091" lon="-121.338954"/>
      <trkpt lat="47.135071" lon="-121.338863"/>
      <trkpt lat="47.135053" lon="-121.338820"/>
      <trkpt lat="47.134985" lon="-121.338787"/>
      <trkpt lat="47.134841" lon="-121.338654"/>
      <trkpt lat="47.134712" lon="-121.338579"/>
      <trkpt lat="47.134561" lon="-121.338441"/>
      <trkpt lat="47.134458" lon="-121.338363"/>
      <trkpt lat="47.134412" lon="-121.338337"/>
      <trkpt lat="47.134265" lon="-121.338116"/>
      <trkpt lat="47.134191" lon="-121.338018"/>
      <trkpt lat="47.134101" lon="-121.337931"/>
      <trkpt lat="47.133987" lon="-121.337856"/>
      <trkpt lat="47.133788" lon="-121.337753"/>
      <trkpt lat="47.133738" lon="-121.337718"/>
      <trkpt lat="47.133677" lon="-121.337639"/>
      <trkpt lat="47.133525" lon="-121.337497"/>
      <trkpt lat="47.133360" lon="-121.337326"/>
      <trkpt lat="47.133315" lon="-121.337321"/>
      <trkpt lat="47.133277" lon="-121.337301"/>
      <trkpt lat="47.133239" lon="-121.337262"/>
      <trkpt lat="47.133210" lon="-121.337205"/>
      <trkpt lat="47.133200" lon="-121.337138"/>
      <trkpt lat="47.133170" lon="-121.337074"/>
      <trkpt lat="47.133100" lon="-121.336987"/>
      <trkpt lat="47.133003" lon="-121.336881"/>
      <trkpt lat="47.132779" lon="-121.336552"/>
      <trkpt lat="47.132645" lon="-121.336465"/>
      <trkpt lat="47.132601" lon="-121.336408"/>
      <trkpt lat="47.132531" lon="-121.336232"/>
      <trkpt lat="47.132498" lon="-121.336172"/>
      <trkpt lat="47.132447" lon="-121.336143"/>
      <trkpt lat="47.132404" lon="-121.336146"/>
      <trkpt lat="47.132339" lon="-121.336130"/>
      <trkpt lat="47.132285" lon="-121.336112"/>
      <trkpt lat="47.132226" lon="-121.336086"/>
      <trkpt lat="47.132040" lon="-121.335935"/>
      <trkpt lat="47.131974" lon="-121.335905"/>
      <trkpt lat="47.131906" lon="-121.335887"/>
      <trkpt lat="47.131870" lon="-121.335855"/>
      <trkpt lat="47.131826" lon="-121.335805"/>
      <trkpt lat="47.131762" lon="-121.335714"/>
      <trkpt lat="47.131686" lon="-121.335643"/>
      <trkpt lat="47.131576" lon="-121.335508"/>
      <trkpt lat="47.131511" lon="-121.335412"/>
      <trkpt lat="47.131411" lon="-121.335349"/>
      <trkpt lat="47.131358" lon="-121.335305"/>
      <trkpt lat="47.131307" lon="-121.335258"/>
      <trkpt lat="47.131265" lon="-121.335190"/>
      <trkpt lat="47.131217" lon="-121.335014"/>
      <trkpt lat="47.131229" lon="-121.334808"/>
      <trkpt lat="47.131331" lon="-121.334514"/>
      <trkpt lat="47.131363" lon="-121.334370"/>
      <trkpt lat="47.131395" lon="-121.334270"/>
      <trkpt lat="47.131473" lon="-121.334137"/>
      <trkpt lat="47.131572" lon="-121.333934"/>
      <trkpt lat="47.131610" lon="-121.333772"/>
      <trkpt lat="47.131667" lon="-121.333611"/>
      <trkpt lat="47.131824" lon="-121.333315"/>
      <trkpt lat="47.131850" lon="-121.333170"/>
      <trkpt lat="47.131870" lon="-121.333002"/>
      <trkpt lat="47.131921" lon="-121.332850"/>
      <trkpt lat="47.131963" lon="-121.332682"/>
      <trkpt lat="47.132033" lon="-121.332502"/>
      <trkpt lat="47.132056" lon="-121.332424"/>
      <trkpt lat="47.132053" lon="-121.332328"/>
      <trkpt lat="47.132058" lon="-121.332143"/>
      <trkpt lat="47.132058" lon="-121.331995"/>
      <trkpt lat="47.132066" lon="-121.331848"/>
      <trkpt lat="47.132089" lon="-121.331730"/>
      <trkpt lat="47.132112" lon="-121.331659"/>
      <trkpt lat="47.132171" lon="-121.331574"/>
      <trkpt lat="47.132293" lon="-121.331427"/>
      <trkpt lat="47.132432" lon="-121.331288"/>
      <trkpt lat="47.132563" lon="-121.331113"/>
      <trkpt lat="47.132670" lon="-121.330977"/>
      <trkpt lat="47.132727" lon="-121.330956"/>
      <trkpt lat="47.132821" lon="-121.330967"/>
      <trkpt lat="47.132910" lon="-121.330963"/>
      <trkpt lat="47.132964" lon="-121.330948"/>
      <trkpt lat="47.133030" lon="-121.330909"/>
      <trkpt lat="47.133135" lon="-121.330823"/>
    </trkseg>
    <trkseg>
      <trkpt lat="47.049500" lon="-121.383294"/>
      <trkpt lat="47.049586" lon="-121.383286"/>
      <trkpt lat="47.049675" lon="-121.383305"/>
      <trkpt lat="47.049811" lon="-121.383259"/>
      <trkpt lat="47.050055" lon="-121.383310"/>
      <trkpt lat="47.050308" lon="-121.383286"/>
      <trkpt lat="47.050536" lon="-121.383144"/>
      <trkpt lat="47.050792" lon="-121.383063"/>
      <trkpt lat="47.050966" lon="-121.383020"/>
      <trkpt lat="47.051243" lon="-121.382980"/>
      <trkpt lat="47.051618" lon="-121.382865"/>
      <trkpt lat="47.052029" lon="-121.382773"/>
      <trkpt lat="47.052530" lon="-121.382736"/>
      <trkpt lat="47.053222" lon="-121.382780"/>
      <trkpt lat="47.053539" lon="-121.382811"/>
      <trkpt lat="47.053813" lon="-121.382891"/>
      <trkpt lat="47.054186" lon="-121.382929"/>
      <trkpt lat="47.054387" lon="-121.382924"/>
      <trkpt lat="47.054558" lon="-121.382815"/>
      <trkpt lat="47.054648" lon="-121.382567"/>
      <trkpt lat="47.054672" lon="-121.382334"/>
      <trkpt lat="47.054730" lon="-121.382210"/>
      <trkpt lat="47.054708" lon="-121.382151"/>
      <trkpt lat="47.054807" lon="-121.382108"/>
      <trkpt lat="47.054891" lon="-121.382092"/>
      <trkpt lat="47.054935" lon="-121.382039"/>
      <trkpt lat="47.055063" lon="-121.381803"/>
      <trkpt lat="47.055293" lon="-121.381357"/>
      <trkpt lat="47.055388" lon="-121.381159"/>
      <trkpt lat="47.055633" lon="-121.380864"/>
      <trkpt lat="47.055838" lon="-121.380714"/>
      <trkpt lat="47.055958" lon="-121.380558"/>
      <trkpt lat="47.056042" lon="-121.380386"/>
      <trkpt lat="47.056057" lon="-121.379764"/>
      <trkpt lat="47.056126" lon="-121.379426"/>
      <trkpt lat="47.056166" lon="-121.379035"/>
      <trkpt lat="47.056207" lon="-121.378444"/>
      <trkpt lat="47.056261" lon="-121.378208"/>
      <trkpt lat="47.056258" lon="-121.377876"/>
      <trkpt lat="47.056327" lon="-121.377296"/>
      <trkpt lat="47.056433" lon="-121.376980"/>
      <trkpt lat="47.056711" lon="-121.376385"/>
      <trkpt lat="47.056810" lon="-121.376191"/>
      <trkpt lat="47.057018" lon="-121.376014"/>
      <trkpt lat="47.057522" lon="-121.375719"/>
      <trkpt lat="47.057764" lon="-121.375671"/>
      <trkpt lat="47.057975" lon="-121.375666"/>
      <trkpt lat="47.058206" lon="-121.375703"/>
      <trkpt lat="47.058334" lon="-121.375752"/>
      <trkpt lat="47.058524" lon="-121.375864"/>
      <trkpt lat="47.059054" lon="-121.376229"/>
      <trkpt lat="47.059689" lon="-121.376755"/>
      <trkpt lat="47.060256" lon="-121.377093"/>
      <trkpt lat="47.060599" lon="-121.377313"/>
      <trkpt lat="47.060928" lon="-121.377468"/>
      <trkpt lat="47.061162" lon="-121.377511"/>
      <trkpt lat="47.061549" lon="-121.377500"/>
      <trkpt lat="47.062068" lon="-121.377388"/>
      <trkpt lat="47.062522" lon="-121.377358"/>
      <trkpt lat="47.063298" lon="-121.377482"/>
      <trkpt lat="47.063415" lon="-121.377490"/>
      <trkpt lat="47.063534" lon="-121.377433"/>
      <trkpt lat="47.063649" lon="-121.377291"/>
      <trkpt lat="47.063718" lon="-121.376975"/>
      <trkpt lat="47.063729" lon="-121.376859"/>
      <trkpt lat="47.063762" lon="-121.376658"/>
      <trkpt lat="47.063830" lon="-121.376527"/>
      <trkpt lat="47.063917" lon="-121.376449"/>
      <trkpt lat="47.064550" lon="-121.376395"/>
      <trkpt lat="47.064725" lon="-121.376309"/>
      <trkpt lat="47.065050" lon="-121.376138"/>
      <trkpt lat="47.065324" lon="-121.375961"/>
      <trkpt lat="47.065503" lon="-121.375837"/>
      <trkpt lat="47.065547" lon="-121.375714"/>
      <trkpt lat="47.065609" lon="-121.375451"/>
      <trkpt lat="47.065745" lon="-121.375135"/>
      <trkpt lat="47.066187" lon="-121.374539"/>
      <trkpt lat="47.066698" lon="-121.374126"/>
      <trkpt lat="47.066994" lon="-121.373842"/>
      <trkpt lat="47.067714" lon="-121.372828"/>
      <trkpt lat="47.067973" lon="-121.372440"/>
      <trkpt lat="47.068027" lon="-121.372347"/>
      <trkpt lat="47.068021" lon="-121.372470"/>
      <trkpt lat="47.067977" lon="-121.372678"/>
      <trkpt lat="47.067966" lon="-121.373005"/>
      <trkpt lat="47.067940" lon="-121.373354"/>
      <trkpt lat="47.067871" lon="-121.374072"/>
      <trkpt lat="47.067867" lon="-121.374335"/>
      <trkpt lat="47.067904" lon="-121.374496"/>
      <trkpt lat="47.067984" lon="-121.374625"/>
      <trkpt lat="47.068105" lon="-121.374668"/>
      <trkpt lat="47.068324" lon="-121.374625"/>
      <trkpt lat="47.068478" lon="-121.374609"/>
      <trkpt lat="47.068861" lon="-121.374689"/>
      <trkpt lat="47.069727" lon="-121.374764"/>
      <trkpt lat="47.070082" lon="-121.374754"/>
      <trkpt lat="47.070400" lon="-121.374700"/>
      <trkpt lat="47.070688" lon="-121.374609"/>
      <trkpt lat="47.070867" lon="-121.374614"/>
      <trkpt lat="47.071053" lon="-121.374646"/>
      <trkpt lat="47.071170" lon="-121.374641"/>
      <trkpt lat="47.071273" lon="-121.374561"/>
      <trkpt lat="47.071371" lon="-121.374448"/>
      <trkpt lat="47.071488" lon="-121.374368"/>
      <trkpt lat="47.071609" lon="-121.374432"/>
      <trkpt lat="47.071744" lon="-121.374469"/>
      <trkpt lat="47.071879" lon="-121.374443"/>
      <trkpt lat="47.072073" lon="-121.374432"/>
      <trkpt lat="47.072208" lon="-121.374368"/>
      <trkpt lat="47.072373" lon="-121.374459"/>
      <trkpt lat="47.072555" lon="-121.374464"/>
      <trkpt lat="47.072716" lon="-121.374443"/>
      <trkpt lat="47.072924" lon="-121.374303"/>
      <trkpt lat="47.073045" lon="-121.374201"/>
      <trkpt lat="47.073169" lon="-121.374250"/>
      <trkpt lat="47.073304" lon="-121.374292"/>
      <trkpt lat="47.073417" lon="-121.374292"/>
      <trkpt lat="47.073534" lon="-121.374308"/>
      <trkpt lat="47.073589" lon="-121.374373"/>
      <trkpt lat="47.073684" lon="-121.374502"/>
      <trkpt lat="47.073775" lon="-121.374534"/>
      <trkpt lat="47.074039" lon="-121.374550"/>
      <trkpt lat="47.074199" lon="-121.374491"/>
      <trkpt lat="47.074272" lon="-121.374486"/>
      <trkpt lat="47.074276" lon="-121.374459"/>
      <trkpt lat="47.074364" lon="-121.374491"/>
      <trkpt lat="47.074492" lon="-121.374528"/>
      <trkpt lat="47.074579" lon="-121.374507"/>
      <trkpt lat="47.074663" lon="-121.374459"/>
      <trkpt lat="47.074776" lon="-121.374448"/>
      <trkpt lat="47.074981" lon="-121.374502"/>
      <trkpt lat="47.075310" lon="-121.374464"/>
      <trkpt lat="47.075478" lon="-121.374496"/>
      <trkpt lat="47.075562" lon="-121.374571"/>
      <trkpt lat="47.075620" lon="-121.374764"/>
      <trkpt lat="47.075631" lon="-121.374958"/>
      <trkpt lat="47.075657" lon="-121.375220"/>
      <trkpt lat="47.075650" lon="-121.375499"/>
      <trkpt lat="47.075708" lon="-121.375902"/>
      <trkpt lat="47.075851" lon="-121.376197"/>
      <trkpt lat="47.075902" lon="-121.376358"/>
      <trkpt lat="47.075894" lon="-121.376535"/>
      <trkpt lat="47.075927" lon="-121.376706"/>
      <trkpt lat="47.075997" lon="-121.376819"/>
      <trkpt lat="47.076114" lon="-121.376921"/>
      <trkpt lat="47.076260" lon="-121.377012"/>
      <trkpt lat="47.076457" lon="-121.377082"/>
      <trkpt lat="47.076610" lon="-121.377189"/>
      <trkpt lat="47.076848" lon="-121.377366"/>
      <trkpt lat="47.077115" lon="-121.377490"/>
      <trkpt lat="47.077966" lon="-121.378047"/>
      <trkpt lat="47.078444" lon="-121.378643"/>
      <trkpt lat="47.078634" lon="-121.378841"/>
      <trkpt lat="47.078941" lon="-121.379206"/>
      <trkpt lat="47.079230" lon="-121.379598"/>
      <trkpt lat="47.079602" lon="-121.380311"/>
      <trkpt lat="47.079800" lon="-121.380697"/>
      <trkpt lat="47.080030" lon="-121.381416"/>
      <trkpt lat="47.080106" lon="-121.381760"/>
      <trkpt lat="47.080198" lon="-121.381958"/>
      <trkpt lat="47.080282" lon="-121.382081"/>
      <trkpt lat="47.080413" lon="-121.382146"/>
      <trkpt lat="47.080523" lon="-121.382291"/>
      <trkpt lat="47.080567" lon="-121.382419"/>
      <trkpt lat="47.080494" lon="-121.382870"/>
      <trkpt lat="47.080475" lon="-121.383069"/>
      <trkpt lat="47.080512" lon="-121.383197"/>
      <trkpt lat="47.080603" lon="-121.383358"/>
      <trkpt lat="47.080793" lon="-121.383562"/>
      <trkpt lat="47.080921" lon="-121.383675"/>
      <trkpt lat="47.081103" lon="-121.383847"/>
      <trkpt lat="47.081301" lon="-121.383997"/>
      <trkpt lat="47.081425" lon="-121.384007"/>
      <trkpt lat="47.081593" lon="-121.384110"/>
      <trkpt lat="47.081721" lon="-121.384485"/>
      <trkpt lat="47.081864" lon="-121.385166"/>
      <trkpt lat="47.081831" lon="-121.385488"/>
      <trkpt lat="47.081823" lon="-121.385826"/>
      <trkpt lat="47.081885" lon="-121.386239"/>
      <trkpt lat="47.082006" lon="-121.386454"/>
      <trkpt lat="47.082112" lon="-121.386722"/>
      <trkpt lat="47.082148" lon="-121.386913"/>
      <trkpt lat="47.082173" lon="-121.387185"/>
      <trkpt lat="47.082258" lon="-121.387397"/>
      <trkpt lat="47.082422" lon="-121.387585"/>
      <trkpt lat="47.082612" lon="-121.387859"/>
      <trkpt lat="47.082653" lon="-121.388047"/>
      <trkpt lat="47.082805" lon="-121.388292"/>
      <trkpt lat="47.082847" lon="-121.388326"/>
      <trkpt lat="47.083058" lon="-121.388497"/>
      <trkpt lat="47.083310" lon="-121.388728"/>
      <trkpt lat="47.083467" lon="-121.388916"/>
      <trkpt lat="47.083526" lon="-121.389125"/>
      <trkpt lat="47.083584" lon="-121.389425"/>
      <trkpt lat="47.083708" lon="-121.389780"/>
      <trkpt lat="47.083825" lon="-121.390038"/>
      <trkpt lat="47.083935" lon="-121.390235"/>
      <trkpt lat="47.083998" lon="-121.390435"/>
      <trkpt lat="47.084114" lon="-121.390670"/>
      <trkpt lat="47.084329" lon="-121.390997"/>
      <trkpt lat="47.084470" lon="-121.391163"/>
      <trkpt lat="47.084625" lon="-121.391378"/>
      <trkpt lat="47.084910" lon="-121.391845"/>
      <trkpt lat="47.085133" lon="-121.392308"/>
      <trkpt lat="47.085253" lon="-121.392633"/>
      <trkpt lat="47.085341" lon="-121.392719"/>
      <trkpt lat="47.085491" lon="-121.393202"/>
      <trkpt lat="47.085597" lon="-121.393406"/>
      <trkpt lat="47.085809" lon="-121.393567"/>
      <trkpt lat="47.085896" lon="-121.393610"/>
      <trkpt lat="47.086013" lon="-121.393755"/>
      <trkpt lat="47.086210" lon="-121.393787"/>
      <trkpt lat="47.086397" lon="-121.393781"/>
      <trkpt lat="47.086557" lon="-121.393835"/>
      <trkpt lat="47.086690" lon="-121.393987"/>
      <trkpt lat="47.086817" lon="-121.394080"/>
      <trkpt lat="47.086934" lon="-121.394650"/>
      <trkpt lat="47.086956" lon="-121.394983"/>
      <trkpt lat="47.087235" lon="-121.395708"/>
      <trkpt lat="47.087335" lon="-121.396126"/>
      <trkpt lat="47.087441" lon="-121.396340"/>
      <trkpt lat="47.087613" lon="-121.396469"/>
      <trkpt lat="47.087755" lon="-121.396555"/>
      <trkpt lat="47.087913" lon="-121.396705"/>
      <trkpt lat="47.087956" lon="-121.396850"/>
      <trkpt lat="47.088045" lon="-121.396925"/>
      <trkpt lat="47.088132" lon="-121.396919"/>
      <trkpt lat="47.088219" lon="-121.396785"/>
      <trkpt lat="47.088360" lon="-121.396660"/>
      <trkpt lat="47.088490" lon="-121.396587"/>
      <trkpt lat="47.088739" lon="-121.396569"/>
      <trkpt lat="47.088799" lon="-121.396543"/>
      <trkpt lat="47.088831" lon="-121.396480"/>
      <trkpt lat="47.088839" lon="-121.396417"/>
      <trkpt lat="47.088848" lon="-121.396399"/>
      <trkpt lat="47.088859" lon="-121.396398"/>
    </trkseg>
    <trkseg>
      <trkpt lat="47.088859" lon="-121.396398"/>
      <trkpt lat="47.088941" lon="-121.396394"/>
    </trkseg>
    <trkseg>
      <trkpt lat="47.088941" lon="-121.396394"/>
      <trkpt lat="47.088973" lon="-121.396386"/>
      <trkpt lat="47.089027" lon="-121.396391"/>
      <trkpt lat="47.089150" lon="-121.396424"/>
      <trkpt lat="47.089204" lon="-121.396402"/>
      <trkpt lat="47.089335" lon="-121.396331"/>
      <trkpt lat="47.089441" lon="-121.396244"/>
      <trkpt lat="47.089565" lon="-121.395962"/>
      <trkpt lat="47.089644" lon="-121.395833"/>
      <trkpt lat="47.089748" lon="-121.395745"/>
      <trkpt lat="47.090051" lon="-121.395645"/>
      <trkpt lat="47.090178" lon="-121.395658"/>
      <trkpt lat="47.090312" lon="-121.395613"/>
      <trkpt lat="47.090428" lon="-121.395460"/>
      <trkpt lat="47.090548" lon="-121.395372"/>
      <trkpt lat="47.090615" lon="-121.395325"/>
      <trkpt lat="47.090678" lon="-121.395297"/>
      <trkpt lat="47.090745" lon="-121.395291"/>
      <trkpt lat="47.090853" lon="-121.395291"/>
      <trkpt lat="47.090939" lon="-121.395211"/>
      <trkpt lat="47.091007" lon="-121.395151"/>
      <trkpt lat="47.091147" lon="-121.395133"/>
      <trkpt lat="47.091211" lon="-121.394976"/>
      <trkpt lat="47.091310" lon="-121.394658"/>
      <trkpt lat="47.091340" lon="-121.394603"/>
      <trkpt lat="47.091395" lon="-121.394606"/>
      <trkpt lat="47.091435" lon="-121.394578"/>
      <trkpt lat="47.091512" lon="-121.394506"/>
      <trkpt lat="47.091668" lon="-121.394385"/>
      <trkpt lat="47.091841" lon="-121.394409"/>
      <trkpt lat="47.092014" lon="-121.394414"/>
      <trkpt lat="47.092130" lon="-121.394408"/>
      <trkpt lat="47.092197" lon="-121.394396"/>
      <trkpt lat="47.092277" lon="-121.394428"/>
      <trkpt lat="47.092482" lon="-121.394792"/>
      <trkpt lat="47.092876" lon="-121.395085"/>
      <trkpt lat="47.093095" lon="-121.395117"/>
      <trkpt lat="47.093258" lon="-121.395197"/>
      <trkpt lat="47.093413" lon="-121.395176"/>
      <trkpt lat="47.093566" lon="-121.395047"/>
      <trkpt lat="47.093672" lon="-121.394913"/>
      <trkpt lat="47.093774" lon="-121.394704"/>
      <trkpt lat="47.093798" lon="-121.394492"/>
      <trkpt lat="47.093866" lon="-121.394237"/>
      <trkpt lat="47.093931" lon="-121.394130"/>
      <trkpt lat="47.094067" lon="-121.394055"/>
      <trkpt lat="47.094311" lon="-121.393942"/>
      <trkpt lat="47.094490" lon="-121.393969"/>
      <trkpt lat="47.094820" lon="-121.393800"/>
      <trkpt lat="47.094983" lon="-121.393776"/>
      <trkpt lat="47.095067" lon="-121.393824"/>
      <trkpt lat="47.095162" lon="-121.393980"/>
      <trkpt lat="47.095221" lon="-121.394189"/>
      <trkpt lat="47.095279" lon="-121.394484"/>
      <trkpt lat="47.095333" lon="-121.394623"/>
      <trkpt lat="47.095458" lon="-121.394811"/>
      <trkpt lat="47.095630" lon="-121.395015"/>
      <trkpt lat="47.095827" lon="-121.395447"/>
      <trkpt lat="47.095907" lon="-121.395562"/>
      <trkpt lat="47.095958" lon="-121.395584"/>
      <trkpt lat="47.096135" lon="-121.395610"/>
      <trkpt lat="47.096280" lon="-121.395589"/>
      <trkpt lat="47.096430" lon="-121.395507"/>
      <trkpt lat="47.096547" lon="-121.395400"/>
      <trkpt lat="47.096780" lon="-121.395401"/>
      <trkpt lat="47.096984" lon="-121.395428"/>
      <trkpt lat="47.097079" lon="-121.395541"/>
      <trkpt lat="47.097419" lon="-121.395659"/>
      <trkpt lat="47.097527" lon="-121.395683"/>
      <trkpt lat="47.097668" lon="-121.395755"/>
      <trkpt lat="47.097782" lon="-121.395930"/>
      <trkpt lat="47.097908" lon="-121.396040"/>
      <trkpt lat="47.098069" lon="-121.396120"/>
      <trkpt lat="47.098277" lon="-121.396093"/>
      <trkpt lat="47.098464" lon="-121.396152"/>
      <trkpt lat="47.098657" lon="-121.396249"/>
      <trkpt lat="47.098836" lon="-121.396281"/>
      <trkpt lat="47.098913" lon="-121.396372"/>
      <trkpt lat="47.099055" lon="-121.396435"/>
      <trkpt lat="47.099121" lon="-121.396523"/>
      <trkpt lat="47.099135" lon="-121.396617"/>
      <trkpt lat="47.099154" lon="-121.396844"/>
      <trkpt lat="47.099242" lon="-121.396995"/>
      <trkpt lat="47.099292" lon="-121.397160"/>
      <trkpt lat="47.099402" lon="-121.397225"/>
      <trkpt lat="47.099550" lon="-121.397187"/>
      <trkpt lat="47.099628" lon="-121.397172"/>
      <trkpt lat="47.099674" lon="-121.397172"/>
      <trkpt lat="47.099731" lon="-121.397220"/>
      <trkpt lat="47.099745" lon="-121.397276"/>
      <trkpt lat="47.099836" lon="-121.397498"/>
      <trkpt lat="47.099900" lon="-121.397687"/>
      <trkpt lat="47.100014" lon="-121.397846"/>
      <trkpt lat="47.100174" lon="-121.398208"/>
      <trkpt lat="47.100245" lon="-121.398296"/>
      <trkpt lat="47.100300" lon="-121.398321"/>
      <trkpt lat="47.100322" lon="-121.398325"/>
      <trkpt lat="47.100350" lon="-121.398307"/>
      <trkpt lat="47.100395" lon="-121.398256"/>
      <trkpt lat="47.100499" lon="-121.398110"/>
      <trkpt lat="47.100521" lon="-121.398067"/>
      <trkpt lat="47.100557" lon="-121.397897"/>
      <trkpt lat="47.100594" lon="-121.397811"/>
      <trkpt lat="47.100610" lon="-121.398062"/>
      <trkpt lat="47.100608" lon="-121.398135"/>
      <trkpt lat="47.100594" lon="-121.398218"/>
      <trkpt lat="47.100596" lon="-121.398294"/>
      <trkpt lat="47.100613" lon="-121.398359"/>
      <trkpt lat="47.100655" lon="-121.398414"/>
      <trkpt lat="47.100733" lon="-121.398541"/>
      <trkpt lat="47.100763" lon="-121.398621"/>
      <trkpt lat="47.100820" lon="-121.398836"/>
      <trkpt lat="47.100839" lon="-121.398877"/>
      <trkpt lat="47.100954" lon="-121.398974"/>
      <trkpt lat="47.101038" lon="-121.399060"/>
      <trkpt lat="47.101071" lon="-121.399103"/>
      <trkpt lat="47.101082" lon="-121.399148"/>
      <trkpt lat="47.101097" lon="-121.399183"/>
      <trkpt lat="47.101082" lon="-121.399240"/>
      <trkpt lat="47.101044" lon="-121.399323"/>
      <trkpt lat="47.101039" lon="-121.399356"/>
      <trkpt lat="47.101025" lon="-121.399403"/>
      <trkpt lat="47.101031" lon="-121.399460"/>
      <trkpt lat="47.101056" lon="-121.399443"/>
      <trkpt lat="47.101073" lon="-121.399406"/>
      <trkpt lat="47.101164" lon="-121.399297"/>
      <trkpt lat="47.101189" lon="-121.399248"/>
      <trkpt lat="47.101204" lon="-121.399189"/>
      <trkpt lat="47.101220" lon="-121.399046"/>
      <trkpt lat="47.101237" lon="-121.399001"/>
      <trkpt lat="47.101261" lon="-121.398988"/>
      <trkpt lat="47.101294" lon="-121.398995"/>
      <trkpt lat="47.101520" lon="-121.399132"/>
      <trkpt lat="47.101646" lon="-121.399242"/>
      <trkpt lat="47.101801" lon="-121.399387"/>
      <trkpt lat="47.101887" lon="-121.399451"/>
      <trkpt lat="47.102022" lon="-121.399567"/>
      <trkpt lat="47.102124" lon="-121.399693"/>
      <trkpt lat="47.102179" lon="-121.399800"/>
      <trkpt lat="47.102210" lon="-121.399902"/>
      <trkpt lat="47.102210" lon="-121.400001"/>
      <trkpt lat="47.102219" lon="-121.400042"/>
      <trkpt lat="47.102241" lon="-121.400074"/>
      <trkpt lat="47.102285" lon="-121.400101"/>
      <trkpt lat="47.102342" lon="-121.400101"/>
      <trkpt lat="47.102456" lon="-121.400063"/>
    </trkseg>
    <trkseg>
      <trkpt lat="46.989679" lon="-121.419209"/>
      <trkpt lat="46.989862" lon="-121.419198"/>
      <trkpt lat="46.990206" lon="-121.419160"/>
      <trkpt lat="46.990367" lon="-121.419160"/>
      <trkpt lat="46.990560" lon="-121.419212"/>
      <trkpt lat="46.990692" lon="-121.419348"/>
      <trkpt lat="46.990752" lon="-121.419472"/>
      <trkpt lat="46.990839" lon="-121.419890"/>
      <trkpt lat="46.990887" lon="-121.420067"/>
      <trkpt lat="46.990967" lon="-121.420190"/>
      <trkpt lat="46.991180" lon="-121.420346"/>
      <trkpt lat="46.991470" lon="-121.420515"/>
      <trkpt lat="46.991579" lon="-121.420560"/>
      <trkpt lat="46.991824" lon="-121.420566"/>
      <trkpt lat="46.991886" lon="-121.420555"/>
      <trkpt lat="46.991922" lon="-121.420523"/>
      <trkpt lat="46.991933" lon="-121.420464"/>
      <trkpt lat="46.991988" lon="-121.420386"/>
      <trkpt lat="46.992083" lon="-121.420330"/>
      <trkpt lat="46.992193" lon="-121.420298"/>
      <trkpt lat="46.992288" lon="-121.420265"/>
      <trkpt lat="46.992592" lon="-121.420265"/>
      <trkpt lat="46.993009" lon="-121.420249"/>
      <trkpt lat="46.993221" lon="-121.420319"/>
      <trkpt lat="46.993345" lon="-121.420327"/>
      <trkpt lat="46.993441" lon="-121.420319"/>
      <trkpt lat="46.993485" lon="-121.420276"/>
      <trkpt lat="46.993548" lon="-121.420158"/>
      <trkpt lat="46.993675" lon="-121.420169"/>
      <trkpt lat="46.993785" lon="-121.420104"/>
      <trkpt lat="46.993843" lon="-121.420067"/>
      <trkpt lat="46.993884" lon="-121.420078"/>
      <trkpt lat="46.993959" lon="-121.420131"/>
      <trkpt lat="46.994019" lon="-121.420161"/>
      <trkpt lat="46.994068" lon="-121.420225"/>
      <trkpt lat="46.994118" lon="-121.420260"/>
      <trkpt lat="46.994188" lon="-121.420312"/>
      <trkpt lat="46.994243" lon="-121.420330"/>
      <trkpt lat="46.994376" lon="-121.420349"/>
      <trkpt lat="46.994460" lon="-121.420367"/>
      <trkpt lat="46.994658" lon="-121.420465"/>
      <trkpt lat="46.994780" lon="-121.420552"/>
      <trkpt lat="46.994835" lon="-121.420545"/>
      <trkpt lat="46.994859" lon="-121.420509"/>
      <trkpt lat="46.994838" lon="-121.420397"/>
      <trkpt lat="46.994833" lon="-121.420292"/>
      <trkpt lat="46.994798" lon="-121.420161"/>
      <trkpt lat="46.994771" lon="-121.420080"/>
      <trkpt lat="46.994740" lon="-121.420033"/>
      <trkpt lat="46.994698" lon="-121.420001"/>
      <trkpt lat="46.994646" lon="-121.419984"/>
      <trkpt lat="46.994551" lon="-121.419986"/>
      <trkpt lat="46.994483" lon="-121.419963"/>
      <trkpt lat="46.994436" lon="-121.419938"/>
      <trkpt lat="46.994392" lon="-121.419852"/>
      <trkpt lat="46.994334" lon="-121.419826"/>
      <trkpt lat="46.994277" lon="-121.419769"/>
      <trkpt lat="46.994208" lon="-121.419587"/>
      <trkpt lat="46.994160" lon="-121.419477"/>
      <trkpt lat="46.994083" lon="-121.419356"/>
      <trkpt lat="46.993955" lon="-121.419265"/>
      <trkpt lat="46.993834" lon="-121.419195"/>
      <trkpt lat="46.993757" lon="-121.419131"/>
      <trkpt lat="46.993699" lon="-121.419042"/>
      <trkpt lat="46.993677" lon="-121.418986"/>
      <trkpt lat="46.993662" lon="-121.418924"/>
      <trkpt lat="46.993617" lon="-121.418855"/>
      <trkpt lat="46.993536" lon="-121.418801"/>
      <trkpt lat="46.993428" lon="-121.418718"/>
      <trkpt lat="46.993348" lon="-121.418630"/>
      <trkpt lat="46.993284" lon="-121.418506"/>
      <trkpt lat="46.993221" lon="-121.418404"/>
      <trkpt lat="46.993143" lon="-121.418372"/>
      <trkpt lat="46.993069" lon="-121.418329"/>
      <trkpt lat="46.992987" lon="-121.418265"/>
      <trkpt lat="46.992888" lon="-121.418205"/>
      <trkpt lat="46.992848" lon="-121.418149"/>
      <trkpt lat="46.992839" lon="-121.418053"/>
      <trkpt lat="46.992835" lon="-121.417967"/>
      <trkpt lat="46.992826" lon="-121.417921"/>
      <trkpt lat="46.992773" lon="-121.417846"/>
      <trkpt lat="46.992726" lon="-121.417760"/>
      <trkpt lat="46.992700" lon="-121.417661"/>
      <trkpt lat="46.992698" lon="-121.417516"/>
      <trkpt lat="46.992705" lon="-121.417165"/>
      <trkpt lat="46.992746" lon="-121.416830"/>
      <trkpt lat="46.992875" lon="-121.416095"/>
      <trkpt lat="46.992870" lon="-121.415718"/>
      <trkpt lat="46.992918" lon="-121.415629"/>
      <trkpt lat="46.992920" lon="-121.415548"/>
      <trkpt lat="46.992919" lon="-121.415283"/>
      <trkpt lat="46.992922" lon="-121.415116"/>
      <trkpt lat="46.992972" lon="-121.415003"/>
      <trkpt lat="46.992995" lon="-121.414943"/>
      <trkpt lat="46.992995" lon="-121.414867"/>
      <trkpt lat="46.992967" lon="-121.414810"/>
      <trkpt lat="46.992933" lon="-121.414719"/>
      <trkpt lat="46.992904" lon="-121.414546"/>
      <trkpt lat="46.992873" lon="-121.414422"/>
      <trkpt lat="46.992801" lon="-121.414308"/>
      <trkpt lat="46.992767" lon="-121.414210"/>
      <trkpt lat="46.992742" lon="-121.414018"/>
      <trkpt lat="46.992739" lon="-121.413909"/>
      <trkpt lat="46.992774" lon="-121.413710"/>
      <trkpt lat="46.992782" lon="-121.413529"/>
      <trkpt lat="46.992788" lon="-121.413426"/>
      <trkpt lat="46.992808" lon="-121.413383"/>
      <trkpt lat="46.992839" lon="-121.413349"/>
      <trkpt lat="46.992892" lon="-121.413324"/>
      <trkpt lat="46.992947" lon="-121.413325"/>
      <trkpt lat="46.993088" lon="-121.413353"/>
      <trkpt lat="46.993209" lon="-121.413360"/>
      <trkpt lat="46.993308" lon="-121.413332"/>
      <trkpt lat="46.993374" lon="-121.413292"/>
      <trkpt lat="46.993425" lon="-121.413238"/>
      <trkpt lat="46.993440" lon="-121.413192"/>
      <trkpt lat="46.993437" lon="-121.413104"/>
      <trkpt lat="46.993456" lon="-121.413049"/>
      <trkpt lat="46.993510" lon="-121.412942"/>
      <trkpt lat="46.993550" lon="-121.412837"/>
      <trkpt lat="46.993561" lon="-121.412754"/>
      <trkpt lat="46.993572" lon="-121.412659"/>
      <trkpt lat="46.993598" lon="-121.412592"/>
      <trkpt lat="46.993633" lon="-121.412526"/>
      <trkpt lat="46.993659" lon="-121.412432"/>
      <trkpt lat="46.993684" lon="-121.412326"/>
      <trkpt lat="46.993726" lon="-121.412205"/>
      <trkpt lat="46.993796" lon="-121.412104"/>
      <trkpt lat="46.993861" lon="-121.412024"/>
      <trkpt lat="46.993938" lon="-121.411947"/>
      <trkpt lat="46.994017" lon="-121.411906"/>
      <trkpt lat="46.994118" lon="-121.411851"/>
      <trkpt lat="46.994286" lon="-121.411775"/>
      <trkpt lat="46.994412" lon="-121.411733"/>
      <trkpt lat="46.994560" lon="-121.411666"/>
      <trkpt lat="46.994678" lon="-121.411629"/>
      <trkpt lat="46.994730" lon="-121.411598"/>
      <trkpt lat="46.994779" lon="-121.411539"/>
      <trkpt lat="46.994867" lon="-121.411469"/>
      <trkpt lat="46.994979" lon="-121.411410"/>
      <trkpt lat="46.995250" lon="-121.411237"/>
      <trkpt lat="46.995369" lon="-121.411115"/>
      <trkpt lat="46.995530" lon="-121.410988"/>
      <trkpt lat="46.995666" lon="-121.410893"/>
      <trkpt lat="46.995749" lon="-121.410831"/>
      <trkpt lat="46.995808" lon="-121.410772"/>
      <trkpt lat="46.995876" lon="-121.410686"/>
      <trkpt lat="46.995933" lon="-121.410583"/>
      <trkpt lat="46.995988" lon="-121.410510"/>
      <trkpt lat="46.996063" lon="-121.410420"/>
      <trkpt lat="46.996170" lon="-121.410328"/>
      <trkpt lat="46.996271" lon="-121.410251"/>
      <trkpt lat="46.996377" lon="-121.410147"/>
      <trkpt lat="46.996469" lon="-121.410049"/>
      <trkpt lat="46.996514" lon="-121.410018"/>
      <trkpt lat="46.996620" lon="-121.409981"/>
      <trkpt lat="46.996680" lon="-121.409951"/>
      <trkpt lat="46.996742" lon="-121.409889"/>
      <trkpt lat="46.996856" lon="-121.409850"/>
      <trkpt lat="46.996959" lon="-121.409797"/>
      <trkpt lat="46.997044" lon="-121.409724"/>
      <trkpt lat="46.997113" lon="-121.409641"/>
      <trkpt lat="46.997191" lon="-121.409519"/>
      <trkpt lat="46.997246" lon="-121.409458"/>
      <trkpt lat="46.997316" lon="-121.409412"/>
      <trkpt lat="46.997467" lon="-121.409284"/>
      <trkpt lat="46.997766" lon="-121.409027"/>
      <trkpt lat="46.997870" lon="-121.408965"/>
      <trkpt lat="46.998018" lon="-121.408925"/>
      <trkpt lat="46.998117" lon="-121.408888"/>
      <trkpt lat="46.998190" lon="-121.408855"/>
      <trkpt lat="46.998309" lon="-121.408855"/>
      <trkpt lat="46.998410" lon="-121.408877"/>
      <trkpt lat="46.998512" lon="-121.408944"/>
      <trkpt lat="46.998602" lon="-121.408989"/>
      <trkpt lat="46.998717" lon="-121.409024"/>
      <trkpt lat="46.998790" lon="-121.409051"/>
      <trkpt lat="46.998845" lon="-121.409107"/>
      <trkpt lat="46.998880" lon="-121.409142"/>
      <trkpt lat="46.998927" lon="-121.409145"/>
      <trkpt lat="46.999008" lon="-121.409132"/>
      <trkpt lat="46.999085" lon="-121.409107"/>
      <trkpt lat="46.999171" lon="-121.409089"/>
      <trkpt lat="46.999224" lon="-121.409118"/>
      <trkpt lat="46.999275" lon="-121.409142"/>
      <trkpt lat="46.999322" lon="-121.409145"/>
      <trkpt lat="46.999419" lon="-121.409099"/>
      <trkpt lat="46.999514" lon="-121.409003"/>
      <trkpt lat="46.999699" lon="-121.408770"/>
      <trkpt lat="46.999890" lon="-121.408456"/>
      <trkpt lat="47.000060" lon="-121.408201"/>
      <trkpt lat="47.000171" lon="-121.408061"/>
      <trkpt lat="47.000230" lon="-121.408013"/>
      <trkpt lat="47.000352" lon="-121.407986"/>
      <trkpt lat="47.000453" lon="-121.407973"/>
      <trkpt lat="47.000581" lon="-121.407892"/>
      <trkpt lat="47.000720" lon="-121.407841"/>
      <trkpt lat="47.000912" lon="-121.407800"/>
      <trkpt lat="47.001078" lon="-121.407815"/>
      <trkpt lat="47.001163" lon="-121.407839"/>
      <trkpt lat="47.001292" lon="-121.407849"/>
      <trkpt lat="47.001452" lon="-121.407938"/>
      <trkpt lat="47.001572" lon="-121.407997"/>
      <trkpt lat="47.001644" lon="-121.408075"/>
      <trkpt lat="47.001788" lon="-121.408187"/>
      <trkpt lat="47.001902" lon="-121.408263"/>
      <trkpt lat="47.002074" lon="-121.408490"/>
      <trkpt lat="47.002350" lon="-121.408888"/>
      <trkpt lat="47.002545" lon="-121.409223"/>
      <trkpt lat="47.002661" lon="-121.409362"/>
      <trkpt lat="47.002800" lon="-121.409496"/>
      <trkpt lat="47.002908" lon="-121.409660"/>
      <trkpt lat="47.003048" lon="-121.409829"/>
      <trkpt lat="47.003189" lon="-121.409931"/>
      <trkpt lat="47.003288" lon="-121.410017"/>
      <trkpt lat="47.003389" lon="-121.410108"/>
      <trkpt lat="47.003451" lon="-121.410156"/>
      <trkpt lat="47.003522" lon="-121.410170"/>
      <trkpt lat="47.003603" lon="-121.410159"/>
      <trkpt lat="47.003722" lon="-121.410137"/>
      <trkpt lat="47.003824" lon="-121.410129"/>
      <trkpt lat="47.004050" lon="-121.410157"/>
      <trkpt lat="47.004217" lon="-121.410178"/>
      <trkpt lat="47.004318" lon="-121.410218"/>
      <trkpt lat="47.004430" lon="-121.410314"/>
      <trkpt lat="47.004503" lon="-121.410363"/>
      <trkpt lat="47.004535" lon="-121.410363"/>
      <trkpt lat="47.004622" lon="-121.410341"/>
      <trkpt lat="47.004865" lon="-121.410207"/>
      <trkpt lat="47.004994" lon="-121.410137"/>
      <trkpt lat="47.005125" lon="-121.410061"/>
      <trkpt lat="47.005207" lon="-121.409968"/>
      <trkpt lat="47.005293" lon="-121.409842"/>
      <trkpt lat="47.005338" lon="-121.409768"/>
      <trkpt lat="47.005370" lon="-121.409692"/>
      <trkpt lat="47.005401" lon="-121.409574"/>
      <trkpt lat="47.005417" lon="-121.409451"/>
      <trkpt lat="47.005412" lon="-121.409309"/>
      <trkpt lat="47.005386" lon="-121.409199"/>
      <trkpt lat="47.005326" lon="-121.409054"/>
      <trkpt lat="47.005306" lon="-121.408973"/>
      <trkpt lat="47.005304" lon="-121.408909"/>
      <trkpt lat="47.005337" lon="-121.408810"/>
      <trkpt lat="47.005459" lon="-121.408729"/>
      <trkpt lat="47.005633" lon="-121.408665"/>
      <trkpt lat="47.005863" lon="-121.408657"/>
      <trkpt lat="47.005982" lon="-121.408652"/>
      <trkpt lat="47.006136" lon="-121.408614"/>
      <trkpt lat="47.006383" lon="-121.408475"/>
      <trkpt lat="47.006485" lon="-121.408458"/>
      <trkpt lat="47.006582" lon="-121.408496"/>
      <trkpt lat="47.006709" lon="-121.408550"/>
      <trkpt lat="47.006853" lon="-121.408528"/>
      <trkpt lat="47.007056" lon="-121.408493"/>
      <trkpt lat="47.007418" lon="-121.408453"/>
      <trkpt lat="47.007735" lon="-121.408453"/>
      <trkpt lat="47.007857" lon="-121.408434"/>
      <trkpt lat="47.007967" lon="-121.408372"/>
      <trkpt lat="47.008119" lon="-121.408257"/>
      <trkpt lat="47.008245" lon="-121.408142"/>
      <trkpt lat="47.008350" lon="-121.408008"/>
      <trkpt lat="47.008450" lon="-121.407777"/>
      <trkpt lat="47.008463" lon="-121.407646"/>
      <trkpt lat="47.008459" lon="-121.407495"/>
      <trkpt lat="47.008435" lon="-121.407383"/>
      <trkpt lat="47.008378" lon="-121.407300"/>
      <trkpt lat="47.008325" lon="-121.407233"/>
      <trkpt lat="47.008249" lon="-121.407163"/>
      <trkpt lat="47.008203" lon="-121.407120"/>
      <trkpt lat="47.008161" lon="-121.407058"/>
      <trkpt lat="47.008142" lon="-121.406977"/>
      <trkpt lat="47.008137" lon="-121.406881"/>
      <trkpt lat="47.008150" lon="-121.406793"/>
      <trkpt lat="47.008177" lon="-121.406720"/>
      <trkpt lat="47.008234" lon="-121.406659"/>
      <trkpt lat="47.008300" lon="-121.406618"/>
      <trkpt lat="47.008417" lon="-121.406570"/>
      <trkpt lat="47.008505" lon="-121.406498"/>
      <trkpt lat="47.008614" lon="-121.406474"/>
      <trkpt lat="47.008744" lon="-121.406484"/>
      <trkpt lat="47.008870" lon="-121.406503"/>
      <trkpt lat="47.009051" lon="-121.406645"/>
      <trkpt lat="47.009243" lon="-121.406828"/>
      <trkpt lat="47.009368" lon="-121.406911"/>
      <trkpt lat="47.009432" lon="-121.406927"/>
      <trkpt lat="47.009587" lon="-121.406983"/>
      <trkpt lat="47.009838" lon="-121.407026"/>
      <trkpt lat="47.009950" lon="-121.407025"/>
      <trkpt lat="47.010012" lon="-121.407010"/>
      <trkpt lat="47.010048" lon="-121.406991"/>
      <trkpt lat="47.010078" lon="-121.406943"/>
      <trkpt lat="47.010129" lon="-121.406849"/>
      <trkpt lat="47.010171" lon="-121.406766"/>
      <trkpt lat="47.010226" lon="-121.406704"/>
      <trkpt lat="47.010385" lon="-121.406661"/>
      <trkpt lat="47.010476" lon="-121.406621"/>
      <trkpt lat="47.010593" lon="-121.406583"/>
      <trkpt lat="47.010683" lon="-121.406594"/>
      <trkpt lat="47.010738" lon="-121.406586"/>
      <trkpt lat="47.010785" lon="-121.406551"/>
      <trkpt lat="47.010853" lon="-121.406479"/>
      <trkpt lat="47.010919" lon="-121.406431"/>
      <trkpt lat="47.010970" lon="-121.406370"/>
      <trkpt lat="47.011058" lon="-121.406280"/>
      <trkpt lat="47.011208" lon="-121.406127"/>
      <trkpt lat="47.011275" lon="-121.406066"/>
      <trkpt lat="47.011360" lon="-121.406055"/>
      <trkpt lat="47.011489" lon="-121.406047"/>
      <trkpt lat="47.011724" lon="-121.406101"/>
      <trkpt lat="47.011967" lon="-121.406160"/>
      <trkpt lat="47.012135" lon="-121.406127"/>
      <trkpt lat="47.012297" lon="-121.406127"/>
      <trkpt lat="47.012462" lon="-121.405999"/>
      <trkpt lat="47.012612" lon="-121.405858"/>
      <trkpt lat="47.012743" lon="-121.405678"/>
      <trkpt lat="47.012753" lon="-121.405641"/>
      <trkpt lat="47.012744" lon="-121.405594"/>
      <trkpt lat="47.012723" lon="-121.405540"/>
      <trkpt lat="47.012713" lon="-121.405480"/>
      <trkpt lat="47.012730" lon="-121.405417"/>
      <trkpt lat="47.012770" lon="-121.405323"/>
      <trkpt lat="47.012855" lon="-121.405222"/>
      <trkpt lat="47.012978" lon="-121.405068"/>
      <trkpt lat="47.013058" lon="-121.404996"/>
      <trkpt lat="47.013079" lon="-121.404953"/>
      <trkpt lat="47.013114" lon="-121.404851"/>
      <trkpt lat="47.013340" lon="-121.404607"/>
      <trkpt lat="47.013419" lon="-121.404526"/>
      <trkpt lat="47.013658" lon="-121.404220"/>
      <trkpt lat="47.013686" lon="-121.404143"/>
      <trkpt lat="47.013708" lon="-121.404073"/>
      <trkpt lat="47.013742" lon="-121.404022"/>
      <trkpt lat="47.013792" lon="-121.404019"/>
      <trkpt lat="47.013865" lon="-121.403998"/>
      <trkpt lat="47.013980" lon="-121.403904"/>
      <trkpt lat="47.014066" lon="-121.403885"/>
      <trkpt lat="47.014133" lon="-121.403893"/>
      <trkpt lat="47.014216" lon="-121.403861"/>
      <trkpt lat="47.014297" lon="-121.403778"/>
      <trkpt lat="47.014326" lon="-121.403689"/>
      <trkpt lat="47.014417" lon="-121.403405"/>
      <trkpt lat="47.014531" lon="-121.402979"/>
      <trkpt lat="47.014598" lon="-121.402823"/>
      <trkpt lat="47.014719" lon="-121.402635"/>
      <trkpt lat="47.014836" lon="-121.402490"/>
      <trkpt lat="47.014950" lon="-121.402284"/>
      <trkpt lat="47.015012" lon="-121.402212"/>
      <trkpt lat="47.015100" lon="-121.402143"/>
      <trkpt lat="47.015129" lon="-121.402134"/>
      <trkpt lat="47.015149" lon="-121.402075"/>
      <trkpt lat="47.015147" lon="-121.401984"/>
      <trkpt lat="47.015127" lon="-121.401920"/>
      <trkpt lat="47.015109" lon="-121.401863"/>
      <trkpt lat="47.014973" lon="-121.401675"/>
      <trkpt lat="47.014878" lon="-121.401538"/>
      <trkpt lat="47.014783" lon="-121.401372"/>
      <trkpt lat="47.014745" lon="-121.401267"/>
      <trkpt lat="47.014712" lon="-121.401163"/>
      <trkpt lat="47.014706" lon="-121.401082"/>
      <trkpt lat="47.014708" lon="-121.400988"/>
      <trkpt lat="47.014721" lon="-121.400927"/>
      <trkpt lat="47.014765" lon="-121.400873"/>
      <trkpt lat="47.014840" lon="-121.400825"/>
      <trkpt lat="47.014928" lon="-121.400819"/>
      <trkpt lat="47.015063" lon="-121.400865"/>
      <trkpt lat="47.015281" lon="-121.400900"/>
      <trkpt lat="47.015434" lon="-121.400889"/>
      <trkpt lat="47.015591" lon="-121.400911"/>
      <trkpt lat="47.015687" lon="-121.400943"/>
      <trkpt lat="47.015771" lon="-121.400935"/>
      <trkpt lat="47.015855" lon="-121.400905"/>
      <trkpt lat="47.015895" lon="-121.400865"/>
      <trkpt lat="47.016001" lon="-121.400771"/>
      <trkpt lat="47.016118" lon="-121.400632"/>
      <trkpt lat="47.016202" lon="-121.400548"/>
      <trkpt lat="47.016259" lon="-121.400508"/>
      <trkpt lat="47.016376" lon="-121.400463"/>
      <trkpt lat="47.016470" lon="-121.400405"/>
      <trkpt lat="47.016533" lon="-121.400363"/>
      <trkpt lat="47.016586" lon="-121.400310"/>
      <trkpt lat="47.016610" lon="-121.400270"/>
      <trkpt lat="47.016625" lon="-121.400211"/>
      <trkpt lat="47.016630" lon="-121.400127"/>
      <trkpt lat="47.016652" lon="-121.400044"/>
      <trkpt lat="47.016712" lon="-121.399950"/>
      <trkpt lat="47.016784" lon="-121.399849"/>
      <trkpt lat="47.016906" lon="-121.399704"/>
      <trkpt lat="47.017005" lon="-121.399612"/>
      <trkpt lat="47.017089" lon="-121.399489"/>
      <trkpt lat="47.017367" lon="-121.399063"/>
      <trkpt lat="47.017446" lon="-121.398864"/>
      <trkpt lat="47.017691" lon="-121.398467"/>
      <trkpt lat="47.017883" lon="-121.398132"/>
      <trkpt lat="47.017952" lon="-121.398022"/>
      <trkpt lat="47.018038" lon="-121.397925"/>
      <trkpt lat="47.018159" lon="-121.397815"/>
      <trkpt lat="47.018355" lon="-121.397687"/>
      <trkpt lat="47.018472" lon="-121.397614"/>
      <trkpt lat="47.018580" lon="-121.397523"/>
      <trkpt lat="47.018746" lon="-121.397365"/>
      <trkpt lat="47.018854" lon="-121.397204"/>
      <trkpt lat="47.018936" lon="-121.397086"/>
      <trkpt lat="47.019079" lon="-121.396925"/>
      <trkpt lat="47.019302" lon="-121.396715"/>
      <trkpt lat="47.019446" lon="-121.396584"/>
      <trkpt lat="47.019575" lon="-121.396440"/>
      <trkpt lat="47.019658" lon="-121.396378"/>
      <trkpt lat="47.019737" lon="-121.396338"/>
      <trkpt lat="47.019805" lon="-121.396300"/>
      <trkpt lat="47.019863" lon="-121.396241"/>
      <trkpt lat="47.019922" lon="-121.396150"/>
      <trkpt lat="47.020105" lon="-121.396026"/>
      <trkpt lat="47.020306" lon="-121.395849"/>
      <trkpt lat="47.020423" lon="-121.395777"/>
      <trkpt lat="47.020499" lon="-121.395720"/>
      <trkpt lat="47.020781" lon="-121.395600"/>
      <trkpt lat="47.020950" lon="-121.395547"/>
      <trkpt lat="47.021083" lon="-121.395466"/>
      <trkpt lat="47.021165" lon="-121.395364"/>
      <trkpt lat="47.021220" lon="-121.395329"/>
      <trkpt lat="47.021322" lon="-121.395297"/>
      <trkpt lat="47.021529" lon="-121.395235"/>
      <trkpt lat="47.021739" lon="-121.395168"/>
      <trkpt lat="47.021913" lon="-121.395128"/>
      <trkpt lat="47.022095" lon="-121.395050"/>
      <trkpt lat="47.022189" lon="-121.395021"/>
      <trkpt lat="47.022359" lon="-121.394999"/>
      <trkpt lat="47.022602" lon="-121.394947"/>
      <trkpt lat="47.022803" lon="-121.394953"/>
      <trkpt lat="47.022953" lon="-121.394932"/>
      <trkpt lat="47.023034" lon="-121.394948"/>
      <trkpt lat="47.023120" lon="-121.394988"/>
      <trkpt lat="47.023191" lon="-121.395047"/>
      <trkpt lat="47.023270" lon="-121.395096"/>
      <trkpt lat="47.023372" lon="-121.395139"/>
      <trkpt lat="47.023460" lon="-121.395139"/>
      <trkpt lat="47.023560" lon="-121.395130"/>
      <trkpt lat="47.023612" lon="-121.395155"/>
      <trkpt lat="47.023690" lon="-121.395197"/>
      <trkpt lat="47.023782" lon="-121.395216"/>
      <trkpt lat="47.023860" lon="-121.395216"/>
      <trkpt lat="47.023937" lon="-121.395200"/>
      <trkpt lat="47.024007" lon="-121.395219"/>
      <trkpt lat="47.024069" lon="-121.395275"/>
      <trkpt lat="47.024149" lon="-121.395372"/>
      <trkpt lat="47.024226" lon="-121.395409"/>
      <trkpt lat="47.024273" lon="-121.395420"/>
      <trkpt lat="47.024339" lon="-121.395417"/>
      <trkpt lat="47.024391" lon="-121.395383"/>
      <trkpt lat="47.024487" lon="-121.395289"/>
      <trkpt lat="47.024570" lon="-121.395160"/>
      <trkpt lat="47.024621" lon="-121.395130"/>
      <trkpt lat="47.024670" lon="-121.395128"/>
      <trkpt lat="47.024732" lon="-121.395157"/>
      <trkpt lat="47.024793" lon="-121.395200"/>
      <trkpt lat="47.024881" lon="-121.395246"/>
      <trkpt lat="47.024965" lon="-121.395353"/>
      <trkpt lat="47.025080" lon="-121.395493"/>
      <trkpt lat="47.025208" lon="-121.395585"/>
      <trkpt lat="47.025283" lon="-121.395645"/>
      <trkpt lat="47.025387" lon="-121.395704"/>
      <trkpt lat="47.025473" lon="-121.395737"/>
      <trkpt lat="47.025557" lon="-121.395755"/>
      <trkpt lat="47.025798" lon="-121.395758"/>
      <trkpt lat="47.026038" lon="-121.395771"/>
      <trkpt lat="47.026205" lon="-121.395780"/>
      <trkpt lat="47.026281" lon="-121.395777"/>
      <trkpt lat="47.026314" lon="-121.395739"/>
      <trkpt lat="47.026351" lon="-121.395750"/>
      <trkpt lat="47.026374" lon="-121.395844"/>
      <trkpt lat="47.026427" lon="-121.396005"/>
      <trkpt lat="47.026495" lon="-121.396143"/>
      <trkpt lat="47.026546" lon="-121.396211"/>
      <trkpt lat="47.026586" lon="-121.396249"/>
      <trkpt lat="47.026650" lon="-121.396276"/>
      <trkpt lat="47.026724" lon="-121.396278"/>
      <trkpt lat="47.026830" lon="-121.396230"/>
      <trkpt lat="47.026919" lon="-121.396187"/>
      <trkpt lat="47.027022" lon="-121.396169"/>
      <trkpt lat="47.027502" lon="-121.396099"/>
      <trkpt lat="47.027641" lon="-121.396101"/>
      <trkpt lat="47.027727" lon="-121.396109"/>
      <trkpt lat="47.027793" lon="-121.396163"/>
      <trkpt lat="47.027824" lon="-121.396230"/>
      <trkpt lat="47.027842" lon="-121.396319"/>
      <trkpt lat="47.027870" lon="-121.396396"/>
      <trkpt lat="47.027905" lon="-121.396466"/>
      <trkpt lat="47.027965" lon="-121.396506"/>
      <trkpt lat="47.028045" lon="-121.396520"/>
      <trkpt lat="47.028139" lon="-121.396520"/>
      <trkpt lat="47.028225" lon="-121.396509"/>
      <trkpt lat="47.028371" lon="-121.396450"/>
      <trkpt lat="47.028561" lon="-121.396386"/>
      <trkpt lat="47.028733" lon="-121.396335"/>
      <trkpt lat="47.028822" lon="-121.396284"/>
      <trkpt lat="47.028989" lon="-121.396155"/>
      <trkpt lat="47.029093" lon="-121.396085"/>
      <trkpt lat="47.029206" lon="-121.396051"/>
      <trkpt lat="47.029331" lon="-121.395975"/>
      <trkpt lat="47.029409" lon="-121.395946"/>
      <trkpt lat="47.029548" lon="-121.395914"/>
      <trkpt lat="47.029660" lon="-121.395849"/>
      <trkpt lat="47.029779" lon="-121.395812"/>
      <trkpt lat="47.029888" lon="-121.395798"/>
      <trkpt lat="47.030016" lon="-121.395828"/>
      <trkpt lat="47.030155" lon="-121.395831"/>
      <trkpt lat="47.030236" lon="-121.395841"/>
      <trkpt lat="47.030347" lon="-121.395903"/>
      <trkpt lat="47.030459" lon="-121.395989"/>
      <trkpt lat="47.030585" lon="-121.396042"/>
      <trkpt lat="47.030720" lon="-121.396144"/>
      <trkpt lat="47.030888" lon="-121.396308"/>
      <trkpt lat="47.030987" lon="-121.396338"/>
      <trkpt lat="47.031073" lon="-121.396375"/>
      <trkpt lat="47.031161" lon="-121.396383"/>
      <trkpt lat="47.031221" lon="-121.396386"/>
      <trkpt lat="47.031322" lon="-121.396442"/>
      <trkpt lat="47.031468" lon="-121.396506"/>
      <trkpt lat="47.031585" lon="-121.396544"/>
      <trkpt lat="47.031676" lon="-121.396598"/>
      <trkpt lat="47.031764" lon="-121.396678"/>
      <trkpt lat="47.031874" lon="-121.396812"/>
      <trkpt lat="47.031941" lon="-121.396919"/>
      <trkpt lat="47.032003" lon="-121.397022"/>
      <trkpt lat="47.032058" lon="-121.397150"/>
      <trkpt lat="47.032104" lon="-121.397365"/>
      <trkpt lat="47.032122" lon="-121.397507"/>
      <trkpt lat="47.032161" lon="-121.397646"/>
      <trkpt lat="47.032192" lon="-121.397723"/>
      <trkpt lat="47.032234" lon="-121.397829"/>
      <trkpt lat="47.032302" lon="-121.397912"/>
      <trkpt lat="47.032395" lon="-121.398035"/>
      <trkpt lat="47.032466" lon="-121.398172"/>
      <trkpt lat="47.032514" lon="-121.398234"/>
      <trkpt lat="47.032578" lon="-121.398258"/>
      <trkpt lat="47.032671" lon="-121.398269"/>
      <trkpt lat="47.032742" lon="-121.398258"/>
      <trkpt lat="47.032803" lon="-121.398223"/>
      <trkpt lat="47.032874" lon="-121.398145"/>
      <trkpt lat="47.032960" lon="-121.398059"/>
      <trkpt lat="47.033033" lon="-121.398000"/>
      <trkpt lat="47.033155" lon="-121.397995"/>
      <trkpt lat="47.033234" lon="-121.397960"/>
      <trkpt lat="47.033393" lon="-121.397912"/>
      <trkpt lat="47.033504" lon="-121.397861"/>
      <trkpt lat="47.033640" lon="-121.397847"/>
      <trkpt lat="47.033832" lon="-121.397807"/>
      <trkpt lat="47.033882" lon="-121.397778"/>
      <trkpt lat="47.033956" lon="-121.397732"/>
      <trkpt lat="47.034027" lon="-121.397654"/>
      <trkpt lat="47.034110" lon="-121.397625"/>
      <trkpt lat="47.034190" lon="-121.397569"/>
      <trkpt lat="47.034340" lon="-121.397442"/>
      <trkpt lat="47.034488" lon="-121.397370"/>
      <trkpt lat="47.034574" lon="-121.397327"/>
      <trkpt lat="47.034658" lon="-121.397284"/>
      <trkpt lat="47.034753" lon="-121.397282"/>
      <trkpt lat="47.034859" lon="-121.397319"/>
      <trkpt lat="47.034947" lon="-121.397335"/>
      <trkpt lat="47.035029" lon="-121.397330"/>
      <trkpt lat="47.035109" lon="-121.397306"/>
      <trkpt lat="47.035190" lon="-121.397236"/>
      <trkpt lat="47.035303" lon="-121.397158"/>
      <trkpt lat="47.035477" lon="-121.397024"/>
      <trkpt lat="47.035694" lon="-121.396893"/>
      <trkpt lat="47.035753" lon="-121.396858"/>
      <trkpt lat="47.035813" lon="-121.396785"/>
      <trkpt lat="47.035854" lon="-121.396702"/>
      <trkpt lat="47.035888" lon="-121.396592"/>
      <trkpt lat="47.035897" lon="-121.396487"/>
      <trkpt lat="47.035903" lon="-121.396197"/>
      <trkpt lat="47.035972" lon="-121.395983"/>
      <trkpt lat="47.036078" lon="-121.395790"/>
      <trkpt lat="47.036135" lon="-121.395723"/>
      <trkpt lat="47.036188" lon="-121.395710"/>
      <trkpt lat="47.036230" lon="-121.395723"/>
      <trkpt lat="47.036263" lon="-121.395731"/>
      <trkpt lat="47.036300" lon="-121.395707"/>
      <trkpt lat="47.036331" lon="-121.395659"/>
      <trkpt lat="47.036360" lon="-121.395573"/>
      <trkpt lat="47.036448" lon="-121.395436"/>
      <trkpt lat="47.036526" lon="-121.395332"/>
      <trkpt lat="47.036627" lon="-121.395287"/>
      <trkpt lat="47.036715" lon="-121.395214"/>
      <trkpt lat="47.036784" lon="-121.395211"/>
      <trkpt lat="47.036894" lon="-121.395246"/>
      <trkpt lat="47.036956" lon="-121.395273"/>
      <trkpt lat="47.037016" lon="-121.395281"/>
      <trkpt lat="47.037055" lon="-121.395232"/>
      <trkpt lat="47.037073" lon="-121.395157"/>
      <trkpt lat="47.037065" lon="-121.395085"/>
      <trkpt lat="47.037025" lon="-121.395004"/>
      <trkpt lat="47.036969" lon="-121.394967"/>
      <trkpt lat="47.036894" lon="-121.394945"/>
      <trkpt lat="47.036822" lon="-121.394897"/>
      <trkpt lat="47.036771" lon="-121.394838"/>
      <trkpt lat="47.036724" lon="-121.394725"/>
      <trkpt lat="47.036682" lon="-121.394575"/>
      <trkpt lat="47.036632" lon="-121.394481"/>
      <trkpt lat="47.036603" lon="-121.394414"/>
      <trkpt lat="47.036623" lon="-121.394342"/>
      <trkpt lat="47.036660" lon="-121.394315"/>
      <trkpt lat="47.036788" lon="-121.394323"/>
      <trkpt lat="47.036857" lon="-121.394336"/>
      <trkpt lat="47.036945" lon="-121.394310"/>
      <trkpt lat="47.036995" lon="-121.394207"/>
      <trkpt lat="47.037043" lon="-121.394048"/>
      <trkpt lat="47.037113" lon="-121.393999"/>
      <trkpt lat="47.037225" lon="-121.393840"/>
      <trkpt lat="47.037349" lon="-121.393805"/>
      <trkpt lat="47.037453" lon="-121.393771"/>
      <trkpt lat="47.037513" lon="-121.393728"/>
      <trkpt lat="47.037585" lon="-121.393669"/>
      <trkpt lat="47.037669" lon="-121.393556"/>
      <trkpt lat="47.037744" lon="-121.393462"/>
      <trkpt lat="47.037830" lon="-121.393325"/>
      <trkpt lat="47.037894" lon="-121.393240"/>
      <trkpt lat="47.037937" lon="-121.393197"/>
      <trkpt lat="47.038038" lon="-121.393178"/>
      <trkpt lat="47.038135" lon="-121.393162"/>
      <trkpt lat="47.038277" lon="-121.393186"/>
      <trkpt lat="47.038455" lon="-121.393248"/>
      <trkpt lat="47.038563" lon="-121.393296"/>
      <trkpt lat="47.038638" lon="-121.393368"/>
      <trkpt lat="47.038658" lon="-121.393459"/>
      <trkpt lat="47.038652" lon="-121.393551"/>
      <trkpt lat="47.038620" lon="-121.393668"/>
      <trkpt lat="47.038597" lon="-121.393712"/>
      <trkpt lat="47.038618" lon="-121.393755"/>
      <trkpt lat="47.038676" lon="-121.393765"/>
      <trkpt lat="47.038806" lon="-121.393762"/>
      <trkpt lat="47.038897" lon="-121.393725"/>
      <trkpt lat="47.038983" lon="-121.393647"/>
      <trkpt lat="47.039038" lon="-121.393594"/>
      <trkpt lat="47.039080" lon="-121.393593"/>
      <trkpt lat="47.039133" lon="-121.393693"/>
      <trkpt lat="47.039190" lon="-121.393709"/>
      <trkpt lat="47.039259" lon="-121.393704"/>
      <trkpt lat="47.039358" lon="-121.393690"/>
      <trkpt lat="47.039455" lon="-121.393693"/>
      <trkpt lat="47.039535" lon="-121.393757"/>
      <trkpt lat="47.039637" lon="-121.393835"/>
      <trkpt lat="47.039786" lon="-121.393899"/>
      <trkpt lat="47.039873" lon="-121.393915"/>
      <trkpt lat="47.039950" lon="-121.393918"/>
      <trkpt lat="47.040027" lon="-121.393886"/>
      <trkpt lat="47.040096" lon="-121.393832"/>
      <trkpt lat="47.040208" lon="-121.393698"/>
      <trkpt lat="47.040268" lon="-121.393620"/>
      <trkpt lat="47.040374" lon="-121.393497"/>
      <trkpt lat="47.040511" lon="-121.393288"/>
      <trkpt lat="47.040665" lon="-121.393081"/>
      <trkpt lat="47.040800" lon="-121.392939"/>
      <trkpt lat="47.040920" lon="-121.392795"/>
      <trkpt lat="47.040996" lon="-121.392684"/>
      <trkpt lat="47.041098" lon="-121.392542"/>
      <trkpt lat="47.041226" lon="-121.392408"/>
      <trkpt lat="47.041378" lon="-121.392295"/>
      <trkpt lat="47.041500" lon="-121.392252"/>
      <trkpt lat="47.041590" lon="-121.392210"/>
      <trkpt lat="47.041681" lon="-121.392113"/>
      <trkpt lat="47.041760" lon="-121.392014"/>
      <trkpt lat="47.041827" lon="-121.391834"/>
      <trkpt lat="47.041888" lon="-121.391617"/>
      <trkpt lat="47.041926" lon="-121.391496"/>
      <trkpt lat="47.041997" lon="-121.391373"/>
      <trkpt lat="47.042048" lon="-121.391247"/>
      <trkpt lat="47.042116" lon="-121.391099"/>
      <trkpt lat="47.042152" lon="-121.391057"/>
      <trkpt lat="47.042264" lon="-121.390997"/>
      <trkpt lat="47.042419" lon="-121.390866"/>
      <trkpt lat="47.042639" lon="-121.390643"/>
      <trkpt lat="47.042818" lon="-121.390498"/>
      <trkpt lat="47.042968" lon="-121.390322"/>
      <trkpt lat="47.043034" lon="-121.390209"/>
      <trkpt lat="47.043092" lon="-121.390064"/>
      <trkpt lat="47.043105" lon="-121.389938"/>
      <trkpt lat="47.043116" lon="-121.389852"/>
      <trkpt lat="47.043152" lon="-121.389766"/>
      <trkpt lat="47.043207" lon="-121.389683"/>
      <trkpt lat="47.043343" lon="-121.389562"/>
      <trkpt lat="47.043452" lon="-121.389447"/>
      <trkpt lat="47.043651" lon="-121.389267"/>
      <trkpt lat="47.043756" lon="-121.389192"/>
      <trkpt lat="47.043929" lon="-121.389117"/>
      <trkpt lat="47.044022" lon="-121.389047"/>
      <trkpt lat="47.044108" lon="-121.388988"/>
      <trkpt lat="47.044203" lon="-121.388870"/>
      <trkpt lat="47.044291" lon="-121.388750"/>
      <trkpt lat="47.044446" lon="-121.388605"/>
      <trkpt lat="47.044525" lon="-121.388460"/>
      <trkpt lat="47.044565" lon="-121.388422"/>
      <trkpt lat="47.044662" lon="-121.388350"/>
      <trkpt lat="47.044779" lon="-121.388312"/>
      <trkpt lat="47.044865" lon="-121.388256"/>
      <trkpt lat="47.044916" lon="-121.388178"/>
      <trkpt lat="47.044940" lon="-121.388090"/>
      <trkpt lat="47.044971" lon="-121.387969"/>
      <trkpt lat="47.045006" lon="-121.387870"/>
      <trkpt lat="47.045075" lon="-121.387744"/>
      <trkpt lat="47.045141" lon="-121.387612"/>
      <trkpt lat="47.045189" lon="-121.387459"/>
      <trkpt lat="47.045258" lon="-121.387223"/>
      <trkpt lat="47.045316" lon="-121.387028"/>
      <trkpt lat="47.045400" lon="-121.386816"/>
      <trkpt lat="47.045443" lon="-121.386657"/>
      <trkpt lat="47.045455" lon="-121.386515"/>
      <trkpt lat="47.045459" lon="-121.386416"/>
      <trkpt lat="47.045457" lon="-121.386319"/>
      <trkpt lat="47.045454" lon="-121.386183"/>
      <trkpt lat="47.045477" lon="-121.386075"/>
      <trkpt lat="47.045516" lon="-121.385947"/>
      <trkpt lat="47.045594" lon="-121.385802"/>
      <trkpt lat="47.045693" lon="-121.385584"/>
      <trkpt lat="47.045804" lon="-121.385271"/>
      <trkpt lat="47.045848" lon="-121.385086"/>
      <trkpt lat="47.045925" lon="-121.384909"/>
      <trkpt lat="47.046016" lon="-121.384756"/>
      <trkpt lat="47.046093" lon="-121.384608"/>
      <trkpt lat="47.046146" lon="-121.384485"/>
      <trkpt lat="47.046219" lon="-121.384353"/>
      <trkpt lat="47.046323" lon="-121.384265"/>
      <trkpt lat="47.046439" lon="-121.384211"/>
      <trkpt lat="47.046567" lon="-121.384216"/>
      <trkpt lat="47.046722" lon="-121.384270"/>
      <trkpt lat="47.047164" lon="-121.384630"/>
      <trkpt lat="47.047432" lon="-121.384947"/>
      <trkpt lat="47.047544" lon="-121.385155"/>
      <trkpt lat="47.047694" lon="-121.385332"/>
      <trkpt lat="47.047997" lon="-121.385537"/>
      <trkpt lat="47.048122" lon="-121.385563"/>
      <trkpt lat="47.048316" lon="-121.385477"/>
      <trkpt lat="47.048502" lon="-121.385316"/>
      <trkpt lat="47.048630" lon="-121.385086"/>
      <trkpt lat="47.048685" lon="-121.384740"/>
      <trkpt lat="47.049022" lon="-121.384112"/>
      <trkpt lat="47.049138" lon="-121.383766"/>
      <trkpt lat="47.049255" lon="-121.383550"/>
      <trkpt lat="47.049368" lon="-121.383460"/>
      <trkpt lat="47.049500" lon="-121.383294"/>
    </trkseg>
    <trkseg>
      <trkpt lat="46.951639" lon="-121.453100"/>
      <trkpt lat="46.951727" lon="-121.452983"/>
      <trkpt lat="46.951773" lon="-121.452932"/>
      <trkpt lat="46.951821" lon="-121.452908"/>
      <trkpt lat="46.951873" lon="-121.452911"/>
      <trkpt lat="46.951936" lon="-121.452924"/>
      <trkpt lat="46.952002" lon="-121.452913"/>
      <trkpt lat="46.952141" lon="-121.452865"/>
      <trkpt lat="46.952229" lon="-121.452854"/>
      <trkpt lat="46.952393" lon="-121.452873"/>
      <trkpt lat="46.952533" lon="-121.452865"/>
      <trkpt lat="46.952657" lon="-121.452833"/>
      <trkpt lat="46.952738" lon="-121.452806"/>
      <trkpt lat="46.952917" lon="-121.452785"/>
      <trkpt lat="46.952981" lon="-121.452750"/>
      <trkpt lat="46.953031" lon="-121.452701"/>
      <trkpt lat="46.953086" lon="-121.452613"/>
      <trkpt lat="46.953135" lon="-121.452567"/>
      <trkpt lat="46.953208" lon="-121.452524"/>
      <trkpt lat="46.953466" lon="-121.452393"/>
      <trkpt lat="46.953623" lon="-121.452268"/>
      <trkpt lat="46.953937" lon="-121.452007"/>
      <trkpt lat="46.954350" lon="-121.451612"/>
      <trkpt lat="46.954486" lon="-121.451449"/>
      <trkpt lat="46.954572" lon="-121.451331"/>
      <trkpt lat="46.954633" lon="-121.451189"/>
      <trkpt lat="46.954746" lon="-121.451014"/>
      <trkpt lat="46.954843" lon="-121.450832"/>
      <trkpt lat="46.954915" lon="-121.450717"/>
      <trkpt lat="46.955017" lon="-121.450601"/>
      <trkpt lat="46.955087" lon="-121.450486"/>
      <trkpt lat="46.955143" lon="-121.450357"/>
      <trkpt lat="46.955264" lon="-121.450167"/>
      <trkpt lat="46.955378" lon="-121.449962"/>
      <trkpt lat="46.955442" lon="-121.449722"/>
      <trkpt lat="46.955495" lon="-121.449582"/>
      <trkpt lat="46.955541" lon="-121.449485"/>
      <trkpt lat="46.955640" lon="-121.449330"/>
      <trkpt lat="46.955843" lon="-121.449083"/>
      <trkpt lat="46.956002" lon="-121.448938"/>
      <trkpt lat="46.956130" lon="-121.448767"/>
      <trkpt lat="46.956342" lon="-121.448557"/>
      <trkpt lat="46.956416" lon="-121.448493"/>
      <trkpt lat="46.956496" lon="-121.448453"/>
      <trkpt lat="46.956608" lon="-121.448429"/>
      <trkpt lat="46.956795" lon="-121.448412"/>
      <trkpt lat="46.956877" lon="-121.448372"/>
      <trkpt lat="46.956983" lon="-121.448268"/>
      <trkpt lat="46.957055" lon="-121.448246"/>
      <trkpt lat="46.957146" lon="-121.448241"/>
      <trkpt lat="46.957241" lon="-121.448222"/>
      <trkpt lat="46.957371" lon="-121.448126"/>
      <trkpt lat="46.957432" lon="-121.448099"/>
      <trkpt lat="46.957586" lon="-121.448077"/>
      <trkpt lat="46.957664" lon="-121.448034"/>
      <trkpt lat="46.957847" lon="-121.448018"/>
      <trkpt lat="46.958001" lon="-121.447983"/>
      <trkpt lat="46.958085" lon="-121.447952"/>
      <trkpt lat="46.958170" lon="-121.447892"/>
      <trkpt lat="46.958250" lon="-121.447845"/>
      <trkpt lat="46.958412" lon="-121.447857"/>
      <trkpt lat="46.958464" lon="-121.447930"/>
      <trkpt lat="46.958556" lon="-121.447927"/>
      <trkpt lat="46.958622" lon="-121.447890"/>
      <trkpt lat="46.958691" lon="-121.447898"/>
      <trkpt lat="46.958827" lon="-121.448029"/>
      <trkpt lat="46.958882" lon="-121.448104"/>
      <trkpt lat="46.958946" lon="-121.448160"/>
      <trkpt lat="46.959019" lon="-121.448187"/>
      <trkpt lat="46.959131" lon="-121.448187"/>
      <trkpt lat="46.959317" lon="-121.448174"/>
      <trkpt lat="46.959422" lon="-121.448188"/>
      <trkpt lat="46.959510" lon="-121.448211"/>
      <trkpt lat="46.959650" lon="-121.448305"/>
      <trkpt lat="46.959687" lon="-121.448343"/>
      <trkpt lat="46.959705" lon="-121.448402"/>
      <trkpt lat="46.959705" lon="-121.448442"/>
      <trkpt lat="46.959643" lon="-121.448600"/>
      <trkpt lat="46.959610" lon="-121.448716"/>
      <trkpt lat="46.959616" lon="-121.448866"/>
      <trkpt lat="46.959641" lon="-121.449016"/>
      <trkpt lat="46.959656" lon="-121.449129"/>
      <trkpt lat="46.959707" lon="-121.449265"/>
      <trkpt lat="46.959857" lon="-121.449526"/>
      <trkpt lat="46.959894" lon="-121.449636"/>
      <trkpt lat="46.959918" lon="-121.449732"/>
      <trkpt lat="46.959938" lon="-121.449869"/>
      <trkpt lat="46.959933" lon="-121.449982"/>
      <trkpt lat="46.959909" lon="-121.450046"/>
      <trkpt lat="46.959859" lon="-121.450089"/>
      <trkpt lat="46.959740" lon="-121.450222"/>
      <trkpt lat="46.959718" lon="-121.450234"/>
      <trkpt lat="46.959702" lon="-121.450261"/>
      <trkpt lat="46.959702" lon="-121.450298"/>
      <trkpt lat="46.959713" lon="-121.450336"/>
      <trkpt lat="46.959733" lon="-121.450368"/>
      <trkpt lat="46.959771" lon="-121.450362"/>
      <trkpt lat="46.959837" lon="-121.450336"/>
      <trkpt lat="46.959920" lon="-121.450346"/>
      <trkpt lat="46.959995" lon="-121.450400"/>
      <trkpt lat="46.960083" lon="-121.450499"/>
      <trkpt lat="46.960148" lon="-121.450587"/>
      <trkpt lat="46.960207" lon="-121.450679"/>
      <trkpt lat="46.960242" lon="-121.450783"/>
      <trkpt lat="46.960282" lon="-121.450969"/>
      <trkpt lat="46.960321" lon="-121.451114"/>
      <trkpt lat="46.960399" lon="-121.451350"/>
      <trkpt lat="46.960451" lon="-121.451443"/>
      <trkpt lat="46.960476" lon="-121.451537"/>
      <trkpt lat="46.960491" lon="-121.451634"/>
      <trkpt lat="46.960507" lon="-121.451706"/>
      <trkpt lat="46.960538" lon="-121.451763"/>
      <trkpt lat="46.960608" lon="-121.451797"/>
      <trkpt lat="46.960698" lon="-121.451819"/>
      <trkpt lat="46.960879" lon="-121.451886"/>
      <trkpt lat="46.961086" lon="-121.451940"/>
      <trkpt lat="46.961140" lon="-121.451973"/>
      <trkpt lat="46.961210" lon="-121.452103"/>
      <trkpt lat="46.961285" lon="-121.452286"/>
      <trkpt lat="46.961317" lon="-121.452385"/>
      <trkpt lat="46.961327" lon="-121.452519"/>
      <trkpt lat="46.961324" lon="-121.452653"/>
      <trkpt lat="46.961298" lon="-121.452776"/>
      <trkpt lat="46.961302" lon="-121.452994"/>
      <trkpt lat="46.961320" lon="-121.453047"/>
      <trkpt lat="46.961375" lon="-121.453098"/>
      <trkpt lat="46.961514" lon="-121.453171"/>
      <trkpt lat="46.961593" lon="-121.453196"/>
      <trkpt lat="46.961699" lon="-121.453179"/>
      <trkpt lat="46.961882" lon="-121.453069"/>
      <trkpt lat="46.961985" lon="-121.453039"/>
      <trkpt lat="46.962198" lon="-121.453045"/>
      <trkpt lat="46.962296" lon="-121.453023"/>
      <trkpt lat="46.962426" lon="-121.452962"/>
      <trkpt lat="46.962567" lon="-121.452903"/>
      <trkpt lat="46.962680" lon="-121.452873"/>
      <trkpt lat="46.962726" lon="-121.452852"/>
      <trkpt lat="46.962757" lon="-121.452795"/>
      <trkpt lat="46.962788" lon="-121.452693"/>
      <trkpt lat="46.962843" lon="-121.452549"/>
      <trkpt lat="46.962877" lon="-121.452500"/>
      <trkpt lat="46.962979" lon="-121.452390"/>
      <trkpt lat="46.963050" lon="-121.452347"/>
      <trkpt lat="46.963109" lon="-121.452326"/>
      <trkpt lat="46.963176" lon="-121.452205"/>
      <trkpt lat="46.963233" lon="-121.452170"/>
      <trkpt lat="46.963292" lon="-121.452176"/>
      <trkpt lat="46.963354" lon="-121.452200"/>
      <trkpt lat="46.963391" lon="-121.452178"/>
      <trkpt lat="46.963449" lon="-121.452168"/>
      <trkpt lat="46.963482" lon="-121.452189"/>
      <trkpt lat="46.963550" lon="-121.452205"/>
      <trkpt lat="46.963610" lon="-121.452185"/>
      <trkpt lat="46.963689" lon="-121.452119"/>
      <trkpt lat="46.963728" lon="-121.452042"/>
      <trkpt lat="46.963753" lon="-121.451948"/>
      <trkpt lat="46.963811" lon="-121.451843"/>
      <trkpt lat="46.963890" lon="-121.451603"/>
      <trkpt lat="46.963938" lon="-121.451256"/>
      <trkpt lat="46.963978" lon="-121.451127"/>
      <trkpt lat="46.964020" lon="-121.451049"/>
      <trkpt lat="46.964070" lon="-121.451012"/>
      <trkpt lat="46.964123" lon="-121.450985"/>
      <trkpt lat="46.964207" lon="-121.450974"/>
      <trkpt lat="46.964350" lon="-121.450990"/>
      <trkpt lat="46.964478" lon="-121.450990"/>
      <trkpt lat="46.964588" lon="-121.450953"/>
      <trkpt lat="46.964674" lon="-121.450885"/>
      <trkpt lat="46.964732" lon="-121.450851"/>
      <trkpt lat="46.964813" lon="-121.450845"/>
      <trkpt lat="46.964910" lon="-121.450818"/>
      <trkpt lat="46.965139" lon="-121.450682"/>
      <trkpt lat="46.965373" lon="-121.450505"/>
      <trkpt lat="46.965488" lon="-121.450470"/>
      <trkpt lat="46.965557" lon="-121.450438"/>
      <trkpt lat="46.965669" lon="-121.450360"/>
      <trkpt lat="46.965763" lon="-121.450258"/>
      <trkpt lat="46.965827" lon="-121.450167"/>
      <trkpt lat="46.966015" lon="-121.450062"/>
      <trkpt lat="46.966116" lon="-121.449966"/>
      <trkpt lat="46.966229" lon="-121.449893"/>
      <trkpt lat="46.966416" lon="-121.449778"/>
      <trkpt lat="46.966623" lon="-121.449673"/>
      <trkpt lat="46.966738" lon="-121.449587"/>
      <trkpt lat="46.966832" lon="-121.449544"/>
      <trkpt lat="46.966918" lon="-121.449539"/>
      <trkpt lat="46.966969" lon="-121.449558"/>
      <trkpt lat="46.967039" lon="-121.449641"/>
      <trkpt lat="46.967081" lon="-121.449670"/>
      <trkpt lat="46.967141" lon="-121.449681"/>
      <trkpt lat="46.967196" lon="-121.449657"/>
      <trkpt lat="46.967273" lon="-121.449665"/>
      <trkpt lat="46.967383" lon="-121.449638"/>
      <trkpt lat="46.967547" lon="-121.449552"/>
      <trkpt lat="46.967709" lon="-121.449461"/>
      <trkpt lat="46.967800" lon="-121.449437"/>
      <trkpt lat="46.967870" lon="-121.449402"/>
      <trkpt lat="46.967941" lon="-121.449351"/>
      <trkpt lat="46.968014" lon="-121.449271"/>
      <trkpt lat="46.968201" lon="-121.449164"/>
      <trkpt lat="46.968457" lon="-121.448950"/>
      <trkpt lat="46.968549" lon="-121.448866"/>
      <trkpt lat="46.968668" lon="-121.448729"/>
      <trkpt lat="46.968942" lon="-121.448372"/>
      <trkpt lat="46.969054" lon="-121.448219"/>
      <trkpt lat="46.969118" lon="-121.448096"/>
      <trkpt lat="46.969164" lon="-121.448026"/>
      <trkpt lat="46.969365" lon="-121.447879"/>
      <trkpt lat="46.969458" lon="-121.447739"/>
      <trkpt lat="46.969568" lon="-121.447586"/>
      <trkpt lat="46.969722" lon="-121.447337"/>
      <trkpt lat="46.969841" lon="-121.447109"/>
      <trkpt lat="46.969910" lon="-121.446959"/>
      <trkpt lat="46.969993" lon="-121.446795"/>
      <trkpt lat="46.970081" lon="-121.446640"/>
      <trkpt lat="46.970141" lon="-121.446513"/>
      <trkpt lat="46.970220" lon="-121.446253"/>
      <trkpt lat="46.970253" lon="-121.446159"/>
      <trkpt lat="46.970302" lon="-121.446071"/>
      <trkpt lat="46.970363" lon="-121.445999"/>
      <trkpt lat="46.970416" lon="-121.445921"/>
      <trkpt lat="46.970555" lon="-121.445687"/>
      <trkpt lat="46.970584" lon="-121.445612"/>
      <trkpt lat="46.970608" lon="-121.445422"/>
      <trkpt lat="46.970626" lon="-121.445352"/>
      <trkpt lat="46.970655" lon="-121.445301"/>
      <trkpt lat="46.970723" lon="-121.445258"/>
      <trkpt lat="46.970862" lon="-121.445205"/>
      <trkpt lat="46.970970" lon="-121.445181"/>
      <trkpt lat="46.971210" lon="-121.445197"/>
      <trkpt lat="46.971305" lon="-121.445167"/>
      <trkpt lat="46.971365" lon="-121.445138"/>
      <trkpt lat="46.971409" lon="-121.445038"/>
      <trkpt lat="46.971422" lon="-121.444923"/>
      <trkpt lat="46.971413" lon="-121.444821"/>
      <trkpt lat="46.971411" lon="-121.444708"/>
      <trkpt lat="46.971437" lon="-121.444617"/>
      <trkpt lat="46.971501" lon="-121.444499"/>
      <trkpt lat="46.971578" lon="-121.444424"/>
      <trkpt lat="46.971662" lon="-121.444314"/>
      <trkpt lat="46.971719" lon="-121.444290"/>
      <trkpt lat="46.971786" lon="-121.444295"/>
      <trkpt lat="46.971843" lon="-121.444333"/>
      <trkpt lat="46.972012" lon="-121.444641"/>
      <trkpt lat="46.972165" lon="-121.444878"/>
      <trkpt lat="46.972317" lon="-121.444947"/>
      <trkpt lat="46.972473" lon="-121.444925"/>
      <trkpt lat="46.972522" lon="-121.444902"/>
      <trkpt lat="46.972557" lon="-121.444894"/>
      <trkpt lat="46.972628" lon="-121.444767"/>
      <trkpt lat="46.972701" lon="-121.444703"/>
      <trkpt lat="46.972782" lon="-121.444518"/>
      <trkpt lat="46.972789" lon="-121.444341"/>
      <trkpt lat="46.972780" lon="-121.443992"/>
      <trkpt lat="46.972791" lon="-121.443818"/>
      <trkpt lat="46.972813" lon="-121.443622"/>
      <trkpt lat="46.972886" lon="-121.443461"/>
      <trkpt lat="46.972941" lon="-121.443362"/>
      <trkpt lat="46.973014" lon="-121.443279"/>
      <trkpt lat="46.973142" lon="-121.443168"/>
      <trkpt lat="46.973261" lon="-121.443139"/>
      <trkpt lat="46.973375" lon="-121.443094"/>
      <trkpt lat="46.973565" lon="-121.443003"/>
      <trkpt lat="46.973673" lon="-121.443005"/>
      <trkpt lat="46.973803" lon="-121.443040"/>
      <trkpt lat="46.973920" lon="-121.443080"/>
      <trkpt lat="46.974023" lon="-121.443134"/>
      <trkpt lat="46.974177" lon="-121.443228"/>
      <trkpt lat="46.974255" lon="-121.443244"/>
      <trkpt lat="46.974317" lon="-121.443244"/>
      <trkpt lat="46.974420" lon="-121.443177"/>
      <trkpt lat="46.974625" lon="-121.443020"/>
      <trkpt lat="46.974696" lon="-121.442965"/>
      <trkpt lat="46.974749" lon="-121.442968"/>
      <trkpt lat="46.974824" lon="-121.443045"/>
      <trkpt lat="46.974887" lon="-121.443169"/>
      <trkpt lat="46.974958" lon="-121.443230"/>
      <trkpt lat="46.975035" lon="-121.443273"/>
      <trkpt lat="46.975145" lon="-121.443290"/>
      <trkpt lat="46.975337" lon="-121.443292"/>
      <trkpt lat="46.975544" lon="-121.443335"/>
      <trkpt lat="46.975747" lon="-121.443418"/>
      <trkpt lat="46.976058" lon="-121.443574"/>
      <trkpt lat="46.976146" lon="-121.443598"/>
      <trkpt lat="46.976241" lon="-121.443670"/>
      <trkpt lat="46.976290" lon="-121.443692"/>
      <trkpt lat="46.976347" lon="-121.443700"/>
      <trkpt lat="46.976653" lon="-121.443693"/>
      <trkpt lat="46.977004" lon="-121.443670"/>
      <trkpt lat="46.977123" lon="-121.443641"/>
      <trkpt lat="46.977215" lon="-121.443577"/>
      <trkpt lat="46.977339" lon="-121.443520"/>
      <trkpt lat="46.977440" lon="-121.443456"/>
      <trkpt lat="46.977749" lon="-121.443230"/>
      <trkpt lat="46.977903" lon="-121.443150"/>
      <trkpt lat="46.978155" lon="-121.442901"/>
      <trkpt lat="46.978225" lon="-121.442809"/>
      <trkpt lat="46.978282" lon="-121.442716"/>
      <trkpt lat="46.978322" lon="-121.442616"/>
      <trkpt lat="46.978358" lon="-121.442463"/>
      <trkpt lat="46.978485" lon="-121.442235"/>
      <trkpt lat="46.978560" lon="-121.442018"/>
      <trkpt lat="46.978611" lon="-121.441793"/>
      <trkpt lat="46.978624" lon="-121.441627"/>
      <trkpt lat="46.978662" lon="-121.441522"/>
      <trkpt lat="46.978690" lon="-121.441415"/>
      <trkpt lat="46.978699" lon="-121.441313"/>
      <trkpt lat="46.978668" lon="-121.441232"/>
      <trkpt lat="46.978646" lon="-121.441160"/>
      <trkpt lat="46.978637" lon="-121.441053"/>
      <trkpt lat="46.978669" lon="-121.440980"/>
      <trkpt lat="46.978708" lon="-121.440792"/>
      <trkpt lat="46.978757" lon="-121.440602"/>
      <trkpt lat="46.978829" lon="-121.440436"/>
      <trkpt lat="46.978878" lon="-121.440344"/>
      <trkpt lat="46.978924" lon="-121.440275"/>
      <trkpt lat="46.978977" lon="-121.440259"/>
      <trkpt lat="46.979025" lon="-121.440261"/>
      <trkpt lat="46.979068" lon="-121.440256"/>
      <trkpt lat="46.979112" lon="-121.440237"/>
      <trkpt lat="46.979132" lon="-121.440192"/>
      <trkpt lat="46.979169" lon="-121.440133"/>
      <trkpt lat="46.979325" lon="-121.439977"/>
      <trkpt lat="46.979449" lon="-121.439781"/>
      <trkpt lat="46.979575" lon="-121.439765"/>
      <trkpt lat="46.979610" lon="-121.439706"/>
      <trkpt lat="46.979634" lon="-121.439626"/>
      <trkpt lat="46.979638" lon="-121.439540"/>
      <trkpt lat="46.979636" lon="-121.439486"/>
      <trkpt lat="46.979652" lon="-121.439443"/>
      <trkpt lat="46.979712" lon="-121.439398"/>
      <trkpt lat="46.979775" lon="-121.439239"/>
      <trkpt lat="46.979870" lon="-121.439124"/>
      <trkpt lat="46.979912" lon="-121.439033"/>
      <trkpt lat="46.979947" lon="-121.438974"/>
      <trkpt lat="46.980091" lon="-121.438912"/>
      <trkpt lat="46.980124" lon="-121.438909"/>
      <trkpt lat="46.980132" lon="-121.438883"/>
      <trkpt lat="46.980062" lon="-121.438698"/>
      <trkpt lat="46.980038" lon="-121.438577"/>
      <trkpt lat="46.980036" lon="-121.438419"/>
      <trkpt lat="46.980069" lon="-121.438282"/>
      <trkpt lat="46.980128" lon="-121.438164"/>
      <trkpt lat="46.980247" lon="-121.437826"/>
      <trkpt lat="46.980371" lon="-121.437668"/>
      <trkpt lat="46.980406" lon="-121.437576"/>
      <trkpt lat="46.980423" lon="-121.437501"/>
      <trkpt lat="46.980479" lon="-121.437402"/>
      <trkpt lat="46.980507" lon="-121.437340"/>
      <trkpt lat="46.980521" lon="-121.437257"/>
      <trkpt lat="46.980547" lon="-121.437155"/>
      <trkpt lat="46.980587" lon="-121.437064"/>
      <trkpt lat="46.980637" lon="-121.437000"/>
      <trkpt lat="46.980681" lon="-121.436973"/>
      <trkpt lat="46.980734" lon="-121.436973"/>
      <trkpt lat="46.980768" lon="-121.436954"/>
      <trkpt lat="46.980776" lon="-121.436898"/>
      <trkpt lat="46.980757" lon="-121.436841"/>
      <trkpt lat="46.980759" lon="-121.436627"/>
      <trkpt lat="46.980790" lon="-121.436461"/>
      <trkpt lat="46.980853" lon="-121.436329"/>
      <trkpt lat="46.981006" lon="-121.436109"/>
      <trkpt lat="46.981046" lon="-121.436091"/>
      <trkpt lat="46.981092" lon="-121.436093"/>
      <trkpt lat="46.981116" lon="-121.436064"/>
      <trkpt lat="46.981120" lon="-121.435997"/>
      <trkpt lat="46.981041" lon="-121.435769"/>
      <trkpt lat="46.981023" lon="-121.435704"/>
      <trkpt lat="46.981023" lon="-121.435618"/>
      <trkpt lat="46.981063" lon="-121.435495"/>
      <trkpt lat="46.981129" lon="-121.435348"/>
      <trkpt lat="46.981217" lon="-121.435085"/>
      <trkpt lat="46.981303" lon="-121.434800"/>
      <trkpt lat="46.981339" lon="-121.434666"/>
      <trkpt lat="46.981360" lon="-121.434465"/>
      <trkpt lat="46.981398" lon="-121.434234"/>
      <trkpt lat="46.981434" lon="-121.434063"/>
      <trkpt lat="46.981557" lon="-121.433768"/>
      <trkpt lat="46.981605" lon="-121.433687"/>
      <trkpt lat="46.981636" lon="-121.433652"/>
      <trkpt lat="46.981685" lon="-121.433650"/>
      <trkpt lat="46.981696" lon="-121.433607"/>
      <trkpt lat="46.981707" lon="-121.433537"/>
      <trkpt lat="46.981729" lon="-121.433465"/>
      <trkpt lat="46.981736" lon="-121.433390"/>
      <trkpt lat="46.981705" lon="-121.433330"/>
      <trkpt lat="46.981672" lon="-121.433247"/>
      <trkpt lat="46.981650" lon="-121.433140"/>
      <trkpt lat="46.981661" lon="-121.432979"/>
      <trkpt lat="46.981704" lon="-121.432735"/>
      <trkpt lat="46.981742" lon="-121.432571"/>
      <trkpt lat="46.981802" lon="-121.432386"/>
      <trkpt lat="46.981919" lon="-121.432148"/>
      <trkpt lat="46.981987" lon="-121.432035"/>
      <trkpt lat="46.982009" lon="-121.431971"/>
      <trkpt lat="46.982013" lon="-121.431895"/>
      <trkpt lat="46.982044" lon="-121.431802"/>
      <trkpt lat="46.982112" lon="-121.431748"/>
      <trkpt lat="46.982181" lon="-121.431641"/>
      <trkpt lat="46.982302" lon="-121.431469"/>
      <trkpt lat="46.982443" lon="-121.431340"/>
      <trkpt lat="46.982500" lon="-121.431300"/>
      <trkpt lat="46.982591" lon="-121.431276"/>
      <trkpt lat="46.982679" lon="-121.431230"/>
      <trkpt lat="46.982741" lon="-121.431166"/>
      <trkpt lat="46.982809" lon="-121.431059"/>
      <trkpt lat="46.982849" lon="-121.430978"/>
      <trkpt lat="46.982889" lon="-121.430930"/>
      <trkpt lat="46.982940" lon="-121.430925"/>
      <trkpt lat="46.983028" lon="-121.430967"/>
      <trkpt lat="46.983109" lon="-121.430973"/>
      <trkpt lat="46.983149" lon="-121.430949"/>
      <trkpt lat="46.983165" lon="-121.430887"/>
      <trkpt lat="46.983153" lon="-121.430807"/>
      <trkpt lat="46.983162" lon="-121.430694"/>
      <trkpt lat="46.983189" lon="-121.430544"/>
      <trkpt lat="46.983202" lon="-121.430434"/>
      <trkpt lat="46.983215" lon="-121.430262"/>
      <trkpt lat="46.983257" lon="-121.430149"/>
      <trkpt lat="46.983281" lon="-121.430007"/>
      <trkpt lat="46.983345" lon="-121.429836"/>
      <trkpt lat="46.983486" lon="-121.429570"/>
      <trkpt lat="46.983588" lon="-121.429423"/>
      <trkpt lat="46.983733" lon="-121.429378"/>
      <trkpt lat="46.983782" lon="-121.429355"/>
      <trkpt lat="46.983808" lon="-121.429323"/>
      <trkpt lat="46.983812" lon="-121.429270"/>
      <trkpt lat="46.983784" lon="-121.429114"/>
      <trkpt lat="46.983768" lon="-121.428948"/>
      <trkpt lat="46.983762" lon="-121.428822"/>
      <trkpt lat="46.983804" lon="-121.428677"/>
      <trkpt lat="46.983907" lon="-121.428497"/>
      <trkpt lat="46.984126" lon="-121.428312"/>
      <trkpt lat="46.984216" lon="-121.428197"/>
      <trkpt lat="46.984280" lon="-121.428103"/>
      <trkpt lat="46.984305" lon="-121.427934"/>
      <trkpt lat="46.984320" lon="-121.427894"/>
      <trkpt lat="46.984377" lon="-121.427843"/>
      <trkpt lat="46.984423" lon="-121.427789"/>
      <trkpt lat="46.984509" lon="-121.427660"/>
      <trkpt lat="46.984532" lon="-121.427596"/>
      <trkpt lat="46.984545" lon="-121.427532"/>
      <trkpt lat="46.984527" lon="-121.427403"/>
      <trkpt lat="46.984543" lon="-121.427317"/>
      <trkpt lat="46.984586" lon="-121.427226"/>
      <trkpt lat="46.984628" lon="-121.427025"/>
      <trkpt lat="46.984651" lon="-121.426823"/>
      <trkpt lat="46.984646" lon="-121.426684"/>
      <trkpt lat="46.984651" lon="-121.426552"/>
      <trkpt lat="46.984677" lon="-121.426459"/>
      <trkpt lat="46.984724" lon="-121.426365"/>
      <trkpt lat="46.984748" lon="-121.426271"/>
      <trkpt lat="46.984774" lon="-121.426089"/>
      <trkpt lat="46.984827" lon="-121.425842"/>
      <trkpt lat="46.984849" lon="-121.425694"/>
      <trkpt lat="46.984858" lon="-121.425506"/>
      <trkpt lat="46.984889" lon="-121.425303"/>
      <trkpt lat="46.984915" lon="-121.425177"/>
      <trkpt lat="46.984961" lon="-121.425053"/>
      <trkpt lat="46.985017" lon="-121.424973"/>
      <trkpt lat="46.985103" lon="-121.424932"/>
      <trkpt lat="46.985220" lon="-121.424946"/>
      <trkpt lat="46.985391" lon="-121.424930"/>
      <trkpt lat="46.985480" lon="-121.424844"/>
      <trkpt lat="46.985583" lon="-121.424793"/>
      <trkpt lat="46.985685" lon="-121.424688"/>
      <trkpt lat="46.985757" lon="-121.424608"/>
      <trkpt lat="46.985875" lon="-121.424460"/>
      <trkpt lat="46.985958" lon="-121.424345"/>
      <trkpt lat="46.985994" lon="-121.424235"/>
      <trkpt lat="46.986038" lon="-121.424138"/>
      <trkpt lat="46.986086" lon="-121.424109"/>
      <trkpt lat="46.986307" lon="-121.424117"/>
      <trkpt lat="46.986353" lon="-121.424082"/>
      <trkpt lat="46.986404" lon="-121.424031"/>
      <trkpt lat="46.986439" lon="-121.423953"/>
      <trkpt lat="46.986459" lon="-121.423846"/>
      <trkpt lat="46.986496" lon="-121.423750"/>
      <trkpt lat="46.986549" lon="-121.423642"/>
      <trkpt lat="46.986624" lon="-121.423557"/>
      <trkpt lat="46.986719" lon="-121.423492"/>
      <trkpt lat="46.986772" lon="-121.423441"/>
      <trkpt lat="46.986862" lon="-121.423339"/>
      <trkpt lat="46.986924" lon="-121.423245"/>
      <trkpt lat="46.987065" lon="-121.422897"/>
      <trkpt lat="46.987125" lon="-121.422698"/>
      <trkpt lat="46.987233" lon="-121.422460"/>
      <trkpt lat="46.987235" lon="-121.422368"/>
      <trkpt lat="46.987226" lon="-121.422266"/>
      <trkpt lat="46.987228" lon="-121.422154"/>
      <trkpt lat="46.987255" lon="-121.422046"/>
      <trkpt lat="46.987284" lon="-121.421875"/>
      <trkpt lat="46.987306" lon="-121.421566"/>
      <trkpt lat="46.987350" lon="-121.421478"/>
      <trkpt lat="46.987434" lon="-121.421421"/>
      <trkpt lat="46.987599" lon="-121.421266"/>
      <trkpt lat="46.987729" lon="-121.421172"/>
      <trkpt lat="46.987824" lon="-121.421065"/>
      <trkpt lat="46.987912" lon="-121.420947"/>
      <trkpt lat="46.988007" lon="-121.420770"/>
      <trkpt lat="46.988111" lon="-121.420676"/>
      <trkpt lat="46.988206" lon="-121.420625"/>
      <trkpt lat="46.988269" lon="-121.420579"/>
      <trkpt lat="46.988322" lon="-121.420520"/>
      <trkpt lat="46.988424" lon="-121.420228"/>
      <trkpt lat="46.988518" lon="-121.420064"/>
      <trkpt lat="46.988569" lon="-121.419935"/>
      <trkpt lat="46.988607" lon="-121.419852"/>
      <trkpt lat="46.988649" lon="-121.419801"/>
      <trkpt lat="46.988695" lon="-121.419791"/>
      <trkpt lat="46.988752" lon="-121.419795"/>
      <trkpt lat="46.988896" lon="-121.419826"/>
      <trkpt lat="46.988959" lon="-121.419844"/>
      <trkpt lat="46.989033" lon="-121.419831"/>
      <trkpt lat="46.989101" lon="-121.419742"/>
      <trkpt lat="46.989286" lon="-121.419552"/>
      <trkpt lat="46.989476" lon="-121.419276"/>
      <trkpt lat="46.989560" lon="-121.419201"/>
      <trkpt lat="46.989679" lon="-121.419209"/>
    </trkseg>
    <trkseg>
      <trkpt lat="46.916624" lon="-121.472361"/>
      <trkpt lat="46.916802" lon="-121.472272"/>
      <trkpt lat="46.917046" lon="-121.472112"/>
      <trkpt lat="46.917178" lon="-121.472091"/>
      <trkpt lat="46.917284" lon="-121.472043"/>
      <trkpt lat="46.917385" lon="-121.472021"/>
      <trkpt lat="46.917485" lon="-121.472008"/>
      <trkpt lat="46.917668" lon="-121.472024"/>
      <trkpt lat="46.917745" lon="-121.472011"/>
      <trkpt lat="46.917848" lon="-121.471976"/>
      <trkpt lat="46.918276" lon="-121.472045"/>
      <trkpt lat="46.918394" lon="-121.472017"/>
      <trkpt lat="46.918569" lon="-121.472025"/>
      <trkpt lat="46.918694" lon="-121.472016"/>
      <trkpt lat="46.918782" lon="-121.472016"/>
      <trkpt lat="46.918869" lon="-121.472059"/>
      <trkpt lat="46.919002" lon="-121.472021"/>
      <trkpt lat="46.919185" lon="-121.472064"/>
      <trkpt lat="46.919311" lon="-121.472071"/>
      <trkpt lat="46.919409" lon="-121.472027"/>
      <trkpt lat="46.919515" lon="-121.471989"/>
      <trkpt lat="46.919596" lon="-121.471968"/>
      <trkpt lat="46.919731" lon="-121.471968"/>
      <trkpt lat="46.919890" lon="-121.471938"/>
      <trkpt lat="46.920105" lon="-121.471973"/>
      <trkpt lat="46.920263" lon="-121.471946"/>
      <trkpt lat="46.920446" lon="-121.471957"/>
      <trkpt lat="46.920612" lon="-121.471976"/>
      <trkpt lat="46.921208" lon="-121.472169"/>
      <trkpt lat="46.921391" lon="-121.472169"/>
      <trkpt lat="46.921487" lon="-121.472128"/>
      <trkpt lat="46.921536" lon="-121.472094"/>
      <trkpt lat="46.921567" lon="-121.472005"/>
      <trkpt lat="46.921516" lon="-121.471968"/>
      <trkpt lat="46.921354" lon="-121.471941"/>
      <trkpt lat="46.921278" lon="-121.471887"/>
      <trkpt lat="46.921061" lon="-121.471759"/>
      <trkpt lat="46.920772" lon="-121.471619"/>
      <trkpt lat="46.920610" lon="-121.471523"/>
      <trkpt lat="46.920314" lon="-121.471362"/>
      <trkpt lat="46.920145" lon="-121.471205"/>
      <trkpt lat="46.919958" lon="-121.470981"/>
      <trkpt lat="46.919790" lon="-121.470750"/>
      <trkpt lat="46.919647" lon="-121.470498"/>
      <trkpt lat="46.919556" lon="-121.470315"/>
      <trkpt lat="46.919486" lon="-121.470117"/>
      <trkpt lat="46.919475" lon="-121.469951"/>
      <trkpt lat="46.919482" lon="-121.469806"/>
      <trkpt lat="46.919526" lon="-121.469666"/>
      <trkpt lat="46.919556" lon="-121.469554"/>
      <trkpt lat="46.919599" lon="-121.469114"/>
      <trkpt lat="46.919607" lon="-121.468980"/>
      <trkpt lat="46.919578" lon="-121.468862"/>
      <trkpt lat="46.919541" lon="-121.468771"/>
      <trkpt lat="46.919526" lon="-121.468525"/>
      <trkpt lat="46.919548" lon="-121.468395"/>
      <trkpt lat="46.919553" lon="-121.468269"/>
      <trkpt lat="46.919537" lon="-121.468124"/>
      <trkpt lat="46.919531" lon="-121.467951"/>
      <trkpt lat="46.919552" lon="-121.467805"/>
      <trkpt lat="46.919574" lon="-121.467521"/>
      <trkpt lat="46.919614" lon="-121.467370"/>
      <trkpt lat="46.919653" lon="-121.467187"/>
      <trkpt lat="46.919687" lon="-121.466929"/>
      <trkpt lat="46.919694" lon="-121.466713"/>
      <trkpt lat="46.919734" lon="-121.466630"/>
      <trkpt lat="46.919782" lon="-121.466566"/>
      <trkpt lat="46.919865" lon="-121.466481"/>
      <trkpt lat="46.919962" lon="-121.466405"/>
      <trkpt lat="46.920116" lon="-121.466357"/>
      <trkpt lat="46.920373" lon="-121.466233"/>
      <trkpt lat="46.920464" lon="-121.466196"/>
      <trkpt lat="46.920585" lon="-121.466158"/>
      <trkpt lat="46.920680" lon="-121.466137"/>
      <trkpt lat="46.920770" lon="-121.466052"/>
      <trkpt lat="46.920853" lon="-121.465986"/>
      <trkpt lat="46.920911" lon="-121.465890"/>
      <trkpt lat="46.920985" lon="-121.465692"/>
      <trkpt lat="46.921045" lon="-121.465448"/>
      <trkpt lat="46.921047" lon="-121.465369"/>
      <trkpt lat="46.921003" lon="-121.465267"/>
      <trkpt lat="46.920933" lon="-121.465219"/>
      <trkpt lat="46.920871" lon="-121.465139"/>
      <trkpt lat="46.920823" lon="-121.464935"/>
      <trkpt lat="46.920816" lon="-121.464785"/>
      <trkpt lat="46.920820" lon="-121.464618"/>
      <trkpt lat="46.920834" lon="-121.464436"/>
      <trkpt lat="46.920871" lon="-121.464286"/>
      <trkpt lat="46.920984" lon="-121.464071"/>
      <trkpt lat="46.921039" lon="-121.463926"/>
      <trkpt lat="46.921058" lon="-121.463755"/>
      <trkpt lat="46.921098" lon="-121.463530"/>
      <trkpt lat="46.921120" lon="-121.463374"/>
      <trkpt lat="46.921135" lon="-121.463192"/>
      <trkpt lat="46.921190" lon="-121.462741"/>
      <trkpt lat="46.921260" lon="-121.462223"/>
      <trkpt lat="46.921332" lon="-121.461845"/>
      <trkpt lat="46.921417" lon="-121.461630"/>
      <trkpt lat="46.921516" lon="-121.461416"/>
      <trkpt lat="46.921601" lon="-121.461167"/>
      <trkpt lat="46.921618" lon="-121.460810"/>
      <trkpt lat="46.921612" lon="-121.460670"/>
      <trkpt lat="46.921567" lon="-121.460128"/>
      <trkpt lat="46.921567" lon="-121.459790"/>
      <trkpt lat="46.921582" lon="-121.459576"/>
      <trkpt lat="46.921618" lon="-121.459351"/>
      <trkpt lat="46.921677" lon="-121.459061"/>
      <trkpt lat="46.921761" lon="-121.458712"/>
      <trkpt lat="46.921820" lon="-121.458503"/>
      <trkpt lat="46.921878" lon="-121.458240"/>
      <trkpt lat="46.921926" lon="-121.457956"/>
      <trkpt lat="46.921944" lon="-121.457725"/>
      <trkpt lat="46.921955" lon="-121.457484"/>
      <trkpt lat="46.921988" lon="-121.457285"/>
      <trkpt lat="46.922029" lon="-121.457087"/>
      <trkpt lat="46.922052" lon="-121.456920"/>
      <trkpt lat="46.922097" lon="-121.456667"/>
      <trkpt lat="46.922213" lon="-121.456285"/>
      <trkpt lat="46.922514" lon="-121.455625"/>
      <trkpt lat="46.922640" lon="-121.455327"/>
      <trkpt lat="46.922754" lon="-121.454967"/>
      <trkpt lat="46.922973" lon="-121.454159"/>
      <trkpt lat="46.923076" lon="-121.453760"/>
      <trkpt lat="46.923073" lon="-121.453542"/>
      <trkpt lat="46.923043" lon="-121.453397"/>
      <trkpt lat="46.923046" lon="-121.453333"/>
      <trkpt lat="46.923065" lon="-121.453309"/>
      <trkpt lat="46.923088" lon="-121.453305"/>
      <trkpt lat="46.923112" lon="-121.453338"/>
      <trkpt lat="46.923143" lon="-121.453405"/>
      <trkpt lat="46.923194" lon="-121.453596"/>
      <trkpt lat="46.923206" lon="-121.453616"/>
      <trkpt lat="46.923247" lon="-121.453869"/>
      <trkpt lat="46.923229" lon="-121.454216"/>
      <trkpt lat="46.923219" lon="-121.454952"/>
      <trkpt lat="46.923197" lon="-121.455244"/>
      <trkpt lat="46.923097" lon="-121.455931"/>
      <trkpt lat="46.923011" lon="-121.456478"/>
      <trkpt lat="46.922987" lon="-121.456811"/>
      <trkpt lat="46.922978" lon="-121.457014"/>
      <trkpt lat="46.922998" lon="-121.457218"/>
      <trkpt lat="46.923005" lon="-121.457371"/>
      <trkpt lat="46.923039" lon="-121.457562"/>
      <trkpt lat="46.923069" lon="-121.457591"/>
      <trkpt lat="46.923159" lon="-121.457602"/>
      <trkpt lat="46.923254" lon="-121.457590"/>
      <trkpt lat="46.923359" lon="-121.457590"/>
      <trkpt lat="46.923393" lon="-121.457529"/>
      <trkpt lat="46.923414" lon="-121.457470"/>
      <trkpt lat="46.923440" lon="-121.457411"/>
      <trkpt lat="46.923477" lon="-121.457369"/>
      <trkpt lat="46.923536" lon="-121.457312"/>
      <trkpt lat="46.923628" lon="-121.457261"/>
      <trkpt lat="46.923776" lon="-121.457232"/>
      <trkpt lat="46.923882" lon="-121.457194"/>
      <trkpt lat="46.923950" lon="-121.457183"/>
      <trkpt lat="46.924049" lon="-121.457205"/>
      <trkpt lat="46.924104" lon="-121.457197"/>
      <trkpt lat="46.924176" lon="-121.457154"/>
      <trkpt lat="46.924342" lon="-121.457149"/>
      <trkpt lat="46.924520" lon="-121.457173"/>
      <trkpt lat="46.924577" lon="-121.457165"/>
      <trkpt lat="46.924634" lon="-121.457154"/>
      <trkpt lat="46.924731" lon="-121.457122"/>
      <trkpt lat="46.924883" lon="-121.457031"/>
      <trkpt lat="46.924956" lon="-121.457014"/>
      <trkpt lat="46.925046" lon="-121.457014"/>
      <trkpt lat="46.925300" lon="-121.457049"/>
      <trkpt lat="46.925419" lon="-121.457017"/>
      <trkpt lat="46.925533" lon="-121.456920"/>
      <trkpt lat="46.925725" lon="-121.456853"/>
      <trkpt lat="46.925980" lon="-121.456864"/>
      <trkpt lat="46.926068" lon="-121.456878"/>
      <trkpt lat="46.926207" lon="-121.456923"/>
      <trkpt lat="46.926343" lon="-121.457014"/>
      <trkpt lat="46.926454" lon="-121.457076"/>
      <trkpt lat="46.926656" lon="-121.457135"/>
      <trkpt lat="46.926758" lon="-121.457140"/>
      <trkpt lat="46.926846" lon="-121.457124"/>
      <trkpt lat="46.926912" lon="-121.457098"/>
      <trkpt lat="46.926986" lon="-121.456981"/>
      <trkpt lat="46.927021" lon="-121.456936"/>
      <trkpt lat="46.927101" lon="-121.456931"/>
      <trkpt lat="46.927180" lon="-121.456955"/>
      <trkpt lat="46.927255" lon="-121.457005"/>
      <trkpt lat="46.927338" lon="-121.457151"/>
      <trkpt lat="46.927378" lon="-121.457277"/>
      <trkpt lat="46.927465" lon="-121.457516"/>
      <trkpt lat="46.927528" lon="-121.457645"/>
      <trkpt lat="46.927605" lon="-121.457784"/>
      <trkpt lat="46.927718" lon="-121.457945"/>
      <trkpt lat="46.927797" lon="-121.458042"/>
      <trkpt lat="46.927854" lon="-121.458103"/>
      <trkpt lat="46.928044" lon="-121.458203"/>
      <trkpt lat="46.928127" lon="-121.458237"/>
      <trkpt lat="46.928217" lon="-121.458243"/>
      <trkpt lat="46.928279" lon="-121.458235"/>
      <trkpt lat="46.928334" lon="-121.458186"/>
      <trkpt lat="46.928381" lon="-121.458119"/>
      <trkpt lat="46.928431" lon="-121.458093"/>
      <trkpt lat="46.928451" lon="-121.458091"/>
      <trkpt lat="46.928467" lon="-121.458099"/>
      <trkpt lat="46.928566" lon="-121.458224"/>
      <trkpt lat="46.928629" lon="-121.458259"/>
      <trkpt lat="46.928704" lon="-121.458266"/>
      <trkpt lat="46.928841" lon="-121.458271"/>
      <trkpt lat="46.929075" lon="-121.458280"/>
      <trkpt lat="46.929180" lon="-121.458307"/>
      <trkpt lat="46.929343" lon="-121.458390"/>
      <trkpt lat="46.929408" lon="-121.458412"/>
      <trkpt lat="46.929457" lon="-121.458415"/>
      <trkpt lat="46.929490" lon="-121.458396"/>
      <trkpt lat="46.929515" lon="-121.458364"/>
      <trkpt lat="46.929526" lon="-121.458291"/>
      <trkpt lat="46.929537" lon="-121.458020"/>
      <trkpt lat="46.929574" lon="-121.457918"/>
      <trkpt lat="46.929601" lon="-121.457822"/>
      <trkpt lat="46.929603" lon="-121.457728"/>
      <trkpt lat="46.929598" lon="-121.457618"/>
      <trkpt lat="46.929739" lon="-121.457202"/>
      <trkpt lat="46.929898" lon="-121.456963"/>
      <trkpt lat="46.929979" lon="-121.456851"/>
      <trkpt lat="46.930078" lon="-121.456730"/>
      <trkpt lat="46.930158" lon="-121.456666"/>
      <trkpt lat="46.930228" lon="-121.456647"/>
      <trkpt lat="46.930368" lon="-121.456560"/>
      <trkpt lat="46.930418" lon="-121.456470"/>
      <trkpt lat="46.930462" lon="-121.456360"/>
      <trkpt lat="46.930470" lon="-121.456245"/>
      <trkpt lat="46.930466" lon="-121.456175"/>
      <trkpt lat="46.930437" lon="-121.456076"/>
      <trkpt lat="46.930233" lon="-121.455738"/>
      <trkpt lat="46.930081" lon="-121.455467"/>
      <trkpt lat="46.930035" lon="-121.455287"/>
      <trkpt lat="46.929988" lon="-121.455174"/>
      <trkpt lat="46.929946" lon="-121.455062"/>
      <trkpt lat="46.929918" lon="-121.454920"/>
      <trkpt lat="46.929916" lon="-121.454785"/>
      <trkpt lat="46.929920" lon="-121.454667"/>
      <trkpt lat="46.929942" lon="-121.454549"/>
      <trkpt lat="46.929966" lon="-121.454461"/>
      <trkpt lat="46.930003" lon="-121.454364"/>
      <trkpt lat="46.930059" lon="-121.454284"/>
      <trkpt lat="46.930158" lon="-121.454174"/>
      <trkpt lat="46.930286" lon="-121.454067"/>
      <trkpt lat="46.930508" lon="-121.453941"/>
      <trkpt lat="46.930594" lon="-121.453882"/>
      <trkpt lat="46.930788" lon="-121.453782"/>
      <trkpt lat="46.930867" lon="-121.453710"/>
      <trkpt lat="46.930953" lon="-121.453589"/>
      <trkpt lat="46.931087" lon="-121.453299"/>
      <trkpt lat="46.931127" lon="-121.453195"/>
      <trkpt lat="46.931169" lon="-121.453109"/>
      <trkpt lat="46.931285" lon="-121.452937"/>
      <trkpt lat="46.931378" lon="-121.452811"/>
      <trkpt lat="46.931442" lon="-121.452691"/>
      <trkpt lat="46.931503" lon="-121.452511"/>
      <trkpt lat="46.931541" lon="-121.452331"/>
      <trkpt lat="46.931601" lon="-121.452154"/>
      <trkpt lat="46.931689" lon="-121.452028"/>
      <trkpt lat="46.931783" lon="-121.451926"/>
      <trkpt lat="46.931869" lon="-121.451857"/>
      <trkpt lat="46.932070" lon="-121.451610"/>
      <trkpt lat="46.932442" lon="-121.451183"/>
      <trkpt lat="46.932548" lon="-121.451054"/>
      <trkpt lat="46.932614" lon="-121.450953"/>
      <trkpt lat="46.932657" lon="-121.450918"/>
      <trkpt lat="46.932717" lon="-121.450920"/>
      <trkpt lat="46.932786" lon="-121.450912"/>
      <trkpt lat="46.932860" lon="-121.450896"/>
      <trkpt lat="46.932951" lon="-121.450835"/>
      <trkpt lat="46.933036" lon="-121.450767"/>
      <trkpt lat="46.933120" lon="-121.450730"/>
      <trkpt lat="46.933215" lon="-121.450725"/>
      <trkpt lat="46.933450" lon="-121.450676"/>
      <trkpt lat="46.933710" lon="-121.450598"/>
      <trkpt lat="46.933949" lon="-121.450566"/>
      <trkpt lat="46.934048" lon="-121.450569"/>
      <trkpt lat="46.934131" lon="-121.450601"/>
      <trkpt lat="46.934444" lon="-121.450719"/>
      <trkpt lat="46.934574" lon="-121.450743"/>
      <trkpt lat="46.934691" lon="-121.450786"/>
      <trkpt lat="46.935124" lon="-121.451052"/>
      <trkpt lat="46.935354" lon="-121.451258"/>
      <trkpt lat="46.935486" lon="-121.451406"/>
      <trkpt lat="46.935565" lon="-121.451540"/>
      <trkpt lat="46.935649" lon="-121.451647"/>
      <trkpt lat="46.935852" lon="-121.451808"/>
      <trkpt lat="46.936008" lon="-121.451945"/>
      <trkpt lat="46.936219" lon="-121.452076"/>
      <trkpt lat="46.936486" lon="-121.452197"/>
      <trkpt lat="46.936636" lon="-121.452361"/>
      <trkpt lat="46.936792" lon="-121.452522"/>
      <trkpt lat="46.936911" lon="-121.452613"/>
      <trkpt lat="46.937384" lon="-121.452921"/>
      <trkpt lat="46.937775" lon="-121.453149"/>
      <trkpt lat="46.938171" lon="-121.453361"/>
      <trkpt lat="46.938429" lon="-121.453511"/>
      <trkpt lat="46.938536" lon="-121.453587"/>
      <trkpt lat="46.938627" lon="-121.453672"/>
      <trkpt lat="46.938676" lon="-121.453731"/>
      <trkpt lat="46.938880" lon="-121.453801"/>
      <trkpt lat="46.939136" lon="-121.453941"/>
      <trkpt lat="46.939420" lon="-121.454104"/>
      <trkpt lat="46.939953" lon="-121.454378"/>
      <trkpt lat="46.940442" lon="-121.454611"/>
      <trkpt lat="46.940702" lon="-121.454705"/>
      <trkpt lat="46.940841" lon="-121.454785"/>
      <trkpt lat="46.940889" lon="-121.454844"/>
      <trkpt lat="46.940922" lon="-121.454901"/>
      <trkpt lat="46.940950" lon="-121.454995"/>
      <trkpt lat="46.940982" lon="-121.455064"/>
      <trkpt lat="46.941054" lon="-121.455142"/>
      <trkpt lat="46.941080" lon="-121.455152"/>
      <trkpt lat="46.941087" lon="-121.455184"/>
      <trkpt lat="46.941082" lon="-121.455221"/>
      <trkpt lat="46.941094" lon="-121.455259"/>
      <trkpt lat="46.941158" lon="-121.455279"/>
      <trkpt lat="46.941185" lon="-121.455280"/>
      <trkpt lat="46.941208" lon="-121.455294"/>
      <trkpt lat="46.941217" lon="-121.455313"/>
      <trkpt lat="46.941217" lon="-121.455358"/>
      <trkpt lat="46.941224" lon="-121.455397"/>
      <trkpt lat="46.941245" lon="-121.455414"/>
      <trkpt lat="46.941271" lon="-121.455418"/>
      <trkpt lat="46.941299" lon="-121.455447"/>
      <trkpt lat="46.941325" lon="-121.455498"/>
      <trkpt lat="46.941342" lon="-121.455522"/>
      <trkpt lat="46.941367" lon="-121.455535"/>
      <trkpt lat="46.941414" lon="-121.455542"/>
      <trkpt lat="46.941488" lon="-121.455535"/>
      <trkpt lat="46.941556" lon="-121.455538"/>
      <trkpt lat="46.941615" lon="-121.455561"/>
      <trkpt lat="46.941667" lon="-121.455597"/>
      <trkpt lat="46.941738" lon="-121.455727"/>
      <trkpt lat="46.941763" lon="-121.455751"/>
      <trkpt lat="46.941819" lon="-121.455767"/>
      <trkpt lat="46.941852" lon="-121.455809"/>
      <trkpt lat="46.941895" lon="-121.455841"/>
      <trkpt lat="46.941959" lon="-121.455877"/>
      <trkpt lat="46.942089" lon="-121.455921"/>
      <trkpt lat="46.942292" lon="-121.455974"/>
      <trkpt lat="46.942623" lon="-121.455980"/>
      <trkpt lat="46.942803" lon="-121.455956"/>
      <trkpt lat="46.942880" lon="-121.455911"/>
      <trkpt lat="46.942932" lon="-121.455842"/>
      <trkpt lat="46.942998" lon="-121.455787"/>
      <trkpt lat="46.943124" lon="-121.455704"/>
      <trkpt lat="46.943191" lon="-121.455638"/>
      <trkpt lat="46.943393" lon="-121.455343"/>
      <trkpt lat="46.943484" lon="-121.455260"/>
      <trkpt lat="46.943594" lon="-121.455188"/>
      <trkpt lat="46.943667" lon="-121.455131"/>
      <trkpt lat="46.943712" lon="-121.455077"/>
      <trkpt lat="46.943795" lon="-121.454999"/>
      <trkpt lat="46.943886" lon="-121.454932"/>
      <trkpt lat="46.943950" lon="-121.454869"/>
      <trkpt lat="46.943981" lon="-121.454847"/>
      <trkpt lat="46.944066" lon="-121.454811"/>
      <trkpt lat="46.944149" lon="-121.454765"/>
      <trkpt lat="46.944265" lon="-121.454728"/>
      <trkpt lat="46.944388" lon="-121.454677"/>
      <trkpt lat="46.944514" lon="-121.454635"/>
      <trkpt lat="46.944562" lon="-121.454608"/>
      <trkpt lat="46.944639" lon="-121.454548"/>
      <trkpt lat="46.944688" lon="-121.454497"/>
      <trkpt lat="46.944763" lon="-121.454356"/>
      <trkpt lat="46.944799" lon="-121.454297"/>
      <trkpt lat="46.944891" lon="-121.454197"/>
      <trkpt lat="46.944918" lon="-121.454142"/>
      <trkpt lat="46.944981" lon="-121.453965"/>
      <trkpt lat="46.945027" lon="-121.453892"/>
      <trkpt lat="46.945296" lon="-121.453624"/>
      <trkpt lat="46.945562" lon="-121.453440"/>
      <trkpt lat="46.945741" lon="-121.453379"/>
      <trkpt lat="46.946025" lon="-121.453253"/>
      <trkpt lat="46.946149" lon="-121.453216"/>
      <trkpt lat="46.946368" lon="-121.453103"/>
      <trkpt lat="46.946433" lon="-121.453089"/>
      <trkpt lat="46.946488" lon="-121.453098"/>
      <trkpt lat="46.946601" lon="-121.453140"/>
      <trkpt lat="46.946687" lon="-121.453152"/>
      <trkpt lat="46.946768" lon="-121.453137"/>
      <trkpt lat="46.946870" lon="-121.453101"/>
      <trkpt lat="46.946987" lon="-121.453076"/>
      <trkpt lat="46.947242" lon="-121.453055"/>
      <trkpt lat="46.947571" lon="-121.453053"/>
      <trkpt lat="46.947849" lon="-121.452962"/>
      <trkpt lat="46.948080" lon="-121.452935"/>
      <trkpt lat="46.948208" lon="-121.452967"/>
      <trkpt lat="46.948303" lon="-121.452945"/>
      <trkpt lat="46.948440" lon="-121.452929"/>
      <trkpt lat="46.948526" lon="-121.452943"/>
      <trkpt lat="46.948631" lon="-121.452908"/>
      <trkpt lat="46.948774" lon="-121.452817"/>
      <trkpt lat="46.948858" lon="-121.452817"/>
      <trkpt lat="46.948928" lon="-121.452788"/>
      <trkpt lat="46.949001" lon="-121.452718"/>
      <trkpt lat="46.949078" lon="-121.452661"/>
      <trkpt lat="46.949167" lon="-121.452648"/>
      <trkpt lat="46.949308" lon="-121.452640"/>
      <trkpt lat="46.949446" lon="-121.452656"/>
      <trkpt lat="46.949486" lon="-121.452637"/>
      <trkpt lat="46.949603" lon="-121.452565"/>
      <trkpt lat="46.949739" lon="-121.452573"/>
      <trkpt lat="46.949838" lon="-121.452605"/>
      <trkpt lat="46.949967" lon="-121.452709"/>
      <trkpt lat="46.950110" lon="-121.452865"/>
      <trkpt lat="46.950211" lon="-121.452999"/>
      <trkpt lat="46.950271" lon="-121.453055"/>
      <trkpt lat="46.950339" lon="-121.453080"/>
      <trkpt lat="46.950385" lon="-121.453055"/>
      <trkpt lat="46.950445" lon="-121.453058"/>
      <trkpt lat="46.950584" lon="-121.453120"/>
      <trkpt lat="46.950676" lon="-121.453292"/>
      <trkpt lat="46.950757" lon="-121.453375"/>
      <trkpt lat="46.950834" lon="-121.453442"/>
      <trkpt lat="46.950910" lon="-121.453482"/>
      <trkpt lat="46.950984" lon="-121.453495"/>
      <trkpt lat="46.951079" lon="-121.453487"/>
      <trkpt lat="46.951161" lon="-121.453503"/>
      <trkpt lat="46.951244" lon="-121.453565"/>
      <trkpt lat="46.951403" lon="-121.453632"/>
      <trkpt lat="46.951462" lon="-121.453651"/>
      <trkpt lat="46.951520" lon="-121.453624"/>
      <trkpt lat="46.951553" lon="-121.453565"/>
      <trkpt lat="46.951610" lon="-121.453396"/>
      <trkpt lat="46.951619" lon="-121.453235"/>
      <trkpt lat="46.951639" lon="-121.453100"/>
    </trkseg>
    <trkseg>
      <trkpt lat="46.894167" lon="-121.501522"/>
      <trkpt lat="46.894362" lon="-121.501448"/>
      <trkpt lat="46.894489" lon="-121.501413"/>
      <trkpt lat="46.894594" lon="-121.501378"/>
      <trkpt lat="46.894696" lon="-121.501343"/>
      <trkpt lat="46.894871" lon="-121.501228"/>
      <trkpt lat="46.895082" lon="-121.501220"/>
      <trkpt lat="46.895131" lon="-121.501201"/>
      <trkpt lat="46.895185" lon="-121.501168"/>
      <trkpt lat="46.895313" lon="-121.501000"/>
      <trkpt lat="46.895388" lon="-121.500874"/>
      <trkpt lat="46.895499" lon="-121.500667"/>
      <trkpt lat="46.895532" lon="-121.500614"/>
      <trkpt lat="46.895642" lon="-121.500504"/>
      <trkpt lat="46.895680" lon="-121.500450"/>
      <trkpt lat="46.895723" lon="-121.500333"/>
      <trkpt lat="46.895732" lon="-121.500075"/>
      <trkpt lat="46.895750" lon="-121.500021"/>
      <trkpt lat="46.895888" lon="-121.499892"/>
      <trkpt lat="46.895985" lon="-121.499750"/>
      <trkpt lat="46.896031" lon="-121.499664"/>
      <trkpt lat="46.896051" lon="-121.499581"/>
      <trkpt lat="46.896049" lon="-121.499476"/>
      <trkpt lat="46.896029" lon="-121.499377"/>
      <trkpt lat="46.895974" lon="-121.499240"/>
      <trkpt lat="46.895939" lon="-121.499203"/>
      <trkpt lat="46.895881" lon="-121.499176"/>
      <trkpt lat="46.895815" lon="-121.499173"/>
      <trkpt lat="46.895663" lon="-121.499189"/>
      <trkpt lat="46.895620" lon="-121.499187"/>
      <trkpt lat="46.895582" lon="-121.499179"/>
      <trkpt lat="46.895543" lon="-121.499144"/>
      <trkpt lat="46.895494" lon="-121.499063"/>
      <trkpt lat="46.895450" lon="-121.498963"/>
      <trkpt lat="46.895433" lon="-121.498862"/>
      <trkpt lat="46.895421" lon="-121.498728"/>
      <trkpt lat="46.895433" lon="-121.498642"/>
      <trkpt lat="46.895452" lon="-121.498607"/>
      <trkpt lat="46.895481" lon="-121.498583"/>
      <trkpt lat="46.895525" lon="-121.498575"/>
      <trkpt lat="46.895663" lon="-121.498621"/>
      <trkpt lat="46.895716" lon="-121.498629"/>
      <trkpt lat="46.895762" lon="-121.498610"/>
      <trkpt lat="46.895811" lon="-121.498562"/>
      <trkpt lat="46.895835" lon="-121.498516"/>
      <trkpt lat="46.895840" lon="-121.498476"/>
      <trkpt lat="46.895842" lon="-121.498409"/>
      <trkpt lat="46.895860" lon="-121.498339"/>
      <trkpt lat="46.895895" lon="-121.498272"/>
      <trkpt lat="46.895930" lon="-121.498229"/>
      <trkpt lat="46.896031" lon="-121.498189"/>
      <trkpt lat="46.896381" lon="-121.498229"/>
      <trkpt lat="46.896546" lon="-121.498235"/>
      <trkpt lat="46.896685" lon="-121.498272"/>
      <trkpt lat="46.896755" lon="-121.498247"/>
      <trkpt lat="46.896788" lon="-121.498251"/>
      <trkpt lat="46.896832" lon="-121.498323"/>
      <trkpt lat="46.896950" lon="-121.498435"/>
      <trkpt lat="46.897063" lon="-121.498512"/>
      <trkpt lat="46.897110" lon="-121.498530"/>
      <trkpt lat="46.897299" lon="-121.498535"/>
      <trkpt lat="46.897355" lon="-121.498571"/>
      <trkpt lat="46.897390" lon="-121.498646"/>
      <trkpt lat="46.897483" lon="-121.498747"/>
      <trkpt lat="46.897517" lon="-121.498790"/>
      <trkpt lat="46.897593" lon="-121.498838"/>
      <trkpt lat="46.897655" lon="-121.498850"/>
      <trkpt lat="46.897655" lon="-121.498892"/>
      <trkpt lat="46.897633" lon="-121.498956"/>
      <trkpt lat="46.897596" lon="-121.499106"/>
      <trkpt lat="46.897591" lon="-121.499219"/>
      <trkpt lat="46.897594" lon="-121.499364"/>
      <trkpt lat="46.897606" lon="-121.499480"/>
      <trkpt lat="46.897649" lon="-121.499476"/>
      <trkpt lat="46.897702" lon="-121.499399"/>
      <trkpt lat="46.897759" lon="-121.499350"/>
      <trkpt lat="46.897819" lon="-121.499316"/>
      <trkpt lat="46.898069" lon="-121.499264"/>
      <trkpt lat="46.898222" lon="-121.499272"/>
      <trkpt lat="46.898267" lon="-121.499313"/>
      <trkpt lat="46.898322" lon="-121.499330"/>
      <trkpt lat="46.898381" lon="-121.499285"/>
      <trkpt lat="46.898398" lon="-121.499109"/>
      <trkpt lat="46.898373" lon="-121.499002"/>
      <trkpt lat="46.898379" lon="-121.498902"/>
      <trkpt lat="46.898409" lon="-121.498821"/>
      <trkpt lat="46.898470" lon="-121.498768"/>
      <trkpt lat="46.898492" lon="-121.498741"/>
      <trkpt lat="46.898491" lon="-121.498685"/>
      <trkpt lat="46.898474" lon="-121.498599"/>
      <trkpt lat="46.898456" lon="-121.498467"/>
      <trkpt lat="46.898368" lon="-121.498272"/>
      <trkpt lat="46.898087" lon="-121.498025"/>
      <trkpt lat="46.897895" lon="-121.497690"/>
      <trkpt lat="46.897778" lon="-121.497513"/>
      <trkpt lat="46.897778" lon="-121.497457"/>
      <trkpt lat="46.897807" lon="-121.497333"/>
      <trkpt lat="46.897820" lon="-121.497256"/>
      <trkpt lat="46.897898" lon="-121.497161"/>
      <trkpt lat="46.897987" lon="-121.497178"/>
      <trkpt lat="46.898047" lon="-121.497167"/>
      <trkpt lat="46.898109" lon="-121.497135"/>
      <trkpt lat="46.898285" lon="-121.497006"/>
      <trkpt lat="46.898329" lon="-121.496993"/>
      <trkpt lat="46.898384" lon="-121.496995"/>
      <trkpt lat="46.898419" lon="-121.497046"/>
      <trkpt lat="46.898476" lon="-121.497084"/>
      <trkpt lat="46.898529" lon="-121.497089"/>
      <trkpt lat="46.898566" lon="-121.497076"/>
      <trkpt lat="46.898588" lon="-121.497046"/>
      <trkpt lat="46.898599" lon="-121.496985"/>
      <trkpt lat="46.898580" lon="-121.496816"/>
      <trkpt lat="46.898551" lon="-121.496741"/>
      <trkpt lat="46.898514" lon="-121.496692"/>
      <trkpt lat="46.898496" lon="-121.496657"/>
      <trkpt lat="46.898503" lon="-121.496617"/>
      <trkpt lat="46.898549" lon="-121.496523"/>
      <trkpt lat="46.898623" lon="-121.496389"/>
      <trkpt lat="46.898712" lon="-121.496268"/>
      <trkpt lat="46.898730" lon="-121.496224"/>
      <trkpt lat="46.898710" lon="-121.496038"/>
      <trkpt lat="46.898674" lon="-121.495872"/>
      <trkpt lat="46.898634" lon="-121.495745"/>
      <trkpt lat="46.898627" lon="-121.495690"/>
      <trkpt lat="46.898639" lon="-121.495687"/>
      <trkpt lat="46.898743" lon="-121.495880"/>
      <trkpt lat="46.898815" lon="-121.495984"/>
      <trkpt lat="46.898924" lon="-121.496088"/>
      <trkpt lat="46.899055" lon="-121.496291"/>
      <trkpt lat="46.899132" lon="-121.496427"/>
      <trkpt lat="46.899253" lon="-121.496596"/>
      <trkpt lat="46.899348" lon="-121.496718"/>
      <trkpt lat="46.899444" lon="-121.496806"/>
      <trkpt lat="46.899539" lon="-121.496918"/>
      <trkpt lat="46.899621" lon="-121.497151"/>
      <trkpt lat="46.899631" lon="-121.497236"/>
      <trkpt lat="46.899687" lon="-121.497388"/>
      <trkpt lat="46.899726" lon="-121.497626"/>
      <trkpt lat="46.899760" lon="-121.497805"/>
      <trkpt lat="46.899788" lon="-121.497872"/>
      <trkpt lat="46.899856" lon="-121.497987"/>
      <trkpt lat="46.899917" lon="-121.498167"/>
      <trkpt lat="46.899997" lon="-121.498278"/>
      <trkpt lat="46.900031" lon="-121.498399"/>
      <trkpt lat="46.900079" lon="-121.498505"/>
      <trkpt lat="46.900107" lon="-121.498575"/>
      <trkpt lat="46.900177" lon="-121.498819"/>
      <trkpt lat="46.900180" lon="-121.498884"/>
      <trkpt lat="46.900219" lon="-121.498953"/>
      <trkpt lat="46.900263" lon="-121.499076"/>
      <trkpt lat="46.900339" lon="-121.499191"/>
      <trkpt lat="46.900409" lon="-121.499348"/>
      <trkpt lat="46.900543" lon="-121.499559"/>
      <trkpt lat="46.900649" lon="-121.499693"/>
      <trkpt lat="46.900714" lon="-121.499787"/>
      <trkpt lat="46.900896" lon="-121.499936"/>
      <trkpt lat="46.901001" lon="-121.500058"/>
      <trkpt lat="46.901065" lon="-121.500201"/>
      <trkpt lat="46.901108" lon="-121.500388"/>
      <trkpt lat="46.901130" lon="-121.500391"/>
      <trkpt lat="46.901143" lon="-121.500287"/>
      <trkpt lat="46.901148" lon="-121.500213"/>
      <trkpt lat="46.901158" lon="-121.500183"/>
      <trkpt lat="46.901175" lon="-121.500176"/>
      <trkpt lat="46.901193" lon="-121.500163"/>
      <trkpt lat="46.901217" lon="-121.500162"/>
      <trkpt lat="46.901267" lon="-121.500209"/>
      <trkpt lat="46.901314" lon="-121.500287"/>
      <trkpt lat="46.901346" lon="-121.500351"/>
      <trkpt lat="46.901425" lon="-121.500447"/>
      <trkpt lat="46.901491" lon="-121.500491"/>
      <trkpt lat="46.901577" lon="-121.500520"/>
      <trkpt lat="46.901646" lon="-121.500517"/>
      <trkpt lat="46.901825" lon="-121.500485"/>
      <trkpt lat="46.901981" lon="-121.500497"/>
      <trkpt lat="46.902187" lon="-121.500522"/>
      <trkpt lat="46.902317" lon="-121.500523"/>
      <trkpt lat="46.902425" lon="-121.500565"/>
      <trkpt lat="46.902493" lon="-121.500603"/>
      <trkpt lat="46.902510" lon="-121.500591"/>
      <trkpt lat="46.902364" lon="-121.500409"/>
      <trkpt lat="46.902282" lon="-121.500372"/>
      <trkpt lat="46.902181" lon="-121.500290"/>
      <trkpt lat="46.902053" lon="-121.500147"/>
      <trkpt lat="46.902013" lon="-121.500101"/>
      <trkpt lat="46.901980" lon="-121.500050"/>
      <trkpt lat="46.901938" lon="-121.500005"/>
      <trkpt lat="46.901920" lon="-121.499958"/>
      <trkpt lat="46.901925" lon="-121.499932"/>
      <trkpt lat="46.902233" lon="-121.500037"/>
      <trkpt lat="46.902385" lon="-121.500053"/>
      <trkpt lat="46.902532" lon="-121.500093"/>
      <trkpt lat="46.902608" lon="-121.500125"/>
      <trkpt lat="46.902706" lon="-121.500136"/>
      <trkpt lat="46.902768" lon="-121.500158"/>
      <trkpt lat="46.902810" lon="-121.500160"/>
      <trkpt lat="46.902850" lon="-121.500147"/>
      <trkpt lat="46.902885" lon="-121.500118"/>
      <trkpt lat="46.902926" lon="-121.500104"/>
      <trkpt lat="46.902995" lon="-121.500115"/>
      <trkpt lat="46.903069" lon="-121.500109"/>
      <trkpt lat="46.903116" lon="-121.500093"/>
      <trkpt lat="46.903151" lon="-121.500069"/>
      <trkpt lat="46.903189" lon="-121.499949"/>
      <trkpt lat="46.903202" lon="-121.499879"/>
      <trkpt lat="46.903230" lon="-121.499796"/>
      <trkpt lat="46.903334" lon="-121.499600"/>
      <trkpt lat="46.903351" lon="-121.499522"/>
      <trkpt lat="46.903352" lon="-121.499442"/>
      <trkpt lat="46.903365" lon="-121.499380"/>
      <trkpt lat="46.903391" lon="-121.499337"/>
      <trkpt lat="46.903514" lon="-121.499238"/>
      <trkpt lat="46.903560" lon="-121.499184"/>
      <trkpt lat="46.903596" lon="-121.499117"/>
      <trkpt lat="46.903644" lon="-121.498980"/>
      <trkpt lat="46.903690" lon="-121.498884"/>
      <trkpt lat="46.903737" lon="-121.498760"/>
      <trkpt lat="46.903789" lon="-121.498680"/>
      <trkpt lat="46.903921" lon="-121.498500"/>
      <trkpt lat="46.904064" lon="-121.498350"/>
      <trkpt lat="46.904104" lon="-121.498320"/>
      <trkpt lat="46.904137" lon="-121.498318"/>
      <trkpt lat="46.904173" lon="-121.498299"/>
      <trkpt lat="46.904216" lon="-121.498267"/>
      <trkpt lat="46.904263" lon="-121.498192"/>
      <trkpt lat="46.904291" lon="-121.498127"/>
      <trkpt lat="46.904337" lon="-121.497982"/>
      <trkpt lat="46.904360" lon="-121.497966"/>
      <trkpt lat="46.904425" lon="-121.497878"/>
      <trkpt lat="46.904480" lon="-121.497830"/>
      <trkpt lat="46.904534" lon="-121.497800"/>
      <trkpt lat="46.904590" lon="-121.497792"/>
      <trkpt lat="46.904791" lon="-121.497835"/>
      <trkpt lat="46.904883" lon="-121.497830"/>
      <trkpt lat="46.904927" lon="-121.497795"/>
      <trkpt lat="46.904987" lon="-121.497728"/>
      <trkpt lat="46.905028" lon="-121.497717"/>
      <trkpt lat="46.905110" lon="-121.497728"/>
      <trkpt lat="46.905213" lon="-121.497722"/>
      <trkpt lat="46.905302" lon="-121.497671"/>
      <trkpt lat="46.905344" lon="-121.497655"/>
      <trkpt lat="46.905456" lon="-121.497650"/>
      <trkpt lat="46.905555" lon="-121.497626"/>
      <trkpt lat="46.905676" lon="-121.497585"/>
      <trkpt lat="46.905713" lon="-121.497553"/>
      <trkpt lat="46.905749" lon="-121.497505"/>
      <trkpt lat="46.905784" lon="-121.497435"/>
      <trkpt lat="46.905839" lon="-121.497298"/>
      <trkpt lat="46.905848" lon="-121.497250"/>
      <trkpt lat="46.905847" lon="-121.497197"/>
      <trkpt lat="46.905863" lon="-121.497124"/>
      <trkpt lat="46.905874" lon="-121.497052"/>
      <trkpt lat="46.905876" lon="-121.496984"/>
      <trkpt lat="46.905863" lon="-121.496805"/>
      <trkpt lat="46.905850" lon="-121.496741"/>
      <trkpt lat="46.905848" lon="-121.496695"/>
      <trkpt lat="46.905900" lon="-121.496636"/>
      <trkpt lat="46.905940" lon="-121.496580"/>
      <trkpt lat="46.905982" lon="-121.496456"/>
      <trkpt lat="46.906037" lon="-121.496346"/>
      <trkpt lat="46.906092" lon="-121.496309"/>
      <trkpt lat="46.906150" lon="-121.496284"/>
      <trkpt lat="46.906316" lon="-121.496108"/>
      <trkpt lat="46.906365" lon="-121.496038"/>
      <trkpt lat="46.906464" lon="-121.495928"/>
      <trkpt lat="46.906541" lon="-121.495826"/>
      <trkpt lat="46.906704" lon="-121.495692"/>
      <trkpt lat="46.906803" lon="-121.495569"/>
      <trkpt lat="46.906867" lon="-121.495434"/>
      <trkpt lat="46.906911" lon="-121.495367"/>
      <trkpt lat="46.907041" lon="-121.495225"/>
      <trkpt lat="46.907133" lon="-121.495153"/>
      <trkpt lat="46.907270" lon="-121.495002"/>
      <trkpt lat="46.907333" lon="-121.494914"/>
      <trkpt lat="46.907384" lon="-121.494815"/>
      <trkpt lat="46.907444" lon="-121.494726"/>
      <trkpt lat="46.907512" lon="-121.494648"/>
      <trkpt lat="46.907679" lon="-121.494498"/>
      <trkpt lat="46.907754" lon="-121.494375"/>
      <trkpt lat="46.907815" lon="-121.494252"/>
      <trkpt lat="46.907939" lon="-121.493956"/>
      <trkpt lat="46.908005" lon="-121.493833"/>
      <trkpt lat="46.908104" lon="-121.493661"/>
      <trkpt lat="46.908170" lon="-121.493519"/>
      <trkpt lat="46.908350" lon="-121.493020"/>
      <trkpt lat="46.908384" lon="-121.492884"/>
      <trkpt lat="46.908456" lon="-121.492556"/>
      <trkpt lat="46.908499" lon="-121.492284"/>
      <trkpt lat="46.908597" lon="-121.491730"/>
      <trkpt lat="46.908603" lon="-121.491497"/>
      <trkpt lat="46.908612" lon="-121.491403"/>
      <trkpt lat="46.908632" lon="-121.491317"/>
      <trkpt lat="46.908711" lon="-121.490885"/>
      <trkpt lat="46.908766" lon="-121.490751"/>
      <trkpt lat="46.908780" lon="-121.490695"/>
      <trkpt lat="46.908804" lon="-121.490298"/>
      <trkpt lat="46.908810" lon="-121.490124"/>
      <trkpt lat="46.908822" lon="-121.489973"/>
      <trkpt lat="46.908901" lon="-121.489560"/>
      <trkpt lat="46.908920" lon="-121.489397"/>
      <trkpt lat="46.908923" lon="-121.489195"/>
      <trkpt lat="46.908931" lon="-121.489134"/>
      <trkpt lat="46.908949" lon="-121.489091"/>
      <trkpt lat="46.908991" lon="-121.489040"/>
      <trkpt lat="46.909022" lon="-121.488984"/>
      <trkpt lat="46.909050" lon="-121.488917"/>
      <trkpt lat="46.909061" lon="-121.488871"/>
      <trkpt lat="46.909079" lon="-121.488820"/>
      <trkpt lat="46.909103" lon="-121.488785"/>
      <trkpt lat="46.909160" lon="-121.488740"/>
      <trkpt lat="46.909231" lon="-121.488662"/>
      <trkpt lat="46.909281" lon="-121.488587"/>
      <trkpt lat="46.909324" lon="-121.488485"/>
      <trkpt lat="46.909346" lon="-121.488380"/>
      <trkpt lat="46.909378" lon="-121.488077"/>
      <trkpt lat="46.909396" lon="-121.487997"/>
      <trkpt lat="46.909425" lon="-121.487962"/>
      <trkpt lat="46.909458" lon="-121.487951"/>
      <trkpt lat="46.909489" lon="-121.487962"/>
      <trkpt lat="46.909519" lon="-121.488018"/>
      <trkpt lat="46.909592" lon="-121.488093"/>
      <trkpt lat="46.909728" lon="-121.488251"/>
      <trkpt lat="46.909807" lon="-121.488326"/>
      <trkpt lat="46.909857" lon="-121.488333"/>
      <trkpt lat="46.909922" lon="-121.488369"/>
      <trkpt lat="46.910041" lon="-121.488356"/>
      <trkpt lat="46.910095" lon="-121.488360"/>
      <trkpt lat="46.910166" lon="-121.488399"/>
      <trkpt lat="46.910259" lon="-121.488475"/>
      <trkpt lat="46.910378" lon="-121.488555"/>
      <trkpt lat="46.910420" lon="-121.488573"/>
      <trkpt lat="46.910477" lon="-121.488588"/>
      <trkpt lat="46.910501" lon="-121.488643"/>
      <trkpt lat="46.910534" lon="-121.488674"/>
      <trkpt lat="46.910589" lon="-121.488702"/>
      <trkpt lat="46.910640" lon="-121.488702"/>
      <trkpt lat="46.910679" lon="-121.488686"/>
      <trkpt lat="46.910746" lon="-121.488670"/>
      <trkpt lat="46.910822" lon="-121.488702"/>
      <trkpt lat="46.910877" lon="-121.488740"/>
      <trkpt lat="46.911016" lon="-121.488777"/>
      <trkpt lat="46.911095" lon="-121.488772"/>
      <trkpt lat="46.911157" lon="-121.488758"/>
      <trkpt lat="46.911221" lon="-121.488721"/>
      <trkpt lat="46.911274" lon="-121.488659"/>
      <trkpt lat="46.911331" lon="-121.488576"/>
      <trkpt lat="46.911380" lon="-121.488477"/>
      <trkpt lat="46.911390" lon="-121.488449"/>
      <trkpt lat="46.911413" lon="-121.488328"/>
      <trkpt lat="46.911444" lon="-121.488084"/>
      <trkpt lat="46.911457" lon="-121.488011"/>
      <trkpt lat="46.911523" lon="-121.487944"/>
      <trkpt lat="46.911569" lon="-121.487884"/>
      <trkpt lat="46.911668" lon="-121.487727"/>
      <trkpt lat="46.911710" lon="-121.487707"/>
      <trkpt lat="46.911749" lon="-121.487715"/>
      <trkpt lat="46.911793" lon="-121.487708"/>
      <trkpt lat="46.911823" lon="-121.487685"/>
      <trkpt lat="46.911855" lon="-121.487639"/>
      <trkpt lat="46.911897" lon="-121.487514"/>
      <trkpt lat="46.911938" lon="-121.487365"/>
      <trkpt lat="46.911960" lon="-121.487262"/>
      <trkpt lat="46.912007" lon="-121.487102"/>
      <trkpt lat="46.912014" lon="-121.487022"/>
      <trkpt lat="46.912015" lon="-121.486667"/>
      <trkpt lat="46.912010" lon="-121.486340"/>
      <trkpt lat="46.911995" lon="-121.485959"/>
      <trkpt lat="46.911976" lon="-121.485731"/>
      <trkpt lat="46.911960" lon="-121.485630"/>
      <trkpt lat="46.911890" lon="-121.485352"/>
      <trkpt lat="46.911809" lon="-121.484936"/>
      <trkpt lat="46.911765" lon="-121.484677"/>
      <trkpt lat="46.911761" lon="-121.484531"/>
      <trkpt lat="46.911800" lon="-121.484443"/>
      <trkpt lat="46.911850" lon="-121.484264"/>
      <trkpt lat="46.911879" lon="-121.484040"/>
      <trkpt lat="46.911895" lon="-121.483512"/>
      <trkpt lat="46.911884" lon="-121.483316"/>
      <trkpt lat="46.911864" lon="-121.483217"/>
      <trkpt lat="46.911815" lon="-121.483103"/>
      <trkpt lat="46.911798" lon="-121.483000"/>
      <trkpt lat="46.911736" lon="-121.482273"/>
      <trkpt lat="46.911736" lon="-121.482133"/>
      <trkpt lat="46.911758" lon="-121.481905"/>
      <trkpt lat="46.911839" lon="-121.481404"/>
      <trkpt lat="46.911851" lon="-121.481192"/>
      <trkpt lat="46.911870" lon="-121.481031"/>
      <trkpt lat="46.911921" lon="-121.480846"/>
      <trkpt lat="46.911943" lon="-121.480747"/>
      <trkpt lat="46.911948" lon="-121.480661"/>
      <trkpt lat="46.912101" lon="-121.480124"/>
      <trkpt lat="46.912118" lon="-121.479986"/>
      <trkpt lat="46.912174" lon="-121.479631"/>
      <trkpt lat="46.912172" lon="-121.479557"/>
      <trkpt lat="46.912179" lon="-121.479505"/>
      <trkpt lat="46.912229" lon="-121.479443"/>
      <trkpt lat="46.912247" lon="-121.479365"/>
      <trkpt lat="46.912372" lon="-121.479161"/>
      <trkpt lat="46.912421" lon="-121.479051"/>
      <trkpt lat="46.912505" lon="-121.478840"/>
      <trkpt lat="46.912696" lon="-121.478322"/>
      <trkpt lat="46.912777" lon="-121.477954"/>
      <trkpt lat="46.912800" lon="-121.477756"/>
      <trkpt lat="46.912819" lon="-121.477220"/>
      <trkpt lat="46.912833" lon="-121.477069"/>
      <trkpt lat="46.912896" lon="-121.476755"/>
      <trkpt lat="46.912983" lon="-121.476242"/>
      <trkpt lat="46.913123" lon="-121.475810"/>
      <trkpt lat="46.913172" lon="-121.475514"/>
      <trkpt lat="46.913271" lon="-121.475229"/>
      <trkpt lat="46.913304" lon="-121.474977"/>
      <trkpt lat="46.913396" lon="-121.474505"/>
      <trkpt lat="46.913418" lon="-121.474317"/>
      <trkpt lat="46.913499" lon="-121.474054"/>
      <trkpt lat="46.913656" lon="-121.473674"/>
      <trkpt lat="46.913737" lon="-121.473598"/>
      <trkpt lat="46.913817" lon="-121.473598"/>
      <trkpt lat="46.913968" lon="-121.473690"/>
      <trkpt lat="46.914070" lon="-121.473722"/>
      <trkpt lat="46.914407" lon="-121.473781"/>
      <trkpt lat="46.914473" lon="-121.473749"/>
      <trkpt lat="46.914561" lon="-121.473754"/>
      <trkpt lat="46.914700" lon="-121.473716"/>
      <trkpt lat="46.914856" lon="-121.473637"/>
      <trkpt lat="46.914942" lon="-121.473566"/>
      <trkpt lat="46.915093" lon="-121.473346"/>
      <trkpt lat="46.915254" lon="-121.473260"/>
      <trkpt lat="46.915367" lon="-121.473132"/>
      <trkpt lat="46.915533" lon="-121.473030"/>
      <trkpt lat="46.915587" lon="-121.472987"/>
      <trkpt lat="46.915823" lon="-121.472707"/>
      <trkpt lat="46.915939" lon="-121.472644"/>
      <trkpt lat="46.915979" lon="-121.472585"/>
      <trkpt lat="46.916053" lon="-121.472541"/>
      <trkpt lat="46.916188" lon="-121.472504"/>
      <trkpt lat="46.916243" lon="-121.472483"/>
      <trkpt lat="46.916346" lon="-121.472461"/>
      <trkpt lat="46.916624" lon="-121.472361"/>
    </trkseg>
    <trkseg>
      <trkpt lat="46.894152" lon="-121.501605"/>
      <trkpt lat="46.894167" lon="-121.501522"/>
    </trkseg>
    <trkseg>
      <trkpt lat="46.872011" lon="-121.515991"/>
      <trkpt lat="46.872217" lon="-121.515894"/>
      <trkpt lat="46.872391" lon="-121.515866"/>
      <trkpt lat="46.872617" lon="-121.515841"/>
      <trkpt lat="46.872859" lon="-121.515879"/>
      <trkpt lat="46.873000" lon="-121.515942"/>
      <trkpt lat="46.873072" lon="-121.515988"/>
      <trkpt lat="46.873260" lon="-121.516222"/>
      <trkpt lat="46.873327" lon="-121.516279"/>
      <trkpt lat="46.873430" lon="-121.516349"/>
      <trkpt lat="46.873752" lon="-121.516714"/>
      <trkpt lat="46.873817" lon="-121.516813"/>
      <trkpt lat="46.873858" lon="-121.516896"/>
      <trkpt lat="46.873884" lon="-121.516972"/>
      <trkpt lat="46.873890" lon="-121.517088"/>
      <trkpt lat="46.873918" lon="-121.517761"/>
      <trkpt lat="46.873955" lon="-121.517864"/>
      <trkpt lat="46.873991" lon="-121.517929"/>
      <trkpt lat="46.874032" lon="-121.517978"/>
      <trkpt lat="46.874411" lon="-121.518212"/>
      <trkpt lat="46.874579" lon="-121.518308"/>
      <trkpt lat="46.874678" lon="-121.518327"/>
      <trkpt lat="46.875207" lon="-121.518303"/>
      <trkpt lat="46.875336" lon="-121.518375"/>
      <trkpt lat="46.875412" lon="-121.518402"/>
      <trkpt lat="46.875673" lon="-121.518461"/>
      <trkpt lat="46.875721" lon="-121.518442"/>
      <trkpt lat="46.875844" lon="-121.518415"/>
      <trkpt lat="46.875927" lon="-121.518376"/>
      <trkpt lat="46.876007" lon="-121.518346"/>
      <trkpt lat="46.876209" lon="-121.518185"/>
      <trkpt lat="46.876286" lon="-121.518137"/>
      <trkpt lat="46.876376" lon="-121.518069"/>
      <trkpt lat="46.876585" lon="-121.517871"/>
      <trkpt lat="46.876789" lon="-121.517568"/>
      <trkpt lat="46.876843" lon="-121.517514"/>
      <trkpt lat="46.877040" lon="-121.517418"/>
      <trkpt lat="46.877161" lon="-121.517294"/>
      <trkpt lat="46.877296" lon="-121.517198"/>
      <trkpt lat="46.877371" lon="-121.517123"/>
      <trkpt lat="46.877461" lon="-121.516989"/>
      <trkpt lat="46.877780" lon="-121.516658"/>
      <trkpt lat="46.878004" lon="-121.516433"/>
      <trkpt lat="46.878138" lon="-121.516264"/>
      <trkpt lat="46.878222" lon="-121.516197"/>
      <trkpt lat="46.878371" lon="-121.515999"/>
      <trkpt lat="46.878582" lon="-121.515792"/>
      <trkpt lat="46.878710" lon="-121.515697"/>
      <trkpt lat="46.878907" lon="-121.515671"/>
      <trkpt lat="46.878990" lon="-121.515610"/>
      <trkpt lat="46.879100" lon="-121.515570"/>
      <trkpt lat="46.879214" lon="-121.515570"/>
      <trkpt lat="46.879402" lon="-121.515426"/>
      <trkpt lat="46.879540" lon="-121.515362"/>
      <trkpt lat="46.879821" lon="-121.515286"/>
      <trkpt lat="46.879878" lon="-121.515259"/>
      <trkpt lat="46.879951" lon="-121.515200"/>
      <trkpt lat="46.879988" lon="-121.515122"/>
      <trkpt lat="46.880094" lon="-121.514962"/>
      <trkpt lat="46.880319" lon="-121.514814"/>
      <trkpt lat="46.880692" lon="-121.514588"/>
      <trkpt lat="46.880785" lon="-121.514510"/>
      <trkpt lat="46.880828" lon="-121.514466"/>
      <trkpt lat="46.880868" lon="-121.514389"/>
      <trkpt lat="46.880928" lon="-121.514333"/>
      <trkpt lat="46.881039" lon="-121.514266"/>
      <trkpt lat="46.881192" lon="-121.514148"/>
      <trkpt lat="46.881273" lon="-121.514033"/>
      <trkpt lat="46.881397" lon="-121.513928"/>
      <trkpt lat="46.881575" lon="-121.513724"/>
      <trkpt lat="46.881935" lon="-121.513252"/>
      <trkpt lat="46.882085" lon="-121.513035"/>
      <trkpt lat="46.882261" lon="-121.512837"/>
      <trkpt lat="46.882314" lon="-121.512807"/>
      <trkpt lat="46.882547" lon="-121.512722"/>
      <trkpt lat="46.882734" lon="-121.512477"/>
      <trkpt lat="46.883069" lon="-121.511959"/>
      <trkpt lat="46.883121" lon="-121.511855"/>
      <trkpt lat="46.883210" lon="-121.511717"/>
      <trkpt lat="46.883379" lon="-121.511557"/>
      <trkpt lat="46.883432" lon="-121.511474"/>
      <trkpt lat="46.883560" lon="-121.511217"/>
      <trkpt lat="46.883665" lon="-121.511064"/>
      <trkpt lat="46.883728" lon="-121.510948"/>
      <trkpt lat="46.883797" lon="-121.510841"/>
      <trkpt lat="46.883887" lon="-121.510624"/>
      <trkpt lat="46.884146" lon="-121.510160"/>
      <trkpt lat="46.884180" lon="-121.510005"/>
      <trkpt lat="46.884234" lon="-121.509866"/>
      <trkpt lat="46.884330" lon="-121.509754"/>
      <trkpt lat="46.884358" lon="-121.509685"/>
      <trkpt lat="46.884567" lon="-121.509428"/>
      <trkpt lat="46.884594" lon="-121.509423"/>
      <trkpt lat="46.884644" lon="-121.509433"/>
      <trkpt lat="46.884673" lon="-121.509417"/>
      <trkpt lat="46.884716" lon="-121.509342"/>
      <trkpt lat="46.884740" lon="-121.509263"/>
      <trkpt lat="46.884840" lon="-121.509189"/>
      <trkpt lat="46.884941" lon="-121.509148"/>
      <trkpt lat="46.885050" lon="-121.509124"/>
      <trkpt lat="46.885115" lon="-121.509116"/>
      <trkpt lat="46.885186" lon="-121.509087"/>
      <trkpt lat="46.885266" lon="-121.509022"/>
      <trkpt lat="46.885360" lon="-121.508886"/>
      <trkpt lat="46.885413" lon="-121.508845"/>
      <trkpt lat="46.885482" lon="-121.508725"/>
      <trkpt lat="46.885560" lon="-121.508552"/>
      <trkpt lat="46.885654" lon="-121.508399"/>
      <trkpt lat="46.885742" lon="-121.508312"/>
      <trkpt lat="46.885819" lon="-121.508207"/>
      <trkpt lat="46.885900" lon="-121.507964"/>
      <trkpt lat="46.885935" lon="-121.507915"/>
      <trkpt lat="46.885981" lon="-121.507907"/>
      <trkpt lat="46.886022" lon="-121.507909"/>
      <trkpt lat="46.886048" lon="-121.507897"/>
      <trkpt lat="46.886163" lon="-121.507724"/>
      <trkpt lat="46.886208" lon="-121.507630"/>
      <trkpt lat="46.886291" lon="-121.507502"/>
      <trkpt lat="46.886379" lon="-121.507405"/>
      <trkpt lat="46.886471" lon="-121.507314"/>
      <trkpt lat="46.886586" lon="-121.507130"/>
      <trkpt lat="46.886646" lon="-121.507012"/>
      <trkpt lat="46.886688" lon="-121.506871"/>
      <trkpt lat="46.886741" lon="-121.506717"/>
      <trkpt lat="46.886810" lon="-121.506547"/>
      <trkpt lat="46.886898" lon="-121.506386"/>
      <trkpt lat="46.886972" lon="-121.506262"/>
      <trkpt lat="46.887057" lon="-121.506103"/>
      <trkpt lat="46.887077" lon="-121.506037"/>
      <trkpt lat="46.887095" lon="-121.505934"/>
      <trkpt lat="46.887178" lon="-121.505608"/>
      <trkpt lat="46.887234" lon="-121.505438"/>
      <trkpt lat="46.887287" lon="-121.505334"/>
      <trkpt lat="46.887341" lon="-121.505190"/>
      <trkpt lat="46.887438" lon="-121.504905"/>
      <trkpt lat="46.887515" lon="-121.504789"/>
      <trkpt lat="46.887536" lon="-121.504770"/>
      <trkpt lat="46.887558" lon="-121.504764"/>
      <trkpt lat="46.887581" lon="-121.504770"/>
      <trkpt lat="46.887602" lon="-121.504786"/>
      <trkpt lat="46.887667" lon="-121.504898"/>
      <trkpt lat="46.887743" lon="-121.505015"/>
      <trkpt lat="46.887785" lon="-121.505047"/>
      <trkpt lat="46.887847" lon="-121.505069"/>
      <trkpt lat="46.887874" lon="-121.505084"/>
      <trkpt lat="46.887923" lon="-121.505139"/>
      <trkpt lat="46.887991" lon="-121.505246"/>
      <trkpt lat="46.888067" lon="-121.505426"/>
      <trkpt lat="46.888123" lon="-121.505605"/>
      <trkpt lat="46.888204" lon="-121.505789"/>
      <trkpt lat="46.888427" lon="-121.506100"/>
      <trkpt lat="46.888529" lon="-121.506142"/>
      <trkpt lat="46.888557" lon="-121.506136"/>
      <trkpt lat="46.888590" lon="-121.506119"/>
      <trkpt lat="46.888631" lon="-121.506065"/>
      <trkpt lat="46.888667" lon="-121.506048"/>
      <trkpt lat="46.888701" lon="-121.506048"/>
      <trkpt lat="46.888773" lon="-121.506103"/>
      <trkpt lat="46.888828" lon="-121.506131"/>
      <trkpt lat="46.888933" lon="-121.506174"/>
      <trkpt lat="46.889077" lon="-121.506193"/>
      <trkpt lat="46.889191" lon="-121.506160"/>
      <trkpt lat="46.889262" lon="-121.506198"/>
      <trkpt lat="46.889320" lon="-121.506269"/>
      <trkpt lat="46.889410" lon="-121.506332"/>
      <trkpt lat="46.889481" lon="-121.506354"/>
      <trkpt lat="46.889616" lon="-121.506359"/>
      <trkpt lat="46.889674" lon="-121.506379"/>
      <trkpt lat="46.889731" lon="-121.506418"/>
      <trkpt lat="46.889826" lon="-121.506559"/>
      <trkpt lat="46.889865" lon="-121.506580"/>
      <trkpt lat="46.889916" lon="-121.506589"/>
      <trkpt lat="46.889954" lon="-121.506574"/>
      <trkpt lat="46.889984" lon="-121.506552"/>
      <trkpt lat="46.890023" lon="-121.506501"/>
      <trkpt lat="46.890074" lon="-121.506418"/>
      <trkpt lat="46.890109" lon="-121.506394"/>
      <trkpt lat="46.890155" lon="-121.506378"/>
      <trkpt lat="46.890243" lon="-121.506378"/>
      <trkpt lat="46.890318" lon="-121.506367"/>
      <trkpt lat="46.890352" lon="-121.506351"/>
      <trkpt lat="46.890379" lon="-121.506322"/>
      <trkpt lat="46.890420" lon="-121.506234"/>
      <trkpt lat="46.890436" lon="-121.506163"/>
      <trkpt lat="46.890440" lon="-121.505990"/>
      <trkpt lat="46.890454" lon="-121.505903"/>
      <trkpt lat="46.890477" lon="-121.505851"/>
      <trkpt lat="46.890529" lon="-121.505819"/>
      <trkpt lat="46.890577" lon="-121.505808"/>
      <trkpt lat="46.890624" lon="-121.505844"/>
      <trkpt lat="46.890685" lon="-121.505873"/>
      <trkpt lat="46.890849" lon="-121.505887"/>
      <trkpt lat="46.890904" lon="-121.505882"/>
      <trkpt lat="46.890940" lon="-121.505872"/>
      <trkpt lat="46.890985" lon="-121.505844"/>
      <trkpt lat="46.891018" lon="-121.505839"/>
      <trkpt lat="46.891165" lon="-121.505898"/>
      <trkpt lat="46.891293" lon="-121.505895"/>
      <trkpt lat="46.891334" lon="-121.505879"/>
      <trkpt lat="46.891534" lon="-121.505752"/>
      <trkpt lat="46.891635" lon="-121.505736"/>
      <trkpt lat="46.891737" lon="-121.505770"/>
      <trkpt lat="46.891764" lon="-121.505733"/>
      <trkpt lat="46.891770" lon="-121.505690"/>
      <trkpt lat="46.891810" lon="-121.505625"/>
      <trkpt lat="46.891845" lon="-121.505494"/>
      <trkpt lat="46.891867" lon="-121.505379"/>
      <trkpt lat="46.891900" lon="-121.505296"/>
      <trkpt lat="46.891939" lon="-121.505216"/>
      <trkpt lat="46.891956" lon="-121.505154"/>
      <trkpt lat="46.891958" lon="-121.505039"/>
      <trkpt lat="46.891948" lon="-121.504865"/>
      <trkpt lat="46.891951" lon="-121.504733"/>
      <trkpt lat="46.891996" lon="-121.504489"/>
      <trkpt lat="46.891968" lon="-121.504402"/>
      <trkpt lat="46.891959" lon="-121.504060"/>
      <trkpt lat="46.891909" lon="-121.503859"/>
      <trkpt lat="46.891917" lon="-121.503722"/>
      <trkpt lat="46.891945" lon="-121.503655"/>
      <trkpt lat="46.891956" lon="-121.503600"/>
      <trkpt lat="46.891956" lon="-121.503517"/>
      <trkpt lat="46.891976" lon="-121.503403"/>
      <trkpt lat="46.892004" lon="-121.503311"/>
      <trkpt lat="46.892039" lon="-121.503270"/>
      <trkpt lat="46.892058" lon="-121.503229"/>
      <trkpt lat="46.892066" lon="-121.503201"/>
      <trkpt lat="46.892052" lon="-121.503118"/>
      <trkpt lat="46.892065" lon="-121.503032"/>
      <trkpt lat="46.892109" lon="-121.502907"/>
      <trkpt lat="46.892153" lon="-121.502823"/>
      <trkpt lat="46.892198" lon="-121.502776"/>
      <trkpt lat="46.892241" lon="-121.502751"/>
      <trkpt lat="46.892297" lon="-121.502729"/>
      <trkpt lat="46.892309" lon="-121.502700"/>
      <trkpt lat="46.892310" lon="-121.502651"/>
      <trkpt lat="46.892324" lon="-121.502607"/>
      <trkpt lat="46.892413" lon="-121.502470"/>
      <trkpt lat="46.892441" lon="-121.502462"/>
      <trkpt lat="46.892469" lon="-121.502482"/>
      <trkpt lat="46.892484" lon="-121.502549"/>
      <trkpt lat="46.892472" lon="-121.502641"/>
      <trkpt lat="46.892467" lon="-121.502794"/>
      <trkpt lat="46.892479" lon="-121.502968"/>
      <trkpt lat="46.892512" lon="-121.503073"/>
      <trkpt lat="46.892578" lon="-121.503162"/>
      <trkpt lat="46.892684" lon="-121.503229"/>
      <trkpt lat="46.892710" lon="-121.503304"/>
      <trkpt lat="46.892713" lon="-121.503440"/>
      <trkpt lat="46.892723" lon="-121.503551"/>
      <trkpt lat="46.892735" lon="-121.503591"/>
      <trkpt lat="46.892761" lon="-121.503602"/>
      <trkpt lat="46.892796" lon="-121.503580"/>
      <trkpt lat="46.892836" lon="-121.503497"/>
      <trkpt lat="46.892896" lon="-121.503424"/>
      <trkpt lat="46.892950" lon="-121.503411"/>
      <trkpt lat="46.893026" lon="-121.503412"/>
      <trkpt lat="46.893107" lon="-121.503441"/>
      <trkpt lat="46.893170" lon="-121.503441"/>
      <trkpt lat="46.893223" lon="-121.503417"/>
      <trkpt lat="46.893260" lon="-121.503382"/>
      <trkpt lat="46.893289" lon="-121.503299"/>
      <trkpt lat="46.893309" lon="-121.503224"/>
      <trkpt lat="46.893331" lon="-121.503183"/>
      <trkpt lat="46.893377" lon="-121.503165"/>
      <trkpt lat="46.893585" lon="-121.503124"/>
      <trkpt lat="46.893672" lon="-121.503116"/>
      <trkpt lat="46.893731" lon="-121.503092"/>
      <trkpt lat="46.893815" lon="-121.503014"/>
      <trkpt lat="46.893962" lon="-121.502918"/>
      <trkpt lat="46.893995" lon="-121.502888"/>
      <trkpt lat="46.894015" lon="-121.502851"/>
      <trkpt lat="46.893997" lon="-121.502808"/>
      <trkpt lat="46.893923" lon="-121.502708"/>
      <trkpt lat="46.893914" lon="-121.502607"/>
      <trkpt lat="46.893922" lon="-121.502492"/>
      <trkpt lat="46.893939" lon="-121.502379"/>
      <trkpt lat="46.894024" lon="-121.502208"/>
      <trkpt lat="46.894130" lon="-121.502088"/>
      <trkpt lat="46.894278" lon="-121.502017"/>
      <trkpt lat="46.894323" lon="-121.501965"/>
      <trkpt lat="46.894330" lon="-121.501933"/>
      <trkpt lat="46.894321" lon="-121.501841"/>
      <trkpt lat="46.894299" lon="-121.501788"/>
      <trkpt lat="46.894244" lon="-121.501711"/>
      <trkpt lat="46.894152" lon="-121.501605"/>
    </trkseg>
    <trkseg>
      <trkpt lat="46.871868" lon="-121.515811"/>
      <trkpt lat="46.871864" lon="-121.515895"/>
      <trkpt lat="46.871883" lon="-121.515941"/>
      <trkpt lat="46.871914" lon="-121.515984"/>
      <trkpt lat="46.872011" lon="-121.515991"/>
    </trkseg>
    <trkseg>
      <trkpt lat="46.871883" lon="-121.515570"/>
      <trkpt lat="46.871868" lon="-121.515811"/>
    </trkseg>
    <trkseg>
      <trkpt lat="46.866004" lon="-121.498892"/>
      <trkpt lat="46.866039" lon="-121.498905"/>
      <trkpt lat="46.866082" lon="-121.498908"/>
      <trkpt lat="46.866118" lon="-121.498921"/>
      <trkpt lat="46.866216" lon="-121.499015"/>
      <trkpt lat="46.866592" lon="-121.499298"/>
      <trkpt lat="46.866810" lon="-121.499501"/>
      <trkpt lat="46.866921" lon="-121.499589"/>
      <trkpt lat="46.866941" lon="-121.499617"/>
      <trkpt lat="46.866953" lon="-121.499648"/>
      <trkpt lat="46.866956" lon="-121.499711"/>
      <trkpt lat="46.867064" lon="-121.499797"/>
      <trkpt lat="46.867171" lon="-121.499920"/>
      <trkpt lat="46.867224" lon="-121.499955"/>
      <trkpt lat="46.867261" lon="-121.500002"/>
      <trkpt lat="46.867291" lon="-121.500096"/>
      <trkpt lat="46.867313" lon="-121.500207"/>
      <trkpt lat="46.867315" lon="-121.500370"/>
      <trkpt lat="46.867368" lon="-121.500552"/>
      <trkpt lat="46.867391" lon="-121.500686"/>
      <trkpt lat="46.867405" lon="-121.500739"/>
      <trkpt lat="46.867483" lon="-121.500836"/>
      <trkpt lat="46.867499" lon="-121.500925"/>
      <trkpt lat="46.867492" lon="-121.501062"/>
      <trkpt lat="46.867505" lon="-121.501198"/>
      <trkpt lat="46.867492" lon="-121.501268"/>
      <trkpt lat="46.867501" lon="-121.501333"/>
      <trkpt lat="46.867549" lon="-121.501502"/>
      <trkpt lat="46.867573" lon="-121.501531"/>
      <trkpt lat="46.867609" lon="-121.501547"/>
      <trkpt lat="46.867657" lon="-121.501633"/>
      <trkpt lat="46.867682" lon="-121.501718"/>
      <trkpt lat="46.867694" lon="-121.501775"/>
      <trkpt lat="46.867700" lon="-121.501846"/>
      <trkpt lat="46.867699" lon="-121.501896"/>
      <trkpt lat="46.867680" lon="-121.501977"/>
      <trkpt lat="46.867676" lon="-121.502026"/>
      <trkpt lat="46.867678" lon="-121.502077"/>
      <trkpt lat="46.867688" lon="-121.502113"/>
      <trkpt lat="46.867711" lon="-121.502139"/>
      <trkpt lat="46.867745" lon="-121.502156"/>
      <trkpt lat="46.867821" lon="-121.502277"/>
      <trkpt lat="46.867857" lon="-121.502378"/>
      <trkpt lat="46.867876" lon="-121.502416"/>
      <trkpt lat="46.867941" lon="-121.502477"/>
      <trkpt lat="46.868043" lon="-121.502502"/>
      <trkpt lat="46.868080" lon="-121.502494"/>
      <trkpt lat="46.868110" lon="-121.502498"/>
      <trkpt lat="46.868139" lon="-121.502521"/>
      <trkpt lat="46.868402" lon="-121.502590"/>
      <trkpt lat="46.868477" lon="-121.502650"/>
      <trkpt lat="46.868498" lon="-121.502700"/>
      <trkpt lat="46.868509" lon="-121.502780"/>
      <trkpt lat="46.868518" lon="-121.502793"/>
      <trkpt lat="46.868590" lon="-121.502788"/>
      <trkpt lat="46.868645" lon="-121.502799"/>
      <trkpt lat="46.868820" lon="-121.502894"/>
      <trkpt lat="46.868897" lon="-121.502983"/>
      <trkpt lat="46.868904" lon="-121.503022"/>
      <trkpt lat="46.868904" lon="-121.503055"/>
      <trkpt lat="46.868910" lon="-121.503082"/>
      <trkpt lat="46.868956" lon="-121.503129"/>
      <trkpt lat="46.868973" lon="-121.503183"/>
      <trkpt lat="46.869004" lon="-121.503191"/>
      <trkpt lat="46.869041" lon="-121.503253"/>
      <trkpt lat="46.869046" lon="-121.503287"/>
      <trkpt lat="46.869037" lon="-121.503339"/>
      <trkpt lat="46.869050" lon="-121.503363"/>
      <trkpt lat="46.869193" lon="-121.503412"/>
      <trkpt lat="46.869297" lon="-121.503521"/>
      <trkpt lat="46.869408" lon="-121.503619"/>
      <trkpt lat="46.869433" lon="-121.503662"/>
      <trkpt lat="46.869453" lon="-121.503687"/>
      <trkpt lat="46.869477" lon="-121.503700"/>
      <trkpt lat="46.869571" lon="-121.503779"/>
      <trkpt lat="46.869643" lon="-121.503816"/>
      <trkpt lat="46.869722" lon="-121.503869"/>
      <trkpt lat="46.869803" lon="-121.503991"/>
      <trkpt lat="46.869927" lon="-121.504063"/>
      <trkpt lat="46.869981" lon="-121.504110"/>
      <trkpt lat="46.870121" lon="-121.504178"/>
      <trkpt lat="46.870193" lon="-121.504223"/>
      <trkpt lat="46.870266" lon="-121.504244"/>
      <trkpt lat="46.870454" lon="-121.504245"/>
      <trkpt lat="46.870527" lon="-121.504259"/>
      <trkpt lat="46.870748" lon="-121.504397"/>
      <trkpt lat="46.870782" lon="-121.504410"/>
      <trkpt lat="46.870822" lon="-121.504405"/>
      <trkpt lat="46.870860" lon="-121.504406"/>
      <trkpt lat="46.871009" lon="-121.504438"/>
      <trkpt lat="46.871120" lon="-121.504511"/>
      <trkpt lat="46.871194" lon="-121.504573"/>
      <trkpt lat="46.871321" lon="-121.504755"/>
      <trkpt lat="46.871337" lon="-121.504798"/>
      <trkpt lat="46.871343" lon="-121.504843"/>
      <trkpt lat="46.871345" lon="-121.504950"/>
      <trkpt lat="46.871450" lon="-121.505154"/>
      <trkpt lat="46.871455" lon="-121.505267"/>
      <trkpt lat="46.871530" lon="-121.505399"/>
      <trkpt lat="46.871625" lon="-121.505671"/>
      <trkpt lat="46.871702" lon="-121.505928"/>
      <trkpt lat="46.871712" lon="-121.506109"/>
      <trkpt lat="46.871765" lon="-121.506236"/>
      <trkpt lat="46.871775" lon="-121.506315"/>
      <trkpt lat="46.871808" lon="-121.506379"/>
      <trkpt lat="46.871795" lon="-121.506529"/>
      <trkpt lat="46.871871" lon="-121.506608"/>
      <trkpt lat="46.871899" lon="-121.506720"/>
      <trkpt lat="46.871908" lon="-121.506791"/>
      <trkpt lat="46.871989" lon="-121.506961"/>
      <trkpt lat="46.872048" lon="-121.507158"/>
      <trkpt lat="46.872053" lon="-121.507267"/>
      <trkpt lat="46.872129" lon="-121.507480"/>
      <trkpt lat="46.872156" lon="-121.507701"/>
      <trkpt lat="46.872140" lon="-121.508008"/>
      <trkpt lat="46.872190" lon="-121.508200"/>
      <trkpt lat="46.872217" lon="-121.508420"/>
      <trkpt lat="46.872153" lon="-121.508621"/>
      <trkpt lat="46.872062" lon="-121.508781"/>
      <trkpt lat="46.872023" lon="-121.509059"/>
      <trkpt lat="46.872038" lon="-121.509351"/>
      <trkpt lat="46.871997" lon="-121.509555"/>
      <trkpt lat="46.871994" lon="-121.509945"/>
      <trkpt lat="46.872011" lon="-121.510311"/>
      <trkpt lat="46.872022" lon="-121.510449"/>
      <trkpt lat="46.872027" lon="-121.510710"/>
      <trkpt lat="46.872061" lon="-121.510807"/>
      <trkpt lat="46.872063" lon="-121.510897"/>
      <trkpt lat="46.872118" lon="-121.511184"/>
      <trkpt lat="46.872144" lon="-121.511215"/>
      <trkpt lat="46.872192" lon="-121.511239"/>
      <trkpt lat="46.872252" lon="-121.511380"/>
      <trkpt lat="46.872279" lon="-121.511531"/>
      <trkpt lat="46.872293" lon="-121.511646"/>
      <trkpt lat="46.872310" lon="-121.511793"/>
      <trkpt lat="46.872314" lon="-121.511905"/>
      <trkpt lat="46.872304" lon="-121.511986"/>
      <trkpt lat="46.872282" lon="-121.512067"/>
      <trkpt lat="46.872256" lon="-121.512114"/>
      <trkpt lat="46.872174" lon="-121.512228"/>
      <trkpt lat="46.872157" lon="-121.512280"/>
      <trkpt lat="46.872143" lon="-121.512356"/>
      <trkpt lat="46.872104" lon="-121.512494"/>
      <trkpt lat="46.872031" lon="-121.512659"/>
      <trkpt lat="46.871996" lon="-121.512810"/>
      <trkpt lat="46.871973" lon="-121.512988"/>
      <trkpt lat="46.871961" lon="-121.513013"/>
      <trkpt lat="46.871929" lon="-121.513039"/>
      <trkpt lat="46.871933" lon="-121.513067"/>
      <trkpt lat="46.871949" lon="-121.513098"/>
      <trkpt lat="46.871994" lon="-121.513284"/>
      <trkpt lat="46.872028" lon="-121.513494"/>
      <trkpt lat="46.872059" lon="-121.513572"/>
      <trkpt lat="46.872060" lon="-121.513650"/>
      <trkpt lat="46.872093" lon="-121.513708"/>
      <trkpt lat="46.872100" lon="-121.513756"/>
      <trkpt lat="46.872108" lon="-121.513849"/>
      <trkpt lat="46.872098" lon="-121.514124"/>
      <trkpt lat="46.871999" lon="-121.514392"/>
      <trkpt lat="46.871994" lon="-121.514468"/>
      <trkpt lat="46.872002" lon="-121.514498"/>
      <trkpt lat="46.872033" lon="-121.514553"/>
      <trkpt lat="46.872056" lon="-121.514623"/>
      <trkpt lat="46.872063" lon="-121.514679"/>
      <trkpt lat="46.872062" lon="-121.514744"/>
      <trkpt lat="46.872036" lon="-121.514859"/>
      <trkpt lat="46.872050" lon="-121.515004"/>
      <trkpt lat="46.872083" lon="-121.515074"/>
      <trkpt lat="46.871973" lon="-121.515218"/>
      <trkpt lat="46.871927" lon="-121.515359"/>
      <trkpt lat="46.871883" lon="-121.515570"/>
    </trkseg>
    <trkseg>
      <trkpt lat="46.862240" lon="-121.496314"/>
      <trkpt lat="46.862257" lon="-121.496208"/>
      <trkpt lat="46.862274" lon="-121.496125"/>
      <trkpt lat="46.862348" lon="-121.495946"/>
      <trkpt lat="46.862403" lon="-121.495872"/>
      <trkpt lat="46.862445" lon="-121.495783"/>
      <trkpt lat="46.862464" lon="-121.495641"/>
      <trkpt lat="46.862500" lon="-121.495520"/>
      <trkpt lat="46.862535" lon="-121.495458"/>
      <trkpt lat="46.862572" lon="-121.495405"/>
      <trkpt lat="46.862663" lon="-121.495343"/>
      <trkpt lat="46.862770" lon="-121.495350"/>
      <trkpt lat="46.862828" lon="-121.495345"/>
      <trkpt lat="46.862892" lon="-121.495278"/>
      <trkpt lat="46.862954" lon="-121.495250"/>
      <trkpt lat="46.863029" lon="-121.495240"/>
      <trkpt lat="46.863092" lon="-121.495244"/>
      <trkpt lat="46.863134" lon="-121.495256"/>
      <trkpt lat="46.863180" lon="-121.495279"/>
      <trkpt lat="46.863294" lon="-121.495359"/>
      <trkpt lat="46.863352" lon="-121.495381"/>
      <trkpt lat="46.863605" lon="-121.495402"/>
      <trkpt lat="46.863709" lon="-121.495351"/>
      <trkpt lat="46.863850" lon="-121.495336"/>
      <trkpt lat="46.863950" lon="-121.495316"/>
      <trkpt lat="46.864036" lon="-121.495366"/>
      <trkpt lat="46.864079" lon="-121.495367"/>
      <trkpt lat="46.864133" lon="-121.495251"/>
      <trkpt lat="46.864205" lon="-121.495184"/>
      <trkpt lat="46.864241" lon="-121.495119"/>
      <trkpt lat="46.864253" lon="-121.495019"/>
      <trkpt lat="46.864305" lon="-121.495026"/>
      <trkpt lat="46.864345" lon="-121.495055"/>
      <trkpt lat="46.864394" lon="-121.495079"/>
      <trkpt lat="46.864439" lon="-121.495080"/>
      <trkpt lat="46.864455" lon="-121.495067"/>
      <trkpt lat="46.864458" lon="-121.495033"/>
      <trkpt lat="46.864483" lon="-121.495021"/>
      <trkpt lat="46.864498" lon="-121.495088"/>
      <trkpt lat="46.864495" lon="-121.495145"/>
      <trkpt lat="46.864447" lon="-121.495254"/>
      <trkpt lat="46.864391" lon="-121.495330"/>
      <trkpt lat="46.864322" lon="-121.495342"/>
      <trkpt lat="46.864314" lon="-121.495447"/>
      <trkpt lat="46.864382" lon="-121.495632"/>
      <trkpt lat="46.864456" lon="-121.495743"/>
      <trkpt lat="46.864469" lon="-121.495799"/>
      <trkpt lat="46.864491" lon="-121.495845"/>
      <trkpt lat="46.864559" lon="-121.495883"/>
      <trkpt lat="46.864621" lon="-121.496030"/>
      <trkpt lat="46.864675" lon="-121.496099"/>
      <trkpt lat="46.864704" lon="-121.496153"/>
      <trkpt lat="46.864703" lon="-121.496240"/>
      <trkpt lat="46.864686" lon="-121.496283"/>
      <trkpt lat="46.864693" lon="-121.496324"/>
      <trkpt lat="46.864724" lon="-121.496382"/>
      <trkpt lat="46.864838" lon="-121.496499"/>
      <trkpt lat="46.864925" lon="-121.496604"/>
      <trkpt lat="46.864972" lon="-121.496669"/>
      <trkpt lat="46.864989" lon="-121.496727"/>
      <trkpt lat="46.864998" lon="-121.496881"/>
      <trkpt lat="46.865013" lon="-121.496944"/>
      <trkpt lat="46.865043" lon="-121.497010"/>
      <trkpt lat="46.865130" lon="-121.497080"/>
      <trkpt lat="46.865144" lon="-121.497116"/>
      <trkpt lat="46.865154" lon="-121.497199"/>
      <trkpt lat="46.865199" lon="-121.497252"/>
      <trkpt lat="46.865217" lon="-121.497287"/>
      <trkpt lat="46.865234" lon="-121.497371"/>
      <trkpt lat="46.865309" lon="-121.497530"/>
      <trkpt lat="46.865366" lon="-121.497630"/>
      <trkpt lat="46.865424" lon="-121.497874"/>
      <trkpt lat="46.865481" lon="-121.497984"/>
      <trkpt lat="46.865531" lon="-121.498038"/>
      <trkpt lat="46.865565" lon="-121.498056"/>
      <trkpt lat="46.865628" lon="-121.498070"/>
      <trkpt lat="46.865642" lon="-121.498101"/>
      <trkpt lat="46.865668" lon="-121.498263"/>
      <trkpt lat="46.865690" lon="-121.498319"/>
      <trkpt lat="46.865729" lon="-121.498362"/>
      <trkpt lat="46.865799" lon="-121.498418"/>
      <trkpt lat="46.865850" lon="-121.498433"/>
      <trkpt lat="46.865957" lon="-121.498586"/>
      <trkpt lat="46.865974" lon="-121.498627"/>
      <trkpt lat="46.865984" lon="-121.498692"/>
      <trkpt lat="46.866004" lon="-121.498892"/>
    </trkseg>
    <trkseg>
      <trkpt lat="46.857962" lon="-121.489004"/>
      <trkpt lat="46.857947" lon="-121.489078"/>
      <trkpt lat="46.857939" lon="-121.489233"/>
      <trkpt lat="46.857957" lon="-121.489316"/>
      <trkpt lat="46.858002" lon="-121.489410"/>
      <trkpt lat="46.858049" lon="-121.489448"/>
      <trkpt lat="46.858102" lon="-121.489459"/>
      <trkpt lat="46.858158" lon="-121.489442"/>
      <trkpt lat="46.858227" lon="-121.489413"/>
      <trkpt lat="46.858306" lon="-121.489306"/>
      <trkpt lat="46.858357" lon="-121.489273"/>
      <trkpt lat="46.858423" lon="-121.489306"/>
      <trkpt lat="46.858487" lon="-121.489364"/>
      <trkpt lat="46.858557" lon="-121.489413"/>
      <trkpt lat="46.858627" lon="-121.489409"/>
      <trkpt lat="46.858639" lon="-121.489452"/>
      <trkpt lat="46.858645" lon="-121.489643"/>
      <trkpt lat="46.858614" lon="-121.489801"/>
      <trkpt lat="46.858382" lon="-121.490188"/>
      <trkpt lat="46.858377" lon="-121.490355"/>
      <trkpt lat="46.858261" lon="-121.490627"/>
      <trkpt lat="46.858236" lon="-121.490822"/>
      <trkpt lat="46.858293" lon="-121.490984"/>
      <trkpt lat="46.858328" lon="-121.491224"/>
      <trkpt lat="46.858464" lon="-121.491551"/>
      <trkpt lat="46.858478" lon="-121.491773"/>
      <trkpt lat="46.858526" lon="-121.491941"/>
      <trkpt lat="46.858526" lon="-121.492079"/>
      <trkpt lat="46.858550" lon="-121.492228"/>
      <trkpt lat="46.858685" lon="-121.492454"/>
      <trkpt lat="46.858691" lon="-121.492527"/>
      <trkpt lat="46.858740" lon="-121.492590"/>
      <trkpt lat="46.859019" lon="-121.492747"/>
      <trkpt lat="46.859092" lon="-121.492747"/>
      <trkpt lat="46.859223" lon="-121.492779"/>
      <trkpt lat="46.859278" lon="-121.492795"/>
      <trkpt lat="46.859313" lon="-121.492821"/>
      <trkpt lat="46.859318" lon="-121.492886"/>
      <trkpt lat="46.859283" lon="-121.492992"/>
      <trkpt lat="46.859317" lon="-121.493194"/>
      <trkpt lat="46.859297" lon="-121.493379"/>
      <trkpt lat="46.859298" lon="-121.493637"/>
      <trkpt lat="46.859349" lon="-121.493730"/>
      <trkpt lat="46.859343" lon="-121.493846"/>
      <trkpt lat="46.859169" lon="-121.494122"/>
      <trkpt lat="46.859176" lon="-121.494316"/>
      <trkpt lat="46.859130" lon="-121.494583"/>
      <trkpt lat="46.859173" lon="-121.494710"/>
      <trkpt lat="46.859219" lon="-121.494745"/>
      <trkpt lat="46.859300" lon="-121.494704"/>
      <trkpt lat="46.859448" lon="-121.494643"/>
      <trkpt lat="46.859560" lon="-121.494576"/>
      <trkpt lat="46.859651" lon="-121.494506"/>
      <trkpt lat="46.859736" lon="-121.494449"/>
      <trkpt lat="46.859826" lon="-121.494447"/>
      <trkpt lat="46.859907" lon="-121.494423"/>
      <trkpt lat="46.859984" lon="-121.494415"/>
      <trkpt lat="46.860037" lon="-121.494426"/>
      <trkpt lat="46.860109" lon="-121.494470"/>
      <trkpt lat="46.860212" lon="-121.494522"/>
      <trkpt lat="46.860240" lon="-121.494583"/>
      <trkpt lat="46.860248" lon="-121.494829"/>
      <trkpt lat="46.860259" lon="-121.494960"/>
      <trkpt lat="46.860239" lon="-121.495220"/>
      <trkpt lat="46.860217" lon="-121.495298"/>
      <trkpt lat="46.860217" lon="-121.495402"/>
      <trkpt lat="46.860246" lon="-121.495515"/>
      <trkpt lat="46.860268" lon="-121.495617"/>
      <trkpt lat="46.860270" lon="-121.495724"/>
      <trkpt lat="46.860266" lon="-121.495872"/>
      <trkpt lat="46.860319" lon="-121.495971"/>
      <trkpt lat="46.860370" lon="-121.496086"/>
      <trkpt lat="46.860385" lon="-121.496137"/>
      <trkpt lat="46.860396" lon="-121.496268"/>
      <trkpt lat="46.860431" lon="-121.496462"/>
      <trkpt lat="46.860453" lon="-121.496523"/>
      <trkpt lat="46.860495" lon="-121.496539"/>
      <trkpt lat="46.860538" lon="-121.496521"/>
      <trkpt lat="46.860574" lon="-121.496464"/>
      <trkpt lat="46.860616" lon="-121.496443"/>
      <trkpt lat="46.860666" lon="-121.496586"/>
      <trkpt lat="46.860657" lon="-121.496692"/>
      <trkpt lat="46.860627" lon="-121.496829"/>
      <trkpt lat="46.860616" lon="-121.496877"/>
      <trkpt lat="46.860596" lon="-121.496899"/>
      <trkpt lat="46.860591" lon="-121.497049"/>
      <trkpt lat="46.860674" lon="-121.497442"/>
      <trkpt lat="46.860659" lon="-121.497564"/>
      <trkpt lat="46.860622" lon="-121.497690"/>
      <trkpt lat="46.860606" lon="-121.497813"/>
      <trkpt lat="46.860609" lon="-121.498039"/>
      <trkpt lat="46.860625" lon="-121.498124"/>
      <trkpt lat="46.860637" lon="-121.498240"/>
      <trkpt lat="46.860672" lon="-121.498355"/>
      <trkpt lat="46.860672" lon="-121.498401"/>
      <trkpt lat="46.860648" lon="-121.498532"/>
      <trkpt lat="46.860644" lon="-121.498675"/>
      <trkpt lat="46.860616" lon="-121.498814"/>
      <trkpt lat="46.860613" lon="-121.498921"/>
      <trkpt lat="46.860616" lon="-121.499007"/>
      <trkpt lat="46.860605" lon="-121.499101"/>
      <trkpt lat="46.860594" lon="-121.499294"/>
      <trkpt lat="46.860635" lon="-121.499393"/>
      <trkpt lat="46.860662" lon="-121.499493"/>
      <trkpt lat="46.860678" lon="-121.499590"/>
      <trkpt lat="46.860682" lon="-121.499757"/>
      <trkpt lat="46.860690" lon="-121.499879"/>
      <trkpt lat="46.860701" lon="-121.499964"/>
      <trkpt lat="46.860725" lon="-121.499906"/>
      <trkpt lat="46.860737" lon="-121.499827"/>
      <trkpt lat="46.860789" lon="-121.499720"/>
      <trkpt lat="46.860843" lon="-121.499568"/>
      <trkpt lat="46.860914" lon="-121.499404"/>
      <trkpt lat="46.860963" lon="-121.499315"/>
      <trkpt lat="46.861044" lon="-121.499106"/>
      <trkpt lat="46.861119" lon="-121.498940"/>
      <trkpt lat="46.861183" lon="-121.498854"/>
      <trkpt lat="46.861253" lon="-121.498745"/>
      <trkpt lat="46.861573" lon="-121.498184"/>
      <trkpt lat="46.861630" lon="-121.498008"/>
      <trkpt lat="46.861688" lon="-121.497789"/>
      <trkpt lat="46.861705" lon="-121.497645"/>
      <trkpt lat="46.861760" lon="-121.497551"/>
      <trkpt lat="46.861816" lon="-121.497314"/>
      <trkpt lat="46.861838" lon="-121.497188"/>
      <trkpt lat="46.861895" lon="-121.496923"/>
      <trkpt lat="46.861888" lon="-121.496735"/>
      <trkpt lat="46.861897" lon="-121.496657"/>
      <trkpt lat="46.862041" lon="-121.496307"/>
      <trkpt lat="46.862126" lon="-121.496124"/>
      <trkpt lat="46.862133" lon="-121.496052"/>
      <trkpt lat="46.862155" lon="-121.496013"/>
      <trkpt lat="46.862240" lon="-121.496314"/>
    </trkseg>
    <trkseg>
      <trkpt lat="46.817153" lon="-121.468666"/>
      <trkpt lat="46.817232" lon="-121.468751"/>
      <trkpt lat="46.817280" lon="-121.468840"/>
      <trkpt lat="46.817334" lon="-121.468867"/>
      <trkpt lat="46.817371" lon="-121.468903"/>
      <trkpt lat="46.817411" lon="-121.468956"/>
      <trkpt lat="46.817453" lon="-121.469110"/>
      <trkpt lat="46.817489" lon="-121.469169"/>
      <trkpt lat="46.817650" lon="-121.469269"/>
      <trkpt lat="46.817730" lon="-121.469391"/>
      <trkpt lat="46.817859" lon="-121.469568"/>
      <trkpt lat="46.817924" lon="-121.469630"/>
      <trkpt lat="46.817970" lon="-121.469658"/>
      <trkpt lat="46.818052" lon="-121.469679"/>
      <trkpt lat="46.818103" lon="-121.469715"/>
      <trkpt lat="46.818138" lon="-121.469764"/>
      <trkpt lat="46.818223" lon="-121.469913"/>
      <trkpt lat="46.818270" lon="-121.469986"/>
      <trkpt lat="46.818355" lon="-121.470091"/>
      <trkpt lat="46.818438" lon="-121.470120"/>
      <trkpt lat="46.818691" lon="-121.470093"/>
      <trkpt lat="46.818805" lon="-121.470069"/>
      <trkpt lat="46.819021" lon="-121.470034"/>
      <trkpt lat="46.819362" lon="-121.470109"/>
      <trkpt lat="46.819462" lon="-121.470149"/>
      <trkpt lat="46.819517" lon="-121.470187"/>
      <trkpt lat="46.819603" lon="-121.470200"/>
      <trkpt lat="46.819691" lon="-121.470189"/>
      <trkpt lat="46.819973" lon="-121.470119"/>
      <trkpt lat="46.820130" lon="-121.470128"/>
      <trkpt lat="46.820227" lon="-121.470144"/>
      <trkpt lat="46.820298" lon="-121.470142"/>
      <trkpt lat="46.820554" lon="-121.470042"/>
      <trkpt lat="46.820737" lon="-121.469999"/>
      <trkpt lat="46.820902" lon="-121.469935"/>
      <trkpt lat="46.820987" lon="-121.469964"/>
      <trkpt lat="46.821033" lon="-121.470015"/>
      <trkpt lat="46.821086" lon="-121.470033"/>
      <trkpt lat="46.821205" lon="-121.470028"/>
      <trkpt lat="46.821319" lon="-121.470104"/>
      <trkpt lat="46.821423" lon="-121.470155"/>
      <trkpt lat="46.821644" lon="-121.470244"/>
      <trkpt lat="46.821875" lon="-121.470299"/>
      <trkpt lat="46.821969" lon="-121.470332"/>
      <trkpt lat="46.822074" lon="-121.470343"/>
      <trkpt lat="46.822188" lon="-121.470403"/>
      <trkpt lat="46.822356" lon="-121.470565"/>
      <trkpt lat="46.822506" lon="-121.470630"/>
      <trkpt lat="46.822595" lon="-121.470702"/>
      <trkpt lat="46.822662" lon="-121.470771"/>
      <trkpt lat="46.822797" lon="-121.470941"/>
      <trkpt lat="46.822890" lon="-121.471096"/>
      <trkpt lat="46.823126" lon="-121.471615"/>
      <trkpt lat="46.823275" lon="-121.471889"/>
      <trkpt lat="46.823296" lon="-121.471954"/>
      <trkpt lat="46.823336" lon="-121.471981"/>
      <trkpt lat="46.823406" lon="-121.471972"/>
      <trkpt lat="46.823463" lon="-121.471933"/>
      <trkpt lat="46.823503" lon="-121.471903"/>
      <trkpt lat="46.823566" lon="-121.471834"/>
      <trkpt lat="46.823811" lon="-121.471632"/>
      <trkpt lat="46.823912" lon="-121.471575"/>
      <trkpt lat="46.823931" lon="-121.471555"/>
      <trkpt lat="46.824008" lon="-121.471552"/>
      <trkpt lat="46.824097" lon="-121.471670"/>
      <trkpt lat="46.824161" lon="-121.471689"/>
      <trkpt lat="46.824318" lon="-121.471691"/>
      <trkpt lat="46.824413" lon="-121.471710"/>
      <trkpt lat="46.824463" lon="-121.471694"/>
      <trkpt lat="46.824538" lon="-121.471628"/>
      <trkpt lat="46.824700" lon="-121.471652"/>
      <trkpt lat="46.824822" lon="-121.471581"/>
      <trkpt lat="46.824909" lon="-121.471643"/>
      <trkpt lat="46.824992" lon="-121.471750"/>
      <trkpt lat="46.825088" lon="-121.471937"/>
      <trkpt lat="46.825170" lon="-121.471984"/>
      <trkpt lat="46.825274" lon="-121.472005"/>
      <trkpt lat="46.825342" lon="-121.472056"/>
      <trkpt lat="46.825403" lon="-121.472075"/>
      <trkpt lat="46.825456" lon="-121.472123"/>
      <trkpt lat="46.825511" lon="-121.472185"/>
      <trkpt lat="46.825735" lon="-121.472311"/>
      <trkpt lat="46.825842" lon="-121.472409"/>
      <trkpt lat="46.825907" lon="-121.472483"/>
      <trkpt lat="46.825992" lon="-121.472684"/>
      <trkpt lat="46.826184" lon="-121.473022"/>
      <trkpt lat="46.826234" lon="-121.473140"/>
      <trkpt lat="46.826322" lon="-121.473253"/>
      <trkpt lat="46.826641" lon="-121.473716"/>
      <trkpt lat="46.826858" lon="-121.473939"/>
      <trkpt lat="46.827024" lon="-121.474055"/>
      <trkpt lat="46.827174" lon="-121.474100"/>
      <trkpt lat="46.827374" lon="-121.474213"/>
      <trkpt lat="46.827533" lon="-121.474293"/>
      <trkpt lat="46.827722" lon="-121.474347"/>
      <trkpt lat="46.827812" lon="-121.474336"/>
      <trkpt lat="46.827929" lon="-121.474359"/>
      <trkpt lat="46.828047" lon="-121.474366"/>
      <trkpt lat="46.828115" lon="-121.474379"/>
      <trkpt lat="46.828181" lon="-121.474417"/>
      <trkpt lat="46.828291" lon="-121.474516"/>
      <trkpt lat="46.828460" lon="-121.474618"/>
      <trkpt lat="46.828590" lon="-121.474679"/>
      <trkpt lat="46.828709" lon="-121.474759"/>
      <trkpt lat="46.828761" lon="-121.474824"/>
      <trkpt lat="46.828778" lon="-121.474878"/>
      <trkpt lat="46.828838" lon="-121.474910"/>
      <trkpt lat="46.828877" lon="-121.474891"/>
      <trkpt lat="46.828862" lon="-121.474822"/>
      <trkpt lat="46.828816" lon="-121.474755"/>
      <trkpt lat="46.828809" lon="-121.474660"/>
      <trkpt lat="46.828823" lon="-121.474553"/>
      <trkpt lat="46.828860" lon="-121.474467"/>
      <trkpt lat="46.829032" lon="-121.473875"/>
      <trkpt lat="46.829064" lon="-121.473741"/>
      <trkpt lat="46.829106" lon="-121.473705"/>
      <trkpt lat="46.829220" lon="-121.473750"/>
      <trkpt lat="46.829235" lon="-121.473794"/>
      <trkpt lat="46.829223" lon="-121.473908"/>
      <trkpt lat="46.829244" lon="-121.473926"/>
      <trkpt lat="46.829282" lon="-121.473926"/>
      <trkpt lat="46.829333" lon="-121.473902"/>
      <trkpt lat="46.829357" lon="-121.473876"/>
      <trkpt lat="46.829382" lon="-121.473813"/>
      <trkpt lat="46.829421" lon="-121.473753"/>
      <trkpt lat="46.829533" lon="-121.473674"/>
      <trkpt lat="46.829664" lon="-121.473604"/>
      <trkpt lat="46.829783" lon="-121.473523"/>
      <trkpt lat="46.829903" lon="-121.473389"/>
      <trkpt lat="46.830022" lon="-121.473270"/>
      <trkpt lat="46.830093" lon="-121.473216"/>
      <trkpt lat="46.830159" lon="-121.473207"/>
      <trkpt lat="46.830229" lon="-121.473230"/>
      <trkpt lat="46.830273" lon="-121.473248"/>
      <trkpt lat="46.830376" lon="-121.473317"/>
      <trkpt lat="46.830437" lon="-121.473369"/>
      <trkpt lat="46.830477" lon="-121.473375"/>
      <trkpt lat="46.830541" lon="-121.473368"/>
      <trkpt lat="46.830664" lon="-121.473257"/>
      <trkpt lat="46.830717" lon="-121.473248"/>
      <trkpt lat="46.830774" lon="-121.473290"/>
      <trkpt lat="46.830816" lon="-121.473291"/>
      <trkpt lat="46.830880" lon="-121.473248"/>
      <trkpt lat="46.830965" lon="-121.473108"/>
      <trkpt lat="46.831092" lon="-121.472778"/>
      <trkpt lat="46.831230" lon="-121.472456"/>
      <trkpt lat="46.831261" lon="-121.472398"/>
      <trkpt lat="46.831293" lon="-121.472383"/>
      <trkpt lat="46.831323" lon="-121.472387"/>
      <trkpt lat="46.831357" lon="-121.472406"/>
      <trkpt lat="46.831440" lon="-121.472500"/>
      <trkpt lat="46.831481" lon="-121.472578"/>
      <trkpt lat="46.831560" lon="-121.472811"/>
      <trkpt lat="46.831626" lon="-121.473121"/>
      <trkpt lat="46.831665" lon="-121.473260"/>
      <trkpt lat="46.831733" lon="-121.473408"/>
      <trkpt lat="46.831866" lon="-121.473642"/>
      <trkpt lat="46.831898" lon="-121.473683"/>
      <trkpt lat="46.831911" lon="-121.473738"/>
      <trkpt lat="46.831900" lon="-121.473821"/>
      <trkpt lat="46.831843" lon="-121.473954"/>
      <trkpt lat="46.831768" lon="-121.474092"/>
      <trkpt lat="46.831625" lon="-121.474294"/>
      <trkpt lat="46.831615" lon="-121.474362"/>
      <trkpt lat="46.831635" lon="-121.474410"/>
      <trkpt lat="46.831707" lon="-121.474466"/>
      <trkpt lat="46.831768" lon="-121.474466"/>
      <trkpt lat="46.831806" lon="-121.474442"/>
      <trkpt lat="46.831884" lon="-121.474339"/>
      <trkpt lat="46.831933" lon="-121.474290"/>
      <trkpt lat="46.832008" lon="-121.474265"/>
      <trkpt lat="46.832141" lon="-121.474273"/>
      <trkpt lat="46.832186" lon="-121.474256"/>
      <trkpt lat="46.832254" lon="-121.474214"/>
      <trkpt lat="46.832323" lon="-121.474191"/>
      <trkpt lat="46.832379" lon="-121.474190"/>
      <trkpt lat="46.832461" lon="-121.474202"/>
      <trkpt lat="46.832544" lon="-121.474233"/>
      <trkpt lat="46.832629" lon="-121.474249"/>
      <trkpt lat="46.832714" lon="-121.474230"/>
      <trkpt lat="46.832859" lon="-121.474127"/>
      <trkpt lat="46.833138" lon="-121.473955"/>
      <trkpt lat="46.833227" lon="-121.473950"/>
      <trkpt lat="46.833325" lon="-121.473931"/>
      <trkpt lat="46.833479" lon="-121.473824"/>
      <trkpt lat="46.833585" lon="-121.473776"/>
      <trkpt lat="46.833723" lon="-121.473722"/>
      <trkpt lat="46.833892" lon="-121.473706"/>
      <trkpt lat="46.834009" lon="-121.473672"/>
      <trkpt lat="46.834103" lon="-121.473658"/>
      <trkpt lat="46.834251" lon="-121.473672"/>
      <trkpt lat="46.834345" lon="-121.473706"/>
      <trkpt lat="46.834431" lon="-121.473709"/>
      <trkpt lat="46.834556" lon="-121.473773"/>
      <trkpt lat="46.834620" lon="-121.473800"/>
      <trkpt lat="46.834719" lon="-121.473794"/>
      <trkpt lat="46.834839" lon="-121.473800"/>
      <trkpt lat="46.834982" lon="-121.473875"/>
      <trkpt lat="46.835108" lon="-121.473928"/>
      <trkpt lat="46.835345" lon="-121.473995"/>
      <trkpt lat="46.835444" lon="-121.474052"/>
      <trkpt lat="46.835508" lon="-121.474097"/>
      <trkpt lat="46.835596" lon="-121.474103"/>
      <trkpt lat="46.835688" lon="-121.474134"/>
      <trkpt lat="46.835943" lon="-121.474253"/>
      <trkpt lat="46.836309" lon="-121.474346"/>
      <trkpt lat="46.836437" lon="-121.474414"/>
      <trkpt lat="46.836661" lon="-121.474488"/>
      <trkpt lat="46.837022" lon="-121.474668"/>
      <trkpt lat="46.837086" lon="-121.474746"/>
      <trkpt lat="46.837136" lon="-121.474792"/>
      <trkpt lat="46.837171" lon="-121.474797"/>
      <trkpt lat="46.837248" lon="-121.474695"/>
      <trkpt lat="46.837295" lon="-121.474661"/>
      <trkpt lat="46.837395" lon="-121.474688"/>
      <trkpt lat="46.837446" lon="-121.474733"/>
      <trkpt lat="46.837512" lon="-121.474755"/>
      <trkpt lat="46.837576" lon="-121.474752"/>
      <trkpt lat="46.837632" lon="-121.474724"/>
      <trkpt lat="46.837791" lon="-121.474685"/>
      <trkpt lat="46.837976" lon="-121.474626"/>
      <trkpt lat="46.838086" lon="-121.474607"/>
      <trkpt lat="46.838156" lon="-121.474567"/>
      <trkpt lat="46.838207" lon="-121.474502"/>
      <trkpt lat="46.838261" lon="-121.474390"/>
      <trkpt lat="46.838336" lon="-121.474210"/>
      <trkpt lat="46.838387" lon="-121.474081"/>
      <trkpt lat="46.838519" lon="-121.473692"/>
      <trkpt lat="46.838578" lon="-121.473537"/>
      <trkpt lat="46.838692" lon="-121.473317"/>
      <trkpt lat="46.838778" lon="-121.473176"/>
      <trkpt lat="46.838838" lon="-121.473123"/>
      <trkpt lat="46.839183" lon="-121.472939"/>
      <trkpt lat="46.839271" lon="-121.472840"/>
      <trkpt lat="46.839387" lon="-121.472767"/>
      <trkpt lat="46.839521" lon="-121.472751"/>
      <trkpt lat="46.839636" lon="-121.472747"/>
      <trkpt lat="46.839829" lon="-121.472757"/>
      <trkpt lat="46.840058" lon="-121.472728"/>
      <trkpt lat="46.840334" lon="-121.472786"/>
      <trkpt lat="46.840399" lon="-121.472771"/>
      <trkpt lat="46.840442" lon="-121.472744"/>
      <trkpt lat="46.840604" lon="-121.472579"/>
      <trkpt lat="46.840712" lon="-121.472383"/>
      <trkpt lat="46.840796" lon="-121.472212"/>
      <trkpt lat="46.840868" lon="-121.472121"/>
      <trkpt lat="46.841139" lon="-121.471855"/>
      <trkpt lat="46.841260" lon="-121.471780"/>
      <trkpt lat="46.841359" lon="-121.471673"/>
      <trkpt lat="46.841451" lon="-121.471552"/>
      <trkpt lat="46.841625" lon="-121.471437"/>
      <trkpt lat="46.841767" lon="-121.471335"/>
      <trkpt lat="46.841945" lon="-121.471308"/>
      <trkpt lat="46.842073" lon="-121.471281"/>
      <trkpt lat="46.842167" lon="-121.471243"/>
      <trkpt lat="46.842222" lon="-121.471211"/>
      <trkpt lat="46.842339" lon="-121.471056"/>
      <trkpt lat="46.842402" lon="-121.471018"/>
      <trkpt lat="46.842519" lon="-121.470981"/>
      <trkpt lat="46.842651" lon="-121.470962"/>
      <trkpt lat="46.842807" lon="-121.470989"/>
      <trkpt lat="46.842924" lon="-121.470999"/>
      <trkpt lat="46.843179" lon="-121.471041"/>
      <trkpt lat="46.843352" lon="-121.471101"/>
      <trkpt lat="46.843576" lon="-121.471257"/>
      <trkpt lat="46.843704" lon="-121.471367"/>
      <trkpt lat="46.843886" lon="-121.471499"/>
      <trkpt lat="46.844010" lon="-121.471627"/>
      <trkpt lat="46.844211" lon="-121.471793"/>
      <trkpt lat="46.844278" lon="-121.471874"/>
      <trkpt lat="46.844355" lon="-121.471978"/>
      <trkpt lat="46.844502" lon="-121.472220"/>
      <trkpt lat="46.844557" lon="-121.472381"/>
      <trkpt lat="46.844673" lon="-121.472622"/>
      <trkpt lat="46.844741" lon="-121.472754"/>
      <trkpt lat="46.844783" lon="-121.472823"/>
      <trkpt lat="46.844893" lon="-121.472917"/>
      <trkpt lat="46.844975" lon="-121.472995"/>
      <trkpt lat="46.845064" lon="-121.473137"/>
      <trkpt lat="46.845122" lon="-121.473255"/>
      <trkpt lat="46.845199" lon="-121.473357"/>
      <trkpt lat="46.845286" lon="-121.473440"/>
      <trkpt lat="46.845475" lon="-121.473655"/>
      <trkpt lat="46.845605" lon="-121.473843"/>
      <trkpt lat="46.845737" lon="-121.474052"/>
      <trkpt lat="46.845790" lon="-121.474159"/>
      <trkpt lat="46.845981" lon="-121.474492"/>
      <trkpt lat="46.846120" lon="-121.474666"/>
      <trkpt lat="46.846207" lon="-121.474846"/>
      <trkpt lat="46.846250" lon="-121.474948"/>
      <trkpt lat="46.846307" lon="-121.475047"/>
      <trkpt lat="46.846375" lon="-121.475122"/>
      <trkpt lat="46.846452" lon="-121.475170"/>
      <trkpt lat="46.846630" lon="-121.475361"/>
      <trkpt lat="46.846728" lon="-121.475479"/>
      <trkpt lat="46.846894" lon="-121.475585"/>
      <trkpt lat="46.847094" lon="-121.475696"/>
      <trkpt lat="46.847226" lon="-121.475795"/>
      <trkpt lat="46.847362" lon="-121.475927"/>
      <trkpt lat="46.847443" lon="-121.476055"/>
      <trkpt lat="46.847560" lon="-121.476195"/>
      <trkpt lat="46.847688" lon="-121.476320"/>
      <trkpt lat="46.847806" lon="-121.476477"/>
      <trkpt lat="46.847893" lon="-121.476646"/>
      <trkpt lat="46.847983" lon="-121.476948"/>
      <trkpt lat="46.848086" lon="-121.477244"/>
      <trkpt lat="46.848132" lon="-121.477488"/>
      <trkpt lat="46.848135" lon="-121.477600"/>
      <trkpt lat="46.848171" lon="-121.477705"/>
      <trkpt lat="46.848144" lon="-121.477849"/>
      <trkpt lat="46.848184" lon="-121.478048"/>
      <trkpt lat="46.848197" lon="-121.478161"/>
      <trkpt lat="46.848234" lon="-121.478180"/>
      <trkpt lat="46.848289" lon="-121.478158"/>
      <trkpt lat="46.848349" lon="-121.478086"/>
      <trkpt lat="46.848388" lon="-121.478024"/>
      <trkpt lat="46.848444" lon="-121.477828"/>
      <trkpt lat="46.848518" lon="-121.477665"/>
      <trkpt lat="46.848589" lon="-121.477557"/>
      <trkpt lat="46.848648" lon="-121.477482"/>
      <trkpt lat="46.848727" lon="-121.477450"/>
      <trkpt lat="46.848953" lon="-121.477391"/>
      <trkpt lat="46.849244" lon="-121.477370"/>
      <trkpt lat="46.849519" lon="-121.477274"/>
      <trkpt lat="46.849613" lon="-121.477327"/>
      <trkpt lat="46.849776" lon="-121.477509"/>
      <trkpt lat="46.849870" lon="-121.477563"/>
      <trkpt lat="46.850037" lon="-121.477590"/>
      <trkpt lat="46.850182" lon="-121.477590"/>
      <trkpt lat="46.850286" lon="-121.477565"/>
      <trkpt lat="46.850560" lon="-121.477448"/>
      <trkpt lat="46.850765" lon="-121.477462"/>
      <trkpt lat="46.850875" lon="-121.477501"/>
      <trkpt lat="46.850992" lon="-121.477565"/>
      <trkpt lat="46.851523" lon="-121.477952"/>
      <trkpt lat="46.851730" lon="-121.478110"/>
      <trkpt lat="46.851864" lon="-121.478182"/>
      <trkpt lat="46.851984" lon="-121.478224"/>
      <trkpt lat="46.852075" lon="-121.478311"/>
      <trkpt lat="46.852227" lon="-121.478491"/>
      <trkpt lat="46.852337" lon="-121.478572"/>
      <trkpt lat="46.852442" lon="-121.478688"/>
      <trkpt lat="46.852498" lon="-121.478844"/>
      <trkpt lat="46.852511" lon="-121.479084"/>
      <trkpt lat="46.852574" lon="-121.479373"/>
      <trkpt lat="46.852608" lon="-121.479611"/>
      <trkpt lat="46.852681" lon="-121.479739"/>
      <trkpt lat="46.852702" lon="-121.479805"/>
      <trkpt lat="46.852697" lon="-121.479883"/>
      <trkpt lat="46.852625" lon="-121.479950"/>
      <trkpt lat="46.852587" lon="-121.480029"/>
      <trkpt lat="46.852577" lon="-121.480151"/>
      <trkpt lat="46.852626" lon="-121.480230"/>
      <trkpt lat="46.852681" lon="-121.480346"/>
      <trkpt lat="46.852911" lon="-121.480718"/>
      <trkpt lat="46.853021" lon="-121.480864"/>
      <trkpt lat="46.853199" lon="-121.481166"/>
      <trkpt lat="46.853259" lon="-121.481363"/>
      <trkpt lat="46.853273" lon="-121.481530"/>
      <trkpt lat="46.853288" lon="-121.481698"/>
      <trkpt lat="46.853320" lon="-121.481843"/>
      <trkpt lat="46.853518" lon="-121.482345"/>
      <trkpt lat="46.853634" lon="-121.482546"/>
      <trkpt lat="46.853647" lon="-121.482654"/>
      <trkpt lat="46.853676" lon="-121.482739"/>
      <trkpt lat="46.853765" lon="-121.482811"/>
      <trkpt lat="46.854058" lon="-121.482986"/>
      <trkpt lat="46.854123" lon="-121.482999"/>
      <trkpt lat="46.854314" lon="-121.483056"/>
      <trkpt lat="46.854405" lon="-121.483105"/>
      <trkpt lat="46.854590" lon="-121.483229"/>
      <trkpt lat="46.854755" lon="-121.483434"/>
      <trkpt lat="46.855113" lon="-121.483842"/>
      <trkpt lat="46.855154" lon="-121.483934"/>
      <trkpt lat="46.855153" lon="-121.484101"/>
      <trkpt lat="46.855125" lon="-121.484357"/>
      <trkpt lat="46.855073" lon="-121.484572"/>
      <trkpt lat="46.855064" lon="-121.484788"/>
      <trkpt lat="46.854997" lon="-121.484960"/>
      <trkpt lat="46.854994" lon="-121.485104"/>
      <trkpt lat="46.855156" lon="-121.485644"/>
      <trkpt lat="46.855259" lon="-121.486346"/>
      <trkpt lat="46.855297" lon="-121.486472"/>
      <trkpt lat="46.855398" lon="-121.486578"/>
      <trkpt lat="46.855464" lon="-121.486791"/>
      <trkpt lat="46.855551" lon="-121.487266"/>
      <trkpt lat="46.855640" lon="-121.487695"/>
      <trkpt lat="46.855684" lon="-121.487841"/>
      <trkpt lat="46.855752" lon="-121.487992"/>
      <trkpt lat="46.855802" lon="-121.488066"/>
      <trkpt lat="46.855926" lon="-121.488192"/>
      <trkpt lat="46.856071" lon="-121.488291"/>
      <trkpt lat="46.856319" lon="-121.488469"/>
      <trkpt lat="46.856415" lon="-121.488498"/>
      <trkpt lat="46.856478" lon="-121.488496"/>
      <trkpt lat="46.856518" lon="-121.488457"/>
      <trkpt lat="46.856618" lon="-121.488228"/>
      <trkpt lat="46.856743" lon="-121.488225"/>
      <trkpt lat="46.856840" lon="-121.488298"/>
      <trkpt lat="46.857012" lon="-121.488300"/>
      <trkpt lat="46.857151" lon="-121.488177"/>
      <trkpt lat="46.857171" lon="-121.488154"/>
      <trkpt lat="46.857251" lon="-121.488164"/>
      <trkpt lat="46.857352" lon="-121.488230"/>
      <trkpt lat="46.857434" lon="-121.488292"/>
      <trkpt lat="46.857578" lon="-121.488337"/>
      <trkpt lat="46.857748" lon="-121.488266"/>
      <trkpt lat="46.857832" lon="-121.488253"/>
      <trkpt lat="46.857895" lon="-121.488255"/>
      <trkpt lat="46.858025" lon="-121.488412"/>
      <trkpt lat="46.858075" lon="-121.488607"/>
      <trkpt lat="46.858004" lon="-121.488796"/>
      <trkpt lat="46.857962" lon="-121.489004"/>
    </trkseg>
    <trkseg>
      <trkpt lat="46.790881" lon="-121.447825"/>
      <trkpt lat="46.791055" lon="-121.447734"/>
      <trkpt lat="46.791139" lon="-121.447710"/>
      <trkpt lat="46.791201" lon="-121.447670"/>
      <trkpt lat="46.791246" lon="-121.447620"/>
      <trkpt lat="46.791267" lon="-121.447572"/>
      <trkpt lat="46.791274" lon="-121.447514"/>
      <trkpt lat="46.791258" lon="-121.447363"/>
      <trkpt lat="46.791224" lon="-121.447224"/>
      <trkpt lat="46.791206" lon="-121.447169"/>
      <trkpt lat="46.791194" lon="-121.447066"/>
      <trkpt lat="46.791166" lon="-121.446963"/>
      <trkpt lat="46.791188" lon="-121.446959"/>
      <trkpt lat="46.791212" lon="-121.446983"/>
      <trkpt lat="46.791256" lon="-121.447095"/>
      <trkpt lat="46.791433" lon="-121.447369"/>
      <trkpt lat="46.791582" lon="-121.447536"/>
      <trkpt lat="46.791714" lon="-121.447651"/>
      <trkpt lat="46.791759" lon="-121.447694"/>
      <trkpt lat="46.791798" lon="-121.447741"/>
      <trkpt lat="46.791865" lon="-121.447907"/>
      <trkpt lat="46.791904" lon="-121.447974"/>
      <trkpt lat="46.792104" lon="-121.448175"/>
      <trkpt lat="46.792195" lon="-121.448260"/>
      <trkpt lat="46.792235" lon="-121.448288"/>
      <trkpt lat="46.792293" lon="-121.448316"/>
      <trkpt lat="46.792348" lon="-121.448329"/>
      <trkpt lat="46.792416" lon="-121.448329"/>
      <trkpt lat="46.792479" lon="-121.448295"/>
      <trkpt lat="46.792543" lon="-121.448238"/>
      <trkpt lat="46.792619" lon="-121.448183"/>
      <trkpt lat="46.792714" lon="-121.448164"/>
      <trkpt lat="46.792846" lon="-121.448179"/>
      <trkpt lat="46.793101" lon="-121.448165"/>
      <trkpt lat="46.793303" lon="-121.448128"/>
      <trkpt lat="46.793545" lon="-121.448107"/>
      <trkpt lat="46.793710" lon="-121.448162"/>
      <trkpt lat="46.793767" lon="-121.448195"/>
      <trkpt lat="46.793972" lon="-121.448187"/>
      <trkpt lat="46.794016" lon="-121.448209"/>
      <trkpt lat="46.794073" lon="-121.448270"/>
      <trkpt lat="46.794173" lon="-121.448324"/>
      <trkpt lat="46.794323" lon="-121.448378"/>
      <trkpt lat="46.794408" lon="-121.448439"/>
      <trkpt lat="46.794481" lon="-121.448552"/>
      <trkpt lat="46.794538" lon="-121.448598"/>
      <trkpt lat="46.794637" lon="-121.448603"/>
      <trkpt lat="46.794748" lon="-121.448628"/>
      <trkpt lat="46.794821" lon="-121.448651"/>
      <trkpt lat="46.794977" lon="-121.448737"/>
      <trkpt lat="46.795114" lon="-121.448756"/>
      <trkpt lat="46.795173" lon="-121.448769"/>
      <trkpt lat="46.795296" lon="-121.448839"/>
      <trkpt lat="46.795364" lon="-121.448887"/>
      <trkpt lat="46.795412" lon="-121.448930"/>
      <trkpt lat="46.795456" lon="-121.448989"/>
      <trkpt lat="46.795554" lon="-121.449486"/>
      <trkpt lat="46.795599" lon="-121.449662"/>
      <trkpt lat="46.795645" lon="-121.449957"/>
      <trkpt lat="46.795660" lon="-121.450087"/>
      <trkpt lat="46.795704" lon="-121.450239"/>
      <trkpt lat="46.795810" lon="-121.450455"/>
      <trkpt lat="46.795858" lon="-121.450553"/>
      <trkpt lat="46.795906" lon="-121.450628"/>
      <trkpt lat="46.795921" lon="-121.450719"/>
      <trkpt lat="46.795937" lon="-121.450835"/>
      <trkpt lat="46.795895" lon="-121.451044"/>
      <trkpt lat="46.795880" lon="-121.451146"/>
      <trkpt lat="46.795890" lon="-121.451237"/>
      <trkpt lat="46.795972" lon="-121.451384"/>
      <trkpt lat="46.796024" lon="-121.451527"/>
      <trkpt lat="46.796025" lon="-121.451650"/>
      <trkpt lat="46.796040" lon="-121.451902"/>
      <trkpt lat="46.796075" lon="-121.451989"/>
      <trkpt lat="46.796110" lon="-121.452063"/>
      <trkpt lat="46.796326" lon="-121.452353"/>
      <trkpt lat="46.796481" lon="-121.452530"/>
      <trkpt lat="46.796600" lon="-121.452704"/>
      <trkpt lat="46.796666" lon="-121.452809"/>
      <trkpt lat="46.796698" lon="-121.452903"/>
      <trkpt lat="46.796703" lon="-121.453018"/>
      <trkpt lat="46.796661" lon="-121.453436"/>
      <trkpt lat="46.796663" lon="-121.453524"/>
      <trkpt lat="46.796694" lon="-121.453662"/>
      <trkpt lat="46.796808" lon="-121.453879"/>
      <trkpt lat="46.796833" lon="-121.453992"/>
      <trkpt lat="46.796838" lon="-121.454226"/>
      <trkpt lat="46.796874" lon="-121.454359"/>
      <trkpt lat="46.796927" lon="-121.454458"/>
      <trkpt lat="46.797017" lon="-121.454767"/>
      <trkpt lat="46.797081" lon="-121.455107"/>
      <trkpt lat="46.797096" lon="-121.455322"/>
      <trkpt lat="46.797151" lon="-121.455405"/>
      <trkpt lat="46.797289" lon="-121.455520"/>
      <trkpt lat="46.797358" lon="-121.455548"/>
      <trkpt lat="46.797549" lon="-121.455660"/>
      <trkpt lat="46.797843" lon="-121.455857"/>
      <trkpt lat="46.797979" lon="-121.455900"/>
      <trkpt lat="46.798102" lon="-121.455912"/>
      <trkpt lat="46.798159" lon="-121.455899"/>
      <trkpt lat="46.798203" lon="-121.455880"/>
      <trkpt lat="46.798247" lon="-121.455890"/>
      <trkpt lat="46.798286" lon="-121.455928"/>
      <trkpt lat="46.798330" lon="-121.456043"/>
      <trkpt lat="46.798374" lon="-121.456108"/>
      <trkpt lat="46.798421" lon="-121.456153"/>
      <trkpt lat="46.798482" lon="-121.456202"/>
      <trkpt lat="46.798559" lon="-121.456255"/>
      <trkpt lat="46.798712" lon="-121.456263"/>
      <trkpt lat="46.798761" lon="-121.456279"/>
      <trkpt lat="46.798809" lon="-121.456328"/>
      <trkpt lat="46.798842" lon="-121.456408"/>
      <trkpt lat="46.798899" lon="-121.456486"/>
      <trkpt lat="46.798951" lon="-121.456520"/>
      <trkpt lat="46.799011" lon="-121.456532"/>
      <trkpt lat="46.799064" lon="-121.456526"/>
      <trkpt lat="46.799116" lon="-121.456553"/>
      <trkpt lat="46.799198" lon="-121.456663"/>
      <trkpt lat="46.799241" lon="-121.456749"/>
      <trkpt lat="46.799314" lon="-121.456847"/>
      <trkpt lat="46.799476" lon="-121.456985"/>
      <trkpt lat="46.799564" lon="-121.457081"/>
      <trkpt lat="46.799661" lon="-121.457207"/>
      <trkpt lat="46.799738" lon="-121.457352"/>
      <trkpt lat="46.799881" lon="-121.457642"/>
      <trkpt lat="46.799946" lon="-121.457730"/>
      <trkpt lat="46.799986" lon="-121.457803"/>
      <trkpt lat="46.800008" lon="-121.457862"/>
      <trkpt lat="46.800015" lon="-121.457959"/>
      <trkpt lat="46.800019" lon="-121.458074"/>
      <trkpt lat="46.800028" lon="-121.458154"/>
      <trkpt lat="46.800051" lon="-121.458220"/>
      <trkpt lat="46.800089" lon="-121.458294"/>
      <trkpt lat="46.800148" lon="-121.458358"/>
      <trkpt lat="46.800192" lon="-121.458441"/>
      <trkpt lat="46.800254" lon="-121.458734"/>
      <trkpt lat="46.800301" lon="-121.458875"/>
      <trkpt lat="46.800463" lon="-121.459235"/>
      <trkpt lat="46.800550" lon="-121.459391"/>
      <trkpt lat="46.800594" lon="-121.459404"/>
      <trkpt lat="46.800630" lon="-121.459372"/>
      <trkpt lat="46.800659" lon="-121.459285"/>
      <trkpt lat="46.800700" lon="-121.459195"/>
      <trkpt lat="46.800788" lon="-121.459023"/>
      <trkpt lat="46.800840" lon="-121.458948"/>
      <trkpt lat="46.800877" lon="-121.458927"/>
      <trkpt lat="46.800935" lon="-121.458903"/>
      <trkpt lat="46.801005" lon="-121.458892"/>
      <trkpt lat="46.801079" lon="-121.458903"/>
      <trkpt lat="46.801183" lon="-121.458946"/>
      <trkpt lat="46.801234" lon="-121.458962"/>
      <trkpt lat="46.801295" lon="-121.458964"/>
      <trkpt lat="46.801352" lon="-121.458919"/>
      <trkpt lat="46.801444" lon="-121.458811"/>
      <trkpt lat="46.801503" lon="-121.458763"/>
      <trkpt lat="46.801622" lon="-121.458739"/>
      <trkpt lat="46.801686" lon="-121.458708"/>
      <trkpt lat="46.801778" lon="-121.458675"/>
      <trkpt lat="46.801980" lon="-121.458677"/>
      <trkpt lat="46.802050" lon="-121.458707"/>
      <trkpt lat="46.802136" lon="-121.458696"/>
      <trkpt lat="46.802213" lon="-121.458675"/>
      <trkpt lat="46.802366" lon="-121.458699"/>
      <trkpt lat="46.802507" lon="-121.458734"/>
      <trkpt lat="46.802733" lon="-121.458770"/>
      <trkpt lat="46.803214" lon="-121.458777"/>
      <trkpt lat="46.803531" lon="-121.458775"/>
      <trkpt lat="46.803650" lon="-121.458737"/>
      <trkpt lat="46.803708" lon="-121.458699"/>
      <trkpt lat="46.803935" lon="-121.458500"/>
      <trkpt lat="46.804036" lon="-121.458468"/>
      <trkpt lat="46.804084" lon="-121.458425"/>
      <trkpt lat="46.804134" lon="-121.458393"/>
      <trkpt lat="46.804246" lon="-121.458374"/>
      <trkpt lat="46.804359" lon="-121.458401"/>
      <trkpt lat="46.804565" lon="-121.458412"/>
      <trkpt lat="46.804699" lon="-121.458374"/>
      <trkpt lat="46.804820" lon="-121.458358"/>
      <trkpt lat="46.804905" lon="-121.458366"/>
      <trkpt lat="46.804982" lon="-121.458401"/>
      <trkpt lat="46.805320" lon="-121.458683"/>
      <trkpt lat="46.805441" lon="-121.458852"/>
      <trkpt lat="46.805602" lon="-121.459023"/>
      <trkpt lat="46.805911" lon="-121.459300"/>
      <trkpt lat="46.805948" lon="-121.459369"/>
      <trkpt lat="46.805986" lon="-121.459479"/>
      <trkpt lat="46.806082" lon="-121.459619"/>
      <trkpt lat="46.806159" lon="-121.459675"/>
      <trkpt lat="46.806555" lon="-121.459909"/>
      <trkpt lat="46.806640" lon="-121.459922"/>
      <trkpt lat="46.806713" lon="-121.459949"/>
      <trkpt lat="46.806766" lon="-121.460013"/>
      <trkpt lat="46.806825" lon="-121.460045"/>
      <trkpt lat="46.806923" lon="-121.460032"/>
      <trkpt lat="46.806959" lon="-121.460019"/>
      <trkpt lat="46.807010" lon="-121.460051"/>
      <trkpt lat="46.807067" lon="-121.460115"/>
      <trkpt lat="46.807108" lon="-121.460225"/>
      <trkpt lat="46.807139" lon="-121.460354"/>
      <trkpt lat="46.807165" lon="-121.460399"/>
      <trkpt lat="46.807240" lon="-121.460474"/>
      <trkpt lat="46.807300" lon="-121.460501"/>
      <trkpt lat="46.807341" lon="-121.460547"/>
      <trkpt lat="46.807391" lon="-121.460686"/>
      <trkpt lat="46.807414" lon="-121.460820"/>
      <trkpt lat="46.807440" lon="-121.460933"/>
      <trkpt lat="46.807477" lon="-121.461005"/>
      <trkpt lat="46.807517" lon="-121.461049"/>
      <trkpt lat="46.807554" lon="-121.461081"/>
      <trkpt lat="46.807628" lon="-121.461117"/>
      <trkpt lat="46.807760" lon="-121.461145"/>
      <trkpt lat="46.807805" lon="-121.461172"/>
      <trkpt lat="46.807844" lon="-121.461212"/>
      <trkpt lat="46.807978" lon="-121.461376"/>
      <trkpt lat="46.808086" lon="-121.461478"/>
      <trkpt lat="46.808172" lon="-121.461577"/>
      <trkpt lat="46.808237" lon="-121.461706"/>
      <trkpt lat="46.808294" lon="-121.461791"/>
      <trkpt lat="46.808346" lon="-121.461854"/>
      <trkpt lat="46.808419" lon="-121.461934"/>
      <trkpt lat="46.808529" lon="-121.462038"/>
      <trkpt lat="46.808597" lon="-121.462118"/>
      <trkpt lat="46.808665" lon="-121.462172"/>
      <trkpt lat="46.808773" lon="-121.462245"/>
      <trkpt lat="46.808941" lon="-121.462318"/>
      <trkpt lat="46.809067" lon="-121.462367"/>
      <trkpt lat="46.809272" lon="-121.462392"/>
      <trkpt lat="46.809353" lon="-121.462408"/>
      <trkpt lat="46.809421" lon="-121.462448"/>
      <trkpt lat="46.809543" lon="-121.462589"/>
      <trkpt lat="46.809694" lon="-121.462827"/>
      <trkpt lat="46.809819" lon="-121.463068"/>
      <trkpt lat="46.809997" lon="-121.463546"/>
      <trkpt lat="46.810056" lon="-121.463599"/>
      <trkpt lat="46.810119" lon="-121.463599"/>
      <trkpt lat="46.810168" lon="-121.463607"/>
      <trkpt lat="46.810212" lon="-121.463650"/>
      <trkpt lat="46.810229" lon="-121.463720"/>
      <trkpt lat="46.810231" lon="-121.463784"/>
      <trkpt lat="46.810260" lon="-121.463816"/>
      <trkpt lat="46.810335" lon="-121.463814"/>
      <trkpt lat="46.810387" lon="-121.463800"/>
      <trkpt lat="46.810440" lon="-121.463795"/>
      <trkpt lat="46.810473" lon="-121.463768"/>
      <trkpt lat="46.810482" lon="-121.463720"/>
      <trkpt lat="46.810484" lon="-121.463643"/>
      <trkpt lat="46.810497" lon="-121.463605"/>
      <trkpt lat="46.810532" lon="-121.463596"/>
      <trkpt lat="46.810574" lon="-121.463605"/>
      <trkpt lat="46.810656" lon="-121.463693"/>
      <trkpt lat="46.810774" lon="-121.463787"/>
      <trkpt lat="46.810849" lon="-121.463854"/>
      <trkpt lat="46.810904" lon="-121.463913"/>
      <trkpt lat="46.810976" lon="-121.463937"/>
      <trkpt lat="46.811060" lon="-121.463921"/>
      <trkpt lat="46.811108" lon="-121.463940"/>
      <trkpt lat="46.811165" lon="-121.464007"/>
      <trkpt lat="46.811369" lon="-121.464192"/>
      <trkpt lat="46.811464" lon="-121.464272"/>
      <trkpt lat="46.811539" lon="-121.464288"/>
      <trkpt lat="46.811637" lon="-121.464377"/>
      <trkpt lat="46.811692" lon="-121.464443"/>
      <trkpt lat="46.811741" lon="-121.464484"/>
      <trkpt lat="46.811912" lon="-121.464541"/>
      <trkpt lat="46.811990" lon="-121.464587"/>
      <trkpt lat="46.812121" lon="-121.464699"/>
      <trkpt lat="46.812386" lon="-121.464868"/>
      <trkpt lat="46.812457" lon="-121.464970"/>
      <trkpt lat="46.812543" lon="-121.465043"/>
      <trkpt lat="46.812769" lon="-121.465187"/>
      <trkpt lat="46.812966" lon="-121.465289"/>
      <trkpt lat="46.813050" lon="-121.465316"/>
      <trkpt lat="46.813131" lon="-121.465364"/>
      <trkpt lat="46.813302" lon="-121.465547"/>
      <trkpt lat="46.813604" lon="-121.465939"/>
      <trkpt lat="46.813715" lon="-121.466024"/>
      <trkpt lat="46.813860" lon="-121.466118"/>
      <trkpt lat="46.814023" lon="-121.466209"/>
      <trkpt lat="46.814095" lon="-121.466303"/>
      <trkpt lat="46.814214" lon="-121.466477"/>
      <trkpt lat="46.814277" lon="-121.466609"/>
      <trkpt lat="46.814317" lon="-121.466660"/>
      <trkpt lat="46.814485" lon="-121.467058"/>
      <trkpt lat="46.814572" lon="-121.467182"/>
      <trkpt lat="46.814678" lon="-121.467226"/>
      <trkpt lat="46.814717" lon="-121.467263"/>
      <trkpt lat="46.814766" lon="-121.467362"/>
      <trkpt lat="46.814823" lon="-121.467434"/>
      <trkpt lat="46.814892" lon="-121.467485"/>
      <trkpt lat="46.815036" lon="-121.467486"/>
      <trkpt lat="46.815117" lon="-121.467521"/>
      <trkpt lat="46.815168" lon="-121.467580"/>
      <trkpt lat="46.815220" lon="-121.467660"/>
      <trkpt lat="46.815255" lon="-121.467679"/>
      <trkpt lat="46.815317" lon="-121.467679"/>
      <trkpt lat="46.815379" lon="-121.467687"/>
      <trkpt lat="46.815469" lon="-121.467676"/>
      <trkpt lat="46.815550" lon="-121.467681"/>
      <trkpt lat="46.815682" lon="-121.467711"/>
      <trkpt lat="46.815835" lon="-121.467724"/>
      <trkpt lat="46.816030" lon="-121.467690"/>
      <trkpt lat="46.816218" lon="-121.467601"/>
      <trkpt lat="46.816279" lon="-121.467539"/>
      <trkpt lat="46.816327" lon="-121.467451"/>
      <trkpt lat="46.816393" lon="-121.467368"/>
      <trkpt lat="46.816446" lon="-121.467360"/>
      <trkpt lat="46.816389" lon="-121.467462"/>
      <trkpt lat="46.816393" lon="-121.467668"/>
      <trkpt lat="46.816372" lon="-121.467743"/>
      <trkpt lat="46.816299" lon="-121.467818"/>
      <trkpt lat="46.815990" lon="-121.468051"/>
      <trkpt lat="46.815811" lon="-121.468137"/>
      <trkpt lat="46.815651" lon="-121.468178"/>
      <trkpt lat="46.815703" lon="-121.468226"/>
      <trkpt lat="46.815840" lon="-121.468239"/>
      <trkpt lat="46.816149" lon="-121.468245"/>
      <trkpt lat="46.816231" lon="-121.468268"/>
      <trkpt lat="46.816338" lon="-121.468312"/>
      <trkpt lat="46.816436" lon="-121.468410"/>
      <trkpt lat="46.816549" lon="-121.468548"/>
      <trkpt lat="46.816639" lon="-121.468623"/>
      <trkpt lat="46.816762" lon="-121.468679"/>
      <trkpt lat="46.816890" lon="-121.468709"/>
      <trkpt lat="46.816995" lon="-121.468709"/>
      <trkpt lat="46.817068" lon="-121.468682"/>
      <trkpt lat="46.817153" lon="-121.468666"/>
    </trkseg>
    <trkseg>
      <trkpt lat="46.770964" lon="-121.447562"/>
      <trkpt lat="46.770940" lon="-121.447619"/>
      <trkpt lat="46.770946" lon="-121.447702"/>
      <trkpt lat="46.770963" lon="-121.447778"/>
      <trkpt lat="46.770994" lon="-121.447895"/>
      <trkpt lat="46.771025" lon="-121.447967"/>
      <trkpt lat="46.771107" lon="-121.448037"/>
      <trkpt lat="46.771177" lon="-121.448048"/>
      <trkpt lat="46.771249" lon="-121.448072"/>
      <trkpt lat="46.771310" lon="-121.448126"/>
      <trkpt lat="46.771369" lon="-121.448187"/>
      <trkpt lat="46.771444" lon="-121.448295"/>
      <trkpt lat="46.771501" lon="-121.448346"/>
      <trkpt lat="46.771553" lon="-121.448417"/>
      <trkpt lat="46.771617" lon="-121.448538"/>
      <trkpt lat="46.771730" lon="-121.448914"/>
      <trkpt lat="46.771756" lon="-121.449084"/>
      <trkpt lat="46.771787" lon="-121.449257"/>
      <trkpt lat="46.771818" lon="-121.449491"/>
      <trkpt lat="46.771838" lon="-121.449880"/>
      <trkpt lat="46.771862" lon="-121.449967"/>
      <trkpt lat="46.771886" lon="-121.450008"/>
      <trkpt lat="46.771924" lon="-121.450047"/>
      <trkpt lat="46.771970" lon="-121.450077"/>
      <trkpt lat="46.772021" lon="-121.450096"/>
      <trkpt lat="46.772076" lon="-121.450102"/>
      <trkpt lat="46.772137" lon="-121.450072"/>
      <trkpt lat="46.772249" lon="-121.449954"/>
      <trkpt lat="46.772344" lon="-121.449864"/>
      <trkpt lat="46.772524" lon="-121.449708"/>
      <trkpt lat="46.772576" lon="-121.449619"/>
      <trkpt lat="46.772617" lon="-121.449574"/>
      <trkpt lat="46.772711" lon="-121.449520"/>
      <trkpt lat="46.772764" lon="-121.449479"/>
      <trkpt lat="46.772806" lon="-121.449410"/>
      <trkpt lat="46.772832" lon="-121.449357"/>
      <trkpt lat="46.772871" lon="-121.449295"/>
      <trkpt lat="46.772908" lon="-121.449268"/>
      <trkpt lat="46.772950" lon="-121.449260"/>
      <trkpt lat="46.772993" lon="-121.449265"/>
      <trkpt lat="46.773112" lon="-121.449304"/>
      <trkpt lat="46.773160" lon="-121.449294"/>
      <trkpt lat="46.773207" lon="-121.449271"/>
      <trkpt lat="46.773257" lon="-121.449272"/>
      <trkpt lat="46.773303" lon="-121.449298"/>
      <trkpt lat="46.773382" lon="-121.449428"/>
      <trkpt lat="46.773463" lon="-121.449586"/>
      <trkpt lat="46.773552" lon="-121.449815"/>
      <trkpt lat="46.773585" lon="-121.449854"/>
      <trkpt lat="46.773613" lon="-121.449876"/>
      <trkpt lat="46.773667" lon="-121.449901"/>
      <trkpt lat="46.773716" lon="-121.449917"/>
      <trkpt lat="46.773936" lon="-121.449929"/>
      <trkpt lat="46.773976" lon="-121.449941"/>
      <trkpt lat="46.774017" lon="-121.449971"/>
      <trkpt lat="46.774038" lon="-121.450015"/>
      <trkpt lat="46.774048" lon="-121.450068"/>
      <trkpt lat="46.774110" lon="-121.450328"/>
      <trkpt lat="46.774179" lon="-121.450659"/>
      <trkpt lat="46.774205" lon="-121.450734"/>
      <trkpt lat="46.774231" lon="-121.450796"/>
      <trkpt lat="46.774264" lon="-121.450844"/>
      <trkpt lat="46.774305" lon="-121.450881"/>
      <trkpt lat="46.774339" lon="-121.450899"/>
      <trkpt lat="46.774383" lon="-121.450915"/>
      <trkpt lat="46.774448" lon="-121.450903"/>
      <trkpt lat="46.774549" lon="-121.450859"/>
      <trkpt lat="46.774597" lon="-121.450860"/>
      <trkpt lat="46.774652" lon="-121.450887"/>
      <trkpt lat="46.774730" lon="-121.450895"/>
      <trkpt lat="46.775002" lon="-121.450863"/>
      <trkpt lat="46.775058" lon="-121.450837"/>
      <trkpt lat="46.775092" lon="-121.450806"/>
      <trkpt lat="46.775187" lon="-121.450664"/>
      <trkpt lat="46.775250" lon="-121.450593"/>
      <trkpt lat="46.775320" lon="-121.450572"/>
      <trkpt lat="46.775564" lon="-121.450623"/>
      <trkpt lat="46.775698" lon="-121.450636"/>
      <trkpt lat="46.775777" lon="-121.450682"/>
      <trkpt lat="46.775859" lon="-121.450749"/>
      <trkpt lat="46.775970" lon="-121.450815"/>
      <trkpt lat="46.776098" lon="-121.450867"/>
      <trkpt lat="46.776145" lon="-121.450903"/>
      <trkpt lat="46.776173" lon="-121.450930"/>
      <trkpt lat="46.776325" lon="-121.451033"/>
      <trkpt lat="46.776393" lon="-121.451088"/>
      <trkpt lat="46.776468" lon="-121.451155"/>
      <trkpt lat="46.776527" lon="-121.451228"/>
      <trkpt lat="46.776610" lon="-121.451307"/>
      <trkpt lat="46.776681" lon="-121.451361"/>
      <trkpt lat="46.776757" lon="-121.451401"/>
      <trkpt lat="46.776804" lon="-121.451420"/>
      <trkpt lat="46.777253" lon="-121.451535"/>
      <trkpt lat="46.777380" lon="-121.451598"/>
      <trkpt lat="46.777443" lon="-121.451612"/>
      <trkpt lat="46.777509" lon="-121.451604"/>
      <trkpt lat="46.777583" lon="-121.451586"/>
      <trkpt lat="46.777877" lon="-121.451566"/>
      <trkpt lat="46.778069" lon="-121.451607"/>
      <trkpt lat="46.778161" lon="-121.451636"/>
      <trkpt lat="46.778231" lon="-121.451678"/>
      <trkpt lat="46.778401" lon="-121.451793"/>
      <trkpt lat="46.778491" lon="-121.451839"/>
      <trkpt lat="46.778651" lon="-121.451878"/>
      <trkpt lat="46.778744" lon="-121.451950"/>
      <trkpt lat="46.778842" lon="-121.451972"/>
      <trkpt lat="46.778976" lon="-121.452025"/>
      <trkpt lat="46.779119" lon="-121.452093"/>
      <trkpt lat="46.779220" lon="-121.452126"/>
      <trkpt lat="46.779274" lon="-121.452154"/>
      <trkpt lat="46.779322" lon="-121.452193"/>
      <trkpt lat="46.779361" lon="-121.452249"/>
      <trkpt lat="46.779443" lon="-121.452350"/>
      <trkpt lat="46.779521" lon="-121.452459"/>
      <trkpt lat="46.779559" lon="-121.452581"/>
      <trkpt lat="46.779585" lon="-121.452633"/>
      <trkpt lat="46.779686" lon="-121.452746"/>
      <trkpt lat="46.779725" lon="-121.452803"/>
      <trkpt lat="46.779753" lon="-121.452823"/>
      <trkpt lat="46.779784" lon="-121.452836"/>
      <trkpt lat="46.779896" lon="-121.452939"/>
      <trkpt lat="46.779980" lon="-121.453001"/>
      <trkpt lat="46.780181" lon="-121.453090"/>
      <trkpt lat="46.780411" lon="-121.453140"/>
      <trkpt lat="46.780603" lon="-121.453224"/>
      <trkpt lat="46.780692" lon="-121.453253"/>
      <trkpt lat="46.780778" lon="-121.453247"/>
      <trkpt lat="46.780877" lon="-121.453257"/>
      <trkpt lat="46.780951" lon="-121.453281"/>
      <trkpt lat="46.781031" lon="-121.453322"/>
      <trkpt lat="46.781097" lon="-121.453337"/>
      <trkpt lat="46.781215" lon="-121.453342"/>
      <trkpt lat="46.781321" lon="-121.453328"/>
      <trkpt lat="46.781425" lon="-121.453307"/>
      <trkpt lat="46.781614" lon="-121.453163"/>
      <trkpt lat="46.781657" lon="-121.453140"/>
      <trkpt lat="46.781697" lon="-121.453137"/>
      <trkpt lat="46.781725" lon="-121.453156"/>
      <trkpt lat="46.781780" lon="-121.453165"/>
      <trkpt lat="46.781838" lon="-121.453149"/>
      <trkpt lat="46.781928" lon="-121.453094"/>
      <trkpt lat="46.781990" lon="-121.453074"/>
      <trkpt lat="46.782045" lon="-121.453027"/>
      <trkpt lat="46.782088" lon="-121.453002"/>
      <trkpt lat="46.782144" lon="-121.452984"/>
      <trkpt lat="46.782209" lon="-121.452991"/>
      <trkpt lat="46.782293" lon="-121.453032"/>
      <trkpt lat="46.782388" lon="-121.453059"/>
      <trkpt lat="46.782853" lon="-121.453278"/>
      <trkpt lat="46.782973" lon="-121.453305"/>
      <trkpt lat="46.783015" lon="-121.453332"/>
      <trkpt lat="46.783088" lon="-121.453432"/>
      <trkpt lat="46.783117" lon="-121.453458"/>
      <trkpt lat="46.783155" lon="-121.453470"/>
      <trkpt lat="46.783215" lon="-121.453459"/>
      <trkpt lat="46.783314" lon="-121.453450"/>
      <trkpt lat="46.783449" lon="-121.453459"/>
      <trkpt lat="46.783668" lon="-121.453509"/>
      <trkpt lat="46.783767" lon="-121.453501"/>
      <trkpt lat="46.783844" lon="-121.453514"/>
      <trkpt lat="46.783894" lon="-121.453533"/>
      <trkpt lat="46.783948" lon="-121.453541"/>
      <trkpt lat="46.784155" lon="-121.453522"/>
      <trkpt lat="46.784219" lon="-121.453522"/>
      <trkpt lat="46.784289" lon="-121.453498"/>
      <trkpt lat="46.784355" lon="-121.453436"/>
      <trkpt lat="46.784441" lon="-121.453375"/>
      <trkpt lat="46.784680" lon="-121.453329"/>
      <trkpt lat="46.784787" lon="-121.453299"/>
      <trkpt lat="46.784924" lon="-121.453227"/>
      <trkpt lat="46.785023" lon="-121.453165"/>
      <trkpt lat="46.785113" lon="-121.453101"/>
      <trkpt lat="46.785190" lon="-121.453101"/>
      <trkpt lat="46.785227" lon="-121.453069"/>
      <trkpt lat="46.785314" lon="-121.453029"/>
      <trkpt lat="46.785438" lon="-121.452894"/>
      <trkpt lat="46.785573" lon="-121.452811"/>
      <trkpt lat="46.785671" lon="-121.452723"/>
      <trkpt lat="46.785729" lon="-121.452683"/>
      <trkpt lat="46.785795" lon="-121.452662"/>
      <trkpt lat="46.785945" lon="-121.452634"/>
      <trkpt lat="46.786024" lon="-121.452632"/>
      <trkpt lat="46.786048" lon="-121.452624"/>
      <trkpt lat="46.786094" lon="-121.452600"/>
      <trkpt lat="46.786160" lon="-121.452535"/>
      <trkpt lat="46.786235" lon="-121.452489"/>
      <trkpt lat="46.786349" lon="-121.452460"/>
      <trkpt lat="46.786419" lon="-121.452409"/>
      <trkpt lat="46.786473" lon="-121.452388"/>
      <trkpt lat="46.786678" lon="-121.452457"/>
      <trkpt lat="46.786763" lon="-121.452538"/>
      <trkpt lat="46.786847" lon="-121.452567"/>
      <trkpt lat="46.786915" lon="-121.452562"/>
      <trkpt lat="46.786952" lon="-121.452554"/>
      <trkpt lat="46.787040" lon="-121.452476"/>
      <trkpt lat="46.787137" lon="-121.452463"/>
      <trkpt lat="46.787180" lon="-121.452431"/>
      <trkpt lat="46.787202" lon="-121.452381"/>
      <trkpt lat="46.787297" lon="-121.452216"/>
      <trkpt lat="46.787339" lon="-121.452181"/>
      <trkpt lat="46.787390" lon="-121.452165"/>
      <trkpt lat="46.787483" lon="-121.452093"/>
      <trkpt lat="46.787584" lon="-121.452055"/>
      <trkpt lat="46.787642" lon="-121.452026"/>
      <trkpt lat="46.787699" lon="-121.451961"/>
      <trkpt lat="46.787778" lon="-121.451852"/>
      <trkpt lat="46.787865" lon="-121.451744"/>
      <trkpt lat="46.787938" lon="-121.451610"/>
      <trkpt lat="46.787982" lon="-121.451510"/>
      <trkpt lat="46.788012" lon="-121.451387"/>
      <trkpt lat="46.788017" lon="-121.451186"/>
      <trkpt lat="46.788037" lon="-121.451076"/>
      <trkpt lat="46.788134" lon="-121.450818"/>
      <trkpt lat="46.788140" lon="-121.450738"/>
      <trkpt lat="46.788138" lon="-121.450647"/>
      <trkpt lat="46.788151" lon="-121.450566"/>
      <trkpt lat="46.788184" lon="-121.450502"/>
      <trkpt lat="46.788208" lon="-121.450432"/>
      <trkpt lat="46.788204" lon="-121.450308"/>
      <trkpt lat="46.788180" lon="-121.450156"/>
      <trkpt lat="46.788167" lon="-121.450018"/>
      <trkpt lat="46.788133" lon="-121.449797"/>
      <trkpt lat="46.788100" lon="-121.449692"/>
      <trkpt lat="46.788089" lon="-121.449598"/>
      <trkpt lat="46.788096" lon="-121.449504"/>
      <trkpt lat="46.788116" lon="-121.449426"/>
      <trkpt lat="46.788134" lon="-121.449287"/>
      <trkpt lat="46.788136" lon="-121.449131"/>
      <trkpt lat="46.788145" lon="-121.449003"/>
      <trkpt lat="46.788185" lon="-121.448917"/>
      <trkpt lat="46.788193" lon="-121.448850"/>
      <trkpt lat="46.788250" lon="-121.448734"/>
      <trkpt lat="46.788278" lon="-121.448608"/>
      <trkpt lat="46.788283" lon="-121.448509"/>
      <trkpt lat="46.788331" lon="-121.448348"/>
      <trkpt lat="46.788362" lon="-121.448308"/>
      <trkpt lat="46.788406" lon="-121.448308"/>
      <trkpt lat="46.788465" lon="-121.448327"/>
      <trkpt lat="46.788585" lon="-121.448345"/>
      <trkpt lat="46.788913" lon="-121.448430"/>
      <trkpt lat="46.789009" lon="-121.448447"/>
      <trkpt lat="46.789077" lon="-121.448426"/>
      <trkpt lat="46.789152" lon="-121.448434"/>
      <trkpt lat="46.789284" lon="-121.448469"/>
      <trkpt lat="46.789394" lon="-121.448531"/>
      <trkpt lat="46.789519" lon="-121.448582"/>
      <trkpt lat="46.789642" lon="-121.448600"/>
      <trkpt lat="46.789728" lon="-121.448579"/>
      <trkpt lat="46.789795" lon="-121.448555"/>
      <trkpt lat="46.790044" lon="-121.448391"/>
      <trkpt lat="46.790168" lon="-121.448316"/>
      <trkpt lat="46.790364" lon="-121.448217"/>
      <trkpt lat="46.790461" lon="-121.448177"/>
      <trkpt lat="46.790533" lon="-121.448131"/>
      <trkpt lat="46.790601" lon="-121.448048"/>
      <trkpt lat="46.790728" lon="-121.447941"/>
      <trkpt lat="46.790881" lon="-121.447825"/>
    </trkseg>
    <trkseg>
      <trkpt lat="46.771444" lon="-121.427024"/>
      <trkpt lat="46.771434" lon="-121.426927"/>
      <trkpt lat="46.771332" lon="-121.426695"/>
      <trkpt lat="46.771293" lon="-121.426561"/>
      <trkpt lat="46.771286" lon="-121.426496"/>
      <trkpt lat="46.771305" lon="-121.426444"/>
      <trkpt lat="46.771337" lon="-121.426427"/>
      <trkpt lat="46.771394" lon="-121.426440"/>
      <trkpt lat="46.771452" lon="-121.426473"/>
      <trkpt lat="46.771493" lon="-121.426483"/>
      <trkpt lat="46.771539" lon="-121.426464"/>
      <trkpt lat="46.771658" lon="-121.426312"/>
      <trkpt lat="46.771714" lon="-121.426233"/>
      <trkpt lat="46.771760" lon="-121.426157"/>
      <trkpt lat="46.771844" lon="-121.425961"/>
      <trkpt lat="46.771930" lon="-121.425796"/>
      <trkpt lat="46.771968" lon="-121.425765"/>
      <trkpt lat="46.771982" lon="-121.425800"/>
      <trkpt lat="46.771940" lon="-121.426017"/>
      <trkpt lat="46.771911" lon="-121.426203"/>
      <trkpt lat="46.771877" lon="-121.426265"/>
      <trkpt lat="46.771855" lon="-121.426343"/>
      <trkpt lat="46.771864" lon="-121.426429"/>
      <trkpt lat="46.772018" lon="-121.426672"/>
      <trkpt lat="46.772087" lon="-121.426848"/>
      <trkpt lat="46.772145" lon="-121.426943"/>
      <trkpt lat="46.772213" lon="-121.427033"/>
      <trkpt lat="46.772266" lon="-121.427096"/>
      <trkpt lat="46.772326" lon="-121.427145"/>
      <trkpt lat="46.772390" lon="-121.427169"/>
      <trkpt lat="46.772464" lon="-121.427188"/>
      <trkpt lat="46.772504" lon="-121.427230"/>
      <trkpt lat="46.772519" lon="-121.427288"/>
      <trkpt lat="46.772560" lon="-121.427557"/>
      <trkpt lat="46.772605" lon="-121.427666"/>
      <trkpt lat="46.772667" lon="-121.427725"/>
      <trkpt lat="46.772697" lon="-121.427782"/>
      <trkpt lat="46.772708" lon="-121.427925"/>
      <trkpt lat="46.772739" lon="-121.428010"/>
      <trkpt lat="46.772968" lon="-121.428556"/>
      <trkpt lat="46.773080" lon="-121.428772"/>
      <trkpt lat="46.773091" lon="-121.428891"/>
      <trkpt lat="46.773101" lon="-121.429117"/>
      <trkpt lat="46.773132" lon="-121.429252"/>
      <trkpt lat="46.773190" lon="-121.429569"/>
      <trkpt lat="46.773250" lon="-121.429719"/>
      <trkpt lat="46.773255" lon="-121.429862"/>
      <trkpt lat="46.773242" lon="-121.429949"/>
      <trkpt lat="46.773227" lon="-121.430066"/>
      <trkpt lat="46.773159" lon="-121.430190"/>
      <trkpt lat="46.773108" lon="-121.430337"/>
      <trkpt lat="46.773095" lon="-121.430439"/>
      <trkpt lat="46.773068" lon="-121.430608"/>
      <trkpt lat="46.773062" lon="-121.430737"/>
      <trkpt lat="46.773086" lon="-121.430836"/>
      <trkpt lat="46.773091" lon="-121.430911"/>
      <trkpt lat="46.773053" lon="-121.430967"/>
      <trkpt lat="46.773031" lon="-121.431064"/>
      <trkpt lat="46.773047" lon="-121.431198"/>
      <trkpt lat="46.773093" lon="-121.431308"/>
      <trkpt lat="46.773218" lon="-121.431480"/>
      <trkpt lat="46.773253" lon="-121.431587"/>
      <trkpt lat="46.773283" lon="-121.431751"/>
      <trkpt lat="46.773356" lon="-121.431955"/>
      <trkpt lat="46.773415" lon="-121.432185"/>
      <trkpt lat="46.773407" lon="-121.432260"/>
      <trkpt lat="46.773374" lon="-121.432333"/>
      <trkpt lat="46.773336" lon="-121.432368"/>
      <trkpt lat="46.773332" lon="-121.432445"/>
      <trkpt lat="46.773426" lon="-121.432644"/>
      <trkpt lat="46.773444" lon="-121.432799"/>
      <trkpt lat="46.773440" lon="-121.432917"/>
      <trkpt lat="46.773417" lon="-121.432992"/>
      <trkpt lat="46.773373" lon="-121.433110"/>
      <trkpt lat="46.773345" lon="-121.433234"/>
      <trkpt lat="46.773332" lon="-121.433491"/>
      <trkpt lat="46.773354" lon="-121.433915"/>
      <trkpt lat="46.773380" lon="-121.434044"/>
      <trkpt lat="46.773393" lon="-121.434398"/>
      <trkpt lat="46.773413" lon="-121.434610"/>
      <trkpt lat="46.773421" lon="-121.434814"/>
      <trkpt lat="46.773442" lon="-121.435103"/>
      <trkpt lat="46.773413" lon="-121.435307"/>
      <trkpt lat="46.773422" lon="-121.435406"/>
      <trkpt lat="46.773455" lon="-121.435444"/>
      <trkpt lat="46.773519" lon="-121.435443"/>
      <trkpt lat="46.773617" lon="-121.435476"/>
      <trkpt lat="46.773692" lon="-121.435524"/>
      <trkpt lat="46.773788" lon="-121.435621"/>
      <trkpt lat="46.773861" lon="-121.435664"/>
      <trkpt lat="46.774039" lon="-121.435787"/>
      <trkpt lat="46.774166" lon="-121.435846"/>
      <trkpt lat="46.774326" lon="-121.435903"/>
      <trkpt lat="46.774386" lon="-121.435954"/>
      <trkpt lat="46.774418" lon="-121.436007"/>
      <trkpt lat="46.774433" lon="-121.436074"/>
      <trkpt lat="46.774431" lon="-121.436184"/>
      <trkpt lat="46.774434" lon="-121.436286"/>
      <trkpt lat="46.774456" lon="-121.436404"/>
      <trkpt lat="46.774497" lon="-121.436528"/>
      <trkpt lat="46.774511" lon="-121.436683"/>
      <trkpt lat="46.774559" lon="-121.436970"/>
      <trkpt lat="46.774602" lon="-121.437112"/>
      <trkpt lat="46.774671" lon="-121.437225"/>
      <trkpt lat="46.774699" lon="-121.437338"/>
      <trkpt lat="46.774693" lon="-121.437426"/>
      <trkpt lat="46.774671" lon="-121.437531"/>
      <trkpt lat="46.774640" lon="-121.437635"/>
      <trkpt lat="46.774636" lon="-121.437721"/>
      <trkpt lat="46.774645" lon="-121.437861"/>
      <trkpt lat="46.774629" lon="-121.437968"/>
      <trkpt lat="46.774576" lon="-121.438091"/>
      <trkpt lat="46.774563" lon="-121.438175"/>
      <trkpt lat="46.774447" lon="-121.438542"/>
      <trkpt lat="46.774386" lon="-121.438706"/>
      <trkpt lat="46.774330" lon="-121.438883"/>
      <trkpt lat="46.774236" lon="-121.439113"/>
      <trkpt lat="46.774190" lon="-121.439205"/>
      <trkpt lat="46.774176" lon="-121.439278"/>
      <trkpt lat="46.774148" lon="-121.439349"/>
      <trkpt lat="46.774072" lon="-121.439432"/>
      <trkpt lat="46.773981" lon="-121.439575"/>
      <trkpt lat="46.773914" lon="-121.439695"/>
      <trkpt lat="46.773802" lon="-121.439883"/>
      <trkpt lat="46.773778" lon="-121.439964"/>
      <trkpt lat="46.773778" lon="-121.440039"/>
      <trkpt lat="46.773795" lon="-121.440117"/>
      <trkpt lat="46.773795" lon="-121.440205"/>
      <trkpt lat="46.773767" lon="-121.440283"/>
      <trkpt lat="46.773725" lon="-121.440339"/>
      <trkpt lat="46.773661" lon="-121.440387"/>
      <trkpt lat="46.773542" lon="-121.440377"/>
      <trkpt lat="46.773499" lon="-121.440387"/>
      <trkpt lat="46.773435" lon="-121.440430"/>
      <trkpt lat="46.773378" lon="-121.440476"/>
      <trkpt lat="46.773338" lon="-121.440548"/>
      <trkpt lat="46.773279" lon="-121.440634"/>
      <trkpt lat="46.773229" lon="-121.440760"/>
      <trkpt lat="46.773174" lon="-121.440830"/>
      <trkpt lat="46.773103" lon="-121.440964"/>
      <trkpt lat="46.773060" lon="-121.440996"/>
      <trkpt lat="46.772922" lon="-121.441082"/>
      <trkpt lat="46.772845" lon="-121.441176"/>
      <trkpt lat="46.772748" lon="-121.441243"/>
      <trkpt lat="46.772667" lon="-121.441291"/>
      <trkpt lat="46.772496" lon="-121.441364"/>
      <trkpt lat="46.772380" lon="-121.441385"/>
      <trkpt lat="46.772263" lon="-121.441436"/>
      <trkpt lat="46.772149" lon="-121.441471"/>
      <trkpt lat="46.771945" lon="-121.441597"/>
      <trkpt lat="46.771789" lon="-121.441747"/>
      <trkpt lat="46.771701" lon="-121.441857"/>
      <trkpt lat="46.771609" lon="-121.441997"/>
      <trkpt lat="46.771451" lon="-121.442348"/>
      <trkpt lat="46.771341" lon="-121.442697"/>
      <trkpt lat="46.771308" lon="-121.442847"/>
      <trkpt lat="46.771277" lon="-121.443149"/>
      <trkpt lat="46.771205" lon="-121.443520"/>
      <trkpt lat="46.771152" lon="-121.443839"/>
      <trkpt lat="46.771104" lon="-121.443992"/>
      <trkpt lat="46.771017" lon="-121.444239"/>
      <trkpt lat="46.770975" lon="-121.444438"/>
      <trkpt lat="46.770911" lon="-121.444708"/>
      <trkpt lat="46.770871" lon="-121.444996"/>
      <trkpt lat="46.770810" lon="-121.445180"/>
      <trkpt lat="46.770714" lon="-121.445387"/>
      <trkpt lat="46.770586" lon="-121.445561"/>
      <trkpt lat="46.770503" lon="-121.445717"/>
      <trkpt lat="46.770398" lon="-121.445848"/>
      <trkpt lat="46.770295" lon="-121.445948"/>
      <trkpt lat="46.770181" lon="-121.446101"/>
      <trkpt lat="46.770046" lon="-121.446205"/>
      <trkpt lat="46.769915" lon="-121.446329"/>
      <trkpt lat="46.769754" lon="-121.446441"/>
      <trkpt lat="46.769632" lon="-121.446548"/>
      <trkpt lat="46.769511" lon="-121.446672"/>
      <trkpt lat="46.769388" lon="-121.446755"/>
      <trkpt lat="46.769235" lon="-121.446918"/>
      <trkpt lat="46.769164" lon="-121.447045"/>
      <trkpt lat="46.769118" lon="-121.447195"/>
      <trkpt lat="46.769076" lon="-121.447310"/>
      <trkpt lat="46.769072" lon="-121.447361"/>
      <trkpt lat="46.769096" lon="-121.447361"/>
      <trkpt lat="46.769160" lon="-121.447270"/>
      <trkpt lat="46.769261" lon="-121.447205"/>
      <trkpt lat="46.769456" lon="-121.447045"/>
      <trkpt lat="46.769559" lon="-121.446940"/>
      <trkpt lat="46.769641" lon="-121.446876"/>
      <trkpt lat="46.769724" lon="-121.446849"/>
      <trkpt lat="46.769987" lon="-121.446815"/>
      <trkpt lat="46.770161" lon="-121.446806"/>
      <trkpt lat="46.770295" lon="-121.446787"/>
      <trkpt lat="46.770382" lon="-121.446766"/>
      <trkpt lat="46.770512" lon="-121.446664"/>
      <trkpt lat="46.770729" lon="-121.446428"/>
      <trkpt lat="46.770821" lon="-121.446315"/>
      <trkpt lat="46.770878" lon="-121.446221"/>
      <trkpt lat="46.770968" lon="-121.446162"/>
      <trkpt lat="46.771119" lon="-121.446090"/>
      <trkpt lat="46.771210" lon="-121.446015"/>
      <trkpt lat="46.771284" lon="-121.445990"/>
      <trkpt lat="46.771361" lon="-121.445990"/>
      <trkpt lat="46.771427" lon="-121.446031"/>
      <trkpt lat="46.771493" lon="-121.446038"/>
      <trkpt lat="46.771527" lon="-121.446047"/>
      <trkpt lat="46.771580" lon="-121.445996"/>
      <trkpt lat="46.771621" lon="-121.445908"/>
      <trkpt lat="46.771630" lon="-121.445825"/>
      <trkpt lat="46.771667" lon="-121.445711"/>
      <trkpt lat="46.771733" lon="-121.445571"/>
      <trkpt lat="46.771771" lon="-121.445476"/>
      <trkpt lat="46.771804" lon="-121.445343"/>
      <trkpt lat="46.771844" lon="-121.445256"/>
      <trkpt lat="46.771876" lon="-121.445205"/>
      <trkpt lat="46.771912" lon="-121.445190"/>
      <trkpt lat="46.772008" lon="-121.445193"/>
      <trkpt lat="46.772058" lon="-121.445136"/>
      <trkpt lat="46.772107" lon="-121.445112"/>
      <trkpt lat="46.772179" lon="-121.445100"/>
      <trkpt lat="46.772259" lon="-121.445113"/>
      <trkpt lat="46.772296" lon="-121.445140"/>
      <trkpt lat="46.772327" lon="-121.445181"/>
      <trkpt lat="46.772349" lon="-121.445252"/>
      <trkpt lat="46.772348" lon="-121.445300"/>
      <trkpt lat="46.772284" lon="-121.445591"/>
      <trkpt lat="46.772243" lon="-121.445683"/>
      <trkpt lat="46.772098" lon="-121.445860"/>
      <trkpt lat="46.772042" lon="-121.445985"/>
      <trkpt lat="46.772037" lon="-121.446064"/>
      <trkpt lat="46.772075" lon="-121.446173"/>
      <trkpt lat="46.772090" lon="-121.446253"/>
      <trkpt lat="46.772097" lon="-121.446413"/>
      <trkpt lat="46.772065" lon="-121.446501"/>
      <trkpt lat="46.771960" lon="-121.446653"/>
      <trkpt lat="46.771922" lon="-121.446736"/>
      <trkpt lat="46.771832" lon="-121.446961"/>
      <trkpt lat="46.771728" lon="-121.447144"/>
      <trkpt lat="46.771639" lon="-121.447281"/>
      <trkpt lat="46.771565" lon="-121.447380"/>
      <trkpt lat="46.771511" lon="-121.447424"/>
      <trkpt lat="46.771446" lon="-121.447429"/>
      <trkpt lat="46.771379" lon="-121.447463"/>
      <trkpt lat="46.771175" lon="-121.447529"/>
      <trkpt lat="46.771095" lon="-121.447521"/>
      <trkpt lat="46.771029" lon="-121.447525"/>
      <trkpt lat="46.770964" lon="-121.447562"/>
    </trkseg>
    <trkseg>
      <trkpt lat="46.771359" lon="-121.427424"/>
      <trkpt lat="46.771437" lon="-121.427285"/>
      <trkpt lat="46.771444" lon="-121.427024"/>
    </trkseg>
    <trkseg>
      <trkpt lat="46.764071" lon="-121.425910"/>
      <trkpt lat="46.764067" lon="-121.426080"/>
      <trkpt lat="46.764030" lon="-121.426223"/>
      <trkpt lat="46.763907" lon="-121.426531"/>
      <trkpt lat="46.763885" lon="-121.426598"/>
      <trkpt lat="46.763874" lon="-121.426692"/>
      <trkpt lat="46.763828" lon="-121.426755"/>
      <trkpt lat="46.763724" lon="-121.426874"/>
      <trkpt lat="46.763674" lon="-121.426990"/>
      <trkpt lat="46.763641" lon="-121.427078"/>
      <trkpt lat="46.763516" lon="-121.427271"/>
      <trkpt lat="46.763459" lon="-121.427388"/>
      <trkpt lat="46.763428" lon="-121.427491"/>
      <trkpt lat="46.763404" lon="-121.427722"/>
      <trkpt lat="46.763369" lon="-121.427896"/>
      <trkpt lat="46.763371" lon="-121.428057"/>
      <trkpt lat="46.763362" lon="-121.428269"/>
      <trkpt lat="46.763371" lon="-121.428422"/>
      <trkpt lat="46.763419" lon="-121.428540"/>
      <trkpt lat="46.763503" lon="-121.428633"/>
      <trkpt lat="46.763529" lon="-121.428688"/>
      <trkpt lat="46.763536" lon="-121.428870"/>
      <trkpt lat="46.763534" lon="-121.429014"/>
      <trkpt lat="46.763507" lon="-121.429216"/>
      <trkpt lat="46.763365" lon="-121.429822"/>
      <trkpt lat="46.763316" lon="-121.429994"/>
      <trkpt lat="46.763281" lon="-121.430152"/>
      <trkpt lat="46.763312" lon="-121.430182"/>
      <trkpt lat="46.763371" lon="-121.430131"/>
      <trkpt lat="46.763404" lon="-121.430053"/>
      <trkpt lat="46.763708" lon="-121.429657"/>
      <trkpt lat="46.763924" lon="-121.429291"/>
      <trkpt lat="46.764104" lon="-121.429165"/>
      <trkpt lat="46.764264" lon="-121.429018"/>
      <trkpt lat="46.764436" lon="-121.428811"/>
      <trkpt lat="46.764589" lon="-121.428607"/>
      <trkpt lat="46.764679" lon="-121.428470"/>
      <trkpt lat="46.764738" lon="-121.428347"/>
      <trkpt lat="46.764798" lon="-121.428256"/>
      <trkpt lat="46.764924" lon="-121.428087"/>
      <trkpt lat="46.765017" lon="-121.427939"/>
      <trkpt lat="46.765140" lon="-121.427770"/>
      <trkpt lat="46.765290" lon="-121.427654"/>
      <trkpt lat="46.765396" lon="-121.427483"/>
      <trkpt lat="46.765464" lon="-121.427400"/>
      <trkpt lat="46.765532" lon="-121.427368"/>
      <trkpt lat="46.765561" lon="-121.427438"/>
      <trkpt lat="46.765521" lon="-121.427489"/>
      <trkpt lat="46.765492" lon="-121.427581"/>
      <trkpt lat="46.765445" lon="-121.427701"/>
      <trkpt lat="46.765408" lon="-121.427843"/>
      <trkpt lat="46.765339" lon="-121.428162"/>
      <trkpt lat="46.765306" lon="-121.428237"/>
      <trkpt lat="46.765273" lon="-121.428288"/>
      <trkpt lat="46.765205" lon="-121.428309"/>
      <trkpt lat="46.765131" lon="-121.428441"/>
      <trkpt lat="46.765105" lon="-121.428522"/>
      <trkpt lat="46.765006" lon="-121.428696"/>
      <trkpt lat="46.764935" lon="-121.428841"/>
      <trkpt lat="46.764832" lon="-121.429031"/>
      <trkpt lat="46.764663" lon="-121.429293"/>
      <trkpt lat="46.764570" lon="-121.429541"/>
      <trkpt lat="46.764486" lon="-121.429728"/>
      <trkpt lat="46.764358" lon="-121.430064"/>
      <trkpt lat="46.764290" lon="-121.430302"/>
      <trkpt lat="46.764179" lon="-121.430731"/>
      <trkpt lat="46.764045" lon="-121.431037"/>
      <trkpt lat="46.763966" lon="-121.431249"/>
      <trkpt lat="46.763902" lon="-121.431391"/>
      <trkpt lat="46.763869" lon="-121.431501"/>
      <trkpt lat="46.763860" lon="-121.431657"/>
      <trkpt lat="46.763650" lon="-121.432411"/>
      <trkpt lat="46.763604" lon="-121.432633"/>
      <trkpt lat="46.763573" lon="-121.433038"/>
      <trkpt lat="46.763566" lon="-121.433231"/>
      <trkpt lat="46.763543" lon="-121.433478"/>
      <trkpt lat="46.763507" lon="-121.433765"/>
      <trkpt lat="46.763514" lon="-121.433988"/>
      <trkpt lat="46.763471" lon="-121.434375"/>
      <trkpt lat="46.763461" lon="-121.434690"/>
      <trkpt lat="46.763476" lon="-121.435085"/>
      <trkpt lat="46.763463" lon="-121.435272"/>
      <trkpt lat="46.763398" lon="-121.435596"/>
      <trkpt lat="46.763395" lon="-121.435916"/>
      <trkpt lat="46.763388" lon="-121.436133"/>
      <trkpt lat="46.763382" lon="-121.436222"/>
      <trkpt lat="46.763404" lon="-121.436313"/>
      <trkpt lat="46.763454" lon="-121.436375"/>
      <trkpt lat="46.763538" lon="-121.436375"/>
      <trkpt lat="46.763593" lon="-121.436361"/>
      <trkpt lat="46.763790" lon="-121.436466"/>
      <trkpt lat="46.763915" lon="-121.436562"/>
      <trkpt lat="46.763969" lon="-121.436659"/>
      <trkpt lat="46.764032" lon="-121.436804"/>
      <trkpt lat="46.764080" lon="-121.437013"/>
      <trkpt lat="46.764163" lon="-121.437174"/>
      <trkpt lat="46.764186" lon="-121.437286"/>
      <trkpt lat="46.764189" lon="-121.437512"/>
      <trkpt lat="46.764232" lon="-121.437788"/>
      <trkpt lat="46.764264" lon="-121.437939"/>
      <trkpt lat="46.764268" lon="-121.438043"/>
      <trkpt lat="46.764200" lon="-121.438153"/>
      <trkpt lat="46.764178" lon="-121.438258"/>
      <trkpt lat="46.764200" lon="-121.438381"/>
      <trkpt lat="46.764229" lon="-121.438437"/>
      <trkpt lat="46.764269" lon="-121.438448"/>
      <trkpt lat="46.764315" lon="-121.438424"/>
      <trkpt lat="46.764361" lon="-121.438352"/>
      <trkpt lat="46.764433" lon="-121.438207"/>
      <trkpt lat="46.764484" lon="-121.438046"/>
      <trkpt lat="46.764539" lon="-121.437839"/>
      <trkpt lat="46.764578" lon="-121.437614"/>
      <trkpt lat="46.764606" lon="-121.437383"/>
      <trkpt lat="46.764631" lon="-121.436852"/>
      <trkpt lat="46.764595" lon="-121.436670"/>
      <trkpt lat="46.764604" lon="-121.436487"/>
      <trkpt lat="46.764646" lon="-121.436284"/>
      <trkpt lat="46.764659" lon="-121.436045"/>
      <trkpt lat="46.764640" lon="-121.435881"/>
      <trkpt lat="46.764600" lon="-121.435753"/>
      <trkpt lat="46.764502" lon="-121.435594"/>
      <trkpt lat="46.764415" lon="-121.435476"/>
      <trkpt lat="46.764345" lon="-121.435364"/>
      <trkpt lat="46.764351" lon="-121.435302"/>
      <trkpt lat="46.764449" lon="-121.435369"/>
      <trkpt lat="46.764528" lon="-121.435441"/>
      <trkpt lat="46.764695" lon="-121.435519"/>
      <trkpt lat="46.764790" lon="-121.435603"/>
      <trkpt lat="46.764894" lon="-121.435793"/>
      <trkpt lat="46.765032" lon="-121.436072"/>
      <trkpt lat="46.765063" lon="-121.436192"/>
      <trkpt lat="46.765098" lon="-121.436353"/>
      <trkpt lat="46.765113" lon="-121.436463"/>
      <trkpt lat="46.765109" lon="-121.436549"/>
      <trkpt lat="46.765074" lon="-121.436643"/>
      <trkpt lat="46.765087" lon="-121.436723"/>
      <trkpt lat="46.765137" lon="-121.436774"/>
      <trkpt lat="46.765170" lon="-121.436756"/>
      <trkpt lat="46.765228" lon="-121.436747"/>
      <trkpt lat="46.765274" lon="-121.436783"/>
      <trkpt lat="46.765359" lon="-121.436968"/>
      <trkpt lat="46.765396" lon="-121.437110"/>
      <trkpt lat="46.765418" lon="-121.437263"/>
      <trkpt lat="46.765414" lon="-121.437501"/>
      <trkpt lat="46.765399" lon="-121.437635"/>
      <trkpt lat="46.765405" lon="-121.437778"/>
      <trkpt lat="46.765427" lon="-121.437944"/>
      <trkpt lat="46.765469" lon="-121.438097"/>
      <trkpt lat="46.765515" lon="-121.438207"/>
      <trkpt lat="46.765531" lon="-121.438315"/>
      <trkpt lat="46.765541" lon="-121.438483"/>
      <trkpt lat="46.765517" lon="-121.438716"/>
      <trkpt lat="46.765513" lon="-121.438944"/>
      <trkpt lat="46.765544" lon="-121.439171"/>
      <trkpt lat="46.765563" lon="-121.439276"/>
      <trkpt lat="46.765577" lon="-121.439441"/>
      <trkpt lat="46.765618" lon="-121.439481"/>
      <trkpt lat="46.765684" lon="-121.439443"/>
      <trkpt lat="46.765717" lon="-121.439357"/>
      <trkpt lat="46.765724" lon="-121.439274"/>
      <trkpt lat="46.765704" lon="-121.439223"/>
      <trkpt lat="46.765686" lon="-121.439140"/>
      <trkpt lat="46.765680" lon="-121.439036"/>
      <trkpt lat="46.765695" lon="-121.438875"/>
      <trkpt lat="46.765739" lon="-121.438810"/>
      <trkpt lat="46.765818" lon="-121.438743"/>
      <trkpt lat="46.765870" lon="-121.438660"/>
      <trkpt lat="46.765905" lon="-121.438515"/>
      <trkpt lat="46.765973" lon="-121.438055"/>
      <trkpt lat="46.766028" lon="-121.437786"/>
      <trkpt lat="46.766079" lon="-121.437652"/>
      <trkpt lat="46.766143" lon="-121.437555"/>
      <trkpt lat="46.766188" lon="-121.437448"/>
      <trkpt lat="46.766243" lon="-121.437134"/>
      <trkpt lat="46.766307" lon="-121.436984"/>
      <trkpt lat="46.766428" lon="-121.436659"/>
      <trkpt lat="46.766634" lon="-121.436292"/>
      <trkpt lat="46.766707" lon="-121.436098"/>
      <trkpt lat="46.766746" lon="-121.435964"/>
      <trkpt lat="46.766794" lon="-121.435846"/>
      <trkpt lat="46.766891" lon="-121.435554"/>
      <trkpt lat="46.766961" lon="-121.435305"/>
      <trkpt lat="46.767035" lon="-121.435004"/>
      <trkpt lat="46.767066" lon="-121.434862"/>
      <trkpt lat="46.767114" lon="-121.434733"/>
      <trkpt lat="46.767170" lon="-121.434662"/>
      <trkpt lat="46.767260" lon="-121.434508"/>
      <trkpt lat="46.767490" lon="-121.434315"/>
      <trkpt lat="46.767597" lon="-121.434208"/>
      <trkpt lat="46.767723" lon="-121.434056"/>
      <trkpt lat="46.767837" lon="-121.433931"/>
      <trkpt lat="46.767999" lon="-121.433786"/>
      <trkpt lat="46.768179" lon="-121.433690"/>
      <trkpt lat="46.768337" lon="-121.433658"/>
      <trkpt lat="46.768499" lon="-121.433591"/>
      <trkpt lat="46.768619" lon="-121.433578"/>
      <trkpt lat="46.768643" lon="-121.433533"/>
      <trkpt lat="46.768677" lon="-121.433486"/>
      <trkpt lat="46.768863" lon="-121.433329"/>
      <trkpt lat="46.768948" lon="-121.433281"/>
      <trkpt lat="46.769055" lon="-121.433249"/>
      <trkpt lat="46.769292" lon="-121.433136"/>
      <trkpt lat="46.769416" lon="-121.433061"/>
      <trkpt lat="46.769498" lon="-121.432991"/>
      <trkpt lat="46.769571" lon="-121.432908"/>
      <trkpt lat="46.769648" lon="-121.432809"/>
      <trkpt lat="46.769719" lon="-121.432672"/>
      <trkpt lat="46.769783" lon="-121.432566"/>
      <trkpt lat="46.769821" lon="-121.432484"/>
      <trkpt lat="46.769860" lon="-121.432443"/>
      <trkpt lat="46.769900" lon="-121.432357"/>
      <trkpt lat="46.769986" lon="-121.432205"/>
      <trkpt lat="46.770012" lon="-121.432125"/>
      <trkpt lat="46.770037" lon="-121.432032"/>
      <trkpt lat="46.770068" lon="-121.431952"/>
      <trkpt lat="46.770104" lon="-121.431902"/>
      <trkpt lat="46.770145" lon="-121.431799"/>
      <trkpt lat="46.770167" lon="-121.431686"/>
      <trkpt lat="46.770175" lon="-121.431572"/>
      <trkpt lat="46.770166" lon="-121.431435"/>
      <trkpt lat="46.770189" lon="-121.431151"/>
      <trkpt lat="46.770182" lon="-121.431018"/>
      <trkpt lat="46.770167" lon="-121.430865"/>
      <trkpt lat="46.770122" lon="-121.430646"/>
      <trkpt lat="46.770086" lon="-121.430580"/>
      <trkpt lat="46.770051" lon="-121.430505"/>
      <trkpt lat="46.770038" lon="-121.430438"/>
      <trkpt lat="46.770035" lon="-121.430325"/>
      <trkpt lat="46.770040" lon="-121.430282"/>
      <trkpt lat="46.770098" lon="-121.430123"/>
      <trkpt lat="46.770161" lon="-121.429790"/>
      <trkpt lat="46.770205" lon="-121.429658"/>
      <trkpt lat="46.770273" lon="-121.429510"/>
      <trkpt lat="46.770368" lon="-121.429404"/>
      <trkpt lat="46.770462" lon="-121.429276"/>
      <trkpt lat="46.770514" lon="-121.429177"/>
      <trkpt lat="46.770554" lon="-121.429068"/>
      <trkpt lat="46.770602" lon="-121.428800"/>
      <trkpt lat="46.770655" lon="-121.428645"/>
      <trkpt lat="46.770733" lon="-121.428354"/>
      <trkpt lat="46.770787" lon="-121.428258"/>
      <trkpt lat="46.770884" lon="-121.428130"/>
      <trkpt lat="46.770966" lon="-121.427973"/>
      <trkpt lat="46.771085" lon="-121.427879"/>
      <trkpt lat="46.771120" lon="-121.427817"/>
      <trkpt lat="46.771156" lon="-121.427709"/>
      <trkpt lat="46.771189" lon="-121.427537"/>
      <trkpt lat="46.771226" lon="-121.427451"/>
      <trkpt lat="46.771279" lon="-121.427418"/>
      <trkpt lat="46.771359" lon="-121.427424"/>
    </trkseg>
    <trkseg>
      <trkpt lat="46.752064" lon="-121.419577"/>
      <trkpt lat="46.752131" lon="-121.419602"/>
      <trkpt lat="46.752175" lon="-121.419587"/>
      <trkpt lat="46.752240" lon="-121.419553"/>
      <trkpt lat="46.752299" lon="-121.419553"/>
      <trkpt lat="46.752524" lon="-121.419653"/>
      <trkpt lat="46.752669" lon="-121.419710"/>
      <trkpt lat="46.752755" lon="-121.419757"/>
      <trkpt lat="46.752814" lon="-121.419796"/>
      <trkpt lat="46.752880" lon="-121.419809"/>
      <trkpt lat="46.753062" lon="-121.419823"/>
      <trkpt lat="46.753261" lon="-121.419851"/>
      <trkpt lat="46.753689" lon="-121.419886"/>
      <trkpt lat="46.753767" lon="-121.419909"/>
      <trkpt lat="46.753944" lon="-121.420000"/>
      <trkpt lat="46.754057" lon="-121.420131"/>
      <trkpt lat="46.754121" lon="-121.420198"/>
      <trkpt lat="46.754409" lon="-121.420284"/>
      <trkpt lat="46.754569" lon="-121.420357"/>
      <trkpt lat="46.754710" lon="-121.420340"/>
      <trkpt lat="46.754810" lon="-121.420279"/>
      <trkpt lat="46.754939" lon="-121.420239"/>
      <trkpt lat="46.754998" lon="-121.420190"/>
      <trkpt lat="46.755088" lon="-121.420217"/>
      <trkpt lat="46.755179" lon="-121.420273"/>
      <trkpt lat="46.755248" lon="-121.420299"/>
      <trkpt lat="46.755315" lon="-121.420378"/>
      <trkpt lat="46.755383" lon="-121.420472"/>
      <trkpt lat="46.755429" lon="-121.420520"/>
      <trkpt lat="46.755472" lon="-121.420520"/>
      <trkpt lat="46.755511" lon="-121.420488"/>
      <trkpt lat="46.755549" lon="-121.420448"/>
      <trkpt lat="46.755613" lon="-121.420453"/>
      <trkpt lat="46.755668" lon="-121.420483"/>
      <trkpt lat="46.755767" lon="-121.420520"/>
      <trkpt lat="46.755885" lon="-121.420531"/>
      <trkpt lat="46.755975" lon="-121.420582"/>
      <trkpt lat="46.756065" lon="-121.420625"/>
      <trkpt lat="46.756168" lon="-121.420638"/>
      <trkpt lat="46.756271" lon="-121.420644"/>
      <trkpt lat="46.756398" lon="-121.420708"/>
      <trkpt lat="46.756622" lon="-121.420880"/>
      <trkpt lat="46.756692" lon="-121.420903"/>
      <trkpt lat="46.756780" lon="-121.420912"/>
      <trkpt lat="46.756903" lon="-121.420912"/>
      <trkpt lat="46.756986" lon="-121.420920"/>
      <trkpt lat="46.757118" lon="-121.420960"/>
      <trkpt lat="46.757299" lon="-121.421102"/>
      <trkpt lat="46.757407" lon="-121.421204"/>
      <trkpt lat="46.757473" lon="-121.421277"/>
      <trkpt lat="46.757554" lon="-121.421330"/>
      <trkpt lat="46.757638" lon="-121.421346"/>
      <trkpt lat="46.757754" lon="-121.421381"/>
      <trkpt lat="46.757881" lon="-121.421454"/>
      <trkpt lat="46.758147" lon="-121.421655"/>
      <trkpt lat="46.758211" lon="-121.421719"/>
      <trkpt lat="46.758283" lon="-121.421826"/>
      <trkpt lat="46.758342" lon="-121.421955"/>
      <trkpt lat="46.758584" lon="-121.422095"/>
      <trkpt lat="46.758682" lon="-121.422138"/>
      <trkpt lat="46.758766" lon="-121.422132"/>
      <trkpt lat="46.758899" lon="-121.422095"/>
      <trkpt lat="46.759038" lon="-121.422116"/>
      <trkpt lat="46.759150" lon="-121.422148"/>
      <trkpt lat="46.759233" lon="-121.422164"/>
      <trkpt lat="46.759321" lon="-121.422111"/>
      <trkpt lat="46.759426" lon="-121.422119"/>
      <trkpt lat="46.759492" lon="-121.422170"/>
      <trkpt lat="46.759564" lon="-121.422180"/>
      <trkpt lat="46.759670" lon="-121.422164"/>
      <trkpt lat="46.759797" lon="-121.422081"/>
      <trkpt lat="46.759929" lon="-121.422046"/>
      <trkpt lat="46.760070" lon="-121.421956"/>
      <trkpt lat="46.760146" lon="-121.421920"/>
      <trkpt lat="46.760235" lon="-121.421920"/>
      <trkpt lat="46.760310" lon="-121.421963"/>
      <trkpt lat="46.760409" lon="-121.422097"/>
      <trkpt lat="46.760645" lon="-121.422293"/>
      <trkpt lat="46.760909" lon="-121.422494"/>
      <trkpt lat="46.760979" lon="-121.422607"/>
      <trkpt lat="46.761036" lon="-121.422663"/>
      <trkpt lat="46.761118" lon="-121.422690"/>
      <trkpt lat="46.761203" lon="-121.422754"/>
      <trkpt lat="46.761311" lon="-121.422851"/>
      <trkpt lat="46.761363" lon="-121.422980"/>
      <trkpt lat="46.761410" lon="-121.423047"/>
      <trkpt lat="46.761519" lon="-121.423170"/>
      <trkpt lat="46.761576" lon="-121.423299"/>
      <trkpt lat="46.761587" lon="-121.423476"/>
      <trkpt lat="46.761620" lon="-121.423589"/>
      <trkpt lat="46.761671" lon="-121.423666"/>
      <trkpt lat="46.761782" lon="-121.423782"/>
      <trkpt lat="46.761892" lon="-121.423822"/>
      <trkpt lat="46.762011" lon="-121.423873"/>
      <trkpt lat="46.762204" lon="-121.424037"/>
      <trkpt lat="46.762491" lon="-121.424257"/>
      <trkpt lat="46.762612" lon="-121.424436"/>
      <trkpt lat="46.762730" lon="-121.424712"/>
      <trkpt lat="46.762935" lon="-121.425137"/>
      <trkpt lat="46.763101" lon="-121.425372"/>
      <trkpt lat="46.763410" lon="-121.425549"/>
      <trkpt lat="46.763511" lon="-121.425571"/>
      <trkpt lat="46.763602" lon="-121.425512"/>
      <trkpt lat="46.763652" lon="-121.425472"/>
      <trkpt lat="46.763740" lon="-121.425488"/>
      <trkpt lat="46.763792" lon="-121.425555"/>
      <trkpt lat="46.763838" lon="-121.425734"/>
      <trkpt lat="46.763866" lon="-121.425776"/>
      <trkpt lat="46.763928" lon="-121.425866"/>
      <trkpt lat="46.764071" lon="-121.425910"/>
    </trkseg>
    <trkseg>
      <trkpt lat="46.751589" lon="-121.419418"/>
      <trkpt lat="46.752011" lon="-121.419562"/>
      <trkpt lat="46.752064" lon="-121.419577"/>
    </trkseg>
    <trkseg>
      <trkpt lat="46.748528" lon="-121.418950"/>
      <trkpt lat="46.748698" lon="-121.418948"/>
      <trkpt lat="46.748855" lon="-121.418905"/>
      <trkpt lat="46.749102" lon="-121.418759"/>
      <trkpt lat="46.749240" lon="-121.418707"/>
      <trkpt lat="46.749339" lon="-121.418678"/>
      <trkpt lat="46.749727" lon="-121.418801"/>
      <trkpt lat="46.749960" lon="-121.418828"/>
      <trkpt lat="46.750083" lon="-121.418836"/>
      <trkpt lat="46.750260" lon="-121.418798"/>
      <trkpt lat="46.750317" lon="-121.418758"/>
      <trkpt lat="46.750445" lon="-121.418629"/>
      <trkpt lat="46.750506" lon="-121.418600"/>
      <trkpt lat="46.750580" lon="-121.418600"/>
      <trkpt lat="46.750651" lon="-121.418624"/>
      <trkpt lat="46.750706" lon="-121.418664"/>
      <trkpt lat="46.750879" lon="-121.418841"/>
      <trkpt lat="46.751011" lon="-121.418946"/>
      <trkpt lat="46.751170" lon="-121.419058"/>
      <trkpt lat="46.751289" lon="-121.419201"/>
      <trkpt lat="46.751379" lon="-121.419281"/>
      <trkpt lat="46.751519" lon="-121.419388"/>
      <trkpt lat="46.751589" lon="-121.419418"/>
    </trkseg>
    <trkseg>
      <trkpt lat="46.748429" lon="-121.418952"/>
      <trkpt lat="46.748528" lon="-121.418950"/>
    </trkseg>
    <trkseg>
      <trkpt lat="46.660502" lon="-121.413888"/>
      <trkpt lat="46.660707" lon="-121.413922"/>
      <trkpt lat="46.660818" lon="-121.413911"/>
      <trkpt lat="46.660930" lon="-121.413866"/>
      <trkpt lat="46.661147" lon="-121.413736"/>
      <trkpt lat="46.661279" lon="-121.413611"/>
      <trkpt lat="46.661539" lon="-121.413428"/>
      <trkpt lat="46.661835" lon="-121.413203"/>
      <trkpt lat="46.661937" lon="-121.413104"/>
      <trkpt lat="46.662075" lon="-121.413018"/>
      <trkpt lat="46.662248" lon="-121.412930"/>
      <trkpt lat="46.662445" lon="-121.412863"/>
      <trkpt lat="46.662535" lon="-121.412838"/>
      <trkpt lat="46.662771" lon="-121.412844"/>
      <trkpt lat="46.662852" lon="-121.412814"/>
      <trkpt lat="46.662942" lon="-121.412731"/>
      <trkpt lat="46.663075" lon="-121.412644"/>
      <trkpt lat="46.663126" lon="-121.412597"/>
      <trkpt lat="46.663185" lon="-121.412565"/>
      <trkpt lat="46.663246" lon="-121.412576"/>
      <trkpt lat="46.663315" lon="-121.412605"/>
      <trkpt lat="46.663385" lon="-121.412613"/>
      <trkpt lat="46.663450" lon="-121.412613"/>
      <trkpt lat="46.663558" lon="-121.412565"/>
      <trkpt lat="46.663713" lon="-121.412460"/>
      <trkpt lat="46.663825" lon="-121.412412"/>
      <trkpt lat="46.663960" lon="-121.412374"/>
      <trkpt lat="46.664122" lon="-121.412366"/>
      <trkpt lat="46.664420" lon="-121.412385"/>
      <trkpt lat="46.664506" lon="-121.412415"/>
      <trkpt lat="46.664586" lon="-121.412511"/>
      <trkpt lat="46.664685" lon="-121.412567"/>
      <trkpt lat="46.664755" lon="-121.412573"/>
      <trkpt lat="46.664808" lon="-121.412530"/>
      <trkpt lat="46.664895" lon="-121.412506"/>
      <trkpt lat="46.665003" lon="-121.412522"/>
      <trkpt lat="46.665072" lon="-121.412541"/>
      <trkpt lat="46.665123" lon="-121.412525"/>
      <trkpt lat="46.665187" lon="-121.412466"/>
      <trkpt lat="46.665241" lon="-121.412299"/>
      <trkpt lat="46.665260" lon="-121.412200"/>
      <trkpt lat="46.665290" lon="-121.411999"/>
      <trkpt lat="46.665316" lon="-121.411704"/>
      <trkpt lat="46.665302" lon="-121.411487"/>
      <trkpt lat="46.665307" lon="-121.411326"/>
      <trkpt lat="46.665307" lon="-121.411170"/>
      <trkpt lat="46.665335" lon="-121.411031"/>
      <trkpt lat="46.665381" lon="-121.410926"/>
      <trkpt lat="46.665438" lon="-121.410859"/>
      <trkpt lat="46.665519" lon="-121.410776"/>
      <trkpt lat="46.665609" lon="-121.410727"/>
      <trkpt lat="46.665734" lon="-121.410709"/>
      <trkpt lat="46.665905" lon="-121.410722"/>
      <trkpt lat="46.665972" lon="-121.410746"/>
      <trkpt lat="46.666060" lon="-121.410864"/>
      <trkpt lat="46.666123" lon="-121.410915"/>
      <trkpt lat="46.666205" lon="-121.410918"/>
      <trkpt lat="46.666260" lon="-121.410902"/>
      <trkpt lat="46.666315" lon="-121.410859"/>
      <trkpt lat="46.666474" lon="-121.410749"/>
      <trkpt lat="46.666520" lon="-121.410725"/>
      <trkpt lat="46.666579" lon="-121.410725"/>
      <trkpt lat="46.666741" lon="-121.410765"/>
      <trkpt lat="46.666940" lon="-121.410792"/>
      <trkpt lat="46.666989" lon="-121.410835"/>
      <trkpt lat="46.667056" lon="-121.410950"/>
      <trkpt lat="46.667139" lon="-121.411063"/>
      <trkpt lat="46.667207" lon="-121.411146"/>
      <trkpt lat="46.667249" lon="-121.411189"/>
      <trkpt lat="46.667299" lon="-121.411210"/>
      <trkpt lat="46.667380" lon="-121.411200"/>
      <trkpt lat="46.667621" lon="-121.411125"/>
      <trkpt lat="46.667804" lon="-121.411039"/>
      <trkpt lat="46.668013" lon="-121.410982"/>
      <trkpt lat="46.668077" lon="-121.410988"/>
      <trkpt lat="46.668131" lon="-121.411017"/>
      <trkpt lat="46.668221" lon="-121.411127"/>
      <trkpt lat="46.668269" lon="-121.411200"/>
      <trkpt lat="46.668328" lon="-121.411224"/>
      <trkpt lat="46.668379" lon="-121.411197"/>
      <trkpt lat="46.668394" lon="-121.411143"/>
      <trkpt lat="46.668438" lon="-121.411103"/>
      <trkpt lat="46.668530" lon="-121.411100"/>
      <trkpt lat="46.668659" lon="-121.411114"/>
      <trkpt lat="46.668847" lon="-121.411147"/>
      <trkpt lat="46.668981" lon="-121.411197"/>
      <trkpt lat="46.669114" lon="-121.411205"/>
      <trkpt lat="46.669353" lon="-121.411280"/>
      <trkpt lat="46.669415" lon="-121.411280"/>
      <trkpt lat="46.669469" lon="-121.411226"/>
      <trkpt lat="46.669526" lon="-121.411202"/>
      <trkpt lat="46.669576" lon="-121.411232"/>
      <trkpt lat="46.669609" lon="-121.411288"/>
      <trkpt lat="46.669671" lon="-121.411355"/>
      <trkpt lat="46.669780" lon="-121.411428"/>
      <trkpt lat="46.669879" lon="-121.411460"/>
      <trkpt lat="46.669969" lon="-121.411436"/>
      <trkpt lat="46.670094" lon="-121.411339"/>
      <trkpt lat="46.670142" lon="-121.411221"/>
      <trkpt lat="46.670164" lon="-121.411154"/>
      <trkpt lat="46.670218" lon="-121.411087"/>
      <trkpt lat="46.670295" lon="-121.411025"/>
      <trkpt lat="46.670358" lon="-121.410947"/>
      <trkpt lat="46.670455" lon="-121.410886"/>
      <trkpt lat="46.670520" lon="-121.410872"/>
      <trkpt lat="46.670599" lon="-121.410886"/>
      <trkpt lat="46.670707" lon="-121.410934"/>
      <trkpt lat="46.670790" lon="-121.411001"/>
      <trkpt lat="46.670910" lon="-121.411047"/>
      <trkpt lat="46.671076" lon="-121.411172"/>
      <trkpt lat="46.671188" lon="-121.411210"/>
      <trkpt lat="46.671328" lon="-121.411231"/>
      <trkpt lat="46.671507" lon="-121.411225"/>
      <trkpt lat="46.671721" lon="-121.411162"/>
      <trkpt lat="46.671780" lon="-121.411162"/>
      <trkpt lat="46.671922" lon="-121.411257"/>
      <trkpt lat="46.671996" lon="-121.411280"/>
      <trkpt lat="46.672043" lon="-121.411263"/>
      <trkpt lat="46.672106" lon="-121.411256"/>
      <trkpt lat="46.672182" lon="-121.411202"/>
      <trkpt lat="46.672313" lon="-121.411191"/>
      <trkpt lat="46.672439" lon="-121.411197"/>
      <trkpt lat="46.672609" lon="-121.411184"/>
      <trkpt lat="46.672920" lon="-121.411114"/>
      <trkpt lat="46.673185" lon="-121.411124"/>
      <trkpt lat="46.673255" lon="-121.411175"/>
      <trkpt lat="46.673319" lon="-121.411167"/>
      <trkpt lat="46.673440" lon="-121.411098"/>
      <trkpt lat="46.673652" lon="-121.411084"/>
      <trkpt lat="46.673695" lon="-121.411055"/>
      <trkpt lat="46.673742" lon="-121.410985"/>
      <trkpt lat="46.673810" lon="-121.410942"/>
      <trkpt lat="46.673910" lon="-121.410926"/>
      <trkpt lat="46.674087" lon="-121.410931"/>
      <trkpt lat="46.674178" lon="-121.410878"/>
      <trkpt lat="46.674272" lon="-121.410848"/>
      <trkpt lat="46.674350" lon="-121.410851"/>
      <trkpt lat="46.674433" lon="-121.410880"/>
      <trkpt lat="46.674493" lon="-121.410886"/>
      <trkpt lat="46.674574" lon="-121.410854"/>
      <trkpt lat="46.674766" lon="-121.410685"/>
      <trkpt lat="46.674832" lon="-121.410593"/>
      <trkpt lat="46.674892" lon="-121.410540"/>
      <trkpt lat="46.674959" lon="-121.410513"/>
      <trkpt lat="46.675097" lon="-121.410516"/>
      <trkpt lat="46.675220" lon="-121.410465"/>
      <trkpt lat="46.675365" lon="-121.410430"/>
      <trkpt lat="46.675537" lon="-121.410420"/>
      <trkpt lat="46.675629" lon="-121.410395"/>
      <trkpt lat="46.675726" lon="-121.410395"/>
      <trkpt lat="46.675827" lon="-121.410422"/>
      <trkpt lat="46.675930" lon="-121.410470"/>
      <trkpt lat="46.676006" lon="-121.410486"/>
      <trkpt lat="46.676170" lon="-121.410494"/>
      <trkpt lat="46.676352" lon="-121.410550"/>
      <trkpt lat="46.676389" lon="-121.410542"/>
      <trkpt lat="46.676435" lon="-121.410516"/>
      <trkpt lat="46.676549" lon="-121.410358"/>
      <trkpt lat="46.676632" lon="-121.410223"/>
      <trkpt lat="46.676747" lon="-121.410061"/>
      <trkpt lat="46.676892" lon="-121.409784"/>
      <trkpt lat="46.677036" lon="-121.409424"/>
      <trkpt lat="46.677121" lon="-121.409110"/>
      <trkpt lat="46.677233" lon="-121.408812"/>
      <trkpt lat="46.677314" lon="-121.408606"/>
      <trkpt lat="46.677498" lon="-121.408193"/>
      <trkpt lat="46.677530" lon="-121.408053"/>
      <trkpt lat="46.677579" lon="-121.407943"/>
      <trkpt lat="46.677686" lon="-121.407798"/>
      <trkpt lat="46.677732" lon="-121.407712"/>
      <trkpt lat="46.677793" lon="-121.407529"/>
      <trkpt lat="46.677809" lon="-121.407356"/>
      <trkpt lat="46.677848" lon="-121.407184"/>
      <trkpt lat="46.677981" lon="-121.406897"/>
      <trkpt lat="46.678060" lon="-121.406828"/>
      <trkpt lat="46.678387" lon="-121.406645"/>
      <trkpt lat="46.678601" lon="-121.406469"/>
      <trkpt lat="46.678667" lon="-121.406407"/>
      <trkpt lat="46.678719" lon="-121.406302"/>
      <trkpt lat="46.678748" lon="-121.406272"/>
      <trkpt lat="46.678836" lon="-121.406264"/>
      <trkpt lat="46.678880" lon="-121.406227"/>
      <trkpt lat="46.678919" lon="-121.406152"/>
      <trkpt lat="46.678963" lon="-121.406079"/>
      <trkpt lat="46.679013" lon="-121.406028"/>
      <trkpt lat="46.679144" lon="-121.406009"/>
      <trkpt lat="46.679315" lon="-121.406004"/>
      <trkpt lat="46.679462" lon="-121.406012"/>
      <trkpt lat="46.679561" lon="-121.405975"/>
      <trkpt lat="46.679705" lon="-121.405883"/>
      <trkpt lat="46.679952" lon="-121.405819"/>
      <trkpt lat="46.680036" lon="-121.405776"/>
      <trkpt lat="46.680082" lon="-121.405722"/>
      <trkpt lat="46.680130" lon="-121.405655"/>
      <trkpt lat="46.680185" lon="-121.405543"/>
      <trkpt lat="46.680377" lon="-121.405202"/>
      <trkpt lat="46.680474" lon="-121.404934"/>
      <trkpt lat="46.680540" lon="-121.404819"/>
      <trkpt lat="46.680566" lon="-121.404746"/>
      <trkpt lat="46.680562" lon="-121.404556"/>
      <trkpt lat="46.680586" lon="-121.404454"/>
      <trkpt lat="46.680629" lon="-121.404373"/>
      <trkpt lat="46.680697" lon="-121.404280"/>
      <trkpt lat="46.680814" lon="-121.404140"/>
      <trkpt lat="46.681006" lon="-121.403860"/>
      <trkpt lat="46.681148" lon="-121.403735"/>
      <trkpt lat="46.681298" lon="-121.403553"/>
      <trkpt lat="46.681370" lon="-121.403451"/>
      <trkpt lat="46.681424" lon="-121.403413"/>
      <trkpt lat="46.681539" lon="-121.403440"/>
      <trkpt lat="46.681690" lon="-121.403453"/>
      <trkpt lat="46.681854" lon="-121.403424"/>
      <trkpt lat="46.682024" lon="-121.403358"/>
      <trkpt lat="46.682127" lon="-121.403346"/>
      <trkpt lat="46.682241" lon="-121.403365"/>
      <trkpt lat="46.682338" lon="-121.403405"/>
      <trkpt lat="46.682537" lon="-121.403534"/>
      <trkpt lat="46.682846" lon="-121.403692"/>
      <trkpt lat="46.682955" lon="-121.403719"/>
      <trkpt lat="46.683102" lon="-121.403735"/>
      <trkpt lat="46.683267" lon="-121.403789"/>
      <trkpt lat="46.683409" lon="-121.403826"/>
      <trkpt lat="46.683505" lon="-121.403805"/>
      <trkpt lat="46.683584" lon="-121.403764"/>
      <trkpt lat="46.683661" lon="-121.403679"/>
      <trkpt lat="46.683716" lon="-121.403630"/>
      <trkpt lat="46.683770" lon="-121.403617"/>
      <trkpt lat="46.683829" lon="-121.403657"/>
      <trkpt lat="46.683992" lon="-121.403660"/>
      <trkpt lat="46.684075" lon="-121.403692"/>
      <trkpt lat="46.684134" lon="-121.403756"/>
      <trkpt lat="46.684206" lon="-121.403850"/>
      <trkpt lat="46.684261" lon="-121.403909"/>
      <trkpt lat="46.684314" lon="-121.403936"/>
      <trkpt lat="46.684366" lon="-121.403931"/>
      <trkpt lat="46.684462" lon="-121.403848"/>
      <trkpt lat="46.684730" lon="-121.403636"/>
      <trkpt lat="46.684791" lon="-121.403612"/>
      <trkpt lat="46.684922" lon="-121.403598"/>
      <trkpt lat="46.684982" lon="-121.403579"/>
      <trkpt lat="46.685019" lon="-121.403550"/>
      <trkpt lat="46.685056" lon="-121.403486"/>
      <trkpt lat="46.685080" lon="-121.403426"/>
      <trkpt lat="46.685133" lon="-121.403376"/>
      <trkpt lat="46.685190" lon="-121.403338"/>
      <trkpt lat="46.685268" lon="-121.403322"/>
      <trkpt lat="46.685321" lon="-121.403325"/>
      <trkpt lat="46.685420" lon="-121.403303"/>
      <trkpt lat="46.685564" lon="-121.403228"/>
      <trkpt lat="46.685663" lon="-121.403182"/>
      <trkpt lat="46.685751" lon="-121.403156"/>
      <trkpt lat="46.685825" lon="-121.403174"/>
      <trkpt lat="46.685976" lon="-121.403287"/>
      <trkpt lat="46.686042" lon="-121.403298"/>
      <trkpt lat="46.686140" lon="-121.403271"/>
      <trkpt lat="46.686265" lon="-121.403212"/>
      <trkpt lat="46.686401" lon="-121.403118"/>
      <trkpt lat="46.686473" lon="-121.403054"/>
      <trkpt lat="46.686554" lon="-121.402997"/>
      <trkpt lat="46.686624" lon="-121.402981"/>
      <trkpt lat="46.686819" lon="-121.402981"/>
      <trkpt lat="46.686878" lon="-121.402952"/>
      <trkpt lat="46.686953" lon="-121.402845"/>
      <trkpt lat="46.687028" lon="-121.402788"/>
      <trkpt lat="46.687089" lon="-121.402756"/>
      <trkpt lat="46.687146" lon="-121.402708"/>
      <trkpt lat="46.687216" lon="-121.402678"/>
      <trkpt lat="46.687299" lon="-121.402681"/>
      <trkpt lat="46.687393" lon="-121.402668"/>
      <trkpt lat="46.687490" lon="-121.402633"/>
      <trkpt lat="46.687608" lon="-121.402547"/>
      <trkpt lat="46.687713" lon="-121.402418"/>
      <trkpt lat="46.687845" lon="-121.402228"/>
      <trkpt lat="46.688004" lon="-121.401925"/>
      <trkpt lat="46.688108" lon="-121.401788"/>
      <trkpt lat="46.688208" lon="-121.401683"/>
      <trkpt lat="46.688259" lon="-121.401603"/>
      <trkpt lat="46.688353" lon="-121.401511"/>
      <trkpt lat="46.688467" lon="-121.401431"/>
      <trkpt lat="46.688624" lon="-121.401289"/>
      <trkpt lat="46.688721" lon="-121.401246"/>
      <trkpt lat="46.688782" lon="-121.401243"/>
      <trkpt lat="46.688824" lon="-121.401206"/>
      <trkpt lat="46.688854" lon="-121.401120"/>
      <trkpt lat="46.688877" lon="-121.401002"/>
      <trkpt lat="46.688890" lon="-121.400911"/>
      <trkpt lat="46.688916" lon="-121.400825"/>
      <trkpt lat="46.688986" lon="-121.400734"/>
      <trkpt lat="46.689050" lon="-121.400696"/>
      <trkpt lat="46.689240" lon="-121.400677"/>
      <trkpt lat="46.689323" lon="-121.400640"/>
      <trkpt lat="46.689372" lon="-121.400586"/>
      <trkpt lat="46.689394" lon="-121.400465"/>
      <trkpt lat="46.689407" lon="-121.400345"/>
      <trkpt lat="46.689430" lon="-121.400272"/>
      <trkpt lat="46.689468" lon="-121.400200"/>
      <trkpt lat="46.689687" lon="-121.399838"/>
      <trkpt lat="46.689742" lon="-121.399781"/>
      <trkpt lat="46.689816" lon="-121.399736"/>
      <trkpt lat="46.689926" lon="-121.399736"/>
      <trkpt lat="46.690105" lon="-121.399792"/>
      <trkpt lat="46.690197" lon="-121.399827"/>
      <trkpt lat="46.690270" lon="-121.399878"/>
      <trkpt lat="46.690343" lon="-121.399990"/>
      <trkpt lat="46.690349" lon="-121.400055"/>
      <trkpt lat="46.690349" lon="-121.400173"/>
      <trkpt lat="46.690364" lon="-121.400272"/>
      <trkpt lat="46.690403" lon="-121.400361"/>
      <trkpt lat="46.690451" lon="-121.400425"/>
      <trkpt lat="46.690605" lon="-121.400597"/>
      <trkpt lat="46.690660" lon="-121.400680"/>
      <trkpt lat="46.690692" lon="-121.400819"/>
      <trkpt lat="46.690728" lon="-121.400911"/>
      <trkpt lat="46.690785" lon="-121.400996"/>
      <trkpt lat="46.690881" lon="-121.401120"/>
      <trkpt lat="46.690953" lon="-121.401190"/>
      <trkpt lat="46.691008" lon="-121.401222"/>
      <trkpt lat="46.691175" lon="-121.401233"/>
      <trkpt lat="46.691328" lon="-121.401275"/>
      <trkpt lat="46.691413" lon="-121.401265"/>
      <trkpt lat="46.691501" lon="-121.401273"/>
      <trkpt lat="46.691586" lon="-121.401334"/>
      <trkpt lat="46.691668" lon="-121.401431"/>
      <trkpt lat="46.691739" lon="-121.401558"/>
      <trkpt lat="46.691827" lon="-121.401665"/>
      <trkpt lat="46.691889" lon="-121.401731"/>
      <trkpt lat="46.691987" lon="-121.401779"/>
      <trkpt lat="46.692051" lon="-121.401831"/>
      <trkpt lat="46.692077" lon="-121.401925"/>
      <trkpt lat="46.692105" lon="-121.402005"/>
      <trkpt lat="46.692154" lon="-121.402075"/>
      <trkpt lat="46.692233" lon="-121.402139"/>
      <trkpt lat="46.692369" lon="-121.402206"/>
      <trkpt lat="46.692524" lon="-121.402238"/>
      <trkpt lat="46.692610" lon="-121.402235"/>
      <trkpt lat="46.692740" lon="-121.402246"/>
      <trkpt lat="46.692854" lon="-121.402159"/>
      <trkpt lat="46.692890" lon="-121.402091"/>
      <trkpt lat="46.692973" lon="-121.402021"/>
      <trkpt lat="46.693010" lon="-121.401922"/>
      <trkpt lat="46.693021" lon="-121.401820"/>
      <trkpt lat="46.693048" lon="-121.401745"/>
      <trkpt lat="46.693081" lon="-121.401750"/>
      <trkpt lat="46.693089" lon="-121.401812"/>
      <trkpt lat="46.693125" lon="-121.401862"/>
      <trkpt lat="46.693205" lon="-121.402029"/>
      <trkpt lat="46.693253" lon="-121.402059"/>
      <trkpt lat="46.693284" lon="-121.401962"/>
      <trkpt lat="46.693323" lon="-121.401868"/>
      <trkpt lat="46.693337" lon="-121.401755"/>
      <trkpt lat="46.693360" lon="-121.401525"/>
      <trkpt lat="46.693396" lon="-121.401369"/>
      <trkpt lat="46.693424" lon="-121.401227"/>
      <trkpt lat="46.693424" lon="-121.400857"/>
      <trkpt lat="46.693389" lon="-121.400677"/>
      <trkpt lat="46.693359" lon="-121.400559"/>
      <trkpt lat="46.693350" lon="-121.400447"/>
      <trkpt lat="46.693359" lon="-121.400390"/>
      <trkpt lat="46.693400" lon="-121.400331"/>
      <trkpt lat="46.693459" lon="-121.400304"/>
      <trkpt lat="46.693571" lon="-121.400312"/>
      <trkpt lat="46.693897" lon="-121.400404"/>
      <trkpt lat="46.694022" lon="-121.400460"/>
      <trkpt lat="46.694108" lon="-121.400473"/>
      <trkpt lat="46.694207" lon="-121.400471"/>
      <trkpt lat="46.694263" lon="-121.400428"/>
      <trkpt lat="46.694301" lon="-121.400342"/>
      <trkpt lat="46.694316" lon="-121.400240"/>
      <trkpt lat="46.694310" lon="-121.400122"/>
      <trkpt lat="46.694292" lon="-121.399907"/>
      <trkpt lat="46.694193" lon="-121.399379"/>
      <trkpt lat="46.694147" lon="-121.398845"/>
      <trkpt lat="46.694147" lon="-121.398733"/>
      <trkpt lat="46.694152" lon="-121.398666"/>
      <trkpt lat="46.694196" lon="-121.398599"/>
      <trkpt lat="46.694417" lon="-121.398336"/>
      <trkpt lat="46.694590" lon="-121.398148"/>
      <trkpt lat="46.694726" lon="-121.397984"/>
      <trkpt lat="46.694829" lon="-121.397874"/>
      <trkpt lat="46.694881" lon="-121.397799"/>
      <trkpt lat="46.694914" lon="-121.397719"/>
      <trkpt lat="46.694941" lon="-121.397606"/>
      <trkpt lat="46.694986" lon="-121.397493"/>
      <trkpt lat="46.695059" lon="-121.397437"/>
      <trkpt lat="46.695140" lon="-121.397437"/>
      <trkpt lat="46.695228" lon="-121.397408"/>
      <trkpt lat="46.695462" lon="-121.397182"/>
      <trkpt lat="46.695526" lon="-121.397122"/>
      <trkpt lat="46.695557" lon="-121.397080"/>
      <trkpt lat="46.695586" lon="-121.396970"/>
      <trkpt lat="46.695591" lon="-121.396812"/>
      <trkpt lat="46.695567" lon="-121.396721"/>
      <trkpt lat="46.695495" lon="-121.396603"/>
      <trkpt lat="46.695390" lon="-121.396480"/>
      <trkpt lat="46.695194" lon="-121.396166"/>
      <trkpt lat="46.695116" lon="-121.396056"/>
      <trkpt lat="46.695054" lon="-121.395946"/>
      <trkpt lat="46.694987" lon="-121.395777"/>
      <trkpt lat="46.694822" lon="-121.395396"/>
      <trkpt lat="46.694730" lon="-121.395206"/>
      <trkpt lat="46.694697" lon="-121.395063"/>
      <trkpt lat="46.694634" lon="-121.394964"/>
      <trkpt lat="46.694561" lon="-121.394916"/>
      <trkpt lat="46.694500" lon="-121.394854"/>
      <trkpt lat="46.694456" lon="-121.394758"/>
      <trkpt lat="46.694415" lon="-121.394634"/>
      <trkpt lat="46.694401" lon="-121.394524"/>
      <trkpt lat="46.694402" lon="-121.394420"/>
      <trkpt lat="46.694424" lon="-121.394326"/>
      <trkpt lat="46.694474" lon="-121.394235"/>
      <trkpt lat="46.694540" lon="-121.394160"/>
      <trkpt lat="46.694688" lon="-121.394074"/>
      <trkpt lat="46.694805" lon="-121.393951"/>
      <trkpt lat="46.694848" lon="-121.393875"/>
      <trkpt lat="46.694905" lon="-121.393714"/>
      <trkpt lat="46.694923" lon="-121.393551"/>
      <trkpt lat="46.694965" lon="-121.393403"/>
      <trkpt lat="46.695078" lon="-121.393127"/>
      <trkpt lat="46.695135" lon="-121.392953"/>
      <trkpt lat="46.695157" lon="-121.392773"/>
      <trkpt lat="46.695219" lon="-121.392558"/>
      <trkpt lat="46.695300" lon="-121.392330"/>
      <trkpt lat="46.695370" lon="-121.392086"/>
      <trkpt lat="46.695456" lon="-121.391914"/>
      <trkpt lat="46.695589" lon="-121.391738"/>
      <trkpt lat="46.695743" lon="-121.391593"/>
      <trkpt lat="46.695804" lon="-121.391480"/>
      <trkpt lat="46.695869" lon="-121.391384"/>
      <trkpt lat="46.695984" lon="-121.391240"/>
      <trkpt lat="46.696080" lon="-121.391086"/>
      <trkpt lat="46.696367" lon="-121.390796"/>
      <trkpt lat="46.696501" lon="-121.390635"/>
      <trkpt lat="46.696553" lon="-121.390530"/>
      <trkpt lat="46.696561" lon="-121.390406"/>
      <trkpt lat="46.696496" lon="-121.390190"/>
      <trkpt lat="46.696500" lon="-121.389997"/>
      <trkpt lat="46.696551" lon="-121.389678"/>
      <trkpt lat="46.696570" lon="-121.389527"/>
      <trkpt lat="46.696555" lon="-121.389401"/>
      <trkpt lat="46.696476" lon="-121.389187"/>
      <trkpt lat="46.696430" lon="-121.389104"/>
      <trkpt lat="46.696395" lon="-121.389020"/>
      <trkpt lat="46.696383" lon="-121.388898"/>
      <trkpt lat="46.696463" lon="-121.388511"/>
      <trkpt lat="46.696509" lon="-121.388421"/>
      <trkpt lat="46.696823" lon="-121.388086"/>
      <trkpt lat="46.696945" lon="-121.387880"/>
      <trkpt lat="46.697024" lon="-121.387698"/>
      <trkpt lat="46.697072" lon="-121.387599"/>
      <trkpt lat="46.697114" lon="-121.387545"/>
      <trkpt lat="46.697160" lon="-121.387526"/>
      <trkpt lat="46.697395" lon="-121.387473"/>
      <trkpt lat="46.697664" lon="-121.387373"/>
      <trkpt lat="46.697837" lon="-121.387266"/>
      <trkpt lat="46.698050" lon="-121.387121"/>
      <trkpt lat="46.698188" lon="-121.386990"/>
      <trkpt lat="46.698420" lon="-121.386749"/>
      <trkpt lat="46.698586" lon="-121.386601"/>
      <trkpt lat="46.698654" lon="-121.386496"/>
      <trkpt lat="46.698755" lon="-121.386303"/>
      <trkpt lat="46.698812" lon="-121.386167"/>
      <trkpt lat="46.698860" lon="-121.386035"/>
      <trkpt lat="46.698908" lon="-121.385952"/>
      <trkpt lat="46.698972" lon="-121.385880"/>
      <trkpt lat="46.699178" lon="-121.385715"/>
      <trkpt lat="46.699268" lon="-121.385592"/>
      <trkpt lat="46.699393" lon="-121.385475"/>
      <trkpt lat="46.699477" lon="-121.385428"/>
      <trkpt lat="46.699561" lon="-121.385391"/>
      <trkpt lat="46.699710" lon="-121.385359"/>
      <trkpt lat="46.699824" lon="-121.385357"/>
      <trkpt lat="46.699925" lon="-121.385397"/>
      <trkpt lat="46.700039" lon="-121.385528"/>
      <trkpt lat="46.700192" lon="-121.385783"/>
      <trkpt lat="46.700238" lon="-121.385890"/>
      <trkpt lat="46.700273" lon="-121.386054"/>
      <trkpt lat="46.700308" lon="-121.386260"/>
      <trkpt lat="46.700352" lon="-121.386376"/>
      <trkpt lat="46.700396" lon="-121.386443"/>
      <trkpt lat="46.700493" lon="-121.386572"/>
      <trkpt lat="46.700569" lon="-121.386684"/>
      <trkpt lat="46.700655" lon="-121.386783"/>
      <trkpt lat="46.700745" lon="-121.386802"/>
      <trkpt lat="46.700784" lon="-121.386821"/>
      <trkpt lat="46.700824" lon="-121.386872"/>
      <trkpt lat="46.700955" lon="-121.387092"/>
      <trkpt lat="46.701029" lon="-121.387183"/>
      <trkpt lat="46.701095" lon="-121.387277"/>
      <trkpt lat="46.701137" lon="-121.387331"/>
      <trkpt lat="46.701196" lon="-121.387363"/>
      <trkpt lat="46.701259" lon="-121.387333"/>
      <trkpt lat="46.701354" lon="-121.387204"/>
      <trkpt lat="46.701444" lon="-121.387162"/>
      <trkpt lat="46.701746" lon="-121.386950"/>
      <trkpt lat="46.701805" lon="-121.386867"/>
      <trkpt lat="46.701845" lon="-121.386781"/>
      <trkpt lat="46.701906" lon="-121.386515"/>
      <trkpt lat="46.701917" lon="-121.386419"/>
      <trkpt lat="46.701923" lon="-121.386346"/>
      <trkpt lat="46.701877" lon="-121.386185"/>
      <trkpt lat="46.701856" lon="-121.386083"/>
      <trkpt lat="46.701864" lon="-121.386000"/>
      <trkpt lat="46.701882" lon="-121.385938"/>
      <trkpt lat="46.701954" lon="-121.385885"/>
      <trkpt lat="46.702016" lon="-121.385820"/>
      <trkpt lat="46.702062" lon="-121.385732"/>
      <trkpt lat="46.702088" lon="-121.385617"/>
      <trkpt lat="46.702139" lon="-121.385423"/>
      <trkpt lat="46.702210" lon="-121.385261"/>
      <trkpt lat="46.702338" lon="-121.385067"/>
      <trkpt lat="46.702408" lon="-121.385011"/>
      <trkpt lat="46.702596" lon="-121.384946"/>
      <trkpt lat="46.703010" lon="-121.384828"/>
      <trkpt lat="46.703252" lon="-121.384796"/>
      <trkpt lat="46.703453" lon="-121.384801"/>
      <trkpt lat="46.703600" lon="-121.384825"/>
      <trkpt lat="46.703801" lon="-121.384828"/>
      <trkpt lat="46.703924" lon="-121.384852"/>
      <trkpt lat="46.704051" lon="-121.384925"/>
      <trkpt lat="46.704173" lon="-121.384966"/>
      <trkpt lat="46.704325" lon="-121.385032"/>
      <trkpt lat="46.704415" lon="-121.385118"/>
      <trkpt lat="46.704496" lon="-121.385225"/>
      <trkpt lat="46.704533" lon="-121.385316"/>
      <trkpt lat="46.704540" lon="-121.385394"/>
      <trkpt lat="46.704485" lon="-121.385609"/>
      <trkpt lat="46.704488" lon="-121.385684"/>
      <trkpt lat="46.704529" lon="-121.385756"/>
      <trkpt lat="46.704584" lon="-121.385818"/>
      <trkpt lat="46.704667" lon="-121.385861"/>
      <trkpt lat="46.704775" lon="-121.385893"/>
      <trkpt lat="46.704866" lon="-121.385944"/>
      <trkpt lat="46.705007" lon="-121.386102"/>
      <trkpt lat="46.705145" lon="-121.386227"/>
      <trkpt lat="46.705233" lon="-121.386295"/>
      <trkpt lat="46.705290" lon="-121.386317"/>
      <trkpt lat="46.705340" lon="-121.386314"/>
      <trkpt lat="46.705405" lon="-121.386247"/>
      <trkpt lat="46.705461" lon="-121.386175"/>
      <trkpt lat="46.705524" lon="-121.386134"/>
      <trkpt lat="46.705631" lon="-121.386113"/>
      <trkpt lat="46.705699" lon="-121.386065"/>
      <trkpt lat="46.705767" lon="-121.386035"/>
      <trkpt lat="46.705857" lon="-121.386065"/>
      <trkpt lat="46.705960" lon="-121.386134"/>
      <trkpt lat="46.706091" lon="-121.386180"/>
      <trkpt lat="46.706276" lon="-121.386177"/>
      <trkpt lat="46.706328" lon="-121.386150"/>
      <trkpt lat="46.706387" lon="-121.386100"/>
      <trkpt lat="46.706420" lon="-121.386032"/>
      <trkpt lat="46.706425" lon="-121.385941"/>
      <trkpt lat="46.706451" lon="-121.385826"/>
      <trkpt lat="46.706486" lon="-121.385732"/>
      <trkpt lat="46.706550" lon="-121.385651"/>
      <trkpt lat="46.706580" lon="-121.385603"/>
      <trkpt lat="46.706596" lon="-121.385512"/>
      <trkpt lat="46.706609" lon="-121.385332"/>
      <trkpt lat="46.706630" lon="-121.385216"/>
      <trkpt lat="46.706650" lon="-121.385128"/>
      <trkpt lat="46.706655" lon="-121.385037"/>
      <trkpt lat="46.706635" lon="-121.384809"/>
      <trkpt lat="46.706672" lon="-121.384724"/>
      <trkpt lat="46.706821" lon="-121.384630"/>
      <trkpt lat="46.706869" lon="-121.384565"/>
      <trkpt lat="46.706902" lon="-121.384506"/>
      <trkpt lat="46.706909" lon="-121.384383"/>
      <trkpt lat="46.706926" lon="-121.384265"/>
      <trkpt lat="46.706933" lon="-121.384107"/>
      <trkpt lat="46.706931" lon="-121.383972"/>
      <trkpt lat="46.706940" lon="-121.383846"/>
      <trkpt lat="46.706981" lon="-121.383739"/>
      <trkpt lat="46.707023" lon="-121.383675"/>
      <trkpt lat="46.707078" lon="-121.383653"/>
      <trkpt lat="46.707130" lon="-121.383661"/>
      <trkpt lat="46.707163" lon="-121.383680"/>
      <trkpt lat="46.707249" lon="-121.383811"/>
      <trkpt lat="46.707376" lon="-121.383900"/>
      <trkpt lat="46.707442" lon="-121.383905"/>
      <trkpt lat="46.707518" lon="-121.383889"/>
      <trkpt lat="46.707643" lon="-121.383803"/>
      <trkpt lat="46.707706" lon="-121.383774"/>
      <trkpt lat="46.707853" lon="-121.383826"/>
      <trkpt lat="46.707993" lon="-121.383864"/>
      <trkpt lat="46.708222" lon="-121.383777"/>
      <trkpt lat="46.708291" lon="-121.383774"/>
      <trkpt lat="46.708378" lon="-121.383829"/>
      <trkpt lat="46.708465" lon="-121.383975"/>
      <trkpt lat="46.708554" lon="-121.384307"/>
      <trkpt lat="46.708712" lon="-121.384769"/>
      <trkpt lat="46.708845" lon="-121.384979"/>
      <trkpt lat="46.709032" lon="-121.385414"/>
      <trkpt lat="46.709319" lon="-121.385906"/>
      <trkpt lat="46.709354" lon="-121.386052"/>
      <trkpt lat="46.709337" lon="-121.386382"/>
      <trkpt lat="46.709391" lon="-121.386746"/>
      <trkpt lat="46.709433" lon="-121.386888"/>
      <trkpt lat="46.709549" lon="-121.387099"/>
      <trkpt lat="46.709743" lon="-121.387090"/>
      <trkpt lat="46.710276" lon="-121.387099"/>
      <trkpt lat="46.710405" lon="-121.387124"/>
      <trkpt lat="46.710527" lon="-121.387199"/>
      <trkpt lat="46.710578" lon="-121.387210"/>
      <trkpt lat="46.710645" lon="-121.387183"/>
      <trkpt lat="46.710681" lon="-121.387092"/>
      <trkpt lat="46.710685" lon="-121.386995"/>
      <trkpt lat="46.710702" lon="-121.386873"/>
      <trkpt lat="46.710744" lon="-121.386792"/>
      <trkpt lat="46.710799" lon="-121.386759"/>
      <trkpt lat="46.710869" lon="-121.386781"/>
      <trkpt lat="46.710969" lon="-121.386892"/>
      <trkpt lat="46.711056" lon="-121.386947"/>
      <trkpt lat="46.711148" lon="-121.386958"/>
      <trkpt lat="46.711218" lon="-121.386936"/>
      <trkpt lat="46.711288" lon="-121.386856"/>
      <trkpt lat="46.711343" lon="-121.386684"/>
      <trkpt lat="46.711413" lon="-121.386437"/>
      <trkpt lat="46.711461" lon="-121.386239"/>
      <trkpt lat="46.711480" lon="-121.386116"/>
      <trkpt lat="46.711597" lon="-121.385863"/>
      <trkpt lat="46.711691" lon="-121.385732"/>
      <trkpt lat="46.711737" lon="-121.385595"/>
      <trkpt lat="46.711744" lon="-121.385440"/>
      <trkpt lat="46.711770" lon="-121.385286"/>
      <trkpt lat="46.711836" lon="-121.385128"/>
      <trkpt lat="46.711914" lon="-121.384989"/>
      <trkpt lat="46.711980" lon="-121.384919"/>
      <trkpt lat="46.712053" lon="-121.384903"/>
      <trkpt lat="46.712167" lon="-121.384962"/>
      <trkpt lat="46.712267" lon="-121.385053"/>
      <trkpt lat="46.712329" lon="-121.385166"/>
      <trkpt lat="46.712359" lon="-121.385279"/>
      <trkpt lat="46.712340" lon="-121.385531"/>
      <trkpt lat="46.712319" lon="-121.385747"/>
      <trkpt lat="46.712318" lon="-121.385880"/>
      <trkpt lat="46.712362" lon="-121.385971"/>
      <trkpt lat="46.712432" lon="-121.386024"/>
      <trkpt lat="46.712524" lon="-121.386046"/>
      <trkpt lat="46.712603" lon="-121.386011"/>
      <trkpt lat="46.712668" lon="-121.385999"/>
      <trkpt lat="46.712813" lon="-121.386089"/>
      <trkpt lat="46.712842" lon="-121.386137"/>
      <trkpt lat="46.712861" lon="-121.386183"/>
      <trkpt lat="46.712903" lon="-121.386341"/>
      <trkpt lat="46.712956" lon="-121.386480"/>
      <trkpt lat="46.713049" lon="-121.386637"/>
      <trkpt lat="46.713092" lon="-121.386732"/>
      <trkpt lat="46.713160" lon="-121.386789"/>
      <trkpt lat="46.713249" lon="-121.386810"/>
      <trkpt lat="46.713352" lon="-121.386816"/>
      <trkpt lat="46.713448" lon="-121.386798"/>
      <trkpt lat="46.713523" lon="-121.386794"/>
      <trkpt lat="46.713567" lon="-121.386848"/>
      <trkpt lat="46.713589" lon="-121.386990"/>
      <trkpt lat="46.713569" lon="-121.387154"/>
      <trkpt lat="46.713443" lon="-121.387638"/>
      <trkpt lat="46.713421" lon="-121.387814"/>
      <trkpt lat="46.713403" lon="-121.387910"/>
      <trkpt lat="46.713407" lon="-121.388009"/>
      <trkpt lat="46.713431" lon="-121.388098"/>
      <trkpt lat="46.713468" lon="-121.388143"/>
      <trkpt lat="46.713530" lon="-121.388197"/>
      <trkpt lat="46.713580" lon="-121.388293"/>
      <trkpt lat="46.713684" lon="-121.388531"/>
      <trkpt lat="46.713720" lon="-121.388648"/>
      <trkpt lat="46.713751" lon="-121.388693"/>
      <trkpt lat="46.713815" lon="-121.388717"/>
      <trkpt lat="46.713975" lon="-121.388723"/>
      <trkpt lat="46.714047" lon="-121.388693"/>
      <trkpt lat="46.714117" lon="-121.388674"/>
      <trkpt lat="46.714185" lon="-121.388707"/>
      <trkpt lat="46.714251" lon="-121.388763"/>
      <trkpt lat="46.714380" lon="-121.388994"/>
      <trkpt lat="46.714416" lon="-121.389026"/>
      <trkpt lat="46.714448" lon="-121.389020"/>
      <trkpt lat="46.714542" lon="-121.388908"/>
      <trkpt lat="46.714608" lon="-121.388892"/>
      <trkpt lat="46.714648" lon="-121.388921"/>
      <trkpt lat="46.714676" lon="-121.388988"/>
      <trkpt lat="46.714687" lon="-121.389079"/>
      <trkpt lat="46.714679" lon="-121.389192"/>
      <trkpt lat="46.714648" lon="-121.389334"/>
      <trkpt lat="46.714626" lon="-121.389493"/>
      <trkpt lat="46.714661" lon="-121.389568"/>
      <trkpt lat="46.714667" lon="-121.389637"/>
      <trkpt lat="46.714644" lon="-121.389699"/>
      <trkpt lat="46.714600" lon="-121.389745"/>
      <trkpt lat="46.714560" lon="-121.389809"/>
      <trkpt lat="46.714551" lon="-121.389916"/>
      <trkpt lat="46.714569" lon="-121.390087"/>
      <trkpt lat="46.714622" lon="-121.390273"/>
      <trkpt lat="46.714654" lon="-121.390345"/>
      <trkpt lat="46.714691" lon="-121.390386"/>
      <trkpt lat="46.714748" lon="-121.390399"/>
      <trkpt lat="46.714828" lon="-121.390394"/>
      <trkpt lat="46.714935" lon="-121.390294"/>
      <trkpt lat="46.714987" lon="-121.390273"/>
      <trkpt lat="46.715038" lon="-121.390268"/>
      <trkpt lat="46.715073" lon="-121.390300"/>
      <trkpt lat="46.715099" lon="-121.390372"/>
      <trkpt lat="46.715104" lon="-121.390504"/>
      <trkpt lat="46.715110" lon="-121.390933"/>
      <trkpt lat="46.715117" lon="-121.391146"/>
      <trkpt lat="46.715132" lon="-121.391268"/>
      <trkpt lat="46.715154" lon="-121.391359"/>
      <trkpt lat="46.715279" lon="-121.391550"/>
      <trkpt lat="46.715334" lon="-121.391670"/>
      <trkpt lat="46.715389" lon="-121.391719"/>
      <trkpt lat="46.715435" lon="-121.391743"/>
      <trkpt lat="46.715490" lon="-121.391753"/>
      <trkpt lat="46.715553" lon="-121.391745"/>
      <trkpt lat="46.715577" lon="-121.391783"/>
      <trkpt lat="46.715575" lon="-121.391858"/>
      <trkpt lat="46.715559" lon="-121.391944"/>
      <trkpt lat="46.715531" lon="-121.392220"/>
      <trkpt lat="46.715544" lon="-121.392416"/>
      <trkpt lat="46.715574" lon="-121.392614"/>
      <trkpt lat="46.715632" lon="-121.392739"/>
      <trkpt lat="46.715689" lon="-121.392826"/>
      <trkpt lat="46.715759" lon="-121.392864"/>
      <trkpt lat="46.715814" lon="-121.392918"/>
      <trkpt lat="46.715878" lon="-121.392963"/>
      <trkpt lat="46.715926" lon="-121.392990"/>
      <trkpt lat="46.715983" lon="-121.392993"/>
      <trkpt lat="46.716031" lon="-121.392961"/>
      <trkpt lat="46.716119" lon="-121.392878"/>
      <trkpt lat="46.716156" lon="-121.392835"/>
      <trkpt lat="46.716198" lon="-121.392843"/>
      <trkpt lat="46.716230" lon="-121.392904"/>
      <trkpt lat="46.716254" lon="-121.392979"/>
      <trkpt lat="46.716292" lon="-121.393049"/>
      <trkpt lat="46.716327" lon="-121.393084"/>
      <trkpt lat="46.716386" lon="-121.393092"/>
      <trkpt lat="46.716450" lon="-121.393065"/>
      <trkpt lat="46.716515" lon="-121.393022"/>
      <trkpt lat="46.716563" lon="-121.392998"/>
      <trkpt lat="46.716618" lon="-121.393006"/>
      <trkpt lat="46.716664" lon="-121.393076"/>
      <trkpt lat="46.716694" lon="-121.393216"/>
      <trkpt lat="46.716772" lon="-121.393366"/>
      <trkpt lat="46.716838" lon="-121.393513"/>
      <trkpt lat="46.716870" lon="-121.393620"/>
      <trkpt lat="46.716903" lon="-121.393797"/>
      <trkpt lat="46.716918" lon="-121.393915"/>
      <trkpt lat="46.716901" lon="-121.394004"/>
      <trkpt lat="46.716866" lon="-121.394052"/>
      <trkpt lat="46.716735" lon="-121.394114"/>
      <trkpt lat="46.716675" lon="-121.394160"/>
      <trkpt lat="46.716640" lon="-121.394218"/>
      <trkpt lat="46.716630" lon="-121.394296"/>
      <trkpt lat="46.716640" lon="-121.394425"/>
      <trkpt lat="46.716660" lon="-121.394602"/>
      <trkpt lat="46.716667" lon="-121.395045"/>
      <trkpt lat="46.716660" lon="-121.395122"/>
      <trkpt lat="46.716640" lon="-121.395195"/>
      <trkpt lat="46.716616" lon="-121.395240"/>
      <trkpt lat="46.716555" lon="-121.395294"/>
      <trkpt lat="46.716461" lon="-121.395353"/>
      <trkpt lat="46.716412" lon="-121.395393"/>
      <trkpt lat="46.716358" lon="-121.395450"/>
      <trkpt lat="46.716331" lon="-121.395525"/>
      <trkpt lat="46.716312" lon="-121.395645"/>
      <trkpt lat="46.716318" lon="-121.395771"/>
      <trkpt lat="46.716335" lon="-121.395868"/>
      <trkpt lat="46.716399" lon="-121.396034"/>
      <trkpt lat="46.716539" lon="-121.396289"/>
      <trkpt lat="46.716553" lon="-121.396410"/>
      <trkpt lat="46.716542" lon="-121.396750"/>
      <trkpt lat="46.716533" lon="-121.396877"/>
      <trkpt lat="46.716505" lon="-121.396979"/>
      <trkpt lat="46.716487" lon="-121.397075"/>
      <trkpt lat="46.716498" lon="-121.397177"/>
      <trkpt lat="46.716518" lon="-121.397241"/>
      <trkpt lat="46.716622" lon="-121.397479"/>
      <trkpt lat="46.716706" lon="-121.397604"/>
      <trkpt lat="46.716857" lon="-121.397802"/>
      <trkpt lat="46.716949" lon="-121.397952"/>
      <trkpt lat="46.717009" lon="-121.398070"/>
      <trkpt lat="46.717046" lon="-121.398196"/>
      <trkpt lat="46.717065" lon="-121.398314"/>
      <trkpt lat="46.717065" lon="-121.398405"/>
      <trkpt lat="46.717015" lon="-121.398502"/>
      <trkpt lat="46.716982" lon="-121.398601"/>
      <trkpt lat="46.716965" lon="-121.398711"/>
      <trkpt lat="46.716952" lon="-121.398851"/>
      <trkpt lat="46.716962" lon="-121.399006"/>
      <trkpt lat="46.716923" lon="-121.399154"/>
      <trkpt lat="46.716862" lon="-121.399258"/>
      <trkpt lat="46.716713" lon="-121.399480"/>
      <trkpt lat="46.716656" lon="-121.399682"/>
      <trkpt lat="46.716658" lon="-121.399816"/>
      <trkpt lat="46.716669" lon="-121.399921"/>
      <trkpt lat="46.716712" lon="-121.400020"/>
      <trkpt lat="46.716763" lon="-121.400114"/>
      <trkpt lat="46.716960" lon="-121.400339"/>
      <trkpt lat="46.716997" lon="-121.400379"/>
      <trkpt lat="46.717055" lon="-121.400396"/>
      <trkpt lat="46.717118" lon="-121.400385"/>
      <trkpt lat="46.717169" lon="-121.400404"/>
      <trkpt lat="46.717245" lon="-121.400573"/>
      <trkpt lat="46.717304" lon="-121.400653"/>
      <trkpt lat="46.717377" lon="-121.400720"/>
      <trkpt lat="46.717438" lon="-121.400744"/>
      <trkpt lat="46.717622" lon="-121.400742"/>
      <trkpt lat="46.717671" lon="-121.400771"/>
      <trkpt lat="46.717699" lon="-121.400833"/>
      <trkpt lat="46.717719" lon="-121.400956"/>
      <trkpt lat="46.717773" lon="-121.401050"/>
      <trkpt lat="46.717851" lon="-121.401164"/>
      <trkpt lat="46.717896" lon="-121.401235"/>
      <trkpt lat="46.717931" lon="-121.401380"/>
      <trkpt lat="46.717980" lon="-121.401554"/>
      <trkpt lat="46.717995" lon="-121.401723"/>
      <trkpt lat="46.718035" lon="-121.402000"/>
      <trkpt lat="46.718070" lon="-121.402112"/>
      <trkpt lat="46.718092" lon="-121.402203"/>
      <trkpt lat="46.718153" lon="-121.402295"/>
      <trkpt lat="46.718343" lon="-121.402437"/>
      <trkpt lat="46.718490" lon="-121.402571"/>
      <trkpt lat="46.718580" lon="-121.402622"/>
      <trkpt lat="46.718657" lon="-121.402729"/>
      <trkpt lat="46.718813" lon="-121.402912"/>
      <trkpt lat="46.718868" lon="-121.402933"/>
      <trkpt lat="46.718922" lon="-121.402933"/>
      <trkpt lat="46.718964" lon="-121.402887"/>
      <trkpt lat="46.719014" lon="-121.402858"/>
      <trkpt lat="46.719069" lon="-121.402877"/>
      <trkpt lat="46.719113" lon="-121.402928"/>
      <trkpt lat="46.719172" lon="-121.403164"/>
      <trkpt lat="46.719293" lon="-121.403426"/>
      <trkpt lat="46.719365" lon="-121.403553"/>
      <trkpt lat="46.719437" lon="-121.403625"/>
      <trkpt lat="46.719501" lon="-121.403644"/>
      <trkpt lat="46.719560" lon="-121.403638"/>
      <trkpt lat="46.719622" lon="-121.403588"/>
      <trkpt lat="46.719667" lon="-121.403510"/>
      <trkpt lat="46.719744" lon="-121.403284"/>
      <trkpt lat="46.719814" lon="-121.403161"/>
      <trkpt lat="46.719852" lon="-121.403054"/>
      <trkpt lat="46.719878" lon="-121.402968"/>
      <trkpt lat="46.719885" lon="-121.402847"/>
      <trkpt lat="46.719873" lon="-121.402623"/>
      <trkpt lat="46.719876" lon="-121.402515"/>
      <trkpt lat="46.719898" lon="-121.402453"/>
      <trkpt lat="46.719924" lon="-121.402410"/>
      <trkpt lat="46.720112" lon="-121.402375"/>
      <trkpt lat="46.720204" lon="-121.402349"/>
      <trkpt lat="46.720314" lon="-121.402284"/>
      <trkpt lat="46.720411" lon="-121.402251"/>
      <trkpt lat="46.720463" lon="-121.402244"/>
      <trkpt lat="46.720505" lon="-121.402217"/>
      <trkpt lat="46.720533" lon="-121.402155"/>
      <trkpt lat="46.720549" lon="-121.402037"/>
      <trkpt lat="46.720575" lon="-121.401951"/>
      <trkpt lat="46.720618" lon="-121.401863"/>
      <trkpt lat="46.720696" lon="-121.401764"/>
      <trkpt lat="46.720759" lon="-121.401672"/>
      <trkpt lat="46.720805" lon="-121.401638"/>
      <trkpt lat="46.720853" lon="-121.401624"/>
      <trkpt lat="46.720893" lon="-121.401646"/>
      <trkpt lat="46.720986" lon="-121.401738"/>
      <trkpt lat="46.721035" lon="-121.401798"/>
      <trkpt lat="46.721103" lon="-121.401841"/>
      <trkpt lat="46.721163" lon="-121.401911"/>
      <trkpt lat="46.721211" lon="-121.401986"/>
      <trkpt lat="46.721244" lon="-121.402110"/>
      <trkpt lat="46.721257" lon="-121.402217"/>
      <trkpt lat="46.721261" lon="-121.402338"/>
      <trkpt lat="46.721204" lon="-121.402641"/>
      <trkpt lat="46.721191" lon="-121.402737"/>
      <trkpt lat="46.721180" lon="-121.402929"/>
      <trkpt lat="46.721188" lon="-121.403031"/>
      <trkpt lat="46.721213" lon="-121.403209"/>
      <trkpt lat="46.721266" lon="-121.403349"/>
      <trkpt lat="46.721312" lon="-121.403448"/>
      <trkpt lat="46.721390" lon="-121.403550"/>
      <trkpt lat="46.721447" lon="-121.403604"/>
      <trkpt lat="46.721509" lon="-121.403625"/>
      <trkpt lat="46.721601" lon="-121.403633"/>
      <trkpt lat="46.721704" lon="-121.403657"/>
      <trkpt lat="46.721819" lon="-121.403701"/>
      <trkpt lat="46.721893" lon="-121.403722"/>
      <trkpt lat="46.721967" lon="-121.403676"/>
      <trkpt lat="46.722042" lon="-121.403657"/>
      <trkpt lat="46.722121" lon="-121.403665"/>
      <trkpt lat="46.722294" lon="-121.403727"/>
      <trkpt lat="46.722561" lon="-121.403850"/>
      <trkpt lat="46.722754" lon="-121.403893"/>
      <trkpt lat="46.722888" lon="-121.404007"/>
      <trkpt lat="46.722982" lon="-121.404033"/>
      <trkpt lat="46.723333" lon="-121.404025"/>
      <trkpt lat="46.723403" lon="-121.403995"/>
      <trkpt lat="46.723440" lon="-121.403952"/>
      <trkpt lat="46.723455" lon="-121.403869"/>
      <trkpt lat="46.723462" lon="-121.403722"/>
      <trkpt lat="46.723486" lon="-121.403524"/>
      <trkpt lat="46.723523" lon="-121.403343"/>
      <trkpt lat="46.723557" lon="-121.403212"/>
      <trkpt lat="46.723602" lon="-121.403107"/>
      <trkpt lat="46.723657" lon="-121.403070"/>
      <trkpt lat="46.723721" lon="-121.403059"/>
      <trkpt lat="46.723903" lon="-121.403078"/>
      <trkpt lat="46.724007" lon="-121.403060"/>
      <trkpt lat="46.724048" lon="-121.403035"/>
      <trkpt lat="46.724075" lon="-121.402980"/>
      <trkpt lat="46.724153" lon="-121.402794"/>
      <trkpt lat="46.724205" lon="-121.402700"/>
      <trkpt lat="46.724260" lon="-121.402635"/>
      <trkpt lat="46.724337" lon="-121.402595"/>
      <trkpt lat="46.724427" lon="-121.402539"/>
      <trkpt lat="46.724582" lon="-121.402410"/>
      <trkpt lat="46.724659" lon="-121.402402"/>
      <trkpt lat="46.724765" lon="-121.402410"/>
      <trkpt lat="46.724960" lon="-121.402501"/>
      <trkpt lat="46.725022" lon="-121.402512"/>
      <trkpt lat="46.725130" lon="-121.402514"/>
      <trkpt lat="46.725245" lon="-121.402501"/>
      <trkpt lat="46.725302" lon="-121.402480"/>
      <trkpt lat="46.725363" lon="-121.402423"/>
      <trkpt lat="46.725418" lon="-121.402319"/>
      <trkpt lat="46.725471" lon="-121.402131"/>
      <trkpt lat="46.725543" lon="-121.401938"/>
      <trkpt lat="46.725606" lon="-121.401825"/>
      <trkpt lat="46.725624" lon="-121.401758"/>
      <trkpt lat="46.725620" lon="-121.401672"/>
      <trkpt lat="46.725639" lon="-121.401557"/>
      <trkpt lat="46.725676" lon="-121.401471"/>
      <trkpt lat="46.725721" lon="-121.401402"/>
      <trkpt lat="46.725769" lon="-121.401340"/>
      <trkpt lat="46.725830" lon="-121.401291"/>
      <trkpt lat="46.725894" lon="-121.401273"/>
      <trkpt lat="46.725962" lon="-121.401278"/>
      <trkpt lat="46.726089" lon="-121.401359"/>
      <trkpt lat="46.726163" lon="-121.401418"/>
      <trkpt lat="46.726243" lon="-121.401433"/>
      <trkpt lat="46.726321" lon="-121.401420"/>
      <trkpt lat="46.726453" lon="-121.401308"/>
      <trkpt lat="46.726510" lon="-121.401313"/>
      <trkpt lat="46.726545" lon="-121.401356"/>
      <trkpt lat="46.726549" lon="-121.401439"/>
      <trkpt lat="46.726543" lon="-121.401517"/>
      <trkpt lat="46.726492" lon="-121.401632"/>
      <trkpt lat="46.726457" lon="-121.401782"/>
      <trkpt lat="46.726457" lon="-121.401906"/>
      <trkpt lat="46.726462" lon="-121.401989"/>
      <trkpt lat="46.726490" lon="-121.402080"/>
      <trkpt lat="46.726531" lon="-121.402150"/>
      <trkpt lat="46.726560" lon="-121.402190"/>
      <trkpt lat="46.726748" lon="-121.402351"/>
      <trkpt lat="46.726801" lon="-121.402367"/>
      <trkpt lat="46.726878" lon="-121.402356"/>
      <trkpt lat="46.727049" lon="-121.402273"/>
      <trkpt lat="46.727204" lon="-121.402165"/>
      <trkpt lat="46.727281" lon="-121.402104"/>
      <trkpt lat="46.727387" lon="-121.402061"/>
      <trkpt lat="46.727455" lon="-121.402059"/>
      <trkpt lat="46.727490" lon="-121.402085"/>
      <trkpt lat="46.727500" lon="-121.402158"/>
      <trkpt lat="46.727415" lon="-121.402413"/>
      <trkpt lat="46.727374" lon="-121.402584"/>
      <trkpt lat="46.727363" lon="-121.402737"/>
      <trkpt lat="46.727339" lon="-121.402925"/>
      <trkpt lat="46.727345" lon="-121.403035"/>
      <trkpt lat="46.727385" lon="-121.403110"/>
      <trkpt lat="46.727433" lon="-121.403158"/>
      <trkpt lat="46.727509" lon="-121.403169"/>
      <trkpt lat="46.727624" lon="-121.403134"/>
      <trkpt lat="46.727755" lon="-121.403115"/>
      <trkpt lat="46.727823" lon="-121.403113"/>
      <trkpt lat="46.727941" lon="-121.403148"/>
      <trkpt lat="46.728062" lon="-121.403204"/>
      <trkpt lat="46.728198" lon="-121.403250"/>
      <trkpt lat="46.728435" lon="-121.403292"/>
      <trkpt lat="46.728538" lon="-121.403287"/>
      <trkpt lat="46.728615" lon="-121.403266"/>
      <trkpt lat="46.728691" lon="-121.403276"/>
      <trkpt lat="46.728744" lon="-121.403325"/>
      <trkpt lat="46.728759" lon="-121.403408"/>
      <trkpt lat="46.728821" lon="-121.403499"/>
      <trkpt lat="46.728981" lon="-121.403625"/>
      <trkpt lat="46.729103" lon="-121.403791"/>
      <trkpt lat="46.729222" lon="-121.403912"/>
      <trkpt lat="46.729402" lon="-121.404033"/>
      <trkpt lat="46.729531" lon="-121.404082"/>
      <trkpt lat="46.729636" lon="-121.404135"/>
      <trkpt lat="46.729704" lon="-121.404134"/>
      <trkpt lat="46.729761" lon="-121.404113"/>
      <trkpt lat="46.729855" lon="-121.404094"/>
      <trkpt lat="46.729970" lon="-121.404100"/>
      <trkpt lat="46.730042" lon="-121.404078"/>
      <trkpt lat="46.730134" lon="-121.404009"/>
      <trkpt lat="46.730186" lon="-121.403976"/>
      <trkpt lat="46.730257" lon="-121.403971"/>
      <trkpt lat="46.730366" lon="-121.404033"/>
      <trkpt lat="46.730504" lon="-121.404153"/>
      <trkpt lat="46.730559" lon="-121.404239"/>
      <trkpt lat="46.730627" lon="-121.404301"/>
      <trkpt lat="46.730684" lon="-121.404336"/>
      <trkpt lat="46.730772" lon="-121.404336"/>
      <trkpt lat="46.730853" lon="-121.404280"/>
      <trkpt lat="46.730936" lon="-121.404250"/>
      <trkpt lat="46.731085" lon="-121.404269"/>
      <trkpt lat="46.731138" lon="-121.404261"/>
      <trkpt lat="46.731211" lon="-121.404204"/>
      <trkpt lat="46.731254" lon="-121.404159"/>
      <trkpt lat="46.731296" lon="-121.404084"/>
      <trkpt lat="46.731324" lon="-121.403995"/>
      <trkpt lat="46.731300" lon="-121.403821"/>
      <trkpt lat="46.731307" lon="-121.403748"/>
      <trkpt lat="46.731333" lon="-121.403695"/>
      <trkpt lat="46.731404" lon="-121.403649"/>
      <trkpt lat="46.731437" lon="-121.403606"/>
      <trkpt lat="46.731460" lon="-121.403544"/>
      <trkpt lat="46.731465" lon="-121.403475"/>
      <trkpt lat="46.731443" lon="-121.403386"/>
      <trkpt lat="46.731434" lon="-121.403325"/>
      <trkpt lat="46.731449" lon="-121.403260"/>
      <trkpt lat="46.731494" lon="-121.403196"/>
      <trkpt lat="46.731557" lon="-121.403158"/>
      <trkpt lat="46.731623" lon="-121.403156"/>
      <trkpt lat="46.731680" lon="-121.403182"/>
      <trkpt lat="46.731800" lon="-121.403290"/>
      <trkpt lat="46.731844" lon="-121.403319"/>
      <trkpt lat="46.731884" lon="-121.403333"/>
      <trkpt lat="46.731925" lon="-121.403303"/>
      <trkpt lat="46.731972" lon="-121.403247"/>
      <trkpt lat="46.732033" lon="-121.403228"/>
      <trkpt lat="46.732099" lon="-121.403228"/>
      <trkpt lat="46.732204" lon="-121.403258"/>
      <trkpt lat="46.732294" lon="-121.403325"/>
      <trkpt lat="46.732360" lon="-121.403419"/>
      <trkpt lat="46.732403" lon="-121.403528"/>
      <trkpt lat="46.732445" lon="-121.403663"/>
      <trkpt lat="46.732467" lon="-121.403756"/>
      <trkpt lat="46.732476" lon="-121.403840"/>
      <trkpt lat="46.732461" lon="-121.403893"/>
      <trkpt lat="46.732417" lon="-121.403917"/>
      <trkpt lat="46.732364" lon="-121.403909"/>
      <trkpt lat="46.732283" lon="-121.403915"/>
      <trkpt lat="46.732234" lon="-121.403944"/>
      <trkpt lat="46.732204" lon="-121.403990"/>
      <trkpt lat="46.732177" lon="-121.404054"/>
      <trkpt lat="46.732177" lon="-121.404145"/>
      <trkpt lat="46.732191" lon="-121.404218"/>
      <trkpt lat="46.732239" lon="-121.404304"/>
      <trkpt lat="46.732357" lon="-121.404451"/>
      <trkpt lat="46.732397" lon="-121.404545"/>
      <trkpt lat="46.732405" lon="-121.404663"/>
      <trkpt lat="46.732391" lon="-121.404960"/>
      <trkpt lat="46.732394" lon="-121.405253"/>
      <trkpt lat="46.732395" lon="-121.405456"/>
      <trkpt lat="46.732414" lon="-121.405693"/>
      <trkpt lat="46.732414" lon="-121.406066"/>
      <trkpt lat="46.732421" lon="-121.406211"/>
      <trkpt lat="46.732464" lon="-121.406432"/>
      <trkpt lat="46.732562" lon="-121.406594"/>
      <trkpt lat="46.732623" lon="-121.406653"/>
      <trkpt lat="46.732673" lon="-121.406688"/>
      <trkpt lat="46.732844" lon="-121.406710"/>
      <trkpt lat="46.732925" lon="-121.406755"/>
      <trkpt lat="46.733002" lon="-121.406819"/>
      <trkpt lat="46.733223" lon="-121.406908"/>
      <trkpt lat="46.733350" lon="-121.406924"/>
      <trkpt lat="46.733421" lon="-121.406940"/>
      <trkpt lat="46.733663" lon="-121.407023"/>
      <trkpt lat="46.733768" lon="-121.407024"/>
      <trkpt lat="46.733848" lon="-121.407021"/>
      <trkpt lat="46.733916" lon="-121.406994"/>
      <trkpt lat="46.733998" lon="-121.406924"/>
      <trkpt lat="46.734077" lon="-121.406868"/>
      <trkpt lat="46.734153" lon="-121.406846"/>
      <trkpt lat="46.734236" lon="-121.406849"/>
      <trkpt lat="46.734357" lon="-121.406900"/>
      <trkpt lat="46.734454" lon="-121.406924"/>
      <trkpt lat="46.734528" lon="-121.406930"/>
      <trkpt lat="46.734592" lon="-121.406921"/>
      <trkpt lat="46.734673" lon="-121.406862"/>
      <trkpt lat="46.734743" lon="-121.406833"/>
      <trkpt lat="46.734888" lon="-121.406793"/>
      <trkpt lat="46.734921" lon="-121.406747"/>
      <trkpt lat="46.735002" lon="-121.406659"/>
      <trkpt lat="46.735067" lon="-121.406613"/>
      <trkpt lat="46.735149" lon="-121.406592"/>
      <trkpt lat="46.735234" lon="-121.406583"/>
      <trkpt lat="46.735307" lon="-121.406586"/>
      <trkpt lat="46.735377" lon="-121.406594"/>
      <trkpt lat="46.735458" lon="-121.406626"/>
      <trkpt lat="46.735515" lon="-121.406677"/>
      <trkpt lat="46.735552" lon="-121.406750"/>
      <trkpt lat="46.735577" lon="-121.406849"/>
      <trkpt lat="46.735579" lon="-121.407031"/>
      <trkpt lat="46.735586" lon="-121.407160"/>
      <trkpt lat="46.735624" lon="-121.407246"/>
      <trkpt lat="46.735660" lon="-121.407297"/>
      <trkpt lat="46.735710" lon="-121.407324"/>
      <trkpt lat="46.735767" lon="-121.407343"/>
      <trkpt lat="46.735851" lon="-121.407321"/>
      <trkpt lat="46.735923" lon="-121.407321"/>
      <trkpt lat="46.735973" lon="-121.407380"/>
      <trkpt lat="46.736015" lon="-121.407490"/>
      <trkpt lat="46.736046" lon="-121.407638"/>
      <trkpt lat="46.736077" lon="-121.407744"/>
      <trkpt lat="46.736116" lon="-121.407812"/>
      <trkpt lat="46.736172" lon="-121.407896"/>
      <trkpt lat="46.736283" lon="-121.408024"/>
      <trkpt lat="46.736447" lon="-121.408265"/>
      <trkpt lat="46.736556" lon="-121.408415"/>
      <trkpt lat="46.736646" lon="-121.408509"/>
      <trkpt lat="46.736745" lon="-121.408622"/>
      <trkpt lat="46.736809" lon="-121.408662"/>
      <trkpt lat="46.736883" lon="-121.408668"/>
      <trkpt lat="46.737021" lon="-121.408646"/>
      <trkpt lat="46.737280" lon="-121.408568"/>
      <trkpt lat="46.737353" lon="-121.408566"/>
      <trkpt lat="46.737589" lon="-121.408598"/>
      <trkpt lat="46.737682" lon="-121.408646"/>
      <trkpt lat="46.737875" lon="-121.408777"/>
      <trkpt lat="46.738013" lon="-121.408818"/>
      <trkpt lat="46.738129" lon="-121.408871"/>
      <trkpt lat="46.738280" lon="-121.408995"/>
      <trkpt lat="46.738447" lon="-121.409142"/>
      <trkpt lat="46.738500" lon="-121.409177"/>
      <trkpt lat="46.738561" lon="-121.409191"/>
      <trkpt lat="46.738646" lon="-121.409177"/>
      <trkpt lat="46.738758" lon="-121.409118"/>
      <trkpt lat="46.738816" lon="-121.409099"/>
      <trkpt lat="46.738894" lon="-121.409094"/>
      <trkpt lat="46.738984" lon="-121.409105"/>
      <trkpt lat="46.739059" lon="-121.409124"/>
      <trkpt lat="46.739127" lon="-121.409175"/>
      <trkpt lat="46.739226" lon="-121.409287"/>
      <trkpt lat="46.739324" lon="-121.409427"/>
      <trkpt lat="46.739373" lon="-121.409470"/>
      <trkpt lat="46.739475" lon="-121.409526"/>
      <trkpt lat="46.739807" lon="-121.409794"/>
      <trkpt lat="46.739854" lon="-121.409849"/>
      <trkpt lat="46.739945" lon="-121.409939"/>
      <trkpt lat="46.740020" lon="-121.410073"/>
      <trkpt lat="46.740168" lon="-121.410376"/>
      <trkpt lat="46.740263" lon="-121.410494"/>
      <trkpt lat="46.740332" lon="-121.410652"/>
      <trkpt lat="46.740372" lon="-121.410767"/>
      <trkpt lat="46.740456" lon="-121.410977"/>
      <trkpt lat="46.740548" lon="-121.411248"/>
      <trkpt lat="46.740561" lon="-121.411326"/>
      <trkpt lat="46.740555" lon="-121.411524"/>
      <trkpt lat="46.740563" lon="-121.411648"/>
      <trkpt lat="46.740576" lon="-121.411717"/>
      <trkpt lat="46.740850" lon="-121.412254"/>
      <trkpt lat="46.740927" lon="-121.412436"/>
      <trkpt lat="46.740973" lon="-121.412589"/>
      <trkpt lat="46.741020" lon="-121.412694"/>
      <trkpt lat="46.741109" lon="-121.412820"/>
      <trkpt lat="46.741208" lon="-121.412938"/>
      <trkpt lat="46.741278" lon="-121.413099"/>
      <trkpt lat="46.741305" lon="-121.413225"/>
      <trkpt lat="46.741359" lon="-121.413327"/>
      <trkpt lat="46.741471" lon="-121.413469"/>
      <trkpt lat="46.741554" lon="-121.413602"/>
      <trkpt lat="46.741684" lon="-121.413925"/>
      <trkpt lat="46.741717" lon="-121.414027"/>
      <trkpt lat="46.741759" lon="-121.414123"/>
      <trkpt lat="46.741804" lon="-121.414201"/>
      <trkpt lat="46.741892" lon="-121.414295"/>
      <trkpt lat="46.742075" lon="-121.414504"/>
      <trkpt lat="46.742158" lon="-121.414566"/>
      <trkpt lat="46.742228" lon="-121.414606"/>
      <trkpt lat="46.742324" lon="-121.414713"/>
      <trkpt lat="46.742454" lon="-121.414883"/>
      <trkpt lat="46.742601" lon="-121.415041"/>
      <trkpt lat="46.742659" lon="-121.415063"/>
      <trkpt lat="46.742722" lon="-121.415110"/>
      <trkpt lat="46.742831" lon="-121.415132"/>
      <trkpt lat="46.743016" lon="-121.415130"/>
      <trkpt lat="46.743153" lon="-121.415159"/>
      <trkpt lat="46.743330" lon="-121.415280"/>
      <trkpt lat="46.743398" lon="-121.415302"/>
      <trkpt lat="46.743798" lon="-121.415293"/>
      <trkpt lat="46.743934" lon="-121.415325"/>
      <trkpt lat="46.744081" lon="-121.415427"/>
      <trkpt lat="46.744454" lon="-121.415584"/>
      <trkpt lat="46.744577" lon="-121.415604"/>
      <trkpt lat="46.744691" lon="-121.415615"/>
      <trkpt lat="46.744776" lon="-121.415679"/>
      <trkpt lat="46.744897" lon="-121.415754"/>
      <trkpt lat="46.744993" lon="-121.415791"/>
      <trkpt lat="46.745344" lon="-121.415862"/>
      <trkpt lat="46.745687" lon="-121.415899"/>
      <trkpt lat="46.745897" lon="-121.415985"/>
      <trkpt lat="46.746077" lon="-121.416151"/>
      <trkpt lat="46.746158" lon="-121.416301"/>
      <trkpt lat="46.746253" lon="-121.416414"/>
      <trkpt lat="46.746366" lon="-121.416775"/>
      <trkpt lat="46.746492" lon="-121.417009"/>
      <trkpt lat="46.746535" lon="-121.417114"/>
      <trkpt lat="46.746547" lon="-121.417189"/>
      <trkpt lat="46.746535" lon="-121.417292"/>
      <trkpt lat="46.746524" lon="-121.417567"/>
      <trkpt lat="46.746533" lon="-121.417749"/>
      <trkpt lat="46.746558" lon="-121.418023"/>
      <trkpt lat="46.746588" lon="-121.418140"/>
      <trkpt lat="46.746661" lon="-121.418321"/>
      <trkpt lat="46.746737" lon="-121.418635"/>
      <trkpt lat="46.746805" lon="-121.418847"/>
      <trkpt lat="46.746843" lon="-121.418943"/>
      <trkpt lat="46.746930" lon="-121.419115"/>
      <trkpt lat="46.746985" lon="-121.419203"/>
      <trkpt lat="46.747059" lon="-121.419252"/>
      <trkpt lat="46.747141" lon="-121.419295"/>
      <trkpt lat="46.747214" lon="-121.419303"/>
      <trkpt lat="46.747437" lon="-121.419404"/>
      <trkpt lat="46.747661" lon="-121.419445"/>
      <trkpt lat="46.747726" lon="-121.419447"/>
      <trkpt lat="46.747803" lon="-121.419413"/>
      <trkpt lat="46.747929" lon="-121.419332"/>
      <trkpt lat="46.748126" lon="-121.419152"/>
      <trkpt lat="46.748326" lon="-121.418992"/>
      <trkpt lat="46.748429" lon="-121.418952"/>
    </trkseg>
    <trkseg>
      <trkpt lat="46.660417" lon="-121.413872"/>
      <trkpt lat="46.660502" lon="-121.413888"/>
    </trkseg>
    <trkseg>
      <trkpt lat="46.643664" lon="-121.379306"/>
      <trkpt lat="46.643687" lon="-121.379425"/>
      <trkpt lat="46.643799" lon="-121.379445"/>
      <trkpt lat="46.643939" lon="-121.379420"/>
      <trkpt lat="46.644081" lon="-121.379510"/>
      <trkpt lat="46.644169" lon="-121.379717"/>
      <trkpt lat="46.644337" lon="-121.380429"/>
      <trkpt lat="46.644329" lon="-121.380762"/>
      <trkpt lat="46.644434" lon="-121.381055"/>
      <trkpt lat="46.644667" lon="-121.381338"/>
      <trkpt lat="46.644776" lon="-121.381427"/>
      <trkpt lat="46.645040" lon="-121.381726"/>
      <trkpt lat="46.645189" lon="-121.381985"/>
      <trkpt lat="46.645256" lon="-121.382226"/>
      <trkpt lat="46.645324" lon="-121.382247"/>
      <trkpt lat="46.645617" lon="-121.382377"/>
      <trkpt lat="46.645679" lon="-121.382425"/>
      <trkpt lat="46.645740" lon="-121.382514"/>
      <trkpt lat="46.645765" lon="-121.382621"/>
      <trkpt lat="46.645792" lon="-121.383051"/>
      <trkpt lat="46.645809" lon="-121.383390"/>
      <trkpt lat="46.645790" lon="-121.383830"/>
      <trkpt lat="46.645897" lon="-121.384034"/>
      <trkpt lat="46.645982" lon="-121.384136"/>
      <trkpt lat="46.646015" lon="-121.384249"/>
      <trkpt lat="46.645978" lon="-121.384420"/>
      <trkpt lat="46.645941" lon="-121.384549"/>
      <trkpt lat="46.645956" lon="-121.384769"/>
      <trkpt lat="46.646008" lon="-121.384893"/>
      <trkpt lat="46.646027" lon="-121.384991"/>
      <trkpt lat="46.646037" lon="-121.385212"/>
      <trkpt lat="46.646060" lon="-121.385469"/>
      <trkpt lat="46.646056" lon="-121.385627"/>
      <trkpt lat="46.646067" lon="-121.385686"/>
      <trkpt lat="46.646100" lon="-121.385686"/>
      <trkpt lat="46.646155" lon="-121.385601"/>
      <trkpt lat="46.646288" lon="-121.385370"/>
      <trkpt lat="46.646391" lon="-121.385220"/>
      <trkpt lat="46.646461" lon="-121.385177"/>
      <trkpt lat="46.646637" lon="-121.384863"/>
      <trkpt lat="46.646780" lon="-121.384565"/>
      <trkpt lat="46.646844" lon="-121.384453"/>
      <trkpt lat="46.646834" lon="-121.384254"/>
      <trkpt lat="46.646851" lon="-121.384152"/>
      <trkpt lat="46.646919" lon="-121.384073"/>
      <trkpt lat="46.646962" lon="-121.384112"/>
      <trkpt lat="46.646972" lon="-121.384289"/>
      <trkpt lat="46.647017" lon="-121.384426"/>
      <trkpt lat="46.647133" lon="-121.384584"/>
      <trkpt lat="46.647133" lon="-121.384823"/>
      <trkpt lat="46.647156" lon="-121.384905"/>
      <trkpt lat="46.647169" lon="-121.384983"/>
      <trkpt lat="46.647326" lon="-121.385301"/>
      <trkpt lat="46.647548" lon="-121.386103"/>
      <trkpt lat="46.647601" lon="-121.386225"/>
      <trkpt lat="46.647694" lon="-121.385955"/>
      <trkpt lat="46.647731" lon="-121.385811"/>
      <trkpt lat="46.647805" lon="-121.385621"/>
      <trkpt lat="46.647852" lon="-121.385747"/>
      <trkpt lat="46.647867" lon="-121.385981"/>
      <trkpt lat="46.647982" lon="-121.386228"/>
      <trkpt lat="46.648074" lon="-121.386630"/>
      <trkpt lat="46.648129" lon="-121.386808"/>
      <trkpt lat="46.648155" lon="-121.386920"/>
      <trkpt lat="46.648214" lon="-121.387033"/>
      <trkpt lat="46.648283" lon="-121.387108"/>
      <trkpt lat="46.648405" lon="-121.387140"/>
      <trkpt lat="46.648505" lon="-121.387129"/>
      <trkpt lat="46.648653" lon="-121.387131"/>
      <trkpt lat="46.648901" lon="-121.387220"/>
      <trkpt lat="46.649024" lon="-121.387283"/>
      <trkpt lat="46.649081" lon="-121.387342"/>
      <trkpt lat="46.649151" lon="-121.387461"/>
      <trkpt lat="46.649234" lon="-121.387646"/>
      <trkpt lat="46.649452" lon="-121.388251"/>
      <trkpt lat="46.649491" lon="-121.388420"/>
      <trkpt lat="46.649561" lon="-121.388937"/>
      <trkpt lat="46.649610" lon="-121.389117"/>
      <trkpt lat="46.649790" lon="-121.389560"/>
      <trkpt lat="46.649845" lon="-121.389838"/>
      <trkpt lat="46.649907" lon="-121.389983"/>
      <trkpt lat="46.650051" lon="-121.390194"/>
      <trkpt lat="46.650212" lon="-121.390420"/>
      <trkpt lat="46.650320" lon="-121.390675"/>
      <trkpt lat="46.650375" lon="-121.390788"/>
      <trkpt lat="46.650441" lon="-121.390847"/>
      <trkpt lat="46.650537" lon="-121.390863"/>
      <trkpt lat="46.650762" lon="-121.390852"/>
      <trkpt lat="46.650924" lon="-121.390858"/>
      <trkpt lat="46.651010" lon="-121.390913"/>
      <trkpt lat="46.651120" lon="-121.390996"/>
      <trkpt lat="46.651263" lon="-121.391185"/>
      <trkpt lat="46.651371" lon="-121.391263"/>
      <trkpt lat="46.651443" lon="-121.391324"/>
      <trkpt lat="46.651546" lon="-121.391593"/>
      <trkpt lat="46.651754" lon="-121.391875"/>
      <trkpt lat="46.651833" lon="-121.392049"/>
      <trkpt lat="46.651983" lon="-121.392459"/>
      <trkpt lat="46.652076" lon="-121.392778"/>
      <trkpt lat="46.652076" lon="-121.392944"/>
      <trkpt lat="46.652132" lon="-121.393084"/>
      <trkpt lat="46.652331" lon="-121.393691"/>
      <trkpt lat="46.652434" lon="-121.393984"/>
      <trkpt lat="46.652512" lon="-121.394340"/>
      <trkpt lat="46.652543" lon="-121.394674"/>
      <trkpt lat="46.652515" lon="-121.395323"/>
      <trkpt lat="46.652477" lon="-121.395749"/>
      <trkpt lat="46.652415" lon="-121.396287"/>
      <trkpt lat="46.652327" lon="-121.396745"/>
      <trkpt lat="46.652312" lon="-121.396897"/>
      <trkpt lat="46.652310" lon="-121.397314"/>
      <trkpt lat="46.652186" lon="-121.398049"/>
      <trkpt lat="46.652070" lon="-121.399150"/>
      <trkpt lat="46.652085" lon="-121.399553"/>
      <trkpt lat="46.652130" lon="-121.399923"/>
      <trkpt lat="46.652230" lon="-121.400457"/>
      <trkpt lat="46.652250" lon="-121.400578"/>
      <trkpt lat="46.652305" lon="-121.400632"/>
      <trkpt lat="46.652429" lon="-121.400827"/>
      <trkpt lat="46.652637" lon="-121.401260"/>
      <trkpt lat="46.652762" lon="-121.401481"/>
      <trkpt lat="46.652802" lon="-121.401579"/>
      <trkpt lat="46.652835" lon="-121.401705"/>
      <trkpt lat="46.652864" lon="-121.401887"/>
      <trkpt lat="46.652842" lon="-121.402026"/>
      <trkpt lat="46.652772" lon="-121.402080"/>
      <trkpt lat="46.652706" lon="-121.402091"/>
      <trkpt lat="46.652654" lon="-121.402166"/>
      <trkpt lat="46.652621" lon="-121.402338"/>
      <trkpt lat="46.652605" lon="-121.402664"/>
      <trkpt lat="46.652592" lon="-121.402804"/>
      <trkpt lat="46.652629" lon="-121.403008"/>
      <trkpt lat="46.652621" lon="-121.403115"/>
      <trkpt lat="46.652566" lon="-121.403228"/>
      <trkpt lat="46.652470" lon="-121.403368"/>
      <trkpt lat="46.652430" lon="-121.403491"/>
      <trkpt lat="46.652408" lon="-121.403700"/>
      <trkpt lat="46.652479" lon="-121.404213"/>
      <trkpt lat="46.652572" lon="-121.404656"/>
      <trkpt lat="46.652627" lon="-121.404815"/>
      <trkpt lat="46.652730" lon="-121.404977"/>
      <trkpt lat="46.652978" lon="-121.405207"/>
      <trkpt lat="46.653118" lon="-121.405304"/>
      <trkpt lat="46.653163" lon="-121.405368"/>
      <trkpt lat="46.653133" lon="-121.405476"/>
      <trkpt lat="46.653133" lon="-121.405583"/>
      <trkpt lat="46.653152" lon="-121.405674"/>
      <trkpt lat="46.653126" lon="-121.405733"/>
      <trkpt lat="46.653045" lon="-121.405773"/>
      <trkpt lat="46.652977" lon="-121.405798"/>
      <trkpt lat="46.652971" lon="-121.405883"/>
      <trkpt lat="46.653002" lon="-121.405953"/>
      <trkpt lat="46.653080" lon="-121.406077"/>
      <trkpt lat="46.653133" lon="-121.406251"/>
      <trkpt lat="46.653185" lon="-121.406363"/>
      <trkpt lat="46.653258" lon="-121.406465"/>
      <trkpt lat="46.653367" lon="-121.406567"/>
      <trkpt lat="46.653543" lon="-121.406619"/>
      <trkpt lat="46.653770" lon="-121.406675"/>
      <trkpt lat="46.653897" lon="-121.406656"/>
      <trkpt lat="46.654021" lon="-121.406669"/>
      <trkpt lat="46.654107" lon="-121.406696"/>
      <trkpt lat="46.654173" lon="-121.406769"/>
      <trkpt lat="46.654230" lon="-121.406849"/>
      <trkpt lat="46.654243" lon="-121.406908"/>
      <trkpt lat="46.654196" lon="-121.406981"/>
      <trkpt lat="46.654181" lon="-121.407090"/>
      <trkpt lat="46.654140" lon="-121.407190"/>
      <trkpt lat="46.654096" lon="-121.407273"/>
      <trkpt lat="46.654019" lon="-121.407348"/>
      <trkpt lat="46.653903" lon="-121.407442"/>
      <trkpt lat="46.653879" lon="-121.407495"/>
      <trkpt lat="46.653892" lon="-121.407573"/>
      <trkpt lat="46.653923" lon="-121.407659"/>
      <trkpt lat="46.653921" lon="-121.407731"/>
      <trkpt lat="46.653894" lon="-121.407798"/>
      <trkpt lat="46.653836" lon="-121.407831"/>
      <trkpt lat="46.653796" lon="-121.407882"/>
      <trkpt lat="46.653767" lon="-121.408064"/>
      <trkpt lat="46.653643" lon="-121.408351"/>
      <trkpt lat="46.653562" lon="-121.408646"/>
      <trkpt lat="46.653511" lon="-121.408724"/>
      <trkpt lat="46.653409" lon="-121.408815"/>
      <trkpt lat="46.653318" lon="-121.408920"/>
      <trkpt lat="46.653222" lon="-121.409075"/>
      <trkpt lat="46.653174" lon="-121.409140"/>
      <trkpt lat="46.653128" lon="-121.409223"/>
      <trkpt lat="46.653100" lon="-121.409338"/>
      <trkpt lat="46.653107" lon="-121.409719"/>
      <trkpt lat="46.653091" lon="-121.409957"/>
      <trkpt lat="46.653081" lon="-121.410101"/>
      <trkpt lat="46.653118" lon="-121.410304"/>
      <trkpt lat="46.653168" lon="-121.410461"/>
      <trkpt lat="46.653203" lon="-121.410615"/>
      <trkpt lat="46.653255" lon="-121.410706"/>
      <trkpt lat="46.653321" lon="-121.410797"/>
      <trkpt lat="46.653461" lon="-121.410885"/>
      <trkpt lat="46.653738" lon="-121.411047"/>
      <trkpt lat="46.654065" lon="-121.411157"/>
      <trkpt lat="46.654189" lon="-121.411218"/>
      <trkpt lat="46.654293" lon="-121.411259"/>
      <trkpt lat="46.654392" lon="-121.411238"/>
      <trkpt lat="46.654569" lon="-121.411259"/>
      <trkpt lat="46.654731" lon="-121.411307"/>
      <trkpt lat="46.654886" lon="-121.411328"/>
      <trkpt lat="46.654960" lon="-121.411350"/>
      <trkpt lat="46.655066" lon="-121.411323"/>
      <trkpt lat="46.655147" lon="-121.411269"/>
      <trkpt lat="46.655328" lon="-121.411066"/>
      <trkpt lat="46.655438" lon="-121.410953"/>
      <trkpt lat="46.655497" lon="-121.410883"/>
      <trkpt lat="46.655560" lon="-121.410883"/>
      <trkpt lat="46.655630" lon="-121.410862"/>
      <trkpt lat="46.655711" lon="-121.410803"/>
      <trkpt lat="46.655784" lon="-121.410787"/>
      <trkpt lat="46.655873" lon="-121.410792"/>
      <trkpt lat="46.655980" lon="-121.410770"/>
      <trkpt lat="46.656086" lon="-121.410760"/>
      <trkpt lat="46.656197" lon="-121.410824"/>
      <trkpt lat="46.656307" lon="-121.410899"/>
      <trkpt lat="46.656388" lon="-121.410980"/>
      <trkpt lat="46.656525" lon="-121.411138"/>
      <trkpt lat="46.656849" lon="-121.411334"/>
      <trkpt lat="46.657365" lon="-121.411729"/>
      <trkpt lat="46.657449" lon="-121.411774"/>
      <trkpt lat="46.657530" lon="-121.411918"/>
      <trkpt lat="46.657620" lon="-121.411983"/>
      <trkpt lat="46.657715" lon="-121.412010"/>
      <trkpt lat="46.657903" lon="-121.412012"/>
      <trkpt lat="46.658071" lon="-121.412020"/>
      <trkpt lat="46.658189" lon="-121.412042"/>
      <trkpt lat="46.658281" lon="-121.412074"/>
      <trkpt lat="46.658362" lon="-121.412128"/>
      <trkpt lat="46.658454" lon="-121.412235"/>
      <trkpt lat="46.658516" lon="-121.412396"/>
      <trkpt lat="46.658748" lon="-121.412675"/>
      <trkpt lat="46.658778" lon="-121.412726"/>
      <trkpt lat="46.658986" lon="-121.413220"/>
      <trkpt lat="46.659078" lon="-121.413318"/>
      <trkpt lat="46.659223" lon="-121.413399"/>
      <trkpt lat="46.659341" lon="-121.413485"/>
      <trkpt lat="46.659426" lon="-121.413592"/>
      <trkpt lat="46.659483" lon="-121.413623"/>
      <trkpt lat="46.659676" lon="-121.413630"/>
      <trkpt lat="46.659831" lon="-121.413689"/>
      <trkpt lat="46.659945" lon="-121.413791"/>
      <trkpt lat="46.660076" lon="-121.413851"/>
      <trkpt lat="46.660178" lon="-121.413871"/>
      <trkpt lat="46.660417" lon="-121.413872"/>
    </trkseg>
  </trk>
</gpx>
