<?xml version="1.0" encoding="UTF-8"?>
<gpx version="1.1" creator="unburnt" xmlns="http://www.topografix.com/GPX/1/1">
  <metadata><name>PCT - California Section L</name><copyright author="OpenStreetMap contributors"><license>https://opendatacommons.org/licenses/odbl/</license></copyright></metadata>
  <trk><name>PCT - California Section L</name>
    <trkseg>
      <trkpt lat="39.316745" lon="-120.326201"/>
      <trkpt lat="39.316840" lon="-120.326019"/>
      <trkpt lat="39.316967" lon="-120.325827"/>
      <trkpt lat="39.316990" lon="-120.325779"/>
      <trkpt lat="39.317018" lon="-120.325631"/>
      <trkpt lat="39.317036" lon="-120.325575"/>
      <trkpt lat="39.317071" lon="-120.325490"/>
      <trkpt lat="39.317147" lon="-120.325359"/>
      <trkpt lat="39.317209" lon="-120.325292"/>
      <trkpt lat="39.317247" lon="-120.325244"/>
      <trkpt lat="39.317265" lon="-120.325202"/>
      <trkpt lat="39.317313" lon="-120.325150"/>
      <trkpt lat="39.317324" lon="-120.325110"/>
      <trkpt lat="39.317324" lon="-120.325064"/>
      <trkpt lat="39.317336" lon="-120.325021"/>
      <trkpt lat="39.317366" lon="-120.324961"/>
      <trkpt lat="39.317401" lon="-120.324907"/>
      <trkpt lat="39.317474" lon="-120.324839"/>
      <trkpt lat="39.317511" lon="-120.324776"/>
      <trkpt lat="39.317549" lon="-120.324732"/>
      <trkpt lat="39.317618" lon="-120.324676"/>
      <trkpt lat="39.317875" lon="-120.324409"/>
      <trkpt lat="39.317957" lon="-120.324227"/>
      <trkpt lat="39.318036" lon="-120.324079"/>
      <trkpt lat="39.318097" lon="-120.324017"/>
      <trkpt lat="39.318172" lon="-120.323978"/>
      <trkpt lat="39.318258" lon="-120.323782"/>
      <trkpt lat="39.318481" lon="-120.323450"/>
      <trkpt lat="39.318580" lon="-120.323341"/>
      <trkpt lat="39.318618" lon="-120.323259"/>
      <trkpt lat="39.318668" lon="-120.323206"/>
      <trkpt lat="39.318751" lon="-120.323171"/>
      <trkpt lat="39.318850" lon="-120.323100"/>
      <trkpt lat="39.318938" lon="-120.322956"/>
      <trkpt lat="39.319222" lon="-120.322268"/>
      <trkpt lat="39.319249" lon="-120.322216"/>
      <trkpt lat="39.319319" lon="-120.322213"/>
      <trkpt lat="39.319345" lon="-120.322199"/>
      <trkpt lat="39.319354" lon="-120.322169"/>
      <trkpt lat="39.319333" lon="-120.322097"/>
      <trkpt lat="39.319342" lon="-120.322034"/>
      <trkpt lat="39.319397" lon="-120.322003"/>
      <trkpt lat="39.319440" lon="-120.322015"/>
      <trkpt lat="39.319465" lon="-120.322002"/>
      <trkpt lat="39.319509" lon="-120.321965"/>
      <trkpt lat="39.319565" lon="-120.321890"/>
      <trkpt lat="39.319674" lon="-120.321791"/>
      <trkpt lat="39.319768" lon="-120.321689"/>
      <trkpt lat="39.319811" lon="-120.321665"/>
      <trkpt lat="39.319959" lon="-120.321636"/>
      <trkpt lat="39.320035" lon="-120.321599"/>
      <trkpt lat="39.320254" lon="-120.321440"/>
      <trkpt lat="39.320352" lon="-120.321397"/>
      <trkpt lat="39.320437" lon="-120.321439"/>
      <trkpt lat="39.320512" lon="-120.321433"/>
      <trkpt lat="39.320586" lon="-120.321411"/>
      <trkpt lat="39.320651" lon="-120.321415"/>
      <trkpt lat="39.320782" lon="-120.321438"/>
      <trkpt lat="39.320855" lon="-120.321433"/>
      <trkpt lat="39.320945" lon="-120.321546"/>
      <trkpt lat="39.321001" lon="-120.321560"/>
      <trkpt lat="39.321044" lon="-120.321547"/>
      <trkpt lat="39.321071" lon="-120.321489"/>
      <trkpt lat="39.321092" lon="-120.321430"/>
      <trkpt lat="39.321136" lon="-120.321363"/>
      <trkpt lat="39.321236" lon="-120.321260"/>
      <trkpt lat="39.321281" lon="-120.321183"/>
      <trkpt lat="39.321301" lon="-120.321112"/>
      <trkpt lat="39.321289" lon="-120.321050"/>
      <trkpt lat="39.321233" lon="-120.320971"/>
      <trkpt lat="39.321189" lon="-120.320818"/>
      <trkpt lat="39.321230" lon="-120.320615"/>
      <trkpt lat="39.321243" lon="-120.320575"/>
      <trkpt lat="39.321263" lon="-120.320551"/>
      <trkpt lat="39.321349" lon="-120.320697"/>
      <trkpt lat="39.321442" lon="-120.320822"/>
      <trkpt lat="39.321478" lon="-120.320816"/>
      <trkpt lat="39.321512" lon="-120.320765"/>
      <trkpt lat="39.321558" lon="-120.320737"/>
      <trkpt lat="39.321614" lon="-120.320710"/>
      <trkpt lat="39.321669" lon="-120.320745"/>
      <trkpt lat="39.321749" lon="-120.320914"/>
      <trkpt lat="39.321795" lon="-120.320948"/>
      <trkpt lat="39.321953" lon="-120.320920"/>
      <trkpt lat="39.322028" lon="-120.320891"/>
      <trkpt lat="39.322072" lon="-120.320849"/>
      <trkpt lat="39.322108" lon="-120.320792"/>
      <trkpt lat="39.322120" lon="-120.320675"/>
      <trkpt lat="39.322145" lon="-120.320605"/>
      <trkpt lat="39.322190" lon="-120.320570"/>
      <trkpt lat="39.322370" lon="-120.320639"/>
      <trkpt lat="39.322404" lon="-120.320701"/>
      <trkpt lat="39.322406" lon="-120.320815"/>
      <trkpt lat="39.322417" lon="-120.320922"/>
      <trkpt lat="39.322552" lon="-120.321168"/>
      <trkpt lat="39.322649" lon="-120.321290"/>
      <trkpt lat="39.322674" lon="-120.321280"/>
      <trkpt lat="39.322628" lon="-120.321153"/>
      <trkpt lat="39.322631" lon="-120.320983"/>
      <trkpt lat="39.322653" lon="-120.320982"/>
      <trkpt lat="39.322694" lon="-120.321071"/>
      <trkpt lat="39.322718" lon="-120.321052"/>
      <trkpt lat="39.322744" lon="-120.320994"/>
      <trkpt lat="39.322752" lon="-120.320871"/>
      <trkpt lat="39.322755" lon="-120.320742"/>
      <trkpt lat="39.322643" lon="-120.320552"/>
      <trkpt lat="39.322657" lon="-120.320518"/>
      <trkpt lat="39.322753" lon="-120.320624"/>
      <trkpt lat="39.322769" lon="-120.320682"/>
      <trkpt lat="39.322801" lon="-120.320674"/>
      <trkpt lat="39.322736" lon="-120.320517"/>
      <trkpt lat="39.322673" lon="-120.320431"/>
      <trkpt lat="39.322683" lon="-120.320399"/>
      <trkpt lat="39.322721" lon="-120.320419"/>
      <trkpt lat="39.322849" lon="-120.320616"/>
      <trkpt lat="39.322936" lon="-120.320719"/>
      <trkpt lat="39.323055" lon="-120.320878"/>
      <trkpt lat="39.323074" lon="-120.320868"/>
      <trkpt lat="39.323077" lon="-120.320816"/>
      <trkpt lat="39.322901" lon="-120.320503"/>
      <trkpt lat="39.322788" lon="-120.320271"/>
      <trkpt lat="39.322804" lon="-120.320223"/>
      <trkpt lat="39.322957" lon="-120.320393"/>
      <trkpt lat="39.323089" lon="-120.320597"/>
      <trkpt lat="39.323119" lon="-120.320603"/>
      <trkpt lat="39.323120" lon="-120.320565"/>
      <trkpt lat="39.323131" lon="-120.320532"/>
      <trkpt lat="39.323191" lon="-120.320589"/>
      <trkpt lat="39.323200" lon="-120.320626"/>
      <trkpt lat="39.323273" lon="-120.320770"/>
      <trkpt lat="39.323334" lon="-120.320930"/>
      <trkpt lat="39.323355" lon="-120.320943"/>
      <trkpt lat="39.323356" lon="-120.320842"/>
      <trkpt lat="39.323391" lon="-120.320853"/>
      <trkpt lat="39.323448" lon="-120.320971"/>
      <trkpt lat="39.323425" lon="-120.321150"/>
      <trkpt lat="39.323434" lon="-120.321326"/>
      <trkpt lat="39.323444" lon="-120.321433"/>
      <trkpt lat="39.323508" lon="-120.321524"/>
      <trkpt lat="39.323568" lon="-120.321826"/>
      <trkpt lat="39.323592" lon="-120.321849"/>
      <trkpt lat="39.323604" lon="-120.321795"/>
      <trkpt lat="39.323597" lon="-120.321709"/>
      <trkpt lat="39.323607" lon="-120.321680"/>
      <trkpt lat="39.323628" lon="-120.321686"/>
      <trkpt lat="39.323656" lon="-120.321822"/>
      <trkpt lat="39.323664" lon="-120.321887"/>
      <trkpt lat="39.323679" lon="-120.321920"/>
      <trkpt lat="39.323673" lon="-120.321972"/>
      <trkpt lat="39.323684" lon="-120.321985"/>
      <trkpt lat="39.323716" lon="-120.321955"/>
      <trkpt lat="39.323757" lon="-120.321905"/>
      <trkpt lat="39.323764" lon="-120.321843"/>
      <trkpt lat="39.323735" lon="-120.321776"/>
      <trkpt lat="39.323730" lon="-120.321715"/>
      <trkpt lat="39.323766" lon="-120.321717"/>
      <trkpt lat="39.323772" lon="-120.321739"/>
      <trkpt lat="39.323803" lon="-120.321779"/>
      <trkpt lat="39.323808" lon="-120.321726"/>
      <trkpt lat="39.323840" lon="-120.321685"/>
      <trkpt lat="39.323917" lon="-120.321654"/>
      <trkpt lat="39.323950" lon="-120.321598"/>
      <trkpt lat="39.323964" lon="-120.321548"/>
      <trkpt lat="39.324038" lon="-120.321524"/>
      <trkpt lat="39.324077" lon="-120.321484"/>
      <trkpt lat="39.324087" lon="-120.321250"/>
      <trkpt lat="39.324096" lon="-120.321163"/>
      <trkpt lat="39.324132" lon="-120.321043"/>
      <trkpt lat="39.324161" lon="-120.321009"/>
      <trkpt lat="39.324215" lon="-120.321006"/>
      <trkpt lat="39.324327" lon="-120.321036"/>
      <trkpt lat="39.324370" lon="-120.321092"/>
      <trkpt lat="39.324401" lon="-120.321120"/>
      <trkpt lat="39.324448" lon="-120.321116"/>
      <trkpt lat="39.324474" lon="-120.321069"/>
      <trkpt lat="39.324533" lon="-120.321040"/>
      <trkpt lat="39.324604" lon="-120.321085"/>
      <trkpt lat="39.324841" lon="-120.321311"/>
      <trkpt lat="39.324886" lon="-120.321350"/>
      <trkpt lat="39.324929" lon="-120.321362"/>
      <trkpt lat="39.324981" lon="-120.321315"/>
      <trkpt lat="39.325015" lon="-120.321252"/>
      <trkpt lat="39.324921" lon="-120.321091"/>
      <trkpt lat="39.324926" lon="-120.320969"/>
      <trkpt lat="39.324959" lon="-120.320883"/>
      <trkpt lat="39.325012" lon="-120.320807"/>
      <trkpt lat="39.325049" lon="-120.320768"/>
      <trkpt lat="39.325090" lon="-120.320761"/>
      <trkpt lat="39.325136" lon="-120.320802"/>
      <trkpt lat="39.325132" lon="-120.320875"/>
      <trkpt lat="39.325147" lon="-120.320978"/>
      <trkpt lat="39.325203" lon="-120.321063"/>
      <trkpt lat="39.325239" lon="-120.321067"/>
      <trkpt lat="39.325246" lon="-120.320977"/>
      <trkpt lat="39.325300" lon="-120.320902"/>
      <trkpt lat="39.325323" lon="-120.320858"/>
      <trkpt lat="39.325363" lon="-120.320820"/>
      <trkpt lat="39.325397" lon="-120.320815"/>
      <trkpt lat="39.325438" lon="-120.320810"/>
      <trkpt lat="39.325448" lon="-120.320848"/>
      <trkpt lat="39.325431" lon="-120.320899"/>
      <trkpt lat="39.325411" lon="-120.321024"/>
      <trkpt lat="39.325487" lon="-120.321124"/>
      <trkpt lat="39.325576" lon="-120.321225"/>
      <trkpt lat="39.325672" lon="-120.321242"/>
      <trkpt lat="39.325759" lon="-120.321318"/>
      <trkpt lat="39.325962" lon="-120.321331"/>
      <trkpt lat="39.326043" lon="-120.321318"/>
      <trkpt lat="39.326183" lon="-120.321262"/>
      <trkpt lat="39.326245" lon="-120.321210"/>
      <trkpt lat="39.326305" lon="-120.321140"/>
      <trkpt lat="39.326329" lon="-120.321036"/>
      <trkpt lat="39.326322" lon="-120.320842"/>
      <trkpt lat="39.326329" lon="-120.320776"/>
      <trkpt lat="39.326429" lon="-120.320591"/>
      <trkpt lat="39.326468" lon="-120.320252"/>
      <trkpt lat="39.326501" lon="-120.320155"/>
      <trkpt lat="39.326555" lon="-120.320072"/>
      <trkpt lat="39.326614" lon="-120.320019"/>
      <trkpt lat="39.326668" lon="-120.320018"/>
      <trkpt lat="39.326767" lon="-120.320054"/>
      <trkpt lat="39.326873" lon="-120.320050"/>
      <trkpt lat="39.326915" lon="-120.320035"/>
      <trkpt lat="39.326930" lon="-120.319999"/>
      <trkpt lat="39.326901" lon="-120.319958"/>
      <trkpt lat="39.326873" lon="-120.319890"/>
      <trkpt lat="39.326905" lon="-120.319868"/>
      <trkpt lat="39.326974" lon="-120.319874"/>
      <trkpt lat="39.327039" lon="-120.319926"/>
      <trkpt lat="39.327122" lon="-120.320097"/>
      <trkpt lat="39.327173" lon="-120.320084"/>
      <trkpt lat="39.327193" lon="-120.319919"/>
      <trkpt lat="39.327213" lon="-120.319783"/>
      <trkpt lat="39.327297" lon="-120.319696"/>
      <trkpt lat="39.327330" lon="-120.319637"/>
      <trkpt lat="39.327367" lon="-120.319613"/>
      <trkpt lat="39.327410" lon="-120.319614"/>
      <trkpt lat="39.327460" lon="-120.319632"/>
      <trkpt lat="39.327511" lon="-120.319699"/>
      <trkpt lat="39.327551" lon="-120.319761"/>
      <trkpt lat="39.327556" lon="-120.319815"/>
      <trkpt lat="39.327594" lon="-120.319826"/>
      <trkpt lat="39.327626" lon="-120.319821"/>
      <trkpt lat="39.327660" lon="-120.319842"/>
      <trkpt lat="39.327653" lon="-120.319864"/>
      <trkpt lat="39.327535" lon="-120.319876"/>
      <trkpt lat="39.327518" lon="-120.319895"/>
      <trkpt lat="39.327533" lon="-120.319946"/>
      <trkpt lat="39.327572" lon="-120.319971"/>
      <trkpt lat="39.327625" lon="-120.320068"/>
      <trkpt lat="39.327685" lon="-120.320006"/>
      <trkpt lat="39.327717" lon="-120.319958"/>
      <trkpt lat="39.327779" lon="-120.319946"/>
      <trkpt lat="39.327813" lon="-120.319883"/>
      <trkpt lat="39.327818" lon="-120.319833"/>
      <trkpt lat="39.327864" lon="-120.319722"/>
      <trkpt lat="39.327873" lon="-120.319649"/>
      <trkpt lat="39.327891" lon="-120.319583"/>
      <trkpt lat="39.327898" lon="-120.319537"/>
      <trkpt lat="39.327924" lon="-120.319554"/>
      <trkpt lat="39.327938" lon="-120.319743"/>
      <trkpt lat="39.327902" lon="-120.320128"/>
      <trkpt lat="39.327878" lon="-120.320277"/>
      <trkpt lat="39.327827" lon="-120.320365"/>
      <trkpt lat="39.327806" lon="-120.320529"/>
      <trkpt lat="39.327818" lon="-120.320596"/>
      <trkpt lat="39.327872" lon="-120.320671"/>
      <trkpt lat="39.327867" lon="-120.320862"/>
      <trkpt lat="39.327880" lon="-120.320969"/>
      <trkpt lat="39.327915" lon="-120.320983"/>
      <trkpt lat="39.327957" lon="-120.320935"/>
      <trkpt lat="39.328028" lon="-120.320815"/>
      <trkpt lat="39.328052" lon="-120.320756"/>
      <trkpt lat="39.328055" lon="-120.320638"/>
      <trkpt lat="39.328031" lon="-120.320518"/>
      <trkpt lat="39.328064" lon="-120.320483"/>
      <trkpt lat="39.328114" lon="-120.320514"/>
      <trkpt lat="39.328150" lon="-120.320593"/>
      <trkpt lat="39.328177" lon="-120.320682"/>
      <trkpt lat="39.328268" lon="-120.320776"/>
      <trkpt lat="39.328389" lon="-120.320827"/>
      <trkpt lat="39.328471" lon="-120.320902"/>
      <trkpt lat="39.328559" lon="-120.320926"/>
      <trkpt lat="39.328652" lon="-120.320868"/>
      <trkpt lat="39.328723" lon="-120.320845"/>
      <trkpt lat="39.328803" lon="-120.320847"/>
      <trkpt lat="39.328860" lon="-120.320878"/>
      <trkpt lat="39.328914" lon="-120.320848"/>
      <trkpt lat="39.329002" lon="-120.320698"/>
      <trkpt lat="39.329060" lon="-120.320560"/>
      <trkpt lat="39.329085" lon="-120.320406"/>
      <trkpt lat="39.329147" lon="-120.320174"/>
      <trkpt lat="39.329162" lon="-120.320082"/>
      <trkpt lat="39.329186" lon="-120.320017"/>
      <trkpt lat="39.329206" lon="-120.319988"/>
      <trkpt lat="39.329239" lon="-120.319988"/>
      <trkpt lat="39.329287" lon="-120.320035"/>
      <trkpt lat="39.329314" lon="-120.320107"/>
      <trkpt lat="39.329435" lon="-120.320269"/>
      <trkpt lat="39.329650" lon="-120.320511"/>
      <trkpt lat="39.329718" lon="-120.320549"/>
      <trkpt lat="39.329759" lon="-120.320631"/>
      <trkpt lat="39.329907" lon="-120.320894"/>
      <trkpt lat="39.329904" lon="-120.320977"/>
      <trkpt lat="39.329941" lon="-120.321044"/>
      <trkpt lat="39.329996" lon="-120.321104"/>
      <trkpt lat="39.330082" lon="-120.321130"/>
      <trkpt lat="39.330160" lon="-120.321181"/>
      <trkpt lat="39.330227" lon="-120.321243"/>
      <trkpt lat="39.330285" lon="-120.321313"/>
      <trkpt lat="39.330343" lon="-120.321468"/>
      <trkpt lat="39.330354" lon="-120.321653"/>
      <trkpt lat="39.330385" lon="-120.321765"/>
      <trkpt lat="39.330439" lon="-120.321850"/>
      <trkpt lat="39.330503" lon="-120.321912"/>
      <trkpt lat="39.330638" lon="-120.321921"/>
      <trkpt lat="39.330753" lon="-120.321873"/>
      <trkpt lat="39.330835" lon="-120.321846"/>
      <trkpt lat="39.330918" lon="-120.321862"/>
      <trkpt lat="39.331118" lon="-120.321879"/>
      <trkpt lat="39.331207" lon="-120.321869"/>
      <trkpt lat="39.331267" lon="-120.321887"/>
      <trkpt lat="39.331328" lon="-120.321946"/>
      <trkpt lat="39.331447" lon="-120.322105"/>
      <trkpt lat="39.331482" lon="-120.322161"/>
      <trkpt lat="39.331527" lon="-120.322207"/>
      <trkpt lat="39.331610" lon="-120.322236"/>
      <trkpt lat="39.331766" lon="-120.322242"/>
      <trkpt lat="39.331811" lon="-120.322275"/>
      <trkpt lat="39.331859" lon="-120.322342"/>
      <trkpt lat="39.331904" lon="-120.322416"/>
      <trkpt lat="39.331911" lon="-120.322518"/>
      <trkpt lat="39.331946" lon="-120.322605"/>
      <trkpt lat="39.332114" lon="-120.322731"/>
      <trkpt lat="39.332190" lon="-120.322767"/>
      <trkpt lat="39.332237" lon="-120.322759"/>
      <trkpt lat="39.332257" lon="-120.322699"/>
      <trkpt lat="39.332290" lon="-120.322680"/>
      <trkpt lat="39.332359" lon="-120.322663"/>
      <trkpt lat="39.332473" lon="-120.322650"/>
      <trkpt lat="39.332515" lon="-120.322650"/>
      <trkpt lat="39.332568" lon="-120.322716"/>
      <trkpt lat="39.332644" lon="-120.322778"/>
      <trkpt lat="39.332769" lon="-120.322810"/>
      <trkpt lat="39.332857" lon="-120.322887"/>
      <trkpt lat="39.332939" lon="-120.323053"/>
      <trkpt lat="39.333011" lon="-120.323156"/>
      <trkpt lat="39.333187" lon="-120.323343"/>
      <trkpt lat="39.333421" lon="-120.323789"/>
      <trkpt lat="39.333504" lon="-120.323853"/>
      <trkpt lat="39.333562" lon="-120.323859"/>
      <trkpt lat="39.333589" lon="-120.323816"/>
      <trkpt lat="39.333609" lon="-120.323773"/>
      <trkpt lat="39.333641" lon="-120.323760"/>
      <trkpt lat="39.333711" lon="-120.323745"/>
      <trkpt lat="39.333786" lon="-120.323744"/>
      <trkpt lat="39.333823" lon="-120.323698"/>
      <trkpt lat="39.333844" lon="-120.323680"/>
      <trkpt lat="39.333899" lon="-120.323683"/>
      <trkpt lat="39.333962" lon="-120.323749"/>
      <trkpt lat="39.334046" lon="-120.323770"/>
      <trkpt lat="39.334171" lon="-120.323831"/>
      <trkpt lat="39.334260" lon="-120.323832"/>
      <trkpt lat="39.334259" lon="-120.323884"/>
      <trkpt lat="39.333933" lon="-120.323918"/>
      <trkpt lat="39.333857" lon="-120.324053"/>
      <trkpt lat="39.333852" lon="-120.324116"/>
      <trkpt lat="39.333895" lon="-120.324178"/>
      <trkpt lat="39.333996" lon="-120.324218"/>
      <trkpt lat="39.334187" lon="-120.324324"/>
      <trkpt lat="39.334279" lon="-120.324395"/>
      <trkpt lat="39.334376" lon="-120.324449"/>
      <trkpt lat="39.334529" lon="-120.324574"/>
      <trkpt lat="39.334623" lon="-120.324621"/>
      <trkpt lat="39.334738" lon="-120.324634"/>
      <trkpt lat="39.334834" lon="-120.324690"/>
      <trkpt lat="39.334912" lon="-120.324748"/>
      <trkpt lat="39.334997" lon="-120.324769"/>
      <trkpt lat="39.335064" lon="-120.324734"/>
      <trkpt lat="39.335106" lon="-120.324670"/>
      <trkpt lat="39.335156" lon="-120.324671"/>
      <trkpt lat="39.335295" lon="-120.324760"/>
      <trkpt lat="39.335372" lon="-120.324822"/>
      <trkpt lat="39.335430" lon="-120.324827"/>
      <trkpt lat="39.335483" lon="-120.324845"/>
      <trkpt lat="39.335502" lon="-120.324877"/>
      <trkpt lat="39.335490" lon="-120.324965"/>
      <trkpt lat="39.335455" lon="-120.325172"/>
      <trkpt lat="39.335437" lon="-120.325246"/>
      <trkpt lat="39.335442" lon="-120.325291"/>
      <trkpt lat="39.335477" lon="-120.325291"/>
      <trkpt lat="39.335516" lon="-120.325250"/>
      <trkpt lat="39.335598" lon="-120.325209"/>
      <trkpt lat="39.335721" lon="-120.325213"/>
      <trkpt lat="39.335826" lon="-120.325201"/>
      <trkpt lat="39.335972" lon="-120.325107"/>
      <trkpt lat="39.336090" lon="-120.325074"/>
      <trkpt lat="39.336191" lon="-120.324972"/>
      <trkpt lat="39.336417" lon="-120.324868"/>
      <trkpt lat="39.336447" lon="-120.324811"/>
      <trkpt lat="39.336493" lon="-120.324810"/>
      <trkpt lat="39.336517" lon="-120.324830"/>
      <trkpt lat="39.336429" lon="-120.325020"/>
      <trkpt lat="39.336348" lon="-120.325044"/>
      <trkpt lat="39.336335" lon="-120.325075"/>
      <trkpt lat="39.336363" lon="-120.325125"/>
      <trkpt lat="39.336418" lon="-120.325130"/>
      <trkpt lat="39.336534" lon="-120.325207"/>
      <trkpt lat="39.336627" lon="-120.325211"/>
      <trkpt lat="39.336708" lon="-120.325177"/>
      <trkpt lat="39.336761" lon="-120.325201"/>
      <trkpt lat="39.336762" lon="-120.325442"/>
      <trkpt lat="39.336800" lon="-120.325517"/>
      <trkpt lat="39.337022" lon="-120.325680"/>
      <trkpt lat="39.337088" lon="-120.325813"/>
      <trkpt lat="39.337122" lon="-120.325912"/>
      <trkpt lat="39.337224" lon="-120.326021"/>
      <trkpt lat="39.337417" lon="-120.326268"/>
      <trkpt lat="39.337457" lon="-120.326423"/>
      <trkpt lat="39.337457" lon="-120.326626"/>
      <trkpt lat="39.337539" lon="-120.326825"/>
      <trkpt lat="39.337656" lon="-120.327017"/>
      <trkpt lat="39.337688" lon="-120.327127"/>
      <trkpt lat="39.337752" lon="-120.327210"/>
      <trkpt lat="39.337803" lon="-120.327248"/>
      <trkpt lat="39.337888" lon="-120.327265"/>
      <trkpt lat="39.337899" lon="-120.327293"/>
      <trkpt lat="39.337897" lon="-120.327369"/>
      <trkpt lat="39.337849" lon="-120.327434"/>
      <trkpt lat="39.337757" lon="-120.327488"/>
      <trkpt lat="39.337715" lon="-120.327563"/>
      <trkpt lat="39.337692" lon="-120.327767"/>
      <trkpt lat="39.337690" lon="-120.328224"/>
      <trkpt lat="39.337685" lon="-120.328353"/>
      <trkpt lat="39.337594" lon="-120.328732"/>
      <trkpt lat="39.337587" lon="-120.328927"/>
      <trkpt lat="39.337623" lon="-120.329253"/>
      <trkpt lat="39.337680" lon="-120.329329"/>
      <trkpt lat="39.337772" lon="-120.329364"/>
      <trkpt lat="39.337882" lon="-120.329451"/>
      <trkpt lat="39.337963" lon="-120.329583"/>
      <trkpt lat="39.337953" lon="-120.329732"/>
      <trkpt lat="39.337941" lon="-120.329820"/>
      <trkpt lat="39.337897" lon="-120.329883"/>
      <trkpt lat="39.337857" lon="-120.329958"/>
      <trkpt lat="39.337854" lon="-120.330025"/>
      <trkpt lat="39.337868" lon="-120.330073"/>
      <trkpt lat="39.337885" lon="-120.330155"/>
      <trkpt lat="39.337905" lon="-120.330220"/>
      <trkpt lat="39.338013" lon="-120.330388"/>
      <trkpt lat="39.338029" lon="-120.330456"/>
      <trkpt lat="39.338016" lon="-120.330657"/>
      <trkpt lat="39.338038" lon="-120.330690"/>
      <trkpt lat="39.338132" lon="-120.330768"/>
      <trkpt lat="39.338163" lon="-120.330800"/>
      <trkpt lat="39.338188" lon="-120.330847"/>
      <trkpt lat="39.338171" lon="-120.330897"/>
      <trkpt lat="39.338116" lon="-120.330900"/>
      <trkpt lat="39.337992" lon="-120.330873"/>
      <trkpt lat="39.337888" lon="-120.330837"/>
      <trkpt lat="39.337822" lon="-120.330768"/>
      <trkpt lat="39.337693" lon="-120.330611"/>
      <trkpt lat="39.337567" lon="-120.330543"/>
      <trkpt lat="39.337504" lon="-120.330445"/>
      <trkpt lat="39.337451" lon="-120.330322"/>
      <trkpt lat="39.337412" lon="-120.330311"/>
      <trkpt lat="39.337382" lon="-120.330350"/>
      <trkpt lat="39.337419" lon="-120.330508"/>
      <trkpt lat="39.337406" lon="-120.330592"/>
      <trkpt lat="39.337354" lon="-120.330761"/>
      <trkpt lat="39.337368" lon="-120.330876"/>
      <trkpt lat="39.337427" lon="-120.330964"/>
      <trkpt lat="39.337451" lon="-120.331138"/>
      <trkpt lat="39.337447" lon="-120.331315"/>
      <trkpt lat="39.337471" lon="-120.331460"/>
      <trkpt lat="39.337527" lon="-120.331573"/>
      <trkpt lat="39.337650" lon="-120.331798"/>
      <trkpt lat="39.337965" lon="-120.332605"/>
      <trkpt lat="39.338053" lon="-120.332808"/>
      <trkpt lat="39.338119" lon="-120.332898"/>
      <trkpt lat="39.338222" lon="-120.333011"/>
      <trkpt lat="39.338343" lon="-120.333118"/>
      <trkpt lat="39.338505" lon="-120.333155"/>
      <trkpt lat="39.338675" lon="-120.333182"/>
      <trkpt lat="39.338940" lon="-120.333327"/>
      <trkpt lat="39.339156" lon="-120.333453"/>
      <trkpt lat="39.339285" lon="-120.333470"/>
      <trkpt lat="39.339368" lon="-120.333467"/>
      <trkpt lat="39.339401" lon="-120.333504"/>
      <trkpt lat="39.339432" lon="-120.333673"/>
      <trkpt lat="39.339480" lon="-120.333767"/>
      <trkpt lat="39.339575" lon="-120.333928"/>
      <trkpt lat="39.339623" lon="-120.334148"/>
      <trkpt lat="39.339646" lon="-120.334282"/>
      <trkpt lat="39.339592" lon="-120.334521"/>
      <trkpt lat="39.339600" lon="-120.334663"/>
      <trkpt lat="39.339662" lon="-120.334746"/>
      <trkpt lat="39.339689" lon="-120.334813"/>
      <trkpt lat="39.339689" lon="-120.335001"/>
      <trkpt lat="39.339697" lon="-120.335105"/>
      <trkpt lat="39.339728" lon="-120.335138"/>
      <trkpt lat="39.339766" lon="-120.335124"/>
      <trkpt lat="39.339836" lon="-120.335089"/>
      <trkpt lat="39.339915" lon="-120.335119"/>
      <trkpt lat="39.340009" lon="-120.335103"/>
      <trkpt lat="39.340150" lon="-120.335132"/>
      <trkpt lat="39.340308" lon="-120.335080"/>
      <trkpt lat="39.340415" lon="-120.335078"/>
      <trkpt lat="39.340502" lon="-120.335156"/>
      <trkpt lat="39.340616" lon="-120.335191"/>
      <trkpt lat="39.340770" lon="-120.335208"/>
      <trkpt lat="39.340855" lon="-120.335280"/>
      <trkpt lat="39.341012" lon="-120.335454"/>
      <trkpt lat="39.341143" lon="-120.335527"/>
      <trkpt lat="39.341253" lon="-120.335615"/>
      <trkpt lat="39.341311" lon="-120.335693"/>
      <trkpt lat="39.341328" lon="-120.335771"/>
      <trkpt lat="39.341311" lon="-120.335950"/>
      <trkpt lat="39.341336" lon="-120.336041"/>
      <trkpt lat="39.341382" lon="-120.336114"/>
      <trkpt lat="39.341460" lon="-120.336167"/>
      <trkpt lat="39.341625" lon="-120.336238"/>
      <trkpt lat="39.341778" lon="-120.336225"/>
      <trkpt lat="39.341904" lon="-120.336181"/>
      <trkpt lat="39.342037" lon="-120.336036"/>
      <trkpt lat="39.342112" lon="-120.335980"/>
      <trkpt lat="39.342218" lon="-120.335958"/>
      <trkpt lat="39.342353" lon="-120.336020"/>
    </trkseg>
    <trkseg>
      <trkpt lat="39.342353" lon="-120.336020"/>
      <trkpt lat="39.342730" lon="-120.336184"/>
    </trkseg>
    <trkseg>
      <trkpt lat="39.342730" lon="-120.336184"/>
      <trkpt lat="39.343008" lon="-120.336235"/>
      <trkpt lat="39.343128" lon="-120.336162"/>
    </trkseg>
    <trkseg>
      <trkpt lat="39.343128" lon="-120.336162"/>
      <trkpt lat="39.343419" lon="-120.336194"/>
    </trkseg>
    <trkseg>
      <trkpt lat="39.343419" lon="-120.336194"/>
      <trkpt lat="39.343565" lon="-120.336159"/>
      <trkpt lat="39.343667" lon="-120.336165"/>
      <trkpt lat="39.343783" lon="-120.336217"/>
      <trkpt lat="39.343892" lon="-120.336296"/>
      <trkpt lat="39.344025" lon="-120.336515"/>
      <trkpt lat="39.344084" lon="-120.336630"/>
      <trkpt lat="39.344133" lon="-120.336835"/>
      <trkpt lat="39.344196" lon="-120.336874"/>
      <trkpt lat="39.344287" lon="-120.336874"/>
      <trkpt lat="39.344356" lon="-120.336940"/>
      <trkpt lat="39.344452" lon="-120.337058"/>
      <trkpt lat="39.344520" lon="-120.337177"/>
      <trkpt lat="39.344702" lon="-120.337635"/>
      <trkpt lat="39.344768" lon="-120.337714"/>
      <trkpt lat="39.344963" lon="-120.337958"/>
      <trkpt lat="39.345136" lon="-120.338280"/>
      <trkpt lat="39.345204" lon="-120.338333"/>
      <trkpt lat="39.345275" lon="-120.338457"/>
      <trkpt lat="39.345251" lon="-120.338571"/>
      <trkpt lat="39.345253" lon="-120.338706"/>
      <trkpt lat="39.345286" lon="-120.338804"/>
      <trkpt lat="39.345473" lon="-120.339047"/>
      <trkpt lat="39.345514" lon="-120.339170"/>
      <trkpt lat="39.345527" lon="-120.339272"/>
      <trkpt lat="39.345542" lon="-120.339316"/>
      <trkpt lat="39.345592" lon="-120.339357"/>
      <trkpt lat="39.345618" lon="-120.339397"/>
      <trkpt lat="39.345615" lon="-120.339459"/>
      <trkpt lat="39.345572" lon="-120.339520"/>
      <trkpt lat="39.345502" lon="-120.339566"/>
      <trkpt lat="39.345255" lon="-120.339707"/>
      <trkpt lat="39.345231" lon="-120.339787"/>
      <trkpt lat="39.345184" lon="-120.339901"/>
      <trkpt lat="39.345098" lon="-120.340006"/>
      <trkpt lat="39.344988" lon="-120.340104"/>
      <trkpt lat="39.344914" lon="-120.340133"/>
      <trkpt lat="39.344762" lon="-120.340175"/>
      <trkpt lat="39.344658" lon="-120.340160"/>
      <trkpt lat="39.344469" lon="-120.340034"/>
      <trkpt lat="39.344353" lon="-120.339972"/>
      <trkpt lat="39.344277" lon="-120.339967"/>
      <trkpt lat="39.344224" lon="-120.340008"/>
      <trkpt lat="39.344243" lon="-120.340126"/>
      <trkpt lat="39.344246" lon="-120.340266"/>
      <trkpt lat="39.344271" lon="-120.340336"/>
      <trkpt lat="39.344273" lon="-120.340395"/>
      <trkpt lat="39.344223" lon="-120.340371"/>
      <trkpt lat="39.344177" lon="-120.340319"/>
      <trkpt lat="39.344078" lon="-120.340242"/>
      <trkpt lat="39.344032" lon="-120.340207"/>
      <trkpt lat="39.343995" lon="-120.340242"/>
      <trkpt lat="39.343992" lon="-120.340289"/>
      <trkpt lat="39.343955" lon="-120.340361"/>
      <trkpt lat="39.343859" lon="-120.340361"/>
      <trkpt lat="39.343759" lon="-120.340372"/>
      <trkpt lat="39.343730" lon="-120.340423"/>
      <trkpt lat="39.343747" lon="-120.340499"/>
      <trkpt lat="39.343774" lon="-120.340599"/>
      <trkpt lat="39.343776" lon="-120.340734"/>
      <trkpt lat="39.343742" lon="-120.340858"/>
      <trkpt lat="39.343708" lon="-120.340910"/>
      <trkpt lat="39.343619" lon="-120.341002"/>
      <trkpt lat="39.343286" lon="-120.341211"/>
      <trkpt lat="39.343179" lon="-120.341308"/>
      <trkpt lat="39.342957" lon="-120.341633"/>
      <trkpt lat="39.342911" lon="-120.341728"/>
      <trkpt lat="39.342860" lon="-120.342119"/>
      <trkpt lat="39.342796" lon="-120.342347"/>
      <trkpt lat="39.342775" lon="-120.342582"/>
      <trkpt lat="39.342717" lon="-120.342887"/>
      <trkpt lat="39.342656" lon="-120.343087"/>
      <trkpt lat="39.342556" lon="-120.343238"/>
      <trkpt lat="39.342531" lon="-120.343356"/>
      <trkpt lat="39.342557" lon="-120.343477"/>
      <trkpt lat="39.342562" lon="-120.343669"/>
      <trkpt lat="39.342645" lon="-120.343775"/>
      <trkpt lat="39.342728" lon="-120.343867"/>
      <trkpt lat="39.342891" lon="-120.343998"/>
      <trkpt lat="39.342978" lon="-120.344015"/>
      <trkpt lat="39.343010" lon="-120.344070"/>
      <trkpt lat="39.342973" lon="-120.344132"/>
      <trkpt lat="39.342899" lon="-120.344176"/>
      <trkpt lat="39.342828" lon="-120.344283"/>
      <trkpt lat="39.342771" lon="-120.344450"/>
      <trkpt lat="39.342730" lon="-120.344558"/>
      <trkpt lat="39.342717" lon="-120.344644"/>
      <trkpt lat="39.342733" lon="-120.344710"/>
      <trkpt lat="39.342784" lon="-120.344755"/>
      <trkpt lat="39.342897" lon="-120.344792"/>
      <trkpt lat="39.342952" lon="-120.344842"/>
      <trkpt lat="39.343207" lon="-120.345276"/>
      <trkpt lat="39.343276" lon="-120.345419"/>
      <trkpt lat="39.343314" lon="-120.345618"/>
      <trkpt lat="39.343363" lon="-120.345719"/>
      <trkpt lat="39.343785" lon="-120.346101"/>
      <trkpt lat="39.344134" lon="-120.346365"/>
      <trkpt lat="39.344460" lon="-120.346640"/>
      <trkpt lat="39.344503" lon="-120.346696"/>
      <trkpt lat="39.344851" lon="-120.347347"/>
      <trkpt lat="39.344997" lon="-120.347716"/>
      <trkpt lat="39.345175" lon="-120.348011"/>
      <trkpt lat="39.345209" lon="-120.348111"/>
      <trkpt lat="39.345225" lon="-120.348717"/>
      <trkpt lat="39.345269" lon="-120.349184"/>
      <trkpt lat="39.345234" lon="-120.349261"/>
      <trkpt lat="39.345091" lon="-120.349476"/>
      <trkpt lat="39.345078" lon="-120.349572"/>
      <trkpt lat="39.345086" lon="-120.349640"/>
      <trkpt lat="39.345140" lon="-120.349919"/>
      <trkpt lat="39.345184" lon="-120.350013"/>
      <trkpt lat="39.345217" lon="-120.350048"/>
      <trkpt lat="39.345350" lon="-120.350129"/>
      <trkpt lat="39.345494" lon="-120.350295"/>
      <trkpt lat="39.345604" lon="-120.350384"/>
      <trkpt lat="39.345968" lon="-120.350467"/>
      <trkpt lat="39.346489" lon="-120.350728"/>
      <trkpt lat="39.346591" lon="-120.350816"/>
      <trkpt lat="39.346742" lon="-120.351022"/>
      <trkpt lat="39.346874" lon="-120.351154"/>
      <trkpt lat="39.347056" lon="-120.351245"/>
      <trkpt lat="39.347199" lon="-120.351351"/>
      <trkpt lat="39.347567" lon="-120.351468"/>
      <trkpt lat="39.347804" lon="-120.351633"/>
      <trkpt lat="39.347969" lon="-120.351784"/>
      <trkpt lat="39.348477" lon="-120.352021"/>
      <trkpt lat="39.348831" lon="-120.352237"/>
      <trkpt lat="39.349231" lon="-120.352315"/>
      <trkpt lat="39.349537" lon="-120.352254"/>
      <trkpt lat="39.349687" lon="-120.352243"/>
      <trkpt lat="39.349808" lon="-120.352261"/>
      <trkpt lat="39.349916" lon="-120.352320"/>
      <trkpt lat="39.350175" lon="-120.352450"/>
      <trkpt lat="39.350295" lon="-120.352615"/>
      <trkpt lat="39.350568" lon="-120.352822"/>
      <trkpt lat="39.350660" lon="-120.352872"/>
    </trkseg>
    <trkseg>
      <trkpt lat="39.350660" lon="-120.352872"/>
      <trkpt lat="39.350995" lon="-120.352965"/>
      <trkpt lat="39.351186" lon="-120.352965"/>
      <trkpt lat="39.351282" lon="-120.352938"/>
      <trkpt lat="39.351347" lon="-120.352887"/>
      <trkpt lat="39.351403" lon="-120.352887"/>
      <trkpt lat="39.351490" lon="-120.352895"/>
      <trkpt lat="39.351614" lon="-120.352968"/>
      <trkpt lat="39.351774" lon="-120.353092"/>
      <trkpt lat="39.351890" lon="-120.353124"/>
      <trkpt lat="39.352020" lon="-120.353151"/>
      <trkpt lat="39.352120" lon="-120.353208"/>
      <trkpt lat="39.352168" lon="-120.353251"/>
      <trkpt lat="39.352213" lon="-120.353248"/>
      <trkpt lat="39.352280" lon="-120.353106"/>
      <trkpt lat="39.352342" lon="-120.352993"/>
      <trkpt lat="39.352415" lon="-120.352921"/>
      <trkpt lat="39.352510" lon="-120.352937"/>
      <trkpt lat="39.352587" lon="-120.352977"/>
      <trkpt lat="39.352624" lon="-120.353095"/>
      <trkpt lat="39.352684" lon="-120.353229"/>
      <trkpt lat="39.352763" lon="-120.353320"/>
      <trkpt lat="39.352935" lon="-120.353449"/>
      <trkpt lat="39.353081" lon="-120.353514"/>
      <trkpt lat="39.353231" lon="-120.353637"/>
      <trkpt lat="39.353320" lon="-120.353730"/>
      <trkpt lat="39.353366" lon="-120.353865"/>
      <trkpt lat="39.353437" lon="-120.353934"/>
      <trkpt lat="39.353539" lon="-120.353980"/>
      <trkpt lat="39.353722" lon="-120.354112"/>
      <trkpt lat="39.353888" lon="-120.354180"/>
      <trkpt lat="39.354263" lon="-120.354403"/>
      <trkpt lat="39.354358" lon="-120.354568"/>
      <trkpt lat="39.354414" lon="-120.354629"/>
      <trkpt lat="39.354501" lon="-120.354653"/>
      <trkpt lat="39.354557" lon="-120.354653"/>
      <trkpt lat="39.354628" lon="-120.354603"/>
      <trkpt lat="39.354690" lon="-120.354589"/>
      <trkpt lat="39.354835" lon="-120.354677"/>
      <trkpt lat="39.354976" lon="-120.354720"/>
      <trkpt lat="39.355100" lon="-120.354720"/>
      <trkpt lat="39.355204" lon="-120.354675"/>
      <trkpt lat="39.355302" lon="-120.354672"/>
      <trkpt lat="39.355565" lon="-120.354720"/>
      <trkpt lat="39.355600" lon="-120.354763"/>
      <trkpt lat="39.355602" lon="-120.354841"/>
      <trkpt lat="39.355638" lon="-120.354916"/>
      <trkpt lat="39.355731" lon="-120.354919"/>
      <trkpt lat="39.355824" lon="-120.354905"/>
      <trkpt lat="39.355915" lon="-120.354939"/>
      <trkpt lat="39.355994" lon="-120.355005"/>
      <trkpt lat="39.356040" lon="-120.355066"/>
      <trkpt lat="39.356096" lon="-120.355096"/>
      <trkpt lat="39.356175" lon="-120.355096"/>
      <trkpt lat="39.356364" lon="-120.354988"/>
      <trkpt lat="39.356436" lon="-120.354924"/>
      <trkpt lat="39.356552" lon="-120.354954"/>
      <trkpt lat="39.356697" lon="-120.355018"/>
      <trkpt lat="39.356782" lon="-120.355048"/>
      <trkpt lat="39.357070" lon="-120.355099"/>
      <trkpt lat="39.357135" lon="-120.355077"/>
      <trkpt lat="39.357176" lon="-120.355112"/>
      <trkpt lat="39.357187" lon="-120.355209"/>
      <trkpt lat="39.357247" lon="-120.355297"/>
      <trkpt lat="39.357328" lon="-120.355367"/>
      <trkpt lat="39.357388" lon="-120.355410"/>
      <trkpt lat="39.357531" lon="-120.355426"/>
      <trkpt lat="39.357680" lon="-120.355471"/>
      <trkpt lat="39.357743" lon="-120.355549"/>
      <trkpt lat="39.357788" lon="-120.355635"/>
      <trkpt lat="39.357850" lon="-120.355874"/>
      <trkpt lat="39.357894" lon="-120.355994"/>
      <trkpt lat="39.358025" lon="-120.356324"/>
      <trkpt lat="39.358059" lon="-120.356437"/>
      <trkpt lat="39.358132" lon="-120.356563"/>
      <trkpt lat="39.358157" lon="-120.356619"/>
      <trkpt lat="39.358157" lon="-120.356681"/>
      <trkpt lat="39.358110" lon="-120.356767"/>
      <trkpt lat="39.358085" lon="-120.356938"/>
      <trkpt lat="39.358018" lon="-120.357091"/>
      <trkpt lat="39.357998" lon="-120.357223"/>
      <trkpt lat="39.358008" lon="-120.357352"/>
      <trkpt lat="39.358058" lon="-120.357440"/>
      <trkpt lat="39.358147" lon="-120.357545"/>
      <trkpt lat="39.358209" lon="-120.357703"/>
      <trkpt lat="39.358239" lon="-120.357828"/>
      <trkpt lat="39.358259" lon="-120.357963"/>
      <trkpt lat="39.358317" lon="-120.358049"/>
      <trkpt lat="39.358373" lon="-120.358089"/>
      <trkpt lat="39.358454" lon="-120.358081"/>
      <trkpt lat="39.358531" lon="-120.358060"/>
      <trkpt lat="39.358628" lon="-120.358057"/>
      <trkpt lat="39.358680" lon="-120.358100"/>
      <trkpt lat="39.358690" lon="-120.358180"/>
      <trkpt lat="39.358663" lon="-120.358234"/>
      <trkpt lat="39.358668" lon="-120.358320"/>
      <trkpt lat="39.358760" lon="-120.358438"/>
      <trkpt lat="39.358852" lon="-120.358580"/>
      <trkpt lat="39.358898" lon="-120.358792"/>
      <trkpt lat="39.358945" lon="-120.358914"/>
      <trkpt lat="39.359072" lon="-120.359149"/>
      <trkpt lat="39.359099" lon="-120.359296"/>
      <trkpt lat="39.359149" lon="-120.359395"/>
      <trkpt lat="39.359225" lon="-120.359457"/>
      <trkpt lat="39.359304" lon="-120.359538"/>
      <trkpt lat="39.359348" lon="-120.359629"/>
      <trkpt lat="39.359354" lon="-120.359728"/>
      <trkpt lat="39.359466" lon="-120.360047"/>
      <trkpt lat="39.359581" lon="-120.360269"/>
      <trkpt lat="39.359634" lon="-120.360340"/>
      <trkpt lat="39.359648" lon="-120.360447"/>
      <trkpt lat="39.359642" lon="-120.360562"/>
      <trkpt lat="39.359657" lon="-120.360659"/>
      <trkpt lat="39.359691" lon="-120.360790"/>
      <trkpt lat="39.359703" lon="-120.360994"/>
      <trkpt lat="39.359692" lon="-120.361055"/>
      <trkpt lat="39.359665" lon="-120.361118"/>
      <trkpt lat="39.359644" lon="-120.361182"/>
      <trkpt lat="39.359633" lon="-120.361271"/>
      <trkpt lat="39.359637" lon="-120.361352"/>
      <trkpt lat="39.359627" lon="-120.361423"/>
      <trkpt lat="39.359597" lon="-120.361499"/>
      <trkpt lat="39.359540" lon="-120.361589"/>
      <trkpt lat="39.359501" lon="-120.361624"/>
      <trkpt lat="39.359493" lon="-120.361702"/>
      <trkpt lat="39.359518" lon="-120.361780"/>
      <trkpt lat="39.359589" lon="-120.361837"/>
      <trkpt lat="39.359655" lon="-120.361917"/>
      <trkpt lat="39.359652" lon="-120.361941"/>
      <trkpt lat="39.359522" lon="-120.362071"/>
      <trkpt lat="39.359476" lon="-120.362137"/>
      <trkpt lat="39.359452" lon="-120.362214"/>
      <trkpt lat="39.359440" lon="-120.362332"/>
      <trkpt lat="39.359440" lon="-120.362457"/>
      <trkpt lat="39.359425" lon="-120.362571"/>
      <trkpt lat="39.359409" lon="-120.362612"/>
      <trkpt lat="39.359374" lon="-120.362637"/>
      <trkpt lat="39.359299" lon="-120.362651"/>
      <trkpt lat="39.359219" lon="-120.362673"/>
      <trkpt lat="39.359092" lon="-120.362666"/>
      <trkpt lat="39.359055" lon="-120.362686"/>
      <trkpt lat="39.359028" lon="-120.362750"/>
      <trkpt lat="39.359014" lon="-120.362841"/>
      <trkpt lat="39.359012" lon="-120.362969"/>
      <trkpt lat="39.359002" lon="-120.363055"/>
      <trkpt lat="39.358982" lon="-120.363110"/>
      <trkpt lat="39.358920" lon="-120.363207"/>
      <trkpt lat="39.358891" lon="-120.363286"/>
      <trkpt lat="39.358875" lon="-120.363401"/>
      <trkpt lat="39.358860" lon="-120.363476"/>
      <trkpt lat="39.358827" lon="-120.363513"/>
      <trkpt lat="39.358791" lon="-120.363531"/>
      <trkpt lat="39.358706" lon="-120.363563"/>
      <trkpt lat="39.358642" lon="-120.363611"/>
      <trkpt lat="39.358598" lon="-120.363671"/>
      <trkpt lat="39.358551" lon="-120.363778"/>
      <trkpt lat="39.358500" lon="-120.363920"/>
      <trkpt lat="39.358398" lon="-120.364075"/>
      <trkpt lat="39.358259" lon="-120.364355"/>
      <trkpt lat="39.358170" lon="-120.364460"/>
      <trkpt lat="39.358144" lon="-120.364530"/>
      <trkpt lat="39.358121" lon="-120.364700"/>
      <trkpt lat="39.358096" lon="-120.364780"/>
      <trkpt lat="39.358047" lon="-120.364860"/>
      <trkpt lat="39.357999" lon="-120.364912"/>
      <trkpt lat="39.357950" lon="-120.364951"/>
      <trkpt lat="39.357937" lon="-120.364974"/>
      <trkpt lat="39.357945" lon="-120.364982"/>
    </trkseg>
    <trkseg>
      <trkpt lat="39.357945" lon="-120.364982"/>
      <trkpt lat="39.358029" lon="-120.364982"/>
      <trkpt lat="39.358142" lon="-120.364969"/>
      <trkpt lat="39.358262" lon="-120.364946"/>
      <trkpt lat="39.358351" lon="-120.364936"/>
      <trkpt lat="39.358415" lon="-120.364921"/>
      <trkpt lat="39.358462" lon="-120.364900"/>
      <trkpt lat="39.358509" lon="-120.364867"/>
      <trkpt lat="39.358553" lon="-120.364842"/>
      <trkpt lat="39.358599" lon="-120.364836"/>
      <trkpt lat="39.358636" lon="-120.364856"/>
      <trkpt lat="39.358658" lon="-120.364886"/>
      <trkpt lat="39.358680" lon="-120.364915"/>
    </trkseg>
    <trkseg>
      <trkpt lat="39.358680" lon="-120.364915"/>
      <trkpt lat="39.358785" lon="-120.364990"/>
      <trkpt lat="39.358908" lon="-120.364996"/>
      <trkpt lat="39.359070" lon="-120.364881"/>
      <trkpt lat="39.359171" lon="-120.364835"/>
      <trkpt lat="39.359321" lon="-120.364824"/>
      <trkpt lat="39.359536" lon="-120.364840"/>
      <trkpt lat="39.359669" lon="-120.364803"/>
      <trkpt lat="39.359758" lon="-120.364803"/>
      <trkpt lat="39.359887" lon="-120.364835"/>
      <trkpt lat="39.360005" lon="-120.364846"/>
      <trkpt lat="39.360117" lon="-120.364827"/>
      <trkpt lat="39.360293" lon="-120.364784"/>
      <trkpt lat="39.360432" lon="-120.364760"/>
      <trkpt lat="39.360573" lon="-120.364701"/>
      <trkpt lat="39.360741" lon="-120.364655"/>
      <trkpt lat="39.360969" lon="-120.364513"/>
      <trkpt lat="39.361098" lon="-120.364441"/>
      <trkpt lat="39.361309" lon="-120.364374"/>
      <trkpt lat="39.361517" lon="-120.364277"/>
      <trkpt lat="39.361664" lon="-120.364221"/>
      <trkpt lat="39.361801" lon="-120.364218"/>
      <trkpt lat="39.361942" lon="-120.364229"/>
      <trkpt lat="39.362006" lon="-120.364253"/>
      <trkpt lat="39.362021" lon="-120.364301"/>
      <trkpt lat="39.362023" lon="-120.364363"/>
      <trkpt lat="39.362068" lon="-120.364403"/>
      <trkpt lat="39.362170" lon="-120.364435"/>
      <trkpt lat="39.362382" lon="-120.364540"/>
      <trkpt lat="39.362508" lon="-120.364642"/>
      <trkpt lat="39.362667" lon="-120.364728"/>
      <trkpt lat="39.362819" lon="-120.364792"/>
      <trkpt lat="39.362962" lon="-120.364830"/>
      <trkpt lat="39.363217" lon="-120.364872"/>
      <trkpt lat="39.363288" lon="-120.364918"/>
      <trkpt lat="39.363404" lon="-120.365028"/>
      <trkpt lat="39.363464" lon="-120.365068"/>
      <trkpt lat="39.363555" lon="-120.365114"/>
      <trkpt lat="39.363642" lon="-120.365146"/>
      <trkpt lat="39.363790" lon="-120.365245"/>
      <trkpt lat="39.363912" lon="-120.365275"/>
      <trkpt lat="39.364063" lon="-120.365294"/>
      <trkpt lat="39.364204" lon="-120.365286"/>
      <trkpt lat="39.364383" lon="-120.365245"/>
      <trkpt lat="39.364551" lon="-120.365251"/>
      <trkpt lat="39.364642" lon="-120.365291"/>
      <trkpt lat="39.364793" lon="-120.365336"/>
      <trkpt lat="39.365042" lon="-120.365355"/>
      <trkpt lat="39.365206" lon="-120.365406"/>
      <trkpt lat="39.365314" lon="-120.365425"/>
      <trkpt lat="39.365405" lon="-120.365484"/>
      <trkpt lat="39.365480" lon="-120.365581"/>
      <trkpt lat="39.365523" lon="-120.365645"/>
      <trkpt lat="39.365605" lon="-120.365660"/>
      <trkpt lat="39.365735" lon="-120.365578"/>
      <trkpt lat="39.365797" lon="-120.365565"/>
      <trkpt lat="39.365861" lon="-120.365522"/>
      <trkpt lat="39.365981" lon="-120.365363"/>
      <trkpt lat="39.366022" lon="-120.365207"/>
      <trkpt lat="39.366000" lon="-120.364963"/>
      <trkpt lat="39.366048" lon="-120.364961"/>
      <trkpt lat="39.366110" lon="-120.365079"/>
      <trkpt lat="39.366133" lon="-120.365248"/>
      <trkpt lat="39.366081" lon="-120.365481"/>
      <trkpt lat="39.366125" lon="-120.365500"/>
      <trkpt lat="39.366172" lon="-120.365463"/>
      <trkpt lat="39.366260" lon="-120.365323"/>
      <trkpt lat="39.366326" lon="-120.365251"/>
      <trkpt lat="39.366371" lon="-120.365058"/>
      <trkpt lat="39.366421" lon="-120.365044"/>
      <trkpt lat="39.366454" lon="-120.365151"/>
      <trkpt lat="39.366471" lon="-120.365299"/>
      <trkpt lat="39.366450" lon="-120.365602"/>
      <trkpt lat="39.366527" lon="-120.366254"/>
      <trkpt lat="39.366637" lon="-120.366554"/>
      <trkpt lat="39.366833" lon="-120.366863"/>
      <trkpt lat="39.367148" lon="-120.367082"/>
      <trkpt lat="39.367512" lon="-120.367160"/>
      <trkpt lat="39.367823" lon="-120.367214"/>
      <trkpt lat="39.368014" lon="-120.367209"/>
      <trkpt lat="39.368360" lon="-120.367265"/>
      <trkpt lat="39.368418" lon="-120.367295"/>
      <trkpt lat="39.368470" lon="-120.367343"/>
      <trkpt lat="39.368520" lon="-120.367520"/>
      <trkpt lat="39.368569" lon="-120.367608"/>
      <trkpt lat="39.368694" lon="-120.367734"/>
      <trkpt lat="39.368748" lon="-120.367756"/>
      <trkpt lat="39.368822" lon="-120.367767"/>
      <trkpt lat="39.368889" lon="-120.367759"/>
      <trkpt lat="39.368955" lon="-120.367718"/>
      <trkpt lat="39.369001" lon="-120.367643"/>
      <trkpt lat="39.369046" lon="-120.367611"/>
      <trkpt lat="39.369146" lon="-120.367590"/>
      <trkpt lat="39.369279" lon="-120.367590"/>
      <trkpt lat="39.369345" lon="-120.367577"/>
      <trkpt lat="39.369546" lon="-120.367474"/>
      <trkpt lat="39.369606" lon="-120.367392"/>
      <trkpt lat="39.369681" lon="-120.367262"/>
      <trkpt lat="39.369743" lon="-120.367179"/>
      <trkpt lat="39.369917" lon="-120.367061"/>
      <trkpt lat="39.370006" lon="-120.367018"/>
      <trkpt lat="39.370096" lon="-120.367000"/>
      <trkpt lat="39.370187" lon="-120.367002"/>
      <trkpt lat="39.370461" lon="-120.367075"/>
      <trkpt lat="39.370710" lon="-120.367098"/>
      <trkpt lat="39.370813" lon="-120.367072"/>
      <trkpt lat="39.370902" lon="-120.366997"/>
      <trkpt lat="39.371062" lon="-120.366884"/>
      <trkpt lat="39.371226" lon="-120.366822"/>
      <trkpt lat="39.371624" lon="-120.366764"/>
      <trkpt lat="39.371833" lon="-120.366694"/>
      <trkpt lat="39.371895" lon="-120.366731"/>
      <trkpt lat="39.371916" lon="-120.366820"/>
      <trkpt lat="39.371914" lon="-120.366887"/>
      <trkpt lat="39.371879" lon="-120.366997"/>
      <trkpt lat="39.371647" lon="-120.367203"/>
      <trkpt lat="39.371673" lon="-120.367270"/>
      <trkpt lat="39.371732" lon="-120.367297"/>
      <trkpt lat="39.371820" lon="-120.367303"/>
      <trkpt lat="39.371860" lon="-120.367378"/>
      <trkpt lat="39.371870" lon="-120.367496"/>
      <trkpt lat="39.371860" lon="-120.367616"/>
      <trkpt lat="39.371864" lon="-120.367689"/>
      <trkpt lat="39.371927" lon="-120.367962"/>
      <trkpt lat="39.371989" lon="-120.368075"/>
      <trkpt lat="39.372078" lon="-120.368134"/>
      <trkpt lat="39.372165" lon="-120.368150"/>
      <trkpt lat="39.372502" lon="-120.368177"/>
      <trkpt lat="39.372625" lon="-120.368137"/>
      <trkpt lat="39.372739" lon="-120.368064"/>
      <trkpt lat="39.372918" lon="-120.368072"/>
      <trkpt lat="39.373011" lon="-120.368059"/>
      <trkpt lat="39.373088" lon="-120.368021"/>
      <trkpt lat="39.373302" lon="-120.368057"/>
      <trkpt lat="39.373382" lon="-120.368107"/>
      <trkpt lat="39.373502" lon="-120.368154"/>
      <trkpt lat="39.373548" lon="-120.368233"/>
      <trkpt lat="39.373661" lon="-120.368253"/>
      <trkpt lat="39.373685" lon="-120.368275"/>
      <trkpt lat="39.373680" lon="-120.368347"/>
      <trkpt lat="39.373703" lon="-120.368406"/>
      <trkpt lat="39.373750" lon="-120.368422"/>
      <trkpt lat="39.373926" lon="-120.368438"/>
      <trkpt lat="39.374110" lon="-120.368464"/>
      <trkpt lat="39.374247" lon="-120.368492"/>
      <trkpt lat="39.374348" lon="-120.368593"/>
      <trkpt lat="39.374491" lon="-120.368622"/>
      <trkpt lat="39.374622" lon="-120.368606"/>
      <trkpt lat="39.374692" lon="-120.368542"/>
      <trkpt lat="39.374838" lon="-120.368464"/>
      <trkpt lat="39.374997" lon="-120.368461"/>
      <trkpt lat="39.375175" lon="-120.368499"/>
      <trkpt lat="39.375252" lon="-120.368482"/>
      <trkpt lat="39.375281" lon="-120.368443"/>
      <trkpt lat="39.375270" lon="-120.368315"/>
      <trkpt lat="39.375259" lon="-120.368249"/>
      <trkpt lat="39.375302" lon="-120.368196"/>
      <trkpt lat="39.375458" lon="-120.368056"/>
      <trkpt lat="39.375990" lon="-120.367310"/>
      <trkpt lat="39.376034" lon="-120.367338"/>
      <trkpt lat="39.375992" lon="-120.367783"/>
      <trkpt lat="39.375968" lon="-120.368206"/>
      <trkpt lat="39.376046" lon="-120.368335"/>
      <trkpt lat="39.376059" lon="-120.368486"/>
      <trkpt lat="39.376103" lon="-120.368690"/>
      <trkpt lat="39.376146" lon="-120.368834"/>
      <trkpt lat="39.376204" lon="-120.368861"/>
      <trkpt lat="39.376221" lon="-120.368770"/>
      <trkpt lat="39.376262" lon="-120.368604"/>
      <trkpt lat="39.376432" lon="-120.368280"/>
      <trkpt lat="39.376407" lon="-120.367950"/>
      <trkpt lat="39.376403" lon="-120.367842"/>
      <trkpt lat="39.376428" lon="-120.367777"/>
      <trkpt lat="39.376469" lon="-120.367777"/>
      <trkpt lat="39.376550" lon="-120.368090"/>
      <trkpt lat="39.376652" lon="-120.368185"/>
      <trkpt lat="39.376708" lon="-120.368495"/>
      <trkpt lat="39.376800" lon="-120.368687"/>
      <trkpt lat="39.376867" lon="-120.368775"/>
      <trkpt lat="39.377012" lon="-120.368888"/>
      <trkpt lat="39.377282" lon="-120.368974"/>
      <trkpt lat="39.377390" lon="-120.369059"/>
      <trkpt lat="39.377600" lon="-120.369125"/>
      <trkpt lat="39.377630" lon="-120.369183"/>
      <trkpt lat="39.377643" lon="-120.369290"/>
      <trkpt lat="39.377717" lon="-120.369440"/>
      <trkpt lat="39.377771" lon="-120.369537"/>
      <trkpt lat="39.377932" lon="-120.369607"/>
      <trkpt lat="39.377983" lon="-120.369768"/>
      <trkpt lat="39.377991" lon="-120.370084"/>
      <trkpt lat="39.378050" lon="-120.370247"/>
      <trkpt lat="39.378161" lon="-120.370379"/>
      <trkpt lat="39.378236" lon="-120.370486"/>
      <trkpt lat="39.378353" lon="-120.370825"/>
      <trkpt lat="39.378381" lon="-120.370862"/>
      <trkpt lat="39.378435" lon="-120.370846"/>
      <trkpt lat="39.378602" lon="-120.370452"/>
      <trkpt lat="39.378655" lon="-120.370406"/>
      <trkpt lat="39.378725" lon="-120.370417"/>
      <trkpt lat="39.378766" lon="-120.370567"/>
      <trkpt lat="39.378854" lon="-120.370701"/>
      <trkpt lat="39.379107" lon="-120.370972"/>
      <trkpt lat="39.379206" lon="-120.371034"/>
      <trkpt lat="39.379467" lon="-120.371023"/>
      <trkpt lat="39.379716" lon="-120.370942"/>
      <trkpt lat="39.379903" lon="-120.370921"/>
      <trkpt lat="39.380077" lon="-120.370964"/>
      <trkpt lat="39.380230" lon="-120.371050"/>
      <trkpt lat="39.380392" lon="-120.371077"/>
      <trkpt lat="39.380703" lon="-120.371087"/>
      <trkpt lat="39.381320" lon="-120.371197"/>
      <trkpt lat="39.381428" lon="-120.371264"/>
      <trkpt lat="39.381778" lon="-120.371508"/>
      <trkpt lat="39.381893" lon="-120.371565"/>
      <trkpt lat="39.382067" lon="-120.371597"/>
      <trkpt lat="39.382162" lon="-120.371586"/>
      <trkpt lat="39.382320" lon="-120.371479"/>
      <trkpt lat="39.382465" lon="-120.371420"/>
      <trkpt lat="39.382582" lon="-120.371452"/>
      <trkpt lat="39.382656" lon="-120.371527"/>
      <trkpt lat="39.382884" lon="-120.371801"/>
      <trkpt lat="39.383112" lon="-120.372021"/>
      <trkpt lat="39.383257" lon="-120.372106"/>
      <trkpt lat="39.383352" lon="-120.372225"/>
      <trkpt lat="39.383473" lon="-120.372362"/>
      <trkpt lat="39.383551" lon="-120.372621"/>
      <trkpt lat="39.383643" lon="-120.372804"/>
      <trkpt lat="39.383912" lon="-120.373190"/>
      <trkpt lat="39.384016" lon="-120.373329"/>
      <trkpt lat="39.384132" lon="-120.373389"/>
      <trkpt lat="39.384277" lon="-120.373426"/>
      <trkpt lat="39.384638" lon="-120.373458"/>
      <trkpt lat="39.384957" lon="-120.373480"/>
      <trkpt lat="39.385148" lon="-120.373447"/>
      <trkpt lat="39.385218" lon="-120.373340"/>
      <trkpt lat="39.385305" lon="-120.373174"/>
      <trkpt lat="39.385413" lon="-120.373083"/>
      <trkpt lat="39.385542" lon="-120.373002"/>
      <trkpt lat="39.385724" lon="-120.372933"/>
      <trkpt lat="39.385840" lon="-120.372970"/>
      <trkpt lat="39.386201" lon="-120.373174"/>
      <trkpt lat="39.386411" lon="-120.373326"/>
      <trkpt lat="39.386538" lon="-120.373392"/>
      <trkpt lat="39.386694" lon="-120.373491"/>
      <trkpt lat="39.386945" lon="-120.373668"/>
      <trkpt lat="39.387113" lon="-120.373705"/>
      <trkpt lat="39.387258" lon="-120.373716"/>
      <trkpt lat="39.387440" lon="-120.373796"/>
      <trkpt lat="39.387648" lon="-120.373871"/>
      <trkpt lat="39.387756" lon="-120.373893"/>
      <trkpt lat="39.387808" lon="-120.373843"/>
      <trkpt lat="39.387884" lon="-120.373818"/>
      <trkpt lat="39.387971" lon="-120.373893"/>
      <trkpt lat="39.388104" lon="-120.373909"/>
      <trkpt lat="39.388295" lon="-120.373882"/>
      <trkpt lat="39.388456" lon="-120.373785"/>
      <trkpt lat="39.388589" lon="-120.373727"/>
      <trkpt lat="39.388800" lon="-120.373743"/>
      <trkpt lat="39.388975" lon="-120.373716"/>
      <trkpt lat="39.389103" lon="-120.373657"/>
      <trkpt lat="39.389198" lon="-120.373646"/>
      <trkpt lat="39.389319" lon="-120.373700"/>
      <trkpt lat="39.389464" lon="-120.373796"/>
      <trkpt lat="39.389542" lon="-120.373866"/>
      <trkpt lat="39.389654" lon="-120.373909"/>
      <trkpt lat="39.389675" lon="-120.373979"/>
      <trkpt lat="39.389688" lon="-120.374091"/>
      <trkpt lat="39.389713" lon="-120.374220"/>
      <trkpt lat="39.389812" lon="-120.374429"/>
      <trkpt lat="39.389994" lon="-120.374757"/>
      <trkpt lat="39.390119" lon="-120.374917"/>
      <trkpt lat="39.390347" lon="-120.375143"/>
      <trkpt lat="39.390488" lon="-120.375257"/>
      <trkpt lat="39.390625" lon="-120.375287"/>
      <trkpt lat="39.390790" lon="-120.375282"/>
      <trkpt lat="39.390995" lon="-120.375243"/>
      <trkpt lat="39.391139" lon="-120.375191"/>
      <trkpt lat="39.391205" lon="-120.375127"/>
      <trkpt lat="39.391234" lon="-120.375191"/>
      <trkpt lat="39.391130" lon="-120.375491"/>
      <trkpt lat="39.391062" lon="-120.375592"/>
      <trkpt lat="39.390981" lon="-120.375722"/>
      <trkpt lat="39.390794" lon="-120.375947"/>
      <trkpt lat="39.390654" lon="-120.376146"/>
      <trkpt lat="39.390276" lon="-120.376532"/>
      <trkpt lat="39.390127" lon="-120.376677"/>
      <trkpt lat="39.389961" lon="-120.376784"/>
      <trkpt lat="39.389870" lon="-120.376811"/>
      <trkpt lat="39.389780" lon="-120.376788"/>
      <trkpt lat="39.389729" lon="-120.376811"/>
      <trkpt lat="39.389775" lon="-120.376886"/>
      <trkpt lat="39.389986" lon="-120.377063"/>
      <trkpt lat="39.390131" lon="-120.377111"/>
      <trkpt lat="39.390351" lon="-120.377117"/>
      <trkpt lat="39.390367" lon="-120.377200"/>
      <trkpt lat="39.390357" lon="-120.377272"/>
      <trkpt lat="39.390455" lon="-120.377243"/>
      <trkpt lat="39.390606" lon="-120.377117"/>
      <trkpt lat="39.390869" lon="-120.376948"/>
      <trkpt lat="39.391375" lon="-120.376658"/>
      <trkpt lat="39.391516" lon="-120.376543"/>
      <trkpt lat="39.391630" lon="-120.376419"/>
      <trkpt lat="39.391800" lon="-120.376350"/>
      <trkpt lat="39.392051" lon="-120.376197"/>
      <trkpt lat="39.392233" lon="-120.376049"/>
      <trkpt lat="39.392337" lon="-120.375947"/>
      <trkpt lat="39.392387" lon="-120.375974"/>
      <trkpt lat="39.392341" lon="-120.376135"/>
      <trkpt lat="39.392194" lon="-120.376390"/>
      <trkpt lat="39.392082" lon="-120.376666"/>
      <trkpt lat="39.391982" lon="-120.376841"/>
      <trkpt lat="39.391937" lon="-120.376959"/>
      <trkpt lat="39.391947" lon="-120.377095"/>
      <trkpt lat="39.391899" lon="-120.377364"/>
      <trkpt lat="39.391889" lon="-120.377549"/>
      <trkpt lat="39.391924" lon="-120.377752"/>
      <trkpt lat="39.391974" lon="-120.377983"/>
      <trkpt lat="39.392080" lon="-120.378096"/>
      <trkpt lat="39.392180" lon="-120.378268"/>
      <trkpt lat="39.392308" lon="-120.378391"/>
      <trkpt lat="39.392363" lon="-120.378355"/>
      <trkpt lat="39.392367" lon="-120.378105"/>
      <trkpt lat="39.392355" lon="-120.377981"/>
      <trkpt lat="39.392395" lon="-120.377900"/>
      <trkpt lat="39.392488" lon="-120.377763"/>
      <trkpt lat="39.392540" lon="-120.377602"/>
      <trkpt lat="39.392617" lon="-120.377473"/>
      <trkpt lat="39.392654" lon="-120.377347"/>
      <trkpt lat="39.392722" lon="-120.377246"/>
      <trkpt lat="39.392853" lon="-120.377162"/>
      <trkpt lat="39.392919" lon="-120.377031"/>
      <trkpt lat="39.392932" lon="-120.376964"/>
      <trkpt lat="39.392975" lon="-120.376948"/>
      <trkpt lat="39.393010" lon="-120.376953"/>
      <trkpt lat="39.393019" lon="-120.377066"/>
      <trkpt lat="39.393083" lon="-120.377323"/>
      <trkpt lat="39.393079" lon="-120.377457"/>
      <trkpt lat="39.393162" lon="-120.377820"/>
      <trkpt lat="39.393214" lon="-120.377986"/>
      <trkpt lat="39.393330" lon="-120.378318"/>
      <trkpt lat="39.393396" lon="-120.378544"/>
      <trkpt lat="39.393450" lon="-120.378632"/>
      <trkpt lat="39.393535" lon="-120.378718"/>
      <trkpt lat="39.393794" lon="-120.379163"/>
      <trkpt lat="39.393880" lon="-120.379278"/>
      <trkpt lat="39.393964" lon="-120.379440"/>
      <trkpt lat="39.394008" lon="-120.379542"/>
      <trkpt lat="39.394018" lon="-120.379643"/>
      <trkpt lat="39.394090" lon="-120.379773"/>
      <trkpt lat="39.394130" lon="-120.379820"/>
      <trkpt lat="39.394179" lon="-120.379788"/>
      <trkpt lat="39.394205" lon="-120.379632"/>
      <trkpt lat="39.394194" lon="-120.379429"/>
      <trkpt lat="39.394161" lon="-120.379340"/>
      <trkpt lat="39.394159" lon="-120.379214"/>
      <trkpt lat="39.394169" lon="-120.379150"/>
      <trkpt lat="39.394208" lon="-120.379128"/>
      <trkpt lat="39.394277" lon="-120.379169"/>
      <trkpt lat="39.394412" lon="-120.379403"/>
      <trkpt lat="39.394575" lon="-120.379662"/>
      <trkpt lat="39.394745" lon="-120.379880"/>
      <trkpt lat="39.394845" lon="-120.379979"/>
      <trkpt lat="39.395072" lon="-120.380467"/>
      <trkpt lat="39.395162" lon="-120.380510"/>
      <trkpt lat="39.395176" lon="-120.380413"/>
      <trkpt lat="39.395214" lon="-120.380225"/>
      <trkpt lat="39.395243" lon="-120.380118"/>
      <trkpt lat="39.395297" lon="-120.380046"/>
      <trkpt lat="39.395400" lon="-120.380145"/>
      <trkpt lat="39.395434" lon="-120.380145"/>
      <trkpt lat="39.395545" lon="-120.379890"/>
      <trkpt lat="39.395532" lon="-120.379695"/>
      <trkpt lat="39.395548" lon="-120.379539"/>
      <trkpt lat="39.395595" lon="-120.379453"/>
      <trkpt lat="39.395628" lon="-120.379324"/>
      <trkpt lat="39.395620" lon="-120.379169"/>
      <trkpt lat="39.395537" lon="-120.378949"/>
      <trkpt lat="39.395502" lon="-120.378708"/>
      <trkpt lat="39.395376" lon="-120.378431"/>
      <trkpt lat="39.395272" lon="-120.378243"/>
      <trkpt lat="39.395208" lon="-120.378053"/>
      <trkpt lat="39.395210" lon="-120.377935"/>
      <trkpt lat="39.395235" lon="-120.377871"/>
      <trkpt lat="39.395284" lon="-120.377854"/>
      <trkpt lat="39.395334" lon="-120.377900"/>
      <trkpt lat="39.395396" lon="-120.378010"/>
      <trkpt lat="39.395409" lon="-120.378098"/>
      <trkpt lat="39.395458" lon="-120.378144"/>
      <trkpt lat="39.395494" lon="-120.378144"/>
      <trkpt lat="39.395496" lon="-120.378021"/>
      <trkpt lat="39.395506" lon="-120.377830"/>
      <trkpt lat="39.395482" lon="-120.377440"/>
      <trkpt lat="39.395417" lon="-120.377262"/>
      <trkpt lat="39.395365" lon="-120.377103"/>
      <trkpt lat="39.395355" lon="-120.377009"/>
      <trkpt lat="39.395349" lon="-120.376875"/>
      <trkpt lat="39.395392" lon="-120.376771"/>
      <trkpt lat="39.395398" lon="-120.376647"/>
      <trkpt lat="39.395400" lon="-120.376398"/>
      <trkpt lat="39.395423" lon="-120.376234"/>
      <trkpt lat="39.395456" lon="-120.376205"/>
      <trkpt lat="39.395529" lon="-120.376213"/>
      <trkpt lat="39.395554" lon="-120.376317"/>
      <trkpt lat="39.395618" lon="-120.376551"/>
      <trkpt lat="39.395730" lon="-120.376661"/>
      <trkpt lat="39.395873" lon="-120.376717"/>
      <trkpt lat="39.396045" lon="-120.376722"/>
      <trkpt lat="39.396246" lon="-120.376736"/>
      <trkpt lat="39.396400" lon="-120.376712"/>
      <trkpt lat="39.396549" lon="-120.376607"/>
      <trkpt lat="39.396961" lon="-120.376403"/>
      <trkpt lat="39.397059" lon="-120.376417"/>
      <trkpt lat="39.397127" lon="-120.376527"/>
      <trkpt lat="39.397183" lon="-120.376626"/>
      <trkpt lat="39.397298" lon="-120.376672"/>
    </trkseg>
    <trkseg>
      <trkpt lat="39.397298" lon="-120.376672"/>
      <trkpt lat="39.397373" lon="-120.376652"/>
    </trkseg>
    <trkseg>
      <trkpt lat="39.397373" lon="-120.376652"/>
      <trkpt lat="39.397453" lon="-120.376692"/>
      <trkpt lat="39.397528" lon="-120.376651"/>
      <trkpt lat="39.397575" lon="-120.376478"/>
      <trkpt lat="39.397627" lon="-120.376374"/>
      <trkpt lat="39.397729" lon="-120.376233"/>
      <trkpt lat="39.397783" lon="-120.376185"/>
      <trkpt lat="39.397837" lon="-120.376196"/>
      <trkpt lat="39.397918" lon="-120.376246"/>
      <trkpt lat="39.398070" lon="-120.376354"/>
      <trkpt lat="39.398179" lon="-120.376405"/>
      <trkpt lat="39.398283" lon="-120.376398"/>
      <trkpt lat="39.398374" lon="-120.376441"/>
      <trkpt lat="39.398430" lon="-120.376546"/>
      <trkpt lat="39.398495" lon="-120.376621"/>
      <trkpt lat="39.398604" lon="-120.376622"/>
      <trkpt lat="39.398783" lon="-120.376552"/>
      <trkpt lat="39.398942" lon="-120.376512"/>
      <trkpt lat="39.399110" lon="-120.376516"/>
      <trkpt lat="39.399301" lon="-120.376610"/>
      <trkpt lat="39.399392" lon="-120.376615"/>
      <trkpt lat="39.399519" lon="-120.376653"/>
      <trkpt lat="39.399583" lon="-120.376771"/>
      <trkpt lat="39.399681" lon="-120.376897"/>
      <trkpt lat="39.399877" lon="-120.377047"/>
      <trkpt lat="39.400093" lon="-120.377060"/>
      <trkpt lat="39.400201" lon="-120.377018"/>
      <trkpt lat="39.400340" lon="-120.376996"/>
      <trkpt lat="39.400476" lon="-120.377023"/>
      <trkpt lat="39.400588" lon="-120.377074"/>
      <trkpt lat="39.400702" lon="-120.377186"/>
      <trkpt lat="39.400849" lon="-120.377305"/>
      <trkpt lat="39.401042" lon="-120.377337"/>
      <trkpt lat="39.401207" lon="-120.377482"/>
      <trkpt lat="39.401245" lon="-120.377598"/>
      <trkpt lat="39.401299" lon="-120.377675"/>
      <trkpt lat="39.401365" lon="-120.377722"/>
      <trkpt lat="39.401424" lon="-120.377723"/>
      <trkpt lat="39.401510" lon="-120.377785"/>
      <trkpt lat="39.401652" lon="-120.378096"/>
      <trkpt lat="39.401735" lon="-120.378147"/>
      <trkpt lat="39.401860" lon="-120.378191"/>
      <trkpt lat="39.402076" lon="-120.378281"/>
      <trkpt lat="39.402170" lon="-120.378442"/>
      <trkpt lat="39.402232" lon="-120.378627"/>
      <trkpt lat="39.402350" lon="-120.378745"/>
      <trkpt lat="39.402465" lon="-120.379045"/>
      <trkpt lat="39.402518" lon="-120.379195"/>
      <trkpt lat="39.402499" lon="-120.379322"/>
      <trkpt lat="39.402505" lon="-120.379466"/>
      <trkpt lat="39.402640" lon="-120.379866"/>
      <trkpt lat="39.402661" lon="-120.380193"/>
      <trkpt lat="39.402707" lon="-120.380327"/>
      <trkpt lat="39.402785" lon="-120.380467"/>
      <trkpt lat="39.402858" lon="-120.380555"/>
      <trkpt lat="39.402930" lon="-120.380657"/>
      <trkpt lat="39.403102" lon="-120.380875"/>
      <trkpt lat="39.403165" lon="-120.380896"/>
      <trkpt lat="39.403291" lon="-120.380754"/>
      <trkpt lat="39.403374" lon="-120.380633"/>
      <trkpt lat="39.403430" lon="-120.380604"/>
      <trkpt lat="39.403490" lon="-120.380614"/>
      <trkpt lat="39.403550" lon="-120.380655"/>
      <trkpt lat="39.403693" lon="-120.381242"/>
      <trkpt lat="39.403726" lon="-120.381465"/>
      <trkpt lat="39.403795" lon="-120.381605"/>
      <trkpt lat="39.403832" lon="-120.381626"/>
      <trkpt lat="39.403859" lon="-120.381720"/>
      <trkpt lat="39.403859" lon="-120.381838"/>
      <trkpt lat="39.403898" lon="-120.381947"/>
      <trkpt lat="39.404060" lon="-120.382240"/>
      <trkpt lat="39.404108" lon="-120.382444"/>
      <trkpt lat="39.404139" lon="-120.382787"/>
      <trkpt lat="39.404172" lon="-120.382999"/>
      <trkpt lat="39.404142" lon="-120.383177"/>
      <trkpt lat="39.404143" lon="-120.383409"/>
      <trkpt lat="39.404226" lon="-120.383640"/>
      <trkpt lat="39.404319" lon="-120.383769"/>
      <trkpt lat="39.404350" lon="-120.383857"/>
      <trkpt lat="39.404306" lon="-120.384026"/>
      <trkpt lat="39.404325" lon="-120.384144"/>
      <trkpt lat="39.404421" lon="-120.384340"/>
      <trkpt lat="39.404456" lon="-120.384428"/>
      <trkpt lat="39.404445" lon="-120.384555"/>
      <trkpt lat="39.404445" lon="-120.384654"/>
      <trkpt lat="39.404457" lon="-120.384817"/>
      <trkpt lat="39.404495" lon="-120.384884"/>
      <trkpt lat="39.404497" lon="-120.384994"/>
      <trkpt lat="39.404464" lon="-120.385078"/>
      <trkpt lat="39.404468" lon="-120.385158"/>
      <trkpt lat="39.404526" lon="-120.385163"/>
      <trkpt lat="39.404552" lon="-120.385070"/>
      <trkpt lat="39.404653" lon="-120.384850"/>
      <trkpt lat="39.404704" lon="-120.384815"/>
      <trkpt lat="39.404740" lon="-120.384860"/>
      <trkpt lat="39.404736" lon="-120.385129"/>
      <trkpt lat="39.404721" lon="-120.385383"/>
      <trkpt lat="39.404746" lon="-120.385571"/>
      <trkpt lat="39.404802" lon="-120.385732"/>
      <trkpt lat="39.404820" lon="-120.385880"/>
      <trkpt lat="39.404825" lon="-120.386030"/>
      <trkpt lat="39.404767" lon="-120.386301"/>
      <trkpt lat="39.404789" lon="-120.386513"/>
      <trkpt lat="39.404800" lon="-120.386732"/>
      <trkpt lat="39.404852" lon="-120.386746"/>
      <trkpt lat="39.404903" lon="-120.386679"/>
      <trkpt lat="39.404955" lon="-120.386448"/>
      <trkpt lat="39.405005" lon="-120.386317"/>
      <trkpt lat="39.405045" lon="-120.386067"/>
      <trkpt lat="39.405046" lon="-120.385914"/>
      <trkpt lat="39.405121" lon="-120.385762"/>
      <trkpt lat="39.405160" lon="-120.385689"/>
      <trkpt lat="39.405200" lon="-120.385673"/>
      <trkpt lat="39.405233" lon="-120.385703"/>
      <trkpt lat="39.405241" lon="-120.385770"/>
      <trkpt lat="39.405233" lon="-120.385944"/>
      <trkpt lat="39.405241" lon="-120.386116"/>
      <trkpt lat="39.405285" lon="-120.386387"/>
      <trkpt lat="39.405339" lon="-120.386647"/>
      <trkpt lat="39.405351" lon="-120.386872"/>
      <trkpt lat="39.405353" lon="-120.387009"/>
      <trkpt lat="39.405310" lon="-120.387323"/>
      <trkpt lat="39.405401" lon="-120.388079"/>
      <trkpt lat="39.405428" lon="-120.388240"/>
      <trkpt lat="39.405488" lon="-120.388465"/>
      <trkpt lat="39.405478" lon="-120.388629"/>
      <trkpt lat="39.405496" lon="-120.388771"/>
      <trkpt lat="39.405558" lon="-120.388991"/>
      <trkpt lat="39.405573" lon="-120.389203"/>
      <trkpt lat="39.405602" lon="-120.389361"/>
      <trkpt lat="39.405668" lon="-120.389511"/>
      <trkpt lat="39.405737" lon="-120.389645"/>
      <trkpt lat="39.405836" lon="-120.389726"/>
      <trkpt lat="39.405873" lon="-120.389788"/>
      <trkpt lat="39.405900" lon="-120.389943"/>
      <trkpt lat="39.405987" lon="-120.390147"/>
      <trkpt lat="39.406090" lon="-120.390308"/>
      <trkpt lat="39.406112" lon="-120.390391"/>
      <trkpt lat="39.406105" lon="-120.390757"/>
      <trkpt lat="39.406130" lon="-120.390898"/>
      <trkpt lat="39.406192" lon="-120.391053"/>
      <trkpt lat="39.406213" lon="-120.391086"/>
      <trkpt lat="39.406230" lon="-120.391055"/>
      <trkpt lat="39.406267" lon="-120.390893"/>
      <trkpt lat="39.406352" lon="-120.390675"/>
      <trkpt lat="39.406383" lon="-120.390520"/>
      <trkpt lat="39.406408" lon="-120.390517"/>
      <trkpt lat="39.406476" lon="-120.390673"/>
      <trkpt lat="39.406493" lon="-120.390828"/>
      <trkpt lat="39.406617" lon="-120.391121"/>
      <trkpt lat="39.406731" lon="-120.391314"/>
      <trkpt lat="39.406752" lon="-120.391373"/>
      <trkpt lat="39.406768" lon="-120.391475"/>
      <trkpt lat="39.406870" lon="-120.391628"/>
      <trkpt lat="39.407073" lon="-120.391900"/>
      <trkpt lat="39.407119" lon="-120.391952"/>
      <trkpt lat="39.407185" lon="-120.391979"/>
      <trkpt lat="39.407260" lon="-120.391979"/>
      <trkpt lat="39.407461" lon="-120.391925"/>
      <trkpt lat="39.407689" lon="-120.391735"/>
      <trkpt lat="39.407917" lon="-120.391477"/>
      <trkpt lat="39.407995" lon="-120.391429"/>
      <trkpt lat="39.408165" lon="-120.391424"/>
      <trkpt lat="39.408290" lon="-120.391367"/>
      <trkpt lat="39.408607" lon="-120.391102"/>
      <trkpt lat="39.409011" lon="-120.390737"/>
      <trkpt lat="39.409179" lon="-120.390635"/>
      <trkpt lat="39.409228" lon="-120.390681"/>
      <trkpt lat="39.409253" lon="-120.390732"/>
      <trkpt lat="39.409253" lon="-120.390813"/>
      <trkpt lat="39.409270" lon="-120.390983"/>
      <trkpt lat="39.409295" lon="-120.391062"/>
      <trkpt lat="39.409338" lon="-120.391126"/>
      <trkpt lat="39.409470" lon="-120.391127"/>
      <trkpt lat="39.409515" lon="-120.391118"/>
      <trkpt lat="39.409554" lon="-120.391145"/>
      <trkpt lat="39.409583" lon="-120.391241"/>
      <trkpt lat="39.409585" lon="-120.391434"/>
      <trkpt lat="39.409531" lon="-120.391579"/>
      <trkpt lat="39.409233" lon="-120.392022"/>
      <trkpt lat="39.409187" lon="-120.392137"/>
      <trkpt lat="39.409175" lon="-120.392242"/>
      <trkpt lat="39.409096" lon="-120.392413"/>
      <trkpt lat="39.409052" lon="-120.392601"/>
      <trkpt lat="39.408951" lon="-120.392735"/>
      <trkpt lat="39.408827" lon="-120.392832"/>
      <trkpt lat="39.408717" lon="-120.392907"/>
      <trkpt lat="39.408565" lon="-120.392987"/>
      <trkpt lat="39.408304" lon="-120.393261"/>
      <trkpt lat="39.408173" lon="-120.393345"/>
      <trkpt lat="39.408103" lon="-120.393425"/>
      <trkpt lat="39.408035" lon="-120.393588"/>
      <trkpt lat="39.407811" lon="-120.393840"/>
      <trkpt lat="39.407759" lon="-120.393950"/>
      <trkpt lat="39.407718" lon="-120.394253"/>
      <trkpt lat="39.407728" lon="-120.394393"/>
      <trkpt lat="39.407767" lon="-120.394404"/>
      <trkpt lat="39.407879" lon="-120.394224"/>
      <trkpt lat="39.407962" lon="-120.394173"/>
      <trkpt lat="39.408045" lon="-120.394160"/>
      <trkpt lat="39.408176" lon="-120.394224"/>
      <trkpt lat="39.408267" lon="-120.394229"/>
      <trkpt lat="39.408377" lon="-120.394219"/>
      <trkpt lat="39.408530" lon="-120.394031"/>
      <trkpt lat="39.408685" lon="-120.393928"/>
      <trkpt lat="39.408818" lon="-120.393862"/>
      <trkpt lat="39.408943" lon="-120.393865"/>
      <trkpt lat="39.409019" lon="-120.393832"/>
      <trkpt lat="39.409104" lon="-120.393738"/>
      <trkpt lat="39.409191" lon="-120.393690"/>
      <trkpt lat="39.409332" lon="-120.393669"/>
      <trkpt lat="39.409598" lon="-120.393457"/>
      <trkpt lat="39.409745" lon="-120.393355"/>
      <trkpt lat="39.409788" lon="-120.393360"/>
      <trkpt lat="39.409825" lon="-120.393387"/>
      <trkpt lat="39.409858" lon="-120.393467"/>
      <trkpt lat="39.409846" lon="-120.393553"/>
      <trkpt lat="39.409809" lon="-120.393655"/>
      <trkpt lat="39.409730" lon="-120.393776"/>
      <trkpt lat="39.409730" lon="-120.393870"/>
      <trkpt lat="39.409782" lon="-120.393886"/>
      <trkpt lat="39.409898" lon="-120.393862"/>
      <trkpt lat="39.410026" lon="-120.393773"/>
      <trkpt lat="39.410111" lon="-120.393693"/>
      <trkpt lat="39.410169" lon="-120.393645"/>
      <trkpt lat="39.410227" lon="-120.393701"/>
      <trkpt lat="39.410211" lon="-120.393859"/>
      <trkpt lat="39.410246" lon="-120.393991"/>
      <trkpt lat="39.410358" lon="-120.394113"/>
      <trkpt lat="39.410410" lon="-120.394146"/>
      <trkpt lat="39.410478" lon="-120.394165"/>
      <trkpt lat="39.410532" lon="-120.394135"/>
      <trkpt lat="39.410561" lon="-120.394168"/>
      <trkpt lat="39.410522" lon="-120.394253"/>
      <trkpt lat="39.410491" lon="-120.394339"/>
      <trkpt lat="39.410451" lon="-120.394473"/>
      <trkpt lat="39.410457" lon="-120.394616"/>
      <trkpt lat="39.410447" lon="-120.394747"/>
      <trkpt lat="39.410401" lon="-120.394948"/>
      <trkpt lat="39.410348" lon="-120.395072"/>
      <trkpt lat="39.410370" lon="-120.395141"/>
      <trkpt lat="39.410440" lon="-120.395095"/>
      <trkpt lat="39.410520" lon="-120.395125"/>
      <trkpt lat="39.410530" lon="-120.395168"/>
      <trkpt lat="39.410561" lon="-120.395243"/>
      <trkpt lat="39.410501" lon="-120.395380"/>
      <trkpt lat="39.410503" lon="-120.395495"/>
      <trkpt lat="39.410550" lon="-120.395615"/>
      <trkpt lat="39.410670" lon="-120.395615"/>
      <trkpt lat="39.410708" lon="-120.395651"/>
      <trkpt lat="39.410696" lon="-120.395742"/>
      <trkpt lat="39.410731" lon="-120.395852"/>
      <trkpt lat="39.410733" lon="-120.395949"/>
      <trkpt lat="39.410694" lon="-120.396083"/>
      <trkpt lat="39.410596" lon="-120.396313"/>
      <trkpt lat="39.410571" lon="-120.396512"/>
      <trkpt lat="39.410536" lon="-120.396619"/>
      <trkpt lat="39.410486" lon="-120.396732"/>
      <trkpt lat="39.410387" lon="-120.396828"/>
      <trkpt lat="39.410151" lon="-120.397142"/>
      <trkpt lat="39.410099" lon="-120.397341"/>
      <trkpt lat="39.410093" lon="-120.397461"/>
      <trkpt lat="39.410221" lon="-120.397544"/>
      <trkpt lat="39.410358" lon="-120.397566"/>
      <trkpt lat="39.410462" lon="-120.397555"/>
      <trkpt lat="39.410565" lon="-120.397440"/>
      <trkpt lat="39.410638" lon="-120.397408"/>
      <trkpt lat="39.410653" lon="-120.397443"/>
      <trkpt lat="39.410600" lon="-120.397748"/>
      <trkpt lat="39.410571" lon="-120.397995"/>
      <trkpt lat="39.410663" lon="-120.398097"/>
      <trkpt lat="39.410704" lon="-120.398215"/>
      <trkpt lat="39.410692" lon="-120.398414"/>
      <trkpt lat="39.410713" lon="-120.398620"/>
      <trkpt lat="39.410737" lon="-120.398709"/>
      <trkpt lat="39.410692" lon="-120.398821"/>
      <trkpt lat="39.410618" lon="-120.398908"/>
      <trkpt lat="39.410547" lon="-120.399012"/>
      <trkpt lat="39.410537" lon="-120.399100"/>
      <trkpt lat="39.410608" lon="-120.399197"/>
      <trkpt lat="39.410711" lon="-120.399201"/>
      <trkpt lat="39.410854" lon="-120.399276"/>
      <trkpt lat="39.410930" lon="-120.399356"/>
      <trkpt lat="39.411047" lon="-120.399374"/>
      <trkpt lat="39.411135" lon="-120.399365"/>
      <trkpt lat="39.411244" lon="-120.399333"/>
      <trkpt lat="39.411384" lon="-120.399234"/>
      <trkpt lat="39.411472" lon="-120.399212"/>
      <trkpt lat="39.411964" lon="-120.399186"/>
      <trkpt lat="39.412270" lon="-120.399368"/>
      <trkpt lat="39.412537" lon="-120.399747"/>
      <trkpt lat="39.412689" lon="-120.399760"/>
      <trkpt lat="39.412912" lon="-120.399732"/>
      <trkpt lat="39.413046" lon="-120.399712"/>
      <trkpt lat="39.413149" lon="-120.399664"/>
      <trkpt lat="39.413280" lon="-120.399688"/>
      <trkpt lat="39.413398" lon="-120.399798"/>
      <trkpt lat="39.413419" lon="-120.399921"/>
      <trkpt lat="39.413458" lon="-120.400090"/>
      <trkpt lat="39.413539" lon="-120.400227"/>
      <trkpt lat="39.413609" lon="-120.400559"/>
      <trkpt lat="39.413580" lon="-120.400758"/>
      <trkpt lat="39.413671" lon="-120.400951"/>
      <trkpt lat="39.413815" lon="-120.401157"/>
      <trkpt lat="39.413875" lon="-120.401305"/>
      <trkpt lat="39.414069" lon="-120.401579"/>
      <trkpt lat="39.414252" lon="-120.401664"/>
      <trkpt lat="39.414438" lon="-120.401638"/>
      <trkpt lat="39.414579" lon="-120.401750"/>
      <trkpt lat="39.414712" lon="-120.401954"/>
      <trkpt lat="39.414857" lon="-120.402072"/>
      <trkpt lat="39.415060" lon="-120.402142"/>
      <trkpt lat="39.415271" lon="-120.402228"/>
      <trkpt lat="39.415437" lon="-120.402249"/>
      <trkpt lat="39.415615" lon="-120.402308"/>
      <trkpt lat="39.415922" lon="-120.402179"/>
      <trkpt lat="39.415984" lon="-120.402196"/>
      <trkpt lat="39.416038" lon="-120.402319"/>
      <trkpt lat="39.416075" lon="-120.402442"/>
      <trkpt lat="39.416180" lon="-120.402490"/>
      <trkpt lat="39.416592" lon="-120.402525"/>
      <trkpt lat="39.416680" lon="-120.402528"/>
      <trkpt lat="39.416761" lon="-120.402383"/>
      <trkpt lat="39.416794" lon="-120.402346"/>
      <trkpt lat="39.416842" lon="-120.402346"/>
      <trkpt lat="39.416838" lon="-120.402439"/>
      <trkpt lat="39.416892" lon="-120.402533"/>
      <trkpt lat="39.416966" lon="-120.402713"/>
      <trkpt lat="39.417029" lon="-120.402837"/>
      <trkpt lat="39.417124" lon="-120.402898"/>
      <trkpt lat="39.417203" lon="-120.402869"/>
      <trkpt lat="39.417263" lon="-120.402740"/>
      <trkpt lat="39.417252" lon="-120.402619"/>
      <trkpt lat="39.417304" lon="-120.402501"/>
      <trkpt lat="39.417493" lon="-120.402281"/>
      <trkpt lat="39.417571" lon="-120.402268"/>
      <trkpt lat="39.417716" lon="-120.402268"/>
      <trkpt lat="39.417777" lon="-120.402233"/>
      <trkpt lat="39.417864" lon="-120.402249"/>
      <trkpt lat="39.417907" lon="-120.402367"/>
      <trkpt lat="39.417953" lon="-120.402520"/>
      <trkpt lat="39.418077" lon="-120.402717"/>
      <trkpt lat="39.418125" lon="-120.402842"/>
      <trkpt lat="39.418301" lon="-120.403075"/>
      <trkpt lat="39.418431" lon="-120.403322"/>
      <trkpt lat="39.418404" lon="-120.403475"/>
      <trkpt lat="39.418352" lon="-120.403636"/>
      <trkpt lat="39.418363" lon="-120.403829"/>
      <trkpt lat="39.418365" lon="-120.404017"/>
      <trkpt lat="39.418274" lon="-120.404196"/>
      <trkpt lat="39.418224" lon="-120.404314"/>
      <trkpt lat="39.418255" lon="-120.404481"/>
      <trkpt lat="39.418286" lon="-120.404674"/>
      <trkpt lat="39.418290" lon="-120.405098"/>
      <trkpt lat="39.418224" lon="-120.405272"/>
      <trkpt lat="39.418234" lon="-120.405457"/>
      <trkpt lat="39.418253" lon="-120.405572"/>
      <trkpt lat="39.418220" lon="-120.405784"/>
      <trkpt lat="39.418249" lon="-120.406187"/>
      <trkpt lat="39.418286" lon="-120.406181"/>
      <trkpt lat="39.418292" lon="-120.406042"/>
      <trkpt lat="39.418320" lon="-120.405850"/>
      <trkpt lat="39.418582" lon="-120.405428"/>
      <trkpt lat="39.418752" lon="-120.405436"/>
      <trkpt lat="39.418796" lon="-120.405361"/>
      <trkpt lat="39.418775" lon="-120.405224"/>
      <trkpt lat="39.418821" lon="-120.405052"/>
      <trkpt lat="39.418978" lon="-120.404883"/>
      <trkpt lat="39.419063" lon="-120.404835"/>
      <trkpt lat="39.419092" lon="-120.404770"/>
      <trkpt lat="39.419123" lon="-120.404674"/>
      <trkpt lat="39.419268" lon="-120.404569"/>
      <trkpt lat="39.419403" lon="-120.404435"/>
      <trkpt lat="39.419505" lon="-120.404355"/>
      <trkpt lat="39.419594" lon="-120.404338"/>
      <trkpt lat="39.419641" lon="-120.404261"/>
      <trkpt lat="39.419710" lon="-120.404186"/>
      <trkpt lat="39.419735" lon="-120.404222"/>
      <trkpt lat="39.419718" lon="-120.404325"/>
      <trkpt lat="39.419658" lon="-120.404438"/>
      <trkpt lat="39.419565" lon="-120.404558"/>
      <trkpt lat="39.419515" lon="-120.404685"/>
      <trkpt lat="39.419507" lon="-120.404848"/>
      <trkpt lat="39.419552" lon="-120.404940"/>
      <trkpt lat="39.419563" lon="-120.405031"/>
      <trkpt lat="39.419537" lon="-120.405088"/>
      <trkpt lat="39.419433" lon="-120.405212"/>
      <trkpt lat="39.419422" lon="-120.405363"/>
      <trkpt lat="39.419434" lon="-120.405462"/>
      <trkpt lat="39.419507" lon="-120.405615"/>
      <trkpt lat="39.419517" lon="-120.405677"/>
      <trkpt lat="39.419500" lon="-120.405739"/>
      <trkpt lat="39.419408" lon="-120.405843"/>
      <trkpt lat="39.419366" lon="-120.405921"/>
      <trkpt lat="39.419364" lon="-120.406018"/>
      <trkpt lat="39.419376" lon="-120.406103"/>
      <trkpt lat="39.419370" lon="-120.406149"/>
      <trkpt lat="39.419310" lon="-120.406157"/>
      <trkpt lat="39.419258" lon="-120.406208"/>
      <trkpt lat="39.419215" lon="-120.406294"/>
      <trkpt lat="39.419225" lon="-120.406377"/>
      <trkpt lat="39.419256" lon="-120.406455"/>
      <trkpt lat="39.419256" lon="-120.406527"/>
      <trkpt lat="39.419239" lon="-120.406618"/>
      <trkpt lat="39.419250" lon="-120.406889"/>
      <trkpt lat="39.419248" lon="-120.407038"/>
      <trkpt lat="39.419217" lon="-120.407099"/>
      <trkpt lat="39.419170" lon="-120.407133"/>
      <trkpt lat="39.419067" lon="-120.407168"/>
      <trkpt lat="39.418938" lon="-120.407322"/>
      <trkpt lat="39.418844" lon="-120.407681"/>
      <trkpt lat="39.418815" lon="-120.407986"/>
      <trkpt lat="39.418784" lon="-120.408161"/>
      <trkpt lat="39.418763" lon="-120.408397"/>
      <trkpt lat="39.418837" lon="-120.408740"/>
      <trkpt lat="39.418885" lon="-120.409102"/>
      <trkpt lat="39.418937" lon="-120.409389"/>
      <trkpt lat="39.418924" lon="-120.409518"/>
      <trkpt lat="39.418845" lon="-120.409715"/>
      <trkpt lat="39.418819" lon="-120.409982"/>
      <trkpt lat="39.418813" lon="-120.410203"/>
      <trkpt lat="39.418846" lon="-120.410379"/>
      <trkpt lat="39.418924" lon="-120.410652"/>
      <trkpt lat="39.418985" lon="-120.410762"/>
      <trkpt lat="39.419028" lon="-120.410891"/>
      <trkpt lat="39.419063" lon="-120.411033"/>
      <trkpt lat="39.419059" lon="-120.411138"/>
      <trkpt lat="39.419030" lon="-120.411248"/>
      <trkpt lat="39.418985" lon="-120.411296"/>
      <trkpt lat="39.418917" lon="-120.411412"/>
      <trkpt lat="39.418903" lon="-120.411608"/>
      <trkpt lat="39.418958" lon="-120.411741"/>
      <trkpt lat="39.419154" lon="-120.411967"/>
      <trkpt lat="39.419271" lon="-120.412278"/>
      <trkpt lat="39.419322" lon="-120.412878"/>
      <trkpt lat="39.419508" lon="-120.413427"/>
      <trkpt lat="39.419520" lon="-120.413623"/>
      <trkpt lat="39.419455" lon="-120.414012"/>
      <trkpt lat="39.419497" lon="-120.414198"/>
      <trkpt lat="39.419833" lon="-120.414913"/>
      <trkpt lat="39.419833" lon="-120.415088"/>
      <trkpt lat="39.419921" lon="-120.415274"/>
      <trkpt lat="39.420211" lon="-120.415553"/>
      <trkpt lat="39.420277" lon="-120.415671"/>
      <trkpt lat="39.420323" lon="-120.415853"/>
      <trkpt lat="39.420476" lon="-120.416352"/>
      <trkpt lat="39.420572" lon="-120.416795"/>
      <trkpt lat="39.420704" lon="-120.416974"/>
      <trkpt lat="39.420928" lon="-120.417197"/>
      <trkpt lat="39.421057" lon="-120.417414"/>
      <trkpt lat="39.421198" lon="-120.417808"/>
      <trkpt lat="39.421347" lon="-120.417967"/>
      <trkpt lat="39.421430" lon="-120.418144"/>
      <trkpt lat="39.421593" lon="-120.418582"/>
      <trkpt lat="39.421732" lon="-120.418755"/>
      <trkpt lat="39.421882" lon="-120.418833"/>
      <trkpt lat="39.422026" lon="-120.419034"/>
      <trkpt lat="39.422478" lon="-120.419353"/>
      <trkpt lat="39.422594" lon="-120.419388"/>
      <trkpt lat="39.422950" lon="-120.419544"/>
      <trkpt lat="39.423120" lon="-120.419576"/>
      <trkpt lat="39.423356" lon="-120.419453"/>
      <trkpt lat="39.423576" lon="-120.419383"/>
      <trkpt lat="39.423727" lon="-120.419378"/>
      <trkpt lat="39.424019" lon="-120.419394"/>
      <trkpt lat="39.424185" lon="-120.419281"/>
      <trkpt lat="39.424430" lon="-120.419029"/>
      <trkpt lat="39.424595" lon="-120.418887"/>
      <trkpt lat="39.424785" lon="-120.418715"/>
      <trkpt lat="39.424920" lon="-120.418650"/>
      <trkpt lat="39.425105" lon="-120.418418"/>
      <trkpt lat="39.425337" lon="-120.418273"/>
      <trkpt lat="39.425511" lon="-120.418112"/>
      <trkpt lat="39.425652" lon="-120.417913"/>
      <trkpt lat="39.425747" lon="-120.417892"/>
      <trkpt lat="39.425838" lon="-120.417923"/>
      <trkpt lat="39.425859" lon="-120.417978"/>
      <trkpt lat="39.425834" lon="-120.418149"/>
      <trkpt lat="39.425859" lon="-120.418423"/>
      <trkpt lat="39.425785" lon="-120.418632"/>
      <trkpt lat="39.425672" lon="-120.418783"/>
      <trkpt lat="39.425532" lon="-120.418938"/>
      <trkpt lat="39.425190" lon="-120.419202"/>
      <trkpt lat="39.425109" lon="-120.419388"/>
      <trkpt lat="39.425064" lon="-120.419533"/>
      <trkpt lat="39.425084" lon="-120.419914"/>
      <trkpt lat="39.425064" lon="-120.420080"/>
      <trkpt lat="39.424977" lon="-120.420166"/>
      <trkpt lat="39.424823" lon="-120.420198"/>
      <trkpt lat="39.424769" lon="-120.420236"/>
      <trkpt lat="39.424769" lon="-120.420327"/>
      <trkpt lat="39.424827" lon="-120.420370"/>
      <trkpt lat="39.424960" lon="-120.420434"/>
      <trkpt lat="39.425118" lon="-120.420429"/>
      <trkpt lat="39.425273" lon="-120.420323"/>
      <trkpt lat="39.425350" lon="-120.420177"/>
      <trkpt lat="39.425379" lon="-120.419962"/>
      <trkpt lat="39.425442" lon="-120.419802"/>
      <trkpt lat="39.425577" lon="-120.419705"/>
      <trkpt lat="39.425723" lon="-120.419667"/>
      <trkpt lat="39.425901" lon="-120.419657"/>
      <trkpt lat="39.426029" lon="-120.419742"/>
      <trkpt lat="39.426191" lon="-120.419882"/>
      <trkpt lat="39.426286" lon="-120.420145"/>
      <trkpt lat="39.426393" lon="-120.420293"/>
      <trkpt lat="39.426464" lon="-120.420424"/>
      <trkpt lat="39.426522" lon="-120.420649"/>
      <trkpt lat="39.426622" lon="-120.420746"/>
      <trkpt lat="39.426771" lon="-120.420815"/>
      <trkpt lat="39.426966" lon="-120.420869"/>
      <trkpt lat="39.427152" lon="-120.420971"/>
      <trkpt lat="39.427442" lon="-120.421191"/>
      <trkpt lat="39.427678" lon="-120.421459"/>
      <trkpt lat="39.427869" lon="-120.421540"/>
      <trkpt lat="39.428060" lon="-120.421540"/>
      <trkpt lat="39.428188" lon="-120.421486"/>
      <trkpt lat="39.428366" lon="-120.421497"/>
      <trkpt lat="39.428673" lon="-120.421706"/>
      <trkpt lat="39.428747" lon="-120.421706"/>
      <trkpt lat="39.429125" lon="-120.421643"/>
      <trkpt lat="39.429261" lon="-120.421561"/>
      <trkpt lat="39.429415" lon="-120.421524"/>
      <trkpt lat="39.429568" lon="-120.421422"/>
      <trkpt lat="39.429609" lon="-120.421379"/>
      <trkpt lat="39.429663" lon="-120.421405"/>
      <trkpt lat="39.429651" lon="-120.421518"/>
      <trkpt lat="39.429667" lon="-120.421627"/>
      <trkpt lat="39.429738" lon="-120.421658"/>
      <trkpt lat="39.429850" lon="-120.421668"/>
      <trkpt lat="39.429920" lon="-120.421733"/>
      <trkpt lat="39.430032" lon="-120.421963"/>
      <trkpt lat="39.430313" lon="-120.422125"/>
      <trkpt lat="39.430492" lon="-120.422082"/>
      <trkpt lat="39.430600" lon="-120.421950"/>
      <trkpt lat="39.430663" lon="-120.421765"/>
      <trkpt lat="39.430736" lon="-120.421684"/>
      <trkpt lat="39.430923" lon="-120.421647"/>
      <trkpt lat="39.431064" lon="-120.421588"/>
      <trkpt lat="39.431117" lon="-120.421513"/>
      <trkpt lat="39.431105" lon="-120.421353"/>
      <trkpt lat="39.431155" lon="-120.421330"/>
      <trkpt lat="39.431233" lon="-120.421341"/>
      <trkpt lat="39.431399" lon="-120.421507"/>
      <trkpt lat="39.431553" lon="-120.421497"/>
      <trkpt lat="39.431714" lon="-120.421416"/>
      <trkpt lat="39.431793" lon="-120.421405"/>
      <trkpt lat="39.432220" lon="-120.421534"/>
      <trkpt lat="39.432369" lon="-120.421599"/>
      <trkpt lat="39.432476" lon="-120.421566"/>
      <trkpt lat="39.432580" lon="-120.421561"/>
      <trkpt lat="39.432702" lon="-120.421590"/>
      <trkpt lat="39.432878" lon="-120.421658"/>
      <trkpt lat="39.433057" lon="-120.421647"/>
      <trkpt lat="39.433169" lon="-120.421706"/>
      <trkpt lat="39.433293" lon="-120.421899"/>
      <trkpt lat="39.433388" lon="-120.422076"/>
      <trkpt lat="39.433508" lon="-120.422205"/>
      <trkpt lat="39.433595" lon="-120.422317"/>
      <trkpt lat="39.433637" lon="-120.422494"/>
      <trkpt lat="39.433645" lon="-120.422741"/>
      <trkpt lat="39.433678" lon="-120.422940"/>
      <trkpt lat="39.433794" lon="-120.423165"/>
      <trkpt lat="39.433888" lon="-120.423450"/>
      <trkpt lat="39.433943" lon="-120.423594"/>
      <trkpt lat="39.433939" lon="-120.423798"/>
      <trkpt lat="39.433852" lon="-120.423953"/>
      <trkpt lat="39.433732" lon="-120.424088"/>
      <trkpt lat="39.433641" lon="-120.424216"/>
      <trkpt lat="39.433603" lon="-120.424426"/>
      <trkpt lat="39.433517" lon="-120.424672"/>
      <trkpt lat="39.433504" lon="-120.424876"/>
      <trkpt lat="39.433363" lon="-120.424973"/>
      <trkpt lat="39.433173" lon="-120.425182"/>
      <trkpt lat="39.433007" lon="-120.425702"/>
      <trkpt lat="39.432891" lon="-120.426153"/>
      <trkpt lat="39.432891" lon="-120.426534"/>
      <trkpt lat="39.432779" lon="-120.427430"/>
      <trkpt lat="39.432597" lon="-120.427862"/>
      <trkpt lat="39.432597" lon="-120.428072"/>
      <trkpt lat="39.432667" lon="-120.428263"/>
      <trkpt lat="39.432746" lon="-120.428529"/>
      <trkpt lat="39.432775" lon="-120.428883"/>
      <trkpt lat="39.432783" lon="-120.429645"/>
      <trkpt lat="39.432742" lon="-120.429983"/>
      <trkpt lat="39.432684" lon="-120.430198"/>
      <trkpt lat="39.432601" lon="-120.430616"/>
      <trkpt lat="39.432655" lon="-120.431056"/>
      <trkpt lat="39.432597" lon="-120.431399"/>
      <trkpt lat="39.432535" lon="-120.431528"/>
      <trkpt lat="39.432418" lon="-120.431609"/>
      <trkpt lat="39.432302" lon="-120.431710"/>
      <trkpt lat="39.432133" lon="-120.431936"/>
      <trkpt lat="39.431905" lon="-120.432322"/>
      <trkpt lat="39.431615" lon="-120.433159"/>
      <trkpt lat="39.431412" lon="-120.433829"/>
      <trkpt lat="39.431375" lon="-120.434018"/>
      <trkpt lat="39.431233" lon="-120.434189"/>
      <trkpt lat="39.431105" lon="-120.434366"/>
      <trkpt lat="39.430919" lon="-120.434591"/>
      <trkpt lat="39.430799" lon="-120.434698"/>
      <trkpt lat="39.430587" lon="-120.435058"/>
      <trkpt lat="39.430401" lon="-120.435466"/>
      <trkpt lat="39.430140" lon="-120.435825"/>
      <trkpt lat="39.430003" lon="-120.436109"/>
      <trkpt lat="39.429966" lon="-120.436281"/>
      <trkpt lat="39.429854" lon="-120.436399"/>
      <trkpt lat="39.429671" lon="-120.436496"/>
      <trkpt lat="39.429543" lon="-120.436576"/>
      <trkpt lat="39.429361" lon="-120.436785"/>
      <trkpt lat="39.428946" lon="-120.437070"/>
      <trkpt lat="39.428315" lon="-120.437572"/>
      <trkpt lat="39.428002" lon="-120.437719"/>
      <trkpt lat="39.427869" lon="-120.437837"/>
      <trkpt lat="39.427728" lon="-120.437858"/>
      <trkpt lat="39.427637" lon="-120.437939"/>
      <trkpt lat="39.427558" lon="-120.438019"/>
      <trkpt lat="39.427417" lon="-120.438040"/>
      <trkpt lat="39.427256" lon="-120.438121"/>
      <trkpt lat="39.427090" lon="-120.438153"/>
      <trkpt lat="39.426957" lon="-120.438191"/>
      <trkpt lat="39.426845" lon="-120.438346"/>
      <trkpt lat="39.426435" lon="-120.438824"/>
      <trkpt lat="39.426245" lon="-120.439054"/>
      <trkpt lat="39.426104" lon="-120.439205"/>
      <trkpt lat="39.425876" lon="-120.439280"/>
      <trkpt lat="39.425652" lon="-120.439435"/>
      <trkpt lat="39.425453" lon="-120.439725"/>
      <trkpt lat="39.425450" lon="-120.440158"/>
      <trkpt lat="39.425466" lon="-120.440315"/>
      <trkpt lat="39.425432" lon="-120.440530"/>
      <trkpt lat="39.425445" lon="-120.440803"/>
      <trkpt lat="39.425391" lon="-120.440867"/>
      <trkpt lat="39.425292" lon="-120.440825"/>
      <trkpt lat="39.424967" lon="-120.440495"/>
      <trkpt lat="39.424786" lon="-120.440342"/>
      <trkpt lat="39.424712" lon="-120.440229"/>
      <trkpt lat="39.424583" lon="-120.440192"/>
      <trkpt lat="39.424504" lon="-120.440235"/>
      <trkpt lat="39.424471" lon="-120.440337"/>
      <trkpt lat="39.424508" lon="-120.440701"/>
      <trkpt lat="39.424645" lon="-120.441002"/>
      <trkpt lat="39.424786" lon="-120.441409"/>
      <trkpt lat="39.424985" lon="-120.441774"/>
      <trkpt lat="39.425151" lon="-120.442348"/>
      <trkpt lat="39.425147" lon="-120.442938"/>
      <trkpt lat="39.425247" lon="-120.443140"/>
      <trkpt lat="39.425442" lon="-120.443437"/>
      <trkpt lat="39.425412" lon="-120.443496"/>
      <trkpt lat="39.425238" lon="-120.443491"/>
      <trkpt lat="39.425072" lon="-120.443544"/>
      <trkpt lat="39.424840" lon="-120.443743"/>
      <trkpt lat="39.424740" lon="-120.444006"/>
      <trkpt lat="39.424691" lon="-120.444236"/>
      <trkpt lat="39.424558" lon="-120.444451"/>
      <trkpt lat="39.424434" lon="-120.444676"/>
      <trkpt lat="39.424243" lon="-120.444896"/>
      <trkpt lat="39.423941" lon="-120.445218"/>
      <trkpt lat="39.423874" lon="-120.445454"/>
      <trkpt lat="39.423771" lon="-120.445540"/>
      <trkpt lat="39.423539" lon="-120.445604"/>
      <trkpt lat="39.423419" lon="-120.445695"/>
      <trkpt lat="39.423414" lon="-120.445835"/>
      <trkpt lat="39.423448" lon="-120.446039"/>
      <trkpt lat="39.423576" lon="-120.446237"/>
      <trkpt lat="39.423804" lon="-120.446398"/>
      <trkpt lat="39.424231" lon="-120.446629"/>
      <trkpt lat="39.424434" lon="-120.446704"/>
      <trkpt lat="39.424596" lon="-120.446683"/>
      <trkpt lat="39.424699" lon="-120.446704"/>
      <trkpt lat="39.424790" lon="-120.446763"/>
      <trkpt lat="39.424850" lon="-120.446968"/>
      <trkpt lat="39.424869" lon="-120.447149"/>
      <trkpt lat="39.424927" lon="-120.447273"/>
      <trkpt lat="39.425013" lon="-120.447323"/>
      <trkpt lat="39.425130" lon="-120.447342"/>
      <trkpt lat="39.425345" lon="-120.447329"/>
      <trkpt lat="39.425372" lon="-120.447407"/>
      <trkpt lat="39.425377" lon="-120.447490"/>
      <trkpt lat="39.425341" lon="-120.447594"/>
      <trkpt lat="39.425314" lon="-120.447662"/>
      <trkpt lat="39.425338" lon="-120.447735"/>
      <trkpt lat="39.425432" lon="-120.447932"/>
      <trkpt lat="39.425520" lon="-120.448142"/>
      <trkpt lat="39.425584" lon="-120.448308"/>
      <trkpt lat="39.425527" lon="-120.448476"/>
      <trkpt lat="39.425488" lon="-120.448658"/>
      <trkpt lat="39.425426" lon="-120.448764"/>
      <trkpt lat="39.425292" lon="-120.448860"/>
      <trkpt lat="39.424693" lon="-120.449367"/>
      <trkpt lat="39.424486" lon="-120.449488"/>
      <trkpt lat="39.424084" lon="-120.449561"/>
      <trkpt lat="39.423568" lon="-120.449864"/>
      <trkpt lat="39.423257" lon="-120.449882"/>
      <trkpt lat="39.423043" lon="-120.450005"/>
      <trkpt lat="39.422933" lon="-120.450272"/>
      <trkpt lat="39.422834" lon="-120.450556"/>
      <trkpt lat="39.422838" lon="-120.450862"/>
      <trkpt lat="39.422718" lon="-120.451146"/>
      <trkpt lat="39.422718" lon="-120.451274"/>
      <trkpt lat="39.422843" lon="-120.451586"/>
      <trkpt lat="39.422913" lon="-120.451870"/>
      <trkpt lat="39.422909" lon="-120.451988"/>
      <trkpt lat="39.422822" lon="-120.452138"/>
      <trkpt lat="39.422581" lon="-120.452465"/>
      <trkpt lat="39.422366" lon="-120.452642"/>
      <trkpt lat="39.422126" lon="-120.453029"/>
      <trkpt lat="39.421842" lon="-120.453337"/>
      <trkpt lat="39.421869" lon="-120.453431"/>
      <trkpt lat="39.422026" lon="-120.453463"/>
      <trkpt lat="39.422168" lon="-120.453432"/>
      <trkpt lat="39.422362" lon="-120.453420"/>
      <trkpt lat="39.422523" lon="-120.453452"/>
      <trkpt lat="39.422764" lon="-120.453410"/>
      <trkpt lat="39.423638" lon="-120.453608"/>
      <trkpt lat="39.424094" lon="-120.453742"/>
      <trkpt lat="39.424326" lon="-120.453855"/>
      <trkpt lat="39.424583" lon="-120.453951"/>
      <trkpt lat="39.424890" lon="-120.454042"/>
      <trkpt lat="39.425573" lon="-120.454225"/>
      <trkpt lat="39.425984" lon="-120.454236"/>
      <trkpt lat="39.426340" lon="-120.454193"/>
      <trkpt lat="39.426584" lon="-120.454118"/>
      <trkpt lat="39.427024" lon="-120.454096"/>
      <trkpt lat="39.427273" lon="-120.454195"/>
      <trkpt lat="39.427388" lon="-120.454252"/>
      <trkpt lat="39.427571" lon="-120.454262"/>
      <trkpt lat="39.427931" lon="-120.454118"/>
      <trkpt lat="39.428288" lon="-120.453833"/>
      <trkpt lat="39.428640" lon="-120.453678"/>
      <trkpt lat="39.429100" lon="-120.453506"/>
      <trkpt lat="39.429287" lon="-120.453425"/>
      <trkpt lat="39.429394" lon="-120.453361"/>
      <trkpt lat="39.429555" lon="-120.453367"/>
      <trkpt lat="39.429547" lon="-120.453420"/>
      <trkpt lat="39.429415" lon="-120.453512"/>
      <trkpt lat="39.429253" lon="-120.453715"/>
      <trkpt lat="39.429199" lon="-120.453892"/>
      <trkpt lat="39.428830" lon="-120.454574"/>
      <trkpt lat="39.428713" lon="-120.454863"/>
      <trkpt lat="39.428582" lon="-120.455217"/>
      <trkpt lat="39.428466" lon="-120.455470"/>
      <trkpt lat="39.428312" lon="-120.455650"/>
      <trkpt lat="39.428254" lon="-120.455781"/>
      <trkpt lat="39.428300" lon="-120.455856"/>
      <trkpt lat="39.428527" lon="-120.455872"/>
      <trkpt lat="39.428694" lon="-120.455802"/>
      <trkpt lat="39.428878" lon="-120.455732"/>
      <trkpt lat="39.429203" lon="-120.455507"/>
      <trkpt lat="39.429700" lon="-120.455191"/>
      <trkpt lat="39.429940" lon="-120.455073"/>
      <trkpt lat="39.430166" lon="-120.454938"/>
      <trkpt lat="39.430336" lon="-120.454854"/>
      <trkpt lat="39.430480" lon="-120.454837"/>
      <trkpt lat="39.430511" lon="-120.454851"/>
      <trkpt lat="39.430508" lon="-120.454899"/>
      <trkpt lat="39.430461" lon="-120.455022"/>
      <trkpt lat="39.430460" lon="-120.455061"/>
      <trkpt lat="39.430491" lon="-120.455099"/>
      <trkpt lat="39.430538" lon="-120.455114"/>
      <trkpt lat="39.430598" lon="-120.455157"/>
      <trkpt lat="39.430695" lon="-120.455189"/>
      <trkpt lat="39.431196" lon="-120.455163"/>
      <trkpt lat="39.431323" lon="-120.455134"/>
      <trkpt lat="39.431392" lon="-120.455151"/>
      <trkpt lat="39.431432" lon="-120.455150"/>
      <trkpt lat="39.431500" lon="-120.455219"/>
      <trkpt lat="39.431751" lon="-120.455393"/>
      <trkpt lat="39.431901" lon="-120.455503"/>
      <trkpt lat="39.432142" lon="-120.455795"/>
      <trkpt lat="39.432239" lon="-120.455952"/>
      <trkpt lat="39.432476" lon="-120.456440"/>
      <trkpt lat="39.432618" lon="-120.456679"/>
      <trkpt lat="39.432707" lon="-120.456817"/>
      <trkpt lat="39.432844" lon="-120.457148"/>
      <trkpt lat="39.432889" lon="-120.457287"/>
      <trkpt lat="39.432906" lon="-120.457429"/>
      <trkpt lat="39.432918" lon="-120.457605"/>
      <trkpt lat="39.432912" lon="-120.457832"/>
      <trkpt lat="39.432899" lon="-120.458069"/>
      <trkpt lat="39.432896" lon="-120.458235"/>
      <trkpt lat="39.432941" lon="-120.458969"/>
      <trkpt lat="39.432957" lon="-120.459678"/>
      <trkpt lat="39.433011" lon="-120.460328"/>
      <trkpt lat="39.433052" lon="-120.460532"/>
      <trkpt lat="39.433135" lon="-120.460743"/>
      <trkpt lat="39.433255" lon="-120.460928"/>
      <trkpt lat="39.433440" lon="-120.461060"/>
      <trkpt lat="39.433638" lon="-120.461153"/>
      <trkpt lat="39.433773" lon="-120.461432"/>
      <trkpt lat="39.433800" lon="-120.461628"/>
      <trkpt lat="39.433794" lon="-120.461797"/>
      <trkpt lat="39.433776" lon="-120.461910"/>
      <trkpt lat="39.433732" lon="-120.461920"/>
      <trkpt lat="39.433637" lon="-120.461856"/>
      <trkpt lat="39.433326" lon="-120.461585"/>
      <trkpt lat="39.433274" lon="-120.461585"/>
      <trkpt lat="39.433270" lon="-120.461633"/>
      <trkpt lat="39.433371" lon="-120.461781"/>
      <trkpt lat="39.433432" lon="-120.461952"/>
      <trkpt lat="39.433475" lon="-120.462215"/>
      <trkpt lat="39.433533" lon="-120.463098"/>
      <trkpt lat="39.433606" lon="-120.463243"/>
      <trkpt lat="39.433844" lon="-120.463395"/>
      <trkpt lat="39.434028" lon="-120.463417"/>
      <trkpt lat="39.434192" lon="-120.463406"/>
      <trkpt lat="39.434672" lon="-120.463409"/>
      <trkpt lat="39.434944" lon="-120.463463"/>
      <trkpt lat="39.435228" lon="-120.463562"/>
      <trkpt lat="39.435454" lon="-120.463599"/>
      <trkpt lat="39.435752" lon="-120.463699"/>
      <trkpt lat="39.435984" lon="-120.463811"/>
      <trkpt lat="39.436199" lon="-120.463926"/>
      <trkpt lat="39.436336" lon="-120.464010"/>
      <trkpt lat="39.436415" lon="-120.464106"/>
      <trkpt lat="39.436489" lon="-120.464404"/>
      <trkpt lat="39.436529" lon="-120.464782"/>
      <trkpt lat="39.436605" lon="-120.465069"/>
      <trkpt lat="39.436632" lon="-120.465466"/>
      <trkpt lat="39.436850" lon="-120.466024"/>
      <trkpt lat="39.436872" lon="-120.466172"/>
      <trkpt lat="39.436951" lon="-120.466354"/>
      <trkpt lat="39.437053" lon="-120.466472"/>
      <trkpt lat="39.437185" lon="-120.466496"/>
      <trkpt lat="39.437316" lon="-120.466555"/>
      <trkpt lat="39.437380" lon="-120.466619"/>
      <trkpt lat="39.437443" lon="-120.466633"/>
      <trkpt lat="39.437517" lon="-120.466603"/>
      <trkpt lat="39.437604" lon="-120.466450"/>
      <trkpt lat="39.437651" lon="-120.466220"/>
      <trkpt lat="39.437738" lon="-120.465858"/>
      <trkpt lat="39.437873" lon="-120.465471"/>
      <trkpt lat="39.438202" lon="-120.464868"/>
      <trkpt lat="39.438378" lon="-120.464471"/>
      <trkpt lat="39.438486" lon="-120.464455"/>
      <trkpt lat="39.438660" lon="-120.464471"/>
      <trkpt lat="39.438778" lon="-120.464425"/>
      <trkpt lat="39.438801" lon="-120.464315"/>
      <trkpt lat="39.438838" lon="-120.464297"/>
      <trkpt lat="39.438948" lon="-120.464321"/>
      <trkpt lat="39.438996" lon="-120.464380"/>
      <trkpt lat="39.439000" lon="-120.464490"/>
      <trkpt lat="39.438942" lon="-120.464645"/>
      <trkpt lat="39.438845" lon="-120.464737"/>
      <trkpt lat="39.438758" lon="-120.464913"/>
      <trkpt lat="39.438760" lon="-120.465108"/>
      <trkpt lat="39.438739" lon="-120.465233"/>
      <trkpt lat="39.438790" lon="-120.465267"/>
      <trkpt lat="39.438898" lon="-120.465193"/>
      <trkpt lat="39.439029" lon="-120.465117"/>
      <trkpt lat="39.439172" lon="-120.465045"/>
      <trkpt lat="39.439240" lon="-120.464964"/>
      <trkpt lat="39.439259" lon="-120.464820"/>
      <trkpt lat="39.439354" lon="-120.464613"/>
      <trkpt lat="39.439441" lon="-120.464546"/>
      <trkpt lat="39.439553" lon="-120.464551"/>
      <trkpt lat="39.439708" lon="-120.464632"/>
      <trkpt lat="39.439787" lon="-120.464632"/>
      <trkpt lat="39.439984" lon="-120.464527"/>
      <trkpt lat="39.440131" lon="-120.464535"/>
      <trkpt lat="39.440201" lon="-120.464487"/>
      <trkpt lat="39.440312" lon="-120.464287"/>
      <trkpt lat="39.440357" lon="-120.464243"/>
      <trkpt lat="39.440452" lon="-120.464278"/>
      <trkpt lat="39.440560" lon="-120.464377"/>
      <trkpt lat="39.440698" lon="-120.464488"/>
      <trkpt lat="39.440823" lon="-120.464475"/>
      <trkpt lat="39.441051" lon="-120.464310"/>
      <trkpt lat="39.441372" lon="-120.464013"/>
      <trkpt lat="39.441535" lon="-120.463948"/>
      <trkpt lat="39.441670" lon="-120.463951"/>
      <trkpt lat="39.441843" lon="-120.463970"/>
      <trkpt lat="39.441989" lon="-120.463854"/>
      <trkpt lat="39.442159" lon="-120.463763"/>
      <trkpt lat="39.442277" lon="-120.463678"/>
      <trkpt lat="39.442372" lon="-120.463680"/>
      <trkpt lat="39.442509" lon="-120.463763"/>
      <trkpt lat="39.442623" lon="-120.463806"/>
      <trkpt lat="39.442799" lon="-120.463833"/>
      <trkpt lat="39.442975" lon="-120.463876"/>
      <trkpt lat="39.443159" lon="-120.463886"/>
      <trkpt lat="39.443385" lon="-120.463792"/>
      <trkpt lat="39.443646" lon="-120.463642"/>
      <trkpt lat="39.443888" lon="-120.463639"/>
      <trkpt lat="39.444106" lon="-120.463607"/>
      <trkpt lat="39.444369" lon="-120.463495"/>
      <trkpt lat="39.444794" lon="-120.463218"/>
      <trkpt lat="39.444966" lon="-120.463065"/>
      <trkpt lat="39.445044" lon="-120.463039"/>
      <trkpt lat="39.445140" lon="-120.463044"/>
      <trkpt lat="39.445235" lon="-120.462998"/>
      <trkpt lat="39.445318" lon="-120.462913"/>
      <trkpt lat="39.445415" lon="-120.462829"/>
      <trkpt lat="39.445557" lon="-120.462797"/>
      <trkpt lat="39.445684" lon="-120.462720"/>
      <trkpt lat="39.445893" lon="-120.462660"/>
      <trkpt lat="39.445991" lon="-120.462671"/>
      <trkpt lat="39.446074" lon="-120.462695"/>
      <trkpt lat="39.446152" lon="-120.462748"/>
      <trkpt lat="39.446270" lon="-120.462663"/>
      <trkpt lat="39.446444" lon="-120.462508"/>
      <trkpt lat="39.446819" lon="-120.462288"/>
      <trkpt lat="39.446875" lon="-120.462320"/>
      <trkpt lat="39.446886" lon="-120.462403"/>
      <trkpt lat="39.446983" lon="-120.462443"/>
      <trkpt lat="39.447113" lon="-120.462390"/>
      <trkpt lat="39.447169" lon="-120.462288"/>
      <trkpt lat="39.447302" lon="-120.462191"/>
      <trkpt lat="39.447335" lon="-120.462159"/>
      <trkpt lat="39.447544" lon="-120.462081"/>
      <trkpt lat="39.447728" lon="-120.462035"/>
      <trkpt lat="39.447884" lon="-120.461934"/>
      <trkpt lat="39.447989" lon="-120.461926"/>
      <trkpt lat="39.448002" lon="-120.461915"/>
      <trkpt lat="39.448045" lon="-120.461963"/>
      <trkpt lat="39.448095" lon="-120.461974"/>
      <trkpt lat="39.448188" lon="-120.461936"/>
      <trkpt lat="39.448217" lon="-120.461952"/>
      <trkpt lat="39.448170" lon="-120.462129"/>
      <trkpt lat="39.448172" lon="-120.462278"/>
      <trkpt lat="39.448217" lon="-120.462317"/>
      <trkpt lat="39.448304" lon="-120.462261"/>
      <trkpt lat="39.448439" lon="-120.462105"/>
      <trkpt lat="39.448528" lon="-120.462095"/>
      <trkpt lat="39.448605" lon="-120.462103"/>
      <trkpt lat="39.448717" lon="-120.462239"/>
      <trkpt lat="39.448822" lon="-120.462239"/>
      <trkpt lat="39.448971" lon="-120.462304"/>
      <trkpt lat="39.449098" lon="-120.462395"/>
      <trkpt lat="39.449555" lon="-120.462819"/>
      <trkpt lat="39.449812" lon="-120.463108"/>
      <trkpt lat="39.450096" lon="-120.463288"/>
      <trkpt lat="39.450353" lon="-120.463520"/>
      <trkpt lat="39.450562" lon="-120.463940"/>
      <trkpt lat="39.450630" lon="-120.464090"/>
      <trkpt lat="39.450653" lon="-120.464310"/>
      <trkpt lat="39.450649" lon="-120.464458"/>
      <trkpt lat="39.450711" lon="-120.464750"/>
      <trkpt lat="39.450882" lon="-120.465220"/>
      <trkpt lat="39.450912" lon="-120.465243"/>
      <trkpt lat="39.450947" lon="-120.465142"/>
      <trkpt lat="39.450908" lon="-120.463615"/>
      <trkpt lat="39.450866" lon="-120.463036"/>
      <trkpt lat="39.450908" lon="-120.462965"/>
      <trkpt lat="39.450955" lon="-120.462990"/>
      <trkpt lat="39.450973" lon="-120.463063"/>
      <trkpt lat="39.451288" lon="-120.464155"/>
      <trkpt lat="39.451537" lon="-120.464785"/>
      <trkpt lat="39.451655" lon="-120.465277"/>
      <trkpt lat="39.451810" lon="-120.465552"/>
      <trkpt lat="39.452453" lon="-120.466306"/>
      <trkpt lat="39.452713" lon="-120.466452"/>
      <trkpt lat="39.452817" lon="-120.466461"/>
      <trkpt lat="39.452862" lon="-120.466390"/>
      <trkpt lat="39.452590" lon="-120.465887"/>
      <trkpt lat="39.452465" lon="-120.465463"/>
      <trkpt lat="39.452345" lon="-120.465152"/>
      <trkpt lat="39.452345" lon="-120.465088"/>
      <trkpt lat="39.452380" lon="-120.465065"/>
      <trkpt lat="39.452577" lon="-120.465235"/>
      <trkpt lat="39.452863" lon="-120.465437"/>
      <trkpt lat="39.453190" lon="-120.465555"/>
      <trkpt lat="39.453393" lon="-120.465571"/>
      <trkpt lat="39.453575" lon="-120.465627"/>
      <trkpt lat="39.453679" lon="-120.465603"/>
      <trkpt lat="39.453923" lon="-120.465581"/>
      <trkpt lat="39.454323" lon="-120.465625"/>
      <trkpt lat="39.454669" lon="-120.465716"/>
      <trkpt lat="39.454900" lon="-120.465723"/>
      <trkpt lat="39.455199" lon="-120.465989"/>
      <trkpt lat="39.455431" lon="-120.466134"/>
      <trkpt lat="39.455592" lon="-120.466338"/>
      <trkpt lat="39.455700" lon="-120.466531"/>
      <trkpt lat="39.455733" lon="-120.466713"/>
      <trkpt lat="39.455551" lon="-120.467277"/>
      <trkpt lat="39.455398" lon="-120.467872"/>
      <trkpt lat="39.455419" lon="-120.468070"/>
      <trkpt lat="39.455457" lon="-120.468230"/>
      <trkpt lat="39.455572" lon="-120.468553"/>
      <trkpt lat="39.455763" lon="-120.468833"/>
      <trkpt lat="39.455928" lon="-120.468956"/>
      <trkpt lat="39.456268" lon="-120.469084"/>
      <trkpt lat="39.456458" lon="-120.469176"/>
      <trkpt lat="39.456627" lon="-120.469290"/>
      <trkpt lat="39.456814" lon="-120.469481"/>
      <trkpt lat="39.457038" lon="-120.469792"/>
      <trkpt lat="39.457215" lon="-120.469967"/>
      <trkpt lat="39.457495" lon="-120.470163"/>
      <trkpt lat="39.457790" lon="-120.470323"/>
      <trkpt lat="39.458297" lon="-120.470527"/>
      <trkpt lat="39.458525" lon="-120.470549"/>
      <trkpt lat="39.458637" lon="-120.470565"/>
      <trkpt lat="39.458710" lon="-120.470623"/>
      <trkpt lat="39.458794" lon="-120.470753"/>
      <trkpt lat="39.459043" lon="-120.470962"/>
      <trkpt lat="39.459130" lon="-120.471058"/>
      <trkpt lat="39.459233" lon="-120.471214"/>
      <trkpt lat="39.459320" lon="-120.471305"/>
      <trkpt lat="39.459540" lon="-120.471456"/>
      <trkpt lat="39.459912" lon="-120.471643"/>
      <trkpt lat="39.460236" lon="-120.471675"/>
      <trkpt lat="39.460534" lon="-120.471606"/>
      <trkpt lat="39.460894" lon="-120.471541"/>
      <trkpt lat="39.461097" lon="-120.471649"/>
      <trkpt lat="39.461287" lon="-120.471885"/>
      <trkpt lat="39.461553" lon="-120.472108"/>
      <trkpt lat="39.461735" lon="-120.472137"/>
      <trkpt lat="39.461965" lon="-120.472368"/>
      <trkpt lat="39.462317" lon="-120.472747"/>
      <trkpt lat="39.462509" lon="-120.473011"/>
      <trkpt lat="39.462918" lon="-120.473527"/>
      <trkpt lat="39.463035" lon="-120.473794"/>
      <trkpt lat="39.463226" lon="-120.473993"/>
      <trkpt lat="39.463425" lon="-120.474105"/>
      <trkpt lat="39.463677" lon="-120.474293"/>
      <trkpt lat="39.463822" lon="-120.474420"/>
      <trkpt lat="39.463934" lon="-120.474486"/>
      <trkpt lat="39.464149" lon="-120.474567"/>
      <trkpt lat="39.464410" lon="-120.474706"/>
      <trkpt lat="39.464709" lon="-120.474791"/>
      <trkpt lat="39.464823" lon="-120.474801"/>
      <trkpt lat="39.464952" lon="-120.474787"/>
      <trkpt lat="39.464989" lon="-120.474797"/>
      <trkpt lat="39.465015" lon="-120.474844"/>
      <trkpt lat="39.465018" lon="-120.474898"/>
      <trkpt lat="39.465086" lon="-120.475115"/>
      <trkpt lat="39.465155" lon="-120.475303"/>
      <trkpt lat="39.465227" lon="-120.475447"/>
      <trkpt lat="39.465342" lon="-120.475572"/>
      <trkpt lat="39.465456" lon="-120.475640"/>
      <trkpt lat="39.465671" lon="-120.475713"/>
      <trkpt lat="39.465965" lon="-120.475831"/>
      <trkpt lat="39.466097" lon="-120.475865"/>
      <trkpt lat="39.466190" lon="-120.475913"/>
      <trkpt lat="39.466292" lon="-120.476031"/>
      <trkpt lat="39.466390" lon="-120.476121"/>
      <trkpt lat="39.466569" lon="-120.476440"/>
      <trkpt lat="39.466748" lon="-120.476738"/>
      <trkpt lat="39.466875" lon="-120.477065"/>
      <trkpt lat="39.466978" lon="-120.477260"/>
      <trkpt lat="39.467081" lon="-120.477576"/>
      <trkpt lat="39.467081" lon="-120.478220"/>
      <trkpt lat="39.467178" lon="-120.478610"/>
      <trkpt lat="39.467301" lon="-120.478756"/>
      <trkpt lat="39.467516" lon="-120.478794"/>
      <trkpt lat="39.467623" lon="-120.478893"/>
      <trkpt lat="39.468233" lon="-120.479575"/>
      <trkpt lat="39.468295" lon="-120.479723"/>
      <trkpt lat="39.468390" lon="-120.479990"/>
      <trkpt lat="39.468415" lon="-120.480334"/>
      <trkpt lat="39.468440" lon="-120.480816"/>
      <trkpt lat="39.468383" lon="-120.481223"/>
      <trkpt lat="39.468353" lon="-120.481557"/>
      <trkpt lat="39.468295" lon="-120.481820"/>
      <trkpt lat="39.468026" lon="-120.482560"/>
      <trkpt lat="39.467942" lon="-120.483240"/>
      <trkpt lat="39.467885" lon="-120.483542"/>
      <trkpt lat="39.467906" lon="-120.483842"/>
      <trkpt lat="39.468112" lon="-120.484212"/>
      <trkpt lat="39.468349" lon="-120.484738"/>
      <trkpt lat="39.468390" lon="-120.484979"/>
      <trkpt lat="39.468344" lon="-120.485290"/>
      <trkpt lat="39.468315" lon="-120.485682"/>
      <trkpt lat="39.468410" lon="-120.485968"/>
      <trkpt lat="39.468435" lon="-120.486272"/>
      <trkpt lat="39.468460" lon="-120.486723"/>
      <trkpt lat="39.468415" lon="-120.486932"/>
      <trkpt lat="39.468266" lon="-120.487211"/>
      <trkpt lat="39.468208" lon="-120.487463"/>
      <trkpt lat="39.468220" lon="-120.487951"/>
      <trkpt lat="39.468175" lon="-120.488225"/>
      <trkpt lat="39.468030" lon="-120.488563"/>
      <trkpt lat="39.467820" lon="-120.489210"/>
      <trkpt lat="39.467636" lon="-120.489839"/>
      <trkpt lat="39.467467" lon="-120.490301"/>
      <trkpt lat="39.467479" lon="-120.490456"/>
      <trkpt lat="39.467638" lon="-120.490638"/>
      <trkpt lat="39.467769" lon="-120.490727"/>
      <trkpt lat="39.467841" lon="-120.490730"/>
      <trkpt lat="39.467847" lon="-120.490749"/>
      <trkpt lat="39.467756" lon="-120.490810"/>
      <trkpt lat="39.467674" lon="-120.490842"/>
      <trkpt lat="39.467423" lon="-120.490732"/>
      <trkpt lat="39.467266" lon="-120.490703"/>
      <trkpt lat="39.467054" lon="-120.490604"/>
      <trkpt lat="39.466990" lon="-120.490505"/>
      <trkpt lat="39.466950" lon="-120.490330"/>
      <trkpt lat="39.466955" lon="-120.490236"/>
      <trkpt lat="39.467036" lon="-120.490054"/>
      <trkpt lat="39.467182" lon="-120.489625"/>
      <trkpt lat="39.467203" lon="-120.489512"/>
      <trkpt lat="39.467190" lon="-120.489458"/>
      <trkpt lat="39.467154" lon="-120.489477"/>
      <trkpt lat="39.467110" lon="-120.489620"/>
      <trkpt lat="39.466992" lon="-120.489810"/>
      <trkpt lat="39.466551" lon="-120.490303"/>
      <trkpt lat="39.466352" lon="-120.490606"/>
      <trkpt lat="39.466301" lon="-120.490732"/>
      <trkpt lat="39.466305" lon="-120.490859"/>
      <trkpt lat="39.466319" lon="-120.490960"/>
      <trkpt lat="39.466369" lon="-120.491017"/>
      <trkpt lat="39.466437" lon="-120.491022"/>
      <trkpt lat="39.466545" lon="-120.491079"/>
      <trkpt lat="39.466680" lon="-120.491186"/>
      <trkpt lat="39.466837" lon="-120.491392"/>
      <trkpt lat="39.467110" lon="-120.491636"/>
      <trkpt lat="39.467286" lon="-120.491846"/>
      <trkpt lat="39.467344" lon="-120.491964"/>
      <trkpt lat="39.467413" lon="-120.492269"/>
      <trkpt lat="39.467510" lon="-120.492599"/>
      <trkpt lat="39.467580" lon="-120.492859"/>
      <trkpt lat="39.467609" lon="-120.493133"/>
      <trkpt lat="39.467707" lon="-120.493543"/>
      <trkpt lat="39.467736" lon="-120.493871"/>
      <trkpt lat="39.467748" lon="-120.494257"/>
      <trkpt lat="39.467713" lon="-120.494399"/>
      <trkpt lat="39.467727" lon="-120.494630"/>
      <trkpt lat="39.467694" lon="-120.494793"/>
      <trkpt lat="39.467647" lon="-120.494949"/>
      <trkpt lat="39.467580" lon="-120.495067"/>
      <trkpt lat="39.467574" lon="-120.495284"/>
      <trkpt lat="39.467576" lon="-120.495485"/>
      <trkpt lat="39.467595" lon="-120.495555"/>
      <trkpt lat="39.467634" lon="-120.495550"/>
      <trkpt lat="39.467707" lon="-120.495509"/>
      <trkpt lat="39.467854" lon="-120.495351"/>
      <trkpt lat="39.468038" lon="-120.495166"/>
      <trkpt lat="39.468220" lon="-120.495051"/>
      <trkpt lat="39.468485" lon="-120.494992"/>
      <trkpt lat="39.468701" lon="-120.494863"/>
      <trkpt lat="39.468881" lon="-120.494667"/>
      <trkpt lat="39.469079" lon="-120.494463"/>
      <trkpt lat="39.469206" lon="-120.494281"/>
      <trkpt lat="39.469417" lon="-120.494048"/>
      <trkpt lat="39.469632" lon="-120.493895"/>
      <trkpt lat="39.469850" lon="-120.493820"/>
      <trkpt lat="39.469831" lon="-120.493935"/>
      <trkpt lat="39.469771" lon="-120.494163"/>
      <trkpt lat="39.469680" lon="-120.494426"/>
      <trkpt lat="39.469585" lon="-120.494665"/>
      <trkpt lat="39.469407" lon="-120.494898"/>
      <trkpt lat="39.469344" lon="-120.495037"/>
      <trkpt lat="39.469322" lon="-120.495145"/>
      <trkpt lat="39.469330" lon="-120.495215"/>
      <trkpt lat="39.469371" lon="-120.495239"/>
      <trkpt lat="39.469440" lon="-120.495188"/>
      <trkpt lat="39.469556" lon="-120.495139"/>
      <trkpt lat="39.469703" lon="-120.495137"/>
      <trkpt lat="39.469817" lon="-120.495164"/>
      <trkpt lat="39.469908" lon="-120.495126"/>
      <trkpt lat="39.470030" lon="-120.495126"/>
      <trkpt lat="39.470078" lon="-120.495166"/>
      <trkpt lat="39.470061" lon="-120.495209"/>
      <trkpt lat="39.469937" lon="-120.495322"/>
      <trkpt lat="39.469835" lon="-120.495622"/>
      <trkpt lat="39.469831" lon="-120.495762"/>
      <trkpt lat="39.469761" lon="-120.495882"/>
      <trkpt lat="39.469705" lon="-120.495998"/>
      <trkpt lat="39.469560" lon="-120.496263"/>
      <trkpt lat="39.469380" lon="-120.496574"/>
      <trkpt lat="39.469253" lon="-120.496735"/>
      <trkpt lat="39.469206" lon="-120.496899"/>
      <trkpt lat="39.469177" lon="-120.497274"/>
      <trkpt lat="39.469113" lon="-120.497585"/>
      <trkpt lat="39.469075" lon="-120.497814"/>
      <trkpt lat="39.469270" lon="-120.498355"/>
      <trkpt lat="39.469376" lon="-120.498436"/>
      <trkpt lat="39.469487" lon="-120.498487"/>
      <trkpt lat="39.469558" lon="-120.498570"/>
      <trkpt lat="39.469667" lon="-120.498573"/>
      <trkpt lat="39.469779" lon="-120.498613"/>
      <trkpt lat="39.469885" lon="-120.498731"/>
      <trkpt lat="39.469968" lon="-120.498947"/>
      <trkpt lat="39.470107" lon="-120.499009"/>
      <trkpt lat="39.470209" lon="-120.499030"/>
      <trkpt lat="39.470270" lon="-120.498998"/>
      <trkpt lat="39.470400" lon="-120.498886"/>
      <trkpt lat="39.470518" lon="-120.498869"/>
      <trkpt lat="39.470642" lon="-120.498913"/>
      <trkpt lat="39.470732" lon="-120.498996"/>
      <trkpt lat="39.470826" lon="-120.499067"/>
      <trkpt lat="39.470889" lon="-120.499206"/>
      <trkpt lat="39.470900" lon="-120.499464"/>
      <trkpt lat="39.470865" lon="-120.499700"/>
      <trkpt lat="39.470861" lon="-120.499828"/>
      <trkpt lat="39.470815" lon="-120.500031"/>
      <trkpt lat="39.470818" lon="-120.500136"/>
      <trkpt lat="39.470800" lon="-120.500260"/>
      <trkpt lat="39.470822" lon="-120.500416"/>
      <trkpt lat="39.470810" lon="-120.500552"/>
      <trkpt lat="39.470776" lon="-120.500693"/>
      <trkpt lat="39.470751" lon="-120.500747"/>
      <trkpt lat="39.470648" lon="-120.500808"/>
      <trkpt lat="39.470551" lon="-120.500902"/>
      <trkpt lat="39.470431" lon="-120.501049"/>
      <trkpt lat="39.470361" lon="-120.501266"/>
      <trkpt lat="39.470336" lon="-120.501898"/>
      <trkpt lat="39.470402" lon="-120.502368"/>
      <trkpt lat="39.470639" lon="-120.502805"/>
      <trkpt lat="39.470784" lon="-120.503014"/>
      <trkpt lat="39.470887" lon="-120.503202"/>
      <trkpt lat="39.470924" lon="-120.503336"/>
      <trkpt lat="39.470957" lon="-120.503545"/>
      <trkpt lat="39.470937" lon="-120.503851"/>
      <trkpt lat="39.470970" lon="-120.504200"/>
      <trkpt lat="39.470995" lon="-120.504414"/>
      <trkpt lat="39.471173" lon="-120.504768"/>
      <trkpt lat="39.471189" lon="-120.504876"/>
      <trkpt lat="39.471160" lon="-120.505101"/>
      <trkpt lat="39.471127" lon="-120.505713"/>
      <trkpt lat="39.471090" lon="-120.505933"/>
      <trkpt lat="39.471007" lon="-120.506292"/>
      <trkpt lat="39.471016" lon="-120.506453"/>
      <trkpt lat="39.471057" lon="-120.506769"/>
      <trkpt lat="39.471073" lon="-120.507048"/>
      <trkpt lat="39.471131" lon="-120.507515"/>
      <trkpt lat="39.471185" lon="-120.507896"/>
      <trkpt lat="39.471206" lon="-120.508245"/>
      <trkpt lat="39.471210" lon="-120.508668"/>
      <trkpt lat="39.471198" lon="-120.509080"/>
      <trkpt lat="39.471226" lon="-120.509203"/>
      <trkpt lat="39.471224" lon="-120.509265"/>
      <trkpt lat="39.471200" lon="-120.509360"/>
      <trkpt lat="39.471225" lon="-120.509464"/>
      <trkpt lat="39.471218" lon="-120.509521"/>
      <trkpt lat="39.471218" lon="-120.509590"/>
      <trkpt lat="39.471166" lon="-120.509689"/>
      <trkpt lat="39.471120" lon="-120.509755"/>
      <trkpt lat="39.471047" lon="-120.509942"/>
      <trkpt lat="39.470979" lon="-120.510208"/>
      <trkpt lat="39.470944" lon="-120.510327"/>
      <trkpt lat="39.470895" lon="-120.510407"/>
      <trkpt lat="39.470839" lon="-120.510475"/>
      <trkpt lat="39.470716" lon="-120.510569"/>
      <trkpt lat="39.470629" lon="-120.510626"/>
      <trkpt lat="39.470559" lon="-120.510734"/>
      <trkpt lat="39.470480" lon="-120.510924"/>
      <trkpt lat="39.470451" lon="-120.511078"/>
      <trkpt lat="39.470444" lon="-120.511222"/>
      <trkpt lat="39.470463" lon="-120.511489"/>
      <trkpt lat="39.470456" lon="-120.511569"/>
      <trkpt lat="39.470400" lon="-120.511786"/>
      <trkpt lat="39.470325" lon="-120.511965"/>
      <trkpt lat="39.470294" lon="-120.512073"/>
      <trkpt lat="39.470274" lon="-120.512161"/>
      <trkpt lat="39.470225" lon="-120.512331"/>
      <trkpt lat="39.470191" lon="-120.512481"/>
      <trkpt lat="39.470188" lon="-120.512584"/>
      <trkpt lat="39.470177" lon="-120.512670"/>
      <trkpt lat="39.470068" lon="-120.512917"/>
      <trkpt lat="39.470017" lon="-120.513054"/>
      <trkpt lat="39.469997" lon="-120.513140"/>
      <trkpt lat="39.469988" lon="-120.513303"/>
      <trkpt lat="39.469892" lon="-120.513624"/>
      <trkpt lat="39.469857" lon="-120.513730"/>
      <trkpt lat="39.469844" lon="-120.513810"/>
      <trkpt lat="39.469848" lon="-120.513926"/>
      <trkpt lat="39.469864" lon="-120.514070"/>
      <trkpt lat="39.469877" lon="-120.514247"/>
      <trkpt lat="39.469923" lon="-120.514552"/>
      <trkpt lat="39.469981" lon="-120.514674"/>
      <trkpt lat="39.470097" lon="-120.514840"/>
      <trkpt lat="39.470127" lon="-120.514922"/>
      <trkpt lat="39.470151" lon="-120.515044"/>
      <trkpt lat="39.470156" lon="-120.515158"/>
      <trkpt lat="39.470148" lon="-120.515330"/>
      <trkpt lat="39.470129" lon="-120.515371"/>
      <trkpt lat="39.470109" lon="-120.515380"/>
      <trkpt lat="39.470029" lon="-120.515339"/>
      <trkpt lat="39.470017" lon="-120.515354"/>
      <trkpt lat="39.470030" lon="-120.515383"/>
      <trkpt lat="39.470070" lon="-120.515433"/>
      <trkpt lat="39.470082" lon="-120.515491"/>
      <trkpt lat="39.470086" lon="-120.515615"/>
      <trkpt lat="39.470106" lon="-120.515774"/>
      <trkpt lat="39.470128" lon="-120.515845"/>
      <trkpt lat="39.470163" lon="-120.515896"/>
      <trkpt lat="39.470198" lon="-120.515910"/>
      <trkpt lat="39.470238" lon="-120.515902"/>
      <trkpt lat="39.470265" lon="-120.515953"/>
      <trkpt lat="39.470237" lon="-120.516030"/>
      <trkpt lat="39.470204" lon="-120.516090"/>
      <trkpt lat="39.470175" lon="-120.516169"/>
      <trkpt lat="39.470165" lon="-120.516250"/>
      <trkpt lat="39.470194" lon="-120.516329"/>
      <trkpt lat="39.470236" lon="-120.516469"/>
      <trkpt lat="39.470233" lon="-120.516559"/>
      <trkpt lat="39.470239" lon="-120.516640"/>
      <trkpt lat="39.470244" lon="-120.516803"/>
      <trkpt lat="39.470240" lon="-120.516954"/>
      <trkpt lat="39.470184" lon="-120.517196"/>
      <trkpt lat="39.470145" lon="-120.517279"/>
      <trkpt lat="39.470069" lon="-120.517400"/>
      <trkpt lat="39.470022" lon="-120.517405"/>
      <trkpt lat="39.469980" lon="-120.517396"/>
      <trkpt lat="39.469953" lon="-120.517367"/>
      <trkpt lat="39.469914" lon="-120.517267"/>
      <trkpt lat="39.469876" lon="-120.517037"/>
      <trkpt lat="39.469866" lon="-120.516914"/>
      <trkpt lat="39.469852" lon="-120.516890"/>
      <trkpt lat="39.469828" lon="-120.516889"/>
      <trkpt lat="39.469816" lon="-120.516928"/>
      <trkpt lat="39.469752" lon="-120.517002"/>
      <trkpt lat="39.469589" lon="-120.517312"/>
      <trkpt lat="39.469545" lon="-120.517411"/>
      <trkpt lat="39.469525" lon="-120.517483"/>
      <trkpt lat="39.469516" lon="-120.517618"/>
      <trkpt lat="39.469521" lon="-120.517740"/>
      <trkpt lat="39.469550" lon="-120.517822"/>
      <trkpt lat="39.469591" lon="-120.517899"/>
      <trkpt lat="39.469676" lon="-120.518007"/>
      <trkpt lat="39.469752" lon="-120.518087"/>
      <trkpt lat="39.469853" lon="-120.518120"/>
      <trkpt lat="39.469934" lon="-120.518182"/>
      <trkpt lat="39.470057" lon="-120.518243"/>
      <trkpt lat="39.470190" lon="-120.518268"/>
      <trkpt lat="39.470290" lon="-120.518265"/>
      <trkpt lat="39.470351" lon="-120.518275"/>
      <trkpt lat="39.470617" lon="-120.518340"/>
      <trkpt lat="39.470704" lon="-120.518367"/>
      <trkpt lat="39.470790" lon="-120.518419"/>
      <trkpt lat="39.470864" lon="-120.518498"/>
      <trkpt lat="39.470979" lon="-120.518641"/>
      <trkpt lat="39.471069" lon="-120.518693"/>
      <trkpt lat="39.471330" lon="-120.518776"/>
      <trkpt lat="39.471431" lon="-120.518833"/>
      <trkpt lat="39.471536" lon="-120.518909"/>
      <trkpt lat="39.471642" lon="-120.519008"/>
      <trkpt lat="39.471795" lon="-120.519210"/>
      <trkpt lat="39.471878" lon="-120.519238"/>
      <trkpt lat="39.471997" lon="-120.519309"/>
      <trkpt lat="39.472090" lon="-120.519350"/>
      <trkpt lat="39.472135" lon="-120.519358"/>
      <trkpt lat="39.472211" lon="-120.519410"/>
      <trkpt lat="39.472500" lon="-120.519554"/>
      <trkpt lat="39.472579" lon="-120.519570"/>
      <trkpt lat="39.473369" lon="-120.519510"/>
      <trkpt lat="39.473547" lon="-120.519554"/>
      <trkpt lat="39.473710" lon="-120.519577"/>
      <trkpt lat="39.473928" lon="-120.519530"/>
      <trkpt lat="39.474092" lon="-120.519488"/>
      <trkpt lat="39.474261" lon="-120.519455"/>
      <trkpt lat="39.474413" lon="-120.519444"/>
      <trkpt lat="39.474526" lon="-120.519389"/>
      <trkpt lat="39.474673" lon="-120.519274"/>
      <trkpt lat="39.474764" lon="-120.519215"/>
      <trkpt lat="39.474859" lon="-120.519109"/>
      <trkpt lat="39.474979" lon="-120.518994"/>
      <trkpt lat="39.475125" lon="-120.518893"/>
      <trkpt lat="39.475369" lon="-120.518779"/>
      <trkpt lat="39.475461" lon="-120.518759"/>
      <trkpt lat="39.475593" lon="-120.518767"/>
      <trkpt lat="39.475669" lon="-120.518800"/>
      <trkpt lat="39.475722" lon="-120.518833"/>
      <trkpt lat="39.475839" lon="-120.518920"/>
      <trkpt lat="39.475943" lon="-120.518925"/>
      <trkpt lat="39.476064" lon="-120.518918"/>
      <trkpt lat="39.476173" lon="-120.518870"/>
      <trkpt lat="39.476289" lon="-120.518783"/>
      <trkpt lat="39.476444" lon="-120.518731"/>
      <trkpt lat="39.476571" lon="-120.518626"/>
      <trkpt lat="39.476684" lon="-120.518520"/>
      <trkpt lat="39.476741" lon="-120.518428"/>
      <trkpt lat="39.476805" lon="-120.518398"/>
      <trkpt lat="39.476877" lon="-120.518409"/>
      <trkpt lat="39.477007" lon="-120.518393"/>
      <trkpt lat="39.477169" lon="-120.518390"/>
      <trkpt lat="39.477250" lon="-120.518397"/>
      <trkpt lat="39.477341" lon="-120.518416"/>
      <trkpt lat="39.477420" lon="-120.518511"/>
      <trkpt lat="39.477555" lon="-120.518601"/>
      <trkpt lat="39.477644" lon="-120.518678"/>
      <trkpt lat="39.477668" lon="-120.518736"/>
      <trkpt lat="39.477654" lon="-120.518784"/>
      <trkpt lat="39.477618" lon="-120.518830"/>
      <trkpt lat="39.477404" lon="-120.518969"/>
      <trkpt lat="39.477342" lon="-120.519043"/>
      <trkpt lat="39.477342" lon="-120.519102"/>
      <trkpt lat="39.477405" lon="-120.519143"/>
      <trkpt lat="39.477573" lon="-120.519143"/>
      <trkpt lat="39.477859" lon="-120.519200"/>
      <trkpt lat="39.477967" lon="-120.519250"/>
      <trkpt lat="39.478080" lon="-120.519268"/>
      <trkpt lat="39.478289" lon="-120.519242"/>
      <trkpt lat="39.478408" lon="-120.519275"/>
      <trkpt lat="39.478585" lon="-120.519334"/>
      <trkpt lat="39.478694" lon="-120.519484"/>
      <trkpt lat="39.478832" lon="-120.519769"/>
      <trkpt lat="39.478915" lon="-120.519916"/>
      <trkpt lat="39.478937" lon="-120.519975"/>
      <trkpt lat="39.478999" lon="-120.520022"/>
      <trkpt lat="39.479088" lon="-120.520045"/>
      <trkpt lat="39.479213" lon="-120.520100"/>
      <trkpt lat="39.479293" lon="-120.520165"/>
      <trkpt lat="39.479412" lon="-120.520274"/>
      <trkpt lat="39.479544" lon="-120.520344"/>
      <trkpt lat="39.479633" lon="-120.520379"/>
      <trkpt lat="39.479761" lon="-120.520512"/>
      <trkpt lat="39.479975" lon="-120.520631"/>
      <trkpt lat="39.480129" lon="-120.520708"/>
      <trkpt lat="39.480345" lon="-120.520835"/>
      <trkpt lat="39.480476" lon="-120.520884"/>
      <trkpt lat="39.480677" lon="-120.520870"/>
      <trkpt lat="39.480779" lon="-120.520872"/>
      <trkpt lat="39.480873" lon="-120.520924"/>
      <trkpt lat="39.480971" lon="-120.521015"/>
      <trkpt lat="39.481023" lon="-120.521045"/>
      <trkpt lat="39.481086" lon="-120.521092"/>
      <trkpt lat="39.481200" lon="-120.521202"/>
      <trkpt lat="39.481277" lon="-120.521210"/>
      <trkpt lat="39.481408" lon="-120.521277"/>
      <trkpt lat="39.481618" lon="-120.521411"/>
      <trkpt lat="39.481921" lon="-120.521623"/>
      <trkpt lat="39.482077" lon="-120.521716"/>
      <trkpt lat="39.482160" lon="-120.521755"/>
      <trkpt lat="39.482280" lon="-120.521752"/>
      <trkpt lat="39.482338" lon="-120.521742"/>
      <trkpt lat="39.482440" lon="-120.521771"/>
      <trkpt lat="39.482707" lon="-120.521887"/>
      <trkpt lat="39.482837" lon="-120.521918"/>
      <trkpt lat="39.482914" lon="-120.521944"/>
      <trkpt lat="39.483013" lon="-120.521999"/>
      <trkpt lat="39.483242" lon="-120.522214"/>
      <trkpt lat="39.483435" lon="-120.522352"/>
      <trkpt lat="39.483773" lon="-120.522578"/>
      <trkpt lat="39.483949" lon="-120.522643"/>
      <trkpt lat="39.484279" lon="-120.522826"/>
      <trkpt lat="39.484393" lon="-120.522848"/>
      <trkpt lat="39.484498" lon="-120.522885"/>
      <trkpt lat="39.484650" lon="-120.522952"/>
      <trkpt lat="39.484804" lon="-120.523048"/>
      <trkpt lat="39.484917" lon="-120.523143"/>
      <trkpt lat="39.485036" lon="-120.523253"/>
      <trkpt lat="39.485148" lon="-120.523324"/>
      <trkpt lat="39.485312" lon="-120.523446"/>
      <trkpt lat="39.485444" lon="-120.523566"/>
      <trkpt lat="39.485581" lon="-120.523714"/>
      <trkpt lat="39.485684" lon="-120.523788"/>
      <trkpt lat="39.485871" lon="-120.523875"/>
      <trkpt lat="39.485970" lon="-120.523912"/>
      <trkpt lat="39.486031" lon="-120.523975"/>
      <trkpt lat="39.486111" lon="-120.524007"/>
      <trkpt lat="39.486169" lon="-120.524013"/>
      <trkpt lat="39.486301" lon="-120.523960"/>
      <trkpt lat="39.486367" lon="-120.523965"/>
      <trkpt lat="39.486453" lon="-120.523954"/>
      <trkpt lat="39.486514" lon="-120.523924"/>
      <trkpt lat="39.486567" lon="-120.523861"/>
      <trkpt lat="39.486655" lon="-120.523702"/>
      <trkpt lat="39.486726" lon="-120.523615"/>
      <trkpt lat="39.486806" lon="-120.523590"/>
      <trkpt lat="39.486906" lon="-120.523609"/>
      <trkpt lat="39.487048" lon="-120.523668"/>
      <trkpt lat="39.487209" lon="-120.523798"/>
      <trkpt lat="39.487484" lon="-120.524127"/>
      <trkpt lat="39.487642" lon="-120.524292"/>
      <trkpt lat="39.487741" lon="-120.524420"/>
      <trkpt lat="39.487854" lon="-120.524631"/>
      <trkpt lat="39.487939" lon="-120.524832"/>
      <trkpt lat="39.488111" lon="-120.525318"/>
      <trkpt lat="39.488314" lon="-120.525582"/>
      <trkpt lat="39.488749" lon="-120.525966"/>
      <trkpt lat="39.488851" lon="-120.526025"/>
      <trkpt lat="39.489010" lon="-120.526097"/>
      <trkpt lat="39.489436" lon="-120.526304"/>
      <trkpt lat="39.489594" lon="-120.526400"/>
      <trkpt lat="39.489735" lon="-120.526524"/>
      <trkpt lat="39.490089" lon="-120.526661"/>
      <trkpt lat="39.490289" lon="-120.526728"/>
      <trkpt lat="39.490455" lon="-120.526768"/>
      <trkpt lat="39.490602" lon="-120.526690"/>
      <trkpt lat="39.490812" lon="-120.526562"/>
      <trkpt lat="39.490933" lon="-120.526505"/>
      <trkpt lat="39.491260" lon="-120.526551"/>
      <trkpt lat="39.491451" lon="-120.526537"/>
      <trkpt lat="39.491693" lon="-120.526449"/>
      <trkpt lat="39.491894" lon="-120.526430"/>
      <trkpt lat="39.492053" lon="-120.526497"/>
      <trkpt lat="39.492241" lon="-120.526720"/>
      <trkpt lat="39.492372" lon="-120.526773"/>
      <trkpt lat="39.492597" lon="-120.526795"/>
      <trkpt lat="39.492726" lon="-120.526795"/>
      <trkpt lat="39.492862" lon="-120.526905"/>
      <trkpt lat="39.492955" lon="-120.526956"/>
      <trkpt lat="39.493075" lon="-120.526923"/>
      <trkpt lat="39.493266" lon="-120.526985"/>
      <trkpt lat="39.493597" lon="-120.527017"/>
      <trkpt lat="39.493812" lon="-120.527034"/>
      <trkpt lat="39.494034" lon="-120.527162"/>
      <trkpt lat="39.494388" lon="-120.527377"/>
      <trkpt lat="39.494564" lon="-120.527425"/>
      <trkpt lat="39.494686" lon="-120.527430"/>
      <trkpt lat="39.494816" lon="-120.527460"/>
      <trkpt lat="39.494905" lon="-120.527492"/>
      <trkpt lat="39.495011" lon="-120.527514"/>
      <trkpt lat="39.495170" lon="-120.527578"/>
      <trkpt lat="39.495336" lon="-120.527669"/>
      <trkpt lat="39.495495" lon="-120.527750"/>
      <trkpt lat="39.495613" lon="-120.527835"/>
      <trkpt lat="39.495806" lon="-120.527940"/>
      <trkpt lat="39.495992" lon="-120.528023"/>
      <trkpt lat="39.496190" lon="-120.528152"/>
      <trkpt lat="39.496346" lon="-120.528243"/>
      <trkpt lat="39.496484" lon="-120.528310"/>
      <trkpt lat="39.496749" lon="-120.528471"/>
      <trkpt lat="39.497060" lon="-120.528683"/>
      <trkpt lat="39.497192" lon="-120.528823"/>
      <trkpt lat="39.497542" lon="-120.528994"/>
      <trkpt lat="39.497824" lon="-120.529219"/>
      <trkpt lat="39.498089" lon="-120.529316"/>
      <trkpt lat="39.498339" lon="-120.529455"/>
      <trkpt lat="39.498639" lon="-120.529635"/>
      <trkpt lat="39.498900" lon="-120.529764"/>
      <trkpt lat="39.499051" lon="-120.529855"/>
      <trkpt lat="39.499231" lon="-120.529981"/>
      <trkpt lat="39.499502" lon="-120.530008"/>
      <trkpt lat="39.500046" lon="-120.530008"/>
      <trkpt lat="39.500435" lon="-120.530000"/>
      <trkpt lat="39.500539" lon="-120.529962"/>
      <trkpt lat="39.500918" lon="-120.529633"/>
      <trkpt lat="39.501257" lon="-120.529248"/>
      <trkpt lat="39.501408" lon="-120.529172"/>
      <trkpt lat="39.501530" lon="-120.529032"/>
      <trkpt lat="39.501576" lon="-120.528906"/>
      <trkpt lat="39.501634" lon="-120.528726"/>
      <trkpt lat="39.501688" lon="-120.528619"/>
      <trkpt lat="39.501801" lon="-120.528527"/>
      <trkpt lat="39.501919" lon="-120.528466"/>
      <trkpt lat="39.502020" lon="-120.528371"/>
      <trkpt lat="39.502103" lon="-120.528282"/>
      <trkpt lat="39.502222" lon="-120.528127"/>
    </trkseg>
    <trkseg>
      <trkpt lat="39.502222" lon="-120.528127"/>
      <trkpt lat="39.502240" lon="-120.528074"/>
      <trkpt lat="39.502304" lon="-120.527909"/>
    </trkseg>
    <trkseg>
      <trkpt lat="39.502304" lon="-120.527909"/>
      <trkpt lat="39.502382" lon="-120.527814"/>
      <trkpt lat="39.502457" lon="-120.527742"/>
      <trkpt lat="39.502547" lon="-120.527693"/>
      <trkpt lat="39.502672" lon="-120.527636"/>
    </trkseg>
    <trkseg>
      <trkpt lat="39.502672" lon="-120.527636"/>
      <trkpt lat="39.502824" lon="-120.527564"/>
    </trkseg>
    <trkseg>
      <trkpt lat="39.502824" lon="-120.527564"/>
      <trkpt lat="39.502999" lon="-120.527465"/>
      <trkpt lat="39.503164" lon="-120.527369"/>
      <trkpt lat="39.503293" lon="-120.527302"/>
      <trkpt lat="39.503445" lon="-120.527231"/>
      <trkpt lat="39.503592" lon="-120.527184"/>
      <trkpt lat="39.503685" lon="-120.527162"/>
      <trkpt lat="39.503761" lon="-120.527141"/>
      <trkpt lat="39.503865" lon="-120.527127"/>
      <trkpt lat="39.503960" lon="-120.527127"/>
      <trkpt lat="39.504075" lon="-120.527134"/>
      <trkpt lat="39.504123" lon="-120.527149"/>
    </trkseg>
    <trkseg>
      <trkpt lat="39.504123" lon="-120.527149"/>
      <trkpt lat="39.504279" lon="-120.527079"/>
      <trkpt lat="39.504393" lon="-120.527141"/>
      <trkpt lat="39.504612" lon="-120.527345"/>
      <trkpt lat="39.504775" lon="-120.527476"/>
      <trkpt lat="39.504912" lon="-120.527615"/>
      <trkpt lat="39.505086" lon="-120.527771"/>
      <trkpt lat="39.505222" lon="-120.528031"/>
      <trkpt lat="39.505266" lon="-120.528278"/>
      <trkpt lat="39.505367" lon="-120.528493"/>
      <trkpt lat="39.505748" lon="-120.529043"/>
      <trkpt lat="39.505829" lon="-120.529262"/>
      <trkpt lat="39.505875" lon="-120.529395"/>
      <trkpt lat="39.505919" lon="-120.529453"/>
      <trkpt lat="39.505958" lon="-120.529512"/>
      <trkpt lat="39.506050" lon="-120.529697"/>
      <trkpt lat="39.506085" lon="-120.529795"/>
      <trkpt lat="39.506491" lon="-120.530279"/>
      <trkpt lat="39.506777" lon="-120.530579"/>
      <trkpt lat="39.507087" lon="-120.530990"/>
      <trkpt lat="39.507352" lon="-120.531108"/>
      <trkpt lat="39.507563" lon="-120.531183"/>
      <trkpt lat="39.507811" lon="-120.531317"/>
      <trkpt lat="39.508188" lon="-120.531537"/>
      <trkpt lat="39.508577" lon="-120.531768"/>
      <trkpt lat="39.509038" lon="-120.532235"/>
      <trkpt lat="39.509078" lon="-120.532422"/>
      <trkpt lat="39.509067" lon="-120.532485"/>
      <trkpt lat="39.509036" lon="-120.532653"/>
      <trkpt lat="39.509077" lon="-120.532862"/>
      <trkpt lat="39.509425" lon="-120.533302"/>
      <trkpt lat="39.509513" lon="-120.533452"/>
      <trkpt lat="39.509693" lon="-120.533717"/>
      <trkpt lat="39.509882" lon="-120.534328"/>
      <trkpt lat="39.510157" lon="-120.534722"/>
      <trkpt lat="39.510195" lon="-120.534847"/>
      <trkpt lat="39.510249" lon="-120.534949"/>
      <trkpt lat="39.510557" lon="-120.535347"/>
      <trkpt lat="39.510833" lon="-120.535737"/>
      <trkpt lat="39.510944" lon="-120.535839"/>
      <trkpt lat="39.511060" lon="-120.535904"/>
      <trkpt lat="39.511122" lon="-120.536006"/>
      <trkpt lat="39.511139" lon="-120.536236"/>
      <trkpt lat="39.511081" lon="-120.536440"/>
      <trkpt lat="39.511052" lon="-120.536617"/>
      <trkpt lat="39.511056" lon="-120.536767"/>
      <trkpt lat="39.511122" lon="-120.536891"/>
      <trkpt lat="39.511222" lon="-120.536955"/>
      <trkpt lat="39.511333" lon="-120.537041"/>
      <trkpt lat="39.511433" lon="-120.537143"/>
      <trkpt lat="39.511457" lon="-120.537368"/>
      <trkpt lat="39.511540" lon="-120.537652"/>
      <trkpt lat="39.511615" lon="-120.537904"/>
      <trkpt lat="39.511809" lon="-120.538060"/>
      <trkpt lat="39.511888" lon="-120.538198"/>
      <trkpt lat="39.511873" lon="-120.538355"/>
      <trkpt lat="39.511965" lon="-120.538472"/>
      <trkpt lat="39.512038" lon="-120.538747"/>
      <trkpt lat="39.512434" lon="-120.539353"/>
      <trkpt lat="39.512753" lon="-120.539911"/>
      <trkpt lat="39.512927" lon="-120.540174"/>
      <trkpt lat="39.513088" lon="-120.540410"/>
      <trkpt lat="39.513303" lon="-120.540580"/>
      <trkpt lat="39.513519" lon="-120.540796"/>
      <trkpt lat="39.513771" lon="-120.541032"/>
      <trkpt lat="39.513920" lon="-120.541139"/>
      <trkpt lat="39.513936" lon="-120.541198"/>
      <trkpt lat="39.513816" lon="-120.541214"/>
      <trkpt lat="39.513730" lon="-120.541263"/>
      <trkpt lat="39.513630" lon="-120.541456"/>
      <trkpt lat="39.513643" lon="-120.541729"/>
      <trkpt lat="39.513697" lon="-120.542051"/>
      <trkpt lat="39.513746" lon="-120.542175"/>
      <trkpt lat="39.513763" lon="-120.542362"/>
      <trkpt lat="39.513829" lon="-120.542545"/>
      <trkpt lat="39.513978" lon="-120.542660"/>
      <trkpt lat="39.514233" lon="-120.542812"/>
      <trkpt lat="39.514498" lon="-120.542878"/>
      <trkpt lat="39.514686" lon="-120.543162"/>
      <trkpt lat="39.514830" lon="-120.543328"/>
      <trkpt lat="39.514924" lon="-120.543462"/>
      <trkpt lat="39.515043" lon="-120.543558"/>
      <trkpt lat="39.515215" lon="-120.543725"/>
      <trkpt lat="39.515323" lon="-120.543891"/>
      <trkpt lat="39.515472" lon="-120.544068"/>
      <trkpt lat="39.515652" lon="-120.544151"/>
      <trkpt lat="39.515774" lon="-120.544304"/>
      <trkpt lat="39.515819" lon="-120.544433"/>
      <trkpt lat="39.515886" lon="-120.544543"/>
      <trkpt lat="39.515940" lon="-120.544666"/>
      <trkpt lat="39.515962" lon="-120.544830"/>
      <trkpt lat="39.515977" lon="-120.544937"/>
      <trkpt lat="39.516020" lon="-120.545020"/>
      <trkpt lat="39.516085" lon="-120.545100"/>
      <trkpt lat="39.516146" lon="-120.545144"/>
      <trkpt lat="39.516208" lon="-120.545270"/>
      <trkpt lat="39.516192" lon="-120.545313"/>
      <trkpt lat="39.516146" lon="-120.545307"/>
      <trkpt lat="39.516012" lon="-120.545323"/>
      <trkpt lat="39.515964" lon="-120.545409"/>
      <trkpt lat="39.515931" lon="-120.545460"/>
      <trkpt lat="39.515919" lon="-120.545573"/>
      <trkpt lat="39.515843" lon="-120.545673"/>
      <trkpt lat="39.515752" lon="-120.545793"/>
      <trkpt lat="39.515695" lon="-120.545828"/>
      <trkpt lat="39.515675" lon="-120.545895"/>
      <trkpt lat="39.515722" lon="-120.545911"/>
      <trkpt lat="39.515861" lon="-120.545922"/>
      <trkpt lat="39.516050" lon="-120.545925"/>
      <trkpt lat="39.516126" lon="-120.545997"/>
      <trkpt lat="39.516231" lon="-120.546142"/>
      <trkpt lat="39.516267" lon="-120.546190"/>
      <trkpt lat="39.516252" lon="-120.546260"/>
      <trkpt lat="39.516194" lon="-120.546289"/>
      <trkpt lat="39.516151" lon="-120.546332"/>
      <trkpt lat="39.516153" lon="-120.546372"/>
      <trkpt lat="39.516287" lon="-120.546378"/>
      <trkpt lat="39.516368" lon="-120.546383"/>
      <trkpt lat="39.516375" lon="-120.546423"/>
      <trkpt lat="39.516287" lon="-120.546440"/>
      <trkpt lat="39.516256" lon="-120.546474"/>
      <trkpt lat="39.516256" lon="-120.546531"/>
      <trkpt lat="39.516282" lon="-120.546557"/>
      <trkpt lat="39.516440" lon="-120.546582"/>
      <trkpt lat="39.516637" lon="-120.546840"/>
      <trkpt lat="39.516701" lon="-120.546938"/>
      <trkpt lat="39.516734" lon="-120.547016"/>
      <trkpt lat="39.516732" lon="-120.547118"/>
      <trkpt lat="39.516620" lon="-120.547268"/>
      <trkpt lat="39.516602" lon="-120.547349"/>
      <trkpt lat="39.516612" lon="-120.547421"/>
      <trkpt lat="39.516660" lon="-120.547467"/>
      <trkpt lat="39.516765" lon="-120.547475"/>
      <trkpt lat="39.516925" lon="-120.547593"/>
      <trkpt lat="39.516982" lon="-120.547593"/>
      <trkpt lat="39.517055" lon="-120.547558"/>
      <trkpt lat="39.517086" lon="-120.547582"/>
      <trkpt lat="39.517001" lon="-120.547711"/>
      <trkpt lat="39.516941" lon="-120.547762"/>
      <trkpt lat="39.516856" lon="-120.547786"/>
      <trkpt lat="39.516840" lon="-120.547834"/>
      <trkpt lat="39.516915" lon="-120.547847"/>
      <trkpt lat="39.517044" lon="-120.547842"/>
      <trkpt lat="39.517218" lon="-120.547788"/>
      <trkpt lat="39.517250" lon="-120.547657"/>
      <trkpt lat="39.517225" lon="-120.547555"/>
      <trkpt lat="39.517258" lon="-120.547531"/>
      <trkpt lat="39.517324" lon="-120.547547"/>
      <trkpt lat="39.517402" lon="-120.547619"/>
      <trkpt lat="39.517611" lon="-120.547845"/>
      <trkpt lat="39.517746" lon="-120.547898"/>
      <trkpt lat="39.517905" lon="-120.548075"/>
      <trkpt lat="39.517975" lon="-120.548237"/>
      <trkpt lat="39.518223" lon="-120.548477"/>
      <trkpt lat="39.518288" lon="-120.548633"/>
      <trkpt lat="39.518356" lon="-120.548722"/>
      <trkpt lat="39.518437" lon="-120.548751"/>
      <trkpt lat="39.518590" lon="-120.548767"/>
      <trkpt lat="39.518807" lon="-120.548858"/>
      <trkpt lat="39.518989" lon="-120.548926"/>
      <trkpt lat="39.519064" lon="-120.549009"/>
      <trkpt lat="39.519130" lon="-120.549205"/>
      <trkpt lat="39.519151" lon="-120.549368"/>
      <trkpt lat="39.519242" lon="-120.549497"/>
      <trkpt lat="39.519368" lon="-120.549508"/>
      <trkpt lat="39.519455" lon="-120.549607"/>
      <trkpt lat="39.519521" lon="-120.549803"/>
      <trkpt lat="39.519567" lon="-120.549972"/>
      <trkpt lat="39.519680" lon="-120.550184"/>
      <trkpt lat="39.519796" lon="-120.550339"/>
      <trkpt lat="39.519932" lon="-120.550497"/>
      <trkpt lat="39.519979" lon="-120.550637"/>
      <trkpt lat="39.520145" lon="-120.550895"/>
      <trkpt lat="39.520235" lon="-120.551074"/>
      <trkpt lat="39.520566" lon="-120.551423"/>
      <trkpt lat="39.520756" lon="-120.551514"/>
      <trkpt lat="39.520885" lon="-120.551627"/>
      <trkpt lat="39.521154" lon="-120.551761"/>
      <trkpt lat="39.521238" lon="-120.551857"/>
      <trkpt lat="39.521696" lon="-120.552222"/>
      <trkpt lat="39.522002" lon="-120.552490"/>
      <trkpt lat="39.522218" lon="-120.552747"/>
      <trkpt lat="39.522453" lon="-120.553048"/>
      <trkpt lat="39.522630" lon="-120.553393"/>
      <trkpt lat="39.522932" lon="-120.553687"/>
      <trkpt lat="39.522983" lon="-120.553794"/>
      <trkpt lat="39.523012" lon="-120.553998"/>
      <trkpt lat="39.522941" lon="-120.554180"/>
      <trkpt lat="39.522875" lon="-120.554309"/>
      <trkpt lat="39.522776" lon="-120.554695"/>
      <trkpt lat="39.522714" lon="-120.554920"/>
      <trkpt lat="39.522635" lon="-120.555355"/>
      <trkpt lat="39.522675" lon="-120.555543"/>
      <trkpt lat="39.522935" lon="-120.555840"/>
      <trkpt lat="39.523007" lon="-120.556095"/>
      <trkpt lat="39.523143" lon="-120.556173"/>
      <trkpt lat="39.523157" lon="-120.556360"/>
      <trkpt lat="39.523235" lon="-120.556530"/>
      <trkpt lat="39.523252" lon="-120.556712"/>
      <trkpt lat="39.523243" lon="-120.556819"/>
      <trkpt lat="39.523165" lon="-120.556894"/>
      <trkpt lat="39.523065" lon="-120.556894"/>
      <trkpt lat="39.522892" lon="-120.556980"/>
      <trkpt lat="39.522780" lon="-120.557083"/>
      <trkpt lat="39.522585" lon="-120.557352"/>
      <trkpt lat="39.522536" lon="-120.557576"/>
      <trkpt lat="39.522445" lon="-120.557758"/>
      <trkpt lat="39.522254" lon="-120.558112"/>
      <trkpt lat="39.522138" lon="-120.558236"/>
    </trkseg>
    <trkseg>
      <trkpt lat="39.522138" lon="-120.558236"/>
      <trkpt lat="39.521944" lon="-120.558198"/>
      <trkpt lat="39.521754" lon="-120.558091"/>
      <trkpt lat="39.521625" lon="-120.558096"/>
    </trkseg>
    <trkseg>
      <trkpt lat="39.521625" lon="-120.558096"/>
      <trkpt lat="39.521548" lon="-120.558177"/>
      <trkpt lat="39.521479" lon="-120.558313"/>
      <trkpt lat="39.521425" lon="-120.558493"/>
      <trkpt lat="39.521389" lon="-120.558705"/>
      <trkpt lat="39.521423" lon="-120.559067"/>
      <trkpt lat="39.521419" lon="-120.559209"/>
      <trkpt lat="39.521358" lon="-120.559292"/>
      <trkpt lat="39.521392" lon="-120.559605"/>
      <trkpt lat="39.521543" lon="-120.559893"/>
      <trkpt lat="39.521696" lon="-120.560108"/>
      <trkpt lat="39.522027" lon="-120.560381"/>
      <trkpt lat="39.522513" lon="-120.560878"/>
      <trkpt lat="39.522532" lon="-120.560939"/>
      <trkpt lat="39.522511" lon="-120.560998"/>
      <trkpt lat="39.522436" lon="-120.561170"/>
      <trkpt lat="39.522428" lon="-120.561293"/>
      <trkpt lat="39.522490" lon="-120.561449"/>
      <trkpt lat="39.522610" lon="-120.561545"/>
      <trkpt lat="39.522763" lon="-120.561524"/>
      <trkpt lat="39.522879" lon="-120.561524"/>
      <trkpt lat="39.522929" lon="-120.561567"/>
      <trkpt lat="39.522991" lon="-120.561765"/>
      <trkpt lat="39.523137" lon="-120.562010"/>
      <trkpt lat="39.523440" lon="-120.562337"/>
      <trkpt lat="39.523607" lon="-120.562473"/>
      <trkpt lat="39.523864" lon="-120.562495"/>
      <trkpt lat="39.523997" lon="-120.562506"/>
      <trkpt lat="39.524133" lon="-120.562559"/>
      <trkpt lat="39.524278" lon="-120.562677"/>
      <trkpt lat="39.524414" lon="-120.562929"/>
      <trkpt lat="39.524534" lon="-120.563278"/>
      <trkpt lat="39.524560" lon="-120.563705"/>
      <trkpt lat="39.524683" lon="-120.564040"/>
      <trkpt lat="39.524894" lon="-120.564405"/>
      <trkpt lat="39.525015" lon="-120.564580"/>
      <trkpt lat="39.525222" lon="-120.564812"/>
      <trkpt lat="39.525503" lon="-120.565049"/>
      <trkpt lat="39.525715" lon="-120.565273"/>
      <trkpt lat="39.525834" lon="-120.565392"/>
      <trkpt lat="39.525999" lon="-120.565461"/>
      <trkpt lat="39.526144" lon="-120.565456"/>
      <trkpt lat="39.526305" lon="-120.565456"/>
      <trkpt lat="39.526438" lon="-120.565472"/>
      <trkpt lat="39.526624" lon="-120.565590"/>
      <trkpt lat="39.526715" lon="-120.565665"/>
      <trkpt lat="39.526822" lon="-120.565667"/>
      <trkpt lat="39.526905" lon="-120.565649"/>
      <trkpt lat="39.526959" lon="-120.565547"/>
      <trkpt lat="39.526972" lon="-120.565419"/>
      <trkpt lat="39.527079" lon="-120.565311"/>
      <trkpt lat="39.527174" lon="-120.565306"/>
      <trkpt lat="39.527294" lon="-120.565349"/>
      <trkpt lat="39.527352" lon="-120.565386"/>
      <trkpt lat="39.527369" lon="-120.565456"/>
      <trkpt lat="39.527336" lon="-120.565671"/>
      <trkpt lat="39.527348" lon="-120.565939"/>
      <trkpt lat="39.527443" lon="-120.566283"/>
      <trkpt lat="39.527518" lon="-120.566408"/>
      <trkpt lat="39.527584" lon="-120.566457"/>
      <trkpt lat="39.527727" lon="-120.566513"/>
      <trkpt lat="39.527735" lon="-120.566607"/>
      <trkpt lat="39.527660" lon="-120.566673"/>
      <trkpt lat="39.527528" lon="-120.566682"/>
      <trkpt lat="39.527439" lon="-120.566773"/>
      <trkpt lat="39.527336" lon="-120.566910"/>
      <trkpt lat="39.527209" lon="-120.567095"/>
      <trkpt lat="39.527102" lon="-120.567288"/>
      <trkpt lat="39.526936" lon="-120.567487"/>
      <trkpt lat="39.526802" lon="-120.567712"/>
      <trkpt lat="39.526618" lon="-120.567948"/>
      <trkpt lat="39.526506" lon="-120.568205"/>
      <trkpt lat="39.526450" lon="-120.568412"/>
      <trkpt lat="39.526415" lon="-120.568621"/>
      <trkpt lat="39.526413" lon="-120.568845"/>
      <trkpt lat="39.526444" lon="-120.568852"/>
      <trkpt lat="39.526525" lon="-120.568704"/>
      <trkpt lat="39.526595" lon="-120.568618"/>
      <trkpt lat="39.526655" lon="-120.568567"/>
      <trkpt lat="39.526908" lon="-120.568493"/>
      <trkpt lat="39.526972" lon="-120.568439"/>
      <trkpt lat="39.526996" lon="-120.568297"/>
      <trkpt lat="39.527034" lon="-120.568264"/>
      <trkpt lat="39.527071" lon="-120.568291"/>
      <trkpt lat="39.527083" lon="-120.568364"/>
      <trkpt lat="39.527220" lon="-120.568562"/>
      <trkpt lat="39.527455" lon="-120.568782"/>
      <trkpt lat="39.527621" lon="-120.568989"/>
      <trkpt lat="39.527872" lon="-120.569372"/>
      <trkpt lat="39.527994" lon="-120.569589"/>
      <trkpt lat="39.528070" lon="-120.569807"/>
      <trkpt lat="39.528175" lon="-120.570022"/>
      <trkpt lat="39.528269" lon="-120.570161"/>
      <trkpt lat="39.528387" lon="-120.570268"/>
      <trkpt lat="39.528463" lon="-120.570367"/>
      <trkpt lat="39.528517" lon="-120.570509"/>
      <trkpt lat="39.528534" lon="-120.570697"/>
      <trkpt lat="39.528593" lon="-120.570861"/>
      <trkpt lat="39.528675" lon="-120.571007"/>
      <trkpt lat="39.528860" lon="-120.571215"/>
      <trkpt lat="39.529009" lon="-120.571320"/>
      <trkpt lat="39.529119" lon="-120.571384"/>
      <trkpt lat="39.529202" lon="-120.571389"/>
      <trkpt lat="39.529289" lon="-120.571416"/>
      <trkpt lat="39.529330" lon="-120.571454"/>
      <trkpt lat="39.529355" lon="-120.571513"/>
      <trkpt lat="39.529347" lon="-120.571590"/>
      <trkpt lat="39.529258" lon="-120.571716"/>
      <trkpt lat="39.529222" lon="-120.571843"/>
      <trkpt lat="39.529241" lon="-120.572135"/>
      <trkpt lat="39.529227" lon="-120.572357"/>
      <trkpt lat="39.529181" lon="-120.572677"/>
      <trkpt lat="39.529204" lon="-120.572854"/>
      <trkpt lat="39.529293" lon="-120.573036"/>
      <trkpt lat="39.529454" lon="-120.573178"/>
      <trkpt lat="39.529578" lon="-120.573291"/>
      <trkpt lat="39.529676" lon="-120.573328"/>
      <trkpt lat="39.529814" lon="-120.573323"/>
      <trkpt lat="39.529922" lon="-120.573296"/>
      <trkpt lat="39.530064" lon="-120.573285"/>
      <trkpt lat="39.530168" lon="-120.573318"/>
      <trkpt lat="39.530252" lon="-120.573375"/>
      <trkpt lat="39.530397" lon="-120.573478"/>
      <trkpt lat="39.530518" lon="-120.573505"/>
      <trkpt lat="39.530668" lon="-120.573540"/>
      <trkpt lat="39.530840" lon="-120.573615"/>
      <trkpt lat="39.530995" lon="-120.573766"/>
      <trkpt lat="39.531138" lon="-120.573890"/>
      <trkpt lat="39.531198" lon="-120.573951"/>
      <trkpt lat="39.531306" lon="-120.573986"/>
      <trkpt lat="39.531419" lon="-120.573994"/>
      <trkpt lat="39.531624" lon="-120.574061"/>
      <trkpt lat="39.531846" lon="-120.574061"/>
      <trkpt lat="39.532218" lon="-120.574071"/>
      <trkpt lat="39.532363" lon="-120.574077"/>
      <trkpt lat="39.532603" lon="-120.573983"/>
      <trkpt lat="39.532909" lon="-120.573750"/>
      <trkpt lat="39.533043" lon="-120.573723"/>
      <trkpt lat="39.533099" lon="-120.573690"/>
      <trkpt lat="39.533141" lon="-120.573656"/>
      <trkpt lat="39.533126" lon="-120.573629"/>
      <trkpt lat="39.533060" lon="-120.573637"/>
      <trkpt lat="39.532899" lon="-120.573637"/>
      <trkpt lat="39.532743" lon="-120.573632"/>
      <trkpt lat="39.532650" lon="-120.573690"/>
      <trkpt lat="39.532561" lon="-120.573744"/>
      <trkpt lat="39.532470" lon="-120.573779"/>
      <trkpt lat="39.532423" lon="-120.573782"/>
      <trkpt lat="39.532428" lon="-120.573743"/>
      <trkpt lat="39.532787" lon="-120.573475"/>
      <trkpt lat="39.532927" lon="-120.573390"/>
      <trkpt lat="39.533074" lon="-120.573334"/>
      <trkpt lat="39.533252" lon="-120.573245"/>
      <trkpt lat="39.533228" lon="-120.573224"/>
      <trkpt lat="39.532990" lon="-120.573220"/>
      <trkpt lat="39.532398" lon="-120.573412"/>
      <trkpt lat="39.532292" lon="-120.573457"/>
      <trkpt lat="39.532102" lon="-120.573473"/>
      <trkpt lat="39.531972" lon="-120.573430"/>
      <trkpt lat="39.531777" lon="-120.573302"/>
      <trkpt lat="39.531722" lon="-120.573240"/>
      <trkpt lat="39.531593" lon="-120.572862"/>
      <trkpt lat="39.531564" lon="-120.572762"/>
      <trkpt lat="39.531515" lon="-120.572618"/>
      <trkpt lat="39.531484" lon="-120.572475"/>
      <trkpt lat="39.531486" lon="-120.572349"/>
      <trkpt lat="39.531504" lon="-120.572299"/>
      <trkpt lat="39.531535" lon="-120.572300"/>
      <trkpt lat="39.531543" lon="-120.572437"/>
      <trkpt lat="39.531710" lon="-120.572767"/>
      <trkpt lat="39.531875" lon="-120.572969"/>
      <trkpt lat="39.532018" lon="-120.573100"/>
      <trkpt lat="39.532102" lon="-120.573127"/>
      <trkpt lat="39.532175" lon="-120.573127"/>
      <trkpt lat="39.532239" lon="-120.573106"/>
      <trkpt lat="39.532582" lon="-120.572832"/>
      <trkpt lat="39.532681" lon="-120.572704"/>
      <trkpt lat="39.532783" lon="-120.572639"/>
      <trkpt lat="39.532946" lon="-120.572599"/>
      <trkpt lat="39.533068" lon="-120.572591"/>
      <trkpt lat="39.533288" lon="-120.572599"/>
      <trkpt lat="39.533490" lon="-120.572623"/>
      <trkpt lat="39.533658" lon="-120.572634"/>
      <trkpt lat="39.533720" lon="-120.572607"/>
      <trkpt lat="39.533842" lon="-120.572655"/>
      <trkpt lat="39.533847" lon="-120.572632"/>
      <trkpt lat="39.533800" lon="-120.572600"/>
      <trkpt lat="39.533610" lon="-120.572521"/>
      <trkpt lat="39.533327" lon="-120.572390"/>
      <trkpt lat="39.532863" lon="-120.572269"/>
      <trkpt lat="39.532626" lon="-120.572181"/>
      <trkpt lat="39.532466" lon="-120.572001"/>
      <trkpt lat="39.532346" lon="-120.571955"/>
      <trkpt lat="39.532299" lon="-120.571880"/>
      <trkpt lat="39.532328" lon="-120.571794"/>
      <trkpt lat="39.532346" lon="-120.571620"/>
      <trkpt lat="39.532317" lon="-120.571499"/>
      <trkpt lat="39.532288" lon="-120.571373"/>
      <trkpt lat="39.532373" lon="-120.571142"/>
      <trkpt lat="39.532443" lon="-120.571008"/>
      <trkpt lat="39.532590" lon="-120.570558"/>
      <trkpt lat="39.532663" lon="-120.570279"/>
      <trkpt lat="39.532685" lon="-120.570241"/>
      <trkpt lat="39.532723" lon="-120.570252"/>
      <trkpt lat="39.532735" lon="-120.570302"/>
      <trkpt lat="39.532669" lon="-120.570577"/>
      <trkpt lat="39.532654" lon="-120.570662"/>
      <trkpt lat="39.532685" lon="-120.570667"/>
      <trkpt lat="39.532774" lon="-120.570571"/>
      <trkpt lat="39.532907" lon="-120.570359"/>
      <trkpt lat="39.532940" lon="-120.570265"/>
      <trkpt lat="39.532990" lon="-120.570302"/>
      <trkpt lat="39.532961" lon="-120.570399"/>
      <trkpt lat="39.532905" lon="-120.570499"/>
      <trkpt lat="39.532938" lon="-120.570547"/>
      <trkpt lat="39.533012" lon="-120.570442"/>
      <trkpt lat="39.533126" lon="-120.570416"/>
      <trkpt lat="39.533209" lon="-120.570378"/>
      <trkpt lat="39.533333" lon="-120.570236"/>
      <trkpt lat="39.533723" lon="-120.570000"/>
      <trkpt lat="39.533765" lon="-120.569911"/>
      <trkpt lat="39.533761" lon="-120.569839"/>
      <trkpt lat="39.533742" lon="-120.569785"/>
      <trkpt lat="39.533637" lon="-120.569673"/>
      <trkpt lat="39.533482" lon="-120.569520"/>
      <trkpt lat="39.533360" lon="-120.569415"/>
      <trkpt lat="39.533205" lon="-120.569332"/>
      <trkpt lat="39.533062" lon="-120.569211"/>
      <trkpt lat="39.532903" lon="-120.569061"/>
      <trkpt lat="39.532810" lon="-120.568956"/>
      <trkpt lat="39.532657" lon="-120.568863"/>
      <trkpt lat="39.532601" lon="-120.568787"/>
      <trkpt lat="39.532601" lon="-120.568707"/>
      <trkpt lat="39.532638" lon="-120.568616"/>
      <trkpt lat="39.532673" lon="-120.568463"/>
      <trkpt lat="39.532663" lon="-120.568315"/>
      <trkpt lat="39.532654" lon="-120.568146"/>
      <trkpt lat="39.532673" lon="-120.568058"/>
      <trkpt lat="39.532729" lon="-120.567988"/>
      <trkpt lat="39.532837" lon="-120.567961"/>
      <trkpt lat="39.533312" lon="-120.567964"/>
      <trkpt lat="39.533418" lon="-120.567916"/>
      <trkpt lat="39.533527" lon="-120.567884"/>
      <trkpt lat="39.533645" lon="-120.567776"/>
      <trkpt lat="39.533726" lon="-120.567658"/>
      <trkpt lat="39.533798" lon="-120.567581"/>
      <trkpt lat="39.533902" lon="-120.567511"/>
      <trkpt lat="39.534036" lon="-120.567487"/>
      <trkpt lat="39.534115" lon="-120.567401"/>
      <trkpt lat="39.534222" lon="-120.567326"/>
      <trkpt lat="39.534334" lon="-120.567261"/>
      <trkpt lat="39.534489" lon="-120.567277"/>
      <trkpt lat="39.534597" lon="-120.567294"/>
      <trkpt lat="39.534868" lon="-120.567095"/>
      <trkpt lat="39.534963" lon="-120.566923"/>
      <trkpt lat="39.535060" lon="-120.566789"/>
      <trkpt lat="39.535160" lon="-120.566709"/>
      <trkpt lat="39.535207" lon="-120.566626"/>
      <trkpt lat="39.535218" lon="-120.566551"/>
      <trkpt lat="39.535187" lon="-120.566513"/>
      <trkpt lat="39.535130" lon="-120.566525"/>
      <trkpt lat="39.534963" lon="-120.566565"/>
      <trkpt lat="39.534806" lon="-120.566521"/>
      <trkpt lat="39.534742" lon="-120.566408"/>
      <trkpt lat="39.534711" lon="-120.566322"/>
      <trkpt lat="39.534721" lon="-120.566237"/>
      <trkpt lat="39.534775" lon="-120.566162"/>
      <trkpt lat="39.534845" lon="-120.566175"/>
      <trkpt lat="39.534969" lon="-120.566226"/>
      <trkpt lat="39.535069" lon="-120.566175"/>
      <trkpt lat="39.535178" lon="-120.566113"/>
      <trkpt lat="39.535249" lon="-120.566113"/>
      <trkpt lat="39.535346" lon="-120.566095"/>
      <trkpt lat="39.535420" lon="-120.566132"/>
      <trkpt lat="39.535548" lon="-120.566175"/>
      <trkpt lat="39.535714" lon="-120.566172"/>
      <trkpt lat="39.536057" lon="-120.566218"/>
      <trkpt lat="39.536324" lon="-120.566304"/>
      <trkpt lat="39.536432" lon="-120.566331"/>
      <trkpt lat="39.536680" lon="-120.566317"/>
      <trkpt lat="39.536814" lon="-120.566355"/>
      <trkpt lat="39.536957" lon="-120.566446"/>
      <trkpt lat="39.537201" lon="-120.566532"/>
      <trkpt lat="39.537395" lon="-120.566635"/>
      <trkpt lat="39.537658" lon="-120.566832"/>
      <trkpt lat="39.537789" lon="-120.566961"/>
      <trkpt lat="39.537936" lon="-120.567065"/>
      <trkpt lat="39.538231" lon="-120.567135"/>
      <trkpt lat="39.538550" lon="-120.567270"/>
      <trkpt lat="39.538641" lon="-120.567304"/>
      <trkpt lat="39.538649" lon="-120.567272"/>
      <trkpt lat="39.538480" lon="-120.567095"/>
      <trkpt lat="39.538283" lon="-120.566886"/>
      <trkpt lat="39.538187" lon="-120.566848"/>
      <trkpt lat="39.538093" lon="-120.566800"/>
      <trkpt lat="39.537905" lon="-120.566591"/>
      <trkpt lat="39.537795" lon="-120.566411"/>
      <trkpt lat="39.537791" lon="-120.566368"/>
      <trkpt lat="39.537911" lon="-120.566483"/>
      <trkpt lat="39.538111" lon="-120.566596"/>
      <trkpt lat="39.538382" lon="-120.566687"/>
      <trkpt lat="39.538590" lon="-120.566765"/>
      <trkpt lat="39.538730" lon="-120.566838"/>
      <trkpt lat="39.538883" lon="-120.566934"/>
      <trkpt lat="39.539001" lon="-120.567007"/>
      <trkpt lat="39.539059" lon="-120.567041"/>
      <trkpt lat="39.539063" lon="-120.567007"/>
      <trkpt lat="39.538908" lon="-120.566784"/>
      <trkpt lat="39.538920" lon="-120.566760"/>
      <trkpt lat="39.539090" lon="-120.566921"/>
      <trkpt lat="39.539375" lon="-120.567058"/>
      <trkpt lat="39.539524" lon="-120.567135"/>
      <trkpt lat="39.539512" lon="-120.567082"/>
      <trkpt lat="39.539272" lon="-120.566811"/>
      <trkpt lat="39.539173" lon="-120.566701"/>
      <trkpt lat="39.539106" lon="-120.566577"/>
      <trkpt lat="39.539079" lon="-120.566387"/>
      <trkpt lat="39.538995" lon="-120.566237"/>
      <trkpt lat="39.538928" lon="-120.566124"/>
      <trkpt lat="39.538860" lon="-120.566033"/>
      <trkpt lat="39.538780" lon="-120.565901"/>
      <trkpt lat="39.538713" lon="-120.565824"/>
      <trkpt lat="39.538511" lon="-120.565644"/>
      <trkpt lat="39.538506" lon="-120.565558"/>
      <trkpt lat="39.538610" lon="-120.565574"/>
      <trkpt lat="39.538761" lon="-120.565641"/>
      <trkpt lat="39.539130" lon="-120.566005"/>
      <trkpt lat="39.539309" lon="-120.566218"/>
      <trkpt lat="39.539663" lon="-120.566626"/>
      <trkpt lat="39.539812" lon="-120.566736"/>
      <trkpt lat="39.540085" lon="-120.566872"/>
      <trkpt lat="39.540199" lon="-120.566942"/>
      <trkpt lat="39.540343" lon="-120.567106"/>
      <trkpt lat="39.540510" lon="-120.567188"/>
      <trkpt lat="39.540604" lon="-120.567205"/>
      <trkpt lat="39.540681" lon="-120.567320"/>
      <trkpt lat="39.540734" lon="-120.567444"/>
      <trkpt lat="39.540914" lon="-120.567709"/>
      <trkpt lat="39.541022" lon="-120.567782"/>
      <trkpt lat="39.541148" lon="-120.567926"/>
      <trkpt lat="39.541310" lon="-120.568333"/>
      <trkpt lat="39.541506" lon="-120.568916"/>
      <trkpt lat="39.541835" lon="-120.569616"/>
      <trkpt lat="39.541909" lon="-120.569646"/>
      <trkpt lat="39.541938" lon="-120.569689"/>
      <trkpt lat="39.541919" lon="-120.569772"/>
      <trkpt lat="39.541882" lon="-120.569852"/>
      <trkpt lat="39.541913" lon="-120.569882"/>
      <trkpt lat="39.541994" lon="-120.569879"/>
      <trkpt lat="39.542006" lon="-120.569911"/>
      <trkpt lat="39.541963" lon="-120.569995"/>
      <trkpt lat="39.542042" lon="-120.570075"/>
      <trkpt lat="39.542277" lon="-120.570249"/>
      <trkpt lat="39.542315" lon="-120.570247"/>
      <trkpt lat="39.542286" lon="-120.570177"/>
      <trkpt lat="39.542284" lon="-120.570102"/>
      <trkpt lat="39.542304" lon="-120.570080"/>
      <trkpt lat="39.542339" lon="-120.570118"/>
      <trkpt lat="39.542377" lon="-120.570115"/>
      <trkpt lat="39.542399" lon="-120.570056"/>
      <trkpt lat="39.542507" lon="-120.570010"/>
      <trkpt lat="39.542573" lon="-120.569978"/>
      <trkpt lat="39.542608" lon="-120.569915"/>
      <trkpt lat="39.542619" lon="-120.569774"/>
      <trkpt lat="39.542666" lon="-120.569801"/>
      <trkpt lat="39.542749" lon="-120.569917"/>
      <trkpt lat="39.542786" lon="-120.570003"/>
      <trkpt lat="39.542774" lon="-120.570185"/>
      <trkpt lat="39.542790" lon="-120.570335"/>
      <trkpt lat="39.542887" lon="-120.570316"/>
      <trkpt lat="39.542883" lon="-120.570370"/>
      <trkpt lat="39.542767" lon="-120.570597"/>
      <trkpt lat="39.542776" lon="-120.570635"/>
      <trkpt lat="39.542850" lon="-120.570598"/>
      <trkpt lat="39.542952" lon="-120.570571"/>
      <trkpt lat="39.543022" lon="-120.570568"/>
      <trkpt lat="39.543076" lon="-120.570625"/>
      <trkpt lat="39.543058" lon="-120.570668"/>
      <trkpt lat="39.543014" lon="-120.570695"/>
      <trkpt lat="39.542854" lon="-120.570756"/>
      <trkpt lat="39.542712" lon="-120.570898"/>
      <trkpt lat="39.542430" lon="-120.571293"/>
      <trkpt lat="39.542286" lon="-120.571405"/>
      <trkpt lat="39.542209" lon="-120.571451"/>
      <trkpt lat="39.542176" lon="-120.571499"/>
      <trkpt lat="39.542184" lon="-120.571561"/>
      <trkpt lat="39.542271" lon="-120.571639"/>
      <trkpt lat="39.542377" lon="-120.571751"/>
      <trkpt lat="39.542490" lon="-120.572081"/>
      <trkpt lat="39.542530" lon="-120.572087"/>
      <trkpt lat="39.542508" lon="-120.571935"/>
      <trkpt lat="39.542526" lon="-120.571834"/>
      <trkpt lat="39.542550" lon="-120.571770"/>
      <trkpt lat="39.542608" lon="-120.571810"/>
      <trkpt lat="39.542643" lon="-120.571894"/>
      <trkpt lat="39.542818" lon="-120.572138"/>
      <trkpt lat="39.543138" lon="-120.572735"/>
      <trkpt lat="39.543163" lon="-120.572720"/>
      <trkpt lat="39.543203" lon="-120.572620"/>
      <trkpt lat="39.543202" lon="-120.572242"/>
      <trkpt lat="39.543258" lon="-120.572248"/>
      <trkpt lat="39.543289" lon="-120.572376"/>
      <trkpt lat="39.543423" lon="-120.572548"/>
      <trkpt lat="39.543477" lon="-120.572564"/>
    </trkseg>
    <trkseg>
      <trkpt lat="39.543477" lon="-120.572564"/>
      <trkpt lat="39.543585" lon="-120.572628"/>
    </trkseg>
    <trkseg>
      <trkpt lat="39.543585" lon="-120.572628"/>
      <trkpt lat="39.543657" lon="-120.572709"/>
      <trkpt lat="39.543673" lon="-120.572832"/>
      <trkpt lat="39.543853" lon="-120.573025"/>
      <trkpt lat="39.544066" lon="-120.573275"/>
      <trkpt lat="39.544395" lon="-120.573433"/>
      <trkpt lat="39.544875" lon="-120.573524"/>
      <trkpt lat="39.545274" lon="-120.573583"/>
      <trkpt lat="39.545829" lon="-120.573707"/>
      <trkpt lat="39.546031" lon="-120.573825"/>
      <trkpt lat="39.546143" lon="-120.574028"/>
      <trkpt lat="39.546292" lon="-120.574243"/>
      <trkpt lat="39.546677" lon="-120.574377"/>
      <trkpt lat="39.546945" lon="-120.574506"/>
      <trkpt lat="39.547309" lon="-120.574742"/>
      <trkpt lat="39.547736" lon="-120.574962"/>
      <trkpt lat="39.547963" lon="-120.575021"/>
      <trkpt lat="39.548108" lon="-120.575026"/>
      <trkpt lat="39.548311" lon="-120.574906"/>
      <trkpt lat="39.548395" lon="-120.574887"/>
      <trkpt lat="39.548462" lon="-120.574900"/>
      <trkpt lat="39.548480" lon="-120.574943"/>
      <trkpt lat="39.548441" lon="-120.575024"/>
      <trkpt lat="39.548457" lon="-120.575067"/>
      <trkpt lat="39.548501" lon="-120.575064"/>
      <trkpt lat="39.548708" lon="-120.575120"/>
      <trkpt lat="39.549092" lon="-120.575426"/>
      <trkpt lat="39.549361" lon="-120.575557"/>
      <trkpt lat="39.549721" lon="-120.575708"/>
      <trkpt lat="39.550234" lon="-120.575788"/>
      <trkpt lat="39.550222" lon="-120.575874"/>
      <trkpt lat="39.549771" lon="-120.576174"/>
      <trkpt lat="39.549572" lon="-120.576223"/>
      <trkpt lat="39.549630" lon="-120.576303"/>
      <trkpt lat="39.550242" lon="-120.576544"/>
      <trkpt lat="39.550412" lon="-120.576518"/>
      <trkpt lat="39.550615" lon="-120.576378"/>
      <trkpt lat="39.550832" lon="-120.576035"/>
      <trkpt lat="39.550906" lon="-120.576016"/>
      <trkpt lat="39.550952" lon="-120.576206"/>
      <trkpt lat="39.550900" lon="-120.576335"/>
      <trkpt lat="39.550910" lon="-120.576448"/>
      <trkpt lat="39.550976" lon="-120.576467"/>
      <trkpt lat="39.551153" lon="-120.576300"/>
      <trkpt lat="39.551187" lon="-120.576239"/>
      <trkpt lat="39.551225" lon="-120.576300"/>
      <trkpt lat="39.551198" lon="-120.576378"/>
      <trkpt lat="39.551014" lon="-120.576585"/>
      <trkpt lat="39.550900" lon="-120.576625"/>
      <trkpt lat="39.550784" lon="-120.576700"/>
      <trkpt lat="39.550780" lon="-120.576872"/>
      <trkpt lat="39.550858" lon="-120.576990"/>
      <trkpt lat="39.551107" lon="-120.577081"/>
      <trkpt lat="39.551487" lon="-120.577059"/>
      <trkpt lat="39.551630" lon="-120.577122"/>
      <trkpt lat="39.551843" lon="-120.577102"/>
      <trkpt lat="39.552368" lon="-120.577140"/>
      <trkpt lat="39.552662" lon="-120.577140"/>
      <trkpt lat="39.552873" lon="-120.577108"/>
      <trkpt lat="39.553208" lon="-120.577253"/>
      <trkpt lat="39.553282" lon="-120.577279"/>
      <trkpt lat="39.553402" lon="-120.577253"/>
      <trkpt lat="39.553555" lon="-120.577188"/>
      <trkpt lat="39.553684" lon="-120.577220"/>
      <trkpt lat="39.553832" lon="-120.577365"/>
      <trkpt lat="39.554304" lon="-120.577494"/>
      <trkpt lat="39.554614" lon="-120.577601"/>
      <trkpt lat="39.555011" lon="-120.577660"/>
      <trkpt lat="39.555133" lon="-120.577676"/>
      <trkpt lat="39.555375" lon="-120.577708"/>
      <trkpt lat="39.555549" lon="-120.577650"/>
      <trkpt lat="39.555950" lon="-120.577650"/>
      <trkpt lat="39.556281" lon="-120.577869"/>
      <trkpt lat="39.556475" lon="-120.577934"/>
      <trkpt lat="39.556757" lon="-120.578100"/>
      <trkpt lat="39.557199" lon="-120.578401"/>
      <trkpt lat="39.557530" lon="-120.578637"/>
      <trkpt lat="39.557898" lon="-120.578910"/>
      <trkpt lat="39.558064" lon="-120.579012"/>
      <trkpt lat="39.558200" lon="-120.579141"/>
      <trkpt lat="39.558299" lon="-120.579323"/>
      <trkpt lat="39.558523" lon="-120.579516"/>
      <trkpt lat="39.558866" lon="-120.579586"/>
      <trkpt lat="39.559073" lon="-120.579785"/>
      <trkpt lat="39.559272" lon="-120.579858"/>
      <trkpt lat="39.559391" lon="-120.579833"/>
      <trkpt lat="39.559660" lon="-120.579758"/>
      <trkpt lat="39.559917" lon="-120.579715"/>
      <trkpt lat="39.560024" lon="-120.579650"/>
      <trkpt lat="39.560148" lon="-120.579640"/>
      <trkpt lat="39.560313" lon="-120.579683"/>
      <trkpt lat="39.560409" lon="-120.579854"/>
      <trkpt lat="39.560483" lon="-120.580037"/>
      <trkpt lat="39.560661" lon="-120.580171"/>
      <trkpt lat="39.560785" lon="-120.580337"/>
      <trkpt lat="39.560843" lon="-120.580595"/>
      <trkpt lat="39.560971" lon="-120.580927"/>
      <trkpt lat="39.561033" lon="-120.581303"/>
      <trkpt lat="39.561141" lon="-120.581587"/>
      <trkpt lat="39.561281" lon="-120.581845"/>
      <trkpt lat="39.561307" lon="-120.581881"/>
      <trkpt lat="39.561447" lon="-120.582086"/>
      <trkpt lat="39.561649" lon="-120.582252"/>
      <trkpt lat="39.561897" lon="-120.582467"/>
      <trkpt lat="39.562266" lon="-120.582730"/>
      <trkpt lat="39.562613" lon="-120.583121"/>
      <trkpt lat="39.562993" lon="-120.583652"/>
      <trkpt lat="39.563159" lon="-120.583953"/>
      <trkpt lat="39.563233" lon="-120.584208"/>
      <trkpt lat="39.563271" lon="-120.584704"/>
      <trkpt lat="39.563436" lon="-120.585004"/>
      <trkpt lat="39.563552" lon="-120.585192"/>
      <trkpt lat="39.563680" lon="-120.585310"/>
      <trkpt lat="39.563918" lon="-120.585455"/>
      <trkpt lat="39.564078" lon="-120.585508"/>
      <trkpt lat="39.564118" lon="-120.585527"/>
      <trkpt lat="39.564184" lon="-120.585621"/>
      <trkpt lat="39.564200" lon="-120.585736"/>
      <trkpt lat="39.564177" lon="-120.586009"/>
      <trkpt lat="39.564129" lon="-120.586198"/>
      <trkpt lat="39.564131" lon="-120.586297"/>
      <trkpt lat="39.564240" lon="-120.586479"/>
      <trkpt lat="39.564356" lon="-120.586549"/>
      <trkpt lat="39.564513" lon="-120.586570"/>
      <trkpt lat="39.564619" lon="-120.586544"/>
      <trkpt lat="39.564741" lon="-120.586579"/>
      <trkpt lat="39.564964" lon="-120.586630"/>
      <trkpt lat="39.565057" lon="-120.586643"/>
      <trkpt lat="39.565136" lon="-120.586715"/>
      <trkpt lat="39.565231" lon="-120.586852"/>
      <trkpt lat="39.565289" lon="-120.586895"/>
      <trkpt lat="39.565370" lon="-120.586820"/>
      <trkpt lat="39.565421" lon="-120.586790"/>
      <trkpt lat="39.565473" lon="-120.586831"/>
      <trkpt lat="39.565483" lon="-120.586890"/>
      <trkpt lat="39.565466" lon="-120.586994"/>
      <trkpt lat="39.565413" lon="-120.587153"/>
      <trkpt lat="39.565398" lon="-120.587276"/>
      <trkpt lat="39.565324" lon="-120.587474"/>
      <trkpt lat="39.565243" lon="-120.587611"/>
      <trkpt lat="39.565146" lon="-120.587764"/>
      <trkpt lat="39.565121" lon="-120.587839"/>
      <trkpt lat="39.565121" lon="-120.587960"/>
      <trkpt lat="39.565171" lon="-120.588113"/>
      <trkpt lat="39.565232" lon="-120.588178"/>
      <trkpt lat="39.565289" lon="-120.588239"/>
    </trkseg>
    <trkseg>
      <trkpt lat="39.565289" lon="-120.588239"/>
      <trkpt lat="39.565439" lon="-120.588266"/>
    </trkseg>
    <trkseg>
      <trkpt lat="39.565439" lon="-120.588266"/>
      <trkpt lat="39.565487" lon="-120.588223"/>
      <trkpt lat="39.565537" lon="-120.588158"/>
      <trkpt lat="39.565576" lon="-120.588174"/>
      <trkpt lat="39.565555" lon="-120.588311"/>
      <trkpt lat="39.565524" lon="-120.588410"/>
      <trkpt lat="39.565566" lon="-120.588464"/>
      <trkpt lat="39.565619" lon="-120.588421"/>
      <trkpt lat="39.565675" lon="-120.588408"/>
      <trkpt lat="39.565762" lon="-120.588609"/>
      <trkpt lat="39.565936" lon="-120.588770"/>
      <trkpt lat="39.566070" lon="-120.588858"/>
      <trkpt lat="39.566203" lon="-120.589116"/>
      <trkpt lat="39.566312" lon="-120.589290"/>
      <trkpt lat="39.566380" lon="-120.589569"/>
      <trkpt lat="39.566311" lon="-120.589859"/>
      <trkpt lat="39.566308" lon="-120.589945"/>
      <trkpt lat="39.566310" lon="-120.590154"/>
      <trkpt lat="39.566209" lon="-120.590527"/>
      <trkpt lat="39.566157" lon="-120.590672"/>
      <trkpt lat="39.566103" lon="-120.590779"/>
      <trkpt lat="39.566103" lon="-120.590870"/>
      <trkpt lat="39.566118" lon="-120.590926"/>
      <trkpt lat="39.566182" lon="-120.590995"/>
      <trkpt lat="39.566240" lon="-120.591079"/>
      <trkpt lat="39.566339" lon="-120.591090"/>
      <trkpt lat="39.566438" lon="-120.591136"/>
      <trkpt lat="39.566550" lon="-120.591227"/>
      <trkpt lat="39.566781" lon="-120.591484"/>
      <trkpt lat="39.566877" lon="-120.591519"/>
      <trkpt lat="39.566924" lon="-120.591543"/>
      <trkpt lat="39.566997" lon="-120.591634"/>
      <trkpt lat="39.567083" lon="-120.591857"/>
      <trkpt lat="39.567274" lon="-120.592120"/>
      <trkpt lat="39.567315" lon="-120.592163"/>
      <trkpt lat="39.567364" lon="-120.592187"/>
      <trkpt lat="39.567410" lon="-120.592179"/>
      <trkpt lat="39.567513" lon="-120.592104"/>
      <trkpt lat="39.567621" lon="-120.592080"/>
      <trkpt lat="39.567753" lon="-120.592085"/>
      <trkpt lat="39.567865" lon="-120.592045"/>
      <trkpt lat="39.567974" lon="-120.592053"/>
      <trkpt lat="39.568163" lon="-120.592147"/>
      <trkpt lat="39.568291" lon="-120.592292"/>
      <trkpt lat="39.568365" lon="-120.592428"/>
      <trkpt lat="39.568475" lon="-120.592466"/>
      <trkpt lat="39.568529" lon="-120.592466"/>
      <trkpt lat="39.568570" lon="-120.592477"/>
      <trkpt lat="39.568587" lon="-120.592530"/>
      <trkpt lat="39.568574" lon="-120.592616"/>
      <trkpt lat="39.568326" lon="-120.592874"/>
      <trkpt lat="39.568297" lon="-120.592909"/>
      <trkpt lat="39.568388" lon="-120.593045"/>
      <trkpt lat="39.568473" lon="-120.593094"/>
      <trkpt lat="39.568591" lon="-120.593118"/>
      <trkpt lat="39.568752" lon="-120.593206"/>
      <trkpt lat="39.569010" lon="-120.593308"/>
      <trkpt lat="39.569139" lon="-120.593416"/>
      <trkpt lat="39.569370" lon="-120.593721"/>
      <trkpt lat="39.569428" lon="-120.593920"/>
      <trkpt lat="39.569490" lon="-120.594102"/>
      <trkpt lat="39.569585" lon="-120.594242"/>
      <trkpt lat="39.569655" lon="-120.594424"/>
      <trkpt lat="39.569635" lon="-120.594537"/>
      <trkpt lat="39.569635" lon="-120.594644"/>
      <trkpt lat="39.569761" lon="-120.594934"/>
      <trkpt lat="39.569782" lon="-120.595057"/>
      <trkpt lat="39.569782" lon="-120.595132"/>
      <trkpt lat="39.569769" lon="-120.595167"/>
      <trkpt lat="39.569736" lon="-120.595135"/>
      <trkpt lat="39.569724" lon="-120.595025"/>
      <trkpt lat="39.569693" lon="-120.595011"/>
      <trkpt lat="39.569680" lon="-120.595044"/>
      <trkpt lat="39.569687" lon="-120.595103"/>
      <trkpt lat="39.569746" lon="-120.595331"/>
      <trkpt lat="39.569829" lon="-120.595526"/>
      <trkpt lat="39.569891" lon="-120.595760"/>
      <trkpt lat="39.569922" lon="-120.596176"/>
      <trkpt lat="39.570162" lon="-120.596977"/>
      <trkpt lat="39.570282" lon="-120.597568"/>
      <trkpt lat="39.570363" lon="-120.597948"/>
      <trkpt lat="39.570343" lon="-120.598482"/>
      <trkpt lat="39.570340" lon="-120.598673"/>
      <trkpt lat="39.570294" lon="-120.598839"/>
      <trkpt lat="39.570285" lon="-120.599012"/>
      <trkpt lat="39.570305" lon="-120.599222"/>
      <trkpt lat="39.570343" lon="-120.599360"/>
      <trkpt lat="39.570383" lon="-120.599324"/>
      <trkpt lat="39.570400" lon="-120.599206"/>
      <trkpt lat="39.570455" lon="-120.599025"/>
      <trkpt lat="39.570513" lon="-120.598946"/>
      <trkpt lat="39.570598" lon="-120.598954"/>
      <trkpt lat="39.570683" lon="-120.598992"/>
      <trkpt lat="39.570788" lon="-120.599072"/>
      <trkpt lat="39.570869" lon="-120.599252"/>
      <trkpt lat="39.571128" lon="-120.599759"/>
      <trkpt lat="39.571301" lon="-120.599893"/>
      <trkpt lat="39.571481" lon="-120.599957"/>
      <trkpt lat="39.571721" lon="-120.600239"/>
      <trkpt lat="39.571923" lon="-120.600462"/>
      <trkpt lat="39.572091" lon="-120.600580"/>
      <trkpt lat="39.572246" lon="-120.600775"/>
      <trkpt lat="39.572436" lon="-120.600910"/>
      <trkpt lat="39.572639" lon="-120.601041"/>
      <trkpt lat="39.572804" lon="-120.601191"/>
      <trkpt lat="39.572926" lon="-120.601379"/>
      <trkpt lat="39.573092" lon="-120.601497"/>
      <trkpt lat="39.573309" lon="-120.601628"/>
      <trkpt lat="39.573478" lon="-120.601787"/>
      <trkpt lat="39.573762" lon="-120.602103"/>
      <trkpt lat="39.574115" lon="-120.602522"/>
      <trkpt lat="39.574245" lon="-120.602599"/>
      <trkpt lat="39.574357" lon="-120.602615"/>
      <trkpt lat="39.574640" lon="-120.602741"/>
      <trkpt lat="39.574782" lon="-120.602732"/>
      <trkpt lat="39.574888" lon="-120.602825"/>
      <trkpt lat="39.575045" lon="-120.602873"/>
      <trkpt lat="39.575420" lon="-120.603131"/>
      <trkpt lat="39.575662" lon="-120.603211"/>
      <trkpt lat="39.575775" lon="-120.603337"/>
      <trkpt lat="39.575926" lon="-120.603565"/>
      <trkpt lat="39.576199" lon="-120.603892"/>
      <trkpt lat="39.576633" lon="-120.604230"/>
      <trkpt lat="39.576849" lon="-120.604368"/>
      <trkpt lat="39.576940" lon="-120.604420"/>
      <trkpt lat="39.577053" lon="-120.604482"/>
      <trkpt lat="39.577264" lon="-120.604504"/>
      <trkpt lat="39.577450" lon="-120.604643"/>
      <trkpt lat="39.577698" lon="-120.604745"/>
      <trkpt lat="39.578281" lon="-120.604831"/>
      <trkpt lat="39.578570" lon="-120.604992"/>
      <trkpt lat="39.578736" lon="-120.604997"/>
      <trkpt lat="39.579211" lon="-120.604906"/>
      <trkpt lat="39.579286" lon="-120.604976"/>
      <trkpt lat="39.579622" lon="-120.605645"/>
      <trkpt lat="39.579786" lon="-120.605786"/>
      <trkpt lat="39.580017" lon="-120.605840"/>
      <trkpt lat="39.579972" lon="-120.605898"/>
      <trkpt lat="39.579864" lon="-120.605898"/>
      <trkpt lat="39.579641" lon="-120.605861"/>
      <trkpt lat="39.579360" lon="-120.605652"/>
      <trkpt lat="39.579315" lon="-120.605697"/>
      <trkpt lat="39.579625" lon="-120.606134"/>
      <trkpt lat="39.579926" lon="-120.606328"/>
      <trkpt lat="39.580079" lon="-120.606338"/>
      <trkpt lat="39.580141" lon="-120.606414"/>
      <trkpt lat="39.580108" lon="-120.606706"/>
      <trkpt lat="39.580125" lon="-120.606923"/>
      <trkpt lat="39.580224" lon="-120.607213"/>
      <trkpt lat="39.580418" lon="-120.607604"/>
      <trkpt lat="39.580598" lon="-120.607875"/>
      <trkpt lat="39.580559" lon="-120.607921"/>
      <trkpt lat="39.580429" lon="-120.607792"/>
      <trkpt lat="39.580359" lon="-120.607706"/>
      <trkpt lat="39.580332" lon="-120.607749"/>
      <trkpt lat="39.580412" lon="-120.607921"/>
      <trkpt lat="39.580381" lon="-120.607926"/>
      <trkpt lat="39.580272" lon="-120.607771"/>
      <trkpt lat="39.580251" lon="-120.607803"/>
      <trkpt lat="39.580288" lon="-120.607983"/>
      <trkpt lat="39.580253" lon="-120.607985"/>
      <trkpt lat="39.580212" lon="-120.607840"/>
      <trkpt lat="39.580189" lon="-120.607830"/>
      <trkpt lat="39.580181" lon="-120.607897"/>
      <trkpt lat="39.580162" lon="-120.607935"/>
    </trkseg>
    <trkseg>
      <trkpt lat="39.580162" lon="-120.607935"/>
      <trkpt lat="39.579842" lon="-120.608124"/>
    </trkseg>
    <trkseg>
      <trkpt lat="39.579842" lon="-120.608124"/>
      <trkpt lat="39.579720" lon="-120.608125"/>
      <trkpt lat="39.579364" lon="-120.607696"/>
      <trkpt lat="39.579284" lon="-120.607626"/>
      <trkpt lat="39.579155" lon="-120.607687"/>
      <trkpt lat="39.578990" lon="-120.607781"/>
      <trkpt lat="39.578763" lon="-120.607870"/>
      <trkpt lat="39.578574" lon="-120.607932"/>
      <trkpt lat="39.578531" lon="-120.608101"/>
      <trkpt lat="39.578479" lon="-120.608245"/>
      <trkpt lat="39.578337" lon="-120.608385"/>
      <trkpt lat="39.577929" lon="-120.608659"/>
      <trkpt lat="39.577812" lon="-120.608806"/>
      <trkpt lat="39.577758" lon="-120.608911"/>
      <trkpt lat="39.577659" lon="-120.609152"/>
      <trkpt lat="39.577535" lon="-120.609345"/>
      <trkpt lat="39.577348" lon="-120.609557"/>
      <trkpt lat="39.577171" lon="-120.609892"/>
      <trkpt lat="39.576906" lon="-120.610308"/>
      <trkpt lat="39.576677" lon="-120.610971"/>
      <trkpt lat="39.576668" lon="-120.611239"/>
      <trkpt lat="39.576534" lon="-120.611633"/>
      <trkpt lat="39.576397" lon="-120.612212"/>
      <trkpt lat="39.576402" lon="-120.612478"/>
      <trkpt lat="39.576494" lon="-120.612670"/>
    </trkseg>
  </trk>
</gpx>
