<?xml version="1.0" encoding="UTF-8"?>
<gpx version="1.1" creator="unburnt" xmlns="http://www.topografix.com/GPX/1/1">
  <metadata><name>PCT - California Section J</name><copyright author="OpenStreetMap contributors"><license>https://opendatacommons.org/licenses/odbl/</license></copyright></metadata>
  <trk><name>PCT - California Section J</name>
    <trkseg>
      <trkpt lat="38.834651" lon="-120.044229"/>
      <trkpt lat="38.834743" lon="-120.044230"/>
      <trkpt lat="38.834790" lon="-120.044227"/>
      <trkpt lat="38.834833" lon="-120.044225"/>
      <trkpt lat="38.834850" lon="-120.044340"/>
    </trkseg>
    <trkseg>
      <trkpt lat="38.834536" lon="-120.044084"/>
      <trkpt lat="38.834571" lon="-120.044119"/>
      <trkpt lat="38.834599" lon="-120.044165"/>
      <trkpt lat="38.834651" lon="-120.044229"/>
    </trkseg>
    <trkseg>
      <trkpt lat="38.834386" lon="-120.043774"/>
      <trkpt lat="38.834417" lon="-120.043773"/>
      <trkpt lat="38.834443" lon="-120.043782"/>
      <trkpt lat="38.834474" lon="-120.043801"/>
      <trkpt lat="38.834500" lon="-120.043830"/>
      <trkpt lat="38.834523" lon="-120.043867"/>
      <trkpt lat="38.834538" lon="-120.043931"/>
      <trkpt lat="38.834543" lon="-120.043991"/>
      <trkpt lat="38.834536" lon="-120.044084"/>
    </trkseg>
    <trkseg>
      <trkpt lat="38.834169" lon="-120.042541"/>
      <trkpt lat="38.834234" lon="-120.042606"/>
      <trkpt lat="38.834275" lon="-120.042680"/>
      <trkpt lat="38.834367" lon="-120.042819"/>
      <trkpt lat="38.834441" lon="-120.042883"/>
      <trkpt lat="38.834465" lon="-120.042943"/>
      <trkpt lat="38.834488" lon="-120.043062"/>
      <trkpt lat="38.834481" lon="-120.043175"/>
      <trkpt lat="38.834435" lon="-120.043289"/>
      <trkpt lat="38.834357" lon="-120.043379"/>
      <trkpt lat="38.834280" lon="-120.043450"/>
      <trkpt lat="38.834257" lon="-120.043508"/>
      <trkpt lat="38.834260" lon="-120.043566"/>
      <trkpt lat="38.834282" lon="-120.043659"/>
      <trkpt lat="38.834320" lon="-120.043713"/>
      <trkpt lat="38.834386" lon="-120.043774"/>
    </trkseg>
    <trkseg>
      <trkpt lat="38.833974" lon="-120.042183"/>
      <trkpt lat="38.834075" lon="-120.042285"/>
      <trkpt lat="38.834129" lon="-120.042352"/>
      <trkpt lat="38.834156" lon="-120.042412"/>
      <trkpt lat="38.834164" lon="-120.042471"/>
      <trkpt lat="38.834169" lon="-120.042541"/>
    </trkseg>
    <trkseg>
      <trkpt lat="38.826046" lon="-120.038780"/>
      <trkpt lat="38.826087" lon="-120.038815"/>
      <trkpt lat="38.826118" lon="-120.038823"/>
      <trkpt lat="38.826172" lon="-120.038802"/>
      <trkpt lat="38.826224" lon="-120.038796"/>
      <trkpt lat="38.826291" lon="-120.038784"/>
      <trkpt lat="38.826343" lon="-120.038796"/>
      <trkpt lat="38.826398" lon="-120.038839"/>
      <trkpt lat="38.826445" lon="-120.038883"/>
      <trkpt lat="38.826509" lon="-120.038905"/>
      <trkpt lat="38.826564" lon="-120.038906"/>
      <trkpt lat="38.826618" lon="-120.038921"/>
      <trkpt lat="38.826678" lon="-120.038989"/>
      <trkpt lat="38.826741" lon="-120.039067"/>
      <trkpt lat="38.826786" lon="-120.039160"/>
      <trkpt lat="38.826805" lon="-120.039252"/>
      <trkpt lat="38.826811" lon="-120.039604"/>
      <trkpt lat="38.826821" lon="-120.039737"/>
      <trkpt lat="38.826837" lon="-120.039825"/>
      <trkpt lat="38.826876" lon="-120.039930"/>
      <trkpt lat="38.826899" lon="-120.040065"/>
      <trkpt lat="38.826909" lon="-120.040198"/>
      <trkpt lat="38.826910" lon="-120.040278"/>
      <trkpt lat="38.826884" lon="-120.040387"/>
      <trkpt lat="38.826833" lon="-120.040534"/>
      <trkpt lat="38.826815" lon="-120.040607"/>
      <trkpt lat="38.826809" lon="-120.040716"/>
      <trkpt lat="38.826836" lon="-120.040837"/>
      <trkpt lat="38.826888" lon="-120.040948"/>
      <trkpt lat="38.826922" lon="-120.041045"/>
      <trkpt lat="38.826943" lon="-120.041106"/>
      <trkpt lat="38.826969" lon="-120.041240"/>
      <trkpt lat="38.826990" lon="-120.041338"/>
      <trkpt lat="38.827038" lon="-120.041450"/>
      <trkpt lat="38.827112" lon="-120.041602"/>
      <trkpt lat="38.827147" lon="-120.041700"/>
      <trkpt lat="38.827178" lon="-120.041788"/>
      <trkpt lat="38.827194" lon="-120.041882"/>
      <trkpt lat="38.827217" lon="-120.041983"/>
      <trkpt lat="38.827251" lon="-120.042067"/>
      <trkpt lat="38.827299" lon="-120.042151"/>
      <trkpt lat="38.827413" lon="-120.042301"/>
      <trkpt lat="38.827474" lon="-120.042381"/>
      <trkpt lat="38.827496" lon="-120.042438"/>
      <trkpt lat="38.827508" lon="-120.042519"/>
      <trkpt lat="38.827530" lon="-120.042609"/>
      <trkpt lat="38.827565" lon="-120.042710"/>
      <trkpt lat="38.827663" lon="-120.042920"/>
      <trkpt lat="38.827722" lon="-120.043041"/>
      <trkpt lat="38.827769" lon="-120.043075"/>
      <trkpt lat="38.827799" lon="-120.043073"/>
      <trkpt lat="38.827829" lon="-120.043045"/>
      <trkpt lat="38.827870" lon="-120.042959"/>
      <trkpt lat="38.827909" lon="-120.042860"/>
      <trkpt lat="38.827918" lon="-120.042809"/>
      <trkpt lat="38.827923" lon="-120.042690"/>
      <trkpt lat="38.827933" lon="-120.042488"/>
      <trkpt lat="38.827942" lon="-120.042405"/>
      <trkpt lat="38.827969" lon="-120.042315"/>
      <trkpt lat="38.827982" lon="-120.042246"/>
      <trkpt lat="38.827982" lon="-120.042176"/>
      <trkpt lat="38.827967" lon="-120.042121"/>
      <trkpt lat="38.827942" lon="-120.042031"/>
      <trkpt lat="38.827932" lon="-120.041925"/>
      <trkpt lat="38.827922" lon="-120.041819"/>
      <trkpt lat="38.827901" lon="-120.041740"/>
      <trkpt lat="38.827890" lon="-120.041676"/>
      <trkpt lat="38.827895" lon="-120.041601"/>
      <trkpt lat="38.827920" lon="-120.041522"/>
      <trkpt lat="38.827932" lon="-120.041450"/>
      <trkpt lat="38.827961" lon="-120.041328"/>
      <trkpt lat="38.827996" lon="-120.041236"/>
      <trkpt lat="38.828062" lon="-120.041108"/>
      <trkpt lat="38.828111" lon="-120.041037"/>
      <trkpt lat="38.828153" lon="-120.041005"/>
      <trkpt lat="38.828195" lon="-120.041012"/>
      <trkpt lat="38.828224" lon="-120.041032"/>
      <trkpt lat="38.828260" lon="-120.041100"/>
      <trkpt lat="38.828268" lon="-120.041226"/>
      <trkpt lat="38.828281" lon="-120.041280"/>
      <trkpt lat="38.828306" lon="-120.041306"/>
      <trkpt lat="38.828337" lon="-120.041320"/>
      <trkpt lat="38.828385" lon="-120.041302"/>
      <trkpt lat="38.828446" lon="-120.041256"/>
      <trkpt lat="38.828493" lon="-120.041230"/>
      <trkpt lat="38.828548" lon="-120.041213"/>
      <trkpt lat="38.828592" lon="-120.041200"/>
      <trkpt lat="38.828634" lon="-120.041170"/>
      <trkpt lat="38.828728" lon="-120.041066"/>
      <trkpt lat="38.828784" lon="-120.040976"/>
      <trkpt lat="38.828821" lon="-120.040895"/>
      <trkpt lat="38.828848" lon="-120.040852"/>
      <trkpt lat="38.828924" lon="-120.040729"/>
      <trkpt lat="38.828955" lon="-120.040656"/>
      <trkpt lat="38.828999" lon="-120.040534"/>
      <trkpt lat="38.829043" lon="-120.040465"/>
      <trkpt lat="38.829087" lon="-120.040419"/>
      <trkpt lat="38.829188" lon="-120.040406"/>
      <trkpt lat="38.829281" lon="-120.040406"/>
      <trkpt lat="38.829403" lon="-120.040360"/>
      <trkpt lat="38.829549" lon="-120.040316"/>
      <trkpt lat="38.829625" lon="-120.040300"/>
      <trkpt lat="38.829689" lon="-120.040305"/>
      <trkpt lat="38.829777" lon="-120.040305"/>
      <trkpt lat="38.829839" lon="-120.040291"/>
      <trkpt lat="38.829924" lon="-120.040270"/>
      <trkpt lat="38.830000" lon="-120.040254"/>
      <trkpt lat="38.830076" lon="-120.040239"/>
      <trkpt lat="38.830186" lon="-120.040236"/>
      <trkpt lat="38.830331" lon="-120.040225"/>
      <trkpt lat="38.830458" lon="-120.040210"/>
      <trkpt lat="38.830577" lon="-120.040216"/>
      <trkpt lat="38.830687" lon="-120.040234"/>
      <trkpt lat="38.830852" lon="-120.040242"/>
      <trkpt lat="38.830998" lon="-120.040234"/>
      <trkpt lat="38.831117" lon="-120.040220"/>
      <trkpt lat="38.831195" lon="-120.040222"/>
      <trkpt lat="38.831250" lon="-120.040237"/>
      <trkpt lat="38.831303" lon="-120.040274"/>
      <trkpt lat="38.831399" lon="-120.040317"/>
      <trkpt lat="38.831483" lon="-120.040345"/>
      <trkpt lat="38.831584" lon="-120.040359"/>
      <trkpt lat="38.831689" lon="-120.040370"/>
      <trkpt lat="38.831727" lon="-120.040382"/>
      <trkpt lat="38.831752" lon="-120.040410"/>
      <trkpt lat="38.831799" lon="-120.040450"/>
      <trkpt lat="38.831831" lon="-120.040461"/>
      <trkpt lat="38.831881" lon="-120.040481"/>
      <trkpt lat="38.831933" lon="-120.040518"/>
      <trkpt lat="38.832071" lon="-120.040602"/>
      <trkpt lat="38.832214" lon="-120.040738"/>
      <trkpt lat="38.832299" lon="-120.040826"/>
      <trkpt lat="38.832402" lon="-120.040954"/>
      <trkpt lat="38.832460" lon="-120.041012"/>
      <trkpt lat="38.832507" lon="-120.041092"/>
      <trkpt lat="38.832565" lon="-120.041237"/>
      <trkpt lat="38.832601" lon="-120.041323"/>
      <trkpt lat="38.832611" lon="-120.041397"/>
      <trkpt lat="38.832618" lon="-120.041505"/>
      <trkpt lat="38.832623" lon="-120.041556"/>
      <trkpt lat="38.832660" lon="-120.041656"/>
      <trkpt lat="38.832690" lon="-120.041796"/>
      <trkpt lat="38.832714" lon="-120.041921"/>
      <trkpt lat="38.832742" lon="-120.042000"/>
      <trkpt lat="38.832762" lon="-120.042067"/>
      <trkpt lat="38.832771" lon="-120.042160"/>
      <trkpt lat="38.832787" lon="-120.042257"/>
      <trkpt lat="38.832790" lon="-120.042365"/>
      <trkpt lat="38.832773" lon="-120.042465"/>
      <trkpt lat="38.832737" lon="-120.042647"/>
      <trkpt lat="38.832714" lon="-120.042811"/>
      <trkpt lat="38.832701" lon="-120.042986"/>
      <trkpt lat="38.832706" lon="-120.043078"/>
      <trkpt lat="38.832721" lon="-120.043200"/>
      <trkpt lat="38.832747" lon="-120.043289"/>
      <trkpt lat="38.832766" lon="-120.043403"/>
      <trkpt lat="38.832781" lon="-120.043466"/>
      <trkpt lat="38.832802" lon="-120.043471"/>
      <trkpt lat="38.832815" lon="-120.043437"/>
      <trkpt lat="38.832827" lon="-120.043320"/>
      <trkpt lat="38.832863" lon="-120.043124"/>
      <trkpt lat="38.832898" lon="-120.042975"/>
      <trkpt lat="38.832958" lon="-120.042825"/>
      <trkpt lat="38.833109" lon="-120.042580"/>
      <trkpt lat="38.833255" lon="-120.042403"/>
      <trkpt lat="38.833473" lon="-120.042164"/>
      <trkpt lat="38.833605" lon="-120.042037"/>
      <trkpt lat="38.833701" lon="-120.042006"/>
      <trkpt lat="38.833772" lon="-120.042013"/>
      <trkpt lat="38.833876" lon="-120.042063"/>
      <trkpt lat="38.833974" lon="-120.042183"/>
    </trkseg>
    <trkseg>
      <trkpt lat="38.825971" lon="-120.038685"/>
      <trkpt lat="38.826046" lon="-120.038780"/>
    </trkseg>
    <trkseg>
      <trkpt lat="38.823139" lon="-120.040163"/>
      <trkpt lat="38.823224" lon="-120.040097"/>
      <trkpt lat="38.823261" lon="-120.040040"/>
      <trkpt lat="38.823273" lon="-120.039963"/>
      <trkpt lat="38.823261" lon="-120.039884"/>
      <trkpt lat="38.823175" lon="-120.039606"/>
      <trkpt lat="38.823151" lon="-120.039517"/>
      <trkpt lat="38.823144" lon="-120.039445"/>
      <trkpt lat="38.823156" lon="-120.039349"/>
      <trkpt lat="38.823182" lon="-120.039244"/>
      <trkpt lat="38.823218" lon="-120.039169"/>
      <trkpt lat="38.823292" lon="-120.039077"/>
      <trkpt lat="38.823357" lon="-120.039031"/>
      <trkpt lat="38.823451" lon="-120.038949"/>
      <trkpt lat="38.823497" lon="-120.038933"/>
      <trkpt lat="38.823624" lon="-120.038933"/>
      <trkpt lat="38.823668" lon="-120.038916"/>
      <trkpt lat="38.823712" lon="-120.038855"/>
      <trkpt lat="38.823751" lon="-120.038783"/>
      <trkpt lat="38.823774" lon="-120.038712"/>
      <trkpt lat="38.823835" lon="-120.038642"/>
      <trkpt lat="38.823884" lon="-120.038610"/>
      <trkpt lat="38.823947" lon="-120.038582"/>
      <trkpt lat="38.824007" lon="-120.038520"/>
      <trkpt lat="38.824082" lon="-120.038426"/>
      <trkpt lat="38.824137" lon="-120.038374"/>
      <trkpt lat="38.824154" lon="-120.038363"/>
      <trkpt lat="38.824195" lon="-120.038360"/>
      <trkpt lat="38.824244" lon="-120.038391"/>
      <trkpt lat="38.824297" lon="-120.038413"/>
      <trkpt lat="38.824511" lon="-120.038403"/>
      <trkpt lat="38.824597" lon="-120.038418"/>
      <trkpt lat="38.824671" lon="-120.038449"/>
      <trkpt lat="38.824726" lon="-120.038487"/>
      <trkpt lat="38.824765" lon="-120.038538"/>
      <trkpt lat="38.824806" lon="-120.038567"/>
      <trkpt lat="38.824945" lon="-120.038603"/>
      <trkpt lat="38.824992" lon="-120.038638"/>
      <trkpt lat="38.825112" lon="-120.038794"/>
      <trkpt lat="38.825145" lon="-120.038819"/>
      <trkpt lat="38.825178" lon="-120.038825"/>
      <trkpt lat="38.825220" lon="-120.038820"/>
      <trkpt lat="38.825234" lon="-120.038803"/>
      <trkpt lat="38.825247" lon="-120.038759"/>
      <trkpt lat="38.825258" lon="-120.038732"/>
      <trkpt lat="38.825272" lon="-120.038721"/>
      <trkpt lat="38.825313" lon="-120.038717"/>
      <trkpt lat="38.825357" lon="-120.038720"/>
      <trkpt lat="38.825386" lon="-120.038712"/>
      <trkpt lat="38.825403" lon="-120.038693"/>
      <trkpt lat="38.825432" lon="-120.038572"/>
      <trkpt lat="38.825458" lon="-120.038550"/>
      <trkpt lat="38.825489" lon="-120.038546"/>
      <trkpt lat="38.825528" lon="-120.038559"/>
      <trkpt lat="38.825582" lon="-120.038618"/>
      <trkpt lat="38.825622" lon="-120.038646"/>
      <trkpt lat="38.825654" lon="-120.038638"/>
      <trkpt lat="38.825682" lon="-120.038619"/>
      <trkpt lat="38.825729" lon="-120.038528"/>
      <trkpt lat="38.825764" lon="-120.038508"/>
      <trkpt lat="38.825795" lon="-120.038503"/>
      <trkpt lat="38.825835" lon="-120.038520"/>
      <trkpt lat="38.825877" lon="-120.038551"/>
      <trkpt lat="38.825971" lon="-120.038685"/>
    </trkseg>
    <trkseg>
      <trkpt lat="38.822936" lon="-120.039794"/>
      <trkpt lat="38.823048" lon="-120.039992"/>
      <trkpt lat="38.823139" lon="-120.040163"/>
    </trkseg>
    <trkseg>
      <trkpt lat="38.822633" lon="-120.040136"/>
      <trkpt lat="38.822647" lon="-120.040081"/>
      <trkpt lat="38.822729" lon="-120.039954"/>
      <trkpt lat="38.822936" lon="-120.039794"/>
    </trkseg>
    <trkseg>
      <trkpt lat="38.739997" lon="-120.033920"/>
      <trkpt lat="38.740074" lon="-120.033979"/>
      <trkpt lat="38.740218" lon="-120.033947"/>
      <trkpt lat="38.740450" lon="-120.033853"/>
      <trkpt lat="38.740720" lon="-120.033807"/>
      <trkpt lat="38.740829" lon="-120.033837"/>
      <trkpt lat="38.740875" lon="-120.033880"/>
      <trkpt lat="38.740962" lon="-120.034048"/>
      <trkpt lat="38.741065" lon="-120.034108"/>
      <trkpt lat="38.741199" lon="-120.034124"/>
      <trkpt lat="38.741386" lon="-120.034076"/>
      <trkpt lat="38.741505" lon="-120.034076"/>
      <trkpt lat="38.741779" lon="-120.034094"/>
      <trkpt lat="38.741961" lon="-120.034100"/>
      <trkpt lat="38.742122" lon="-120.034145"/>
      <trkpt lat="38.742313" lon="-120.034250"/>
      <trkpt lat="38.742588" lon="-120.034349"/>
      <trkpt lat="38.742872" lon="-120.034482"/>
      <trkpt lat="38.743013" lon="-120.034411"/>
      <trkpt lat="38.743151" lon="-120.034272"/>
      <trkpt lat="38.743335" lon="-120.034196"/>
      <trkpt lat="38.743475" lon="-120.034190"/>
      <trkpt lat="38.743562" lon="-120.034280"/>
      <trkpt lat="38.743804" lon="-120.034191"/>
      <trkpt lat="38.743942" lon="-120.034229"/>
      <trkpt lat="38.744080" lon="-120.034154"/>
      <trkpt lat="38.744122" lon="-120.034282"/>
      <trkpt lat="38.744256" lon="-120.034304"/>
      <trkpt lat="38.744302" lon="-120.034368"/>
      <trkpt lat="38.744473" lon="-120.034382"/>
      <trkpt lat="38.744433" lon="-120.034453"/>
      <trkpt lat="38.744478" lon="-120.034502"/>
      <trkpt lat="38.744230" lon="-120.034810"/>
      <trkpt lat="38.743952" lon="-120.034978"/>
      <trkpt lat="38.743667" lon="-120.035302"/>
      <trkpt lat="38.743494" lon="-120.035575"/>
      <trkpt lat="38.743312" lon="-120.035783"/>
      <trkpt lat="38.743001" lon="-120.036192"/>
      <trkpt lat="38.743017" lon="-120.036417"/>
      <trkpt lat="38.742775" lon="-120.036739"/>
      <trkpt lat="38.742699" lon="-120.036964"/>
      <trkpt lat="38.742687" lon="-120.037173"/>
      <trkpt lat="38.742708" lon="-120.037345"/>
      <trkpt lat="38.742713" lon="-120.037548"/>
      <trkpt lat="38.742508" lon="-120.037878"/>
      <trkpt lat="38.742457" lon="-120.038214"/>
      <trkpt lat="38.742340" lon="-120.038620"/>
      <trkpt lat="38.742093" lon="-120.038933"/>
      <trkpt lat="38.742066" lon="-120.039185"/>
      <trkpt lat="38.742034" lon="-120.039301"/>
      <trkpt lat="38.742045" lon="-120.039448"/>
      <trkpt lat="38.742011" lon="-120.039631"/>
      <trkpt lat="38.741988" lon="-120.039692"/>
      <trkpt lat="38.741896" lon="-120.039861"/>
      <trkpt lat="38.741808" lon="-120.040140"/>
      <trkpt lat="38.741766" lon="-120.040210"/>
      <trkpt lat="38.741692" lon="-120.040360"/>
      <trkpt lat="38.741655" lon="-120.040497"/>
      <trkpt lat="38.741641" lon="-120.040661"/>
      <trkpt lat="38.741643" lon="-120.040824"/>
      <trkpt lat="38.741666" lon="-120.040939"/>
      <trkpt lat="38.741641" lon="-120.041202"/>
      <trkpt lat="38.741593" lon="-120.041367"/>
      <trkpt lat="38.741633" lon="-120.041607"/>
      <trkpt lat="38.741607" lon="-120.041760"/>
      <trkpt lat="38.741559" lon="-120.041892"/>
      <trkpt lat="38.741528" lon="-120.042012"/>
      <trkpt lat="38.741482" lon="-120.042227"/>
      <trkpt lat="38.741396" lon="-120.042369"/>
      <trkpt lat="38.741293" lon="-120.042506"/>
      <trkpt lat="38.741153" lon="-120.042643"/>
      <trkpt lat="38.741148" lon="-120.042693"/>
      <trkpt lat="38.741260" lon="-120.042940"/>
      <trkpt lat="38.741281" lon="-120.043096"/>
      <trkpt lat="38.741268" lon="-120.043168"/>
      <trkpt lat="38.741302" lon="-120.043321"/>
      <trkpt lat="38.741308" lon="-120.043434"/>
      <trkpt lat="38.741308" lon="-120.043533"/>
      <trkpt lat="38.741350" lon="-120.043612"/>
      <trkpt lat="38.741406" lon="-120.043681"/>
      <trkpt lat="38.741538" lon="-120.043823"/>
      <trkpt lat="38.741568" lon="-120.043879"/>
      <trkpt lat="38.741574" lon="-120.043954"/>
      <trkpt lat="38.741574" lon="-120.044196"/>
      <trkpt lat="38.741570" lon="-120.044230"/>
      <trkpt lat="38.741593" lon="-120.044279"/>
      <trkpt lat="38.741627" lon="-120.044310"/>
      <trkpt lat="38.741748" lon="-120.044383"/>
      <trkpt lat="38.741787" lon="-120.044432"/>
      <trkpt lat="38.741810" lon="-120.044480"/>
      <trkpt lat="38.741806" lon="-120.044539"/>
      <trkpt lat="38.741745" lon="-120.044705"/>
      <trkpt lat="38.741685" lon="-120.044770"/>
      <trkpt lat="38.741645" lon="-120.044845"/>
      <trkpt lat="38.741635" lon="-120.044915"/>
      <trkpt lat="38.741648" lon="-120.044988"/>
      <trkpt lat="38.741704" lon="-120.045059"/>
      <trkpt lat="38.741710" lon="-120.045252"/>
      <trkpt lat="38.741762" lon="-120.045376"/>
      <trkpt lat="38.741833" lon="-120.045443"/>
      <trkpt lat="38.742013" lon="-120.045491"/>
      <trkpt lat="38.742068" lon="-120.045518"/>
      <trkpt lat="38.742181" lon="-120.045521"/>
      <trkpt lat="38.742235" lon="-120.045553"/>
      <trkpt lat="38.742317" lon="-120.045582"/>
      <trkpt lat="38.742402" lon="-120.045644"/>
      <trkpt lat="38.742455" lon="-120.045692"/>
      <trkpt lat="38.742505" lon="-120.045679"/>
      <trkpt lat="38.742555" lon="-120.045679"/>
      <trkpt lat="38.742601" lon="-120.045698"/>
      <trkpt lat="38.742660" lon="-120.045743"/>
      <trkpt lat="38.742853" lon="-120.046047"/>
      <trkpt lat="38.742921" lon="-120.046127"/>
      <trkpt lat="38.742932" lon="-120.046227"/>
      <trkpt lat="38.742942" lon="-120.046274"/>
      <trkpt lat="38.742984" lon="-120.046285"/>
      <trkpt lat="38.743036" lon="-120.046325"/>
      <trkpt lat="38.743068" lon="-120.046387"/>
      <trkpt lat="38.743260" lon="-120.046551"/>
      <trkpt lat="38.743367" lon="-120.046602"/>
      <trkpt lat="38.743465" lon="-120.046612"/>
      <trkpt lat="38.743628" lon="-120.046695"/>
      <trkpt lat="38.743727" lon="-120.046725"/>
      <trkpt lat="38.743909" lon="-120.046862"/>
      <trkpt lat="38.743934" lon="-120.046910"/>
      <trkpt lat="38.744005" lon="-120.046945"/>
      <trkpt lat="38.744237" lon="-120.047146"/>
      <trkpt lat="38.744287" lon="-120.047162"/>
      <trkpt lat="38.744472" lon="-120.047452"/>
      <trkpt lat="38.744530" lon="-120.047487"/>
      <trkpt lat="38.744653" lon="-120.047479"/>
      <trkpt lat="38.744796" lon="-120.047479"/>
      <trkpt lat="38.744839" lon="-120.047457"/>
      <trkpt lat="38.744976" lon="-120.047471"/>
      <trkpt lat="38.745042" lon="-120.047460"/>
      <trkpt lat="38.745097" lon="-120.047473"/>
      <trkpt lat="38.745149" lon="-120.047436"/>
      <trkpt lat="38.745243" lon="-120.047425"/>
      <trkpt lat="38.745291" lon="-120.047428"/>
      <trkpt lat="38.745390" lon="-120.047404"/>
      <trkpt lat="38.745480" lon="-120.047437"/>
      <trkpt lat="38.745524" lon="-120.047473"/>
      <trkpt lat="38.745597" lon="-120.047573"/>
      <trkpt lat="38.745675" lon="-120.047690"/>
      <trkpt lat="38.745860" lon="-120.047806"/>
      <trkpt lat="38.745925" lon="-120.047876"/>
      <trkpt lat="38.746046" lon="-120.047900"/>
      <trkpt lat="38.746149" lon="-120.047969"/>
      <trkpt lat="38.746289" lon="-120.048026"/>
      <trkpt lat="38.746337" lon="-120.048034"/>
      <trkpt lat="38.746423" lon="-120.048098"/>
      <trkpt lat="38.746482" lon="-120.048163"/>
      <trkpt lat="38.746553" lon="-120.048203"/>
      <trkpt lat="38.746599" lon="-120.048171"/>
      <trkpt lat="38.746685" lon="-120.048157"/>
      <trkpt lat="38.746800" lon="-120.048187"/>
      <trkpt lat="38.746898" lon="-120.048195"/>
      <trkpt lat="38.747007" lon="-120.048230"/>
      <trkpt lat="38.747134" lon="-120.048216"/>
      <trkpt lat="38.747218" lon="-120.048162"/>
      <trkpt lat="38.747590" lon="-120.047849"/>
      <trkpt lat="38.747691" lon="-120.047779"/>
      <trkpt lat="38.747760" lon="-120.047763"/>
      <trkpt lat="38.747812" lon="-120.047803"/>
      <trkpt lat="38.747831" lon="-120.047857"/>
      <trkpt lat="38.747854" lon="-120.047892"/>
      <trkpt lat="38.748017" lon="-120.047972"/>
      <trkpt lat="38.748467" lon="-120.048289"/>
      <trkpt lat="38.748787" lon="-120.048584"/>
      <trkpt lat="38.748908" lon="-120.048640"/>
      <trkpt lat="38.748996" lon="-120.048712"/>
      <trkpt lat="38.749209" lon="-120.048734"/>
      <trkpt lat="38.749444" lon="-120.048900"/>
      <trkpt lat="38.749601" lon="-120.048954"/>
      <trkpt lat="38.749709" lon="-120.048981"/>
      <trkpt lat="38.749778" lon="-120.049030"/>
      <trkpt lat="38.749942" lon="-120.049308"/>
      <trkpt lat="38.750008" lon="-120.049391"/>
      <trkpt lat="38.750272" lon="-120.049531"/>
      <trkpt lat="38.750326" lon="-120.049603"/>
      <trkpt lat="38.751173" lon="-120.050155"/>
      <trkpt lat="38.751264" lon="-120.050274"/>
      <trkpt lat="38.751303" lon="-120.050381"/>
      <trkpt lat="38.751312" lon="-120.050492"/>
      <trkpt lat="38.751301" lon="-120.051035"/>
      <trkpt lat="38.751261" lon="-120.051167"/>
      <trkpt lat="38.751268" lon="-120.051234"/>
      <trkpt lat="38.751287" lon="-120.051288"/>
      <trkpt lat="38.751485" lon="-120.051507"/>
      <trkpt lat="38.751640" lon="-120.051635"/>
      <trkpt lat="38.751990" lon="-120.051858"/>
      <trkpt lat="38.752084" lon="-120.051878"/>
      <trkpt lat="38.752158" lon="-120.051850"/>
      <trkpt lat="38.752307" lon="-120.051753"/>
      <trkpt lat="38.752418" lon="-120.051711"/>
      <trkpt lat="38.752481" lon="-120.051655"/>
      <trkpt lat="38.752584" lon="-120.051644"/>
      <trkpt lat="38.752730" lon="-120.051719"/>
      <trkpt lat="38.753252" lon="-120.051978"/>
      <trkpt lat="38.753380" lon="-120.052049"/>
      <trkpt lat="38.753540" lon="-120.052020"/>
      <trkpt lat="38.753682" lon="-120.052071"/>
      <trkpt lat="38.753848" lon="-120.052193"/>
      <trkpt lat="38.753979" lon="-120.052216"/>
      <trkpt lat="38.754100" lon="-120.052178"/>
      <trkpt lat="38.754225" lon="-120.052006"/>
      <trkpt lat="38.754405" lon="-120.051776"/>
      <trkpt lat="38.754523" lon="-120.051717"/>
      <trkpt lat="38.754627" lon="-120.051770"/>
      <trkpt lat="38.755060" lon="-120.052065"/>
      <trkpt lat="38.755345" lon="-120.052293"/>
      <trkpt lat="38.755525" lon="-120.052373"/>
      <trkpt lat="38.755697" lon="-120.052378"/>
      <trkpt lat="38.755836" lon="-120.052360"/>
      <trkpt lat="38.755932" lon="-120.052194"/>
      <trkpt lat="38.756087" lon="-120.052124"/>
      <trkpt lat="38.756460" lon="-120.051862"/>
      <trkpt lat="38.756597" lon="-120.051706"/>
      <trkpt lat="38.756735" lon="-120.051593"/>
      <trkpt lat="38.756848" lon="-120.051588"/>
      <trkpt lat="38.756932" lon="-120.051535"/>
      <trkpt lat="38.757049" lon="-120.051475"/>
      <trkpt lat="38.757137" lon="-120.051362"/>
      <trkpt lat="38.757242" lon="-120.051105"/>
      <trkpt lat="38.757325" lon="-120.051068"/>
      <trkpt lat="38.757433" lon="-120.051220"/>
      <trkpt lat="38.757662" lon="-120.051350"/>
      <trkpt lat="38.757735" lon="-120.051330"/>
      <trkpt lat="38.757810" lon="-120.051235"/>
      <trkpt lat="38.757920" lon="-120.050892"/>
      <trkpt lat="38.757990" lon="-120.050837"/>
      <trkpt lat="38.758043" lon="-120.050683"/>
      <trkpt lat="38.758271" lon="-120.050510"/>
      <trkpt lat="38.758421" lon="-120.050295"/>
      <trkpt lat="38.758513" lon="-120.050204"/>
      <trkpt lat="38.758608" lon="-120.050093"/>
      <trkpt lat="38.758727" lon="-120.049978"/>
      <trkpt lat="38.758867" lon="-120.049737"/>
      <trkpt lat="38.759050" lon="-120.049703"/>
      <trkpt lat="38.759183" lon="-120.049662"/>
      <trkpt lat="38.759296" lon="-120.049595"/>
      <trkpt lat="38.759367" lon="-120.049485"/>
      <trkpt lat="38.759367" lon="-120.049391"/>
      <trkpt lat="38.759379" lon="-120.049329"/>
      <trkpt lat="38.759408" lon="-120.049286"/>
      <trkpt lat="38.759547" lon="-120.049292"/>
      <trkpt lat="38.759583" lon="-120.049258"/>
      <trkpt lat="38.759804" lon="-120.048957"/>
      <trkpt lat="38.759829" lon="-120.048855"/>
      <trkpt lat="38.759854" lon="-120.048814"/>
      <trkpt lat="38.759927" lon="-120.048817"/>
      <trkpt lat="38.760011" lon="-120.048892"/>
      <trkpt lat="38.760153" lon="-120.048879"/>
      <trkpt lat="38.760242" lon="-120.048898"/>
      <trkpt lat="38.760293" lon="-120.048924"/>
      <trkpt lat="38.760320" lon="-120.049040"/>
      <trkpt lat="38.760358" lon="-120.049120"/>
      <trkpt lat="38.760502" lon="-120.049265"/>
      <trkpt lat="38.760578" lon="-120.049415"/>
      <trkpt lat="38.760611" lon="-120.049552"/>
      <trkpt lat="38.760668" lon="-120.049646"/>
      <trkpt lat="38.760720" lon="-120.049684"/>
      <trkpt lat="38.760783" lon="-120.049710"/>
      <trkpt lat="38.760829" lon="-120.049702"/>
      <trkpt lat="38.760894" lon="-120.049651"/>
      <trkpt lat="38.760944" lon="-120.049600"/>
      <trkpt lat="38.760998" lon="-120.049587"/>
      <trkpt lat="38.761057" lon="-120.049587"/>
      <trkpt lat="38.761115" lon="-120.049627"/>
      <trkpt lat="38.761161" lon="-120.049651"/>
      <trkpt lat="38.761213" lon="-120.049705"/>
      <trkpt lat="38.761363" lon="-120.049933"/>
      <trkpt lat="38.761416" lon="-120.049981"/>
      <trkpt lat="38.761490" lon="-120.049989"/>
      <trkpt lat="38.761567" lon="-120.049973"/>
      <trkpt lat="38.761648" lon="-120.049927"/>
      <trkpt lat="38.761833" lon="-120.049712"/>
      <trkpt lat="38.761908" lon="-120.049724"/>
      <trkpt lat="38.762004" lon="-120.049705"/>
      <trkpt lat="38.762148" lon="-120.049619"/>
      <trkpt lat="38.762215" lon="-120.049547"/>
      <trkpt lat="38.762268" lon="-120.049477"/>
      <trkpt lat="38.762301" lon="-120.049249"/>
      <trkpt lat="38.762328" lon="-120.049160"/>
      <trkpt lat="38.762399" lon="-120.049085"/>
      <trkpt lat="38.762483" lon="-120.049034"/>
      <trkpt lat="38.762512" lon="-120.048959"/>
      <trkpt lat="38.762529" lon="-120.048898"/>
      <trkpt lat="38.762533" lon="-120.048808"/>
      <trkpt lat="38.762588" lon="-120.048750"/>
      <trkpt lat="38.762723" lon="-120.048737"/>
      <trkpt lat="38.762768" lon="-120.048678"/>
      <trkpt lat="38.762780" lon="-120.048600"/>
      <trkpt lat="38.762788" lon="-120.048482"/>
      <trkpt lat="38.762914" lon="-120.048246"/>
      <trkpt lat="38.762937" lon="-120.048063"/>
      <trkpt lat="38.763007" lon="-120.047895"/>
      <trkpt lat="38.763077" lon="-120.047809"/>
      <trkpt lat="38.763180" lon="-120.047632"/>
      <trkpt lat="38.763330" lon="-120.047511"/>
      <trkpt lat="38.763579" lon="-120.047350"/>
      <trkpt lat="38.763715" lon="-120.047243"/>
      <trkpt lat="38.763761" lon="-120.047218"/>
      <trkpt lat="38.763843" lon="-120.047232"/>
      <trkpt lat="38.763899" lon="-120.047213"/>
      <trkpt lat="38.763970" lon="-120.047162"/>
      <trkpt lat="38.764098" lon="-120.047151"/>
      <trkpt lat="38.764232" lon="-120.047154"/>
      <trkpt lat="38.764330" lon="-120.047165"/>
      <trkpt lat="38.764415" lon="-120.047200"/>
      <trkpt lat="38.764522" lon="-120.047302"/>
      <trkpt lat="38.764715" lon="-120.047379"/>
      <trkpt lat="38.764840" lon="-120.047492"/>
      <trkpt lat="38.764997" lon="-120.047610"/>
      <trkpt lat="38.765143" lon="-120.047688"/>
      <trkpt lat="38.765281" lon="-120.047709"/>
      <trkpt lat="38.765373" lon="-120.047778"/>
      <trkpt lat="38.765537" lon="-120.047865"/>
      <trkpt lat="38.765675" lon="-120.047868"/>
      <trkpt lat="38.765796" lon="-120.047900"/>
      <trkpt lat="38.765946" lon="-120.048037"/>
      <trkpt lat="38.765980" lon="-120.048093"/>
      <trkpt lat="38.766026" lon="-120.048122"/>
      <trkpt lat="38.766149" lon="-120.048163"/>
      <trkpt lat="38.766348" lon="-120.048203"/>
      <trkpt lat="38.766498" lon="-120.048214"/>
      <trkpt lat="38.766675" lon="-120.048280"/>
      <trkpt lat="38.766875" lon="-120.048332"/>
      <trkpt lat="38.766975" lon="-120.048326"/>
      <trkpt lat="38.767076" lon="-120.048275"/>
      <trkpt lat="38.767172" lon="-120.048246"/>
      <trkpt lat="38.767345" lon="-120.048283"/>
      <trkpt lat="38.767617" lon="-120.048250"/>
      <trkpt lat="38.767845" lon="-120.048337"/>
      <trkpt lat="38.768109" lon="-120.048535"/>
      <trkpt lat="38.768290" lon="-120.048593"/>
      <trkpt lat="38.768381" lon="-120.048729"/>
      <trkpt lat="38.768408" lon="-120.048806"/>
      <trkpt lat="38.768450" lon="-120.048844"/>
      <trkpt lat="38.768508" lon="-120.048833"/>
      <trkpt lat="38.768968" lon="-120.048557"/>
      <trkpt lat="38.769083" lon="-120.048517"/>
      <trkpt lat="38.769159" lon="-120.048538"/>
      <trkpt lat="38.769230" lon="-120.048594"/>
      <trkpt lat="38.769337" lon="-120.048718"/>
      <trkpt lat="38.769437" lon="-120.048933"/>
      <trkpt lat="38.769635" lon="-120.049174"/>
      <trkpt lat="38.769813" lon="-120.049329"/>
      <trkpt lat="38.770033" lon="-120.049469"/>
      <trkpt lat="38.770117" lon="-120.049628"/>
      <trkpt lat="38.770267" lon="-120.049785"/>
      <trkpt lat="38.770367" lon="-120.049863"/>
      <trkpt lat="38.770520" lon="-120.049898"/>
      <trkpt lat="38.770592" lon="-120.049953"/>
      <trkpt lat="38.770717" lon="-120.050188"/>
      <trkpt lat="38.770756" lon="-120.050212"/>
      <trkpt lat="38.770823" lon="-120.050188"/>
      <trkpt lat="38.770940" lon="-120.050070"/>
      <trkpt lat="38.771237" lon="-120.049877"/>
      <trkpt lat="38.771478" lon="-120.049775"/>
      <trkpt lat="38.771559" lon="-120.049818"/>
      <trkpt lat="38.771693" lon="-120.049958"/>
      <trkpt lat="38.771810" lon="-120.049968"/>
      <trkpt lat="38.771944" lon="-120.049930"/>
      <trkpt lat="38.772034" lon="-120.049938"/>
      <trkpt lat="38.772241" lon="-120.050075"/>
      <trkpt lat="38.772446" lon="-120.050322"/>
      <trkpt lat="38.772648" lon="-120.050470"/>
      <trkpt lat="38.772806" lon="-120.050536"/>
      <trkpt lat="38.772967" lon="-120.050617"/>
      <trkpt lat="38.773123" lon="-120.050679"/>
      <trkpt lat="38.773625" lon="-120.050703"/>
      <trkpt lat="38.773807" lon="-120.050748"/>
      <trkpt lat="38.773914" lon="-120.050799"/>
      <trkpt lat="38.774048" lon="-120.050818"/>
      <trkpt lat="38.774209" lon="-120.050904"/>
      <trkpt lat="38.774520" lon="-120.051048"/>
      <trkpt lat="38.774621" lon="-120.051118"/>
      <trkpt lat="38.774815" lon="-120.051137"/>
      <trkpt lat="38.775108" lon="-120.051325"/>
      <trkpt lat="38.775305" lon="-120.051500"/>
      <trkpt lat="38.775447" lon="-120.051561"/>
      <trkpt lat="38.775591" lon="-120.051561"/>
      <trkpt lat="38.775788" lon="-120.051601"/>
      <trkpt lat="38.775903" lon="-120.051591"/>
      <trkpt lat="38.776068" lon="-120.051540"/>
      <trkpt lat="38.776210" lon="-120.051531"/>
      <trkpt lat="38.776325" lon="-120.051538"/>
      <trkpt lat="38.776448" lon="-120.051582"/>
      <trkpt lat="38.776602" lon="-120.051593"/>
      <trkpt lat="38.776733" lon="-120.051658"/>
      <trkpt lat="38.776910" lon="-120.051687"/>
      <trkpt lat="38.777038" lon="-120.051679"/>
      <trkpt lat="38.777157" lon="-120.051623"/>
      <trkpt lat="38.777216" lon="-120.051628"/>
      <trkpt lat="38.777260" lon="-120.051652"/>
      <trkpt lat="38.777375" lon="-120.051688"/>
      <trkpt lat="38.777465" lon="-120.051760"/>
      <trkpt lat="38.777632" lon="-120.051765"/>
      <trkpt lat="38.777849" lon="-120.051690"/>
      <trkpt lat="38.777950" lon="-120.051652"/>
      <trkpt lat="38.778050" lon="-120.051599"/>
      <trkpt lat="38.778117" lon="-120.051540"/>
      <trkpt lat="38.778330" lon="-120.051186"/>
      <trkpt lat="38.778548" lon="-120.050874"/>
      <trkpt lat="38.778803" lon="-120.050536"/>
      <trkpt lat="38.778941" lon="-120.050316"/>
      <trkpt lat="38.779108" lon="-120.050113"/>
      <trkpt lat="38.779250" lon="-120.050000"/>
      <trkpt lat="38.779413" lon="-120.049742"/>
      <trkpt lat="38.779533" lon="-120.049422"/>
      <trkpt lat="38.779618" lon="-120.049087"/>
      <trkpt lat="38.779652" lon="-120.048600"/>
      <trkpt lat="38.779753" lon="-120.047978"/>
      <trkpt lat="38.779802" lon="-120.047795"/>
      <trkpt lat="38.779869" lon="-120.047350"/>
      <trkpt lat="38.779961" lon="-120.047098"/>
      <trkpt lat="38.780032" lon="-120.047012"/>
      <trkpt lat="38.780168" lon="-120.046948"/>
      <trkpt lat="38.780403" lon="-120.046695"/>
      <trkpt lat="38.780530" lon="-120.046508"/>
      <trkpt lat="38.780597" lon="-120.046175"/>
      <trkpt lat="38.780697" lon="-120.045971"/>
      <trkpt lat="38.780795" lon="-120.045902"/>
      <trkpt lat="38.780990" lon="-120.045733"/>
      <trkpt lat="38.781153" lon="-120.045558"/>
      <trkpt lat="38.781553" lon="-120.044828"/>
      <trkpt lat="38.781722" lon="-120.044637"/>
      <trkpt lat="38.781828" lon="-120.044577"/>
      <trkpt lat="38.782002" lon="-120.044542"/>
      <trkpt lat="38.782153" lon="-120.044453"/>
      <trkpt lat="38.782362" lon="-120.044287"/>
      <trkpt lat="38.782675" lon="-120.044061"/>
      <trkpt lat="38.782887" lon="-120.043898"/>
      <trkpt lat="38.783081" lon="-120.043844"/>
      <trkpt lat="38.783210" lon="-120.043828"/>
      <trkpt lat="38.783344" lon="-120.043774"/>
      <trkpt lat="38.783422" lon="-120.043683"/>
      <trkpt lat="38.783458" lon="-120.043573"/>
      <trkpt lat="38.783522" lon="-120.043490"/>
      <trkpt lat="38.783599" lon="-120.043450"/>
      <trkpt lat="38.783679" lon="-120.043453"/>
      <trkpt lat="38.783754" lon="-120.043407"/>
      <trkpt lat="38.783928" lon="-120.043286"/>
      <trkpt lat="38.784055" lon="-120.043262"/>
      <trkpt lat="38.784293" lon="-120.043117"/>
      <trkpt lat="38.784490" lon="-120.042959"/>
      <trkpt lat="38.784590" lon="-120.042844"/>
      <trkpt lat="38.784676" lon="-120.042726"/>
      <trkpt lat="38.784831" lon="-120.042640"/>
      <trkpt lat="38.785006" lon="-120.042501"/>
      <trkpt lat="38.785142" lon="-120.042315"/>
      <trkpt lat="38.785261" lon="-120.042179"/>
      <trkpt lat="38.785373" lon="-120.042087"/>
      <trkpt lat="38.785494" lon="-120.041964"/>
      <trkpt lat="38.785680" lon="-120.041902"/>
      <trkpt lat="38.785730" lon="-120.041894"/>
      <trkpt lat="38.785784" lon="-120.041924"/>
      <trkpt lat="38.785849" lon="-120.041994"/>
      <trkpt lat="38.785891" lon="-120.042077"/>
      <trkpt lat="38.785926" lon="-120.042173"/>
      <trkpt lat="38.785939" lon="-120.042525"/>
      <trkpt lat="38.785918" lon="-120.042827"/>
      <trkpt lat="38.785928" lon="-120.042991"/>
      <trkpt lat="38.785954" lon="-120.043099"/>
      <trkpt lat="38.785947" lon="-120.043160"/>
      <trkpt lat="38.785947" lon="-120.043254"/>
      <trkpt lat="38.786020" lon="-120.043268"/>
      <trkpt lat="38.786039" lon="-120.043337"/>
      <trkpt lat="38.785985" lon="-120.043423"/>
      <trkpt lat="38.785995" lon="-120.043509"/>
      <trkpt lat="38.786054" lon="-120.043581"/>
      <trkpt lat="38.786110" lon="-120.043608"/>
      <trkpt lat="38.786161" lon="-120.043611"/>
      <trkpt lat="38.786179" lon="-120.043662"/>
      <trkpt lat="38.786165" lon="-120.043734"/>
      <trkpt lat="38.786154" lon="-120.043842"/>
      <trkpt lat="38.786242" lon="-120.043970"/>
      <trkpt lat="38.786397" lon="-120.044112"/>
      <trkpt lat="38.786426" lon="-120.044225"/>
      <trkpt lat="38.786514" lon="-120.044410"/>
      <trkpt lat="38.786577" lon="-120.044523"/>
      <trkpt lat="38.786587" lon="-120.044654"/>
      <trkpt lat="38.786614" lon="-120.044780"/>
      <trkpt lat="38.786694" lon="-120.044915"/>
      <trkpt lat="38.787007" lon="-120.044898"/>
      <trkpt lat="38.787124" lon="-120.044829"/>
      <trkpt lat="38.787164" lon="-120.044772"/>
      <trkpt lat="38.787204" lon="-120.044614"/>
      <trkpt lat="38.787348" lon="-120.044428"/>
      <trkpt lat="38.787348" lon="-120.044378"/>
      <trkpt lat="38.787283" lon="-120.044357"/>
      <trkpt lat="38.787240" lon="-120.044275"/>
      <trkpt lat="38.787252" lon="-120.044236"/>
      <trkpt lat="38.787390" lon="-120.044166"/>
      <trkpt lat="38.787471" lon="-120.044067"/>
      <trkpt lat="38.787579" lon="-120.044028"/>
      <trkpt lat="38.787770" lon="-120.043888"/>
      <trkpt lat="38.787822" lon="-120.043810"/>
      <trkpt lat="38.787808" lon="-120.043764"/>
      <trkpt lat="38.787760" lon="-120.043742"/>
      <trkpt lat="38.787651" lon="-120.043729"/>
      <trkpt lat="38.787586" lon="-120.043665"/>
      <trkpt lat="38.787632" lon="-120.043603"/>
      <trkpt lat="38.787718" lon="-120.043531"/>
      <trkpt lat="38.787818" lon="-120.043537"/>
      <trkpt lat="38.787963" lon="-120.043504"/>
      <trkpt lat="38.788007" lon="-120.043445"/>
      <trkpt lat="38.787915" lon="-120.043348"/>
      <trkpt lat="38.787934" lon="-120.043265"/>
      <trkpt lat="38.787998" lon="-120.043249"/>
      <trkpt lat="38.788120" lon="-120.043237"/>
      <trkpt lat="38.788182" lon="-120.043193"/>
      <trkpt lat="38.788203" lon="-120.043115"/>
      <trkpt lat="38.788184" lon="-120.043042"/>
      <trkpt lat="38.788235" lon="-120.042970"/>
      <trkpt lat="38.788278" lon="-120.042844"/>
      <trkpt lat="38.788283" lon="-120.042694"/>
      <trkpt lat="38.788270" lon="-120.042600"/>
      <trkpt lat="38.788215" lon="-120.042498"/>
      <trkpt lat="38.788189" lon="-120.042380"/>
      <trkpt lat="38.788210" lon="-120.042286"/>
      <trkpt lat="38.788205" lon="-120.042154"/>
      <trkpt lat="38.788199" lon="-120.042034"/>
      <trkpt lat="38.788287" lon="-120.041851"/>
      <trkpt lat="38.788278" lon="-120.041631"/>
      <trkpt lat="38.788366" lon="-120.041395"/>
      <trkpt lat="38.788350" lon="-120.041138"/>
      <trkpt lat="38.788400" lon="-120.040843"/>
      <trkpt lat="38.788370" lon="-120.040296"/>
      <trkpt lat="38.788396" lon="-120.040188"/>
      <trkpt lat="38.788391" lon="-120.040044"/>
      <trkpt lat="38.788428" lon="-120.039765"/>
      <trkpt lat="38.788546" lon="-120.039614"/>
      <trkpt lat="38.788579" lon="-120.039368"/>
      <trkpt lat="38.788850" lon="-120.039205"/>
      <trkpt lat="38.788956" lon="-120.038885"/>
      <trkpt lat="38.789177" lon="-120.038480"/>
      <trkpt lat="38.789236" lon="-120.038032"/>
      <trkpt lat="38.789352" lon="-120.037640"/>
      <trkpt lat="38.789332" lon="-120.037544"/>
      <trkpt lat="38.789240" lon="-120.037453"/>
      <trkpt lat="38.789180" lon="-120.037292"/>
      <trkpt lat="38.789257" lon="-120.037104"/>
      <trkpt lat="38.789430" lon="-120.036925"/>
      <trkpt lat="38.789630" lon="-120.036898"/>
      <trkpt lat="38.789926" lon="-120.037002"/>
      <trkpt lat="38.790205" lon="-120.036855"/>
      <trkpt lat="38.790306" lon="-120.036814"/>
      <trkpt lat="38.790403" lon="-120.036841"/>
      <trkpt lat="38.790574" lon="-120.036744"/>
      <trkpt lat="38.790713" lon="-120.036860"/>
      <trkpt lat="38.790937" lon="-120.036867"/>
      <trkpt lat="38.791508" lon="-120.036690"/>
      <trkpt lat="38.792260" lon="-120.036577"/>
      <trkpt lat="38.792456" lon="-120.036487"/>
      <trkpt lat="38.792614" lon="-120.036492"/>
      <trkpt lat="38.792787" lon="-120.036440"/>
      <trkpt lat="38.793047" lon="-120.036483"/>
      <trkpt lat="38.793267" lon="-120.036433"/>
      <trkpt lat="38.793470" lon="-120.036338"/>
      <trkpt lat="38.793605" lon="-120.036122"/>
      <trkpt lat="38.793715" lon="-120.036035"/>
      <trkpt lat="38.793810" lon="-120.035972"/>
      <trkpt lat="38.793931" lon="-120.035983"/>
      <trkpt lat="38.793998" lon="-120.035940"/>
      <trkpt lat="38.794019" lon="-120.035875"/>
      <trkpt lat="38.794053" lon="-120.035851"/>
      <trkpt lat="38.794170" lon="-120.035846"/>
      <trkpt lat="38.794266" lon="-120.035881"/>
      <trkpt lat="38.794402" lon="-120.035948"/>
      <trkpt lat="38.794508" lon="-120.035975"/>
      <trkpt lat="38.794674" lon="-120.035967"/>
      <trkpt lat="38.794849" lon="-120.035985"/>
      <trkpt lat="38.794950" lon="-120.035962"/>
      <trkpt lat="38.795025" lon="-120.035913"/>
      <trkpt lat="38.795077" lon="-120.035840"/>
      <trkpt lat="38.795102" lon="-120.035784"/>
      <trkpt lat="38.795121" lon="-120.035661"/>
      <trkpt lat="38.795165" lon="-120.035582"/>
      <trkpt lat="38.795238" lon="-120.035524"/>
      <trkpt lat="38.795322" lon="-120.035489"/>
      <trkpt lat="38.795408" lon="-120.035483"/>
      <trkpt lat="38.795500" lon="-120.035502"/>
      <trkpt lat="38.795823" lon="-120.035835"/>
      <trkpt lat="38.795949" lon="-120.036019"/>
      <trkpt lat="38.795980" lon="-120.036089"/>
      <trkpt lat="38.796009" lon="-120.036082"/>
      <trkpt lat="38.796026" lon="-120.036000"/>
      <trkpt lat="38.796064" lon="-120.035913"/>
      <trkpt lat="38.796139" lon="-120.035814"/>
      <trkpt lat="38.796207" lon="-120.035783"/>
      <trkpt lat="38.796365" lon="-120.035780"/>
      <trkpt lat="38.796413" lon="-120.035765"/>
      <trkpt lat="38.796450" lon="-120.035744"/>
      <trkpt lat="38.796610" lon="-120.035573"/>
      <trkpt lat="38.796666" lon="-120.035436"/>
      <trkpt lat="38.796782" lon="-120.035085"/>
      <trkpt lat="38.796814" lon="-120.034953"/>
      <trkpt lat="38.796937" lon="-120.034842"/>
      <trkpt lat="38.796971" lon="-120.034776"/>
      <trkpt lat="38.797000" lon="-120.034757"/>
      <trkpt lat="38.797027" lon="-120.034778"/>
      <trkpt lat="38.797082" lon="-120.034797"/>
      <trkpt lat="38.797094" lon="-120.034848"/>
      <trkpt lat="38.797145" lon="-120.034888"/>
      <trkpt lat="38.797198" lon="-120.034867"/>
      <trkpt lat="38.797236" lon="-120.034837"/>
      <trkpt lat="38.797251" lon="-120.034770"/>
      <trkpt lat="38.797236" lon="-120.034709"/>
      <trkpt lat="38.797251" lon="-120.034524"/>
      <trkpt lat="38.797188" lon="-120.034357"/>
      <trkpt lat="38.797184" lon="-120.034229"/>
      <trkpt lat="38.797242" lon="-120.034133"/>
      <trkpt lat="38.797291" lon="-120.034137"/>
      <trkpt lat="38.797325" lon="-120.034185"/>
      <trkpt lat="38.797393" lon="-120.034266"/>
      <trkpt lat="38.797402" lon="-120.034352"/>
      <trkpt lat="38.797544" lon="-120.034706"/>
      <trkpt lat="38.797619" lon="-120.034931"/>
      <trkpt lat="38.797617" lon="-120.035183"/>
      <trkpt lat="38.797717" lon="-120.035428"/>
      <trkpt lat="38.797730" lon="-120.035732"/>
      <trkpt lat="38.798056" lon="-120.036033"/>
      <trkpt lat="38.798104" lon="-120.036126"/>
      <trkpt lat="38.798119" lon="-120.036174"/>
      <trkpt lat="38.798202" lon="-120.036275"/>
      <trkpt lat="38.798305" lon="-120.036337"/>
      <trkpt lat="38.798513" lon="-120.036358"/>
      <trkpt lat="38.798597" lon="-120.036423"/>
      <trkpt lat="38.798660" lon="-120.036578"/>
      <trkpt lat="38.799002" lon="-120.036860"/>
      <trkpt lat="38.799252" lon="-120.036905"/>
      <trkpt lat="38.799463" lon="-120.037093"/>
      <trkpt lat="38.799705" lon="-120.037233"/>
      <trkpt lat="38.799868" lon="-120.037302"/>
      <trkpt lat="38.800140" lon="-120.037281"/>
      <trkpt lat="38.800230" lon="-120.037324"/>
      <trkpt lat="38.800337" lon="-120.037394"/>
      <trkpt lat="38.800426" lon="-120.037372"/>
      <trkpt lat="38.800464" lon="-120.037318"/>
      <trkpt lat="38.800470" lon="-120.037222"/>
      <trkpt lat="38.800516" lon="-120.037088"/>
      <trkpt lat="38.800612" lon="-120.037022"/>
      <trkpt lat="38.800746" lon="-120.036873"/>
      <trkpt lat="38.800989" lon="-120.036707"/>
      <trkpt lat="38.801265" lon="-120.036594"/>
      <trkpt lat="38.801386" lon="-120.036401"/>
      <trkpt lat="38.801524" lon="-120.036256"/>
      <trkpt lat="38.801582" lon="-120.036047"/>
      <trkpt lat="38.801674" lon="-120.035875"/>
      <trkpt lat="38.801729" lon="-120.035731"/>
      <trkpt lat="38.801729" lon="-120.035527"/>
      <trkpt lat="38.801885" lon="-120.035065"/>
      <trkpt lat="38.801943" lon="-120.034587"/>
      <trkpt lat="38.801958" lon="-120.033932"/>
      <trkpt lat="38.802032" lon="-120.033552"/>
      <trkpt lat="38.802032" lon="-120.033185"/>
      <trkpt lat="38.801947" lon="-120.032665"/>
      <trkpt lat="38.801971" lon="-120.032244"/>
      <trkpt lat="38.802051" lon="-120.032008"/>
      <trkpt lat="38.802172" lon="-120.031863"/>
      <trkpt lat="38.802337" lon="-120.031855"/>
      <trkpt lat="38.802552" lon="-120.031782"/>
      <trkpt lat="38.802690" lon="-120.031838"/>
      <trkpt lat="38.802836" lon="-120.031756"/>
      <trkpt lat="38.802962" lon="-120.031734"/>
      <trkpt lat="38.803079" lon="-120.031793"/>
      <trkpt lat="38.803230" lon="-120.031766"/>
      <trkpt lat="38.803385" lon="-120.031705"/>
      <trkpt lat="38.803485" lon="-120.031815"/>
      <trkpt lat="38.803652" lon="-120.031852"/>
      <trkpt lat="38.803768" lon="-120.031958"/>
      <trkpt lat="38.803898" lon="-120.031992"/>
      <trkpt lat="38.803997" lon="-120.031973"/>
      <trkpt lat="38.804063" lon="-120.031997"/>
      <trkpt lat="38.804170" lon="-120.032263"/>
      <trkpt lat="38.804277" lon="-120.032389"/>
      <trkpt lat="38.804408" lon="-120.032450"/>
      <trkpt lat="38.804550" lon="-120.032477"/>
      <trkpt lat="38.804668" lon="-120.032555"/>
      <trkpt lat="38.804803" lon="-120.032724"/>
      <trkpt lat="38.804921" lon="-120.032834"/>
      <trkpt lat="38.805054" lon="-120.032895"/>
      <trkpt lat="38.805213" lon="-120.032933"/>
      <trkpt lat="38.805316" lon="-120.032930"/>
      <trkpt lat="38.805376" lon="-120.032882"/>
      <trkpt lat="38.805481" lon="-120.032828"/>
      <trkpt lat="38.805554" lon="-120.032812"/>
      <trkpt lat="38.805681" lon="-120.032853"/>
      <trkpt lat="38.805761" lon="-120.032893"/>
      <trkpt lat="38.805978" lon="-120.033078"/>
      <trkpt lat="38.806087" lon="-120.033105"/>
      <trkpt lat="38.806225" lon="-120.033110"/>
      <trkpt lat="38.806430" lon="-120.033064"/>
      <trkpt lat="38.806789" lon="-120.032957"/>
      <trkpt lat="38.806875" lon="-120.032963"/>
      <trkpt lat="38.806969" lon="-120.033011"/>
      <trkpt lat="38.807050" lon="-120.033081"/>
      <trkpt lat="38.807283" lon="-120.033248"/>
      <trkpt lat="38.807395" lon="-120.033381"/>
      <trkpt lat="38.807552" lon="-120.033748"/>
      <trkpt lat="38.807654" lon="-120.033968"/>
      <trkpt lat="38.807786" lon="-120.034148"/>
      <trkpt lat="38.807857" lon="-120.034285"/>
      <trkpt lat="38.807964" lon="-120.034345"/>
      <trkpt lat="38.808079" lon="-120.034508"/>
      <trkpt lat="38.808194" lon="-120.034607"/>
      <trkpt lat="38.808277" lon="-120.034650"/>
      <trkpt lat="38.808384" lon="-120.034682"/>
      <trkpt lat="38.808557" lon="-120.034757"/>
      <trkpt lat="38.808929" lon="-120.034800"/>
      <trkpt lat="38.808992" lon="-120.034880"/>
      <trkpt lat="38.809049" lon="-120.035001"/>
      <trkpt lat="38.809199" lon="-120.035154"/>
      <trkpt lat="38.809375" lon="-120.035280"/>
      <trkpt lat="38.809469" lon="-120.035385"/>
      <trkpt lat="38.809552" lon="-120.035487"/>
      <trkpt lat="38.809837" lon="-120.035747"/>
      <trkpt lat="38.809941" lon="-120.035816"/>
      <trkpt lat="38.810282" lon="-120.035959"/>
      <trkpt lat="38.810449" lon="-120.036034"/>
      <trkpt lat="38.810643" lon="-120.036098"/>
      <trkpt lat="38.810812" lon="-120.036165"/>
      <trkpt lat="38.811095" lon="-120.036235"/>
      <trkpt lat="38.811138" lon="-120.036217"/>
      <trkpt lat="38.811155" lon="-120.036173"/>
      <trkpt lat="38.811172" lon="-120.036153"/>
      <trkpt lat="38.811192" lon="-120.036086"/>
      <trkpt lat="38.811208" lon="-120.036047"/>
      <trkpt lat="38.811245" lon="-120.036012"/>
      <trkpt lat="38.811270" lon="-120.035945"/>
      <trkpt lat="38.811310" lon="-120.035932"/>
      <trkpt lat="38.811333" lon="-120.035961"/>
      <trkpt lat="38.811341" lon="-120.036039"/>
      <trkpt lat="38.811352" lon="-120.036095"/>
      <trkpt lat="38.811389" lon="-120.036109"/>
      <trkpt lat="38.811456" lon="-120.036095"/>
      <trkpt lat="38.811561" lon="-120.036044"/>
      <trkpt lat="38.811644" lon="-120.036042"/>
      <trkpt lat="38.811713" lon="-120.036028"/>
      <trkpt lat="38.811761" lon="-120.035956"/>
      <trkpt lat="38.811830" lon="-120.035825"/>
      <trkpt lat="38.811893" lon="-120.035721"/>
      <trkpt lat="38.811926" lon="-120.035689"/>
      <trkpt lat="38.811973" lon="-120.035693"/>
      <trkpt lat="38.811999" lon="-120.035690"/>
      <trkpt lat="38.812023" lon="-120.035665"/>
      <trkpt lat="38.812122" lon="-120.035519"/>
      <trkpt lat="38.812182" lon="-120.035446"/>
      <trkpt lat="38.812245" lon="-120.035417"/>
      <trkpt lat="38.812306" lon="-120.035433"/>
      <trkpt lat="38.812373" lon="-120.035444"/>
      <trkpt lat="38.812430" lon="-120.035417"/>
      <trkpt lat="38.812531" lon="-120.035409"/>
      <trkpt lat="38.812639" lon="-120.035393"/>
      <trkpt lat="38.812708" lon="-120.035352"/>
      <trkpt lat="38.812756" lon="-120.035336"/>
      <trkpt lat="38.812801" lon="-120.035327"/>
      <trkpt lat="38.812839" lon="-120.035336"/>
      <trkpt lat="38.812895" lon="-120.035381"/>
      <trkpt lat="38.812984" lon="-120.035425"/>
      <trkpt lat="38.813080" lon="-120.035411"/>
      <trkpt lat="38.813127" lon="-120.035362"/>
      <trkpt lat="38.813178" lon="-120.035347"/>
      <trkpt lat="38.813236" lon="-120.035311"/>
      <trkpt lat="38.813304" lon="-120.035295"/>
      <trkpt lat="38.813410" lon="-120.035258"/>
      <trkpt lat="38.813500" lon="-120.035221"/>
      <trkpt lat="38.813555" lon="-120.035183"/>
      <trkpt lat="38.813682" lon="-120.035210"/>
      <trkpt lat="38.813773" lon="-120.035179"/>
      <trkpt lat="38.813843" lon="-120.035201"/>
      <trkpt lat="38.813968" lon="-120.035200"/>
      <trkpt lat="38.814017" lon="-120.035179"/>
      <trkpt lat="38.814082" lon="-120.035174"/>
      <trkpt lat="38.814144" lon="-120.035159"/>
      <trkpt lat="38.814225" lon="-120.035150"/>
      <trkpt lat="38.814534" lon="-120.035163"/>
      <trkpt lat="38.814652" lon="-120.035181"/>
      <trkpt lat="38.814727" lon="-120.035170"/>
      <trkpt lat="38.814816" lon="-120.035131"/>
      <trkpt lat="38.814853" lon="-120.035145"/>
      <trkpt lat="38.814935" lon="-120.035136"/>
      <trkpt lat="38.815078" lon="-120.035094"/>
      <trkpt lat="38.815127" lon="-120.035087"/>
      <trkpt lat="38.815283" lon="-120.035091"/>
      <trkpt lat="38.815342" lon="-120.035111"/>
      <trkpt lat="38.815427" lon="-120.035115"/>
      <trkpt lat="38.815749" lon="-120.035267"/>
      <trkpt lat="38.815833" lon="-120.035289"/>
      <trkpt lat="38.815877" lon="-120.035334"/>
      <trkpt lat="38.815958" lon="-120.035387"/>
      <trkpt lat="38.816063" lon="-120.035426"/>
      <trkpt lat="38.816119" lon="-120.035469"/>
      <trkpt lat="38.816278" lon="-120.035533"/>
      <trkpt lat="38.816413" lon="-120.035621"/>
      <trkpt lat="38.816543" lon="-120.035741"/>
      <trkpt lat="38.816620" lon="-120.035798"/>
      <trkpt lat="38.816647" lon="-120.035862"/>
      <trkpt lat="38.816674" lon="-120.035959"/>
      <trkpt lat="38.816792" lon="-120.036468"/>
      <trkpt lat="38.816989" lon="-120.036929"/>
      <trkpt lat="38.817120" lon="-120.037222"/>
      <trkpt lat="38.817259" lon="-120.037446"/>
      <trkpt lat="38.817364" lon="-120.037587"/>
      <trkpt lat="38.817601" lon="-120.037835"/>
      <trkpt lat="38.817690" lon="-120.037909"/>
      <trkpt lat="38.817748" lon="-120.037964"/>
      <trkpt lat="38.817800" lon="-120.038051"/>
      <trkpt lat="38.818002" lon="-120.038295"/>
      <trkpt lat="38.818071" lon="-120.038405"/>
      <trkpt lat="38.818128" lon="-120.038464"/>
      <trkpt lat="38.818225" lon="-120.038523"/>
      <trkpt lat="38.818374" lon="-120.038669"/>
      <trkpt lat="38.818526" lon="-120.038799"/>
      <trkpt lat="38.818650" lon="-120.038885"/>
      <trkpt lat="38.818835" lon="-120.039086"/>
      <trkpt lat="38.818911" lon="-120.039126"/>
      <trkpt lat="38.818970" lon="-120.039179"/>
      <trkpt lat="38.819047" lon="-120.039276"/>
      <trkpt lat="38.819189" lon="-120.039397"/>
      <trkpt lat="38.819314" lon="-120.039472"/>
      <trkpt lat="38.819387" lon="-120.039496"/>
      <trkpt lat="38.819492" lon="-120.039596"/>
      <trkpt lat="38.819571" lon="-120.039633"/>
      <trkpt lat="38.819682" lon="-120.039652"/>
      <trkpt lat="38.819753" lon="-120.039677"/>
      <trkpt lat="38.819818" lon="-120.039740"/>
      <trkpt lat="38.819893" lon="-120.039778"/>
      <trkpt lat="38.820026" lon="-120.039769"/>
      <trkpt lat="38.820127" lon="-120.039821"/>
      <trkpt lat="38.820306" lon="-120.039923"/>
      <trkpt lat="38.820338" lon="-120.039982"/>
      <trkpt lat="38.820418" lon="-120.040033"/>
      <trkpt lat="38.820465" lon="-120.040044"/>
      <trkpt lat="38.820510" lon="-120.040036"/>
      <trkpt lat="38.820614" lon="-120.040003"/>
      <trkpt lat="38.820712" lon="-120.039960"/>
      <trkpt lat="38.820779" lon="-120.039851"/>
      <trkpt lat="38.820814" lon="-120.039809"/>
      <trkpt lat="38.820825" lon="-120.039749"/>
      <trkpt lat="38.820871" lon="-120.039647"/>
      <trkpt lat="38.820905" lon="-120.039582"/>
      <trkpt lat="38.820949" lon="-120.039563"/>
      <trkpt lat="38.820983" lon="-120.039513"/>
      <trkpt lat="38.821013" lon="-120.039488"/>
      <trkpt lat="38.821080" lon="-120.039494"/>
      <trkpt lat="38.821120" lon="-120.039539"/>
      <trkpt lat="38.821164" lon="-120.039633"/>
      <trkpt lat="38.821210" lon="-120.039673"/>
      <trkpt lat="38.821240" lon="-120.039676"/>
      <trkpt lat="38.821260" lon="-120.039655"/>
      <trkpt lat="38.821320" lon="-120.039566"/>
      <trkpt lat="38.821419" lon="-120.039402"/>
      <trkpt lat="38.821486" lon="-120.039365"/>
      <trkpt lat="38.821573" lon="-120.039354"/>
      <trkpt lat="38.821657" lon="-120.039389"/>
      <trkpt lat="38.821714" lon="-120.039450"/>
      <trkpt lat="38.821801" lon="-120.039456"/>
      <trkpt lat="38.821895" lon="-120.039505"/>
      <trkpt lat="38.821982" lon="-120.039588"/>
      <trkpt lat="38.822033" lon="-120.039616"/>
      <trkpt lat="38.822087" lon="-120.039621"/>
      <trkpt lat="38.822126" lon="-120.039596"/>
      <trkpt lat="38.822150" lon="-120.039547"/>
      <trkpt lat="38.822186" lon="-120.039525"/>
      <trkpt lat="38.822228" lon="-120.039526"/>
      <trkpt lat="38.822266" lon="-120.039557"/>
      <trkpt lat="38.822330" lon="-120.039742"/>
      <trkpt lat="38.822355" lon="-120.039833"/>
      <trkpt lat="38.822440" lon="-120.039983"/>
      <trkpt lat="38.822537" lon="-120.040080"/>
      <trkpt lat="38.822633" lon="-120.040136"/>
    </trkseg>
    <trkseg>
      <trkpt lat="38.722236" lon="-120.012170"/>
      <trkpt lat="38.722308" lon="-120.012208"/>
      <trkpt lat="38.722451" lon="-120.012236"/>
      <trkpt lat="38.722549" lon="-120.012247"/>
      <trkpt lat="38.722622" lon="-120.012237"/>
      <trkpt lat="38.722698" lon="-120.012200"/>
      <trkpt lat="38.722762" lon="-120.012150"/>
      <trkpt lat="38.722800" lon="-120.012133"/>
      <trkpt lat="38.722844" lon="-120.012139"/>
      <trkpt lat="38.722891" lon="-120.012165"/>
      <trkpt lat="38.723009" lon="-120.012280"/>
      <trkpt lat="38.723148" lon="-120.012475"/>
      <trkpt lat="38.723265" lon="-120.012613"/>
      <trkpt lat="38.723331" lon="-120.012734"/>
      <trkpt lat="38.723407" lon="-120.012956"/>
      <trkpt lat="38.723432" lon="-120.013106"/>
      <trkpt lat="38.723427" lon="-120.013214"/>
      <trkpt lat="38.723472" lon="-120.013326"/>
      <trkpt lat="38.723587" lon="-120.013565"/>
      <trkpt lat="38.723647" lon="-120.013710"/>
      <trkpt lat="38.723659" lon="-120.013817"/>
      <trkpt lat="38.723659" lon="-120.013918"/>
      <trkpt lat="38.723689" lon="-120.014096"/>
      <trkpt lat="38.723817" lon="-120.014359"/>
      <trkpt lat="38.723919" lon="-120.014486"/>
      <trkpt lat="38.724005" lon="-120.014567"/>
      <trkpt lat="38.724122" lon="-120.014636"/>
      <trkpt lat="38.724263" lon="-120.014756"/>
      <trkpt lat="38.724332" lon="-120.014844"/>
      <trkpt lat="38.724463" lon="-120.014986"/>
      <trkpt lat="38.724534" lon="-120.015057"/>
      <trkpt lat="38.724605" lon="-120.015094"/>
      <trkpt lat="38.724747" lon="-120.015177"/>
      <trkpt lat="38.725020" lon="-120.015271"/>
      <trkpt lat="38.725283" lon="-120.015405"/>
      <trkpt lat="38.725597" lon="-120.015619"/>
      <trkpt lat="38.725861" lon="-120.015893"/>
      <trkpt lat="38.726142" lon="-120.016244"/>
      <trkpt lat="38.726363" lon="-120.016472"/>
      <trkpt lat="38.726459" lon="-120.016676"/>
      <trkpt lat="38.726518" lon="-120.016762"/>
      <trkpt lat="38.726846" lon="-120.016960"/>
      <trkpt lat="38.727058" lon="-120.017105"/>
      <trkpt lat="38.727271" lon="-120.017349"/>
      <trkpt lat="38.727361" lon="-120.017505"/>
      <trkpt lat="38.727447" lon="-120.017626"/>
      <trkpt lat="38.727547" lon="-120.017803"/>
      <trkpt lat="38.727738" lon="-120.018057"/>
      <trkpt lat="38.727865" lon="-120.018205"/>
      <trkpt lat="38.728110" lon="-120.018545"/>
      <trkpt lat="38.728136" lon="-120.018579"/>
      <trkpt lat="38.728186" lon="-120.018597"/>
      <trkpt lat="38.728253" lon="-120.018679"/>
      <trkpt lat="38.728334" lon="-120.018763"/>
      <trkpt lat="38.728510" lon="-120.018878"/>
      <trkpt lat="38.728748" lon="-120.019026"/>
      <trkpt lat="38.728895" lon="-120.019235"/>
      <trkpt lat="38.729000" lon="-120.019364"/>
      <trkpt lat="38.729059" lon="-120.019501"/>
      <trkpt lat="38.729199" lon="-120.019730"/>
      <trkpt lat="38.729379" lon="-120.019983"/>
      <trkpt lat="38.729489" lon="-120.020100"/>
      <trkpt lat="38.729548" lon="-120.020217"/>
      <trkpt lat="38.729623" lon="-120.020447"/>
      <trkpt lat="38.729694" lon="-120.020589"/>
      <trkpt lat="38.729760" lon="-120.020761"/>
      <trkpt lat="38.729909" lon="-120.020897"/>
      <trkpt lat="38.730113" lon="-120.021048"/>
      <trkpt lat="38.730241" lon="-120.021171"/>
      <trkpt lat="38.730321" lon="-120.021228"/>
      <trkpt lat="38.730428" lon="-120.021284"/>
      <trkpt lat="38.730496" lon="-120.021318"/>
      <trkpt lat="38.730663" lon="-120.021506"/>
      <trkpt lat="38.730822" lon="-120.021601"/>
      <trkpt lat="38.730929" lon="-120.021649"/>
      <trkpt lat="38.730975" lon="-120.021799"/>
      <trkpt lat="38.731130" lon="-120.021788"/>
      <trkpt lat="38.731351" lon="-120.021810"/>
      <trkpt lat="38.731828" lon="-120.021606"/>
      <trkpt lat="38.732096" lon="-120.021440"/>
      <trkpt lat="38.732302" lon="-120.021439"/>
      <trkpt lat="38.732494" lon="-120.021274"/>
      <trkpt lat="38.732678" lon="-120.021236"/>
      <trkpt lat="38.732841" lon="-120.021252"/>
      <trkpt lat="38.732983" lon="-120.021327"/>
      <trkpt lat="38.733105" lon="-120.021445"/>
      <trkpt lat="38.733184" lon="-120.021601"/>
      <trkpt lat="38.733289" lon="-120.021634"/>
      <trkpt lat="38.733477" lon="-120.021719"/>
      <trkpt lat="38.733540" lon="-120.021928"/>
      <trkpt lat="38.733552" lon="-120.022083"/>
      <trkpt lat="38.733622" lon="-120.022214"/>
      <trkpt lat="38.733815" lon="-120.022523"/>
      <trkpt lat="38.733820" lon="-120.022647"/>
      <trkpt lat="38.733879" lon="-120.022743"/>
      <trkpt lat="38.734034" lon="-120.022829"/>
      <trkpt lat="38.734249" lon="-120.022926"/>
      <trkpt lat="38.734402" lon="-120.023028"/>
      <trkpt lat="38.734915" lon="-120.023753"/>
      <trkpt lat="38.734949" lon="-120.023836"/>
      <trkpt lat="38.734999" lon="-120.023974"/>
      <trkpt lat="38.735000" lon="-120.024133"/>
      <trkpt lat="38.735018" lon="-120.024181"/>
      <trkpt lat="38.735118" lon="-120.024216"/>
      <trkpt lat="38.735212" lon="-120.024286"/>
      <trkpt lat="38.735358" lon="-120.024350"/>
      <trkpt lat="38.735410" lon="-120.024385"/>
      <trkpt lat="38.735547" lon="-120.024610"/>
      <trkpt lat="38.735584" lon="-120.024704"/>
      <trkpt lat="38.735733" lon="-120.024806"/>
      <trkpt lat="38.735833" lon="-120.024951"/>
      <trkpt lat="38.736083" lon="-120.025487"/>
      <trkpt lat="38.736515" lon="-120.026080"/>
      <trkpt lat="38.736636" lon="-120.026348"/>
      <trkpt lat="38.736603" lon="-120.026568"/>
      <trkpt lat="38.736683" lon="-120.026835"/>
      <trkpt lat="38.736590" lon="-120.026958"/>
      <trkpt lat="38.736660" lon="-120.027315"/>
      <trkpt lat="38.736523" lon="-120.027578"/>
      <trkpt lat="38.736578" lon="-120.027928"/>
      <trkpt lat="38.736517" lon="-120.028293"/>
      <trkpt lat="38.736595" lon="-120.028569"/>
      <trkpt lat="38.736748" lon="-120.028938"/>
      <trkpt lat="38.736967" lon="-120.029175"/>
      <trkpt lat="38.737021" lon="-120.029170"/>
      <trkpt lat="38.737118" lon="-120.029197"/>
      <trkpt lat="38.737176" lon="-120.029283"/>
      <trkpt lat="38.737152" lon="-120.029370"/>
      <trkpt lat="38.737063" lon="-120.029395"/>
      <trkpt lat="38.736988" lon="-120.029363"/>
      <trkpt lat="38.736908" lon="-120.029390"/>
      <trkpt lat="38.736841" lon="-120.029486"/>
      <trkpt lat="38.736877" lon="-120.029603"/>
      <trkpt lat="38.736954" lon="-120.029723"/>
      <trkpt lat="38.737045" lon="-120.029923"/>
      <trkpt lat="38.737218" lon="-120.030055"/>
      <trkpt lat="38.737517" lon="-120.030375"/>
      <trkpt lat="38.737762" lon="-120.030473"/>
      <trkpt lat="38.737867" lon="-120.030645"/>
      <trkpt lat="38.738025" lon="-120.030835"/>
      <trkpt lat="38.738073" lon="-120.031180"/>
      <trkpt lat="38.738198" lon="-120.031443"/>
      <trkpt lat="38.738478" lon="-120.031643"/>
      <trkpt lat="38.738650" lon="-120.031818"/>
      <trkpt lat="38.738766" lon="-120.032045"/>
      <trkpt lat="38.738947" lon="-120.032285"/>
      <trkpt lat="38.739222" lon="-120.032445"/>
      <trkpt lat="38.739319" lon="-120.032517"/>
      <trkpt lat="38.739492" lon="-120.032747"/>
      <trkpt lat="38.739766" lon="-120.032716"/>
      <trkpt lat="38.740083" lon="-120.032743"/>
      <trkpt lat="38.740235" lon="-120.032812"/>
      <trkpt lat="38.740312" lon="-120.032900"/>
      <trkpt lat="38.740268" lon="-120.032984"/>
      <trkpt lat="38.739984" lon="-120.033182"/>
      <trkpt lat="38.739843" lon="-120.033363"/>
      <trkpt lat="38.739845" lon="-120.033578"/>
      <trkpt lat="38.739997" lon="-120.033920"/>
    </trkseg>
    <trkseg>
      <trkpt lat="38.695699" lon="-119.989634"/>
      <trkpt lat="38.696032" lon="-119.989702"/>
      <trkpt lat="38.696728" lon="-119.990523"/>
      <trkpt lat="38.696808" lon="-119.990700"/>
      <trkpt lat="38.696825" lon="-119.990881"/>
      <trkpt lat="38.696815" lon="-119.991112"/>
      <trkpt lat="38.696795" lon="-119.991326"/>
      <trkpt lat="38.696814" lon="-119.991494"/>
      <trkpt lat="38.696762" lon="-119.991669"/>
      <trkpt lat="38.696734" lon="-119.991886"/>
      <trkpt lat="38.696767" lon="-119.991946"/>
      <trkpt lat="38.696768" lon="-119.992016"/>
      <trkpt lat="38.696736" lon="-119.992151"/>
      <trkpt lat="38.696767" lon="-119.992243"/>
      <trkpt lat="38.696700" lon="-119.992555"/>
      <trkpt lat="38.696477" lon="-119.992672"/>
      <trkpt lat="38.696242" lon="-119.992962"/>
      <trkpt lat="38.696060" lon="-119.993518"/>
      <trkpt lat="38.696099" lon="-119.993682"/>
      <trkpt lat="38.696085" lon="-119.993885"/>
      <trkpt lat="38.696044" lon="-119.993944"/>
      <trkpt lat="38.696040" lon="-119.994127"/>
      <trkpt lat="38.695920" lon="-119.994322"/>
      <trkpt lat="38.695957" lon="-119.994559"/>
      <trkpt lat="38.695925" lon="-119.994663"/>
      <trkpt lat="38.695946" lon="-119.994824"/>
      <trkpt lat="38.695913" lon="-119.994907"/>
      <trkpt lat="38.695922" lon="-119.995053"/>
      <trkpt lat="38.695732" lon="-119.995758"/>
      <trkpt lat="38.695757" lon="-119.996140"/>
      <trkpt lat="38.695942" lon="-119.996203"/>
      <trkpt lat="38.695952" lon="-119.996275"/>
      <trkpt lat="38.695940" lon="-119.996343"/>
      <trkpt lat="38.695810" lon="-119.996647"/>
      <trkpt lat="38.695806" lon="-119.996900"/>
      <trkpt lat="38.695823" lon="-119.997029"/>
      <trkpt lat="38.695806" lon="-119.997128"/>
      <trkpt lat="38.695768" lon="-119.997169"/>
      <trkpt lat="38.695756" lon="-119.997260"/>
      <trkpt lat="38.695772" lon="-119.997458"/>
      <trkpt lat="38.695724" lon="-119.997539"/>
      <trkpt lat="38.695670" lon="-119.997571"/>
      <trkpt lat="38.695630" lon="-119.997614"/>
      <trkpt lat="38.695632" lon="-119.997764"/>
      <trkpt lat="38.695675" lon="-119.997875"/>
      <trkpt lat="38.695827" lon="-119.998072"/>
      <trkpt lat="38.695900" lon="-119.998208"/>
      <trkpt lat="38.695957" lon="-119.998426"/>
      <trkpt lat="38.696065" lon="-119.998611"/>
      <trkpt lat="38.696134" lon="-119.998834"/>
      <trkpt lat="38.696177" lon="-119.998932"/>
      <trkpt lat="38.696287" lon="-119.999086"/>
      <trkpt lat="38.696568" lon="-119.999389"/>
      <trkpt lat="38.696639" lon="-119.999443"/>
      <trkpt lat="38.696760" lon="-119.999612"/>
      <trkpt lat="38.696934" lon="-119.999802"/>
      <trkpt lat="38.697167" lon="-119.999928"/>
      <trkpt lat="38.697307" lon="-120.000049"/>
      <trkpt lat="38.697554" lon="-120.000173"/>
      <trkpt lat="38.697740" lon="-120.000342"/>
      <trkpt lat="38.697933" lon="-120.000427"/>
      <trkpt lat="38.698272" lon="-120.000551"/>
      <trkpt lat="38.698328" lon="-120.000618"/>
      <trkpt lat="38.698391" lon="-120.000637"/>
      <trkpt lat="38.698468" lon="-120.000602"/>
      <trkpt lat="38.698521" lon="-120.000620"/>
      <trkpt lat="38.698607" lon="-120.000752"/>
      <trkpt lat="38.698663" lon="-120.000862"/>
      <trkpt lat="38.698847" lon="-120.001071"/>
      <trkpt lat="38.698955" lon="-120.001102"/>
      <trkpt lat="38.699111" lon="-120.001130"/>
      <trkpt lat="38.699452" lon="-120.001071"/>
      <trkpt lat="38.699568" lon="-120.001031"/>
      <trkpt lat="38.699643" lon="-120.001028"/>
      <trkpt lat="38.699704" lon="-120.001125"/>
      <trkpt lat="38.699785" lon="-120.001189"/>
      <trkpt lat="38.699867" lon="-120.001203"/>
      <trkpt lat="38.700003" lon="-120.001138"/>
      <trkpt lat="38.700180" lon="-120.001072"/>
      <trkpt lat="38.700420" lon="-120.001106"/>
      <trkpt lat="38.700543" lon="-120.001103"/>
      <trkpt lat="38.700675" lon="-120.001063"/>
      <trkpt lat="38.700797" lon="-120.001007"/>
      <trkpt lat="38.700835" lon="-120.000954"/>
      <trkpt lat="38.700878" lon="-120.000867"/>
      <trkpt lat="38.700966" lon="-120.000763"/>
      <trkpt lat="38.701020" lon="-120.000722"/>
      <trkpt lat="38.701123" lon="-120.000712"/>
      <trkpt lat="38.701183" lon="-120.000736"/>
      <trkpt lat="38.701283" lon="-120.000830"/>
      <trkpt lat="38.701320" lon="-120.000834"/>
      <trkpt lat="38.701349" lon="-120.000810"/>
      <trkpt lat="38.701371" lon="-120.000779"/>
      <trkpt lat="38.701397" lon="-120.000752"/>
      <trkpt lat="38.701432" lon="-120.000747"/>
      <trkpt lat="38.701469" lon="-120.000744"/>
      <trkpt lat="38.701514" lon="-120.000693"/>
      <trkpt lat="38.701573" lon="-120.000692"/>
      <trkpt lat="38.701611" lon="-120.000720"/>
      <trkpt lat="38.701620" lon="-120.000769"/>
      <trkpt lat="38.701646" lon="-120.000800"/>
      <trkpt lat="38.701676" lon="-120.000800"/>
      <trkpt lat="38.701717" lon="-120.000784"/>
      <trkpt lat="38.701761" lon="-120.000738"/>
      <trkpt lat="38.701823" lon="-120.000712"/>
      <trkpt lat="38.701893" lon="-120.000700"/>
      <trkpt lat="38.701973" lon="-120.000722"/>
      <trkpt lat="38.702142" lon="-120.000738"/>
      <trkpt lat="38.702191" lon="-120.000753"/>
      <trkpt lat="38.702208" lon="-120.000798"/>
      <trkpt lat="38.702207" lon="-120.000856"/>
      <trkpt lat="38.702197" lon="-120.000904"/>
      <trkpt lat="38.702099" lon="-120.000965"/>
      <trkpt lat="38.702061" lon="-120.000988"/>
      <trkpt lat="38.702003" lon="-120.001063"/>
      <trkpt lat="38.701983" lon="-120.001195"/>
      <trkpt lat="38.701982" lon="-120.001237"/>
      <trkpt lat="38.701997" lon="-120.001288"/>
      <trkpt lat="38.702035" lon="-120.001375"/>
      <trkpt lat="38.702098" lon="-120.001499"/>
      <trkpt lat="38.702121" lon="-120.001464"/>
      <trkpt lat="38.702127" lon="-120.001221"/>
      <trkpt lat="38.702144" lon="-120.001173"/>
      <trkpt lat="38.702175" lon="-120.001141"/>
      <trkpt lat="38.702245" lon="-120.001403"/>
      <trkpt lat="38.702317" lon="-120.001514"/>
      <trkpt lat="38.702339" lon="-120.001503"/>
      <trkpt lat="38.702339" lon="-120.001459"/>
      <trkpt lat="38.702321" lon="-120.001339"/>
      <trkpt lat="38.702362" lon="-120.001248"/>
      <trkpt lat="38.702389" lon="-120.001236"/>
      <trkpt lat="38.702430" lon="-120.001243"/>
      <trkpt lat="38.702506" lon="-120.001278"/>
      <trkpt lat="38.702576" lon="-120.001357"/>
      <trkpt lat="38.702614" lon="-120.001416"/>
      <trkpt lat="38.702625" lon="-120.001476"/>
      <trkpt lat="38.702654" lon="-120.001727"/>
      <trkpt lat="38.702675" lon="-120.001988"/>
      <trkpt lat="38.702595" lon="-120.002338"/>
      <trkpt lat="38.702586" lon="-120.002511"/>
      <trkpt lat="38.702594" lon="-120.002750"/>
      <trkpt lat="38.702609" lon="-120.002853"/>
      <trkpt lat="38.702661" lon="-120.002953"/>
      <trkpt lat="38.702693" lon="-120.003000"/>
      <trkpt lat="38.702817" lon="-120.003026"/>
      <trkpt lat="38.702935" lon="-120.002970"/>
      <trkpt lat="38.702987" lon="-120.002982"/>
      <trkpt lat="38.703169" lon="-120.003174"/>
      <trkpt lat="38.703223" lon="-120.003218"/>
      <trkpt lat="38.703425" lon="-120.003279"/>
      <trkpt lat="38.703546" lon="-120.003312"/>
      <trkpt lat="38.703695" lon="-120.003360"/>
      <trkpt lat="38.703882" lon="-120.003460"/>
      <trkpt lat="38.703980" lon="-120.003525"/>
      <trkpt lat="38.704083" lon="-120.003582"/>
      <trkpt lat="38.704195" lon="-120.003590"/>
      <trkpt lat="38.704316" lon="-120.003576"/>
      <trkpt lat="38.704362" lon="-120.003594"/>
      <trkpt lat="38.704394" lon="-120.003592"/>
      <trkpt lat="38.704603" lon="-120.003519"/>
      <trkpt lat="38.704679" lon="-120.003520"/>
      <trkpt lat="38.704757" lon="-120.003545"/>
      <trkpt lat="38.705171" lon="-120.003785"/>
      <trkpt lat="38.705346" lon="-120.003879"/>
      <trkpt lat="38.705533" lon="-120.003955"/>
      <trkpt lat="38.705707" lon="-120.004009"/>
      <trkpt lat="38.705779" lon="-120.004008"/>
      <trkpt lat="38.705826" lon="-120.003992"/>
      <trkpt lat="38.705870" lon="-120.004005"/>
      <trkpt lat="38.705940" lon="-120.004141"/>
      <trkpt lat="38.705974" lon="-120.004184"/>
      <trkpt lat="38.706010" lon="-120.004198"/>
      <trkpt lat="38.706040" lon="-120.004194"/>
      <trkpt lat="38.706063" lon="-120.004166"/>
      <trkpt lat="38.706173" lon="-120.004078"/>
      <trkpt lat="38.706282" lon="-120.004083"/>
      <trkpt lat="38.706833" lon="-120.004215"/>
      <trkpt lat="38.707076" lon="-120.004255"/>
      <trkpt lat="38.707230" lon="-120.004280"/>
      <trkpt lat="38.707330" lon="-120.004303"/>
      <trkpt lat="38.707398" lon="-120.004296"/>
      <trkpt lat="38.707548" lon="-120.004270"/>
      <trkpt lat="38.707785" lon="-120.004237"/>
      <trkpt lat="38.708053" lon="-120.004345"/>
      <trkpt lat="38.708127" lon="-120.004352"/>
      <trkpt lat="38.708231" lon="-120.004424"/>
      <trkpt lat="38.708344" lon="-120.004444"/>
      <trkpt lat="38.708398" lon="-120.004499"/>
      <trkpt lat="38.708455" lon="-120.004566"/>
      <trkpt lat="38.708492" lon="-120.004589"/>
      <trkpt lat="38.708559" lon="-120.004609"/>
      <trkpt lat="38.708677" lon="-120.004653"/>
      <trkpt lat="38.708766" lon="-120.004653"/>
      <trkpt lat="38.708809" lon="-120.004665"/>
      <trkpt lat="38.709013" lon="-120.004650"/>
      <trkpt lat="38.709047" lon="-120.004664"/>
      <trkpt lat="38.709066" lon="-120.004663"/>
      <trkpt lat="38.709090" lon="-120.004637"/>
      <trkpt lat="38.709185" lon="-120.004642"/>
      <trkpt lat="38.709289" lon="-120.004679"/>
      <trkpt lat="38.709456" lon="-120.004726"/>
      <trkpt lat="38.709550" lon="-120.004793"/>
      <trkpt lat="38.709602" lon="-120.004806"/>
      <trkpt lat="38.709693" lon="-120.004874"/>
      <trkpt lat="38.709819" lon="-120.005022"/>
      <trkpt lat="38.709956" lon="-120.005003"/>
      <trkpt lat="38.710089" lon="-120.004964"/>
      <trkpt lat="38.710146" lon="-120.004935"/>
      <trkpt lat="38.710150" lon="-120.004907"/>
      <trkpt lat="38.710166" lon="-120.004895"/>
      <trkpt lat="38.710189" lon="-120.004907"/>
      <trkpt lat="38.710228" lon="-120.004908"/>
      <trkpt lat="38.710258" lon="-120.004917"/>
      <trkpt lat="38.710280" lon="-120.004942"/>
      <trkpt lat="38.710322" lon="-120.004940"/>
      <trkpt lat="38.710362" lon="-120.004986"/>
      <trkpt lat="38.710378" lon="-120.005048"/>
      <trkpt lat="38.710409" lon="-120.005089"/>
      <trkpt lat="38.710490" lon="-120.005270"/>
      <trkpt lat="38.710587" lon="-120.005325"/>
      <trkpt lat="38.710647" lon="-120.005287"/>
      <trkpt lat="38.711065" lon="-120.005381"/>
      <trkpt lat="38.711310" lon="-120.005325"/>
      <trkpt lat="38.711398" lon="-120.005360"/>
      <trkpt lat="38.711429" lon="-120.005400"/>
      <trkpt lat="38.711452" lon="-120.005458"/>
      <trkpt lat="38.711450" lon="-120.005501"/>
      <trkpt lat="38.711447" lon="-120.005545"/>
      <trkpt lat="38.711427" lon="-120.005603"/>
      <trkpt lat="38.711247" lon="-120.005985"/>
      <trkpt lat="38.711203" lon="-120.006030"/>
      <trkpt lat="38.711157" lon="-120.006122"/>
      <trkpt lat="38.711180" lon="-120.006173"/>
      <trkpt lat="38.711379" lon="-120.006234"/>
      <trkpt lat="38.711530" lon="-120.006240"/>
      <trkpt lat="38.711673" lon="-120.006130"/>
      <trkpt lat="38.711774" lon="-120.006122"/>
      <trkpt lat="38.711825" lon="-120.006100"/>
      <trkpt lat="38.711873" lon="-120.006049"/>
      <trkpt lat="38.711934" lon="-120.005947"/>
      <trkpt lat="38.712009" lon="-120.005883"/>
      <trkpt lat="38.712047" lon="-120.005867"/>
      <trkpt lat="38.712077" lon="-120.005871"/>
      <trkpt lat="38.712093" lon="-120.005875"/>
      <trkpt lat="38.712135" lon="-120.005910"/>
      <trkpt lat="38.712176" lon="-120.005988"/>
      <trkpt lat="38.712217" lon="-120.006099"/>
      <trkpt lat="38.712243" lon="-120.006240"/>
      <trkpt lat="38.712233" lon="-120.006344"/>
      <trkpt lat="38.712276" lon="-120.006389"/>
      <trkpt lat="38.712395" lon="-120.006462"/>
      <trkpt lat="38.712518" lon="-120.006409"/>
      <trkpt lat="38.712664" lon="-120.006429"/>
      <trkpt lat="38.712741" lon="-120.006387"/>
      <trkpt lat="38.712840" lon="-120.006425"/>
      <trkpt lat="38.712896" lon="-120.006377"/>
      <trkpt lat="38.712985" lon="-120.006276"/>
      <trkpt lat="38.713060" lon="-120.006236"/>
      <trkpt lat="38.713210" lon="-120.006272"/>
      <trkpt lat="38.713334" lon="-120.006261"/>
      <trkpt lat="38.713516" lon="-120.006208"/>
      <trkpt lat="38.713968" lon="-120.006221"/>
      <trkpt lat="38.714154" lon="-120.006232"/>
      <trkpt lat="38.714255" lon="-120.006208"/>
      <trkpt lat="38.714374" lon="-120.006154"/>
      <trkpt lat="38.714456" lon="-120.006100"/>
      <trkpt lat="38.714533" lon="-120.006081"/>
      <trkpt lat="38.714615" lon="-120.006122"/>
      <trkpt lat="38.714750" lon="-120.006269"/>
      <trkpt lat="38.714826" lon="-120.006366"/>
      <trkpt lat="38.714905" lon="-120.006434"/>
      <trkpt lat="38.715037" lon="-120.006468"/>
      <trkpt lat="38.715108" lon="-120.006700"/>
      <trkpt lat="38.715150" lon="-120.006800"/>
      <trkpt lat="38.715263" lon="-120.006915"/>
      <trkpt lat="38.715359" lon="-120.007030"/>
      <trkpt lat="38.715669" lon="-120.007133"/>
      <trkpt lat="38.716090" lon="-120.007404"/>
      <trkpt lat="38.716479" lon="-120.007556"/>
      <trkpt lat="38.716597" lon="-120.007645"/>
      <trkpt lat="38.716704" lon="-120.007753"/>
      <trkpt lat="38.716867" lon="-120.007798"/>
      <trkpt lat="38.717042" lon="-120.007908"/>
      <trkpt lat="38.717350" lon="-120.008219"/>
      <trkpt lat="38.717741" lon="-120.008731"/>
      <trkpt lat="38.717886" lon="-120.008877"/>
      <trkpt lat="38.717982" lon="-120.008946"/>
      <trkpt lat="38.718085" lon="-120.009021"/>
      <trkpt lat="38.718131" lon="-120.009115"/>
      <trkpt lat="38.718204" lon="-120.009343"/>
      <trkpt lat="38.718254" lon="-120.009547"/>
      <trkpt lat="38.718290" lon="-120.009826"/>
      <trkpt lat="38.718302" lon="-120.009922"/>
      <trkpt lat="38.718298" lon="-120.010011"/>
      <trkpt lat="38.718298" lon="-120.010078"/>
      <trkpt lat="38.718382" lon="-120.010188"/>
      <trkpt lat="38.718491" lon="-120.010298"/>
      <trkpt lat="38.718524" lon="-120.010443"/>
      <trkpt lat="38.718522" lon="-120.010510"/>
      <trkpt lat="38.718470" lon="-120.010620"/>
      <trkpt lat="38.718428" lon="-120.010719"/>
      <trkpt lat="38.718403" lon="-120.010850"/>
      <trkpt lat="38.718394" lon="-120.010990"/>
      <trkpt lat="38.718444" lon="-120.011119"/>
      <trkpt lat="38.718480" lon="-120.011196"/>
      <trkpt lat="38.718519" lon="-120.011257"/>
      <trkpt lat="38.718589" lon="-120.011335"/>
      <trkpt lat="38.718662" lon="-120.011395"/>
      <trkpt lat="38.718764" lon="-120.011433"/>
      <trkpt lat="38.718926" lon="-120.011473"/>
      <trkpt lat="38.719062" lon="-120.011457"/>
      <trkpt lat="38.719211" lon="-120.011506"/>
      <trkpt lat="38.719363" lon="-120.011418"/>
      <trkpt lat="38.719462" lon="-120.011344"/>
      <trkpt lat="38.719498" lon="-120.011335"/>
      <trkpt lat="38.719561" lon="-120.011348"/>
      <trkpt lat="38.719612" lon="-120.011355"/>
      <trkpt lat="38.719673" lon="-120.011310"/>
      <trkpt lat="38.719727" lon="-120.011262"/>
      <trkpt lat="38.719791" lon="-120.011237"/>
      <trkpt lat="38.719871" lon="-120.011221"/>
      <trkpt lat="38.719989" lon="-120.011247"/>
      <trkpt lat="38.720106" lon="-120.011300"/>
      <trkpt lat="38.720225" lon="-120.011380"/>
      <trkpt lat="38.720328" lon="-120.011390"/>
      <trkpt lat="38.720379" lon="-120.011414"/>
      <trkpt lat="38.720437" lon="-120.011465"/>
      <trkpt lat="38.720485" lon="-120.011493"/>
      <trkpt lat="38.720529" lon="-120.011525"/>
      <trkpt lat="38.720597" lon="-120.011589"/>
      <trkpt lat="38.720632" lon="-120.011661"/>
      <trkpt lat="38.720692" lon="-120.011813"/>
      <trkpt lat="38.720727" lon="-120.011915"/>
      <trkpt lat="38.720762" lon="-120.011950"/>
      <trkpt lat="38.720817" lon="-120.011954"/>
      <trkpt lat="38.720880" lon="-120.011941"/>
      <trkpt lat="38.720931" lon="-120.011909"/>
      <trkpt lat="38.720978" lon="-120.011867"/>
      <trkpt lat="38.721030" lon="-120.011819"/>
      <trkpt lat="38.721076" lon="-120.011773"/>
      <trkpt lat="38.721165" lon="-120.011749"/>
      <trkpt lat="38.721282" lon="-120.011691"/>
      <trkpt lat="38.721348" lon="-120.011679"/>
      <trkpt lat="38.721424" lon="-120.011697"/>
      <trkpt lat="38.721509" lon="-120.011702"/>
      <trkpt lat="38.721656" lon="-120.011687"/>
      <trkpt lat="38.721753" lon="-120.011733"/>
      <trkpt lat="38.721828" lon="-120.011843"/>
      <trkpt lat="38.721945" lon="-120.011887"/>
      <trkpt lat="38.722031" lon="-120.011942"/>
      <trkpt lat="38.722192" lon="-120.012142"/>
      <trkpt lat="38.722236" lon="-120.012170"/>
    </trkseg>
    <trkseg>
      <trkpt lat="38.624675" lon="-119.908800"/>
      <trkpt lat="38.624737" lon="-119.908936"/>
      <trkpt lat="38.624786" lon="-119.909112"/>
      <trkpt lat="38.624861" lon="-119.909503"/>
      <trkpt lat="38.625073" lon="-119.910262"/>
      <trkpt lat="38.625135" lon="-119.910359"/>
      <trkpt lat="38.625161" lon="-119.910552"/>
      <trkpt lat="38.625110" lon="-119.910724"/>
      <trkpt lat="38.624976" lon="-119.910740"/>
      <trkpt lat="38.624621" lon="-119.910679"/>
      <trkpt lat="38.624410" lon="-119.910670"/>
      <trkpt lat="38.624280" lon="-119.910708"/>
      <trkpt lat="38.624192" lon="-119.910799"/>
      <trkpt lat="38.624046" lon="-119.911035"/>
      <trkpt lat="38.624071" lon="-119.911217"/>
      <trkpt lat="38.624166" lon="-119.911309"/>
      <trkpt lat="38.624255" lon="-119.911507"/>
      <trkpt lat="38.624503" lon="-119.911613"/>
      <trkpt lat="38.624563" lon="-119.911740"/>
      <trkpt lat="38.624679" lon="-119.911740"/>
      <trkpt lat="38.624794" lon="-119.911678"/>
      <trkpt lat="38.624878" lon="-119.911622"/>
      <trkpt lat="38.624951" lon="-119.911630"/>
      <trkpt lat="38.624991" lon="-119.911692"/>
      <trkpt lat="38.624991" lon="-119.911778"/>
      <trkpt lat="38.624953" lon="-119.911847"/>
      <trkpt lat="38.624876" lon="-119.911882"/>
      <trkpt lat="38.624804" lon="-119.911872"/>
      <trkpt lat="38.624777" lon="-119.911898"/>
      <trkpt lat="38.624708" lon="-119.911984"/>
      <trkpt lat="38.624639" lon="-119.912046"/>
      <trkpt lat="38.624580" lon="-119.912118"/>
      <trkpt lat="38.624450" lon="-119.912164"/>
      <trkpt lat="38.624396" lon="-119.912175"/>
      <trkpt lat="38.624356" lon="-119.912215"/>
      <trkpt lat="38.624251" lon="-119.912365"/>
      <trkpt lat="38.624056" lon="-119.912724"/>
      <trkpt lat="38.623979" lon="-119.912845"/>
      <trkpt lat="38.623958" lon="-119.912987"/>
      <trkpt lat="38.623945" lon="-119.913111"/>
      <trkpt lat="38.623958" lon="-119.913245"/>
      <trkpt lat="38.624023" lon="-119.913307"/>
      <trkpt lat="38.624146" lon="-119.913347"/>
      <trkpt lat="38.624331" lon="-119.913312"/>
      <trkpt lat="38.624440" lon="-119.913320"/>
      <trkpt lat="38.624509" lon="-119.913363"/>
      <trkpt lat="38.624548" lon="-119.913444"/>
      <trkpt lat="38.624616" lon="-119.913556"/>
      <trkpt lat="38.624666" lon="-119.913580"/>
      <trkpt lat="38.624735" lon="-119.913580"/>
      <trkpt lat="38.624775" lon="-119.913626"/>
      <trkpt lat="38.624819" lon="-119.913736"/>
      <trkpt lat="38.624846" lon="-119.913784"/>
      <trkpt lat="38.624899" lon="-119.913816"/>
      <trkpt lat="38.624995" lon="-119.913816"/>
      <trkpt lat="38.625077" lon="-119.913867"/>
      <trkpt lat="38.625238" lon="-119.914052"/>
      <trkpt lat="38.625324" lon="-119.914173"/>
      <trkpt lat="38.625360" lon="-119.914237"/>
      <trkpt lat="38.625395" lon="-119.914245"/>
      <trkpt lat="38.625433" lon="-119.914302"/>
      <trkpt lat="38.625383" lon="-119.914353"/>
      <trkpt lat="38.625288" lon="-119.914358"/>
      <trkpt lat="38.625203" lon="-119.914315"/>
      <trkpt lat="38.625140" lon="-119.914261"/>
      <trkpt lat="38.625064" lon="-119.914261"/>
      <trkpt lat="38.624985" lon="-119.914307"/>
      <trkpt lat="38.624867" lon="-119.914468"/>
      <trkpt lat="38.624733" lon="-119.914766"/>
      <trkpt lat="38.624700" lon="-119.914897"/>
      <trkpt lat="38.624672" lon="-119.915125"/>
      <trkpt lat="38.624674" lon="-119.915857"/>
      <trkpt lat="38.624687" lon="-119.915959"/>
      <trkpt lat="38.624756" lon="-119.916228"/>
      <trkpt lat="38.624779" lon="-119.916614"/>
      <trkpt lat="38.624827" lon="-119.916901"/>
      <trkpt lat="38.624809" lon="-119.917038"/>
      <trkpt lat="38.624815" lon="-119.917284"/>
      <trkpt lat="38.624861" lon="-119.917378"/>
      <trkpt lat="38.624945" lon="-119.917437"/>
      <trkpt lat="38.625029" lon="-119.917459"/>
      <trkpt lat="38.625182" lon="-119.917485"/>
      <trkpt lat="38.625238" lon="-119.917510"/>
      <trkpt lat="38.625284" lon="-119.917574"/>
      <trkpt lat="38.625290" lon="-119.917642"/>
      <trkpt lat="38.625278" lon="-119.917974"/>
      <trkpt lat="38.625257" lon="-119.918062"/>
      <trkpt lat="38.625270" lon="-119.918175"/>
      <trkpt lat="38.625299" lon="-119.918236"/>
      <trkpt lat="38.625353" lon="-119.918271"/>
      <trkpt lat="38.625542" lon="-119.918314"/>
      <trkpt lat="38.625649" lon="-119.918325"/>
      <trkpt lat="38.625873" lon="-119.918245"/>
      <trkpt lat="38.625944" lon="-119.918242"/>
      <trkpt lat="38.626020" lon="-119.918271"/>
      <trkpt lat="38.626089" lon="-119.918274"/>
      <trkpt lat="38.626150" lon="-119.918303"/>
      <trkpt lat="38.626194" lon="-119.918381"/>
      <trkpt lat="38.626192" lon="-119.918481"/>
      <trkpt lat="38.626208" lon="-119.918561"/>
      <trkpt lat="38.626300" lon="-119.918749"/>
      <trkpt lat="38.626296" lon="-119.918856"/>
      <trkpt lat="38.626231" lon="-119.919005"/>
      <trkpt lat="38.626204" lon="-119.919275"/>
      <trkpt lat="38.626219" lon="-119.919524"/>
      <trkpt lat="38.626263" lon="-119.919725"/>
      <trkpt lat="38.626246" lon="-119.919800"/>
      <trkpt lat="38.626179" lon="-119.919870"/>
      <trkpt lat="38.626137" lon="-119.919950"/>
      <trkpt lat="38.626099" lon="-119.920074"/>
      <trkpt lat="38.626187" lon="-119.920299"/>
      <trkpt lat="38.626295" lon="-119.920689"/>
      <trkpt lat="38.626397" lon="-119.920843"/>
      <trkpt lat="38.626464" lon="-119.920970"/>
      <trkpt lat="38.626554" lon="-119.921021"/>
      <trkpt lat="38.626764" lon="-119.921066"/>
      <trkpt lat="38.626983" lon="-119.921245"/>
      <trkpt lat="38.627034" lon="-119.921308"/>
      <trkpt lat="38.627120" lon="-119.921377"/>
      <trkpt lat="38.627126" lon="-119.921514"/>
      <trkpt lat="38.627093" lon="-119.921581"/>
      <trkpt lat="38.627038" lon="-119.921619"/>
      <trkpt lat="38.626737" lon="-119.921657"/>
      <trkpt lat="38.626535" lon="-119.921688"/>
      <trkpt lat="38.626512" lon="-119.921723"/>
      <trkpt lat="38.626548" lon="-119.921780"/>
      <trkpt lat="38.626625" lon="-119.921823"/>
      <trkpt lat="38.626646" lon="-119.921900"/>
      <trkpt lat="38.626669" lon="-119.922016"/>
      <trkpt lat="38.626715" lon="-119.922064"/>
      <trkpt lat="38.626751" lon="-119.922069"/>
      <trkpt lat="38.626808" lon="-119.922040"/>
      <trkpt lat="38.626954" lon="-119.921983"/>
      <trkpt lat="38.627121" lon="-119.921951"/>
      <trkpt lat="38.627241" lon="-119.921970"/>
      <trkpt lat="38.627281" lon="-119.922056"/>
      <trkpt lat="38.627375" lon="-119.922062"/>
      <trkpt lat="38.627715" lon="-119.921955"/>
      <trkpt lat="38.627831" lon="-119.921948"/>
      <trkpt lat="38.627943" lon="-119.921959"/>
      <trkpt lat="38.628092" lon="-119.922033"/>
      <trkpt lat="38.628260" lon="-119.922061"/>
      <trkpt lat="38.628417" lon="-119.922227"/>
      <trkpt lat="38.628599" lon="-119.922335"/>
      <trkpt lat="38.628786" lon="-119.922515"/>
      <trkpt lat="38.628884" lon="-119.922633"/>
      <trkpt lat="38.629020" lon="-119.922692"/>
      <trkpt lat="38.629154" lon="-119.922729"/>
      <trkpt lat="38.629192" lon="-119.922933"/>
      <trkpt lat="38.629270" lon="-119.923070"/>
      <trkpt lat="38.629448" lon="-119.923185"/>
      <trkpt lat="38.629506" lon="-119.923260"/>
      <trkpt lat="38.629500" lon="-119.923445"/>
      <trkpt lat="38.629486" lon="-119.923563"/>
      <trkpt lat="38.629481" lon="-119.923743"/>
      <trkpt lat="38.629448" lon="-119.923885"/>
      <trkpt lat="38.629406" lon="-119.924017"/>
      <trkpt lat="38.629412" lon="-119.924148"/>
      <trkpt lat="38.629437" lon="-119.924336"/>
      <trkpt lat="38.629523" lon="-119.924451"/>
      <trkpt lat="38.629590" lon="-119.924489"/>
      <trkpt lat="38.629691" lon="-119.924534"/>
      <trkpt lat="38.629846" lon="-119.924585"/>
      <trkpt lat="38.630160" lon="-119.924950"/>
      <trkpt lat="38.630252" lon="-119.925022"/>
      <trkpt lat="38.630407" lon="-119.924998"/>
      <trkpt lat="38.630581" lon="-119.925114"/>
      <trkpt lat="38.631010" lon="-119.925277"/>
      <trkpt lat="38.631158" lon="-119.925320"/>
      <trkpt lat="38.631271" lon="-119.925607"/>
      <trkpt lat="38.631317" lon="-119.925637"/>
      <trkpt lat="38.631378" lon="-119.925645"/>
      <trkpt lat="38.631442" lon="-119.925626"/>
      <trkpt lat="38.631799" lon="-119.925385"/>
      <trkpt lat="38.631859" lon="-119.925352"/>
      <trkpt lat="38.632059" lon="-119.925347"/>
      <trkpt lat="38.632401" lon="-119.925173"/>
      <trkpt lat="38.632660" lon="-119.925028"/>
      <trkpt lat="38.632876" lon="-119.924955"/>
      <trkpt lat="38.633031" lon="-119.924879"/>
      <trkpt lat="38.633212" lon="-119.924773"/>
      <trkpt lat="38.633536" lon="-119.924532"/>
      <trkpt lat="38.633577" lon="-119.924485"/>
      <trkpt lat="38.633657" lon="-119.924497"/>
      <trkpt lat="38.633747" lon="-119.924529"/>
      <trkpt lat="38.633826" lon="-119.924570"/>
      <trkpt lat="38.634090" lon="-119.924602"/>
      <trkpt lat="38.634326" lon="-119.924673"/>
      <trkpt lat="38.634351" lon="-119.924749"/>
      <trkpt lat="38.634331" lon="-119.924868"/>
      <trkpt lat="38.634369" lon="-119.925153"/>
      <trkpt lat="38.634489" lon="-119.925266"/>
      <trkpt lat="38.634501" lon="-119.925297"/>
      <trkpt lat="38.634433" lon="-119.925332"/>
      <trkpt lat="38.634418" lon="-119.925385"/>
      <trkpt lat="38.634442" lon="-119.925659"/>
      <trkpt lat="38.634376" lon="-119.925922"/>
      <trkpt lat="38.634400" lon="-119.926196"/>
      <trkpt lat="38.634453" lon="-119.926420"/>
      <trkpt lat="38.634546" lon="-119.926511"/>
      <trkpt lat="38.634577" lon="-119.926559"/>
      <trkpt lat="38.634566" lon="-119.926624"/>
      <trkpt lat="38.634514" lon="-119.926696"/>
      <trkpt lat="38.634462" lon="-119.926801"/>
      <trkpt lat="38.634458" lon="-119.926934"/>
      <trkpt lat="38.634472" lon="-119.927176"/>
      <trkpt lat="38.634549" lon="-119.927881"/>
      <trkpt lat="38.634598" lon="-119.928004"/>
      <trkpt lat="38.634692" lon="-119.928134"/>
      <trkpt lat="38.634702" lon="-119.928183"/>
      <trkpt lat="38.634623" lon="-119.928278"/>
      <trkpt lat="38.634598" lon="-119.928383"/>
      <trkpt lat="38.634595" lon="-119.928461"/>
      <trkpt lat="38.634669" lon="-119.928680"/>
      <trkpt lat="38.634903" lon="-119.929156"/>
      <trkpt lat="38.634898" lon="-119.929247"/>
      <trkpt lat="38.634879" lon="-119.929408"/>
      <trkpt lat="38.634903" lon="-119.929549"/>
      <trkpt lat="38.634963" lon="-119.929620"/>
      <trkpt lat="38.635024" lon="-119.929677"/>
      <trkpt lat="38.635099" lon="-119.929703"/>
      <trkpt lat="38.635199" lon="-119.929724"/>
      <trkpt lat="38.635424" lon="-119.929708"/>
      <trkpt lat="38.635589" lon="-119.929666"/>
      <trkpt lat="38.635677" lon="-119.929604"/>
      <trkpt lat="38.635855" lon="-119.929512"/>
      <trkpt lat="38.636018" lon="-119.929416"/>
      <trkpt lat="38.636211" lon="-119.929278"/>
      <trkpt lat="38.636618" lon="-119.929107"/>
      <trkpt lat="38.636737" lon="-119.929030"/>
      <trkpt lat="38.636840" lon="-119.929000"/>
      <trkpt lat="38.637374" lon="-119.928930"/>
      <trkpt lat="38.637571" lon="-119.928874"/>
      <trkpt lat="38.637749" lon="-119.928837"/>
      <trkpt lat="38.637847" lon="-119.928826"/>
      <trkpt lat="38.637929" lon="-119.928834"/>
      <trkpt lat="38.638003" lon="-119.928877"/>
      <trkpt lat="38.638093" lon="-119.928941"/>
      <trkpt lat="38.638176" lon="-119.928989"/>
      <trkpt lat="38.638195" lon="-119.929076"/>
      <trkpt lat="38.638224" lon="-119.929338"/>
      <trkpt lat="38.638202" lon="-119.929475"/>
      <trkpt lat="38.638172" lon="-119.929582"/>
      <trkpt lat="38.638110" lon="-119.929692"/>
      <trkpt lat="38.638053" lon="-119.929954"/>
      <trkpt lat="38.637881" lon="-119.930373"/>
      <trkpt lat="38.637831" lon="-119.930591"/>
      <trkpt lat="38.637791" lon="-119.930800"/>
      <trkpt lat="38.637780" lon="-119.930993"/>
      <trkpt lat="38.637775" lon="-119.931397"/>
      <trkpt lat="38.637809" lon="-119.931718"/>
      <trkpt lat="38.637869" lon="-119.932653"/>
      <trkpt lat="38.637860" lon="-119.932994"/>
      <trkpt lat="38.637770" lon="-119.934397"/>
      <trkpt lat="38.637769" lon="-119.934564"/>
      <trkpt lat="38.637831" lon="-119.934761"/>
      <trkpt lat="38.637906" lon="-119.934914"/>
      <trkpt lat="38.637971" lon="-119.935150"/>
      <trkpt lat="38.638049" lon="-119.935534"/>
      <trkpt lat="38.638102" lon="-119.935696"/>
      <trkpt lat="38.638202" lon="-119.935810"/>
      <trkpt lat="38.638410" lon="-119.936127"/>
      <trkpt lat="38.638515" lon="-119.936347"/>
      <trkpt lat="38.638561" lon="-119.936464"/>
      <trkpt lat="38.638586" lon="-119.936597"/>
      <trkpt lat="38.638563" lon="-119.936709"/>
      <trkpt lat="38.638513" lon="-119.936874"/>
      <trkpt lat="38.638324" lon="-119.937334"/>
      <trkpt lat="38.638277" lon="-119.937480"/>
      <trkpt lat="38.638248" lon="-119.937669"/>
      <trkpt lat="38.638256" lon="-119.937807"/>
      <trkpt lat="38.638342" lon="-119.937924"/>
      <trkpt lat="38.638869" lon="-119.938874"/>
      <trkpt lat="38.638909" lon="-119.939068"/>
      <trkpt lat="38.638864" lon="-119.939378"/>
      <trkpt lat="38.638879" lon="-119.939486"/>
      <trkpt lat="38.638966" lon="-119.939609"/>
      <trkpt lat="38.639101" lon="-119.939732"/>
      <trkpt lat="38.639285" lon="-119.939965"/>
      <trkpt lat="38.639543" lon="-119.940194"/>
      <trkpt lat="38.639686" lon="-119.940258"/>
      <trkpt lat="38.639910" lon="-119.940597"/>
      <trkpt lat="38.640126" lon="-119.940765"/>
      <trkpt lat="38.640211" lon="-119.940867"/>
      <trkpt lat="38.640321" lon="-119.941047"/>
      <trkpt lat="38.640330" lon="-119.941199"/>
      <trkpt lat="38.640390" lon="-119.941352"/>
      <trkpt lat="38.640397" lon="-119.941454"/>
      <trkpt lat="38.640343" lon="-119.941553"/>
      <trkpt lat="38.640344" lon="-119.941820"/>
      <trkpt lat="38.640451" lon="-119.941993"/>
      <trkpt lat="38.640525" lon="-119.942125"/>
      <trkpt lat="38.640641" lon="-119.942170"/>
      <trkpt lat="38.640696" lon="-119.942164"/>
      <trkpt lat="38.640769" lon="-119.942147"/>
      <trkpt lat="38.640780" lon="-119.942165"/>
      <trkpt lat="38.640775" lon="-119.942183"/>
      <trkpt lat="38.640745" lon="-119.942207"/>
      <trkpt lat="38.640636" lon="-119.942400"/>
      <trkpt lat="38.640595" lon="-119.942588"/>
      <trkpt lat="38.640570" lon="-119.942807"/>
      <trkpt lat="38.640619" lon="-119.942876"/>
      <trkpt lat="38.640697" lon="-119.942940"/>
      <trkpt lat="38.640752" lon="-119.942969"/>
      <trkpt lat="38.640789" lon="-119.942941"/>
      <trkpt lat="38.640845" lon="-119.942648"/>
      <trkpt lat="38.640848" lon="-119.942553"/>
      <trkpt lat="38.640857" lon="-119.942504"/>
      <trkpt lat="38.641013" lon="-119.942404"/>
      <trkpt lat="38.641046" lon="-119.942376"/>
      <trkpt lat="38.641082" lon="-119.942319"/>
      <trkpt lat="38.641100" lon="-119.942319"/>
      <trkpt lat="38.641078" lon="-119.942395"/>
      <trkpt lat="38.641019" lon="-119.942533"/>
      <trkpt lat="38.641010" lon="-119.942564"/>
      <trkpt lat="38.641015" lon="-119.942619"/>
      <trkpt lat="38.641033" lon="-119.942667"/>
      <trkpt lat="38.641025" lon="-119.942808"/>
      <trkpt lat="38.641053" lon="-119.943240"/>
      <trkpt lat="38.641008" lon="-119.943457"/>
      <trkpt lat="38.641041" lon="-119.944088"/>
      <trkpt lat="38.641036" lon="-119.944729"/>
      <trkpt lat="38.640952" lon="-119.944949"/>
      <trkpt lat="38.640961" lon="-119.945013"/>
      <trkpt lat="38.641036" lon="-119.945120"/>
      <trkpt lat="38.641149" lon="-119.945222"/>
      <trkpt lat="38.641633" lon="-119.945952"/>
      <trkpt lat="38.641976" lon="-119.946356"/>
      <trkpt lat="38.642080" lon="-119.946523"/>
      <trkpt lat="38.642172" lon="-119.946696"/>
      <trkpt lat="38.642189" lon="-119.946823"/>
      <trkpt lat="38.642183" lon="-119.946942"/>
      <trkpt lat="38.642201" lon="-119.947233"/>
      <trkpt lat="38.642219" lon="-119.947386"/>
      <trkpt lat="38.642324" lon="-119.947514"/>
      <trkpt lat="38.642476" lon="-119.947665"/>
      <trkpt lat="38.642627" lon="-119.947865"/>
      <trkpt lat="38.642963" lon="-119.948189"/>
      <trkpt lat="38.643048" lon="-119.948335"/>
      <trkpt lat="38.643431" lon="-119.948719"/>
      <trkpt lat="38.643520" lon="-119.948872"/>
      <trkpt lat="38.643603" lon="-119.949075"/>
      <trkpt lat="38.643660" lon="-119.949389"/>
      <trkpt lat="38.643712" lon="-119.949572"/>
      <trkpt lat="38.643774" lon="-119.949727"/>
      <trkpt lat="38.643915" lon="-119.949820"/>
      <trkpt lat="38.644030" lon="-119.949989"/>
      <trkpt lat="38.644066" lon="-119.950138"/>
      <trkpt lat="38.644083" lon="-119.950258"/>
      <trkpt lat="38.644050" lon="-119.950586"/>
      <trkpt lat="38.644126" lon="-119.950710"/>
      <trkpt lat="38.644315" lon="-119.950951"/>
      <trkpt lat="38.644516" lon="-119.951209"/>
      <trkpt lat="38.644768" lon="-119.951687"/>
      <trkpt lat="38.644872" lon="-119.951797"/>
      <trkpt lat="38.645011" lon="-119.951968"/>
      <trkpt lat="38.645138" lon="-119.952031"/>
      <trkpt lat="38.645288" lon="-119.951986"/>
      <trkpt lat="38.645377" lon="-119.952027"/>
      <trkpt lat="38.645483" lon="-119.952110"/>
      <trkpt lat="38.645597" lon="-119.952253"/>
      <trkpt lat="38.645706" lon="-119.952517"/>
      <trkpt lat="38.645775" lon="-119.952634"/>
      <trkpt lat="38.645812" lon="-119.952653"/>
      <trkpt lat="38.645862" lon="-119.952634"/>
      <trkpt lat="38.646373" lon="-119.952295"/>
      <trkpt lat="38.646667" lon="-119.952037"/>
      <trkpt lat="38.646788" lon="-119.952009"/>
      <trkpt lat="38.647083" lon="-119.952002"/>
      <trkpt lat="38.647185" lon="-119.951965"/>
      <trkpt lat="38.647341" lon="-119.951967"/>
      <trkpt lat="38.647453" lon="-119.952010"/>
      <trkpt lat="38.647557" lon="-119.952066"/>
      <trkpt lat="38.647697" lon="-119.952068"/>
      <trkpt lat="38.647751" lon="-119.952114"/>
      <trkpt lat="38.647849" lon="-119.952215"/>
      <trkpt lat="38.648031" lon="-119.952195"/>
      <trkpt lat="38.648125" lon="-119.952142"/>
      <trkpt lat="38.648202" lon="-119.952035"/>
      <trkpt lat="38.648423" lon="-119.951909"/>
      <trkpt lat="38.648526" lon="-119.951880"/>
      <trkpt lat="38.648670" lon="-119.951890"/>
      <trkpt lat="38.648930" lon="-119.952046"/>
      <trkpt lat="38.649098" lon="-119.952160"/>
      <trkpt lat="38.649202" lon="-119.952209"/>
      <trkpt lat="38.649244" lon="-119.952306"/>
      <trkpt lat="38.649268" lon="-119.952570"/>
      <trkpt lat="38.649277" lon="-119.952727"/>
      <trkpt lat="38.649324" lon="-119.952834"/>
      <trkpt lat="38.649430" lon="-119.953014"/>
      <trkpt lat="38.649510" lon="-119.953181"/>
      <trkpt lat="38.649575" lon="-119.953430"/>
      <trkpt lat="38.649600" lon="-119.953593"/>
      <trkpt lat="38.649822" lon="-119.954251"/>
      <trkpt lat="38.649820" lon="-119.954355"/>
      <trkpt lat="38.649720" lon="-119.954572"/>
      <trkpt lat="38.649662" lon="-119.954711"/>
      <trkpt lat="38.649642" lon="-119.954768"/>
      <trkpt lat="38.649657" lon="-119.954921"/>
      <trkpt lat="38.649508" lon="-119.955235"/>
      <trkpt lat="38.649426" lon="-119.955455"/>
      <trkpt lat="38.649462" lon="-119.955559"/>
      <trkpt lat="38.649539" lon="-119.955675"/>
      <trkpt lat="38.649541" lon="-119.955731"/>
      <trkpt lat="38.649502" lon="-119.955908"/>
      <trkpt lat="38.649485" lon="-119.956155"/>
      <trkpt lat="38.649498" lon="-119.956363"/>
      <trkpt lat="38.649430" lon="-119.956536"/>
      <trkpt lat="38.649338" lon="-119.956677"/>
      <trkpt lat="38.649204" lon="-119.956826"/>
      <trkpt lat="38.649112" lon="-119.956908"/>
      <trkpt lat="38.649020" lon="-119.957040"/>
      <trkpt lat="38.648988" lon="-119.957128"/>
      <trkpt lat="38.649009" lon="-119.957209"/>
      <trkpt lat="38.649083" lon="-119.957297"/>
      <trkpt lat="38.649217" lon="-119.957426"/>
      <trkpt lat="38.649313" lon="-119.957533"/>
      <trkpt lat="38.649378" lon="-119.957571"/>
      <trkpt lat="38.649428" lon="-119.957609"/>
      <trkpt lat="38.649581" lon="-119.957635"/>
      <trkpt lat="38.649694" lon="-119.957635"/>
      <trkpt lat="38.649826" lon="-119.957563"/>
      <trkpt lat="38.649987" lon="-119.957645"/>
      <trkpt lat="38.650314" lon="-119.957909"/>
      <trkpt lat="38.650541" lon="-119.958091"/>
      <trkpt lat="38.650679" lon="-119.958161"/>
      <trkpt lat="38.650794" lon="-119.958188"/>
      <trkpt lat="38.650918" lon="-119.958252"/>
      <trkpt lat="38.651211" lon="-119.958408"/>
      <trkpt lat="38.651592" lon="-119.958440"/>
      <trkpt lat="38.652076" lon="-119.958533"/>
      <trkpt lat="38.653067" lon="-119.958614"/>
      <trkpt lat="38.653474" lon="-119.958692"/>
      <trkpt lat="38.653687" lon="-119.958762"/>
      <trkpt lat="38.654009" lon="-119.958719"/>
      <trkpt lat="38.654148" lon="-119.958751"/>
      <trkpt lat="38.654238" lon="-119.958808"/>
      <trkpt lat="38.654425" lon="-119.958916"/>
      <trkpt lat="38.654537" lon="-119.959022"/>
      <trkpt lat="38.654868" lon="-119.959194"/>
      <trkpt lat="38.655059" lon="-119.959321"/>
      <trkpt lat="38.655131" lon="-119.959367"/>
      <trkpt lat="38.655215" lon="-119.959383"/>
      <trkpt lat="38.655572" lon="-119.959522"/>
      <trkpt lat="38.655745" lon="-119.959603"/>
      <trkpt lat="38.655876" lon="-119.959673"/>
      <trkpt lat="38.655985" lon="-119.959727"/>
      <trkpt lat="38.656128" lon="-119.959776"/>
      <trkpt lat="38.656255" lon="-119.959785"/>
      <trkpt lat="38.656440" lon="-119.959790"/>
      <trkpt lat="38.656589" lon="-119.959841"/>
      <trkpt lat="38.656733" lon="-119.959840"/>
      <trkpt lat="38.656835" lon="-119.959850"/>
      <trkpt lat="38.657240" lon="-119.959853"/>
      <trkpt lat="38.657520" lon="-119.959870"/>
      <trkpt lat="38.657775" lon="-119.959840"/>
      <trkpt lat="38.657850" lon="-119.959807"/>
      <trkpt lat="38.658016" lon="-119.959778"/>
      <trkpt lat="38.658114" lon="-119.959709"/>
      <trkpt lat="38.658341" lon="-119.959607"/>
      <trkpt lat="38.658934" lon="-119.959145"/>
      <trkpt lat="38.659049" lon="-119.959119"/>
      <trkpt lat="38.659231" lon="-119.959065"/>
      <trkpt lat="38.659302" lon="-119.959095"/>
      <trkpt lat="38.659411" lon="-119.959162"/>
      <trkpt lat="38.659593" lon="-119.959245"/>
      <trkpt lat="38.659660" lon="-119.959261"/>
      <trkpt lat="38.659771" lon="-119.959264"/>
      <trkpt lat="38.659853" lon="-119.959293"/>
      <trkpt lat="38.659924" lon="-119.959341"/>
      <trkpt lat="38.660098" lon="-119.959473"/>
      <trkpt lat="38.660171" lon="-119.959553"/>
      <trkpt lat="38.660316" lon="-119.959746"/>
      <trkpt lat="38.660358" lon="-119.959848"/>
      <trkpt lat="38.660410" lon="-119.959985"/>
      <trkpt lat="38.660455" lon="-119.960084"/>
      <trkpt lat="38.660482" lon="-119.960214"/>
      <trkpt lat="38.660500" lon="-119.960452"/>
      <trkpt lat="38.660488" lon="-119.960629"/>
      <trkpt lat="38.660502" lon="-119.960959"/>
      <trkpt lat="38.660498" lon="-119.961273"/>
      <trkpt lat="38.660460" lon="-119.961848"/>
      <trkpt lat="38.660413" lon="-119.962015"/>
      <trkpt lat="38.660429" lon="-119.962220"/>
      <trkpt lat="38.660523" lon="-119.962566"/>
      <trkpt lat="38.660618" lon="-119.962741"/>
      <trkpt lat="38.660624" lon="-119.962968"/>
      <trkpt lat="38.660615" lon="-119.963134"/>
      <trkpt lat="38.660664" lon="-119.963206"/>
      <trkpt lat="38.660802" lon="-119.963257"/>
      <trkpt lat="38.660837" lon="-119.963314"/>
      <trkpt lat="38.660861" lon="-119.963426"/>
      <trkpt lat="38.660843" lon="-119.963553"/>
      <trkpt lat="38.660703" lon="-119.964027"/>
      <trkpt lat="38.660672" lon="-119.964043"/>
      <trkpt lat="38.660645" lon="-119.964089"/>
      <trkpt lat="38.660586" lon="-119.964156"/>
      <trkpt lat="38.660548" lon="-119.964477"/>
      <trkpt lat="38.660552" lon="-119.964612"/>
      <trkpt lat="38.660586" lon="-119.964762"/>
      <trkpt lat="38.660581" lon="-119.964818"/>
      <trkpt lat="38.660564" lon="-119.964859"/>
      <trkpt lat="38.660561" lon="-119.964892"/>
      <trkpt lat="38.660579" lon="-119.964935"/>
      <trkpt lat="38.660586" lon="-119.964989"/>
      <trkpt lat="38.660578" lon="-119.965093"/>
      <trkpt lat="38.660589" lon="-119.965293"/>
      <trkpt lat="38.660583" lon="-119.965341"/>
      <trkpt lat="38.660565" lon="-119.965407"/>
      <trkpt lat="38.660555" lon="-119.965510"/>
      <trkpt lat="38.660569" lon="-119.965589"/>
      <trkpt lat="38.660601" lon="-119.965659"/>
      <trkpt lat="38.660617" lon="-119.965730"/>
      <trkpt lat="38.660638" lon="-119.965916"/>
      <trkpt lat="38.660678" lon="-119.966007"/>
      <trkpt lat="38.660791" lon="-119.966139"/>
      <trkpt lat="38.660904" lon="-119.966244"/>
      <trkpt lat="38.660907" lon="-119.966265"/>
      <trkpt lat="38.660894" lon="-119.966271"/>
      <trkpt lat="38.660768" lon="-119.966224"/>
      <trkpt lat="38.660635" lon="-119.966221"/>
      <trkpt lat="38.660537" lon="-119.966248"/>
      <trkpt lat="38.660512" lon="-119.966306"/>
      <trkpt lat="38.660442" lon="-119.966720"/>
      <trkpt lat="38.660419" lon="-119.966794"/>
      <trkpt lat="38.660376" lon="-119.966904"/>
      <trkpt lat="38.660339" lon="-119.966928"/>
      <trkpt lat="38.660292" lon="-119.966932"/>
      <trkpt lat="38.660261" lon="-119.966967"/>
      <trkpt lat="38.660230" lon="-119.967048"/>
      <trkpt lat="38.660228" lon="-119.967143"/>
      <trkpt lat="38.660235" lon="-119.967251"/>
      <trkpt lat="38.660226" lon="-119.967389"/>
      <trkpt lat="38.660238" lon="-119.967480"/>
      <trkpt lat="38.660226" lon="-119.967625"/>
      <trkpt lat="38.660169" lon="-119.967793"/>
      <trkpt lat="38.660106" lon="-119.968199"/>
      <trkpt lat="38.659960" lon="-119.968530"/>
      <trkpt lat="38.659958" lon="-119.968833"/>
      <trkpt lat="38.659855" lon="-119.969504"/>
      <trkpt lat="38.659834" lon="-119.969681"/>
      <trkpt lat="38.659813" lon="-119.969783"/>
      <trkpt lat="38.659776" lon="-119.969853"/>
      <trkpt lat="38.659622" lon="-119.970078"/>
      <trkpt lat="38.659570" lon="-119.970287"/>
      <trkpt lat="38.659476" lon="-119.970617"/>
      <trkpt lat="38.659441" lon="-119.970706"/>
      <trkpt lat="38.659227" lon="-119.971049"/>
      <trkpt lat="38.659200" lon="-119.971145"/>
      <trkpt lat="38.659162" lon="-119.971432"/>
      <trkpt lat="38.659170" lon="-119.971553"/>
      <trkpt lat="38.659185" lon="-119.971586"/>
      <trkpt lat="38.659228" lon="-119.971605"/>
      <trkpt lat="38.659302" lon="-119.971598"/>
      <trkpt lat="38.659386" lon="-119.971570"/>
      <trkpt lat="38.659554" lon="-119.971414"/>
      <trkpt lat="38.659755" lon="-119.971323"/>
      <trkpt lat="38.659823" lon="-119.971321"/>
      <trkpt lat="38.659933" lon="-119.971245"/>
      <trkpt lat="38.660051" lon="-119.971165"/>
      <trkpt lat="38.660311" lon="-119.971081"/>
      <trkpt lat="38.660370" lon="-119.971077"/>
      <trkpt lat="38.660430" lon="-119.971084"/>
      <trkpt lat="38.660510" lon="-119.971119"/>
      <trkpt lat="38.660548" lon="-119.971127"/>
      <trkpt lat="38.660626" lon="-119.971110"/>
      <trkpt lat="38.660637" lon="-119.971117"/>
      <trkpt lat="38.660582" lon="-119.971233"/>
      <trkpt lat="38.660533" lon="-119.971270"/>
      <trkpt lat="38.660492" lon="-119.971340"/>
      <trkpt lat="38.660447" lon="-119.971461"/>
      <trkpt lat="38.660410" lon="-119.971531"/>
      <trkpt lat="38.660363" lon="-119.971661"/>
      <trkpt lat="38.660356" lon="-119.971733"/>
      <trkpt lat="38.660366" lon="-119.971761"/>
      <trkpt lat="38.660425" lon="-119.971754"/>
      <trkpt lat="38.660534" lon="-119.971667"/>
      <trkpt lat="38.660666" lon="-119.971586"/>
      <trkpt lat="38.660741" lon="-119.971551"/>
      <trkpt lat="38.660869" lon="-119.971527"/>
      <trkpt lat="38.660932" lon="-119.971500"/>
      <trkpt lat="38.660980" lon="-119.971435"/>
      <trkpt lat="38.661040" lon="-119.971351"/>
      <trkpt lat="38.661143" lon="-119.971152"/>
      <trkpt lat="38.661245" lon="-119.970934"/>
      <trkpt lat="38.661275" lon="-119.970869"/>
      <trkpt lat="38.661340" lon="-119.970802"/>
      <trkpt lat="38.661427" lon="-119.970688"/>
      <trkpt lat="38.661504" lon="-119.970643"/>
      <trkpt lat="38.661579" lon="-119.970616"/>
      <trkpt lat="38.661757" lon="-119.970572"/>
      <trkpt lat="38.661924" lon="-119.970497"/>
      <trkpt lat="38.661978" lon="-119.970451"/>
      <trkpt lat="38.662015" lon="-119.970362"/>
      <trkpt lat="38.662071" lon="-119.970151"/>
      <trkpt lat="38.662150" lon="-119.970063"/>
      <trkpt lat="38.662222" lon="-119.969968"/>
      <trkpt lat="38.662253" lon="-119.969901"/>
      <trkpt lat="38.662296" lon="-119.969641"/>
      <trkpt lat="38.662326" lon="-119.969547"/>
      <trkpt lat="38.662363" lon="-119.969481"/>
      <trkpt lat="38.662470" lon="-119.969436"/>
      <trkpt lat="38.662546" lon="-119.969355"/>
      <trkpt lat="38.662699" lon="-119.969247"/>
      <trkpt lat="38.662730" lon="-119.969197"/>
      <trkpt lat="38.662735" lon="-119.969154"/>
      <trkpt lat="38.662714" lon="-119.969062"/>
      <trkpt lat="38.662713" lon="-119.969010"/>
      <trkpt lat="38.662730" lon="-119.968961"/>
      <trkpt lat="38.662771" lon="-119.968948"/>
      <trkpt lat="38.662938" lon="-119.968968"/>
      <trkpt lat="38.662968" lon="-119.968970"/>
      <trkpt lat="38.663043" lon="-119.968960"/>
      <trkpt lat="38.663080" lon="-119.968958"/>
      <trkpt lat="38.663157" lon="-119.968992"/>
      <trkpt lat="38.663243" lon="-119.969024"/>
      <trkpt lat="38.663290" lon="-119.969082"/>
      <trkpt lat="38.663414" lon="-119.969320"/>
      <trkpt lat="38.663475" lon="-119.969448"/>
      <trkpt lat="38.663500" lon="-119.969488"/>
      <trkpt lat="38.663623" lon="-119.969581"/>
      <trkpt lat="38.663651" lon="-119.969610"/>
      <trkpt lat="38.663743" lon="-119.969712"/>
      <trkpt lat="38.663915" lon="-119.969972"/>
      <trkpt lat="38.663977" lon="-119.970174"/>
      <trkpt lat="38.663951" lon="-119.970231"/>
      <trkpt lat="38.663915" lon="-119.970311"/>
      <trkpt lat="38.663904" lon="-119.970352"/>
      <trkpt lat="38.663915" lon="-119.970396"/>
      <trkpt lat="38.663970" lon="-119.970459"/>
      <trkpt lat="38.663987" lon="-119.970494"/>
      <trkpt lat="38.663995" lon="-119.970530"/>
      <trkpt lat="38.664011" lon="-119.970647"/>
      <trkpt lat="38.663975" lon="-119.970695"/>
      <trkpt lat="38.663940" lon="-119.970731"/>
      <trkpt lat="38.663927" lon="-119.970769"/>
      <trkpt lat="38.663918" lon="-119.970808"/>
      <trkpt lat="38.663924" lon="-119.970871"/>
      <trkpt lat="38.663944" lon="-119.970924"/>
      <trkpt lat="38.663950" lon="-119.970978"/>
      <trkpt lat="38.663946" lon="-119.971041"/>
      <trkpt lat="38.663956" lon="-119.971135"/>
      <trkpt lat="38.663962" lon="-119.971206"/>
      <trkpt lat="38.663987" lon="-119.971265"/>
      <trkpt lat="38.664083" lon="-119.971504"/>
      <trkpt lat="38.664131" lon="-119.971665"/>
      <trkpt lat="38.664195" lon="-119.971946"/>
      <trkpt lat="38.664193" lon="-119.972097"/>
      <trkpt lat="38.664182" lon="-119.972342"/>
      <trkpt lat="38.664170" lon="-119.972389"/>
      <trkpt lat="38.664162" lon="-119.972422"/>
      <trkpt lat="38.664168" lon="-119.972457"/>
      <trkpt lat="38.664217" lon="-119.972561"/>
      <trkpt lat="38.664293" lon="-119.972708"/>
      <trkpt lat="38.664338" lon="-119.972763"/>
      <trkpt lat="38.664374" lon="-119.972801"/>
      <trkpt lat="38.664453" lon="-119.972842"/>
      <trkpt lat="38.664558" lon="-119.972928"/>
      <trkpt lat="38.664618" lon="-119.972983"/>
      <trkpt lat="38.664808" lon="-119.973305"/>
      <trkpt lat="38.664880" lon="-119.973473"/>
      <trkpt lat="38.664901" lon="-119.973697"/>
      <trkpt lat="38.664901" lon="-119.973879"/>
      <trkpt lat="38.664935" lon="-119.974068"/>
      <trkpt lat="38.665009" lon="-119.974276"/>
      <trkpt lat="38.665022" lon="-119.974512"/>
      <trkpt lat="38.665052" lon="-119.974706"/>
      <trkpt lat="38.665100" lon="-119.974840"/>
      <trkpt lat="38.665170" lon="-119.974983"/>
      <trkpt lat="38.665242" lon="-119.975069"/>
      <trkpt lat="38.665292" lon="-119.975097"/>
      <trkpt lat="38.665338" lon="-119.975097"/>
      <trkpt lat="38.665428" lon="-119.975056"/>
      <trkpt lat="38.665541" lon="-119.974987"/>
      <trkpt lat="38.665594" lon="-119.974995"/>
      <trkpt lat="38.665673" lon="-119.975088"/>
      <trkpt lat="38.665715" lon="-119.975179"/>
      <trkpt lat="38.665750" lon="-119.975297"/>
      <trkpt lat="38.665820" lon="-119.975590"/>
      <trkpt lat="38.665816" lon="-119.975762"/>
      <trkpt lat="38.665864" lon="-119.975924"/>
      <trkpt lat="38.665907" lon="-119.975929"/>
      <trkpt lat="38.665948" lon="-119.975865"/>
      <trkpt lat="38.666216" lon="-119.975590"/>
      <trkpt lat="38.666296" lon="-119.975565"/>
      <trkpt lat="38.666388" lon="-119.975595"/>
      <trkpt lat="38.666517" lon="-119.975715"/>
      <trkpt lat="38.666550" lon="-119.975817"/>
      <trkpt lat="38.666497" lon="-119.975963"/>
      <trkpt lat="38.666515" lon="-119.976065"/>
      <trkpt lat="38.666561" lon="-119.976173"/>
      <trkpt lat="38.666576" lon="-119.976341"/>
      <trkpt lat="38.666591" lon="-119.976384"/>
      <trkpt lat="38.666621" lon="-119.976375"/>
      <trkpt lat="38.666620" lon="-119.976266"/>
      <trkpt lat="38.666672" lon="-119.976069"/>
      <trkpt lat="38.666777" lon="-119.975830"/>
      <trkpt lat="38.666792" lon="-119.975682"/>
      <trkpt lat="38.666708" lon="-119.975420"/>
      <trkpt lat="38.666713" lon="-119.975053"/>
      <trkpt lat="38.666746" lon="-119.974941"/>
      <trkpt lat="38.666842" lon="-119.974866"/>
      <trkpt lat="38.666910" lon="-119.974755"/>
      <trkpt lat="38.667073" lon="-119.974695"/>
      <trkpt lat="38.667250" lon="-119.974682"/>
      <trkpt lat="38.667493" lon="-119.974903"/>
      <trkpt lat="38.667644" lon="-119.975139"/>
      <trkpt lat="38.667715" lon="-119.975209"/>
      <trkpt lat="38.667828" lon="-119.975268"/>
      <trkpt lat="38.667954" lon="-119.975365"/>
      <trkpt lat="38.668004" lon="-119.975456"/>
      <trkpt lat="38.668084" lon="-119.975477"/>
      <trkpt lat="38.668193" lon="-119.975445"/>
      <trkpt lat="38.668482" lon="-119.975327"/>
      <trkpt lat="38.668592" lon="-119.975324"/>
      <trkpt lat="38.668880" lon="-119.975419"/>
      <trkpt lat="38.669035" lon="-119.975456"/>
      <trkpt lat="38.669165" lon="-119.975499"/>
      <trkpt lat="38.669269" lon="-119.975515"/>
      <trkpt lat="38.669370" lon="-119.975579"/>
      <trkpt lat="38.669457" lon="-119.975677"/>
      <trkpt lat="38.669520" lon="-119.975773"/>
      <trkpt lat="38.669558" lon="-119.975869"/>
      <trkpt lat="38.669562" lon="-119.975971"/>
      <trkpt lat="38.669583" lon="-119.976025"/>
      <trkpt lat="38.669643" lon="-119.976042"/>
      <trkpt lat="38.669751" lon="-119.976003"/>
      <trkpt lat="38.669868" lon="-119.976014"/>
      <trkpt lat="38.670002" lon="-119.975976"/>
      <trkpt lat="38.670094" lon="-119.975976"/>
      <trkpt lat="38.670232" lon="-119.976035"/>
      <trkpt lat="38.670354" lon="-119.976116"/>
      <trkpt lat="38.670467" lon="-119.976245"/>
      <trkpt lat="38.670572" lon="-119.976271"/>
      <trkpt lat="38.670562" lon="-119.976512"/>
      <trkpt lat="38.670551" lon="-119.976588"/>
      <trkpt lat="38.670503" lon="-119.976709"/>
      <trkpt lat="38.670461" lon="-119.976762"/>
      <trkpt lat="38.670447" lon="-119.976807"/>
      <trkpt lat="38.670475" lon="-119.976861"/>
      <trkpt lat="38.670513" lon="-119.976896"/>
      <trkpt lat="38.670609" lon="-119.976904"/>
      <trkpt lat="38.670672" lon="-119.976947"/>
      <trkpt lat="38.670747" lon="-119.977032"/>
      <trkpt lat="38.670972" lon="-119.977071"/>
      <trkpt lat="38.671049" lon="-119.977124"/>
      <trkpt lat="38.671156" lon="-119.977309"/>
      <trkpt lat="38.671185" lon="-119.977403"/>
      <trkpt lat="38.671210" lon="-119.977567"/>
      <trkpt lat="38.671231" lon="-119.977629"/>
      <trkpt lat="38.671259" lon="-119.977680"/>
      <trkpt lat="38.671288" lon="-119.977698"/>
      <trkpt lat="38.671323" lon="-119.977702"/>
      <trkpt lat="38.671368" lon="-119.977701"/>
      <trkpt lat="38.671420" lon="-119.977642"/>
      <trkpt lat="38.671474" lon="-119.977543"/>
      <trkpt lat="38.671560" lon="-119.977478"/>
      <trkpt lat="38.671604" lon="-119.977409"/>
      <trkpt lat="38.671642" lon="-119.977401"/>
      <trkpt lat="38.671707" lon="-119.977405"/>
      <trkpt lat="38.671759" lon="-119.977433"/>
      <trkpt lat="38.671916" lon="-119.977457"/>
      <trkpt lat="38.672035" lon="-119.977462"/>
      <trkpt lat="38.672297" lon="-119.977435"/>
      <trkpt lat="38.672492" lon="-119.977401"/>
      <trkpt lat="38.672695" lon="-119.977393"/>
      <trkpt lat="38.672951" lon="-119.977403"/>
      <trkpt lat="38.673106" lon="-119.977425"/>
      <trkpt lat="38.673233" lon="-119.977468"/>
      <trkpt lat="38.673355" lon="-119.977492"/>
      <trkpt lat="38.673432" lon="-119.977492"/>
      <trkpt lat="38.673520" lon="-119.977515"/>
      <trkpt lat="38.673642" lon="-119.977505"/>
      <trkpt lat="38.673857" lon="-119.977452"/>
      <trkpt lat="38.674205" lon="-119.977465"/>
      <trkpt lat="38.674396" lon="-119.977406"/>
      <trkpt lat="38.674536" lon="-119.977326"/>
      <trkpt lat="38.674636" lon="-119.977240"/>
      <trkpt lat="38.674870" lon="-119.977007"/>
      <trkpt lat="38.674976" lon="-119.976955"/>
      <trkpt lat="38.675174" lon="-119.976878"/>
      <trkpt lat="38.675255" lon="-119.976810"/>
      <trkpt lat="38.675342" lon="-119.976752"/>
      <trkpt lat="38.675807" lon="-119.976279"/>
      <trkpt lat="38.675974" lon="-119.976084"/>
      <trkpt lat="38.676010" lon="-119.976025"/>
      <trkpt lat="38.676041" lon="-119.976011"/>
      <trkpt lat="38.676082" lon="-119.976022"/>
      <trkpt lat="38.676090" lon="-119.976188"/>
      <trkpt lat="38.676014" lon="-119.976389"/>
      <trkpt lat="38.675958" lon="-119.976494"/>
      <trkpt lat="38.675728" lon="-119.976735"/>
      <trkpt lat="38.675711" lon="-119.976789"/>
      <trkpt lat="38.675662" lon="-119.976883"/>
      <trkpt lat="38.675660" lon="-119.976918"/>
      <trkpt lat="38.675738" lon="-119.976910"/>
      <trkpt lat="38.675807" lon="-119.976819"/>
      <trkpt lat="38.676033" lon="-119.976679"/>
      <trkpt lat="38.676219" lon="-119.976593"/>
      <trkpt lat="38.676383" lon="-119.976453"/>
      <trkpt lat="38.676521" lon="-119.976279"/>
      <trkpt lat="38.676717" lon="-119.975797"/>
      <trkpt lat="38.676881" lon="-119.975601"/>
      <trkpt lat="38.676938" lon="-119.975585"/>
      <trkpt lat="38.676984" lon="-119.975604"/>
      <trkpt lat="38.677013" lon="-119.975660"/>
      <trkpt lat="38.677011" lon="-119.975713"/>
      <trkpt lat="38.677037" lon="-119.975763"/>
      <trkpt lat="38.677076" lon="-119.975770"/>
      <trkpt lat="38.677137" lon="-119.975730"/>
      <trkpt lat="38.677229" lon="-119.975550"/>
      <trkpt lat="38.677302" lon="-119.975384"/>
      <trkpt lat="38.677342" lon="-119.975217"/>
      <trkpt lat="38.677333" lon="-119.975110"/>
      <trkpt lat="38.677386" lon="-119.974852"/>
      <trkpt lat="38.677499" lon="-119.974544"/>
      <trkpt lat="38.677548" lon="-119.974507"/>
      <trkpt lat="38.677610" lon="-119.974528"/>
      <trkpt lat="38.677679" lon="-119.974571"/>
      <trkpt lat="38.677832" lon="-119.974722"/>
      <trkpt lat="38.677878" lon="-119.974732"/>
      <trkpt lat="38.677938" lon="-119.974722"/>
      <trkpt lat="38.678014" lon="-119.974756"/>
      <trkpt lat="38.678119" lon="-119.974839"/>
      <trkpt lat="38.678219" lon="-119.974903"/>
      <trkpt lat="38.678301" lon="-119.974930"/>
      <trkpt lat="38.678353" lon="-119.974933"/>
      <trkpt lat="38.678423" lon="-119.974978"/>
      <trkpt lat="38.678443" lon="-119.975024"/>
      <trkpt lat="38.678539" lon="-119.975174"/>
      <trkpt lat="38.678644" lon="-119.975250"/>
      <trkpt lat="38.678774" lon="-119.975263"/>
      <trkpt lat="38.678975" lon="-119.975193"/>
      <trkpt lat="38.679046" lon="-119.975158"/>
      <trkpt lat="38.679138" lon="-119.975091"/>
      <trkpt lat="38.679632" lon="-119.974461"/>
      <trkpt lat="38.679863" lon="-119.974144"/>
      <trkpt lat="38.679917" lon="-119.974088"/>
      <trkpt lat="38.679998" lon="-119.974055"/>
      <trkpt lat="38.680091" lon="-119.974045"/>
      <trkpt lat="38.680373" lon="-119.974043"/>
      <trkpt lat="38.680508" lon="-119.974080"/>
      <trkpt lat="38.680778" lon="-119.974262"/>
      <trkpt lat="38.680830" lon="-119.974313"/>
      <trkpt lat="38.680855" lon="-119.974367"/>
      <trkpt lat="38.680855" lon="-119.974421"/>
      <trkpt lat="38.680761" lon="-119.974525"/>
      <trkpt lat="38.680621" lon="-119.974614"/>
      <trkpt lat="38.680522" lon="-119.974673"/>
      <trkpt lat="38.680451" lon="-119.974689"/>
      <trkpt lat="38.680401" lon="-119.974689"/>
      <trkpt lat="38.680343" lon="-119.974713"/>
      <trkpt lat="38.680273" lon="-119.974772"/>
      <trkpt lat="38.680185" lon="-119.974823"/>
      <trkpt lat="38.680152" lon="-119.974897"/>
      <trkpt lat="38.680091" lon="-119.975078"/>
      <trkpt lat="38.680101" lon="-119.975121"/>
      <trkpt lat="38.680194" lon="-119.975244"/>
      <trkpt lat="38.680192" lon="-119.975325"/>
      <trkpt lat="38.680177" lon="-119.975397"/>
      <trkpt lat="38.680150" lon="-119.975459"/>
      <trkpt lat="38.680062" lon="-119.975523"/>
      <trkpt lat="38.680053" lon="-119.975555"/>
      <trkpt lat="38.680058" lon="-119.975598"/>
      <trkpt lat="38.680150" lon="-119.975622"/>
      <trkpt lat="38.680227" lon="-119.975612"/>
      <trkpt lat="38.680353" lon="-119.975563"/>
      <trkpt lat="38.680416" lon="-119.975582"/>
      <trkpt lat="38.680483" lon="-119.975560"/>
      <trkpt lat="38.680686" lon="-119.975569"/>
      <trkpt lat="38.680728" lon="-119.975585"/>
      <trkpt lat="38.680748" lon="-119.975662"/>
      <trkpt lat="38.680753" lon="-119.975724"/>
      <trkpt lat="38.680778" lon="-119.975805"/>
      <trkpt lat="38.680862" lon="-119.975966"/>
      <trkpt lat="38.680880" lon="-119.976046"/>
      <trkpt lat="38.680870" lon="-119.976226"/>
      <trkpt lat="38.680782" lon="-119.976470"/>
      <trkpt lat="38.680713" lon="-119.976593"/>
      <trkpt lat="38.680631" lon="-119.976679"/>
      <trkpt lat="38.680589" lon="-119.976752"/>
      <trkpt lat="38.680506" lon="-119.976867"/>
      <trkpt lat="38.680468" lon="-119.976853"/>
      <trkpt lat="38.680378" lon="-119.976853"/>
      <trkpt lat="38.680311" lon="-119.976886"/>
      <trkpt lat="38.680248" lon="-119.976942"/>
      <trkpt lat="38.680146" lon="-119.977076"/>
      <trkpt lat="38.680045" lon="-119.977274"/>
      <trkpt lat="38.679944" lon="-119.977403"/>
      <trkpt lat="38.679890" lon="-119.977537"/>
      <trkpt lat="38.679739" lon="-119.977747"/>
      <trkpt lat="38.679656" lon="-119.977902"/>
      <trkpt lat="38.679583" lon="-119.977955"/>
      <trkpt lat="38.679542" lon="-119.978127"/>
      <trkpt lat="38.679526" lon="-119.978240"/>
      <trkpt lat="38.679538" lon="-119.978380"/>
      <trkpt lat="38.679534" lon="-119.978508"/>
      <trkpt lat="38.679639" lon="-119.978782"/>
      <trkpt lat="38.679932" lon="-119.979200"/>
      <trkpt lat="38.679999" lon="-119.979345"/>
      <trkpt lat="38.680041" lon="-119.979474"/>
      <trkpt lat="38.680133" lon="-119.979613"/>
      <trkpt lat="38.680246" lon="-119.979817"/>
      <trkpt lat="38.680338" lon="-119.979941"/>
      <trkpt lat="38.680506" lon="-119.980086"/>
      <trkpt lat="38.680581" lon="-119.980187"/>
      <trkpt lat="38.680643" lon="-119.980347"/>
      <trkpt lat="38.680665" lon="-119.980434"/>
      <trkpt lat="38.680686" lon="-119.980654"/>
      <trkpt lat="38.680725" lon="-119.980767"/>
      <trkpt lat="38.680836" lon="-119.980904"/>
      <trkpt lat="38.680918" lon="-119.980987"/>
      <trkpt lat="38.680915" lon="-119.981022"/>
      <trkpt lat="38.680849" lon="-119.981016"/>
      <trkpt lat="38.680757" lon="-119.980973"/>
      <trkpt lat="38.680585" lon="-119.980780"/>
      <trkpt lat="38.680564" lon="-119.980780"/>
      <trkpt lat="38.680594" lon="-119.980869"/>
      <trkpt lat="38.680658" lon="-119.981152"/>
      <trkpt lat="38.680744" lon="-119.981311"/>
      <trkpt lat="38.680872" lon="-119.981494"/>
      <trkpt lat="38.680958" lon="-119.981585"/>
      <trkpt lat="38.681128" lon="-119.981687"/>
      <trkpt lat="38.681446" lon="-119.981802"/>
      <trkpt lat="38.681555" lon="-119.981824"/>
      <trkpt lat="38.681651" lon="-119.981821"/>
      <trkpt lat="38.681724" lon="-119.981808"/>
      <trkpt lat="38.681821" lon="-119.981832"/>
      <trkpt lat="38.682084" lon="-119.982022"/>
      <trkpt lat="38.682206" lon="-119.982086"/>
      <trkpt lat="38.682358" lon="-119.982148"/>
      <trkpt lat="38.682604" lon="-119.982443"/>
      <trkpt lat="38.682884" lon="-119.982701"/>
      <trkpt lat="38.682983" lon="-119.982763"/>
      <trkpt lat="38.683054" lon="-119.982854"/>
      <trkpt lat="38.683155" lon="-119.983025"/>
      <trkpt lat="38.683230" lon="-119.983285"/>
      <trkpt lat="38.683328" lon="-119.983543"/>
      <trkpt lat="38.683349" lon="-119.983717"/>
      <trkpt lat="38.683353" lon="-119.983891"/>
      <trkpt lat="38.683410" lon="-119.984222"/>
      <trkpt lat="38.683531" lon="-119.984511"/>
      <trkpt lat="38.683540" lon="-119.984621"/>
      <trkpt lat="38.683537" lon="-119.984761"/>
      <trkpt lat="38.683523" lon="-119.984879"/>
      <trkpt lat="38.683523" lon="-119.984986"/>
      <trkpt lat="38.683496" lon="-119.985101"/>
      <trkpt lat="38.683443" lon="-119.985259"/>
      <trkpt lat="38.683391" lon="-119.985369"/>
      <trkpt lat="38.683320" lon="-119.985482"/>
      <trkpt lat="38.683217" lon="-119.985595"/>
      <trkpt lat="38.683152" lon="-119.985686"/>
      <trkpt lat="38.683047" lon="-119.985775"/>
      <trkpt lat="38.682911" lon="-119.985989"/>
      <trkpt lat="38.682790" lon="-119.986204"/>
      <trkpt lat="38.682795" lon="-119.986247"/>
      <trkpt lat="38.682872" lon="-119.986249"/>
      <trkpt lat="38.683004" lon="-119.986217"/>
      <trkpt lat="38.683092" lon="-119.986158"/>
      <trkpt lat="38.683144" lon="-119.986110"/>
      <trkpt lat="38.683198" lon="-119.986082"/>
      <trkpt lat="38.683382" lon="-119.986094"/>
      <trkpt lat="38.683454" lon="-119.986077"/>
      <trkpt lat="38.683506" lon="-119.986040"/>
      <trkpt lat="38.683564" lon="-119.986020"/>
      <trkpt lat="38.683615" lon="-119.986020"/>
      <trkpt lat="38.683667" lon="-119.986062"/>
      <trkpt lat="38.683722" lon="-119.986091"/>
      <trkpt lat="38.683750" lon="-119.986131"/>
      <trkpt lat="38.683775" lon="-119.986213"/>
      <trkpt lat="38.683826" lon="-119.986330"/>
      <trkpt lat="38.683875" lon="-119.986375"/>
      <trkpt lat="38.683942" lon="-119.986381"/>
      <trkpt lat="38.684230" lon="-119.986474"/>
      <trkpt lat="38.684411" lon="-119.986523"/>
      <trkpt lat="38.684509" lon="-119.986515"/>
      <trkpt lat="38.684564" lon="-119.986585"/>
      <trkpt lat="38.684633" lon="-119.986626"/>
      <trkpt lat="38.684696" lon="-119.986732"/>
      <trkpt lat="38.684752" lon="-119.986872"/>
      <trkpt lat="38.684822" lon="-119.986978"/>
      <trkpt lat="38.685049" lon="-119.987204"/>
      <trkpt lat="38.685135" lon="-119.987195"/>
      <trkpt lat="38.685254" lon="-119.987204"/>
      <trkpt lat="38.685542" lon="-119.987050"/>
      <trkpt lat="38.685612" lon="-119.987024"/>
      <trkpt lat="38.685682" lon="-119.986927"/>
      <trkpt lat="38.685952" lon="-119.986651"/>
      <trkpt lat="38.686262" lon="-119.986548"/>
      <trkpt lat="38.686341" lon="-119.986568"/>
      <trkpt lat="38.686405" lon="-119.986623"/>
      <trkpt lat="38.686453" lon="-119.986692"/>
      <trkpt lat="38.686533" lon="-119.986807"/>
      <trkpt lat="38.686677" lon="-119.986902"/>
      <trkpt lat="38.686844" lon="-119.987094"/>
      <trkpt lat="38.686888" lon="-119.987177"/>
      <trkpt lat="38.686896" lon="-119.987408"/>
      <trkpt lat="38.686887" lon="-119.987615"/>
      <trkpt lat="38.686827" lon="-119.987936"/>
      <trkpt lat="38.686825" lon="-119.988227"/>
      <trkpt lat="38.686611" lon="-119.988864"/>
      <trkpt lat="38.686493" lon="-119.989355"/>
      <trkpt lat="38.686608" lon="-119.989426"/>
      <trkpt lat="38.686849" lon="-119.989380"/>
      <trkpt lat="38.687318" lon="-119.989460"/>
      <trkpt lat="38.687372" lon="-119.989665"/>
      <trkpt lat="38.687391" lon="-119.989859"/>
      <trkpt lat="38.687353" lon="-119.990057"/>
      <trkpt lat="38.687238" lon="-119.990148"/>
      <trkpt lat="38.687067" lon="-119.990220"/>
      <trkpt lat="38.686967" lon="-119.990348"/>
      <trkpt lat="38.686930" lon="-119.990484"/>
      <trkpt lat="38.686980" lon="-119.990610"/>
      <trkpt lat="38.687089" lon="-119.990704"/>
      <trkpt lat="38.687215" lon="-119.990868"/>
      <trkpt lat="38.687302" lon="-119.991209"/>
      <trkpt lat="38.687259" lon="-119.991323"/>
      <trkpt lat="38.687171" lon="-119.991395"/>
      <trkpt lat="38.687054" lon="-119.991543"/>
      <trkpt lat="38.687035" lon="-119.991656"/>
      <trkpt lat="38.687063" lon="-119.991763"/>
      <trkpt lat="38.687195" lon="-119.992112"/>
      <trkpt lat="38.687444" lon="-119.992517"/>
      <trkpt lat="38.687579" lon="-119.992622"/>
      <trkpt lat="38.687680" lon="-119.992617"/>
      <trkpt lat="38.687871" lon="-119.992581"/>
      <trkpt lat="38.688180" lon="-119.992560"/>
      <trkpt lat="38.688317" lon="-119.992718"/>
      <trkpt lat="38.688445" lon="-119.992768"/>
      <trkpt lat="38.688597" lon="-119.992791"/>
      <trkpt lat="38.688898" lon="-119.992697"/>
      <trkpt lat="38.689180" lon="-119.992648"/>
      <trkpt lat="38.689577" lon="-119.992516"/>
      <trkpt lat="38.690102" lon="-119.992223"/>
      <trkpt lat="38.690300" lon="-119.992036"/>
      <trkpt lat="38.690330" lon="-119.991934"/>
      <trkpt lat="38.690372" lon="-119.991975"/>
      <trkpt lat="38.690580" lon="-119.991810"/>
      <trkpt lat="38.690673" lon="-119.991288"/>
      <trkpt lat="38.690770" lon="-119.991143"/>
      <trkpt lat="38.690968" lon="-119.991075"/>
      <trkpt lat="38.691412" lon="-119.991275"/>
      <trkpt lat="38.691535" lon="-119.991440"/>
      <trkpt lat="38.691629" lon="-119.991768"/>
      <trkpt lat="38.691750" lon="-119.992019"/>
      <trkpt lat="38.692106" lon="-119.992391"/>
      <trkpt lat="38.692202" lon="-119.992397"/>
      <trkpt lat="38.692956" lon="-119.991954"/>
      <trkpt lat="38.693207" lon="-119.991650"/>
      <trkpt lat="38.693263" lon="-119.991455"/>
      <trkpt lat="38.693273" lon="-119.991220"/>
      <trkpt lat="38.693243" lon="-119.991082"/>
      <trkpt lat="38.693253" lon="-119.990942"/>
      <trkpt lat="38.693479" lon="-119.990624"/>
      <trkpt lat="38.693598" lon="-119.990335"/>
      <trkpt lat="38.693982" lon="-119.990063"/>
      <trkpt lat="38.694197" lon="-119.989818"/>
      <trkpt lat="38.694685" lon="-119.989408"/>
      <trkpt lat="38.694772" lon="-119.989406"/>
      <trkpt lat="38.695009" lon="-119.989536"/>
      <trkpt lat="38.695503" lon="-119.989838"/>
      <trkpt lat="38.695699" lon="-119.989634"/>
    </trkseg>
    <trkseg>
      <trkpt lat="38.545798" lon="-119.811195"/>
      <trkpt lat="38.545898" lon="-119.811400"/>
      <trkpt lat="38.546125" lon="-119.811470"/>
      <trkpt lat="38.546490" lon="-119.811338"/>
      <trkpt lat="38.546602" lon="-119.811240"/>
      <trkpt lat="38.546668" lon="-119.810868"/>
      <trkpt lat="38.546830" lon="-119.810698"/>
      <trkpt lat="38.547140" lon="-119.810723"/>
      <trkpt lat="38.547355" lon="-119.810637"/>
      <trkpt lat="38.547494" lon="-119.810484"/>
      <trkpt lat="38.547570" lon="-119.810297"/>
      <trkpt lat="38.547583" lon="-119.810153"/>
      <trkpt lat="38.547725" lon="-119.809870"/>
      <trkpt lat="38.547753" lon="-119.809677"/>
      <trkpt lat="38.547813" lon="-119.809744"/>
      <trkpt lat="38.547853" lon="-119.809935"/>
      <trkpt lat="38.548015" lon="-119.810095"/>
      <trkpt lat="38.548056" lon="-119.810350"/>
      <trkpt lat="38.548140" lon="-119.810555"/>
      <trkpt lat="38.548113" lon="-119.810765"/>
      <trkpt lat="38.548222" lon="-119.811063"/>
      <trkpt lat="38.548392" lon="-119.811251"/>
      <trkpt lat="38.548514" lon="-119.811514"/>
      <trkpt lat="38.548760" lon="-119.811617"/>
      <trkpt lat="38.548833" lon="-119.811729"/>
      <trkpt lat="38.548972" lon="-119.812052"/>
      <trkpt lat="38.549239" lon="-119.812195"/>
      <trkpt lat="38.549302" lon="-119.812421"/>
      <trkpt lat="38.549294" lon="-119.812737"/>
      <trkpt lat="38.549076" lon="-119.813188"/>
      <trkpt lat="38.549084" lon="-119.813483"/>
      <trkpt lat="38.549010" lon="-119.813747"/>
      <trkpt lat="38.549150" lon="-119.814055"/>
      <trkpt lat="38.549593" lon="-119.814745"/>
      <trkpt lat="38.549659" lon="-119.814861"/>
      <trkpt lat="38.549823" lon="-119.814910"/>
      <trkpt lat="38.550013" lon="-119.815085"/>
      <trkpt lat="38.550105" lon="-119.815318"/>
      <trkpt lat="38.550482" lon="-119.815477"/>
      <trkpt lat="38.550502" lon="-119.815634"/>
      <trkpt lat="38.550561" lon="-119.815741"/>
      <trkpt lat="38.550670" lon="-119.816165"/>
      <trkpt lat="38.550912" lon="-119.816372"/>
      <trkpt lat="38.551173" lon="-119.816433"/>
      <trkpt lat="38.551435" lon="-119.816330"/>
      <trkpt lat="38.551601" lon="-119.816380"/>
      <trkpt lat="38.551790" lon="-119.816337"/>
      <trkpt lat="38.552013" lon="-119.816682"/>
      <trkpt lat="38.552340" lon="-119.817425"/>
      <trkpt lat="38.552412" lon="-119.817487"/>
      <trkpt lat="38.552683" lon="-119.817498"/>
      <trkpt lat="38.552923" lon="-119.817647"/>
      <trkpt lat="38.553117" lon="-119.817618"/>
      <trkpt lat="38.553235" lon="-119.817842"/>
      <trkpt lat="38.553180" lon="-119.818062"/>
      <trkpt lat="38.553433" lon="-119.818558"/>
      <trkpt lat="38.553602" lon="-119.818735"/>
      <trkpt lat="38.553921" lon="-119.818804"/>
      <trkpt lat="38.554077" lon="-119.818890"/>
      <trkpt lat="38.554028" lon="-119.819458"/>
      <trkpt lat="38.554051" lon="-119.819598"/>
      <trkpt lat="38.554148" lon="-119.819845"/>
      <trkpt lat="38.554332" lon="-119.819856"/>
      <trkpt lat="38.554374" lon="-119.820070"/>
      <trkpt lat="38.554517" lon="-119.820381"/>
      <trkpt lat="38.554458" lon="-119.820617"/>
      <trkpt lat="38.554232" lon="-119.820768"/>
      <trkpt lat="38.554193" lon="-119.821065"/>
      <trkpt lat="38.554113" lon="-119.821512"/>
      <trkpt lat="38.554077" lon="-119.821958"/>
      <trkpt lat="38.554163" lon="-119.822303"/>
      <trkpt lat="38.554300" lon="-119.822602"/>
      <trkpt lat="38.554240" lon="-119.822988"/>
      <trkpt lat="38.554175" lon="-119.823165"/>
      <trkpt lat="38.554173" lon="-119.823478"/>
      <trkpt lat="38.554280" lon="-119.824053"/>
      <trkpt lat="38.554471" lon="-119.824335"/>
      <trkpt lat="38.554512" lon="-119.824467"/>
      <trkpt lat="38.554503" lon="-119.824957"/>
      <trkpt lat="38.554355" lon="-119.825350"/>
      <trkpt lat="38.554412" lon="-119.825703"/>
      <trkpt lat="38.554362" lon="-119.825885"/>
      <trkpt lat="38.554287" lon="-119.826015"/>
      <trkpt lat="38.554183" lon="-119.826527"/>
      <trkpt lat="38.554262" lon="-119.826897"/>
      <trkpt lat="38.554247" lon="-119.827260"/>
      <trkpt lat="38.554332" lon="-119.827360"/>
      <trkpt lat="38.554391" lon="-119.827495"/>
      <trkpt lat="38.554433" lon="-119.827695"/>
      <trkpt lat="38.554650" lon="-119.827917"/>
      <trkpt lat="38.554762" lon="-119.827962"/>
      <trkpt lat="38.555178" lon="-119.828398"/>
      <trkpt lat="38.555293" lon="-119.828345"/>
      <trkpt lat="38.555543" lon="-119.828413"/>
      <trkpt lat="38.555640" lon="-119.828510"/>
      <trkpt lat="38.555772" lon="-119.828782"/>
      <trkpt lat="38.555796" lon="-119.829549"/>
      <trkpt lat="38.555708" lon="-119.829648"/>
      <trkpt lat="38.555612" lon="-119.830225"/>
      <trkpt lat="38.555412" lon="-119.830730"/>
      <trkpt lat="38.555420" lon="-119.831070"/>
      <trkpt lat="38.555473" lon="-119.831582"/>
      <trkpt lat="38.555648" lon="-119.831803"/>
      <trkpt lat="38.555705" lon="-119.832165"/>
      <trkpt lat="38.556000" lon="-119.832852"/>
      <trkpt lat="38.556177" lon="-119.833140"/>
      <trkpt lat="38.556308" lon="-119.833232"/>
      <trkpt lat="38.556395" lon="-119.833142"/>
      <trkpt lat="38.556712" lon="-119.833218"/>
      <trkpt lat="38.556930" lon="-119.833392"/>
      <trkpt lat="38.557330" lon="-119.833430"/>
      <trkpt lat="38.557860" lon="-119.833740"/>
      <trkpt lat="38.558032" lon="-119.833913"/>
      <trkpt lat="38.558372" lon="-119.834120"/>
      <trkpt lat="38.558680" lon="-119.833915"/>
      <trkpt lat="38.558993" lon="-119.833552"/>
      <trkpt lat="38.559482" lon="-119.833533"/>
      <trkpt lat="38.559802" lon="-119.833270"/>
      <trkpt lat="38.559870" lon="-119.833170"/>
      <trkpt lat="38.559838" lon="-119.833022"/>
      <trkpt lat="38.559875" lon="-119.832527"/>
      <trkpt lat="38.560360" lon="-119.831522"/>
      <trkpt lat="38.560436" lon="-119.831464"/>
      <trkpt lat="38.560602" lon="-119.831493"/>
      <trkpt lat="38.560755" lon="-119.831346"/>
      <trkpt lat="38.560927" lon="-119.831372"/>
      <trkpt lat="38.561293" lon="-119.831395"/>
      <trkpt lat="38.562203" lon="-119.831102"/>
      <trkpt lat="38.562623" lon="-119.831063"/>
      <trkpt lat="38.562907" lon="-119.831202"/>
      <trkpt lat="38.563678" lon="-119.831073"/>
      <trkpt lat="38.563838" lon="-119.831008"/>
      <trkpt lat="38.564006" lon="-119.830971"/>
      <trkpt lat="38.564178" lon="-119.830873"/>
      <trkpt lat="38.564643" lon="-119.830778"/>
      <trkpt lat="38.564955" lon="-119.830282"/>
      <trkpt lat="38.565598" lon="-119.829635"/>
      <trkpt lat="38.565843" lon="-119.829490"/>
      <trkpt lat="38.566560" lon="-119.828850"/>
      <trkpt lat="38.566623" lon="-119.828777"/>
      <trkpt lat="38.566782" lon="-119.828766"/>
      <trkpt lat="38.566925" lon="-119.828626"/>
      <trkpt lat="38.567168" lon="-119.828525"/>
      <trkpt lat="38.567337" lon="-119.828295"/>
      <trkpt lat="38.567568" lon="-119.828150"/>
      <trkpt lat="38.567672" lon="-119.828023"/>
      <trkpt lat="38.567776" lon="-119.827768"/>
      <trkpt lat="38.567932" lon="-119.827482"/>
      <trkpt lat="38.568040" lon="-119.827022"/>
      <trkpt lat="38.568141" lon="-119.826883"/>
      <trkpt lat="38.568227" lon="-119.826405"/>
      <trkpt lat="38.568442" lon="-119.826163"/>
      <trkpt lat="38.568738" lon="-119.826052"/>
      <trkpt lat="38.568846" lon="-119.826132"/>
      <trkpt lat="38.568977" lon="-119.826292"/>
      <trkpt lat="38.569072" lon="-119.826374"/>
      <trkpt lat="38.569222" lon="-119.826393"/>
      <trkpt lat="38.569430" lon="-119.826647"/>
      <trkpt lat="38.569418" lon="-119.827210"/>
      <trkpt lat="38.569471" lon="-119.827457"/>
      <trkpt lat="38.569598" lon="-119.827693"/>
      <trkpt lat="38.569527" lon="-119.827988"/>
      <trkpt lat="38.569840" lon="-119.828294"/>
      <trkpt lat="38.570075" lon="-119.828450"/>
      <trkpt lat="38.570138" lon="-119.828535"/>
      <trkpt lat="38.570213" lon="-119.828562"/>
      <trkpt lat="38.570339" lon="-119.828648"/>
      <trkpt lat="38.570490" lon="-119.828616"/>
      <trkpt lat="38.570683" lon="-119.828653"/>
      <trkpt lat="38.570862" lon="-119.828635"/>
      <trkpt lat="38.571014" lon="-119.828616"/>
      <trkpt lat="38.571127" lon="-119.828562"/>
      <trkpt lat="38.571203" lon="-119.828621"/>
      <trkpt lat="38.571291" lon="-119.828793"/>
      <trkpt lat="38.571440" lon="-119.828842"/>
      <trkpt lat="38.571790" lon="-119.828303"/>
      <trkpt lat="38.572109" lon="-119.828272"/>
      <trkpt lat="38.572203" lon="-119.828213"/>
      <trkpt lat="38.572560" lon="-119.827907"/>
      <trkpt lat="38.572990" lon="-119.827775"/>
      <trkpt lat="38.573590" lon="-119.827783"/>
      <trkpt lat="38.573639" lon="-119.827851"/>
      <trkpt lat="38.573633" lon="-119.827927"/>
      <trkpt lat="38.573558" lon="-119.828073"/>
      <trkpt lat="38.573465" lon="-119.828170"/>
      <trkpt lat="38.573321" lon="-119.828734"/>
      <trkpt lat="38.573305" lon="-119.828856"/>
      <trkpt lat="38.573296" lon="-119.829024"/>
      <trkpt lat="38.573180" lon="-119.829178"/>
      <trkpt lat="38.573116" lon="-119.829386"/>
      <trkpt lat="38.573132" lon="-119.829737"/>
      <trkpt lat="38.573032" lon="-119.830000"/>
      <trkpt lat="38.573076" lon="-119.830204"/>
      <trkpt lat="38.573082" lon="-119.830375"/>
      <trkpt lat="38.573191" lon="-119.830574"/>
      <trkpt lat="38.573189" lon="-119.830649"/>
      <trkpt lat="38.573155" lon="-119.830729"/>
      <trkpt lat="38.573141" lon="-119.830815"/>
      <trkpt lat="38.573235" lon="-119.830837"/>
      <trkpt lat="38.573432" lon="-119.831054"/>
      <trkpt lat="38.573367" lon="-119.831293"/>
      <trkpt lat="38.573367" lon="-119.831529"/>
      <trkpt lat="38.573430" lon="-119.831749"/>
      <trkpt lat="38.573512" lon="-119.831869"/>
      <trkpt lat="38.573627" lon="-119.831985"/>
      <trkpt lat="38.573736" lon="-119.831985"/>
      <trkpt lat="38.574042" lon="-119.831915"/>
      <trkpt lat="38.574237" lon="-119.831918"/>
      <trkpt lat="38.574512" lon="-119.832062"/>
      <trkpt lat="38.574608" lon="-119.832087"/>
      <trkpt lat="38.574759" lon="-119.832049"/>
      <trkpt lat="38.574875" lon="-119.832111"/>
      <trkpt lat="38.574967" lon="-119.832148"/>
      <trkpt lat="38.575137" lon="-119.832143"/>
      <trkpt lat="38.575247" lon="-119.832100"/>
      <trkpt lat="38.575527" lon="-119.832207"/>
      <trkpt lat="38.575651" lon="-119.832178"/>
      <trkpt lat="38.575745" lon="-119.832180"/>
      <trkpt lat="38.575978" lon="-119.832076"/>
      <trkpt lat="38.576041" lon="-119.831979"/>
      <trkpt lat="38.576116" lon="-119.831944"/>
      <trkpt lat="38.576192" lon="-119.831875"/>
      <trkpt lat="38.576408" lon="-119.831802"/>
      <trkpt lat="38.576458" lon="-119.831818"/>
      <trkpt lat="38.576632" lon="-119.831722"/>
      <trkpt lat="38.576968" lon="-119.831585"/>
      <trkpt lat="38.577290" lon="-119.831475"/>
      <trkpt lat="38.577389" lon="-119.831488"/>
      <trkpt lat="38.577448" lon="-119.831381"/>
      <trkpt lat="38.577523" lon="-119.831381"/>
      <trkpt lat="38.577636" lon="-119.831314"/>
      <trkpt lat="38.577771" lon="-119.831320"/>
      <trkpt lat="38.577892" lon="-119.831282"/>
      <trkpt lat="38.578194" lon="-119.831209"/>
      <trkpt lat="38.578429" lon="-119.831277"/>
      <trkpt lat="38.578580" lon="-119.831306"/>
      <trkpt lat="38.578828" lon="-119.831421"/>
      <trkpt lat="38.578917" lon="-119.831475"/>
      <trkpt lat="38.578970" lon="-119.831486"/>
      <trkpt lat="38.579185" lon="-119.831392"/>
      <trkpt lat="38.579498" lon="-119.831657"/>
      <trkpt lat="38.579561" lon="-119.831775"/>
      <trkpt lat="38.579641" lon="-119.831845"/>
      <trkpt lat="38.579767" lon="-119.831893"/>
      <trkpt lat="38.579865" lon="-119.832054"/>
      <trkpt lat="38.579937" lon="-119.832088"/>
      <trkpt lat="38.580142" lon="-119.831861"/>
      <trkpt lat="38.580245" lon="-119.831768"/>
      <trkpt lat="38.580369" lon="-119.831762"/>
      <trkpt lat="38.580528" lon="-119.831703"/>
      <trkpt lat="38.580635" lon="-119.831735"/>
      <trkpt lat="38.580750" lon="-119.831730"/>
      <trkpt lat="38.580813" lon="-119.831746"/>
      <trkpt lat="38.581054" lon="-119.831639"/>
      <trkpt lat="38.581208" lon="-119.831595"/>
      <trkpt lat="38.581404" lon="-119.831604"/>
      <trkpt lat="38.581482" lon="-119.831628"/>
      <trkpt lat="38.581670" lon="-119.831595"/>
      <trkpt lat="38.581761" lon="-119.831561"/>
      <trkpt lat="38.581823" lon="-119.831502"/>
      <trkpt lat="38.581905" lon="-119.831384"/>
      <trkpt lat="38.581939" lon="-119.831309"/>
      <trkpt lat="38.581987" lon="-119.831250"/>
      <trkpt lat="38.582030" lon="-119.831220"/>
      <trkpt lat="38.582170" lon="-119.831220"/>
      <trkpt lat="38.582356" lon="-119.831266"/>
      <trkpt lat="38.582444" lon="-119.831239"/>
      <trkpt lat="38.582604" lon="-119.831083"/>
      <trkpt lat="38.582780" lon="-119.830890"/>
      <trkpt lat="38.583263" lon="-119.830492"/>
      <trkpt lat="38.583359" lon="-119.830450"/>
      <trkpt lat="38.583539" lon="-119.830432"/>
      <trkpt lat="38.583774" lon="-119.830327"/>
      <trkpt lat="38.583862" lon="-119.830320"/>
      <trkpt lat="38.583891" lon="-119.830370"/>
      <trkpt lat="38.583931" lon="-119.830501"/>
      <trkpt lat="38.583895" lon="-119.830587"/>
      <trkpt lat="38.583860" lon="-119.830735"/>
      <trkpt lat="38.583873" lon="-119.830888"/>
      <trkpt lat="38.583533" lon="-119.831459"/>
      <trkpt lat="38.583461" lon="-119.831480"/>
      <trkpt lat="38.583438" lon="-119.831515"/>
      <trkpt lat="38.583432" lon="-119.831569"/>
      <trkpt lat="38.583398" lon="-119.831665"/>
      <trkpt lat="38.583371" lon="-119.831944"/>
      <trkpt lat="38.583329" lon="-119.832073"/>
      <trkpt lat="38.583319" lon="-119.832189"/>
      <trkpt lat="38.583277" lon="-119.832317"/>
      <trkpt lat="38.583218" lon="-119.832365"/>
      <trkpt lat="38.583147" lon="-119.832384"/>
      <trkpt lat="38.583101" lon="-119.832438"/>
      <trkpt lat="38.583100" lon="-119.832557"/>
      <trkpt lat="38.583080" lon="-119.832730"/>
      <trkpt lat="38.583237" lon="-119.832875"/>
      <trkpt lat="38.583245" lon="-119.832961"/>
      <trkpt lat="38.583289" lon="-119.833031"/>
      <trkpt lat="38.583373" lon="-119.833133"/>
      <trkpt lat="38.583384" lon="-119.833184"/>
      <trkpt lat="38.583352" lon="-119.833248"/>
      <trkpt lat="38.583344" lon="-119.833294"/>
      <trkpt lat="38.583379" lon="-119.833328"/>
      <trkpt lat="38.583596" lon="-119.833457"/>
      <trkpt lat="38.583623" lon="-119.833508"/>
      <trkpt lat="38.583671" lon="-119.833532"/>
      <trkpt lat="38.583725" lon="-119.833532"/>
      <trkpt lat="38.583774" lon="-119.833511"/>
      <trkpt lat="38.583843" lon="-119.833513"/>
      <trkpt lat="38.583897" lon="-119.833559"/>
      <trkpt lat="38.583923" lon="-119.833605"/>
      <trkpt lat="38.583979" lon="-119.833602"/>
      <trkpt lat="38.584044" lon="-119.833548"/>
      <trkpt lat="38.584117" lon="-119.833512"/>
      <trkpt lat="38.584178" lon="-119.833538"/>
      <trkpt lat="38.584313" lon="-119.833559"/>
      <trkpt lat="38.584353" lon="-119.833600"/>
      <trkpt lat="38.584426" lon="-119.833610"/>
      <trkpt lat="38.584426" lon="-119.833556"/>
      <trkpt lat="38.584500" lon="-119.833405"/>
      <trkpt lat="38.584644" lon="-119.833235"/>
      <trkpt lat="38.584807" lon="-119.833348"/>
      <trkpt lat="38.584982" lon="-119.832723"/>
      <trkpt lat="38.585051" lon="-119.832553"/>
      <trkpt lat="38.585135" lon="-119.832440"/>
      <trkpt lat="38.585191" lon="-119.832438"/>
      <trkpt lat="38.585352" lon="-119.832347"/>
      <trkpt lat="38.585458" lon="-119.832165"/>
      <trkpt lat="38.585564" lon="-119.832146"/>
      <trkpt lat="38.585709" lon="-119.832178"/>
      <trkpt lat="38.585774" lon="-119.832164"/>
      <trkpt lat="38.585842" lon="-119.832105"/>
      <trkpt lat="38.585877" lon="-119.831988"/>
      <trkpt lat="38.585856" lon="-119.831934"/>
      <trkpt lat="38.585755" lon="-119.831928"/>
      <trkpt lat="38.585687" lon="-119.831873"/>
      <trkpt lat="38.585677" lon="-119.831723"/>
      <trkpt lat="38.585709" lon="-119.831588"/>
      <trkpt lat="38.585767" lon="-119.831465"/>
      <trkpt lat="38.585870" lon="-119.831424"/>
      <trkpt lat="38.586111" lon="-119.831185"/>
      <trkpt lat="38.586537" lon="-119.830920"/>
      <trkpt lat="38.586883" lon="-119.830532"/>
      <trkpt lat="38.586998" lon="-119.830373"/>
      <trkpt lat="38.587107" lon="-119.830104"/>
      <trkpt lat="38.587151" lon="-119.830107"/>
      <trkpt lat="38.587288" lon="-119.830174"/>
      <trkpt lat="38.587328" lon="-119.830139"/>
      <trkpt lat="38.587348" lon="-119.830048"/>
      <trkpt lat="38.587304" lon="-119.829903"/>
      <trkpt lat="38.587340" lon="-119.829796"/>
      <trkpt lat="38.587491" lon="-119.829667"/>
      <trkpt lat="38.587567" lon="-119.829512"/>
      <trkpt lat="38.587715" lon="-119.829042"/>
      <trkpt lat="38.587853" lon="-119.828685"/>
      <trkpt lat="38.588118" lon="-119.828436"/>
      <trkpt lat="38.588432" lon="-119.828251"/>
      <trkpt lat="38.588613" lon="-119.828220"/>
      <trkpt lat="38.588824" lon="-119.827883"/>
      <trkpt lat="38.589105" lon="-119.827854"/>
      <trkpt lat="38.589183" lon="-119.827814"/>
      <trkpt lat="38.589223" lon="-119.827647"/>
      <trkpt lat="38.589174" lon="-119.827583"/>
      <trkpt lat="38.589072" lon="-119.827551"/>
      <trkpt lat="38.588952" lon="-119.827452"/>
      <trkpt lat="38.588915" lon="-119.827377"/>
      <trkpt lat="38.588904" lon="-119.827237"/>
      <trkpt lat="38.588959" lon="-119.827181"/>
      <trkpt lat="38.589057" lon="-119.827154"/>
      <trkpt lat="38.589126" lon="-119.827060"/>
      <trkpt lat="38.589068" lon="-119.826805"/>
      <trkpt lat="38.589108" lon="-119.826658"/>
      <trkpt lat="38.589082" lon="-119.826492"/>
      <trkpt lat="38.588950" lon="-119.826243"/>
      <trkpt lat="38.588943" lon="-119.825950"/>
      <trkpt lat="38.588973" lon="-119.825778"/>
      <trkpt lat="38.589131" lon="-119.825529"/>
      <trkpt lat="38.589225" lon="-119.825317"/>
      <trkpt lat="38.589185" lon="-119.825168"/>
      <trkpt lat="38.589222" lon="-119.824778"/>
      <trkpt lat="38.589256" lon="-119.824534"/>
      <trkpt lat="38.589192" lon="-119.824403"/>
      <trkpt lat="38.588988" lon="-119.824464"/>
      <trkpt lat="38.588818" lon="-119.824552"/>
      <trkpt lat="38.588678" lon="-119.824576"/>
      <trkpt lat="38.588603" lon="-119.824468"/>
      <trkpt lat="38.588797" lon="-119.823370"/>
      <trkpt lat="38.588665" lon="-119.823035"/>
      <trkpt lat="38.588722" lon="-119.822875"/>
      <trkpt lat="38.589003" lon="-119.822657"/>
      <trkpt lat="38.589089" lon="-119.822554"/>
      <trkpt lat="38.589198" lon="-119.822490"/>
      <trkpt lat="38.589280" lon="-119.822342"/>
      <trkpt lat="38.589567" lon="-119.822207"/>
      <trkpt lat="38.589636" lon="-119.822219"/>
      <trkpt lat="38.589759" lon="-119.822372"/>
      <trkpt lat="38.589862" lon="-119.822423"/>
      <trkpt lat="38.589889" lon="-119.822575"/>
      <trkpt lat="38.589940" lon="-119.822605"/>
      <trkpt lat="38.590010" lon="-119.822528"/>
      <trkpt lat="38.590077" lon="-119.822378"/>
      <trkpt lat="38.590325" lon="-119.822119"/>
      <trkpt lat="38.590442" lon="-119.822087"/>
      <trkpt lat="38.590491" lon="-119.822047"/>
      <trkpt lat="38.590502" lon="-119.821926"/>
      <trkpt lat="38.590572" lon="-119.821857"/>
      <trkpt lat="38.590642" lon="-119.821851"/>
      <trkpt lat="38.590694" lon="-119.821808"/>
      <trkpt lat="38.590770" lon="-119.821648"/>
      <trkpt lat="38.590927" lon="-119.821594"/>
      <trkpt lat="38.591212" lon="-119.821406"/>
      <trkpt lat="38.591317" lon="-119.821382"/>
      <trkpt lat="38.591508" lon="-119.821444"/>
      <trkpt lat="38.591646" lon="-119.821465"/>
      <trkpt lat="38.591890" lon="-119.821358"/>
      <trkpt lat="38.592017" lon="-119.821197"/>
      <trkpt lat="38.592282" lon="-119.821118"/>
      <trkpt lat="38.592512" lon="-119.821165"/>
      <trkpt lat="38.592946" lon="-119.821111"/>
      <trkpt lat="38.593105" lon="-119.820993"/>
      <trkpt lat="38.593227" lon="-119.821033"/>
      <trkpt lat="38.593288" lon="-119.820998"/>
      <trkpt lat="38.594065" lon="-119.820315"/>
      <trkpt lat="38.594018" lon="-119.820778"/>
      <trkpt lat="38.594095" lon="-119.821028"/>
      <trkpt lat="38.593894" lon="-119.821143"/>
      <trkpt lat="38.593919" lon="-119.821234"/>
      <trkpt lat="38.594017" lon="-119.821320"/>
      <trkpt lat="38.594112" lon="-119.821537"/>
      <trkpt lat="38.594285" lon="-119.821598"/>
      <trkpt lat="38.594405" lon="-119.821833"/>
      <trkpt lat="38.594662" lon="-119.822005"/>
      <trkpt lat="38.594696" lon="-119.822007"/>
      <trkpt lat="38.594700" lon="-119.821963"/>
      <trkpt lat="38.594617" lon="-119.821650"/>
      <trkpt lat="38.594692" lon="-119.821537"/>
      <trkpt lat="38.594749" lon="-119.821433"/>
      <trkpt lat="38.594677" lon="-119.821310"/>
      <trkpt lat="38.595018" lon="-119.820858"/>
      <trkpt lat="38.595205" lon="-119.820695"/>
      <trkpt lat="38.595353" lon="-119.820670"/>
      <trkpt lat="38.595592" lon="-119.820517"/>
      <trkpt lat="38.595702" lon="-119.820272"/>
      <trkpt lat="38.595895" lon="-119.820278"/>
      <trkpt lat="38.596279" lon="-119.820167"/>
      <trkpt lat="38.596443" lon="-119.820027"/>
      <trkpt lat="38.596518" lon="-119.820070"/>
      <trkpt lat="38.596292" lon="-119.820687"/>
      <trkpt lat="38.596303" lon="-119.821023"/>
      <trkpt lat="38.596390" lon="-119.821110"/>
      <trkpt lat="38.596377" lon="-119.821372"/>
      <trkpt lat="38.596540" lon="-119.821345"/>
      <trkpt lat="38.596598" lon="-119.821490"/>
      <trkpt lat="38.596593" lon="-119.821623"/>
      <trkpt lat="38.596690" lon="-119.821669"/>
      <trkpt lat="38.596852" lon="-119.820950"/>
      <trkpt lat="38.597157" lon="-119.820652"/>
      <trkpt lat="38.597453" lon="-119.820564"/>
      <trkpt lat="38.597537" lon="-119.820671"/>
      <trkpt lat="38.597730" lon="-119.820800"/>
      <trkpt lat="38.597873" lon="-119.820693"/>
      <trkpt lat="38.598107" lon="-119.820693"/>
      <trkpt lat="38.598170" lon="-119.820542"/>
      <trkpt lat="38.598208" lon="-119.820328"/>
      <trkpt lat="38.598317" lon="-119.820274"/>
      <trkpt lat="38.598384" lon="-119.819974"/>
      <trkpt lat="38.598585" lon="-119.819877"/>
      <trkpt lat="38.598872" lon="-119.819465"/>
      <trkpt lat="38.598992" lon="-119.819407"/>
      <trkpt lat="38.599150" lon="-119.819228"/>
      <trkpt lat="38.599303" lon="-119.818875"/>
      <trkpt lat="38.599575" lon="-119.818683"/>
      <trkpt lat="38.599717" lon="-119.818490"/>
      <trkpt lat="38.599814" lon="-119.818391"/>
      <trkpt lat="38.599960" lon="-119.818381"/>
      <trkpt lat="38.600492" lon="-119.817843"/>
      <trkpt lat="38.600631" lon="-119.817774"/>
      <trkpt lat="38.600775" lon="-119.817745"/>
      <trkpt lat="38.601071" lon="-119.817774"/>
      <trkpt lat="38.601165" lon="-119.817718"/>
      <trkpt lat="38.601280" lon="-119.817537"/>
      <trkpt lat="38.601393" lon="-119.817557"/>
      <trkpt lat="38.601612" lon="-119.817288"/>
      <trkpt lat="38.602028" lon="-119.817015"/>
      <trkpt lat="38.602157" lon="-119.816964"/>
      <trkpt lat="38.602270" lon="-119.816960"/>
      <trkpt lat="38.602581" lon="-119.817023"/>
      <trkpt lat="38.602773" lon="-119.816975"/>
      <trkpt lat="38.602895" lon="-119.816813"/>
      <trkpt lat="38.603098" lon="-119.816772"/>
      <trkpt lat="38.603315" lon="-119.816600"/>
      <trkpt lat="38.603545" lon="-119.816567"/>
      <trkpt lat="38.603679" lon="-119.816648"/>
      <trkpt lat="38.603782" lon="-119.816655"/>
      <trkpt lat="38.603998" lon="-119.816520"/>
      <trkpt lat="38.604200" lon="-119.816603"/>
      <trkpt lat="38.604378" lon="-119.816572"/>
      <trkpt lat="38.604548" lon="-119.816772"/>
      <trkpt lat="38.604648" lon="-119.816740"/>
      <trkpt lat="38.604924" lon="-119.816862"/>
      <trkpt lat="38.605041" lon="-119.817002"/>
      <trkpt lat="38.605159" lon="-119.817029"/>
      <trkpt lat="38.605237" lon="-119.817115"/>
      <trkpt lat="38.605364" lon="-119.817291"/>
      <trkpt lat="38.605435" lon="-119.817445"/>
      <trkpt lat="38.605712" lon="-119.817763"/>
      <trkpt lat="38.606193" lon="-119.817738"/>
      <trkpt lat="38.606473" lon="-119.817807"/>
      <trkpt lat="38.606688" lon="-119.817642"/>
      <trkpt lat="38.606905" lon="-119.817705"/>
      <trkpt lat="38.607137" lon="-119.817680"/>
      <trkpt lat="38.607246" lon="-119.817608"/>
      <trkpt lat="38.607280" lon="-119.817483"/>
      <trkpt lat="38.607422" lon="-119.817431"/>
      <trkpt lat="38.607483" lon="-119.817267"/>
      <trkpt lat="38.607611" lon="-119.817163"/>
      <trkpt lat="38.607840" lon="-119.817155"/>
      <trkpt lat="38.607955" lon="-119.817222"/>
      <trkpt lat="38.608152" lon="-119.817415"/>
      <trkpt lat="38.608230" lon="-119.817547"/>
      <trkpt lat="38.608320" lon="-119.817812"/>
      <trkpt lat="38.608363" lon="-119.818060"/>
      <trkpt lat="38.608324" lon="-119.818381"/>
      <trkpt lat="38.608213" lon="-119.818882"/>
      <trkpt lat="38.608263" lon="-119.819703"/>
      <trkpt lat="38.608387" lon="-119.819947"/>
      <trkpt lat="38.608628" lon="-119.820237"/>
      <trkpt lat="38.608705" lon="-119.820387"/>
      <trkpt lat="38.608742" lon="-119.820595"/>
      <trkpt lat="38.608734" lon="-119.820730"/>
      <trkpt lat="38.608638" lon="-119.820930"/>
      <trkpt lat="38.608343" lon="-119.821375"/>
      <trkpt lat="38.608063" lon="-119.821682"/>
      <trkpt lat="38.608143" lon="-119.821814"/>
      <trkpt lat="38.608182" lon="-119.822045"/>
      <trkpt lat="38.608427" lon="-119.822325"/>
      <trkpt lat="38.608622" lon="-119.822803"/>
      <trkpt lat="38.608745" lon="-119.822987"/>
      <trkpt lat="38.608965" lon="-119.823155"/>
      <trkpt lat="38.609292" lon="-119.823215"/>
      <trkpt lat="38.609545" lon="-119.823227"/>
      <trkpt lat="38.609540" lon="-119.823323"/>
      <trkpt lat="38.609257" lon="-119.823653"/>
      <trkpt lat="38.608969" lon="-119.824110"/>
      <trkpt lat="38.608897" lon="-119.824328"/>
      <trkpt lat="38.608940" lon="-119.824399"/>
      <trkpt lat="38.609417" lon="-119.824268"/>
      <trkpt lat="38.609669" lon="-119.824265"/>
      <trkpt lat="38.609902" lon="-119.824188"/>
      <trkpt lat="38.610026" lon="-119.824276"/>
      <trkpt lat="38.610192" lon="-119.824327"/>
      <trkpt lat="38.610395" lon="-119.824150"/>
      <trkpt lat="38.610660" lon="-119.824148"/>
      <trkpt lat="38.610903" lon="-119.824302"/>
      <trkpt lat="38.610988" lon="-119.824650"/>
      <trkpt lat="38.610977" lon="-119.824930"/>
      <trkpt lat="38.610998" lon="-119.825377"/>
      <trkpt lat="38.610809" lon="-119.825649"/>
      <trkpt lat="38.610813" lon="-119.825775"/>
      <trkpt lat="38.610928" lon="-119.825835"/>
      <trkpt lat="38.611035" lon="-119.826108"/>
      <trkpt lat="38.611032" lon="-119.826151"/>
      <trkpt lat="38.610960" lon="-119.826196"/>
      <trkpt lat="38.610833" lon="-119.826260"/>
      <trkpt lat="38.610845" lon="-119.826390"/>
      <trkpt lat="38.610887" lon="-119.826505"/>
      <trkpt lat="38.610849" lon="-119.826591"/>
      <trkpt lat="38.610897" lon="-119.826709"/>
      <trkpt lat="38.610916" lon="-119.826811"/>
      <trkpt lat="38.610855" lon="-119.826993"/>
      <trkpt lat="38.610913" lon="-119.827102"/>
      <trkpt lat="38.610962" lon="-119.827098"/>
      <trkpt lat="38.610992" lon="-119.827149"/>
      <trkpt lat="38.611111" lon="-119.827098"/>
      <trkpt lat="38.611182" lon="-119.827111"/>
      <trkpt lat="38.611223" lon="-119.827180"/>
      <trkpt lat="38.611315" lon="-119.827442"/>
      <trkpt lat="38.611388" lon="-119.827454"/>
      <trkpt lat="38.611488" lon="-119.827378"/>
      <trkpt lat="38.611551" lon="-119.827484"/>
      <trkpt lat="38.611648" lon="-119.827562"/>
      <trkpt lat="38.611694" lon="-119.827500"/>
      <trkpt lat="38.611725" lon="-119.827438"/>
      <trkpt lat="38.611784" lon="-119.827414"/>
      <trkpt lat="38.611878" lon="-119.827495"/>
      <trkpt lat="38.611942" lon="-119.827525"/>
      <trkpt lat="38.612147" lon="-119.827331"/>
      <trkpt lat="38.612224" lon="-119.827269"/>
      <trkpt lat="38.612306" lon="-119.827269"/>
      <trkpt lat="38.612398" lon="-119.827256"/>
      <trkpt lat="38.612498" lon="-119.827225"/>
      <trkpt lat="38.612606" lon="-119.827307"/>
      <trkpt lat="38.612703" lon="-119.827307"/>
      <trkpt lat="38.612792" lon="-119.827438"/>
      <trkpt lat="38.612845" lon="-119.827468"/>
      <trkpt lat="38.612995" lon="-119.827508"/>
      <trkpt lat="38.613190" lon="-119.827530"/>
      <trkpt lat="38.613364" lon="-119.827690"/>
      <trkpt lat="38.613498" lon="-119.827737"/>
      <trkpt lat="38.613530" lon="-119.827715"/>
      <trkpt lat="38.613523" lon="-119.827648"/>
      <trkpt lat="38.613450" lon="-119.827425"/>
      <trkpt lat="38.613379" lon="-119.827143"/>
      <trkpt lat="38.613350" lon="-119.826927"/>
      <trkpt lat="38.613350" lon="-119.826518"/>
      <trkpt lat="38.613392" lon="-119.826448"/>
      <trkpt lat="38.613498" lon="-119.826350"/>
      <trkpt lat="38.613649" lon="-119.826325"/>
      <trkpt lat="38.613757" lon="-119.826325"/>
      <trkpt lat="38.613867" lon="-119.826344"/>
      <trkpt lat="38.613966" lon="-119.826459"/>
      <trkpt lat="38.614098" lon="-119.826545"/>
      <trkpt lat="38.614400" lon="-119.826623"/>
      <trkpt lat="38.614547" lon="-119.826737"/>
      <trkpt lat="38.614737" lon="-119.826990"/>
      <trkpt lat="38.614840" lon="-119.827185"/>
      <trkpt lat="38.614982" lon="-119.827304"/>
      <trkpt lat="38.615341" lon="-119.827712"/>
      <trkpt lat="38.615438" lon="-119.827912"/>
      <trkpt lat="38.615465" lon="-119.828050"/>
      <trkpt lat="38.615376" lon="-119.828407"/>
      <trkpt lat="38.615286" lon="-119.828672"/>
      <trkpt lat="38.615277" lon="-119.828763"/>
      <trkpt lat="38.615317" lon="-119.829213"/>
      <trkpt lat="38.615435" lon="-119.829683"/>
      <trkpt lat="38.615699" lon="-119.830204"/>
      <trkpt lat="38.615829" lon="-119.830284"/>
      <trkpt lat="38.616284" lon="-119.830799"/>
      <trkpt lat="38.616372" lon="-119.830967"/>
      <trkpt lat="38.616908" lon="-119.831763"/>
      <trkpt lat="38.617143" lon="-119.831906"/>
      <trkpt lat="38.617509" lon="-119.832049"/>
      <trkpt lat="38.617538" lon="-119.832078"/>
      <trkpt lat="38.617297" lon="-119.832320"/>
      <trkpt lat="38.616648" lon="-119.832543"/>
      <trkpt lat="38.616489" lon="-119.832623"/>
      <trkpt lat="38.616487" lon="-119.832658"/>
      <trkpt lat="38.617233" lon="-119.832912"/>
      <trkpt lat="38.618970" lon="-119.833337"/>
      <trkpt lat="38.619347" lon="-119.833390"/>
      <trkpt lat="38.619386" lon="-119.833422"/>
      <trkpt lat="38.619377" lon="-119.833460"/>
      <trkpt lat="38.618798" lon="-119.833707"/>
      <trkpt lat="38.617737" lon="-119.833940"/>
      <trkpt lat="38.616925" lon="-119.834235"/>
      <trkpt lat="38.617638" lon="-119.834581"/>
      <trkpt lat="38.617755" lon="-119.834593"/>
      <trkpt lat="38.617931" lon="-119.834576"/>
      <trkpt lat="38.618042" lon="-119.834600"/>
      <trkpt lat="38.618400" lon="-119.834710"/>
      <trkpt lat="38.618828" lon="-119.834769"/>
      <trkpt lat="38.618903" lon="-119.834822"/>
      <trkpt lat="38.619029" lon="-119.834753"/>
      <trkpt lat="38.619082" lon="-119.834793"/>
      <trkpt lat="38.619190" lon="-119.834913"/>
      <trkpt lat="38.619455" lon="-119.835070"/>
      <trkpt lat="38.619809" lon="-119.835198"/>
      <trkpt lat="38.620102" lon="-119.835230"/>
      <trkpt lat="38.620352" lon="-119.835330"/>
      <trkpt lat="38.620282" lon="-119.835405"/>
      <trkpt lat="38.619905" lon="-119.835470"/>
      <trkpt lat="38.619478" lon="-119.835638"/>
      <trkpt lat="38.618874" lon="-119.835611"/>
      <trkpt lat="38.618744" lon="-119.835718"/>
      <trkpt lat="38.618656" lon="-119.835970"/>
      <trkpt lat="38.618522" lon="-119.836078"/>
      <trkpt lat="38.618409" lon="-119.836260"/>
      <trkpt lat="38.617998" lon="-119.836539"/>
      <trkpt lat="38.617441" lon="-119.836705"/>
      <trkpt lat="38.617348" lon="-119.836754"/>
      <trkpt lat="38.617248" lon="-119.836689"/>
      <trkpt lat="38.617151" lon="-119.836845"/>
      <trkpt lat="38.617143" lon="-119.837032"/>
      <trkpt lat="38.617435" lon="-119.837370"/>
      <trkpt lat="38.617613" lon="-119.837810"/>
      <trkpt lat="38.618157" lon="-119.838459"/>
      <trkpt lat="38.618111" lon="-119.838572"/>
      <trkpt lat="38.618203" lon="-119.838750"/>
      <trkpt lat="38.618195" lon="-119.839044"/>
      <trkpt lat="38.618157" lon="-119.839103"/>
      <trkpt lat="38.618132" lon="-119.839228"/>
      <trkpt lat="38.618280" lon="-119.839477"/>
      <trkpt lat="38.618265" lon="-119.839645"/>
      <trkpt lat="38.618337" lon="-119.839870"/>
      <trkpt lat="38.618337" lon="-119.840037"/>
      <trkpt lat="38.618410" lon="-119.840272"/>
      <trkpt lat="38.618367" lon="-119.840412"/>
      <trkpt lat="38.618288" lon="-119.840518"/>
      <trkpt lat="38.618044" lon="-119.840670"/>
      <trkpt lat="38.617906" lon="-119.840745"/>
      <trkpt lat="38.617858" lon="-119.840817"/>
      <trkpt lat="38.617876" lon="-119.841024"/>
      <trkpt lat="38.617843" lon="-119.841137"/>
      <trkpt lat="38.617784" lon="-119.841233"/>
      <trkpt lat="38.617663" lon="-119.841254"/>
      <trkpt lat="38.617618" lon="-119.841313"/>
      <trkpt lat="38.617646" lon="-119.841399"/>
      <trkpt lat="38.617608" lon="-119.841523"/>
      <trkpt lat="38.617605" lon="-119.841638"/>
      <trkpt lat="38.617679" lon="-119.841651"/>
      <trkpt lat="38.617751" lon="-119.841721"/>
      <trkpt lat="38.617830" lon="-119.841968"/>
      <trkpt lat="38.617828" lon="-119.842225"/>
      <trkpt lat="38.617777" lon="-119.842378"/>
      <trkpt lat="38.617663" lon="-119.842504"/>
      <trkpt lat="38.617441" lon="-119.842719"/>
      <trkpt lat="38.617394" lon="-119.842794"/>
      <trkpt lat="38.617412" lon="-119.842848"/>
      <trkpt lat="38.617474" lon="-119.842976"/>
      <trkpt lat="38.617512" lon="-119.843121"/>
      <trkpt lat="38.617693" lon="-119.843160"/>
      <trkpt lat="38.617763" lon="-119.843223"/>
      <trkpt lat="38.617862" lon="-119.843368"/>
      <trkpt lat="38.617973" lon="-119.843346"/>
      <trkpt lat="38.618288" lon="-119.843405"/>
      <trkpt lat="38.618379" lon="-119.843443"/>
      <trkpt lat="38.618459" lon="-119.843491"/>
      <trkpt lat="38.618631" lon="-119.843486"/>
      <trkpt lat="38.618703" lon="-119.843537"/>
      <trkpt lat="38.618652" lon="-119.843636"/>
      <trkpt lat="38.618526" lon="-119.843786"/>
      <trkpt lat="38.618539" lon="-119.843920"/>
      <trkpt lat="38.618484" lon="-119.844081"/>
      <trkpt lat="38.618505" lon="-119.844242"/>
      <trkpt lat="38.618485" lon="-119.844383"/>
      <trkpt lat="38.618392" lon="-119.844533"/>
      <trkpt lat="38.618392" lon="-119.844666"/>
      <trkpt lat="38.618275" lon="-119.844902"/>
      <trkpt lat="38.618345" lon="-119.845403"/>
      <trkpt lat="38.618655" lon="-119.845397"/>
      <trkpt lat="38.619000" lon="-119.845026"/>
      <trkpt lat="38.619113" lon="-119.845004"/>
      <trkpt lat="38.619222" lon="-119.844891"/>
      <trkpt lat="38.619348" lon="-119.844816"/>
      <trkpt lat="38.619490" lon="-119.844827"/>
      <trkpt lat="38.619830" lon="-119.844806"/>
      <trkpt lat="38.619968" lon="-119.844843"/>
      <trkpt lat="38.620047" lon="-119.844902"/>
      <trkpt lat="38.620207" lon="-119.844999"/>
      <trkpt lat="38.620393" lon="-119.845165"/>
      <trkpt lat="38.620747" lon="-119.845347"/>
      <trkpt lat="38.620790" lon="-119.845502"/>
      <trkpt lat="38.620605" lon="-119.845822"/>
      <trkpt lat="38.620429" lon="-119.845943"/>
      <trkpt lat="38.620316" lon="-119.846131"/>
      <trkpt lat="38.620128" lon="-119.846292"/>
      <trkpt lat="38.619933" lon="-119.846557"/>
      <trkpt lat="38.620218" lon="-119.846488"/>
      <trkpt lat="38.620530" lon="-119.846297"/>
      <trkpt lat="38.620645" lon="-119.846270"/>
      <trkpt lat="38.621120" lon="-119.846334"/>
      <trkpt lat="38.621305" lon="-119.846318"/>
      <trkpt lat="38.621465" lon="-119.846265"/>
      <trkpt lat="38.621594" lon="-119.846168"/>
      <trkpt lat="38.621749" lon="-119.845991"/>
      <trkpt lat="38.621925" lon="-119.845905"/>
      <trkpt lat="38.622084" lon="-119.845857"/>
      <trkpt lat="38.622457" lon="-119.845605"/>
      <trkpt lat="38.622550" lon="-119.845492"/>
      <trkpt lat="38.622897" lon="-119.845272"/>
      <trkpt lat="38.623061" lon="-119.845197"/>
      <trkpt lat="38.623174" lon="-119.845111"/>
      <trkpt lat="38.623266" lon="-119.845068"/>
      <trkpt lat="38.623300" lon="-119.845079"/>
      <trkpt lat="38.623295" lon="-119.845143"/>
      <trkpt lat="38.623105" lon="-119.845551"/>
      <trkpt lat="38.622773" lon="-119.846232"/>
      <trkpt lat="38.622358" lon="-119.846705"/>
      <trkpt lat="38.622227" lon="-119.846866"/>
      <trkpt lat="38.622139" lon="-119.847048"/>
      <trkpt lat="38.622130" lon="-119.847295"/>
      <trkpt lat="38.622080" lon="-119.847515"/>
      <trkpt lat="38.621996" lon="-119.848051"/>
      <trkpt lat="38.621920" lon="-119.848408"/>
      <trkpt lat="38.621839" lon="-119.848509"/>
      <trkpt lat="38.621531" lon="-119.848888"/>
      <trkpt lat="38.621171" lon="-119.849076"/>
      <trkpt lat="38.620898" lon="-119.849119"/>
      <trkpt lat="38.620743" lon="-119.849194"/>
      <trkpt lat="38.620479" lon="-119.849199"/>
      <trkpt lat="38.620425" lon="-119.849301"/>
      <trkpt lat="38.620282" lon="-119.849360"/>
      <trkpt lat="38.620198" lon="-119.849526"/>
      <trkpt lat="38.620022" lon="-119.849682"/>
      <trkpt lat="38.619936" lon="-119.849722"/>
      <trkpt lat="38.619540" lon="-119.849765"/>
      <trkpt lat="38.619369" lon="-119.849811"/>
      <trkpt lat="38.619151" lon="-119.849886"/>
      <trkpt lat="38.619132" lon="-119.849998"/>
      <trkpt lat="38.619153" lon="-119.850082"/>
      <trkpt lat="38.619134" lon="-119.850189"/>
      <trkpt lat="38.619090" lon="-119.850275"/>
      <trkpt lat="38.619069" lon="-119.850339"/>
      <trkpt lat="38.619069" lon="-119.850452"/>
      <trkpt lat="38.619062" lon="-119.850567"/>
      <trkpt lat="38.619025" lon="-119.850605"/>
      <trkpt lat="38.618893" lon="-119.850779"/>
      <trkpt lat="38.618796" lon="-119.850854"/>
      <trkpt lat="38.618631" lon="-119.850921"/>
      <trkpt lat="38.618539" lon="-119.850964"/>
      <trkpt lat="38.618465" lon="-119.851010"/>
      <trkpt lat="38.618409" lon="-119.851103"/>
      <trkpt lat="38.618197" lon="-119.851285"/>
      <trkpt lat="38.617973" lon="-119.851399"/>
      <trkpt lat="38.617784" lon="-119.851423"/>
      <trkpt lat="38.617583" lon="-119.851527"/>
      <trkpt lat="38.617399" lon="-119.851635"/>
      <trkpt lat="38.617199" lon="-119.851806"/>
      <trkpt lat="38.616726" lon="-119.852160"/>
      <trkpt lat="38.616579" lon="-119.852211"/>
      <trkpt lat="38.616489" lon="-119.852273"/>
      <trkpt lat="38.616351" lon="-119.852434"/>
      <trkpt lat="38.616238" lon="-119.852600"/>
      <trkpt lat="38.616116" lon="-119.852691"/>
      <trkpt lat="38.615990" lon="-119.852745"/>
      <trkpt lat="38.615894" lon="-119.852841"/>
      <trkpt lat="38.615831" lon="-119.852850"/>
      <trkpt lat="38.615747" lon="-119.852815"/>
      <trkpt lat="38.615634" lon="-119.852654"/>
      <trkpt lat="38.615598" lon="-119.852627"/>
      <trkpt lat="38.615546" lon="-119.852659"/>
      <trkpt lat="38.615496" lon="-119.852734"/>
      <trkpt lat="38.615466" lon="-119.852831"/>
      <trkpt lat="38.615395" lon="-119.852986"/>
      <trkpt lat="38.615299" lon="-119.853013"/>
      <trkpt lat="38.615294" lon="-119.853110"/>
      <trkpt lat="38.615355" lon="-119.853190"/>
      <trkpt lat="38.615426" lon="-119.853196"/>
      <trkpt lat="38.615536" lon="-119.853249"/>
      <trkpt lat="38.615598" lon="-119.853308"/>
      <trkpt lat="38.615795" lon="-119.853394"/>
      <trkpt lat="38.615785" lon="-119.853450"/>
      <trkpt lat="38.615722" lon="-119.853469"/>
      <trkpt lat="38.615525" lon="-119.853464"/>
      <trkpt lat="38.615330" lon="-119.853504"/>
      <trkpt lat="38.615259" lon="-119.853547"/>
      <trkpt lat="38.615204" lon="-119.853606"/>
      <trkpt lat="38.615102" lon="-119.853630"/>
      <trkpt lat="38.615001" lon="-119.853630"/>
      <trkpt lat="38.614909" lon="-119.853614"/>
      <trkpt lat="38.614842" lon="-119.853555"/>
      <trkpt lat="38.614745" lon="-119.853566"/>
      <trkpt lat="38.614741" lon="-119.853662"/>
      <trkpt lat="38.614817" lon="-119.853802"/>
      <trkpt lat="38.614930" lon="-119.853984"/>
      <trkpt lat="38.615085" lon="-119.854075"/>
      <trkpt lat="38.615114" lon="-119.854125"/>
      <trkpt lat="38.615122" lon="-119.854176"/>
      <trkpt lat="38.615152" lon="-119.854220"/>
      <trkpt lat="38.615184" lon="-119.854252"/>
      <trkpt lat="38.615294" lon="-119.854220"/>
      <trkpt lat="38.615358" lon="-119.854218"/>
      <trkpt lat="38.615412" lon="-119.854156"/>
      <trkpt lat="38.615451" lon="-119.854185"/>
      <trkpt lat="38.615482" lon="-119.854346"/>
      <trkpt lat="38.615483" lon="-119.854432"/>
      <trkpt lat="38.615464" lon="-119.854498"/>
      <trkpt lat="38.615399" lon="-119.854580"/>
      <trkpt lat="38.615345" lon="-119.854623"/>
      <trkpt lat="38.615286" lon="-119.854679"/>
      <trkpt lat="38.615265" lon="-119.854759"/>
      <trkpt lat="38.615236" lon="-119.854789"/>
      <trkpt lat="38.615188" lon="-119.854792"/>
      <trkpt lat="38.615158" lon="-119.854762"/>
      <trkpt lat="38.615144" lon="-119.854679"/>
      <trkpt lat="38.615122" lon="-119.854669"/>
      <trkpt lat="38.615097" lon="-119.854690"/>
      <trkpt lat="38.615073" lon="-119.854744"/>
      <trkpt lat="38.615028" lon="-119.854816"/>
      <trkpt lat="38.614963" lon="-119.854983"/>
      <trkpt lat="38.614926" lon="-119.855048"/>
      <trkpt lat="38.614841" lon="-119.855135"/>
      <trkpt lat="38.614707" lon="-119.855188"/>
      <trkpt lat="38.614655" lon="-119.855225"/>
      <trkpt lat="38.614586" lon="-119.855309"/>
      <trkpt lat="38.614571" lon="-119.855414"/>
      <trkpt lat="38.614575" lon="-119.855490"/>
      <trkpt lat="38.614544" lon="-119.855738"/>
      <trkpt lat="38.614585" lon="-119.855910"/>
      <trkpt lat="38.614604" lon="-119.855941"/>
      <trkpt lat="38.614600" lon="-119.855968"/>
      <trkpt lat="38.614584" lon="-119.855985"/>
      <trkpt lat="38.614564" lon="-119.855986"/>
      <trkpt lat="38.614537" lon="-119.856051"/>
      <trkpt lat="38.614456" lon="-119.856218"/>
      <trkpt lat="38.614447" lon="-119.856280"/>
      <trkpt lat="38.614378" lon="-119.856350"/>
      <trkpt lat="38.614345" lon="-119.856405"/>
      <trkpt lat="38.614259" lon="-119.856479"/>
      <trkpt lat="38.614059" lon="-119.856534"/>
      <trkpt lat="38.613982" lon="-119.856597"/>
      <trkpt lat="38.613920" lon="-119.856641"/>
      <trkpt lat="38.613825" lon="-119.856656"/>
      <trkpt lat="38.613796" lon="-119.856680"/>
      <trkpt lat="38.613779" lon="-119.856708"/>
      <trkpt lat="38.613774" lon="-119.856740"/>
      <trkpt lat="38.613783" lon="-119.856756"/>
      <trkpt lat="38.613804" lon="-119.856762"/>
      <trkpt lat="38.613832" lon="-119.856758"/>
      <trkpt lat="38.613877" lon="-119.856782"/>
      <trkpt lat="38.613911" lon="-119.856814"/>
      <trkpt lat="38.613922" lon="-119.856843"/>
      <trkpt lat="38.613919" lon="-119.856876"/>
      <trkpt lat="38.613901" lon="-119.856914"/>
      <trkpt lat="38.613878" lon="-119.856934"/>
      <trkpt lat="38.613779" lon="-119.856905"/>
      <trkpt lat="38.613747" lon="-119.856876"/>
      <trkpt lat="38.613720" lon="-119.856884"/>
      <trkpt lat="38.613693" lon="-119.856951"/>
      <trkpt lat="38.613658" lon="-119.856998"/>
      <trkpt lat="38.613634" lon="-119.857007"/>
      <trkpt lat="38.613608" lon="-119.856995"/>
      <trkpt lat="38.613590" lon="-119.856963"/>
      <trkpt lat="38.613574" lon="-119.856894"/>
      <trkpt lat="38.613534" lon="-119.856814"/>
      <trkpt lat="38.613506" lon="-119.856784"/>
      <trkpt lat="38.613410" lon="-119.856736"/>
      <trkpt lat="38.613216" lon="-119.856698"/>
      <trkpt lat="38.613119" lon="-119.856658"/>
      <trkpt lat="38.612742" lon="-119.856630"/>
      <trkpt lat="38.612653" lon="-119.856623"/>
      <trkpt lat="38.612425" lon="-119.856696"/>
      <trkpt lat="38.612373" lon="-119.856822"/>
      <trkpt lat="38.612307" lon="-119.857032"/>
      <trkpt lat="38.612155" lon="-119.857315"/>
      <trkpt lat="38.612082" lon="-119.857533"/>
      <trkpt lat="38.612037" lon="-119.857892"/>
      <trkpt lat="38.611992" lon="-119.858006"/>
      <trkpt lat="38.611847" lon="-119.858269"/>
      <trkpt lat="38.611803" lon="-119.858368"/>
      <trkpt lat="38.611776" lon="-119.858441"/>
      <trkpt lat="38.611764" lon="-119.858528"/>
      <trkpt lat="38.611740" lon="-119.858690"/>
      <trkpt lat="38.611637" lon="-119.858885"/>
      <trkpt lat="38.611383" lon="-119.859658"/>
      <trkpt lat="38.611367" lon="-119.859751"/>
      <trkpt lat="38.611345" lon="-119.860094"/>
      <trkpt lat="38.611311" lon="-119.860371"/>
      <trkpt lat="38.611227" lon="-119.860472"/>
      <trkpt lat="38.611140" lon="-119.860623"/>
      <trkpt lat="38.611106" lon="-119.860702"/>
      <trkpt lat="38.611065" lon="-119.860781"/>
      <trkpt lat="38.611058" lon="-119.860853"/>
      <trkpt lat="38.611016" lon="-119.860987"/>
      <trkpt lat="38.610955" lon="-119.861061"/>
      <trkpt lat="38.610885" lon="-119.861111"/>
      <trkpt lat="38.610850" lon="-119.861181"/>
      <trkpt lat="38.610848" lon="-119.861258"/>
      <trkpt lat="38.610803" lon="-119.861371"/>
      <trkpt lat="38.610588" lon="-119.861707"/>
      <trkpt lat="38.610451" lon="-119.861914"/>
      <trkpt lat="38.610347" lon="-119.862042"/>
      <trkpt lat="38.610295" lon="-119.862095"/>
      <trkpt lat="38.610249" lon="-119.862125"/>
      <trkpt lat="38.610196" lon="-119.862103"/>
      <trkpt lat="38.610161" lon="-119.862083"/>
      <trkpt lat="38.610102" lon="-119.862080"/>
      <trkpt lat="38.610022" lon="-119.862125"/>
      <trkpt lat="38.609958" lon="-119.862202"/>
      <trkpt lat="38.609943" lon="-119.862255"/>
      <trkpt lat="38.609682" lon="-119.862450"/>
      <trkpt lat="38.609245" lon="-119.862622"/>
      <trkpt lat="38.609163" lon="-119.862664"/>
      <trkpt lat="38.609091" lon="-119.862737"/>
      <trkpt lat="38.609005" lon="-119.862888"/>
      <trkpt lat="38.608866" lon="-119.863227"/>
      <trkpt lat="38.608801" lon="-119.863400"/>
      <trkpt lat="38.608759" lon="-119.863487"/>
      <trkpt lat="38.608680" lon="-119.863581"/>
      <trkpt lat="38.608618" lon="-119.863619"/>
      <trkpt lat="38.608584" lon="-119.863725"/>
      <trkpt lat="38.608638" lon="-119.863887"/>
      <trkpt lat="38.608669" lon="-119.863951"/>
      <trkpt lat="38.608695" lon="-119.864116"/>
      <trkpt lat="38.608688" lon="-119.864289"/>
      <trkpt lat="38.608678" lon="-119.864437"/>
      <trkpt lat="38.608638" lon="-119.864488"/>
      <trkpt lat="38.608554" lon="-119.864541"/>
      <trkpt lat="38.608478" lon="-119.864581"/>
      <trkpt lat="38.608392" lon="-119.864675"/>
      <trkpt lat="38.608367" lon="-119.864729"/>
      <trkpt lat="38.608365" lon="-119.864783"/>
      <trkpt lat="38.608396" lon="-119.864826"/>
      <trkpt lat="38.608466" lon="-119.864885"/>
      <trkpt lat="38.608494" lon="-119.864914"/>
      <trkpt lat="38.608570" lon="-119.864942"/>
      <trkpt lat="38.608619" lon="-119.865009"/>
      <trkpt lat="38.608676" lon="-119.865062"/>
      <trkpt lat="38.608718" lon="-119.865082"/>
      <trkpt lat="38.608762" lon="-119.865079"/>
      <trkpt lat="38.608827" lon="-119.865110"/>
      <trkpt lat="38.608934" lon="-119.865256"/>
      <trkpt lat="38.608987" lon="-119.865315"/>
      <trkpt lat="38.608986" lon="-119.865459"/>
      <trkpt lat="38.608969" lon="-119.865587"/>
      <trkpt lat="38.608919" lon="-119.865652"/>
      <trkpt lat="38.608883" lon="-119.865680"/>
      <trkpt lat="38.608844" lon="-119.865664"/>
      <trkpt lat="38.608814" lon="-119.865604"/>
      <trkpt lat="38.608779" lon="-119.865586"/>
      <trkpt lat="38.608747" lon="-119.865604"/>
      <trkpt lat="38.608658" lon="-119.865707"/>
      <trkpt lat="38.608649" lon="-119.865750"/>
      <trkpt lat="38.608664" lon="-119.865780"/>
      <trkpt lat="38.608692" lon="-119.865872"/>
      <trkpt lat="38.608797" lon="-119.865974"/>
      <trkpt lat="38.608973" lon="-119.866204"/>
      <trkpt lat="38.608982" lon="-119.866397"/>
      <trkpt lat="38.608927" lon="-119.866671"/>
      <trkpt lat="38.608938" lon="-119.866749"/>
      <trkpt lat="38.608997" lon="-119.866953"/>
      <trkpt lat="38.608999" lon="-119.867105"/>
      <trkpt lat="38.609022" lon="-119.867189"/>
      <trkpt lat="38.609108" lon="-119.867325"/>
      <trkpt lat="38.609124" lon="-119.867468"/>
      <trkpt lat="38.609210" lon="-119.867567"/>
      <trkpt lat="38.609233" lon="-119.867639"/>
      <trkpt lat="38.609246" lon="-119.867728"/>
      <trkpt lat="38.609279" lon="-119.867851"/>
      <trkpt lat="38.609351" lon="-119.867937"/>
      <trkpt lat="38.609347" lon="-119.868109"/>
      <trkpt lat="38.609284" lon="-119.868173"/>
      <trkpt lat="38.609179" lon="-119.868184"/>
      <trkpt lat="38.609133" lon="-119.868216"/>
      <trkpt lat="38.609141" lon="-119.868286"/>
      <trkpt lat="38.609200" lon="-119.868398"/>
      <trkpt lat="38.609210" lon="-119.868436"/>
      <trkpt lat="38.609183" lon="-119.868484"/>
      <trkpt lat="38.609091" lon="-119.868624"/>
      <trkpt lat="38.609008" lon="-119.868709"/>
      <trkpt lat="38.608961" lon="-119.868758"/>
      <trkpt lat="38.608869" lon="-119.868758"/>
      <trkpt lat="38.608638" lon="-119.868801"/>
      <trkpt lat="38.608586" lon="-119.868822"/>
      <trkpt lat="38.608542" lon="-119.868878"/>
      <trkpt lat="38.608542" lon="-119.869002"/>
      <trkpt lat="38.608571" lon="-119.869106"/>
      <trkpt lat="38.608584" lon="-119.869273"/>
      <trkpt lat="38.608663" lon="-119.869686"/>
      <trkpt lat="38.608728" lon="-119.869806"/>
      <trkpt lat="38.608724" lon="-119.869975"/>
      <trkpt lat="38.608730" lon="-119.870045"/>
      <trkpt lat="38.608793" lon="-119.870123"/>
      <trkpt lat="38.608883" lon="-119.870144"/>
      <trkpt lat="38.609052" lon="-119.870292"/>
      <trkpt lat="38.609152" lon="-119.870410"/>
      <trkpt lat="38.609145" lon="-119.870496"/>
      <trkpt lat="38.609118" lon="-119.870618"/>
      <trkpt lat="38.609001" lon="-119.870858"/>
      <trkpt lat="38.608904" lon="-119.870933"/>
      <trkpt lat="38.608835" lon="-119.871027"/>
      <trkpt lat="38.608758" lon="-119.871279"/>
      <trkpt lat="38.608730" lon="-119.871502"/>
      <trkpt lat="38.608705" lon="-119.871555"/>
      <trkpt lat="38.608571" lon="-119.871713"/>
      <trkpt lat="38.608355" lon="-119.871877"/>
      <trkpt lat="38.608273" lon="-119.871966"/>
      <trkpt lat="38.608141" lon="-119.872030"/>
      <trkpt lat="38.608030" lon="-119.872060"/>
      <trkpt lat="38.607904" lon="-119.872153"/>
      <trkpt lat="38.607787" lon="-119.872355"/>
      <trkpt lat="38.607762" lon="-119.872467"/>
      <trkpt lat="38.607695" lon="-119.872569"/>
      <trkpt lat="38.607645" lon="-119.872674"/>
      <trkpt lat="38.607603" lon="-119.872824"/>
      <trkpt lat="38.607580" lon="-119.872880"/>
      <trkpt lat="38.607500" lon="-119.872926"/>
      <trkpt lat="38.607479" lon="-119.872985"/>
      <trkpt lat="38.607479" lon="-119.873063"/>
      <trkpt lat="38.607506" lon="-119.873167"/>
      <trkpt lat="38.607733" lon="-119.873435"/>
      <trkpt lat="38.607808" lon="-119.873602"/>
      <trkpt lat="38.607844" lon="-119.873728"/>
      <trkpt lat="38.607911" lon="-119.873843"/>
      <trkpt lat="38.607984" lon="-119.873999"/>
      <trkpt lat="38.608005" lon="-119.874074"/>
      <trkpt lat="38.607990" lon="-119.874170"/>
      <trkpt lat="38.607923" lon="-119.874431"/>
      <trkpt lat="38.607842" lon="-119.874836"/>
      <trkpt lat="38.607822" lon="-119.874984"/>
      <trkpt lat="38.607810" lon="-119.874990"/>
      <trkpt lat="38.607747" lon="-119.875125"/>
      <trkpt lat="38.607709" lon="-119.875159"/>
      <trkpt lat="38.607628" lon="-119.875182"/>
      <trkpt lat="38.607598" lon="-119.875223"/>
      <trkpt lat="38.607566" lon="-119.875263"/>
      <trkpt lat="38.607453" lon="-119.875333"/>
      <trkpt lat="38.607368" lon="-119.875396"/>
      <trkpt lat="38.607284" lon="-119.875434"/>
      <trkpt lat="38.607165" lon="-119.875434"/>
      <trkpt lat="38.607039" lon="-119.875501"/>
      <trkpt lat="38.606982" lon="-119.875490"/>
      <trkpt lat="38.606917" lon="-119.875597"/>
      <trkpt lat="38.606844" lon="-119.875772"/>
      <trkpt lat="38.606779" lon="-119.875970"/>
      <trkpt lat="38.606712" lon="-119.876137"/>
      <trkpt lat="38.606634" lon="-119.876289"/>
      <trkpt lat="38.606563" lon="-119.876391"/>
      <trkpt lat="38.606504" lon="-119.876496"/>
      <trkpt lat="38.606446" lon="-119.876552"/>
      <trkpt lat="38.606183" lon="-119.876557"/>
      <trkpt lat="38.606126" lon="-119.876552"/>
      <trkpt lat="38.606064" lon="-119.876598"/>
      <trkpt lat="38.606015" lon="-119.876674"/>
      <trkpt lat="38.606006" lon="-119.876724"/>
      <trkpt lat="38.606047" lon="-119.876760"/>
      <trkpt lat="38.606068" lon="-119.876811"/>
      <trkpt lat="38.606080" lon="-119.876884"/>
      <trkpt lat="38.606062" lon="-119.876972"/>
      <trkpt lat="38.606039" lon="-119.877043"/>
      <trkpt lat="38.605974" lon="-119.877169"/>
      <trkpt lat="38.605917" lon="-119.877248"/>
      <trkpt lat="38.605861" lon="-119.877279"/>
      <trkpt lat="38.605833" lon="-119.877321"/>
      <trkpt lat="38.605842" lon="-119.877369"/>
      <trkpt lat="38.605857" lon="-119.877419"/>
      <trkpt lat="38.605850" lon="-119.877462"/>
      <trkpt lat="38.605568" lon="-119.877680"/>
      <trkpt lat="38.605498" lon="-119.877740"/>
      <trkpt lat="38.605435" lon="-119.877832"/>
      <trkpt lat="38.605335" lon="-119.877998"/>
      <trkpt lat="38.605297" lon="-119.878148"/>
      <trkpt lat="38.605301" lon="-119.878335"/>
      <trkpt lat="38.605280" lon="-119.878389"/>
      <trkpt lat="38.605229" lon="-119.878408"/>
      <trkpt lat="38.605206" lon="-119.878391"/>
      <trkpt lat="38.605176" lon="-119.878392"/>
      <trkpt lat="38.605162" lon="-119.878435"/>
      <trkpt lat="38.605173" lon="-119.878521"/>
      <trkpt lat="38.605123" lon="-119.878727"/>
      <trkpt lat="38.605070" lon="-119.878780"/>
      <trkpt lat="38.605025" lon="-119.878838"/>
      <trkpt lat="38.605012" lon="-119.878962"/>
      <trkpt lat="38.604978" lon="-119.879057"/>
      <trkpt lat="38.604925" lon="-119.879158"/>
      <trkpt lat="38.604905" lon="-119.879234"/>
      <trkpt lat="38.604904" lon="-119.879348"/>
      <trkpt lat="38.604880" lon="-119.879437"/>
      <trkpt lat="38.604861" lon="-119.879568"/>
      <trkpt lat="38.604881" lon="-119.879700"/>
      <trkpt lat="38.604882" lon="-119.879846"/>
      <trkpt lat="38.604862" lon="-119.879916"/>
      <trkpt lat="38.604834" lon="-119.880180"/>
      <trkpt lat="38.604795" lon="-119.880473"/>
      <trkpt lat="38.604793" lon="-119.880523"/>
      <trkpt lat="38.604854" lon="-119.880554"/>
      <trkpt lat="38.604921" lon="-119.880581"/>
      <trkpt lat="38.604964" lon="-119.880636"/>
      <trkpt lat="38.604993" lon="-119.880783"/>
      <trkpt lat="38.605014" lon="-119.881041"/>
      <trkpt lat="38.605066" lon="-119.881235"/>
      <trkpt lat="38.605207" lon="-119.881669"/>
      <trkpt lat="38.605262" lon="-119.881756"/>
      <trkpt lat="38.605279" lon="-119.881820"/>
      <trkpt lat="38.605273" lon="-119.881866"/>
      <trkpt lat="38.605247" lon="-119.881918"/>
      <trkpt lat="38.605174" lon="-119.881973"/>
      <trkpt lat="38.605100" lon="-119.882051"/>
      <trkpt lat="38.605059" lon="-119.882118"/>
      <trkpt lat="38.605055" lon="-119.882339"/>
      <trkpt lat="38.605002" lon="-119.883216"/>
      <trkpt lat="38.604950" lon="-119.883560"/>
      <trkpt lat="38.604950" lon="-119.883612"/>
      <trkpt lat="38.604988" lon="-119.883677"/>
      <trkpt lat="38.605247" lon="-119.884052"/>
      <trkpt lat="38.605322" lon="-119.884134"/>
      <trkpt lat="38.605393" lon="-119.884193"/>
      <trkpt lat="38.605427" lon="-119.884243"/>
      <trkpt lat="38.605521" lon="-119.884293"/>
      <trkpt lat="38.605589" lon="-119.884296"/>
      <trkpt lat="38.605625" lon="-119.884325"/>
      <trkpt lat="38.605660" lon="-119.884434"/>
      <trkpt lat="38.605688" lon="-119.884615"/>
      <trkpt lat="38.605755" lon="-119.884972"/>
      <trkpt lat="38.605745" lon="-119.885058"/>
      <trkpt lat="38.605770" lon="-119.885161"/>
      <trkpt lat="38.605775" lon="-119.885233"/>
      <trkpt lat="38.605753" lon="-119.885539"/>
      <trkpt lat="38.605727" lon="-119.885622"/>
      <trkpt lat="38.605716" lon="-119.885719"/>
      <trkpt lat="38.605740" lon="-119.885772"/>
      <trkpt lat="38.605747" lon="-119.885834"/>
      <trkpt lat="38.605887" lon="-119.886116"/>
      <trkpt lat="38.605902" lon="-119.886188"/>
      <trkpt lat="38.605924" lon="-119.886250"/>
      <trkpt lat="38.605972" lon="-119.886313"/>
      <trkpt lat="38.606108" lon="-119.886397"/>
      <trkpt lat="38.606320" lon="-119.886500"/>
      <trkpt lat="38.606410" lon="-119.886644"/>
      <trkpt lat="38.606504" lon="-119.886754"/>
      <trkpt lat="38.606577" lon="-119.886816"/>
      <trkpt lat="38.606682" lon="-119.886853"/>
      <trkpt lat="38.606932" lon="-119.886887"/>
      <trkpt lat="38.607109" lon="-119.886918"/>
      <trkpt lat="38.607635" lon="-119.886900"/>
      <trkpt lat="38.607772" lon="-119.886928"/>
      <trkpt lat="38.607920" lon="-119.886900"/>
      <trkpt lat="38.607949" lon="-119.886916"/>
      <trkpt lat="38.608002" lon="-119.887074"/>
      <trkpt lat="38.608090" lon="-119.887195"/>
      <trkpt lat="38.608104" lon="-119.887250"/>
      <trkpt lat="38.608071" lon="-119.887359"/>
      <trkpt lat="38.608082" lon="-119.887446"/>
      <trkpt lat="38.608086" lon="-119.887603"/>
      <trkpt lat="38.608143" lon="-119.887675"/>
      <trkpt lat="38.608280" lon="-119.887783"/>
      <trkpt lat="38.608456" lon="-119.887855"/>
      <trkpt lat="38.608597" lon="-119.887952"/>
      <trkpt lat="38.608772" lon="-119.888080"/>
      <trkpt lat="38.608843" lon="-119.888113"/>
      <trkpt lat="38.608917" lon="-119.888104"/>
      <trkpt lat="38.608963" lon="-119.888082"/>
      <trkpt lat="38.608992" lon="-119.888080"/>
      <trkpt lat="38.609020" lon="-119.888095"/>
      <trkpt lat="38.609065" lon="-119.888173"/>
      <trkpt lat="38.609092" lon="-119.888253"/>
      <trkpt lat="38.609184" lon="-119.888485"/>
      <trkpt lat="38.609222" lon="-119.888542"/>
      <trkpt lat="38.609278" lon="-119.888570"/>
      <trkpt lat="38.609364" lon="-119.888646"/>
      <trkpt lat="38.609407" lon="-119.888717"/>
      <trkpt lat="38.609434" lon="-119.888794"/>
      <trkpt lat="38.609438" lon="-119.888870"/>
      <trkpt lat="38.609426" lon="-119.888944"/>
      <trkpt lat="38.609424" lon="-119.889007"/>
      <trkpt lat="38.609444" lon="-119.889057"/>
      <trkpt lat="38.609544" lon="-119.889171"/>
      <trkpt lat="38.609609" lon="-119.889277"/>
      <trkpt lat="38.609628" lon="-119.889342"/>
      <trkpt lat="38.609631" lon="-119.889443"/>
      <trkpt lat="38.609647" lon="-119.889556"/>
      <trkpt lat="38.609662" lon="-119.889616"/>
      <trkpt lat="38.609723" lon="-119.889688"/>
      <trkpt lat="38.609874" lon="-119.889896"/>
      <trkpt lat="38.609942" lon="-119.889950"/>
      <trkpt lat="38.610025" lon="-119.889983"/>
      <trkpt lat="38.610131" lon="-119.889983"/>
      <trkpt lat="38.610226" lon="-119.889961"/>
      <trkpt lat="38.610300" lon="-119.889965"/>
      <trkpt lat="38.610390" lon="-119.890001"/>
      <trkpt lat="38.610496" lon="-119.890069"/>
      <trkpt lat="38.610651" lon="-119.890202"/>
      <trkpt lat="38.610796" lon="-119.890309"/>
      <trkpt lat="38.610841" lon="-119.890356"/>
      <trkpt lat="38.610875" lon="-119.890415"/>
      <trkpt lat="38.610894" lon="-119.890490"/>
      <trkpt lat="38.610829" lon="-119.890846"/>
      <trkpt lat="38.610793" lon="-119.891001"/>
      <trkpt lat="38.610765" lon="-119.891074"/>
      <trkpt lat="38.610712" lon="-119.891155"/>
      <trkpt lat="38.610703" lon="-119.891218"/>
      <trkpt lat="38.610703" lon="-119.891401"/>
      <trkpt lat="38.610698" lon="-119.891499"/>
      <trkpt lat="38.610667" lon="-119.891573"/>
      <trkpt lat="38.610563" lon="-119.891722"/>
      <trkpt lat="38.610489" lon="-119.891803"/>
      <trkpt lat="38.610406" lon="-119.891878"/>
      <trkpt lat="38.610332" lon="-119.892027"/>
      <trkpt lat="38.610273" lon="-119.892179"/>
      <trkpt lat="38.610251" lon="-119.892291"/>
      <trkpt lat="38.610240" lon="-119.892558"/>
      <trkpt lat="38.610204" lon="-119.892699"/>
      <trkpt lat="38.610067" lon="-119.892908"/>
      <trkpt lat="38.610008" lon="-119.893033"/>
      <trkpt lat="38.609961" lon="-119.893142"/>
      <trkpt lat="38.609947" lon="-119.893238"/>
      <trkpt lat="38.609958" lon="-119.893536"/>
      <trkpt lat="38.609969" lon="-119.893650"/>
      <trkpt lat="38.609947" lon="-119.893768"/>
      <trkpt lat="38.609928" lon="-119.893835"/>
      <trkpt lat="38.609859" lon="-119.893928"/>
      <trkpt lat="38.609772" lon="-119.894000"/>
      <trkpt lat="38.609698" lon="-119.894072"/>
      <trkpt lat="38.609662" lon="-119.894193"/>
      <trkpt lat="38.609631" lon="-119.894319"/>
      <trkpt lat="38.609633" lon="-119.894432"/>
      <trkpt lat="38.609673" lon="-119.894542"/>
      <trkpt lat="38.609729" lon="-119.894671"/>
      <trkpt lat="38.609791" lon="-119.894735"/>
      <trkpt lat="38.609911" lon="-119.894798"/>
      <trkpt lat="38.609992" lon="-119.894864"/>
      <trkpt lat="38.610076" lon="-119.894946"/>
      <trkpt lat="38.610136" lon="-119.894995"/>
      <trkpt lat="38.610201" lon="-119.894999"/>
      <trkpt lat="38.610332" lon="-119.894929"/>
      <trkpt lat="38.610513" lon="-119.894777"/>
      <trkpt lat="38.610602" lon="-119.894646"/>
      <trkpt lat="38.610782" lon="-119.894231"/>
      <trkpt lat="38.610938" lon="-119.894017"/>
      <trkpt lat="38.611003" lon="-119.893968"/>
      <trkpt lat="38.611232" lon="-119.893874"/>
      <trkpt lat="38.611403" lon="-119.893788"/>
      <trkpt lat="38.611717" lon="-119.893592"/>
      <trkpt lat="38.611883" lon="-119.893484"/>
      <trkpt lat="38.611990" lon="-119.893443"/>
      <trkpt lat="38.612020" lon="-119.893484"/>
      <trkpt lat="38.612019" lon="-119.893541"/>
      <trkpt lat="38.612031" lon="-119.893612"/>
      <trkpt lat="38.612071" lon="-119.893626"/>
      <trkpt lat="38.612126" lon="-119.893604"/>
      <trkpt lat="38.612189" lon="-119.893598"/>
      <trkpt lat="38.612307" lon="-119.893680"/>
      <trkpt lat="38.612361" lon="-119.893807"/>
      <trkpt lat="38.612410" lon="-119.893981"/>
      <trkpt lat="38.612406" lon="-119.894031"/>
      <trkpt lat="38.612496" lon="-119.894126"/>
      <trkpt lat="38.612524" lon="-119.894197"/>
      <trkpt lat="38.612553" lon="-119.894308"/>
      <trkpt lat="38.612585" lon="-119.894350"/>
      <trkpt lat="38.612680" lon="-119.894444"/>
      <trkpt lat="38.612729" lon="-119.894528"/>
      <trkpt lat="38.612767" lon="-119.894637"/>
      <trkpt lat="38.612778" lon="-119.894732"/>
      <trkpt lat="38.612813" lon="-119.894893"/>
      <trkpt lat="38.612847" lon="-119.894953"/>
      <trkpt lat="38.612895" lon="-119.895002"/>
      <trkpt lat="38.612956" lon="-119.895034"/>
      <trkpt lat="38.613035" lon="-119.895023"/>
      <trkpt lat="38.613139" lon="-119.894974"/>
      <trkpt lat="38.613195" lon="-119.894923"/>
      <trkpt lat="38.613345" lon="-119.894909"/>
      <trkpt lat="38.613475" lon="-119.894917"/>
      <trkpt lat="38.613523" lon="-119.894901"/>
      <trkpt lat="38.613563" lon="-119.894908"/>
      <trkpt lat="38.613660" lon="-119.894963"/>
      <trkpt lat="38.613688" lon="-119.894987"/>
      <trkpt lat="38.613680" lon="-119.895034"/>
      <trkpt lat="38.613659" lon="-119.895069"/>
      <trkpt lat="38.613651" lon="-119.895115"/>
      <trkpt lat="38.613670" lon="-119.895155"/>
      <trkpt lat="38.613695" lon="-119.895183"/>
      <trkpt lat="38.613745" lon="-119.895211"/>
      <trkpt lat="38.613918" lon="-119.895199"/>
      <trkpt lat="38.613951" lon="-119.895218"/>
      <trkpt lat="38.613976" lon="-119.895287"/>
      <trkpt lat="38.613980" lon="-119.895478"/>
      <trkpt lat="38.613943" lon="-119.895586"/>
      <trkpt lat="38.613904" lon="-119.895678"/>
      <trkpt lat="38.613901" lon="-119.895772"/>
      <trkpt lat="38.613921" lon="-119.896108"/>
      <trkpt lat="38.613900" lon="-119.896289"/>
      <trkpt lat="38.613898" lon="-119.896398"/>
      <trkpt lat="38.613924" lon="-119.896461"/>
      <trkpt lat="38.613990" lon="-119.896517"/>
      <trkpt lat="38.614103" lon="-119.896558"/>
      <trkpt lat="38.614278" lon="-119.896643"/>
      <trkpt lat="38.614461" lon="-119.896814"/>
      <trkpt lat="38.614542" lon="-119.896868"/>
      <trkpt lat="38.614635" lon="-119.896879"/>
      <trkpt lat="38.614899" lon="-119.896777"/>
      <trkpt lat="38.614947" lon="-119.896773"/>
      <trkpt lat="38.615016" lon="-119.896815"/>
      <trkpt lat="38.615135" lon="-119.896953"/>
      <trkpt lat="38.615223" lon="-119.896983"/>
      <trkpt lat="38.615311" lon="-119.897000"/>
      <trkpt lat="38.615458" lon="-119.897107"/>
      <trkpt lat="38.615502" lon="-119.897150"/>
      <trkpt lat="38.615501" lon="-119.897385"/>
      <trkpt lat="38.615507" lon="-119.897456"/>
      <trkpt lat="38.615550" lon="-119.897569"/>
      <trkpt lat="38.615663" lon="-119.897736"/>
      <trkpt lat="38.615694" lon="-119.897799"/>
      <trkpt lat="38.615731" lon="-119.897901"/>
      <trkpt lat="38.615730" lon="-119.897994"/>
      <trkpt lat="38.615717" lon="-119.898088"/>
      <trkpt lat="38.615660" lon="-119.898227"/>
      <trkpt lat="38.615623" lon="-119.898309"/>
      <trkpt lat="38.615613" lon="-119.898396"/>
      <trkpt lat="38.615621" lon="-119.898509"/>
      <trkpt lat="38.615715" lon="-119.898742"/>
      <trkpt lat="38.615800" lon="-119.898883"/>
      <trkpt lat="38.615936" lon="-119.899069"/>
      <trkpt lat="38.616001" lon="-119.899202"/>
      <trkpt lat="38.616080" lon="-119.899285"/>
      <trkpt lat="38.616168" lon="-119.899307"/>
      <trkpt lat="38.616346" lon="-119.899304"/>
      <trkpt lat="38.616447" lon="-119.899280"/>
      <trkpt lat="38.616507" lon="-119.899308"/>
      <trkpt lat="38.616573" lon="-119.899382"/>
      <trkpt lat="38.616556" lon="-119.899458"/>
      <trkpt lat="38.616505" lon="-119.899488"/>
      <trkpt lat="38.616488" lon="-119.899539"/>
      <trkpt lat="38.616530" lon="-119.899599"/>
      <trkpt lat="38.616641" lon="-119.899665"/>
      <trkpt lat="38.616725" lon="-119.899722"/>
      <trkpt lat="38.616746" lon="-119.899808"/>
      <trkpt lat="38.616750" lon="-119.899894"/>
      <trkpt lat="38.616679" lon="-119.900044"/>
      <trkpt lat="38.616514" lon="-119.900240"/>
      <trkpt lat="38.616475" lon="-119.900305"/>
      <trkpt lat="38.616450" lon="-119.900475"/>
      <trkpt lat="38.616433" lon="-119.900617"/>
      <trkpt lat="38.616469" lon="-119.900782"/>
      <trkpt lat="38.616489" lon="-119.900900"/>
      <trkpt lat="38.616515" lon="-119.900988"/>
      <trkpt lat="38.616555" lon="-119.901030"/>
      <trkpt lat="38.616672" lon="-119.901113"/>
      <trkpt lat="38.616812" lon="-119.901169"/>
      <trkpt lat="38.616856" lon="-119.901171"/>
      <trkpt lat="38.617145" lon="-119.901293"/>
      <trkpt lat="38.617266" lon="-119.901324"/>
      <trkpt lat="38.617351" lon="-119.901325"/>
      <trkpt lat="38.617443" lon="-119.901297"/>
      <trkpt lat="38.617509" lon="-119.901211"/>
      <trkpt lat="38.617561" lon="-119.901092"/>
      <trkpt lat="38.617587" lon="-119.900944"/>
      <trkpt lat="38.617621" lon="-119.900879"/>
      <trkpt lat="38.617689" lon="-119.900815"/>
      <trkpt lat="38.617879" lon="-119.900790"/>
      <trkpt lat="38.617971" lon="-119.900821"/>
      <trkpt lat="38.618107" lon="-119.900942"/>
      <trkpt lat="38.618174" lon="-119.901019"/>
      <trkpt lat="38.618290" lon="-119.901097"/>
      <trkpt lat="38.618378" lon="-119.901144"/>
      <trkpt lat="38.618440" lon="-119.901203"/>
      <trkpt lat="38.618464" lon="-119.901263"/>
      <trkpt lat="38.618558" lon="-119.901395"/>
      <trkpt lat="38.618632" lon="-119.901463"/>
      <trkpt lat="38.618640" lon="-119.901536"/>
      <trkpt lat="38.618656" lon="-119.901587"/>
      <trkpt lat="38.618705" lon="-119.901635"/>
      <trkpt lat="38.618833" lon="-119.901725"/>
      <trkpt lat="38.618944" lon="-119.901757"/>
      <trkpt lat="38.619022" lon="-119.901798"/>
      <trkpt lat="38.619057" lon="-119.901856"/>
      <trkpt lat="38.619159" lon="-119.902108"/>
      <trkpt lat="38.619326" lon="-119.902293"/>
      <trkpt lat="38.619348" lon="-119.902357"/>
      <trkpt lat="38.619323" lon="-119.902508"/>
      <trkpt lat="38.619205" lon="-119.902827"/>
      <trkpt lat="38.619175" lon="-119.903105"/>
      <trkpt lat="38.619194" lon="-119.903192"/>
      <trkpt lat="38.619281" lon="-119.903306"/>
      <trkpt lat="38.619523" lon="-119.903724"/>
      <trkpt lat="38.619573" lon="-119.903862"/>
      <trkpt lat="38.619599" lon="-119.904132"/>
      <trkpt lat="38.619629" lon="-119.904221"/>
      <trkpt lat="38.619670" lon="-119.904296"/>
      <trkpt lat="38.619780" lon="-119.904422"/>
      <trkpt lat="38.620232" lon="-119.905020"/>
      <trkpt lat="38.620590" lon="-119.905440"/>
      <trkpt lat="38.620705" lon="-119.905602"/>
      <trkpt lat="38.620718" lon="-119.905810"/>
      <trkpt lat="38.620743" lon="-119.905937"/>
      <trkpt lat="38.620798" lon="-119.906073"/>
      <trkpt lat="38.620888" lon="-119.906199"/>
      <trkpt lat="38.620892" lon="-119.906440"/>
      <trkpt lat="38.620925" lon="-119.906649"/>
      <trkpt lat="38.621087" lon="-119.906802"/>
      <trkpt lat="38.621179" lon="-119.906928"/>
      <trkpt lat="38.621209" lon="-119.907006"/>
      <trkpt lat="38.621137" lon="-119.907178"/>
      <trkpt lat="38.621129" lon="-119.907521"/>
      <trkpt lat="38.621196" lon="-119.907650"/>
      <trkpt lat="38.621250" lon="-119.907693"/>
      <trkpt lat="38.621317" lon="-119.907671"/>
      <trkpt lat="38.621393" lon="-119.907601"/>
      <trkpt lat="38.621462" lon="-119.907607"/>
      <trkpt lat="38.621523" lon="-119.907650"/>
      <trkpt lat="38.621625" lon="-119.907755"/>
      <trkpt lat="38.621808" lon="-119.907993"/>
      <trkpt lat="38.621925" lon="-119.908112"/>
      <trkpt lat="38.621987" lon="-119.908120"/>
      <trkpt lat="38.622084" lon="-119.908111"/>
      <trkpt lat="38.622168" lon="-119.907977"/>
      <trkpt lat="38.622231" lon="-119.907816"/>
      <trkpt lat="38.622315" lon="-119.907830"/>
      <trkpt lat="38.622436" lon="-119.907891"/>
      <trkpt lat="38.622613" lon="-119.908148"/>
      <trkpt lat="38.622705" lon="-119.908229"/>
      <trkpt lat="38.622823" lon="-119.908242"/>
      <trkpt lat="38.622910" lon="-119.908111"/>
      <trkpt lat="38.622939" lon="-119.907982"/>
      <trkpt lat="38.623013" lon="-119.907947"/>
      <trkpt lat="38.623115" lon="-119.907977"/>
      <trkpt lat="38.623208" lon="-119.908090"/>
      <trkpt lat="38.623346" lon="-119.908074"/>
      <trkpt lat="38.623443" lon="-119.908052"/>
      <trkpt lat="38.623585" lon="-119.908192"/>
      <trkpt lat="38.623702" lon="-119.908137"/>
      <trkpt lat="38.623792" lon="-119.908181"/>
      <trkpt lat="38.623872" lon="-119.908189"/>
      <trkpt lat="38.623943" lon="-119.908189"/>
      <trkpt lat="38.624028" lon="-119.908198"/>
      <trkpt lat="38.624142" lon="-119.908312"/>
      <trkpt lat="38.624438" lon="-119.908440"/>
      <trkpt lat="38.624640" lon="-119.908668"/>
      <trkpt lat="38.624675" lon="-119.908800"/>
    </trkseg>
    <trkseg>
      <trkpt lat="38.498137" lon="-119.770024"/>
      <trkpt lat="38.498288" lon="-119.770093"/>
      <trkpt lat="38.498453" lon="-119.770162"/>
      <trkpt lat="38.498520" lon="-119.770128"/>
      <trkpt lat="38.498823" lon="-119.770374"/>
      <trkpt lat="38.499043" lon="-119.770382"/>
      <trkpt lat="38.499165" lon="-119.770415"/>
      <trkpt lat="38.499304" lon="-119.770516"/>
      <trkpt lat="38.499502" lon="-119.770588"/>
      <trkpt lat="38.499761" lon="-119.770629"/>
      <trkpt lat="38.500368" lon="-119.770587"/>
      <trkpt lat="38.500720" lon="-119.770750"/>
      <trkpt lat="38.500933" lon="-119.770750"/>
      <trkpt lat="38.501004" lon="-119.770822"/>
      <trkpt lat="38.501115" lon="-119.770954"/>
      <trkpt lat="38.501188" lon="-119.771000"/>
      <trkpt lat="38.501258" lon="-119.770994"/>
      <trkpt lat="38.501353" lon="-119.770888"/>
      <trkpt lat="38.501530" lon="-119.770908"/>
      <trkpt lat="38.501753" lon="-119.770840"/>
      <trkpt lat="38.501798" lon="-119.770627"/>
      <trkpt lat="38.501918" lon="-119.770467"/>
      <trkpt lat="38.501972" lon="-119.770409"/>
      <trkpt lat="38.501980" lon="-119.770278"/>
      <trkpt lat="38.502060" lon="-119.769993"/>
      <trkpt lat="38.502081" lon="-119.769806"/>
      <trkpt lat="38.502119" lon="-119.769653"/>
      <trkpt lat="38.502349" lon="-119.769293"/>
      <trkpt lat="38.502524" lon="-119.769157"/>
      <trkpt lat="38.502568" lon="-119.769063"/>
      <trkpt lat="38.502595" lon="-119.768937"/>
      <trkpt lat="38.502586" lon="-119.768805"/>
      <trkpt lat="38.502538" lon="-119.768631"/>
      <trkpt lat="38.502517" lon="-119.768475"/>
      <trkpt lat="38.502557" lon="-119.768365"/>
      <trkpt lat="38.502759" lon="-119.768317"/>
      <trkpt lat="38.502948" lon="-119.768263"/>
      <trkpt lat="38.503145" lon="-119.768095"/>
      <trkpt lat="38.503231" lon="-119.768000"/>
      <trkpt lat="38.503277" lon="-119.767904"/>
      <trkpt lat="38.503372" lon="-119.767833"/>
      <trkpt lat="38.503579" lon="-119.767885"/>
      <trkpt lat="38.503777" lon="-119.767912"/>
      <trkpt lat="38.503919" lon="-119.767842"/>
      <trkpt lat="38.504035" lon="-119.767838"/>
      <trkpt lat="38.504140" lon="-119.768127"/>
      <trkpt lat="38.504184" lon="-119.768625"/>
      <trkpt lat="38.504207" lon="-119.769013"/>
      <trkpt lat="38.504352" lon="-119.769390"/>
      <trkpt lat="38.504422" lon="-119.769727"/>
      <trkpt lat="38.504363" lon="-119.770223"/>
      <trkpt lat="38.504425" lon="-119.770602"/>
      <trkpt lat="38.504380" lon="-119.770858"/>
      <trkpt lat="38.504215" lon="-119.771223"/>
      <trkpt lat="38.504223" lon="-119.771573"/>
      <trkpt lat="38.503905" lon="-119.772057"/>
      <trkpt lat="38.503748" lon="-119.772403"/>
      <trkpt lat="38.503633" lon="-119.772832"/>
      <trkpt lat="38.503673" lon="-119.773147"/>
      <trkpt lat="38.503805" lon="-119.773328"/>
      <trkpt lat="38.504017" lon="-119.773472"/>
      <trkpt lat="38.504383" lon="-119.773965"/>
      <trkpt lat="38.504965" lon="-119.774446"/>
      <trkpt lat="38.505078" lon="-119.774618"/>
      <trkpt lat="38.505242" lon="-119.774784"/>
      <trkpt lat="38.505317" lon="-119.774805"/>
      <trkpt lat="38.505368" lon="-119.774755"/>
      <trkpt lat="38.505580" lon="-119.774353"/>
      <trkpt lat="38.505807" lon="-119.774130"/>
      <trkpt lat="38.505973" lon="-119.774247"/>
      <trkpt lat="38.506039" lon="-119.774457"/>
      <trkpt lat="38.506107" lon="-119.775009"/>
      <trkpt lat="38.506161" lon="-119.775347"/>
      <trkpt lat="38.506423" lon="-119.775783"/>
      <trkpt lat="38.506644" lon="-119.776195"/>
      <trkpt lat="38.506774" lon="-119.776345"/>
      <trkpt lat="38.507158" lon="-119.776483"/>
      <trkpt lat="38.507367" lon="-119.776475"/>
      <trkpt lat="38.507677" lon="-119.776683"/>
      <trkpt lat="38.507993" lon="-119.776662"/>
      <trkpt lat="38.508373" lon="-119.776592"/>
      <trkpt lat="38.508533" lon="-119.776404"/>
      <trkpt lat="38.508667" lon="-119.776192"/>
      <trkpt lat="38.508751" lon="-119.776179"/>
      <trkpt lat="38.508937" lon="-119.776292"/>
      <trkpt lat="38.509070" lon="-119.776468"/>
      <trkpt lat="38.509307" lon="-119.776552"/>
      <trkpt lat="38.509700" lon="-119.776554"/>
      <trkpt lat="38.509948" lon="-119.776640"/>
      <trkpt lat="38.510202" lon="-119.776638"/>
      <trkpt lat="38.510400" lon="-119.776602"/>
      <trkpt lat="38.510632" lon="-119.776437"/>
      <trkpt lat="38.510920" lon="-119.776468"/>
      <trkpt lat="38.511155" lon="-119.776422"/>
      <trkpt lat="38.511363" lon="-119.776258"/>
      <trkpt lat="38.511648" lon="-119.776216"/>
      <trkpt lat="38.511792" lon="-119.776117"/>
      <trkpt lat="38.511973" lon="-119.776148"/>
      <trkpt lat="38.512173" lon="-119.776050"/>
      <trkpt lat="38.512348" lon="-119.776150"/>
      <trkpt lat="38.512550" lon="-119.776068"/>
      <trkpt lat="38.513465" lon="-119.776120"/>
      <trkpt lat="38.513763" lon="-119.776109"/>
      <trkpt lat="38.514195" lon="-119.776200"/>
      <trkpt lat="38.514373" lon="-119.776282"/>
      <trkpt lat="38.514532" lon="-119.776493"/>
      <trkpt lat="38.514807" lon="-119.776618"/>
      <trkpt lat="38.514980" lon="-119.776633"/>
      <trkpt lat="38.515165" lon="-119.776726"/>
      <trkpt lat="38.515693" lon="-119.776883"/>
      <trkpt lat="38.515882" lon="-119.777050"/>
      <trkpt lat="38.516263" lon="-119.777157"/>
      <trkpt lat="38.516788" lon="-119.777175"/>
      <trkpt lat="38.517153" lon="-119.777333"/>
      <trkpt lat="38.517452" lon="-119.777635"/>
      <trkpt lat="38.517658" lon="-119.778260"/>
      <trkpt lat="38.517839" lon="-119.778657"/>
      <trkpt lat="38.517994" lon="-119.778893"/>
      <trkpt lat="38.518250" lon="-119.779135"/>
      <trkpt lat="38.518437" lon="-119.779498"/>
      <trkpt lat="38.518562" lon="-119.779627"/>
      <trkpt lat="38.518782" lon="-119.780040"/>
      <trkpt lat="38.518917" lon="-119.780538"/>
      <trkpt lat="38.519290" lon="-119.781057"/>
      <trkpt lat="38.519425" lon="-119.780962"/>
      <trkpt lat="38.519455" lon="-119.780781"/>
      <trkpt lat="38.519442" lon="-119.780487"/>
      <trkpt lat="38.519565" lon="-119.780172"/>
      <trkpt lat="38.519873" lon="-119.779792"/>
      <trkpt lat="38.520195" lon="-119.779563"/>
      <trkpt lat="38.520684" lon="-119.779644"/>
      <trkpt lat="38.520806" lon="-119.779580"/>
      <trkpt lat="38.520803" lon="-119.779367"/>
      <trkpt lat="38.520957" lon="-119.779065"/>
      <trkpt lat="38.520987" lon="-119.778705"/>
      <trkpt lat="38.521330" lon="-119.778285"/>
      <trkpt lat="38.521371" lon="-119.778125"/>
      <trkpt lat="38.521383" lon="-119.777974"/>
      <trkpt lat="38.521426" lon="-119.777934"/>
      <trkpt lat="38.521465" lon="-119.777886"/>
      <trkpt lat="38.521450" lon="-119.777789"/>
      <trkpt lat="38.521365" lon="-119.777674"/>
      <trkpt lat="38.521333" lon="-119.777568"/>
      <trkpt lat="38.521361" lon="-119.777438"/>
      <trkpt lat="38.521443" lon="-119.777345"/>
      <trkpt lat="38.521470" lon="-119.777258"/>
      <trkpt lat="38.521465" lon="-119.777107"/>
      <trkpt lat="38.521438" lon="-119.776945"/>
      <trkpt lat="38.521505" lon="-119.776865"/>
      <trkpt lat="38.521699" lon="-119.776475"/>
      <trkpt lat="38.521727" lon="-119.776350"/>
      <trkpt lat="38.521778" lon="-119.776290"/>
      <trkpt lat="38.521819" lon="-119.776290"/>
      <trkpt lat="38.521890" lon="-119.776375"/>
      <trkpt lat="38.521920" lon="-119.776372"/>
      <trkpt lat="38.521921" lon="-119.776298"/>
      <trkpt lat="38.521969" lon="-119.776244"/>
      <trkpt lat="38.522016" lon="-119.776153"/>
      <trkpt lat="38.522007" lon="-119.776037"/>
      <trkpt lat="38.522046" lon="-119.775951"/>
      <trkpt lat="38.522180" lon="-119.775800"/>
      <trkpt lat="38.522309" lon="-119.775696"/>
      <trkpt lat="38.522367" lon="-119.775546"/>
      <trkpt lat="38.522477" lon="-119.775488"/>
      <trkpt lat="38.522615" lon="-119.775540"/>
      <trkpt lat="38.522728" lon="-119.775538"/>
      <trkpt lat="38.522865" lon="-119.775551"/>
      <trkpt lat="38.523081" lon="-119.775535"/>
      <trkpt lat="38.523251" lon="-119.775463"/>
      <trkpt lat="38.523379" lon="-119.775398"/>
      <trkpt lat="38.523433" lon="-119.775315"/>
      <trkpt lat="38.523683" lon="-119.775183"/>
      <trkpt lat="38.523838" lon="-119.775177"/>
      <trkpt lat="38.523939" lon="-119.775197"/>
      <trkpt lat="38.524027" lon="-119.775178"/>
      <trkpt lat="38.524155" lon="-119.775060"/>
      <trkpt lat="38.524313" lon="-119.775039"/>
      <trkpt lat="38.524392" lon="-119.774996"/>
      <trkpt lat="38.524417" lon="-119.774931"/>
      <trkpt lat="38.524441" lon="-119.774854"/>
      <trkpt lat="38.524492" lon="-119.774823"/>
      <trkpt lat="38.524765" lon="-119.774873"/>
      <trkpt lat="38.524877" lon="-119.774864"/>
      <trkpt lat="38.525085" lon="-119.774789"/>
      <trkpt lat="38.525519" lon="-119.774773"/>
      <trkpt lat="38.525735" lon="-119.774843"/>
      <trkpt lat="38.525862" lon="-119.774837"/>
      <trkpt lat="38.525970" lon="-119.774875"/>
      <trkpt lat="38.526063" lon="-119.774867"/>
      <trkpt lat="38.526162" lon="-119.774917"/>
      <trkpt lat="38.526226" lon="-119.774956"/>
      <trkpt lat="38.526268" lon="-119.774961"/>
      <trkpt lat="38.526302" lon="-119.775009"/>
      <trkpt lat="38.526287" lon="-119.775122"/>
      <trkpt lat="38.526248" lon="-119.775213"/>
      <trkpt lat="38.526220" lon="-119.775253"/>
      <trkpt lat="38.526121" lon="-119.775310"/>
      <trkpt lat="38.526022" lon="-119.775348"/>
      <trkpt lat="38.526006" lon="-119.775414"/>
      <trkpt lat="38.525951" lon="-119.775438"/>
      <trkpt lat="38.525922" lon="-119.775508"/>
      <trkpt lat="38.525926" lon="-119.775610"/>
      <trkpt lat="38.525949" lon="-119.775782"/>
      <trkpt lat="38.525949" lon="-119.775897"/>
      <trkpt lat="38.525970" lon="-119.776222"/>
      <trkpt lat="38.525945" lon="-119.776372"/>
      <trkpt lat="38.525966" lon="-119.776522"/>
      <trkpt lat="38.525990" lon="-119.776628"/>
      <trkpt lat="38.526063" lon="-119.776696"/>
      <trkpt lat="38.526088" lon="-119.776769"/>
      <trkpt lat="38.526172" lon="-119.776803"/>
      <trkpt lat="38.526310" lon="-119.776798"/>
      <trkpt lat="38.526382" lon="-119.776758"/>
      <trkpt lat="38.526453" lon="-119.776675"/>
      <trkpt lat="38.526545" lon="-119.776632"/>
      <trkpt lat="38.526709" lon="-119.776645"/>
      <trkpt lat="38.526816" lon="-119.776664"/>
      <trkpt lat="38.527028" lon="-119.776653"/>
      <trkpt lat="38.527127" lon="-119.776613"/>
      <trkpt lat="38.527202" lon="-119.776479"/>
      <trkpt lat="38.527250" lon="-119.776428"/>
      <trkpt lat="38.527437" lon="-119.776299"/>
      <trkpt lat="38.527691" lon="-119.776256"/>
      <trkpt lat="38.527808" lon="-119.776197"/>
      <trkpt lat="38.527890" lon="-119.776208"/>
      <trkpt lat="38.527968" lon="-119.776181"/>
      <trkpt lat="38.528056" lon="-119.776184"/>
      <trkpt lat="38.528138" lon="-119.776136"/>
      <trkpt lat="38.528251" lon="-119.776018"/>
      <trkpt lat="38.528461" lon="-119.775943"/>
      <trkpt lat="38.528518" lon="-119.775857"/>
      <trkpt lat="38.528625" lon="-119.775902"/>
      <trkpt lat="38.528654" lon="-119.775963"/>
      <trkpt lat="38.528668" lon="-119.776023"/>
      <trkpt lat="38.528708" lon="-119.776050"/>
      <trkpt lat="38.528810" lon="-119.776077"/>
      <trkpt lat="38.529011" lon="-119.776211"/>
      <trkpt lat="38.529068" lon="-119.776266"/>
      <trkpt lat="38.529137" lon="-119.776283"/>
      <trkpt lat="38.529185" lon="-119.776337"/>
      <trkpt lat="38.529259" lon="-119.776354"/>
      <trkpt lat="38.529332" lon="-119.776396"/>
      <trkpt lat="38.529438" lon="-119.776432"/>
      <trkpt lat="38.529493" lon="-119.776439"/>
      <trkpt lat="38.529572" lon="-119.776458"/>
      <trkpt lat="38.529612" lon="-119.776431"/>
      <trkpt lat="38.529765" lon="-119.776451"/>
      <trkpt lat="38.529851" lon="-119.776484"/>
      <trkpt lat="38.529913" lon="-119.776471"/>
      <trkpt lat="38.530019" lon="-119.776467"/>
      <trkpt lat="38.530136" lon="-119.776512"/>
      <trkpt lat="38.530190" lon="-119.776505"/>
      <trkpt lat="38.530234" lon="-119.776518"/>
      <trkpt lat="38.530296" lon="-119.776495"/>
      <trkpt lat="38.530280" lon="-119.776530"/>
      <trkpt lat="38.530199" lon="-119.776566"/>
      <trkpt lat="38.530151" lon="-119.776577"/>
      <trkpt lat="38.530077" lon="-119.776621"/>
      <trkpt lat="38.529892" lon="-119.776661"/>
      <trkpt lat="38.529810" lon="-119.776657"/>
      <trkpt lat="38.529673" lon="-119.776698"/>
      <trkpt lat="38.529635" lon="-119.776716"/>
      <trkpt lat="38.529641" lon="-119.776743"/>
      <trkpt lat="38.529684" lon="-119.776739"/>
      <trkpt lat="38.529757" lon="-119.776769"/>
      <trkpt lat="38.529829" lon="-119.776774"/>
      <trkpt lat="38.529913" lon="-119.776814"/>
      <trkpt lat="38.529982" lon="-119.776809"/>
      <trkpt lat="38.530047" lon="-119.776770"/>
      <trkpt lat="38.530109" lon="-119.776763"/>
      <trkpt lat="38.530181" lon="-119.776775"/>
      <trkpt lat="38.530366" lon="-119.776729"/>
      <trkpt lat="38.530482" lon="-119.776747"/>
      <trkpt lat="38.530557" lon="-119.776742"/>
      <trkpt lat="38.530548" lon="-119.776763"/>
      <trkpt lat="38.530492" lon="-119.776806"/>
      <trkpt lat="38.530349" lon="-119.776829"/>
      <trkpt lat="38.530276" lon="-119.776873"/>
      <trkpt lat="38.530379" lon="-119.776914"/>
      <trkpt lat="38.530533" lon="-119.776924"/>
      <trkpt lat="38.530646" lon="-119.776910"/>
      <trkpt lat="38.530712" lon="-119.776860"/>
      <trkpt lat="38.530744" lon="-119.776857"/>
      <trkpt lat="38.530748" lon="-119.776884"/>
      <trkpt lat="38.530723" lon="-119.776932"/>
      <trkpt lat="38.530668" lon="-119.776959"/>
      <trkpt lat="38.530635" lon="-119.776961"/>
      <trkpt lat="38.530627" lon="-119.776987"/>
      <trkpt lat="38.530662" lon="-119.776999"/>
      <trkpt lat="38.530826" lon="-119.776994"/>
      <trkpt lat="38.530853" lon="-119.776932"/>
      <trkpt lat="38.530849" lon="-119.776847"/>
      <trkpt lat="38.530866" lon="-119.776809"/>
      <trkpt lat="38.530897" lon="-119.776802"/>
      <trkpt lat="38.530924" lon="-119.776822"/>
      <trkpt lat="38.531054" lon="-119.776884"/>
      <trkpt lat="38.531403" lon="-119.776975"/>
      <trkpt lat="38.531451" lon="-119.777040"/>
      <trkpt lat="38.531636" lon="-119.776997"/>
      <trkpt lat="38.531745" lon="-119.777066"/>
      <trkpt lat="38.531795" lon="-119.777040"/>
      <trkpt lat="38.531946" lon="-119.777042"/>
      <trkpt lat="38.532026" lon="-119.777093"/>
      <trkpt lat="38.532129" lon="-119.777104"/>
      <trkpt lat="38.532232" lon="-119.777230"/>
      <trkpt lat="38.532292" lon="-119.777217"/>
      <trkpt lat="38.532351" lon="-119.777284"/>
      <trkpt lat="38.532466" lon="-119.777265"/>
      <trkpt lat="38.532546" lon="-119.777348"/>
      <trkpt lat="38.532608" lon="-119.777478"/>
      <trkpt lat="38.532683" lon="-119.777471"/>
      <trkpt lat="38.532857" lon="-119.777372"/>
      <trkpt lat="38.532958" lon="-119.777423"/>
      <trkpt lat="38.533015" lon="-119.777665"/>
      <trkpt lat="38.533056" lon="-119.777758"/>
      <trkpt lat="38.533035" lon="-119.777777"/>
      <trkpt lat="38.532846" lon="-119.777616"/>
      <trkpt lat="38.532718" lon="-119.777770"/>
      <trkpt lat="38.532587" lon="-119.777768"/>
      <trkpt lat="38.532536" lon="-119.777777"/>
      <trkpt lat="38.532456" lon="-119.777737"/>
      <trkpt lat="38.532383" lon="-119.777595"/>
      <trkpt lat="38.532309" lon="-119.777606"/>
      <trkpt lat="38.532219" lon="-119.777587"/>
      <trkpt lat="38.532158" lon="-119.777635"/>
      <trkpt lat="38.532043" lon="-119.777583"/>
      <trkpt lat="38.531984" lon="-119.777576"/>
      <trkpt lat="38.531953" lon="-119.777632"/>
      <trkpt lat="38.531864" lon="-119.777657"/>
      <trkpt lat="38.531795" lon="-119.777627"/>
      <trkpt lat="38.531713" lon="-119.777565"/>
      <trkpt lat="38.531571" lon="-119.777622"/>
      <trkpt lat="38.531568" lon="-119.777644"/>
      <trkpt lat="38.531598" lon="-119.777654"/>
      <trkpt lat="38.531624" lon="-119.777650"/>
      <trkpt lat="38.531655" lon="-119.777627"/>
      <trkpt lat="38.531682" lon="-119.777632"/>
      <trkpt lat="38.531730" lon="-119.777693"/>
      <trkpt lat="38.531852" lon="-119.777820"/>
      <trkpt lat="38.531992" lon="-119.777890"/>
      <trkpt lat="38.532074" lon="-119.777866"/>
      <trkpt lat="38.532137" lon="-119.777911"/>
      <trkpt lat="38.532192" lon="-119.777901"/>
      <trkpt lat="38.532263" lon="-119.777978"/>
      <trkpt lat="38.532300" lon="-119.777949"/>
      <trkpt lat="38.532333" lon="-119.777947"/>
      <trkpt lat="38.532394" lon="-119.778079"/>
      <trkpt lat="38.532560" lon="-119.778236"/>
      <trkpt lat="38.532660" lon="-119.778284"/>
      <trkpt lat="38.532695" lon="-119.778334"/>
      <trkpt lat="38.532741" lon="-119.778349"/>
      <trkpt lat="38.532810" lon="-119.778295"/>
      <trkpt lat="38.532852" lon="-119.778292"/>
      <trkpt lat="38.532970" lon="-119.778434"/>
      <trkpt lat="38.533015" lon="-119.778530"/>
      <trkpt lat="38.533316" lon="-119.778684"/>
      <trkpt lat="38.533672" lon="-119.778698"/>
      <trkpt lat="38.533742" lon="-119.778724"/>
      <trkpt lat="38.533954" lon="-119.778703"/>
      <trkpt lat="38.533986" lon="-119.778732"/>
      <trkpt lat="38.533652" lon="-119.778866"/>
      <trkpt lat="38.533457" lon="-119.778932"/>
      <trkpt lat="38.533313" lon="-119.778925"/>
      <trkpt lat="38.533169" lon="-119.779016"/>
      <trkpt lat="38.532922" lon="-119.779038"/>
      <trkpt lat="38.532842" lon="-119.779108"/>
      <trkpt lat="38.532638" lon="-119.779132"/>
      <trkpt lat="38.532439" lon="-119.779108"/>
      <trkpt lat="38.532406" lon="-119.779111"/>
      <trkpt lat="38.532317" lon="-119.779118"/>
      <trkpt lat="38.532280" lon="-119.779843"/>
      <trkpt lat="38.532295" lon="-119.780235"/>
      <trkpt lat="38.532271" lon="-119.780658"/>
      <trkpt lat="38.532358" lon="-119.780827"/>
      <trkpt lat="38.532506" lon="-119.780985"/>
      <trkpt lat="38.532522" lon="-119.781295"/>
      <trkpt lat="38.532758" lon="-119.781511"/>
      <trkpt lat="38.533018" lon="-119.781468"/>
      <trkpt lat="38.533190" lon="-119.781522"/>
      <trkpt lat="38.533291" lon="-119.781500"/>
      <trkpt lat="38.534021" lon="-119.781527"/>
      <trkpt lat="38.534286" lon="-119.781570"/>
      <trkpt lat="38.534492" lon="-119.781517"/>
      <trkpt lat="38.534647" lon="-119.781618"/>
      <trkpt lat="38.535000" lon="-119.781608"/>
      <trkpt lat="38.535602" lon="-119.781885"/>
      <trkpt lat="38.535783" lon="-119.782158"/>
      <trkpt lat="38.535826" lon="-119.782278"/>
      <trkpt lat="38.535775" lon="-119.782470"/>
      <trkpt lat="38.535673" lon="-119.782553"/>
      <trkpt lat="38.535228" lon="-119.782707"/>
      <trkpt lat="38.535158" lon="-119.782857"/>
      <trkpt lat="38.535092" lon="-119.783020"/>
      <trkpt lat="38.535038" lon="-119.783157"/>
      <trkpt lat="38.534898" lon="-119.783201"/>
      <trkpt lat="38.534785" lon="-119.783178"/>
      <trkpt lat="38.534697" lon="-119.783088"/>
      <trkpt lat="38.534634" lon="-119.783085"/>
      <trkpt lat="38.534542" lon="-119.782967"/>
      <trkpt lat="38.534407" lon="-119.782952"/>
      <trkpt lat="38.534315" lon="-119.783029"/>
      <trkpt lat="38.534219" lon="-119.783097"/>
      <trkpt lat="38.534143" lon="-119.783097"/>
      <trkpt lat="38.534075" lon="-119.783061"/>
      <trkpt lat="38.533950" lon="-119.782965"/>
      <trkpt lat="38.533765" lon="-119.782954"/>
      <trkpt lat="38.533746" lon="-119.782906"/>
      <trkpt lat="38.533710" lon="-119.782883"/>
      <trkpt lat="38.533668" lon="-119.782886"/>
      <trkpt lat="38.533623" lon="-119.782932"/>
      <trkpt lat="38.533616" lon="-119.782993"/>
      <trkpt lat="38.533610" lon="-119.783045"/>
      <trkpt lat="38.533656" lon="-119.783155"/>
      <trkpt lat="38.533767" lon="-119.783364"/>
      <trkpt lat="38.533797" lon="-119.783429"/>
      <trkpt lat="38.533845" lon="-119.783469"/>
      <trkpt lat="38.533927" lon="-119.783557"/>
      <trkpt lat="38.534084" lon="-119.783667"/>
      <trkpt lat="38.534086" lon="-119.783734"/>
      <trkpt lat="38.534028" lon="-119.783852"/>
      <trkpt lat="38.533983" lon="-119.784070"/>
      <trkpt lat="38.533925" lon="-119.784088"/>
      <trkpt lat="38.533881" lon="-119.784067"/>
      <trkpt lat="38.533694" lon="-119.784080"/>
      <trkpt lat="38.533646" lon="-119.784121"/>
      <trkpt lat="38.533600" lon="-119.784193"/>
      <trkpt lat="38.533623" lon="-119.784249"/>
      <trkpt lat="38.533692" lon="-119.784322"/>
      <trkpt lat="38.533721" lon="-119.784418"/>
      <trkpt lat="38.533711" lon="-119.784526"/>
      <trkpt lat="38.533732" lon="-119.784649"/>
      <trkpt lat="38.533763" lon="-119.784713"/>
      <trkpt lat="38.533845" lon="-119.784746"/>
      <trkpt lat="38.533983" lon="-119.784743"/>
      <trkpt lat="38.534067" lon="-119.784813"/>
      <trkpt lat="38.534185" lon="-119.784864"/>
      <trkpt lat="38.534252" lon="-119.784971"/>
      <trkpt lat="38.534288" lon="-119.785078"/>
      <trkpt lat="38.534351" lon="-119.785118"/>
      <trkpt lat="38.534430" lon="-119.785127"/>
      <trkpt lat="38.534529" lon="-119.785081"/>
      <trkpt lat="38.534637" lon="-119.785102"/>
      <trkpt lat="38.534726" lon="-119.785175"/>
      <trkpt lat="38.534788" lon="-119.785340"/>
      <trkpt lat="38.534921" lon="-119.785518"/>
      <trkpt lat="38.535064" lon="-119.785650"/>
      <trkpt lat="38.535230" lon="-119.785792"/>
      <trkpt lat="38.535442" lon="-119.785894"/>
      <trkpt lat="38.535708" lon="-119.786113"/>
      <trkpt lat="38.535935" lon="-119.786237"/>
      <trkpt lat="38.536133" lon="-119.786483"/>
      <trkpt lat="38.536358" lon="-119.786881"/>
      <trkpt lat="38.536550" lon="-119.787273"/>
      <trkpt lat="38.536564" lon="-119.787380"/>
      <trkpt lat="38.536713" lon="-119.787458"/>
      <trkpt lat="38.536728" lon="-119.787540"/>
      <trkpt lat="38.536675" lon="-119.787685"/>
      <trkpt lat="38.536631" lon="-119.787699"/>
      <trkpt lat="38.536600" lon="-119.787777"/>
      <trkpt lat="38.536610" lon="-119.787870"/>
      <trkpt lat="38.536728" lon="-119.787865"/>
      <trkpt lat="38.536883" lon="-119.787865"/>
      <trkpt lat="38.536992" lon="-119.787946"/>
      <trkpt lat="38.537118" lon="-119.787988"/>
      <trkpt lat="38.537515" lon="-119.788219"/>
      <trkpt lat="38.537861" lon="-119.788351"/>
      <trkpt lat="38.537963" lon="-119.788465"/>
      <trkpt lat="38.537981" lon="-119.788577"/>
      <trkpt lat="38.537937" lon="-119.788652"/>
      <trkpt lat="38.537902" lon="-119.788607"/>
      <trkpt lat="38.537871" lon="-119.788499"/>
      <trkpt lat="38.537784" lon="-119.788505"/>
      <trkpt lat="38.537699" lon="-119.788553"/>
      <trkpt lat="38.537699" lon="-119.788487"/>
      <trkpt lat="38.537621" lon="-119.788490"/>
      <trkpt lat="38.537599" lon="-119.788535"/>
      <trkpt lat="38.537710" lon="-119.788629"/>
      <trkpt lat="38.537609" lon="-119.788715"/>
      <trkpt lat="38.537565" lon="-119.788785"/>
      <trkpt lat="38.537563" lon="-119.788871"/>
      <trkpt lat="38.537684" lon="-119.788978"/>
      <trkpt lat="38.538083" lon="-119.789185"/>
      <trkpt lat="38.538323" lon="-119.789453"/>
      <trkpt lat="38.538436" lon="-119.789590"/>
      <trkpt lat="38.538540" lon="-119.789545"/>
      <trkpt lat="38.538742" lon="-119.789563"/>
      <trkpt lat="38.538971" lon="-119.789633"/>
      <trkpt lat="38.539199" lon="-119.789780"/>
      <trkpt lat="38.539264" lon="-119.789804"/>
      <trkpt lat="38.539359" lon="-119.789799"/>
      <trkpt lat="38.539443" lon="-119.789850"/>
      <trkpt lat="38.539688" lon="-119.789866"/>
      <trkpt lat="38.539803" lon="-119.789797"/>
      <trkpt lat="38.539864" lon="-119.789879"/>
      <trkpt lat="38.539988" lon="-119.789902"/>
      <trkpt lat="38.540154" lon="-119.789852"/>
      <trkpt lat="38.540519" lon="-119.789820"/>
      <trkpt lat="38.540626" lon="-119.789847"/>
      <trkpt lat="38.540803" lon="-119.790078"/>
      <trkpt lat="38.540903" lon="-119.790190"/>
      <trkpt lat="38.541039" lon="-119.790193"/>
      <trkpt lat="38.541106" lon="-119.790260"/>
      <trkpt lat="38.541157" lon="-119.790453"/>
      <trkpt lat="38.541238" lon="-119.790612"/>
      <trkpt lat="38.541647" lon="-119.790985"/>
      <trkpt lat="38.541719" lon="-119.791081"/>
      <trkpt lat="38.541765" lon="-119.791118"/>
      <trkpt lat="38.541811" lon="-119.791121"/>
      <trkpt lat="38.541914" lon="-119.791180"/>
      <trkpt lat="38.542023" lon="-119.791191"/>
      <trkpt lat="38.542222" lon="-119.791183"/>
      <trkpt lat="38.542499" lon="-119.791250"/>
      <trkpt lat="38.542873" lon="-119.791365"/>
      <trkpt lat="38.543055" lon="-119.791360"/>
      <trkpt lat="38.543185" lon="-119.791446"/>
      <trkpt lat="38.543307" lon="-119.791518"/>
      <trkpt lat="38.543412" lon="-119.791634"/>
      <trkpt lat="38.543630" lon="-119.792084"/>
      <trkpt lat="38.543779" lon="-119.792189"/>
      <trkpt lat="38.543844" lon="-119.792307"/>
      <trkpt lat="38.543951" lon="-119.792425"/>
      <trkpt lat="38.544052" lon="-119.792462"/>
      <trkpt lat="38.544136" lon="-119.792454"/>
      <trkpt lat="38.544201" lon="-119.792320"/>
      <trkpt lat="38.544291" lon="-119.792213"/>
      <trkpt lat="38.544618" lon="-119.792342"/>
      <trkpt lat="38.544775" lon="-119.792368"/>
      <trkpt lat="38.545115" lon="-119.792529"/>
      <trkpt lat="38.545233" lon="-119.792578"/>
      <trkpt lat="38.545397" lon="-119.792547"/>
      <trkpt lat="38.545420" lon="-119.792693"/>
      <trkpt lat="38.545375" lon="-119.792891"/>
      <trkpt lat="38.545317" lon="-119.793111"/>
      <trkpt lat="38.545249" lon="-119.793254"/>
      <trkpt lat="38.545038" lon="-119.793436"/>
      <trkpt lat="38.544811" lon="-119.793696"/>
      <trkpt lat="38.544595" lon="-119.793790"/>
      <trkpt lat="38.544530" lon="-119.793691"/>
      <trkpt lat="38.544488" lon="-119.793597"/>
      <trkpt lat="38.544390" lon="-119.793497"/>
      <trkpt lat="38.544142" lon="-119.793465"/>
      <trkpt lat="38.544003" lon="-119.793457"/>
      <trkpt lat="38.543800" lon="-119.793275"/>
      <trkpt lat="38.543674" lon="-119.793315"/>
      <trkpt lat="38.543547" lon="-119.793265"/>
      <trkpt lat="38.543425" lon="-119.793288"/>
      <trkpt lat="38.543359" lon="-119.793377"/>
      <trkpt lat="38.543015" lon="-119.793737"/>
      <trkpt lat="38.542875" lon="-119.793932"/>
      <trkpt lat="38.542862" lon="-119.794203"/>
      <trkpt lat="38.542955" lon="-119.794453"/>
      <trkpt lat="38.542950" lon="-119.794745"/>
      <trkpt lat="38.543026" lon="-119.795077"/>
      <trkpt lat="38.543114" lon="-119.795566"/>
      <trkpt lat="38.543092" lon="-119.795742"/>
      <trkpt lat="38.542917" lon="-119.795799"/>
      <trkpt lat="38.542831" lon="-119.795842"/>
      <trkpt lat="38.542724" lon="-119.796164"/>
      <trkpt lat="38.542610" lon="-119.796267"/>
      <trkpt lat="38.542587" lon="-119.796410"/>
      <trkpt lat="38.542652" lon="-119.796671"/>
      <trkpt lat="38.542623" lon="-119.797202"/>
      <trkpt lat="38.542676" lon="-119.797357"/>
      <trkpt lat="38.542682" lon="-119.797430"/>
      <trkpt lat="38.542736" lon="-119.797478"/>
      <trkpt lat="38.542778" lon="-119.797583"/>
      <trkpt lat="38.542755" lon="-119.797674"/>
      <trkpt lat="38.542797" lon="-119.798005"/>
      <trkpt lat="38.542871" lon="-119.798124"/>
      <trkpt lat="38.542900" lon="-119.798441"/>
      <trkpt lat="38.542900" lon="-119.798680"/>
      <trkpt lat="38.543106" lon="-119.799154"/>
      <trkpt lat="38.543160" lon="-119.799353"/>
      <trkpt lat="38.543120" lon="-119.799854"/>
      <trkpt lat="38.543125" lon="-119.799960"/>
      <trkpt lat="38.543219" lon="-119.800147"/>
      <trkpt lat="38.543196" lon="-119.800326"/>
      <trkpt lat="38.543219" lon="-119.800426"/>
      <trkpt lat="38.543294" lon="-119.800538"/>
      <trkpt lat="38.543450" lon="-119.800898"/>
      <trkpt lat="38.543353" lon="-119.801027"/>
      <trkpt lat="38.543282" lon="-119.801155"/>
      <trkpt lat="38.543373" lon="-119.801313"/>
      <trkpt lat="38.543412" lon="-119.801536"/>
      <trkpt lat="38.543668" lon="-119.801817"/>
      <trkpt lat="38.543701" lon="-119.802003"/>
      <trkpt lat="38.543815" lon="-119.802217"/>
      <trkpt lat="38.543882" lon="-119.802395"/>
      <trkpt lat="38.543940" lon="-119.802700"/>
      <trkpt lat="38.544171" lon="-119.803247"/>
      <trkpt lat="38.544565" lon="-119.803733"/>
      <trkpt lat="38.544691" lon="-119.803875"/>
      <trkpt lat="38.544830" lon="-119.803982"/>
      <trkpt lat="38.544947" lon="-119.804122"/>
      <trkpt lat="38.545438" lon="-119.803961"/>
      <trkpt lat="38.545707" lon="-119.803859"/>
      <trkpt lat="38.546042" lon="-119.803752"/>
      <trkpt lat="38.546340" lon="-119.803575"/>
      <trkpt lat="38.546428" lon="-119.803639"/>
      <trkpt lat="38.546487" lon="-119.803770"/>
      <trkpt lat="38.546433" lon="-119.803977"/>
      <trkpt lat="38.546227" lon="-119.804133"/>
      <trkpt lat="38.546324" lon="-119.804352"/>
      <trkpt lat="38.546470" lon="-119.804503"/>
      <trkpt lat="38.546823" lon="-119.804465"/>
      <trkpt lat="38.546987" lon="-119.804465"/>
      <trkpt lat="38.547049" lon="-119.804530"/>
      <trkpt lat="38.546919" lon="-119.804691"/>
      <trkpt lat="38.546710" lon="-119.804873"/>
      <trkpt lat="38.546483" lon="-119.805157"/>
      <trkpt lat="38.546416" lon="-119.805522"/>
      <trkpt lat="38.546479" lon="-119.805736"/>
      <trkpt lat="38.546412" lon="-119.805924"/>
      <trkpt lat="38.546210" lon="-119.806166"/>
      <trkpt lat="38.545967" lon="-119.806681"/>
      <trkpt lat="38.546000" lon="-119.807368"/>
      <trkpt lat="38.545850" lon="-119.807490"/>
      <trkpt lat="38.545765" lon="-119.807625"/>
      <trkpt lat="38.545680" lon="-119.807933"/>
      <trkpt lat="38.545535" lon="-119.808182"/>
      <trkpt lat="38.545258" lon="-119.808605"/>
      <trkpt lat="38.545003" lon="-119.808843"/>
      <trkpt lat="38.544797" lon="-119.809260"/>
      <trkpt lat="38.544852" lon="-119.809373"/>
      <trkpt lat="38.545197" lon="-119.809430"/>
      <trkpt lat="38.545420" lon="-119.809577"/>
      <trkpt lat="38.545455" lon="-119.809738"/>
      <trkpt lat="38.545392" lon="-119.810114"/>
      <trkpt lat="38.545453" lon="-119.810275"/>
      <trkpt lat="38.545596" lon="-119.810543"/>
      <trkpt lat="38.545705" lon="-119.811055"/>
      <trkpt lat="38.545798" lon="-119.811195"/>
    </trkseg>
    <trkseg>
      <trkpt lat="38.410378" lon="-119.665060"/>
      <trkpt lat="38.410793" lon="-119.665437"/>
      <trkpt lat="38.411150" lon="-119.665657"/>
      <trkpt lat="38.411241" lon="-119.665843"/>
      <trkpt lat="38.411269" lon="-119.666004"/>
      <trkpt lat="38.411307" lon="-119.666119"/>
      <trkpt lat="38.411487" lon="-119.666297"/>
      <trkpt lat="38.411624" lon="-119.666398"/>
      <trkpt lat="38.411653" lon="-119.666495"/>
      <trkpt lat="38.411586" lon="-119.666616"/>
      <trkpt lat="38.411594" lon="-119.666718"/>
      <trkpt lat="38.411723" lon="-119.666956"/>
      <trkpt lat="38.411970" lon="-119.667310"/>
      <trkpt lat="38.412057" lon="-119.667482"/>
      <trkpt lat="38.412116" lon="-119.667622"/>
      <trkpt lat="38.412202" lon="-119.667702"/>
      <trkpt lat="38.412345" lon="-119.667793"/>
      <trkpt lat="38.412462" lon="-119.667836"/>
      <trkpt lat="38.412784" lon="-119.667860"/>
      <trkpt lat="38.412872" lon="-119.667858"/>
      <trkpt lat="38.412982" lon="-119.667909"/>
      <trkpt lat="38.413290" lon="-119.667976"/>
      <trkpt lat="38.413774" lon="-119.667981"/>
      <trkpt lat="38.414095" lon="-119.668241"/>
      <trkpt lat="38.414196" lon="-119.668287"/>
      <trkpt lat="38.414287" lon="-119.668258"/>
      <trkpt lat="38.414341" lon="-119.668324"/>
      <trkpt lat="38.414358" lon="-119.668402"/>
      <trkpt lat="38.414430" lon="-119.668442"/>
      <trkpt lat="38.414579" lon="-119.668544"/>
      <trkpt lat="38.414671" lon="-119.668547"/>
      <trkpt lat="38.414991" lon="-119.668823"/>
      <trkpt lat="38.415112" lon="-119.668922"/>
      <trkpt lat="38.415194" lon="-119.668928"/>
      <trkpt lat="38.415264" lon="-119.669003"/>
      <trkpt lat="38.415379" lon="-119.669097"/>
      <trkpt lat="38.415405" lon="-119.669164"/>
      <trkpt lat="38.415451" lon="-119.669223"/>
      <trkpt lat="38.415525" lon="-119.669242"/>
      <trkpt lat="38.415604" lon="-119.669234"/>
      <trkpt lat="38.415747" lon="-119.669161"/>
      <trkpt lat="38.415831" lon="-119.669199"/>
      <trkpt lat="38.415926" lon="-119.669191"/>
      <trkpt lat="38.416002" lon="-119.669177"/>
      <trkpt lat="38.416092" lon="-119.669201"/>
      <trkpt lat="38.416304" lon="-119.669311"/>
      <trkpt lat="38.416428" lon="-119.669330"/>
      <trkpt lat="38.416500" lon="-119.669336"/>
      <trkpt lat="38.416584" lon="-119.669370"/>
      <trkpt lat="38.416806" lon="-119.669545"/>
      <trkpt lat="38.417010" lon="-119.669614"/>
      <trkpt lat="38.417117" lon="-119.669604"/>
      <trkpt lat="38.417317" lon="-119.669617"/>
      <trkpt lat="38.417437" lon="-119.669676"/>
      <trkpt lat="38.417651" lon="-119.669692"/>
      <trkpt lat="38.417773" lon="-119.669713"/>
      <trkpt lat="38.418025" lon="-119.669912"/>
      <trkpt lat="38.417930" lon="-119.669973"/>
      <trkpt lat="38.417753" lon="-119.669895"/>
      <trkpt lat="38.417655" lon="-119.669888"/>
      <trkpt lat="38.417494" lon="-119.669942"/>
      <trkpt lat="38.417424" lon="-119.669950"/>
      <trkpt lat="38.417338" lon="-119.669920"/>
      <trkpt lat="38.417275" lon="-119.669926"/>
      <trkpt lat="38.417206" lon="-119.669985"/>
      <trkpt lat="38.417086" lon="-119.670052"/>
      <trkpt lat="38.416947" lon="-119.670202"/>
      <trkpt lat="38.416882" lon="-119.670183"/>
      <trkpt lat="38.416769" lon="-119.670199"/>
      <trkpt lat="38.416619" lon="-119.670264"/>
      <trkpt lat="38.416470" lon="-119.670320"/>
      <trkpt lat="38.416155" lon="-119.670320"/>
      <trkpt lat="38.415995" lon="-119.670352"/>
      <trkpt lat="38.415829" lon="-119.670419"/>
      <trkpt lat="38.415693" lon="-119.670422"/>
      <trkpt lat="38.415588" lon="-119.670454"/>
      <trkpt lat="38.415489" lon="-119.670548"/>
      <trkpt lat="38.415398" lon="-119.670693"/>
      <trkpt lat="38.415323" lon="-119.670709"/>
      <trkpt lat="38.415245" lon="-119.670792"/>
      <trkpt lat="38.414995" lon="-119.671195"/>
      <trkpt lat="38.414921" lon="-119.671197"/>
      <trkpt lat="38.414898" lon="-119.671100"/>
      <trkpt lat="38.414762" lon="-119.670985"/>
      <trkpt lat="38.414713" lon="-119.670878"/>
      <trkpt lat="38.414696" lon="-119.670784"/>
      <trkpt lat="38.414661" lon="-119.670698"/>
      <trkpt lat="38.414606" lon="-119.670682"/>
      <trkpt lat="38.414572" lon="-119.670593"/>
      <trkpt lat="38.414526" lon="-119.670510"/>
      <trkpt lat="38.414461" lon="-119.670459"/>
      <trkpt lat="38.414392" lon="-119.670422"/>
      <trkpt lat="38.414232" lon="-119.670448"/>
      <trkpt lat="38.414175" lon="-119.670523"/>
      <trkpt lat="38.414209" lon="-119.670591"/>
      <trkpt lat="38.414295" lon="-119.670698"/>
      <trkpt lat="38.414312" lon="-119.670770"/>
      <trkpt lat="38.414289" lon="-119.670843"/>
      <trkpt lat="38.414274" lon="-119.670945"/>
      <trkpt lat="38.414280" lon="-119.671036"/>
      <trkpt lat="38.414358" lon="-119.671216"/>
      <trkpt lat="38.414385" lon="-119.671352"/>
      <trkpt lat="38.414438" lon="-119.671470"/>
      <trkpt lat="38.414490" lon="-119.671578"/>
      <trkpt lat="38.414650" lon="-119.671779"/>
      <trkpt lat="38.414730" lon="-119.671932"/>
      <trkpt lat="38.414749" lon="-119.672037"/>
      <trkpt lat="38.414783" lon="-119.672005"/>
      <trkpt lat="38.414795" lon="-119.672074"/>
      <trkpt lat="38.414881" lon="-119.672085"/>
      <trkpt lat="38.414949" lon="-119.672069"/>
      <trkpt lat="38.415026" lon="-119.671967"/>
      <trkpt lat="38.415108" lon="-119.671943"/>
      <trkpt lat="38.415253" lon="-119.671983"/>
      <trkpt lat="38.415508" lon="-119.671961"/>
      <trkpt lat="38.415680" lon="-119.671935"/>
      <trkpt lat="38.416008" lon="-119.671964"/>
      <trkpt lat="38.416193" lon="-119.671994"/>
      <trkpt lat="38.416290" lon="-119.671988"/>
      <trkpt lat="38.416401" lon="-119.671975"/>
      <trkpt lat="38.416519" lon="-119.671900"/>
      <trkpt lat="38.416732" lon="-119.671888"/>
      <trkpt lat="38.417048" lon="-119.672018"/>
      <trkpt lat="38.417075" lon="-119.672087"/>
      <trkpt lat="38.417002" lon="-119.672187"/>
      <trkpt lat="38.416939" lon="-119.672203"/>
      <trkpt lat="38.416855" lon="-119.672248"/>
      <trkpt lat="38.416773" lon="-119.672275"/>
      <trkpt lat="38.416668" lon="-119.672361"/>
      <trkpt lat="38.416592" lon="-119.672407"/>
      <trkpt lat="38.416537" lon="-119.672482"/>
      <trkpt lat="38.416557" lon="-119.672563"/>
      <trkpt lat="38.416647" lon="-119.672589"/>
      <trkpt lat="38.416876" lon="-119.672578"/>
      <trkpt lat="38.416993" lon="-119.672522"/>
      <trkpt lat="38.417087" lon="-119.672525"/>
      <trkpt lat="38.417332" lon="-119.672613"/>
      <trkpt lat="38.417550" lon="-119.672761"/>
      <trkpt lat="38.417706" lon="-119.672779"/>
      <trkpt lat="38.418057" lon="-119.672847"/>
      <trkpt lat="38.418145" lon="-119.672838"/>
      <trkpt lat="38.418265" lon="-119.672806"/>
      <trkpt lat="38.418452" lon="-119.672881"/>
      <trkpt lat="38.418647" lon="-119.672938"/>
      <trkpt lat="38.418763" lon="-119.672932"/>
      <trkpt lat="38.418900" lon="-119.672911"/>
      <trkpt lat="38.419017" lon="-119.672932"/>
      <trkpt lat="38.419108" lon="-119.673040"/>
      <trkpt lat="38.419299" lon="-119.673083"/>
      <trkpt lat="38.419616" lon="-119.673222"/>
      <trkpt lat="38.420482" lon="-119.673772"/>
      <trkpt lat="38.420555" lon="-119.673831"/>
      <trkpt lat="38.420677" lon="-119.673890"/>
      <trkpt lat="38.420858" lon="-119.674061"/>
      <trkpt lat="38.420972" lon="-119.674134"/>
      <trkpt lat="38.421098" lon="-119.674126"/>
      <trkpt lat="38.421261" lon="-119.674166"/>
      <trkpt lat="38.421467" lon="-119.674273"/>
      <trkpt lat="38.421619" lon="-119.674338"/>
      <trkpt lat="38.421766" lon="-119.674365"/>
      <trkpt lat="38.421999" lon="-119.674373"/>
      <trkpt lat="38.422226" lon="-119.674265"/>
      <trkpt lat="38.422474" lon="-119.674324"/>
      <trkpt lat="38.422657" lon="-119.674418"/>
      <trkpt lat="38.422741" lon="-119.674531"/>
      <trkpt lat="38.422808" lon="-119.674738"/>
      <trkpt lat="38.422896" lon="-119.674922"/>
      <trkpt lat="38.422962" lon="-119.675185"/>
      <trkpt lat="38.422970" lon="-119.675451"/>
      <trkpt lat="38.423018" lon="-119.675633"/>
      <trkpt lat="38.423256" lon="-119.675904"/>
      <trkpt lat="38.423352" lon="-119.676036"/>
      <trkpt lat="38.423451" lon="-119.676130"/>
      <trkpt lat="38.423714" lon="-119.676172"/>
      <trkpt lat="38.423872" lon="-119.676125"/>
      <trkpt lat="38.424088" lon="-119.676027"/>
      <trkpt lat="38.424254" lon="-119.676089"/>
      <trkpt lat="38.424345" lon="-119.676058"/>
      <trkpt lat="38.424481" lon="-119.676054"/>
      <trkpt lat="38.424617" lon="-119.675958"/>
      <trkpt lat="38.424790" lon="-119.675955"/>
      <trkpt lat="38.424933" lon="-119.675912"/>
      <trkpt lat="38.424996" lon="-119.675837"/>
      <trkpt lat="38.425157" lon="-119.675826"/>
      <trkpt lat="38.425647" lon="-119.675971"/>
      <trkpt lat="38.425983" lon="-119.676121"/>
      <trkpt lat="38.426341" lon="-119.676551"/>
      <trkpt lat="38.426538" lon="-119.676682"/>
      <trkpt lat="38.426557" lon="-119.676830"/>
      <trkpt lat="38.426557" lon="-119.676977"/>
      <trkpt lat="38.426586" lon="-119.677197"/>
      <trkpt lat="38.426626" lon="-119.677331"/>
      <trkpt lat="38.426691" lon="-119.677404"/>
      <trkpt lat="38.426803" lon="-119.677487"/>
      <trkpt lat="38.426914" lon="-119.677602"/>
      <trkpt lat="38.427324" lon="-119.677927"/>
      <trkpt lat="38.427431" lon="-119.678028"/>
      <trkpt lat="38.427593" lon="-119.678160"/>
      <trkpt lat="38.427652" lon="-119.678294"/>
      <trkpt lat="38.427708" lon="-119.678407"/>
      <trkpt lat="38.427815" lon="-119.678527"/>
      <trkpt lat="38.427931" lon="-119.678616"/>
      <trkpt lat="38.427973" lon="-119.678780"/>
      <trkpt lat="38.428045" lon="-119.678919"/>
      <trkpt lat="38.428112" lon="-119.679002"/>
      <trkpt lat="38.428250" lon="-119.679037"/>
      <trkpt lat="38.428520" lon="-119.679425"/>
      <trkpt lat="38.428730" lon="-119.679632"/>
      <trkpt lat="38.429055" lon="-119.680349"/>
      <trkpt lat="38.429133" lon="-119.680480"/>
      <trkpt lat="38.429232" lon="-119.680617"/>
      <trkpt lat="38.429398" lon="-119.680847"/>
      <trkpt lat="38.429580" lon="-119.680928"/>
      <trkpt lat="38.429825" lon="-119.681000"/>
      <trkpt lat="38.430122" lon="-119.681007"/>
      <trkpt lat="38.430513" lon="-119.681148"/>
      <trkpt lat="38.430635" lon="-119.681180"/>
      <trkpt lat="38.430854" lon="-119.681164"/>
      <trkpt lat="38.430959" lon="-119.681089"/>
      <trkpt lat="38.431252" lon="-119.681035"/>
      <trkpt lat="38.431434" lon="-119.680944"/>
      <trkpt lat="38.431603" lon="-119.680737"/>
      <trkpt lat="38.432039" lon="-119.680188"/>
      <trkpt lat="38.432203" lon="-119.680043"/>
      <trkpt lat="38.432300" lon="-119.679812"/>
      <trkpt lat="38.432434" lon="-119.679646"/>
      <trkpt lat="38.432567" lon="-119.679570"/>
      <trkpt lat="38.432983" lon="-119.679362"/>
      <trkpt lat="38.433232" lon="-119.679383"/>
      <trkpt lat="38.433350" lon="-119.679437"/>
      <trkpt lat="38.433493" lon="-119.679415"/>
      <trkpt lat="38.433747" lon="-119.679518"/>
      <trkpt lat="38.433948" lon="-119.679468"/>
      <trkpt lat="38.434265" lon="-119.679523"/>
      <trkpt lat="38.434560" lon="-119.679716"/>
      <trkpt lat="38.434768" lon="-119.679903"/>
      <trkpt lat="38.435212" lon="-119.680207"/>
      <trkpt lat="38.435388" lon="-119.680198"/>
      <trkpt lat="38.435477" lon="-119.680105"/>
      <trkpt lat="38.435702" lon="-119.679903"/>
      <trkpt lat="38.435908" lon="-119.679810"/>
      <trkpt lat="38.436006" lon="-119.679619"/>
      <trkpt lat="38.436028" lon="-119.679400"/>
      <trkpt lat="38.436052" lon="-119.679254"/>
      <trkpt lat="38.436136" lon="-119.679227"/>
      <trkpt lat="38.436214" lon="-119.679233"/>
      <trkpt lat="38.436289" lon="-119.679316"/>
      <trkpt lat="38.436365" lon="-119.679335"/>
      <trkpt lat="38.436462" lon="-119.679431"/>
      <trkpt lat="38.436625" lon="-119.679480"/>
      <trkpt lat="38.436690" lon="-119.679555"/>
      <trkpt lat="38.436749" lon="-119.679555"/>
      <trkpt lat="38.436880" lon="-119.679439"/>
      <trkpt lat="38.437070" lon="-119.679355"/>
      <trkpt lat="38.437140" lon="-119.679407"/>
      <trkpt lat="38.437180" lon="-119.679541"/>
      <trkpt lat="38.437224" lon="-119.679654"/>
      <trkpt lat="38.437304" lon="-119.679705"/>
      <trkpt lat="38.437436" lon="-119.679764"/>
      <trkpt lat="38.437567" lon="-119.679855"/>
      <trkpt lat="38.437623" lon="-119.679852"/>
      <trkpt lat="38.437678" lon="-119.679815"/>
      <trkpt lat="38.437738" lon="-119.679837"/>
      <trkpt lat="38.437825" lon="-119.679861"/>
      <trkpt lat="38.438012" lon="-119.679705"/>
      <trkpt lat="38.438107" lon="-119.679587"/>
      <trkpt lat="38.438212" lon="-119.679548"/>
      <trkpt lat="38.438348" lon="-119.679555"/>
      <trkpt lat="38.438488" lon="-119.679646"/>
      <trkpt lat="38.438558" lon="-119.679756"/>
      <trkpt lat="38.438655" lon="-119.679755"/>
      <trkpt lat="38.438838" lon="-119.679799"/>
      <trkpt lat="38.438972" lon="-119.679726"/>
      <trkpt lat="38.439031" lon="-119.679689"/>
      <trkpt lat="38.439077" lon="-119.679700"/>
      <trkpt lat="38.439067" lon="-119.679756"/>
      <trkpt lat="38.439023" lon="-119.679767"/>
      <trkpt lat="38.438993" lon="-119.679818"/>
      <trkpt lat="38.439012" lon="-119.679857"/>
      <trkpt lat="38.439012" lon="-119.679895"/>
      <trkpt lat="38.439042" lon="-119.679922"/>
      <trkpt lat="38.439059" lon="-119.679898"/>
      <trkpt lat="38.439084" lon="-119.679897"/>
      <trkpt lat="38.439135" lon="-119.680000"/>
      <trkpt lat="38.439161" lon="-119.680040"/>
      <trkpt lat="38.439196" lon="-119.680037"/>
      <trkpt lat="38.439240" lon="-119.680001"/>
      <trkpt lat="38.439332" lon="-119.679980"/>
      <trkpt lat="38.439361" lon="-119.679924"/>
      <trkpt lat="38.439392" lon="-119.679887"/>
      <trkpt lat="38.439458" lon="-119.679867"/>
      <trkpt lat="38.439518" lon="-119.679903"/>
      <trkpt lat="38.439636" lon="-119.679881"/>
      <trkpt lat="38.439712" lon="-119.679924"/>
      <trkpt lat="38.439806" lon="-119.679921"/>
      <trkpt lat="38.439843" lon="-119.679893"/>
      <trkpt lat="38.439917" lon="-119.679826"/>
      <trkpt lat="38.439941" lon="-119.679741"/>
      <trkpt lat="38.439984" lon="-119.679635"/>
      <trkpt lat="38.440016" lon="-119.679647"/>
      <trkpt lat="38.440023" lon="-119.679721"/>
      <trkpt lat="38.440061" lon="-119.679743"/>
      <trkpt lat="38.440099" lon="-119.679808"/>
      <trkpt lat="38.440178" lon="-119.679871"/>
      <trkpt lat="38.440238" lon="-119.679944"/>
      <trkpt lat="38.440304" lon="-119.679950"/>
      <trkpt lat="38.440335" lon="-119.679972"/>
      <trkpt lat="38.440352" lon="-119.680024"/>
      <trkpt lat="38.440354" lon="-119.680154"/>
      <trkpt lat="38.440366" lon="-119.680440"/>
      <trkpt lat="38.440382" lon="-119.680480"/>
      <trkpt lat="38.440427" lon="-119.680487"/>
      <trkpt lat="38.440502" lon="-119.680528"/>
      <trkpt lat="38.440534" lon="-119.680609"/>
      <trkpt lat="38.440528" lon="-119.680658"/>
      <trkpt lat="38.440643" lon="-119.680849"/>
      <trkpt lat="38.440685" lon="-119.680972"/>
      <trkpt lat="38.440727" lon="-119.681050"/>
      <trkpt lat="38.440868" lon="-119.681191"/>
      <trkpt lat="38.440875" lon="-119.681251"/>
      <trkpt lat="38.440913" lon="-119.681314"/>
      <trkpt lat="38.440921" lon="-119.681389"/>
      <trkpt lat="38.440903" lon="-119.681477"/>
      <trkpt lat="38.440918" lon="-119.681526"/>
      <trkpt lat="38.440953" lon="-119.681584"/>
      <trkpt lat="38.440964" lon="-119.681656"/>
      <trkpt lat="38.440945" lon="-119.681912"/>
      <trkpt lat="38.440904" lon="-119.681986"/>
      <trkpt lat="38.440905" lon="-119.682038"/>
      <trkpt lat="38.440897" lon="-119.682092"/>
      <trkpt lat="38.440962" lon="-119.682236"/>
      <trkpt lat="38.440981" lon="-119.682311"/>
      <trkpt lat="38.440977" lon="-119.682373"/>
      <trkpt lat="38.440882" lon="-119.682556"/>
      <trkpt lat="38.440808" lon="-119.682661"/>
      <trkpt lat="38.440762" lon="-119.682761"/>
      <trkpt lat="38.440728" lon="-119.682816"/>
      <trkpt lat="38.440720" lon="-119.682882"/>
      <trkpt lat="38.440722" lon="-119.682977"/>
      <trkpt lat="38.440716" lon="-119.683118"/>
      <trkpt lat="38.440694" lon="-119.683282"/>
      <trkpt lat="38.440703" lon="-119.683355"/>
      <trkpt lat="38.440726" lon="-119.683447"/>
      <trkpt lat="38.440717" lon="-119.683524"/>
      <trkpt lat="38.440683" lon="-119.683571"/>
      <trkpt lat="38.440659" lon="-119.683652"/>
      <trkpt lat="38.440643" lon="-119.683728"/>
      <trkpt lat="38.440642" lon="-119.683830"/>
      <trkpt lat="38.440641" lon="-119.683970"/>
      <trkpt lat="38.440662" lon="-119.684110"/>
      <trkpt lat="38.440718" lon="-119.684321"/>
      <trkpt lat="38.440728" lon="-119.684486"/>
      <trkpt lat="38.440774" lon="-119.684617"/>
      <trkpt lat="38.440822" lon="-119.684793"/>
      <trkpt lat="38.440807" lon="-119.684883"/>
      <trkpt lat="38.440804" lon="-119.684947"/>
      <trkpt lat="38.440829" lon="-119.685022"/>
      <trkpt lat="38.440829" lon="-119.685106"/>
      <trkpt lat="38.440784" lon="-119.685228"/>
      <trkpt lat="38.440761" lon="-119.685418"/>
      <trkpt lat="38.440747" lon="-119.685478"/>
      <trkpt lat="38.440721" lon="-119.685525"/>
      <trkpt lat="38.440706" lon="-119.685571"/>
      <trkpt lat="38.440708" lon="-119.685634"/>
      <trkpt lat="38.440686" lon="-119.685704"/>
      <trkpt lat="38.440692" lon="-119.685758"/>
      <trkpt lat="38.440785" lon="-119.685887"/>
      <trkpt lat="38.440806" lon="-119.685967"/>
      <trkpt lat="38.440812" lon="-119.686032"/>
      <trkpt lat="38.440795" lon="-119.686144"/>
      <trkpt lat="38.440761" lon="-119.686257"/>
      <trkpt lat="38.440754" lon="-119.686301"/>
      <trkpt lat="38.440757" lon="-119.686353"/>
      <trkpt lat="38.440849" lon="-119.686563"/>
      <trkpt lat="38.441026" lon="-119.686802"/>
      <trkpt lat="38.441094" lon="-119.686869"/>
      <trkpt lat="38.441199" lon="-119.686955"/>
      <trkpt lat="38.441375" lon="-119.687072"/>
      <trkpt lat="38.441456" lon="-119.687157"/>
      <trkpt lat="38.441524" lon="-119.687211"/>
      <trkpt lat="38.441561" lon="-119.687293"/>
      <trkpt lat="38.441597" lon="-119.687312"/>
      <trkpt lat="38.441653" lon="-119.687246"/>
      <trkpt lat="38.441719" lon="-119.687182"/>
      <trkpt lat="38.441805" lon="-119.687150"/>
      <trkpt lat="38.441835" lon="-119.687129"/>
      <trkpt lat="38.442208" lon="-119.687050"/>
      <trkpt lat="38.442282" lon="-119.687132"/>
      <trkpt lat="38.442305" lon="-119.687187"/>
      <trkpt lat="38.442368" lon="-119.687254"/>
      <trkpt lat="38.442403" lon="-119.687300"/>
      <trkpt lat="38.442440" lon="-119.687307"/>
      <trkpt lat="38.442556" lon="-119.687357"/>
      <trkpt lat="38.442746" lon="-119.687407"/>
      <trkpt lat="38.442940" lon="-119.687427"/>
      <trkpt lat="38.443059" lon="-119.687398"/>
      <trkpt lat="38.443195" lon="-119.687400"/>
      <trkpt lat="38.443327" lon="-119.687513"/>
      <trkpt lat="38.443457" lon="-119.687765"/>
      <trkpt lat="38.443630" lon="-119.687939"/>
      <trkpt lat="38.443670" lon="-119.688083"/>
      <trkpt lat="38.443653" lon="-119.688248"/>
      <trkpt lat="38.443578" lon="-119.688375"/>
      <trkpt lat="38.443544" lon="-119.688511"/>
      <trkpt lat="38.443550" lon="-119.688742"/>
      <trkpt lat="38.443405" lon="-119.689223"/>
      <trkpt lat="38.443394" lon="-119.689420"/>
      <trkpt lat="38.443319" lon="-119.689723"/>
      <trkpt lat="38.443320" lon="-119.689818"/>
      <trkpt lat="38.443380" lon="-119.690069"/>
      <trkpt lat="38.443525" lon="-119.690372"/>
      <trkpt lat="38.443575" lon="-119.690466"/>
      <trkpt lat="38.443544" lon="-119.690632"/>
      <trkpt lat="38.443588" lon="-119.690833"/>
      <trkpt lat="38.443663" lon="-119.690989"/>
      <trkpt lat="38.443697" lon="-119.691118"/>
      <trkpt lat="38.443741" lon="-119.691169"/>
      <trkpt lat="38.443798" lon="-119.691178"/>
      <trkpt lat="38.443869" lon="-119.691228"/>
      <trkpt lat="38.443855" lon="-119.691400"/>
      <trkpt lat="38.443792" lon="-119.691590"/>
      <trkpt lat="38.443709" lon="-119.691981"/>
      <trkpt lat="38.443623" lon="-119.692148"/>
      <trkpt lat="38.443588" lon="-119.692327"/>
      <trkpt lat="38.443568" lon="-119.692475"/>
      <trkpt lat="38.443293" lon="-119.692773"/>
      <trkpt lat="38.443212" lon="-119.692853"/>
      <trkpt lat="38.443159" lon="-119.692963"/>
      <trkpt lat="38.443123" lon="-119.693102"/>
      <trkpt lat="38.443098" lon="-119.693522"/>
      <trkpt lat="38.443088" lon="-119.693851"/>
      <trkpt lat="38.443037" lon="-119.694320"/>
      <trkpt lat="38.443080" lon="-119.694778"/>
      <trkpt lat="38.443012" lon="-119.695090"/>
      <trkpt lat="38.443050" lon="-119.695550"/>
      <trkpt lat="38.443016" lon="-119.695688"/>
      <trkpt lat="38.442997" lon="-119.695916"/>
      <trkpt lat="38.442953" lon="-119.696028"/>
      <trkpt lat="38.443004" lon="-119.696243"/>
      <trkpt lat="38.443004" lon="-119.696756"/>
      <trkpt lat="38.442985" lon="-119.697062"/>
      <trkpt lat="38.443008" lon="-119.697322"/>
      <trkpt lat="38.443020" lon="-119.697595"/>
      <trkpt lat="38.443130" lon="-119.697689"/>
      <trkpt lat="38.443260" lon="-119.697732"/>
      <trkpt lat="38.443695" lon="-119.697751"/>
      <trkpt lat="38.443836" lon="-119.697686"/>
      <trkpt lat="38.444001" lon="-119.697652"/>
      <trkpt lat="38.444153" lon="-119.697627"/>
      <trkpt lat="38.444361" lon="-119.697694"/>
      <trkpt lat="38.444595" lon="-119.697705"/>
      <trkpt lat="38.444692" lon="-119.697865"/>
      <trkpt lat="38.444794" lon="-119.697939"/>
      <trkpt lat="38.444913" lon="-119.697973"/>
      <trkpt lat="38.445043" lon="-119.697903"/>
      <trkpt lat="38.445100" lon="-119.697976"/>
      <trkpt lat="38.445119" lon="-119.698070"/>
      <trkpt lat="38.445182" lon="-119.698103"/>
      <trkpt lat="38.445277" lon="-119.698140"/>
      <trkpt lat="38.445382" lon="-119.698137"/>
      <trkpt lat="38.445495" lon="-119.698153"/>
      <trkpt lat="38.445548" lon="-119.698282"/>
      <trkpt lat="38.445670" lon="-119.698456"/>
      <trkpt lat="38.445764" lon="-119.698515"/>
      <trkpt lat="38.445920" lon="-119.698539"/>
      <trkpt lat="38.445998" lon="-119.698512"/>
      <trkpt lat="38.446449" lon="-119.698797"/>
      <trkpt lat="38.446646" lon="-119.698888"/>
      <trkpt lat="38.446730" lon="-119.698909"/>
      <trkpt lat="38.446798" lon="-119.698816"/>
      <trkpt lat="38.446854" lon="-119.698845"/>
      <trkpt lat="38.446917" lon="-119.698899"/>
      <trkpt lat="38.447037" lon="-119.698838"/>
      <trkpt lat="38.447064" lon="-119.698888"/>
      <trkpt lat="38.446988" lon="-119.699092"/>
      <trkpt lat="38.446890" lon="-119.699253"/>
      <trkpt lat="38.446745" lon="-119.699612"/>
      <trkpt lat="38.446663" lon="-119.699835"/>
      <trkpt lat="38.446638" lon="-119.699926"/>
      <trkpt lat="38.446634" lon="-119.700119"/>
      <trkpt lat="38.446567" lon="-119.700300"/>
      <trkpt lat="38.446499" lon="-119.700403"/>
      <trkpt lat="38.446298" lon="-119.700581"/>
      <trkpt lat="38.446248" lon="-119.700702"/>
      <trkpt lat="38.446085" lon="-119.700765"/>
      <trkpt lat="38.446008" lon="-119.700825"/>
      <trkpt lat="38.445930" lon="-119.700916"/>
      <trkpt lat="38.445909" lon="-119.701034"/>
      <trkpt lat="38.445915" lon="-119.701281"/>
      <trkpt lat="38.445985" lon="-119.701710"/>
      <trkpt lat="38.446037" lon="-119.701844"/>
      <trkpt lat="38.446277" lon="-119.702032"/>
      <trkpt lat="38.446421" lon="-119.702182"/>
      <trkpt lat="38.446703" lon="-119.702423"/>
      <trkpt lat="38.446814" lon="-119.702496"/>
      <trkpt lat="38.446967" lon="-119.702507"/>
      <trkpt lat="38.447119" lon="-119.702581"/>
      <trkpt lat="38.447397" lon="-119.702627"/>
      <trkpt lat="38.447538" lon="-119.702605"/>
      <trkpt lat="38.447676" lon="-119.702670"/>
      <trkpt lat="38.447737" lon="-119.702725"/>
      <trkpt lat="38.447890" lon="-119.702748"/>
      <trkpt lat="38.448081" lon="-119.702699"/>
      <trkpt lat="38.448237" lon="-119.702702"/>
      <trkpt lat="38.448348" lon="-119.702624"/>
      <trkpt lat="38.448455" lon="-119.702472"/>
      <trkpt lat="38.448554" lon="-119.702407"/>
      <trkpt lat="38.448690" lon="-119.702342"/>
      <trkpt lat="38.448810" lon="-119.702321"/>
      <trkpt lat="38.449058" lon="-119.702338"/>
      <trkpt lat="38.449258" lon="-119.702252"/>
      <trkpt lat="38.449423" lon="-119.702236"/>
      <trkpt lat="38.449688" lon="-119.702233"/>
      <trkpt lat="38.450190" lon="-119.701912"/>
      <trkpt lat="38.450482" lon="-119.701817"/>
      <trkpt lat="38.450715" lon="-119.701632"/>
      <trkpt lat="38.451410" lon="-119.701298"/>
      <trkpt lat="38.451872" lon="-119.700932"/>
      <trkpt lat="38.452875" lon="-119.700442"/>
      <trkpt lat="38.452950" lon="-119.700449"/>
      <trkpt lat="38.452983" lon="-119.700547"/>
      <trkpt lat="38.453076" lon="-119.700884"/>
      <trkpt lat="38.453173" lon="-119.701136"/>
      <trkpt lat="38.453316" lon="-119.701484"/>
      <trkpt lat="38.453156" lon="-119.701833"/>
      <trkpt lat="38.453120" lon="-119.702032"/>
      <trkpt lat="38.453127" lon="-119.702482"/>
      <trkpt lat="38.453110" lon="-119.702653"/>
      <trkpt lat="38.452988" lon="-119.702772"/>
      <trkpt lat="38.452837" lon="-119.702852"/>
      <trkpt lat="38.452797" lon="-119.702960"/>
      <trkpt lat="38.452838" lon="-119.703183"/>
      <trkpt lat="38.452797" lon="-119.703517"/>
      <trkpt lat="38.452738" lon="-119.703652"/>
      <trkpt lat="38.452545" lon="-119.703790"/>
      <trkpt lat="38.452470" lon="-119.704033"/>
      <trkpt lat="38.452380" lon="-119.704073"/>
      <trkpt lat="38.452355" lon="-119.703948"/>
      <trkpt lat="38.452243" lon="-119.703943"/>
      <trkpt lat="38.452173" lon="-119.703786"/>
      <trkpt lat="38.452102" lon="-119.703775"/>
      <trkpt lat="38.452026" lon="-119.703818"/>
      <trkpt lat="38.451959" lon="-119.704032"/>
      <trkpt lat="38.451908" lon="-119.704172"/>
      <trkpt lat="38.451757" lon="-119.704247"/>
      <trkpt lat="38.451583" lon="-119.704208"/>
      <trkpt lat="38.451392" lon="-119.704236"/>
      <trkpt lat="38.451232" lon="-119.704378"/>
      <trkpt lat="38.451148" lon="-119.704462"/>
      <trkpt lat="38.451083" lon="-119.704665"/>
      <trkpt lat="38.450976" lon="-119.704725"/>
      <trkpt lat="38.450896" lon="-119.704762"/>
      <trkpt lat="38.450803" lon="-119.704912"/>
      <trkpt lat="38.450715" lon="-119.705105"/>
      <trkpt lat="38.450602" lon="-119.705374"/>
      <trkpt lat="38.450526" lon="-119.705433"/>
      <trkpt lat="38.450459" lon="-119.705508"/>
      <trkpt lat="38.450413" lon="-119.705665"/>
      <trkpt lat="38.450398" lon="-119.706250"/>
      <trkpt lat="38.450446" lon="-119.706446"/>
      <trkpt lat="38.450568" lon="-119.706736"/>
      <trkpt lat="38.450673" lon="-119.706920"/>
      <trkpt lat="38.450703" lon="-119.707100"/>
      <trkpt lat="38.450565" lon="-119.707403"/>
      <trkpt lat="38.450565" lon="-119.708133"/>
      <trkpt lat="38.450517" lon="-119.708612"/>
      <trkpt lat="38.450589" lon="-119.708812"/>
      <trkpt lat="38.450682" lon="-119.709022"/>
      <trkpt lat="38.450762" lon="-119.709233"/>
      <trkpt lat="38.451225" lon="-119.709518"/>
      <trkpt lat="38.451478" lon="-119.709743"/>
      <trkpt lat="38.451582" lon="-119.710025"/>
      <trkpt lat="38.451783" lon="-119.710348"/>
      <trkpt lat="38.451833" lon="-119.710513"/>
      <trkpt lat="38.451802" lon="-119.710652"/>
      <trkpt lat="38.451557" lon="-119.711082"/>
      <trkpt lat="38.451392" lon="-119.711242"/>
      <trkpt lat="38.451173" lon="-119.711613"/>
      <trkpt lat="38.450778" lon="-119.711999"/>
      <trkpt lat="38.450673" lon="-119.712143"/>
      <trkpt lat="38.450522" lon="-119.712444"/>
      <trkpt lat="38.450320" lon="-119.712744"/>
      <trkpt lat="38.450098" lon="-119.712841"/>
      <trkpt lat="38.449955" lon="-119.712929"/>
      <trkpt lat="38.449902" lon="-119.713031"/>
      <trkpt lat="38.449831" lon="-119.713098"/>
      <trkpt lat="38.449795" lon="-119.713216"/>
      <trkpt lat="38.449690" lon="-119.713241"/>
      <trkpt lat="38.449635" lon="-119.713286"/>
      <trkpt lat="38.449541" lon="-119.713453"/>
      <trkpt lat="38.449422" lon="-119.713488"/>
      <trkpt lat="38.449318" lon="-119.713683"/>
      <trkpt lat="38.449210" lon="-119.713872"/>
      <trkpt lat="38.449125" lon="-119.714311"/>
      <trkpt lat="38.449144" lon="-119.714434"/>
      <trkpt lat="38.449097" lon="-119.714505"/>
      <trkpt lat="38.449028" lon="-119.714515"/>
      <trkpt lat="38.448970" lon="-119.714627"/>
      <trkpt lat="38.448913" lon="-119.714713"/>
      <trkpt lat="38.448818" lon="-119.714740"/>
      <trkpt lat="38.448772" lon="-119.714794"/>
      <trkpt lat="38.448739" lon="-119.714890"/>
      <trkpt lat="38.448709" lon="-119.714992"/>
      <trkpt lat="38.448722" lon="-119.715078"/>
      <trkpt lat="38.448896" lon="-119.715738"/>
      <trkpt lat="38.448918" lon="-119.715880"/>
      <trkpt lat="38.448942" lon="-119.716183"/>
      <trkpt lat="38.448930" lon="-119.716294"/>
      <trkpt lat="38.448806" lon="-119.716769"/>
      <trkpt lat="38.448733" lon="-119.716965"/>
      <trkpt lat="38.448650" lon="-119.717052"/>
      <trkpt lat="38.448178" lon="-119.717258"/>
      <trkpt lat="38.447943" lon="-119.717420"/>
      <trkpt lat="38.447690" lon="-119.717712"/>
      <trkpt lat="38.447611" lon="-119.717722"/>
      <trkpt lat="38.447497" lon="-119.717722"/>
      <trkpt lat="38.447337" lon="-119.717873"/>
      <trkpt lat="38.447258" lon="-119.718023"/>
      <trkpt lat="38.447224" lon="-119.718205"/>
      <trkpt lat="38.447220" lon="-119.718425"/>
      <trkpt lat="38.447119" lon="-119.718554"/>
      <trkpt lat="38.446952" lon="-119.718753"/>
      <trkpt lat="38.446816" lon="-119.719053"/>
      <trkpt lat="38.446682" lon="-119.719214"/>
      <trkpt lat="38.446669" lon="-119.719353"/>
      <trkpt lat="38.446665" lon="-119.719557"/>
      <trkpt lat="38.446745" lon="-119.719667"/>
      <trkpt lat="38.446938" lon="-119.719843"/>
      <trkpt lat="38.447382" lon="-119.720555"/>
      <trkpt lat="38.447564" lon="-119.720630"/>
      <trkpt lat="38.447770" lon="-119.720802"/>
      <trkpt lat="38.447833" lon="-119.720828"/>
      <trkpt lat="38.448341" lon="-119.720812"/>
      <trkpt lat="38.448507" lon="-119.720837"/>
      <trkpt lat="38.448652" lon="-119.720877"/>
      <trkpt lat="38.448747" lon="-119.720952"/>
      <trkpt lat="38.448808" lon="-119.721081"/>
      <trkpt lat="38.448871" lon="-119.721290"/>
      <trkpt lat="38.448908" lon="-119.721493"/>
      <trkpt lat="38.448913" lon="-119.721751"/>
      <trkpt lat="38.448934" lon="-119.721918"/>
      <trkpt lat="38.448993" lon="-119.722068"/>
      <trkpt lat="38.449039" lon="-119.722256"/>
      <trkpt lat="38.449018" lon="-119.722347"/>
      <trkpt lat="38.448993" lon="-119.722416"/>
      <trkpt lat="38.448938" lon="-119.722508"/>
      <trkpt lat="38.448925" lon="-119.722618"/>
      <trkpt lat="38.449025" lon="-119.722898"/>
      <trkpt lat="38.449193" lon="-119.723138"/>
      <trkpt lat="38.449532" lon="-119.723253"/>
      <trkpt lat="38.449767" lon="-119.723415"/>
      <trkpt lat="38.450223" lon="-119.723450"/>
      <trkpt lat="38.450422" lon="-119.723343"/>
      <trkpt lat="38.450847" lon="-119.723290"/>
      <trkpt lat="38.451087" lon="-119.723128"/>
      <trkpt lat="38.451587" lon="-119.723007"/>
      <trkpt lat="38.451783" lon="-119.723015"/>
      <trkpt lat="38.451805" lon="-119.723057"/>
      <trkpt lat="38.451816" lon="-119.723127"/>
      <trkpt lat="38.451801" lon="-119.723186"/>
      <trkpt lat="38.451810" lon="-119.723251"/>
      <trkpt lat="38.451862" lon="-119.723296"/>
      <trkpt lat="38.451910" lon="-119.723310"/>
      <trkpt lat="38.451988" lon="-119.723315"/>
      <trkpt lat="38.452068" lon="-119.723436"/>
      <trkpt lat="38.452085" lon="-119.723529"/>
      <trkpt lat="38.452080" lon="-119.723622"/>
      <trkpt lat="38.452116" lon="-119.723680"/>
      <trkpt lat="38.452213" lon="-119.723731"/>
      <trkpt lat="38.452285" lon="-119.723787"/>
      <trkpt lat="38.452752" lon="-119.724407"/>
      <trkpt lat="38.453157" lon="-119.724702"/>
      <trkpt lat="38.453209" lon="-119.724782"/>
      <trkpt lat="38.453298" lon="-119.724920"/>
      <trkpt lat="38.453405" lon="-119.724930"/>
      <trkpt lat="38.453648" lon="-119.724820"/>
      <trkpt lat="38.453908" lon="-119.724809"/>
      <trkpt lat="38.454318" lon="-119.724655"/>
      <trkpt lat="38.454891" lon="-119.724321"/>
      <trkpt lat="38.455118" lon="-119.724240"/>
      <trkpt lat="38.455357" lon="-119.724272"/>
      <trkpt lat="38.455546" lon="-119.724439"/>
      <trkpt lat="38.455551" lon="-119.724610"/>
      <trkpt lat="38.455567" lon="-119.724739"/>
      <trkpt lat="38.455618" lon="-119.724809"/>
      <trkpt lat="38.455761" lon="-119.724830"/>
      <trkpt lat="38.455987" lon="-119.724766"/>
      <trkpt lat="38.456228" lon="-119.724760"/>
      <trkpt lat="38.456491" lon="-119.724948"/>
      <trkpt lat="38.456632" lon="-119.725077"/>
      <trkpt lat="38.456954" lon="-119.725270"/>
      <trkpt lat="38.457127" lon="-119.725488"/>
      <trkpt lat="38.457483" lon="-119.725923"/>
      <trkpt lat="38.457692" lon="-119.726507"/>
      <trkpt lat="38.457908" lon="-119.726842"/>
      <trkpt lat="38.458047" lon="-119.727325"/>
      <trkpt lat="38.458258" lon="-119.727282"/>
      <trkpt lat="38.458387" lon="-119.727102"/>
      <trkpt lat="38.458838" lon="-119.726825"/>
      <trkpt lat="38.459135" lon="-119.726805"/>
      <trkpt lat="38.459232" lon="-119.726798"/>
      <trkpt lat="38.459431" lon="-119.726693"/>
      <trkpt lat="38.459577" lon="-119.726617"/>
      <trkpt lat="38.459962" lon="-119.726597"/>
      <trkpt lat="38.460192" lon="-119.726760"/>
      <trkpt lat="38.460663" lon="-119.726933"/>
      <trkpt lat="38.461005" lon="-119.726738"/>
      <trkpt lat="38.461295" lon="-119.726148"/>
      <trkpt lat="38.461657" lon="-119.725757"/>
      <trkpt lat="38.461865" lon="-119.725453"/>
      <trkpt lat="38.462030" lon="-119.725037"/>
      <trkpt lat="38.462315" lon="-119.724672"/>
      <trkpt lat="38.462520" lon="-119.724240"/>
      <trkpt lat="38.462710" lon="-119.723660"/>
      <trkpt lat="38.462660" lon="-119.722242"/>
      <trkpt lat="38.462705" lon="-119.721080"/>
      <trkpt lat="38.462628" lon="-119.719997"/>
      <trkpt lat="38.462737" lon="-119.719383"/>
      <trkpt lat="38.462923" lon="-119.718973"/>
      <trkpt lat="38.463247" lon="-119.718530"/>
      <trkpt lat="38.463603" lon="-119.718327"/>
      <trkpt lat="38.463963" lon="-119.718325"/>
      <trkpt lat="38.464608" lon="-119.718648"/>
      <trkpt lat="38.465347" lon="-119.718678"/>
      <trkpt lat="38.465518" lon="-119.718902"/>
      <trkpt lat="38.465545" lon="-119.719253"/>
      <trkpt lat="38.465528" lon="-119.719383"/>
      <trkpt lat="38.465335" lon="-119.719680"/>
      <trkpt lat="38.465440" lon="-119.720265"/>
      <trkpt lat="38.465615" lon="-119.720712"/>
      <trkpt lat="38.465667" lon="-119.720962"/>
      <trkpt lat="38.466177" lon="-119.721450"/>
      <trkpt lat="38.466197" lon="-119.721920"/>
      <trkpt lat="38.466062" lon="-119.722337"/>
      <trkpt lat="38.466370" lon="-119.722718"/>
      <trkpt lat="38.466677" lon="-119.722918"/>
      <trkpt lat="38.467050" lon="-119.723038"/>
      <trkpt lat="38.467370" lon="-119.722860"/>
      <trkpt lat="38.467473" lon="-119.722965"/>
      <trkpt lat="38.467523" lon="-119.723153"/>
      <trkpt lat="38.467782" lon="-119.723583"/>
      <trkpt lat="38.468218" lon="-119.724103"/>
      <trkpt lat="38.468365" lon="-119.724585"/>
      <trkpt lat="38.468677" lon="-119.724762"/>
      <trkpt lat="38.468990" lon="-119.725083"/>
      <trkpt lat="38.469428" lon="-119.725158"/>
      <trkpt lat="38.469618" lon="-119.725242"/>
      <trkpt lat="38.469687" lon="-119.725352"/>
      <trkpt lat="38.469673" lon="-119.725510"/>
      <trkpt lat="38.469777" lon="-119.725800"/>
      <trkpt lat="38.469758" lon="-119.725908"/>
      <trkpt lat="38.469622" lon="-119.726093"/>
      <trkpt lat="38.469538" lon="-119.726322"/>
      <trkpt lat="38.469540" lon="-119.726532"/>
      <trkpt lat="38.469583" lon="-119.726712"/>
      <trkpt lat="38.469772" lon="-119.726862"/>
      <trkpt lat="38.469848" lon="-119.727185"/>
      <trkpt lat="38.470008" lon="-119.727277"/>
      <trkpt lat="38.470118" lon="-119.727442"/>
      <trkpt lat="38.470297" lon="-119.727458"/>
      <trkpt lat="38.470538" lon="-119.727655"/>
      <trkpt lat="38.470785" lon="-119.727781"/>
      <trkpt lat="38.471037" lon="-119.728158"/>
      <trkpt lat="38.471300" lon="-119.728180"/>
      <trkpt lat="38.471622" lon="-119.728053"/>
      <trkpt lat="38.471850" lon="-119.728097"/>
      <trkpt lat="38.471970" lon="-119.728260"/>
      <trkpt lat="38.472022" lon="-119.728527"/>
      <trkpt lat="38.472250" lon="-119.728485"/>
      <trkpt lat="38.472452" lon="-119.728552"/>
      <trkpt lat="38.472607" lon="-119.728740"/>
      <trkpt lat="38.472938" lon="-119.728892"/>
      <trkpt lat="38.473197" lon="-119.728812"/>
      <trkpt lat="38.473403" lon="-119.728618"/>
      <trkpt lat="38.473913" lon="-119.728780"/>
      <trkpt lat="38.474258" lon="-119.728983"/>
      <trkpt lat="38.474758" lon="-119.729055"/>
      <trkpt lat="38.474858" lon="-119.729022"/>
      <trkpt lat="38.475112" lon="-119.728607"/>
      <trkpt lat="38.475278" lon="-119.728445"/>
      <trkpt lat="38.475372" lon="-119.728402"/>
      <trkpt lat="38.475520" lon="-119.728430"/>
      <trkpt lat="38.475728" lon="-119.728957"/>
      <trkpt lat="38.475745" lon="-119.729275"/>
      <trkpt lat="38.475847" lon="-119.729360"/>
      <trkpt lat="38.475972" lon="-119.729575"/>
      <trkpt lat="38.476072" lon="-119.730152"/>
      <trkpt lat="38.476193" lon="-119.730390"/>
      <trkpt lat="38.476415" lon="-119.730675"/>
      <trkpt lat="38.476767" lon="-119.730972"/>
      <trkpt lat="38.477045" lon="-119.731398"/>
      <trkpt lat="38.477072" lon="-119.731521"/>
      <trkpt lat="38.477138" lon="-119.731820"/>
      <trkpt lat="38.477440" lon="-119.732147"/>
      <trkpt lat="38.477537" lon="-119.732377"/>
      <trkpt lat="38.477863" lon="-119.732428"/>
      <trkpt lat="38.478007" lon="-119.732653"/>
      <trkpt lat="38.478438" lon="-119.732740"/>
      <trkpt lat="38.479190" lon="-119.733223"/>
      <trkpt lat="38.479517" lon="-119.733535"/>
      <trkpt lat="38.479725" lon="-119.733610"/>
      <trkpt lat="38.479932" lon="-119.733835"/>
      <trkpt lat="38.480362" lon="-119.734598"/>
      <trkpt lat="38.480533" lon="-119.734800"/>
      <trkpt lat="38.480777" lon="-119.734943"/>
      <trkpt lat="38.481016" lon="-119.734983"/>
      <trkpt lat="38.481507" lon="-119.735317"/>
      <trkpt lat="38.481832" lon="-119.735447"/>
      <trkpt lat="38.482092" lon="-119.735810"/>
      <trkpt lat="38.482825" lon="-119.735978"/>
      <trkpt lat="38.483145" lon="-119.735790"/>
      <trkpt lat="38.483672" lon="-119.735855"/>
      <trkpt lat="38.484062" lon="-119.735573"/>
      <trkpt lat="38.484538" lon="-119.735547"/>
      <trkpt lat="38.484910" lon="-119.735643"/>
      <trkpt lat="38.485127" lon="-119.735580"/>
      <trkpt lat="38.485763" lon="-119.735718"/>
      <trkpt lat="38.486058" lon="-119.735985"/>
      <trkpt lat="38.486372" lon="-119.736173"/>
      <trkpt lat="38.486433" lon="-119.736295"/>
      <trkpt lat="38.486473" lon="-119.736648"/>
      <trkpt lat="38.486425" lon="-119.737157"/>
      <trkpt lat="38.486290" lon="-119.737577"/>
      <trkpt lat="38.486100" lon="-119.737787"/>
      <trkpt lat="38.485642" lon="-119.737977"/>
      <trkpt lat="38.483975" lon="-119.738342"/>
      <trkpt lat="38.482828" lon="-119.738368"/>
      <trkpt lat="38.482363" lon="-119.738437"/>
      <trkpt lat="38.482137" lon="-119.738300"/>
      <trkpt lat="38.481737" lon="-119.738327"/>
      <trkpt lat="38.481298" lon="-119.738908"/>
      <trkpt lat="38.481190" lon="-119.739120"/>
      <trkpt lat="38.481137" lon="-119.739113"/>
      <trkpt lat="38.481082" lon="-119.739232"/>
      <trkpt lat="38.480833" lon="-119.739495"/>
      <trkpt lat="38.480637" lon="-119.739637"/>
      <trkpt lat="38.480468" lon="-119.739955"/>
      <trkpt lat="38.480505" lon="-119.739988"/>
      <trkpt lat="38.480900" lon="-119.739815"/>
      <trkpt lat="38.481422" lon="-119.739785"/>
      <trkpt lat="38.481530" lon="-119.739763"/>
      <trkpt lat="38.481607" lon="-119.739741"/>
      <trkpt lat="38.481918" lon="-119.739723"/>
      <trkpt lat="38.482333" lon="-119.739733"/>
      <trkpt lat="38.482927" lon="-119.739957"/>
      <trkpt lat="38.482768" lon="-119.740150"/>
      <trkpt lat="38.482372" lon="-119.740397"/>
      <trkpt lat="38.482120" lon="-119.740645"/>
      <trkpt lat="38.481122" lon="-119.741308"/>
      <trkpt lat="38.481158" lon="-119.741450"/>
      <trkpt lat="38.481160" lon="-119.741927"/>
      <trkpt lat="38.480875" lon="-119.742250"/>
      <trkpt lat="38.480792" lon="-119.742550"/>
      <trkpt lat="38.480888" lon="-119.742998"/>
      <trkpt lat="38.480715" lon="-119.743240"/>
      <trkpt lat="38.480580" lon="-119.743555"/>
      <trkpt lat="38.480343" lon="-119.743528"/>
      <trkpt lat="38.480218" lon="-119.743550"/>
      <trkpt lat="38.480249" lon="-119.743660"/>
      <trkpt lat="38.480174" lon="-119.743716"/>
      <trkpt lat="38.480295" lon="-119.743853"/>
      <trkpt lat="38.480295" lon="-119.743892"/>
      <trkpt lat="38.480266" lon="-119.743993"/>
      <trkpt lat="38.480218" lon="-119.744071"/>
      <trkpt lat="38.480216" lon="-119.744176"/>
      <trkpt lat="38.480235" lon="-119.744258"/>
      <trkpt lat="38.480389" lon="-119.744345"/>
      <trkpt lat="38.480650" lon="-119.744637"/>
      <trkpt lat="38.480685" lon="-119.744755"/>
      <trkpt lat="38.480693" lon="-119.744845"/>
      <trkpt lat="38.480725" lon="-119.744911"/>
      <trkpt lat="38.480881" lon="-119.745096"/>
      <trkpt lat="38.480924" lon="-119.745230"/>
      <trkpt lat="38.480967" lon="-119.745284"/>
      <trkpt lat="38.481049" lon="-119.745305"/>
      <trkpt lat="38.481089" lon="-119.745348"/>
      <trkpt lat="38.481089" lon="-119.745448"/>
      <trkpt lat="38.481124" lon="-119.745502"/>
      <trkpt lat="38.481207" lon="-119.745561"/>
      <trkpt lat="38.481255" lon="-119.745652"/>
      <trkpt lat="38.481386" lon="-119.745839"/>
      <trkpt lat="38.481463" lon="-119.745865"/>
      <trkpt lat="38.481554" lon="-119.746090"/>
      <trkpt lat="38.481563" lon="-119.746157"/>
      <trkpt lat="38.481560" lon="-119.746323"/>
      <trkpt lat="38.481520" lon="-119.746437"/>
      <trkpt lat="38.481516" lon="-119.746520"/>
      <trkpt lat="38.481579" lon="-119.746654"/>
      <trkpt lat="38.481578" lon="-119.746745"/>
      <trkpt lat="38.481555" lon="-119.746866"/>
      <trkpt lat="38.481528" lon="-119.747122"/>
      <trkpt lat="38.481612" lon="-119.747230"/>
      <trkpt lat="38.481729" lon="-119.747291"/>
      <trkpt lat="38.481789" lon="-119.747366"/>
      <trkpt lat="38.481818" lon="-119.747437"/>
      <trkpt lat="38.481803" lon="-119.747517"/>
      <trkpt lat="38.481734" lon="-119.747624"/>
      <trkpt lat="38.481733" lon="-119.747692"/>
      <trkpt lat="38.481781" lon="-119.747738"/>
      <trkpt lat="38.481910" lon="-119.747807"/>
      <trkpt lat="38.482093" lon="-119.747878"/>
      <trkpt lat="38.482099" lon="-119.748048"/>
      <trkpt lat="38.482067" lon="-119.748212"/>
      <trkpt lat="38.482074" lon="-119.748541"/>
      <trkpt lat="38.482095" lon="-119.748809"/>
      <trkpt lat="38.482040" lon="-119.748943"/>
      <trkpt lat="38.481910" lon="-119.748954"/>
      <trkpt lat="38.481870" lon="-119.748986"/>
      <trkpt lat="38.481864" lon="-119.749083"/>
      <trkpt lat="38.481967" lon="-119.749182"/>
      <trkpt lat="38.482093" lon="-119.749330"/>
      <trkpt lat="38.482102" lon="-119.749450"/>
      <trkpt lat="38.482026" lon="-119.749587"/>
      <trkpt lat="38.481935" lon="-119.749716"/>
      <trkpt lat="38.481897" lon="-119.749863"/>
      <trkpt lat="38.481931" lon="-119.750167"/>
      <trkpt lat="38.481950" lon="-119.750278"/>
      <trkpt lat="38.482110" lon="-119.750340"/>
      <trkpt lat="38.482219" lon="-119.750338"/>
      <trkpt lat="38.482338" lon="-119.750274"/>
      <trkpt lat="38.482439" lon="-119.750156"/>
      <trkpt lat="38.482494" lon="-119.750126"/>
      <trkpt lat="38.482605" lon="-119.750148"/>
      <trkpt lat="38.482667" lon="-119.750155"/>
      <trkpt lat="38.482771" lon="-119.750255"/>
      <trkpt lat="38.482811" lon="-119.750440"/>
      <trkpt lat="38.482893" lon="-119.750582"/>
      <trkpt lat="38.482912" lon="-119.750758"/>
      <trkpt lat="38.482895" lon="-119.750864"/>
      <trkpt lat="38.482916" lon="-119.750934"/>
      <trkpt lat="38.483010" lon="-119.750926"/>
      <trkpt lat="38.483180" lon="-119.750923"/>
      <trkpt lat="38.483388" lon="-119.750936"/>
      <trkpt lat="38.483580" lon="-119.750948"/>
      <trkpt lat="38.483917" lon="-119.751009"/>
      <trkpt lat="38.484158" lon="-119.751062"/>
      <trkpt lat="38.484253" lon="-119.751116"/>
      <trkpt lat="38.484585" lon="-119.751121"/>
      <trkpt lat="38.484838" lon="-119.751167"/>
      <trkpt lat="38.485033" lon="-119.751312"/>
      <trkpt lat="38.485222" lon="-119.751732"/>
      <trkpt lat="38.485233" lon="-119.752083"/>
      <trkpt lat="38.484817" lon="-119.752995"/>
      <trkpt lat="38.484848" lon="-119.753427"/>
      <trkpt lat="38.484795" lon="-119.753698"/>
      <trkpt lat="38.484854" lon="-119.753954"/>
      <trkpt lat="38.484912" lon="-119.754365"/>
      <trkpt lat="38.485208" lon="-119.754585"/>
      <trkpt lat="38.485338" lon="-119.754608"/>
      <trkpt lat="38.485440" lon="-119.754558"/>
      <trkpt lat="38.485695" lon="-119.754248"/>
      <trkpt lat="38.485975" lon="-119.754335"/>
      <trkpt lat="38.486122" lon="-119.754469"/>
      <trkpt lat="38.486848" lon="-119.754712"/>
      <trkpt lat="38.487103" lon="-119.754720"/>
      <trkpt lat="38.487226" lon="-119.754707"/>
      <trkpt lat="38.487408" lon="-119.754623"/>
      <trkpt lat="38.487448" lon="-119.754623"/>
      <trkpt lat="38.487435" lon="-119.754721"/>
      <trkpt lat="38.487362" lon="-119.754903"/>
      <trkpt lat="38.487342" lon="-119.755153"/>
      <trkpt lat="38.487362" lon="-119.755272"/>
      <trkpt lat="38.487330" lon="-119.755399"/>
      <trkpt lat="38.487305" lon="-119.755577"/>
      <trkpt lat="38.487177" lon="-119.755747"/>
      <trkpt lat="38.487180" lon="-119.755870"/>
      <trkpt lat="38.487090" lon="-119.756128"/>
      <trkpt lat="38.487046" lon="-119.756564"/>
      <trkpt lat="38.486907" lon="-119.756955"/>
      <trkpt lat="38.486722" lon="-119.757577"/>
      <trkpt lat="38.486677" lon="-119.757713"/>
      <trkpt lat="38.486423" lon="-119.758263"/>
      <trkpt lat="38.486439" lon="-119.758484"/>
      <trkpt lat="38.486521" lon="-119.758696"/>
      <trkpt lat="38.486594" lon="-119.758940"/>
      <trkpt lat="38.486621" lon="-119.759168"/>
      <trkpt lat="38.486651" lon="-119.759286"/>
      <trkpt lat="38.486733" lon="-119.759373"/>
      <trkpt lat="38.486783" lon="-119.759439"/>
      <trkpt lat="38.486932" lon="-119.759501"/>
      <trkpt lat="38.487042" lon="-119.759565"/>
      <trkpt lat="38.487113" lon="-119.759667"/>
      <trkpt lat="38.487157" lon="-119.759769"/>
      <trkpt lat="38.487228" lon="-119.759845"/>
      <trkpt lat="38.487327" lon="-119.759887"/>
      <trkpt lat="38.487483" lon="-119.759898"/>
      <trkpt lat="38.487577" lon="-119.759962"/>
      <trkpt lat="38.487653" lon="-119.760068"/>
      <trkpt lat="38.487738" lon="-119.760174"/>
      <trkpt lat="38.487850" lon="-119.760177"/>
      <trkpt lat="38.487913" lon="-119.760227"/>
      <trkpt lat="38.488015" lon="-119.760413"/>
      <trkpt lat="38.488104" lon="-119.760469"/>
      <trkpt lat="38.488232" lon="-119.760450"/>
      <trkpt lat="38.488421" lon="-119.760522"/>
      <trkpt lat="38.488623" lon="-119.760658"/>
      <trkpt lat="38.488743" lon="-119.760662"/>
      <trkpt lat="38.488952" lon="-119.760562"/>
      <trkpt lat="38.489181" lon="-119.760531"/>
      <trkpt lat="38.489275" lon="-119.760565"/>
      <trkpt lat="38.489412" lon="-119.760571"/>
      <trkpt lat="38.489603" lon="-119.760496"/>
      <trkpt lat="38.489702" lon="-119.760445"/>
      <trkpt lat="38.489815" lon="-119.760469"/>
      <trkpt lat="38.489916" lon="-119.760464"/>
      <trkpt lat="38.489987" lon="-119.760412"/>
      <trkpt lat="38.490090" lon="-119.760531"/>
      <trkpt lat="38.490224" lon="-119.760565"/>
      <trkpt lat="38.490348" lon="-119.760610"/>
      <trkpt lat="38.490552" lon="-119.760697"/>
      <trkpt lat="38.490742" lon="-119.760715"/>
      <trkpt lat="38.491897" lon="-119.760901"/>
      <trkpt lat="38.491965" lon="-119.760885"/>
      <trkpt lat="38.492182" lon="-119.760927"/>
      <trkpt lat="38.492202" lon="-119.760997"/>
      <trkpt lat="38.492168" lon="-119.761156"/>
      <trkpt lat="38.492196" lon="-119.761303"/>
      <trkpt lat="38.492246" lon="-119.761397"/>
      <trkpt lat="38.492313" lon="-119.761451"/>
      <trkpt lat="38.492403" lon="-119.761464"/>
      <trkpt lat="38.492458" lon="-119.761507"/>
      <trkpt lat="38.492479" lon="-119.761638"/>
      <trkpt lat="38.492494" lon="-119.761799"/>
      <trkpt lat="38.492582" lon="-119.761931"/>
      <trkpt lat="38.492645" lon="-119.762019"/>
      <trkpt lat="38.492645" lon="-119.762140"/>
      <trkpt lat="38.492678" lon="-119.762204"/>
      <trkpt lat="38.492756" lon="-119.762279"/>
      <trkpt lat="38.492880" lon="-119.762285"/>
      <trkpt lat="38.492968" lon="-119.762362"/>
      <trkpt lat="38.493052" lon="-119.762470"/>
      <trkpt lat="38.493224" lon="-119.762768"/>
      <trkpt lat="38.493235" lon="-119.762880"/>
      <trkpt lat="38.493262" lon="-119.762953"/>
      <trkpt lat="38.493300" lon="-119.762998"/>
      <trkpt lat="38.493388" lon="-119.763008"/>
      <trkpt lat="38.493646" lon="-119.763073"/>
      <trkpt lat="38.494045" lon="-119.763154"/>
      <trkpt lat="38.494251" lon="-119.763253"/>
      <trkpt lat="38.494422" lon="-119.763270"/>
      <trkpt lat="38.494562" lon="-119.763275"/>
      <trkpt lat="38.494662" lon="-119.763202"/>
      <trkpt lat="38.494759" lon="-119.763081"/>
      <trkpt lat="38.494824" lon="-119.763057"/>
      <trkpt lat="38.494897" lon="-119.763050"/>
      <trkpt lat="38.495067" lon="-119.763098"/>
      <trkpt lat="38.495134" lon="-119.763183"/>
      <trkpt lat="38.495203" lon="-119.763353"/>
      <trkpt lat="38.495231" lon="-119.763682"/>
      <trkpt lat="38.495238" lon="-119.763947"/>
      <trkpt lat="38.495275" lon="-119.764098"/>
      <trkpt lat="38.495397" lon="-119.764243"/>
      <trkpt lat="38.495447" lon="-119.764503"/>
      <trkpt lat="38.495452" lon="-119.764752"/>
      <trkpt lat="38.495575" lon="-119.765112"/>
      <trkpt lat="38.495662" lon="-119.765252"/>
      <trkpt lat="38.495806" lon="-119.765404"/>
      <trkpt lat="38.495888" lon="-119.765525"/>
      <trkpt lat="38.496274" lon="-119.766147"/>
      <trkpt lat="38.496335" lon="-119.766292"/>
      <trkpt lat="38.496522" lon="-119.766513"/>
      <trkpt lat="38.496652" lon="-119.766828"/>
      <trkpt lat="38.496654" lon="-119.766968"/>
      <trkpt lat="38.496635" lon="-119.767123"/>
      <trkpt lat="38.496675" lon="-119.767188"/>
      <trkpt lat="38.496829" lon="-119.767303"/>
      <trkpt lat="38.496907" lon="-119.767390"/>
      <trkpt lat="38.496961" lon="-119.767539"/>
      <trkpt lat="38.496982" lon="-119.767663"/>
      <trkpt lat="38.497057" lon="-119.767740"/>
      <trkpt lat="38.497206" lon="-119.767993"/>
      <trkpt lat="38.497345" lon="-119.768175"/>
      <trkpt lat="38.497444" lon="-119.768381"/>
      <trkpt lat="38.497667" lon="-119.768893"/>
      <trkpt lat="38.497693" lon="-119.769250"/>
      <trkpt lat="38.497715" lon="-119.769454"/>
      <trkpt lat="38.497745" lon="-119.769563"/>
      <trkpt lat="38.497933" lon="-119.769863"/>
      <trkpt lat="38.498137" lon="-119.770024"/>
    </trkseg>
    <trkseg>
      <trkpt lat="38.328042" lon="-119.637229"/>
      <trkpt lat="38.328063" lon="-119.637106"/>
      <trkpt lat="38.328110" lon="-119.637116"/>
      <trkpt lat="38.328216" lon="-119.637128"/>
      <trkpt lat="38.328334" lon="-119.637123"/>
      <trkpt lat="38.328548" lon="-119.637095"/>
      <trkpt lat="38.328747" lon="-119.637155"/>
      <trkpt lat="38.328830" lon="-119.637164"/>
      <trkpt lat="38.328898" lon="-119.637148"/>
      <trkpt lat="38.328925" lon="-119.637108"/>
      <trkpt lat="38.328951" lon="-119.637084"/>
      <trkpt lat="38.329017" lon="-119.636950"/>
      <trkpt lat="38.329121" lon="-119.636861"/>
      <trkpt lat="38.329267" lon="-119.636696"/>
      <trkpt lat="38.329347" lon="-119.636618"/>
      <trkpt lat="38.329365" lon="-119.636595"/>
      <trkpt lat="38.329418" lon="-119.636385"/>
      <trkpt lat="38.329445" lon="-119.636319"/>
      <trkpt lat="38.329459" lon="-119.636289"/>
      <trkpt lat="38.329497" lon="-119.636261"/>
      <trkpt lat="38.329510" lon="-119.636246"/>
      <trkpt lat="38.329519" lon="-119.636227"/>
      <trkpt lat="38.329537" lon="-119.636139"/>
      <trkpt lat="38.329529" lon="-119.636059"/>
      <trkpt lat="38.329535" lon="-119.636041"/>
      <trkpt lat="38.329546" lon="-119.636034"/>
      <trkpt lat="38.329570" lon="-119.636042"/>
      <trkpt lat="38.329663" lon="-119.636034"/>
      <trkpt lat="38.329679" lon="-119.636019"/>
      <trkpt lat="38.329728" lon="-119.635931"/>
      <trkpt lat="38.329748" lon="-119.635909"/>
      <trkpt lat="38.329774" lon="-119.635894"/>
      <trkpt lat="38.329926" lon="-119.635843"/>
      <trkpt lat="38.330103" lon="-119.635923"/>
      <trkpt lat="38.330349" lon="-119.635966"/>
      <trkpt lat="38.330440" lon="-119.635985"/>
      <trkpt lat="38.330601" lon="-119.636000"/>
      <trkpt lat="38.330714" lon="-119.636033"/>
      <trkpt lat="38.330916" lon="-119.636038"/>
      <trkpt lat="38.331174" lon="-119.636056"/>
      <trkpt lat="38.331279" lon="-119.636092"/>
      <trkpt lat="38.331368" lon="-119.636142"/>
      <trkpt lat="38.331454" lon="-119.636221"/>
      <trkpt lat="38.331522" lon="-119.636276"/>
      <trkpt lat="38.331654" lon="-119.636237"/>
      <trkpt lat="38.331754" lon="-119.636139"/>
      <trkpt lat="38.331863" lon="-119.636087"/>
      <trkpt lat="38.331958" lon="-119.635978"/>
      <trkpt lat="38.332155" lon="-119.635858"/>
      <trkpt lat="38.332205" lon="-119.635795"/>
      <trkpt lat="38.332284" lon="-119.635640"/>
      <trkpt lat="38.332368" lon="-119.635498"/>
      <trkpt lat="38.332386" lon="-119.635493"/>
      <trkpt lat="38.332408" lon="-119.635514"/>
      <trkpt lat="38.332456" lon="-119.635541"/>
      <trkpt lat="38.332521" lon="-119.635546"/>
      <trkpt lat="38.332577" lon="-119.635584"/>
      <trkpt lat="38.332659" lon="-119.635582"/>
      <trkpt lat="38.332746" lon="-119.635596"/>
      <trkpt lat="38.332919" lon="-119.635588"/>
      <trkpt lat="38.333145" lon="-119.635625"/>
      <trkpt lat="38.333344" lon="-119.635620"/>
      <trkpt lat="38.333460" lon="-119.635577"/>
      <trkpt lat="38.333500" lon="-119.635515"/>
      <trkpt lat="38.333592" lon="-119.635341"/>
      <trkpt lat="38.333697" lon="-119.635025"/>
      <trkpt lat="38.333729" lon="-119.634872"/>
      <trkpt lat="38.333729" lon="-119.634799"/>
      <trkpt lat="38.333760" lon="-119.634781"/>
      <trkpt lat="38.333832" lon="-119.634791"/>
      <trkpt lat="38.333899" lon="-119.634789"/>
      <trkpt lat="38.333984" lon="-119.634840"/>
      <trkpt lat="38.334080" lon="-119.634909"/>
      <trkpt lat="38.334173" lon="-119.634923"/>
      <trkpt lat="38.334318" lon="-119.634888"/>
      <trkpt lat="38.334522" lon="-119.634861"/>
      <trkpt lat="38.334846" lon="-119.634571"/>
      <trkpt lat="38.334935" lon="-119.634412"/>
      <trkpt lat="38.334966" lon="-119.634394"/>
      <trkpt lat="38.335082" lon="-119.634407"/>
      <trkpt lat="38.335147" lon="-119.634381"/>
      <trkpt lat="38.335286" lon="-119.634271"/>
      <trkpt lat="38.335442" lon="-119.634067"/>
      <trkpt lat="38.335500" lon="-119.633930"/>
      <trkpt lat="38.335557" lon="-119.633863"/>
      <trkpt lat="38.335653" lon="-119.633765"/>
      <trkpt lat="38.335864" lon="-119.633677"/>
      <trkpt lat="38.335910" lon="-119.633669"/>
      <trkpt lat="38.336077" lon="-119.633803"/>
      <trkpt lat="38.336198" lon="-119.633850"/>
      <trkpt lat="38.336336" lon="-119.633918"/>
      <trkpt lat="38.336422" lon="-119.633935"/>
      <trkpt lat="38.336436" lon="-119.633991"/>
      <trkpt lat="38.336420" lon="-119.634030"/>
      <trkpt lat="38.336420" lon="-119.634091"/>
      <trkpt lat="38.336440" lon="-119.634156"/>
      <trkpt lat="38.336476" lon="-119.634213"/>
      <trkpt lat="38.336537" lon="-119.634260"/>
      <trkpt lat="38.336591" lon="-119.634252"/>
      <trkpt lat="38.336670" lon="-119.634263"/>
      <trkpt lat="38.336745" lon="-119.634287"/>
      <trkpt lat="38.336834" lon="-119.634263"/>
      <trkpt lat="38.336933" lon="-119.634270"/>
      <trkpt lat="38.337002" lon="-119.634303"/>
      <trkpt lat="38.337079" lon="-119.634353"/>
      <trkpt lat="38.337221" lon="-119.634397"/>
      <trkpt lat="38.337369" lon="-119.634433"/>
      <trkpt lat="38.337398" lon="-119.634475"/>
      <trkpt lat="38.337464" lon="-119.634708"/>
      <trkpt lat="38.337497" lon="-119.634754"/>
      <trkpt lat="38.337539" lon="-119.634770"/>
      <trkpt lat="38.337580" lon="-119.634755"/>
      <trkpt lat="38.337621" lon="-119.634707"/>
      <trkpt lat="38.337667" lon="-119.634665"/>
      <trkpt lat="38.337692" lon="-119.634665"/>
      <trkpt lat="38.337702" lon="-119.634707"/>
      <trkpt lat="38.337695" lon="-119.634787"/>
      <trkpt lat="38.337700" lon="-119.634975"/>
      <trkpt lat="38.337838" lon="-119.635245"/>
      <trkpt lat="38.338063" lon="-119.635398"/>
      <trkpt lat="38.338195" lon="-119.635447"/>
      <trkpt lat="38.338245" lon="-119.635442"/>
      <trkpt lat="38.338364" lon="-119.635415"/>
      <trkpt lat="38.338434" lon="-119.635436"/>
      <trkpt lat="38.338526" lon="-119.635479"/>
      <trkpt lat="38.338586" lon="-119.635538"/>
      <trkpt lat="38.338623" lon="-119.635545"/>
      <trkpt lat="38.338669" lon="-119.635585"/>
      <trkpt lat="38.338725" lon="-119.635652"/>
      <trkpt lat="38.338984" lon="-119.635808"/>
      <trkpt lat="38.339207" lon="-119.635894"/>
      <trkpt lat="38.339311" lon="-119.635915"/>
      <trkpt lat="38.339385" lon="-119.635882"/>
      <trkpt lat="38.339447" lon="-119.635827"/>
      <trkpt lat="38.339579" lon="-119.635693"/>
      <trkpt lat="38.339691" lon="-119.635554"/>
      <trkpt lat="38.339757" lon="-119.635440"/>
      <trkpt lat="38.339796" lon="-119.635352"/>
      <trkpt lat="38.339917" lon="-119.635132"/>
      <trkpt lat="38.339983" lon="-119.635038"/>
      <trkpt lat="38.340064" lon="-119.635009"/>
      <trkpt lat="38.340137" lon="-119.634913"/>
      <trkpt lat="38.340458" lon="-119.634693"/>
      <trkpt lat="38.340540" lon="-119.634563"/>
      <trkpt lat="38.340626" lon="-119.634469"/>
      <trkpt lat="38.340661" lon="-119.634404"/>
      <trkpt lat="38.340703" lon="-119.634362"/>
      <trkpt lat="38.340742" lon="-119.634342"/>
      <trkpt lat="38.340772" lon="-119.634288"/>
      <trkpt lat="38.340802" lon="-119.634278"/>
      <trkpt lat="38.340828" lon="-119.634302"/>
      <trkpt lat="38.340831" lon="-119.634354"/>
      <trkpt lat="38.340854" lon="-119.634417"/>
      <trkpt lat="38.340904" lon="-119.634464"/>
      <trkpt lat="38.340980" lon="-119.634500"/>
      <trkpt lat="38.341257" lon="-119.634571"/>
      <trkpt lat="38.341302" lon="-119.634563"/>
      <trkpt lat="38.341342" lon="-119.634566"/>
      <trkpt lat="38.341364" lon="-119.634617"/>
      <trkpt lat="38.341401" lon="-119.634677"/>
      <trkpt lat="38.341457" lon="-119.634752"/>
      <trkpt lat="38.341527" lon="-119.634809"/>
      <trkpt lat="38.341632" lon="-119.634869"/>
      <trkpt lat="38.341720" lon="-119.634935"/>
      <trkpt lat="38.341802" lon="-119.634978"/>
      <trkpt lat="38.341879" lon="-119.634999"/>
      <trkpt lat="38.341931" lon="-119.634974"/>
      <trkpt lat="38.341960" lon="-119.634925"/>
      <trkpt lat="38.341989" lon="-119.634924"/>
      <trkpt lat="38.342087" lon="-119.635037"/>
      <trkpt lat="38.342235" lon="-119.635110"/>
      <trkpt lat="38.342287" lon="-119.635127"/>
      <trkpt lat="38.342359" lon="-119.635115"/>
      <trkpt lat="38.342400" lon="-119.635070"/>
      <trkpt lat="38.342476" lon="-119.635039"/>
      <trkpt lat="38.342510" lon="-119.635052"/>
      <trkpt lat="38.342520" lon="-119.635097"/>
      <trkpt lat="38.342519" lon="-119.635168"/>
      <trkpt lat="38.342482" lon="-119.635337"/>
      <trkpt lat="38.342499" lon="-119.635542"/>
      <trkpt lat="38.342519" lon="-119.635603"/>
      <trkpt lat="38.342582" lon="-119.635657"/>
      <trkpt lat="38.342724" lon="-119.635729"/>
      <trkpt lat="38.342772" lon="-119.635710"/>
      <trkpt lat="38.343018" lon="-119.635662"/>
      <trkpt lat="38.343079" lon="-119.635684"/>
      <trkpt lat="38.343127" lon="-119.635681"/>
      <trkpt lat="38.343203" lon="-119.635632"/>
      <trkpt lat="38.343350" lon="-119.635662"/>
      <trkpt lat="38.343468" lon="-119.635691"/>
      <trkpt lat="38.343522" lon="-119.635722"/>
      <trkpt lat="38.343530" lon="-119.635764"/>
      <trkpt lat="38.343526" lon="-119.635802"/>
      <trkpt lat="38.343510" lon="-119.635848"/>
      <trkpt lat="38.343455" lon="-119.635968"/>
      <trkpt lat="38.343452" lon="-119.635994"/>
      <trkpt lat="38.343472" lon="-119.636065"/>
      <trkpt lat="38.343546" lon="-119.636233"/>
      <trkpt lat="38.343610" lon="-119.636276"/>
      <trkpt lat="38.343746" lon="-119.636307"/>
      <trkpt lat="38.343782" lon="-119.636291"/>
      <trkpt lat="38.343897" lon="-119.636256"/>
      <trkpt lat="38.343951" lon="-119.636228"/>
      <trkpt lat="38.343986" lon="-119.636232"/>
      <trkpt lat="38.344007" lon="-119.636263"/>
      <trkpt lat="38.344017" lon="-119.636352"/>
      <trkpt lat="38.344011" lon="-119.636426"/>
      <trkpt lat="38.344014" lon="-119.636481"/>
      <trkpt lat="38.344287" lon="-119.636588"/>
      <trkpt lat="38.344318" lon="-119.636592"/>
      <trkpt lat="38.344363" lon="-119.636615"/>
      <trkpt lat="38.344397" lon="-119.636684"/>
      <trkpt lat="38.344452" lon="-119.636753"/>
      <trkpt lat="38.344458" lon="-119.636804"/>
      <trkpt lat="38.344398" lon="-119.636867"/>
      <trkpt lat="38.344355" lon="-119.636920"/>
      <trkpt lat="38.344346" lon="-119.636972"/>
      <trkpt lat="38.344349" lon="-119.637031"/>
      <trkpt lat="38.344321" lon="-119.637102"/>
      <trkpt lat="38.344285" lon="-119.637172"/>
      <trkpt lat="38.344132" lon="-119.637401"/>
      <trkpt lat="38.343993" lon="-119.637595"/>
      <trkpt lat="38.343917" lon="-119.637680"/>
      <trkpt lat="38.343880" lon="-119.637775"/>
      <trkpt lat="38.343871" lon="-119.637874"/>
      <trkpt lat="38.343883" lon="-119.637928"/>
      <trkpt lat="38.343906" lon="-119.637950"/>
      <trkpt lat="38.344037" lon="-119.637976"/>
      <trkpt lat="38.344164" lon="-119.637987"/>
      <trkpt lat="38.344289" lon="-119.637962"/>
      <trkpt lat="38.344482" lon="-119.637997"/>
      <trkpt lat="38.344563" lon="-119.638041"/>
      <trkpt lat="38.344783" lon="-119.638144"/>
      <trkpt lat="38.344817" lon="-119.638152"/>
      <trkpt lat="38.344852" lon="-119.638136"/>
      <trkpt lat="38.344888" lon="-119.638107"/>
      <trkpt lat="38.344968" lon="-119.638127"/>
      <trkpt lat="38.345474" lon="-119.638341"/>
      <trkpt lat="38.345541" lon="-119.638375"/>
      <trkpt lat="38.345603" lon="-119.638373"/>
      <trkpt lat="38.345658" lon="-119.638399"/>
      <trkpt lat="38.345758" lon="-119.638463"/>
      <trkpt lat="38.345795" lon="-119.638481"/>
      <trkpt lat="38.345888" lon="-119.638483"/>
      <trkpt lat="38.345981" lon="-119.638466"/>
      <trkpt lat="38.346028" lon="-119.638467"/>
      <trkpt lat="38.346068" lon="-119.638514"/>
      <trkpt lat="38.346105" lon="-119.638581"/>
      <trkpt lat="38.346165" lon="-119.638815"/>
      <trkpt lat="38.346159" lon="-119.638937"/>
      <trkpt lat="38.346140" lon="-119.639032"/>
      <trkpt lat="38.346096" lon="-119.639157"/>
      <trkpt lat="38.346040" lon="-119.639233"/>
      <trkpt lat="38.346049" lon="-119.639283"/>
      <trkpt lat="38.346076" lon="-119.639359"/>
      <trkpt lat="38.346080" lon="-119.639472"/>
      <trkpt lat="38.346098" lon="-119.639563"/>
      <trkpt lat="38.346083" lon="-119.639650"/>
      <trkpt lat="38.346078" lon="-119.639740"/>
      <trkpt lat="38.346064" lon="-119.639874"/>
      <trkpt lat="38.346069" lon="-119.639955"/>
      <trkpt lat="38.346088" lon="-119.639977"/>
      <trkpt lat="38.346115" lon="-119.639972"/>
      <trkpt lat="38.346128" lon="-119.639933"/>
      <trkpt lat="38.346176" lon="-119.639849"/>
      <trkpt lat="38.346235" lon="-119.639790"/>
      <trkpt lat="38.346323" lon="-119.639651"/>
      <trkpt lat="38.346373" lon="-119.639496"/>
      <trkpt lat="38.346425" lon="-119.639348"/>
      <trkpt lat="38.346507" lon="-119.639296"/>
      <trkpt lat="38.346558" lon="-119.639281"/>
      <trkpt lat="38.346615" lon="-119.639203"/>
      <trkpt lat="38.346692" lon="-119.639072"/>
      <trkpt lat="38.346781" lon="-119.638824"/>
      <trkpt lat="38.346854" lon="-119.638699"/>
      <trkpt lat="38.346917" lon="-119.638616"/>
      <trkpt lat="38.346968" lon="-119.638576"/>
      <trkpt lat="38.347013" lon="-119.638521"/>
      <trkpt lat="38.347063" lon="-119.638501"/>
      <trkpt lat="38.347108" lon="-119.638501"/>
      <trkpt lat="38.347140" lon="-119.638466"/>
      <trkpt lat="38.347151" lon="-119.638397"/>
      <trkpt lat="38.347137" lon="-119.638350"/>
      <trkpt lat="38.347069" lon="-119.638253"/>
      <trkpt lat="38.347057" lon="-119.638190"/>
      <trkpt lat="38.347030" lon="-119.638141"/>
      <trkpt lat="38.346993" lon="-119.638128"/>
      <trkpt lat="38.346890" lon="-119.638143"/>
      <trkpt lat="38.346867" lon="-119.638117"/>
      <trkpt lat="38.346807" lon="-119.638018"/>
      <trkpt lat="38.346673" lon="-119.637934"/>
      <trkpt lat="38.346443" lon="-119.637769"/>
      <trkpt lat="38.346389" lon="-119.637711"/>
      <trkpt lat="38.346345" lon="-119.637632"/>
      <trkpt lat="38.346331" lon="-119.637567"/>
      <trkpt lat="38.346331" lon="-119.637494"/>
      <trkpt lat="38.346345" lon="-119.637409"/>
      <trkpt lat="38.346380" lon="-119.637303"/>
      <trkpt lat="38.346423" lon="-119.637148"/>
      <trkpt lat="38.346430" lon="-119.637027"/>
      <trkpt lat="38.346462" lon="-119.636818"/>
      <trkpt lat="38.346482" lon="-119.636761"/>
      <trkpt lat="38.346508" lon="-119.636740"/>
      <trkpt lat="38.346529" lon="-119.636677"/>
      <trkpt lat="38.346517" lon="-119.636639"/>
      <trkpt lat="38.346517" lon="-119.636570"/>
      <trkpt lat="38.346497" lon="-119.636473"/>
      <trkpt lat="38.346502" lon="-119.636405"/>
      <trkpt lat="38.346482" lon="-119.636354"/>
      <trkpt lat="38.346449" lon="-119.636250"/>
      <trkpt lat="38.346412" lon="-119.636077"/>
      <trkpt lat="38.346250" lon="-119.635672"/>
      <trkpt lat="38.346220" lon="-119.635454"/>
      <trkpt lat="38.346174" lon="-119.635291"/>
      <trkpt lat="38.346138" lon="-119.635142"/>
      <trkpt lat="38.346149" lon="-119.634844"/>
      <trkpt lat="38.346161" lon="-119.634697"/>
      <trkpt lat="38.346166" lon="-119.634558"/>
      <trkpt lat="38.346160" lon="-119.634468"/>
      <trkpt lat="38.346144" lon="-119.634341"/>
      <trkpt lat="38.346150" lon="-119.634246"/>
      <trkpt lat="38.346128" lon="-119.634181"/>
      <trkpt lat="38.346126" lon="-119.633991"/>
      <trkpt lat="38.346118" lon="-119.633907"/>
      <trkpt lat="38.346124" lon="-119.633863"/>
      <trkpt lat="38.346164" lon="-119.633819"/>
      <trkpt lat="38.346216" lon="-119.633784"/>
      <trkpt lat="38.346279" lon="-119.633713"/>
      <trkpt lat="38.346370" lon="-119.633515"/>
      <trkpt lat="38.346384" lon="-119.633433"/>
      <trkpt lat="38.346407" lon="-119.633376"/>
      <trkpt lat="38.346448" lon="-119.633346"/>
      <trkpt lat="38.346485" lon="-119.633343"/>
      <trkpt lat="38.346506" lon="-119.633335"/>
      <trkpt lat="38.346518" lon="-119.633316"/>
      <trkpt lat="38.346487" lon="-119.633229"/>
      <trkpt lat="38.346480" lon="-119.633159"/>
      <trkpt lat="38.346491" lon="-119.633020"/>
      <trkpt lat="38.346522" lon="-119.632906"/>
      <trkpt lat="38.346513" lon="-119.632858"/>
      <trkpt lat="38.346501" lon="-119.632835"/>
      <trkpt lat="38.346342" lon="-119.632764"/>
      <trkpt lat="38.346200" lon="-119.632690"/>
      <trkpt lat="38.346037" lon="-119.632588"/>
      <trkpt lat="38.345985" lon="-119.632552"/>
      <trkpt lat="38.345961" lon="-119.632501"/>
      <trkpt lat="38.345929" lon="-119.632418"/>
      <trkpt lat="38.345890" lon="-119.632356"/>
      <trkpt lat="38.345770" lon="-119.632291"/>
      <trkpt lat="38.345731" lon="-119.632243"/>
      <trkpt lat="38.345706" lon="-119.632156"/>
      <trkpt lat="38.345668" lon="-119.632140"/>
      <trkpt lat="38.345508" lon="-119.632168"/>
      <trkpt lat="38.345428" lon="-119.632140"/>
      <trkpt lat="38.345086" lon="-119.632056"/>
      <trkpt lat="38.344981" lon="-119.632013"/>
      <trkpt lat="38.344909" lon="-119.632003"/>
      <trkpt lat="38.344728" lon="-119.632007"/>
      <trkpt lat="38.344650" lon="-119.631995"/>
      <trkpt lat="38.344578" lon="-119.631955"/>
      <trkpt lat="38.344419" lon="-119.631892"/>
      <trkpt lat="38.344372" lon="-119.631853"/>
      <trkpt lat="38.344349" lon="-119.631829"/>
      <trkpt lat="38.344333" lon="-119.631799"/>
      <trkpt lat="38.344353" lon="-119.631585"/>
      <trkpt lat="38.344354" lon="-119.631468"/>
      <trkpt lat="38.344298" lon="-119.631245"/>
      <trkpt lat="38.344245" lon="-119.631114"/>
      <trkpt lat="38.344242" lon="-119.631074"/>
      <trkpt lat="38.344240" lon="-119.630925"/>
      <trkpt lat="38.344233" lon="-119.630852"/>
      <trkpt lat="38.344241" lon="-119.630748"/>
      <trkpt lat="38.344232" lon="-119.630680"/>
      <trkpt lat="38.344233" lon="-119.630627"/>
      <trkpt lat="38.344255" lon="-119.630553"/>
      <trkpt lat="38.344279" lon="-119.630515"/>
      <trkpt lat="38.344357" lon="-119.630245"/>
      <trkpt lat="38.344370" lon="-119.630134"/>
      <trkpt lat="38.344413" lon="-119.630047"/>
      <trkpt lat="38.344485" lon="-119.629924"/>
      <trkpt lat="38.344558" lon="-119.629864"/>
      <trkpt lat="38.344578" lon="-119.629832"/>
      <trkpt lat="38.344600" lon="-119.629747"/>
      <trkpt lat="38.344597" lon="-119.629700"/>
      <trkpt lat="38.344567" lon="-119.629640"/>
      <trkpt lat="38.344550" lon="-119.629576"/>
      <trkpt lat="38.344547" lon="-119.629536"/>
      <trkpt lat="38.344549" lon="-119.629490"/>
      <trkpt lat="38.344566" lon="-119.629411"/>
      <trkpt lat="38.344571" lon="-119.629356"/>
      <trkpt lat="38.344586" lon="-119.629329"/>
      <trkpt lat="38.344610" lon="-119.629305"/>
      <trkpt lat="38.344630" lon="-119.629270"/>
      <trkpt lat="38.344633" lon="-119.629219"/>
      <trkpt lat="38.344625" lon="-119.629125"/>
      <trkpt lat="38.344629" lon="-119.628992"/>
      <trkpt lat="38.344656" lon="-119.628775"/>
      <trkpt lat="38.344675" lon="-119.628732"/>
      <trkpt lat="38.344714" lon="-119.628697"/>
      <trkpt lat="38.344856" lon="-119.628646"/>
      <trkpt lat="38.344905" lon="-119.628606"/>
      <trkpt lat="38.344957" lon="-119.628555"/>
      <trkpt lat="38.345011" lon="-119.628524"/>
      <trkpt lat="38.345040" lon="-119.628471"/>
      <trkpt lat="38.345057" lon="-119.628409"/>
      <trkpt lat="38.345039" lon="-119.628353"/>
      <trkpt lat="38.345047" lon="-119.628294"/>
      <trkpt lat="38.345130" lon="-119.628172"/>
      <trkpt lat="38.345159" lon="-119.628164"/>
      <trkpt lat="38.345191" lon="-119.628142"/>
      <trkpt lat="38.345225" lon="-119.628103"/>
      <trkpt lat="38.345238" lon="-119.628051"/>
      <trkpt lat="38.345231" lon="-119.628035"/>
      <trkpt lat="38.345216" lon="-119.628016"/>
      <trkpt lat="38.345193" lon="-119.627962"/>
      <trkpt lat="38.345144" lon="-119.627914"/>
      <trkpt lat="38.345087" lon="-119.627866"/>
      <trkpt lat="38.345037" lon="-119.627697"/>
      <trkpt lat="38.344923" lon="-119.627482"/>
      <trkpt lat="38.344911" lon="-119.627429"/>
      <trkpt lat="38.344932" lon="-119.627319"/>
      <trkpt lat="38.345014" lon="-119.627209"/>
      <trkpt lat="38.345102" lon="-119.627112"/>
      <trkpt lat="38.345190" lon="-119.627080"/>
      <trkpt lat="38.345310" lon="-119.626927"/>
      <trkpt lat="38.345495" lon="-119.626667"/>
      <trkpt lat="38.345508" lon="-119.626570"/>
      <trkpt lat="38.345535" lon="-119.626468"/>
      <trkpt lat="38.345638" lon="-119.626152"/>
      <trkpt lat="38.345596" lon="-119.625908"/>
      <trkpt lat="38.345516" lon="-119.625712"/>
      <trkpt lat="38.345510" lon="-119.625602"/>
      <trkpt lat="38.345522" lon="-119.625515"/>
      <trkpt lat="38.345575" lon="-119.625404"/>
      <trkpt lat="38.345666" lon="-119.625299"/>
      <trkpt lat="38.345754" lon="-119.625092"/>
      <trkpt lat="38.345797" lon="-119.624886"/>
      <trkpt lat="38.345828" lon="-119.624815"/>
      <trkpt lat="38.345873" lon="-119.624759"/>
      <trkpt lat="38.345958" lon="-119.624740"/>
      <trkpt lat="38.346274" lon="-119.624818"/>
      <trkpt lat="38.346403" lon="-119.624834"/>
      <trkpt lat="38.346604" lon="-119.624882"/>
      <trkpt lat="38.346635" lon="-119.624938"/>
      <trkpt lat="38.346667" lon="-119.624941"/>
      <trkpt lat="38.346690" lon="-119.624914"/>
      <trkpt lat="38.346736" lon="-119.624923"/>
      <trkpt lat="38.346786" lon="-119.624948"/>
      <trkpt lat="38.346889" lon="-119.625021"/>
      <trkpt lat="38.346919" lon="-119.625060"/>
      <trkpt lat="38.346957" lon="-119.625088"/>
      <trkpt lat="38.347045" lon="-119.625087"/>
      <trkpt lat="38.347075" lon="-119.625079"/>
      <trkpt lat="38.347122" lon="-119.625076"/>
      <trkpt lat="38.347150" lon="-119.625110"/>
      <trkpt lat="38.347189" lon="-119.625347"/>
      <trkpt lat="38.347199" lon="-119.625375"/>
      <trkpt lat="38.347223" lon="-119.625381"/>
      <trkpt lat="38.347268" lon="-119.625342"/>
      <trkpt lat="38.347368" lon="-119.625277"/>
      <trkpt lat="38.347542" lon="-119.625212"/>
      <trkpt lat="38.347663" lon="-119.625210"/>
      <trkpt lat="38.347823" lon="-119.625283"/>
      <trkpt lat="38.347871" lon="-119.625291"/>
      <trkpt lat="38.347917" lon="-119.625318"/>
      <trkpt lat="38.347971" lon="-119.625315"/>
      <trkpt lat="38.348022" lon="-119.625294"/>
      <trkpt lat="38.348061" lon="-119.625259"/>
      <trkpt lat="38.348141" lon="-119.625159"/>
      <trkpt lat="38.348328" lon="-119.625020"/>
      <trkpt lat="38.348433" lon="-119.624915"/>
      <trkpt lat="38.348555" lon="-119.624785"/>
      <trkpt lat="38.348660" lon="-119.624633"/>
      <trkpt lat="38.348971" lon="-119.624443"/>
      <trkpt lat="38.349032" lon="-119.624423"/>
      <trkpt lat="38.349101" lon="-119.624431"/>
      <trkpt lat="38.349162" lon="-119.624476"/>
      <trkpt lat="38.349198" lon="-119.624510"/>
      <trkpt lat="38.349244" lon="-119.624513"/>
      <trkpt lat="38.349304" lon="-119.624493"/>
      <trkpt lat="38.349474" lon="-119.624450"/>
      <trkpt lat="38.349710" lon="-119.624437"/>
      <trkpt lat="38.349784" lon="-119.624441"/>
      <trkpt lat="38.349835" lon="-119.624449"/>
      <trkpt lat="38.349894" lon="-119.624488"/>
      <trkpt lat="38.349944" lon="-119.624532"/>
      <trkpt lat="38.349987" lon="-119.624540"/>
      <trkpt lat="38.350054" lon="-119.624533"/>
      <trkpt lat="38.350102" lon="-119.624494"/>
      <trkpt lat="38.350241" lon="-119.624416"/>
      <trkpt lat="38.350295" lon="-119.624392"/>
      <trkpt lat="38.350357" lon="-119.624388"/>
      <trkpt lat="38.350678" lon="-119.624485"/>
      <trkpt lat="38.351009" lon="-119.624728"/>
      <trkpt lat="38.351034" lon="-119.624768"/>
      <trkpt lat="38.351186" lon="-119.624889"/>
      <trkpt lat="38.351236" lon="-119.624909"/>
      <trkpt lat="38.351383" lon="-119.624983"/>
      <trkpt lat="38.351478" lon="-119.624970"/>
      <trkpt lat="38.351518" lon="-119.624973"/>
      <trkpt lat="38.351570" lon="-119.625003"/>
      <trkpt lat="38.351607" lon="-119.625015"/>
      <trkpt lat="38.351708" lon="-119.625000"/>
      <trkpt lat="38.351784" lon="-119.624954"/>
      <trkpt lat="38.351833" lon="-119.624894"/>
      <trkpt lat="38.351875" lon="-119.624856"/>
      <trkpt lat="38.352297" lon="-119.624687"/>
      <trkpt lat="38.352325" lon="-119.624669"/>
      <trkpt lat="38.352384" lon="-119.624670"/>
      <trkpt lat="38.352437" lon="-119.624626"/>
      <trkpt lat="38.352478" lon="-119.624599"/>
      <trkpt lat="38.352527" lon="-119.624596"/>
      <trkpt lat="38.352595" lon="-119.624628"/>
      <trkpt lat="38.352805" lon="-119.624749"/>
      <trkpt lat="38.352829" lon="-119.624780"/>
      <trkpt lat="38.352978" lon="-119.624899"/>
      <trkpt lat="38.353085" lon="-119.624878"/>
      <trkpt lat="38.353249" lon="-119.624828"/>
      <trkpt lat="38.353307" lon="-119.624830"/>
      <trkpt lat="38.353410" lon="-119.624772"/>
      <trkpt lat="38.353465" lon="-119.624776"/>
      <trkpt lat="38.353552" lon="-119.624826"/>
      <trkpt lat="38.353604" lon="-119.624901"/>
      <trkpt lat="38.353657" lon="-119.624937"/>
      <trkpt lat="38.353688" lon="-119.624945"/>
      <trkpt lat="38.353757" lon="-119.624942"/>
      <trkpt lat="38.353805" lon="-119.624962"/>
      <trkpt lat="38.353876" lon="-119.624958"/>
      <trkpt lat="38.353952" lon="-119.624970"/>
      <trkpt lat="38.354018" lon="-119.624994"/>
      <trkpt lat="38.354103" lon="-119.624999"/>
      <trkpt lat="38.354203" lon="-119.625031"/>
      <trkpt lat="38.354285" lon="-119.625038"/>
      <trkpt lat="38.354429" lon="-119.625011"/>
      <trkpt lat="38.354693" lon="-119.625004"/>
      <trkpt lat="38.354793" lon="-119.624988"/>
      <trkpt lat="38.354862" lon="-119.624996"/>
      <trkpt lat="38.354914" lon="-119.624965"/>
      <trkpt lat="38.355008" lon="-119.624950"/>
      <trkpt lat="38.355077" lon="-119.624948"/>
      <trkpt lat="38.355124" lon="-119.624926"/>
      <trkpt lat="38.355190" lon="-119.624862"/>
      <trkpt lat="38.355269" lon="-119.624865"/>
      <trkpt lat="38.355385" lon="-119.624887"/>
      <trkpt lat="38.355656" lon="-119.624902"/>
      <trkpt lat="38.355751" lon="-119.624950"/>
      <trkpt lat="38.355851" lon="-119.624973"/>
      <trkpt lat="38.355917" lon="-119.624980"/>
      <trkpt lat="38.355977" lon="-119.624962"/>
      <trkpt lat="38.356032" lon="-119.624981"/>
      <trkpt lat="38.356101" lon="-119.624962"/>
      <trkpt lat="38.356169" lon="-119.624996"/>
      <trkpt lat="38.356259" lon="-119.625007"/>
      <trkpt lat="38.356370" lon="-119.625032"/>
      <trkpt lat="38.356438" lon="-119.625031"/>
      <trkpt lat="38.356488" lon="-119.625041"/>
      <trkpt lat="38.356562" lon="-119.625102"/>
      <trkpt lat="38.356596" lon="-119.625115"/>
      <trkpt lat="38.356630" lon="-119.625106"/>
      <trkpt lat="38.356650" lon="-119.625071"/>
      <trkpt lat="38.356674" lon="-119.625048"/>
      <trkpt lat="38.356709" lon="-119.625039"/>
      <trkpt lat="38.356747" lon="-119.625060"/>
      <trkpt lat="38.356780" lon="-119.625067"/>
      <trkpt lat="38.356827" lon="-119.625060"/>
      <trkpt lat="38.356919" lon="-119.624989"/>
      <trkpt lat="38.357048" lon="-119.624869"/>
      <trkpt lat="38.357114" lon="-119.624818"/>
      <trkpt lat="38.357187" lon="-119.624701"/>
      <trkpt lat="38.357280" lon="-119.624624"/>
      <trkpt lat="38.357345" lon="-119.624501"/>
      <trkpt lat="38.357417" lon="-119.624402"/>
      <trkpt lat="38.357478" lon="-119.624406"/>
      <trkpt lat="38.357650" lon="-119.624359"/>
      <trkpt lat="38.357758" lon="-119.624288"/>
      <trkpt lat="38.357992" lon="-119.624104"/>
      <trkpt lat="38.358063" lon="-119.624087"/>
      <trkpt lat="38.358152" lon="-119.624116"/>
      <trkpt lat="38.358297" lon="-119.624033"/>
      <trkpt lat="38.358345" lon="-119.623933"/>
      <trkpt lat="38.358377" lon="-119.623903"/>
      <trkpt lat="38.358427" lon="-119.623907"/>
      <trkpt lat="38.358522" lon="-119.623886"/>
      <trkpt lat="38.358558" lon="-119.623853"/>
      <trkpt lat="38.358554" lon="-119.623798"/>
      <trkpt lat="38.358592" lon="-119.623755"/>
      <trkpt lat="38.358737" lon="-119.623690"/>
      <trkpt lat="38.358817" lon="-119.623607"/>
      <trkpt lat="38.359035" lon="-119.623550"/>
      <trkpt lat="38.359099" lon="-119.623578"/>
      <trkpt lat="38.359234" lon="-119.623620"/>
      <trkpt lat="38.359354" lon="-119.623632"/>
      <trkpt lat="38.359433" lon="-119.623695"/>
      <trkpt lat="38.359506" lon="-119.623724"/>
      <trkpt lat="38.359547" lon="-119.623700"/>
      <trkpt lat="38.359585" lon="-119.623659"/>
      <trkpt lat="38.359655" lon="-119.623643"/>
      <trkpt lat="38.359716" lon="-119.623674"/>
      <trkpt lat="38.359777" lon="-119.623675"/>
      <trkpt lat="38.359820" lon="-119.623659"/>
      <trkpt lat="38.359886" lon="-119.623687"/>
      <trkpt lat="38.359919" lon="-119.623661"/>
      <trkpt lat="38.360049" lon="-119.623692"/>
      <trkpt lat="38.360109" lon="-119.623676"/>
      <trkpt lat="38.360170" lon="-119.623703"/>
      <trkpt lat="38.360210" lon="-119.623715"/>
      <trkpt lat="38.360249" lon="-119.623688"/>
      <trkpt lat="38.360272" lon="-119.623691"/>
      <trkpt lat="38.360295" lon="-119.623645"/>
      <trkpt lat="38.360331" lon="-119.623625"/>
      <trkpt lat="38.360436" lon="-119.623619"/>
      <trkpt lat="38.360498" lon="-119.623605"/>
      <trkpt lat="38.360519" lon="-119.623575"/>
      <trkpt lat="38.360546" lon="-119.623569"/>
      <trkpt lat="38.360584" lon="-119.623589"/>
      <trkpt lat="38.360629" lon="-119.623597"/>
      <trkpt lat="38.360686" lon="-119.623573"/>
      <trkpt lat="38.360730" lon="-119.623546"/>
      <trkpt lat="38.360838" lon="-119.623464"/>
      <trkpt lat="38.360889" lon="-119.623410"/>
      <trkpt lat="38.360903" lon="-119.623380"/>
      <trkpt lat="38.360945" lon="-119.623349"/>
      <trkpt lat="38.360987" lon="-119.623332"/>
      <trkpt lat="38.361037" lon="-119.623348"/>
      <trkpt lat="38.361061" lon="-119.623339"/>
      <trkpt lat="38.361078" lon="-119.623308"/>
      <trkpt lat="38.361101" lon="-119.623279"/>
      <trkpt lat="38.361143" lon="-119.623241"/>
      <trkpt lat="38.361176" lon="-119.623174"/>
      <trkpt lat="38.361197" lon="-119.623141"/>
      <trkpt lat="38.361229" lon="-119.623124"/>
      <trkpt lat="38.361250" lon="-119.623104"/>
      <trkpt lat="38.361281" lon="-119.623105"/>
      <trkpt lat="38.361306" lon="-119.623084"/>
      <trkpt lat="38.361386" lon="-119.623073"/>
      <trkpt lat="38.361423" lon="-119.623082"/>
      <trkpt lat="38.361465" lon="-119.623108"/>
      <trkpt lat="38.361498" lon="-119.623152"/>
      <trkpt lat="38.361517" lon="-119.623204"/>
      <trkpt lat="38.361529" lon="-119.623327"/>
      <trkpt lat="38.361514" lon="-119.623352"/>
      <trkpt lat="38.361503" lon="-119.623431"/>
      <trkpt lat="38.361511" lon="-119.623488"/>
      <trkpt lat="38.361536" lon="-119.623576"/>
      <trkpt lat="38.361560" lon="-119.623608"/>
      <trkpt lat="38.361581" lon="-119.623677"/>
      <trkpt lat="38.361577" lon="-119.623696"/>
      <trkpt lat="38.361561" lon="-119.623728"/>
      <trkpt lat="38.361559" lon="-119.623754"/>
      <trkpt lat="38.361574" lon="-119.623803"/>
      <trkpt lat="38.361560" lon="-119.623863"/>
      <trkpt lat="38.361558" lon="-119.623930"/>
      <trkpt lat="38.361568" lon="-119.623977"/>
      <trkpt lat="38.361563" lon="-119.624019"/>
      <trkpt lat="38.361558" lon="-119.624030"/>
      <trkpt lat="38.361559" lon="-119.624052"/>
      <trkpt lat="38.361565" lon="-119.624077"/>
      <trkpt lat="38.361590" lon="-119.624114"/>
      <trkpt lat="38.361608" lon="-119.624112"/>
      <trkpt lat="38.361627" lon="-119.624123"/>
      <trkpt lat="38.361640" lon="-119.624153"/>
      <trkpt lat="38.361636" lon="-119.624241"/>
      <trkpt lat="38.361618" lon="-119.624289"/>
      <trkpt lat="38.361618" lon="-119.624345"/>
      <trkpt lat="38.361632" lon="-119.624389"/>
      <trkpt lat="38.361668" lon="-119.624435"/>
      <trkpt lat="38.361670" lon="-119.624468"/>
      <trkpt lat="38.361706" lon="-119.624510"/>
      <trkpt lat="38.361806" lon="-119.624602"/>
      <trkpt lat="38.361861" lon="-119.624600"/>
      <trkpt lat="38.361885" lon="-119.624547"/>
      <trkpt lat="38.361920" lon="-119.624499"/>
      <trkpt lat="38.361984" lon="-119.624443"/>
      <trkpt lat="38.362032" lon="-119.624434"/>
      <trkpt lat="38.362071" lon="-119.624441"/>
      <trkpt lat="38.362123" lon="-119.624429"/>
      <trkpt lat="38.362169" lon="-119.624390"/>
      <trkpt lat="38.362200" lon="-119.624352"/>
      <trkpt lat="38.362225" lon="-119.624337"/>
      <trkpt lat="38.362262" lon="-119.624346"/>
      <trkpt lat="38.362292" lon="-119.624335"/>
      <trkpt lat="38.362364" lon="-119.624367"/>
      <trkpt lat="38.362456" lon="-119.624353"/>
      <trkpt lat="38.362556" lon="-119.624304"/>
      <trkpt lat="38.362585" lon="-119.624302"/>
      <trkpt lat="38.362680" lon="-119.624216"/>
      <trkpt lat="38.362703" lon="-119.624232"/>
      <trkpt lat="38.362723" lon="-119.624308"/>
      <trkpt lat="38.362682" lon="-119.624452"/>
      <trkpt lat="38.362554" lon="-119.624592"/>
      <trkpt lat="38.362484" lon="-119.624723"/>
      <trkpt lat="38.362415" lon="-119.624783"/>
      <trkpt lat="38.362420" lon="-119.624900"/>
      <trkpt lat="38.362395" lon="-119.625035"/>
      <trkpt lat="38.362401" lon="-119.625196"/>
      <trkpt lat="38.362442" lon="-119.625334"/>
      <trkpt lat="38.362462" lon="-119.625368"/>
      <trkpt lat="38.362481" lon="-119.625432"/>
      <trkpt lat="38.362478" lon="-119.625470"/>
      <trkpt lat="38.362589" lon="-119.625671"/>
      <trkpt lat="38.362616" lon="-119.625705"/>
      <trkpt lat="38.362719" lon="-119.625910"/>
      <trkpt lat="38.362723" lon="-119.626005"/>
      <trkpt lat="38.362751" lon="-119.626058"/>
      <trkpt lat="38.362789" lon="-119.626109"/>
      <trkpt lat="38.362825" lon="-119.626192"/>
      <trkpt lat="38.362825" lon="-119.626240"/>
      <trkpt lat="38.362836" lon="-119.626267"/>
      <trkpt lat="38.362880" lon="-119.626330"/>
      <trkpt lat="38.362907" lon="-119.626332"/>
      <trkpt lat="38.362923" lon="-119.626306"/>
      <trkpt lat="38.362925" lon="-119.626242"/>
      <trkpt lat="38.362941" lon="-119.626206"/>
      <trkpt lat="38.362952" lon="-119.626156"/>
      <trkpt lat="38.362940" lon="-119.626082"/>
      <trkpt lat="38.362954" lon="-119.626049"/>
      <trkpt lat="38.362949" lon="-119.626006"/>
      <trkpt lat="38.362940" lon="-119.625968"/>
      <trkpt lat="38.362939" lon="-119.625889"/>
      <trkpt lat="38.362958" lon="-119.625833"/>
      <trkpt lat="38.363020" lon="-119.625786"/>
      <trkpt lat="38.363096" lon="-119.625746"/>
      <trkpt lat="38.363178" lon="-119.625677"/>
      <trkpt lat="38.363228" lon="-119.625627"/>
      <trkpt lat="38.363271" lon="-119.625567"/>
      <trkpt lat="38.363308" lon="-119.625556"/>
      <trkpt lat="38.363338" lon="-119.625528"/>
      <trkpt lat="38.363357" lon="-119.625496"/>
      <trkpt lat="38.363364" lon="-119.625445"/>
      <trkpt lat="38.363378" lon="-119.625404"/>
      <trkpt lat="38.363400" lon="-119.625380"/>
      <trkpt lat="38.363431" lon="-119.625357"/>
      <trkpt lat="38.363483" lon="-119.625357"/>
      <trkpt lat="38.363530" lon="-119.625365"/>
      <trkpt lat="38.363622" lon="-119.625357"/>
      <trkpt lat="38.363637" lon="-119.625346"/>
      <trkpt lat="38.363687" lon="-119.625349"/>
      <trkpt lat="38.363732" lon="-119.625383"/>
      <trkpt lat="38.363746" lon="-119.625430"/>
      <trkpt lat="38.363729" lon="-119.625469"/>
      <trkpt lat="38.363698" lon="-119.625511"/>
      <trkpt lat="38.363672" lon="-119.625591"/>
      <trkpt lat="38.363660" lon="-119.625684"/>
      <trkpt lat="38.363636" lon="-119.625754"/>
      <trkpt lat="38.363636" lon="-119.625804"/>
      <trkpt lat="38.363660" lon="-119.625890"/>
      <trkpt lat="38.363676" lon="-119.625963"/>
      <trkpt lat="38.363657" lon="-119.626080"/>
      <trkpt lat="38.363628" lon="-119.626201"/>
      <trkpt lat="38.363608" lon="-119.626357"/>
      <trkpt lat="38.363605" lon="-119.626465"/>
      <trkpt lat="38.363621" lon="-119.626586"/>
      <trkpt lat="38.363631" lon="-119.626780"/>
      <trkpt lat="38.363643" lon="-119.626828"/>
      <trkpt lat="38.363630" lon="-119.626892"/>
      <trkpt lat="38.363628" lon="-119.626937"/>
      <trkpt lat="38.363667" lon="-119.627014"/>
      <trkpt lat="38.363721" lon="-119.627223"/>
      <trkpt lat="38.363725" lon="-119.627317"/>
      <trkpt lat="38.363776" lon="-119.627441"/>
      <trkpt lat="38.363782" lon="-119.627491"/>
      <trkpt lat="38.363803" lon="-119.627531"/>
      <trkpt lat="38.363861" lon="-119.627616"/>
      <trkpt lat="38.363953" lon="-119.627812"/>
      <trkpt lat="38.363975" lon="-119.627848"/>
      <trkpt lat="38.364102" lon="-119.627914"/>
      <trkpt lat="38.364211" lon="-119.628014"/>
      <trkpt lat="38.364272" lon="-119.628053"/>
      <trkpt lat="38.364321" lon="-119.628091"/>
      <trkpt lat="38.364477" lon="-119.628156"/>
      <trkpt lat="38.364781" lon="-119.628308"/>
      <trkpt lat="38.364808" lon="-119.628328"/>
      <trkpt lat="38.364830" lon="-119.628354"/>
      <trkpt lat="38.364868" lon="-119.628354"/>
      <trkpt lat="38.364905" lon="-119.628342"/>
      <trkpt lat="38.364990" lon="-119.628358"/>
      <trkpt lat="38.365092" lon="-119.628357"/>
      <trkpt lat="38.365240" lon="-119.628389"/>
      <trkpt lat="38.365324" lon="-119.628392"/>
      <trkpt lat="38.365442" lon="-119.628377"/>
      <trkpt lat="38.365538" lon="-119.628418"/>
      <trkpt lat="38.365594" lon="-119.628456"/>
      <trkpt lat="38.365712" lon="-119.628461"/>
      <trkpt lat="38.365959" lon="-119.628562"/>
      <trkpt lat="38.366065" lon="-119.628600"/>
      <trkpt lat="38.366183" lon="-119.628558"/>
      <trkpt lat="38.366291" lon="-119.628573"/>
      <trkpt lat="38.366317" lon="-119.628613"/>
      <trkpt lat="38.366432" lon="-119.628644"/>
      <trkpt lat="38.366512" lon="-119.628644"/>
      <trkpt lat="38.366583" lon="-119.628588"/>
      <trkpt lat="38.366680" lon="-119.628593"/>
      <trkpt lat="38.366760" lon="-119.628664"/>
      <trkpt lat="38.366856" lon="-119.628673"/>
      <trkpt lat="38.366955" lon="-119.628633"/>
      <trkpt lat="38.367035" lon="-119.628705"/>
      <trkpt lat="38.367290" lon="-119.628790"/>
      <trkpt lat="38.367371" lon="-119.628797"/>
      <trkpt lat="38.367456" lon="-119.628723"/>
      <trkpt lat="38.367527" lon="-119.628715"/>
      <trkpt lat="38.367585" lon="-119.628728"/>
      <trkpt lat="38.367664" lon="-119.628809"/>
      <trkpt lat="38.367788" lon="-119.628900"/>
      <trkpt lat="38.367814" lon="-119.628953"/>
      <trkpt lat="38.367918" lon="-119.629057"/>
      <trkpt lat="38.367959" lon="-119.629081"/>
      <trkpt lat="38.368033" lon="-119.629058"/>
      <trkpt lat="38.368107" lon="-119.629075"/>
      <trkpt lat="38.368219" lon="-119.629163"/>
      <trkpt lat="38.368347" lon="-119.629227"/>
      <trkpt lat="38.368487" lon="-119.629263"/>
      <trkpt lat="38.368565" lon="-119.629309"/>
      <trkpt lat="38.368761" lon="-119.629479"/>
      <trkpt lat="38.368814" lon="-119.629518"/>
      <trkpt lat="38.368871" lon="-119.629544"/>
      <trkpt lat="38.368942" lon="-119.629554"/>
      <trkpt lat="38.369025" lon="-119.629540"/>
      <trkpt lat="38.369077" lon="-119.629552"/>
      <trkpt lat="38.369108" lon="-119.629538"/>
      <trkpt lat="38.369131" lon="-119.629502"/>
      <trkpt lat="38.369205" lon="-119.629462"/>
      <trkpt lat="38.369242" lon="-119.629404"/>
      <trkpt lat="38.369297" lon="-119.629355"/>
      <trkpt lat="38.369338" lon="-119.629329"/>
      <trkpt lat="38.369390" lon="-119.629333"/>
      <trkpt lat="38.369446" lon="-119.629367"/>
      <trkpt lat="38.369532" lon="-119.629384"/>
      <trkpt lat="38.369692" lon="-119.629432"/>
      <trkpt lat="38.369777" lon="-119.629430"/>
      <trkpt lat="38.369895" lon="-119.629468"/>
      <trkpt lat="38.369900" lon="-119.629527"/>
      <trkpt lat="38.369824" lon="-119.629696"/>
      <trkpt lat="38.369823" lon="-119.629757"/>
      <trkpt lat="38.369828" lon="-119.629833"/>
      <trkpt lat="38.369804" lon="-119.629896"/>
      <trkpt lat="38.369795" lon="-119.629957"/>
      <trkpt lat="38.369786" lon="-119.630142"/>
      <trkpt lat="38.369812" lon="-119.630207"/>
      <trkpt lat="38.369923" lon="-119.630289"/>
      <trkpt lat="38.370098" lon="-119.630490"/>
      <trkpt lat="38.370126" lon="-119.630573"/>
      <trkpt lat="38.370172" lon="-119.630663"/>
      <trkpt lat="38.370216" lon="-119.630725"/>
      <trkpt lat="38.370277" lon="-119.630768"/>
      <trkpt lat="38.370400" lon="-119.630838"/>
      <trkpt lat="38.370665" lon="-119.630932"/>
      <trkpt lat="38.370720" lon="-119.630992"/>
      <trkpt lat="38.370767" lon="-119.631073"/>
      <trkpt lat="38.370794" lon="-119.631153"/>
      <trkpt lat="38.370792" lon="-119.631274"/>
      <trkpt lat="38.370795" lon="-119.631357"/>
      <trkpt lat="38.370822" lon="-119.631421"/>
      <trkpt lat="38.370880" lon="-119.631502"/>
      <trkpt lat="38.370955" lon="-119.631570"/>
      <trkpt lat="38.371085" lon="-119.631620"/>
      <trkpt lat="38.371177" lon="-119.631685"/>
      <trkpt lat="38.371294" lon="-119.631810"/>
      <trkpt lat="38.371313" lon="-119.631895"/>
      <trkpt lat="38.371372" lon="-119.631918"/>
      <trkpt lat="38.371421" lon="-119.631952"/>
      <trkpt lat="38.371457" lon="-119.631999"/>
      <trkpt lat="38.371461" lon="-119.632080"/>
      <trkpt lat="38.371489" lon="-119.632161"/>
      <trkpt lat="38.371525" lon="-119.632203"/>
      <trkpt lat="38.371564" lon="-119.632317"/>
      <trkpt lat="38.371557" lon="-119.632481"/>
      <trkpt lat="38.371573" lon="-119.632570"/>
      <trkpt lat="38.371610" lon="-119.632643"/>
      <trkpt lat="38.371798" lon="-119.632975"/>
      <trkpt lat="38.371800" lon="-119.633073"/>
      <trkpt lat="38.371816" lon="-119.633166"/>
      <trkpt lat="38.371914" lon="-119.633340"/>
      <trkpt lat="38.371942" lon="-119.633430"/>
      <trkpt lat="38.372072" lon="-119.633606"/>
      <trkpt lat="38.372136" lon="-119.633708"/>
      <trkpt lat="38.372337" lon="-119.633852"/>
      <trkpt lat="38.372371" lon="-119.633913"/>
      <trkpt lat="38.372407" lon="-119.633987"/>
      <trkpt lat="38.372446" lon="-119.634030"/>
      <trkpt lat="38.372478" lon="-119.634103"/>
      <trkpt lat="38.372614" lon="-119.634152"/>
      <trkpt lat="38.372707" lon="-119.634203"/>
      <trkpt lat="38.372746" lon="-119.634236"/>
      <trkpt lat="38.372790" lon="-119.634302"/>
      <trkpt lat="38.372838" lon="-119.634390"/>
      <trkpt lat="38.372847" lon="-119.634495"/>
      <trkpt lat="38.372884" lon="-119.634590"/>
      <trkpt lat="38.372980" lon="-119.634647"/>
      <trkpt lat="38.373061" lon="-119.634778"/>
      <trkpt lat="38.373123" lon="-119.634900"/>
      <trkpt lat="38.373209" lon="-119.635003"/>
      <trkpt lat="38.373282" lon="-119.635062"/>
      <trkpt lat="38.373377" lon="-119.635094"/>
      <trkpt lat="38.373582" lon="-119.635115"/>
      <trkpt lat="38.373639" lon="-119.635135"/>
      <trkpt lat="38.373677" lon="-119.635175"/>
      <trkpt lat="38.373720" lon="-119.635243"/>
      <trkpt lat="38.373742" lon="-119.635315"/>
      <trkpt lat="38.373798" lon="-119.635379"/>
      <trkpt lat="38.373879" lon="-119.635368"/>
      <trkpt lat="38.373946" lon="-119.635377"/>
      <trkpt lat="38.373997" lon="-119.635402"/>
      <trkpt lat="38.374069" lon="-119.635457"/>
      <trkpt lat="38.374218" lon="-119.635582"/>
      <trkpt lat="38.374284" lon="-119.635596"/>
      <trkpt lat="38.374363" lon="-119.635607"/>
      <trkpt lat="38.374403" lon="-119.635593"/>
      <trkpt lat="38.374440" lon="-119.635608"/>
      <trkpt lat="38.374538" lon="-119.635774"/>
      <trkpt lat="38.374576" lon="-119.635823"/>
      <trkpt lat="38.374617" lon="-119.635830"/>
      <trkpt lat="38.374677" lon="-119.635888"/>
      <trkpt lat="38.374779" lon="-119.635942"/>
      <trkpt lat="38.374824" lon="-119.635938"/>
      <trkpt lat="38.374899" lon="-119.635978"/>
      <trkpt lat="38.374921" lon="-119.636017"/>
      <trkpt lat="38.374972" lon="-119.636047"/>
      <trkpt lat="38.375004" lon="-119.636051"/>
      <trkpt lat="38.375033" lon="-119.636031"/>
      <trkpt lat="38.375152" lon="-119.635988"/>
      <trkpt lat="38.375203" lon="-119.635993"/>
      <trkpt lat="38.375260" lon="-119.636021"/>
      <trkpt lat="38.375358" lon="-119.636022"/>
      <trkpt lat="38.375400" lon="-119.636041"/>
      <trkpt lat="38.375458" lon="-119.636020"/>
      <trkpt lat="38.375503" lon="-119.636016"/>
      <trkpt lat="38.375536" lon="-119.636020"/>
      <trkpt lat="38.375556" lon="-119.636044"/>
      <trkpt lat="38.375575" lon="-119.636053"/>
      <trkpt lat="38.375607" lon="-119.636048"/>
      <trkpt lat="38.375632" lon="-119.636051"/>
      <trkpt lat="38.375654" lon="-119.636065"/>
      <trkpt lat="38.375703" lon="-119.636065"/>
      <trkpt lat="38.375725" lon="-119.636059"/>
      <trkpt lat="38.375832" lon="-119.636098"/>
      <trkpt lat="38.375875" lon="-119.636108"/>
      <trkpt lat="38.375915" lon="-119.636150"/>
      <trkpt lat="38.375961" lon="-119.636179"/>
      <trkpt lat="38.375991" lon="-119.636161"/>
      <trkpt lat="38.376024" lon="-119.636151"/>
      <trkpt lat="38.376052" lon="-119.636167"/>
      <trkpt lat="38.376168" lon="-119.636273"/>
      <trkpt lat="38.376257" lon="-119.636316"/>
      <trkpt lat="38.376365" lon="-119.636301"/>
      <trkpt lat="38.376418" lon="-119.636352"/>
      <trkpt lat="38.376446" lon="-119.636352"/>
      <trkpt lat="38.376457" lon="-119.636305"/>
      <trkpt lat="38.376440" lon="-119.636236"/>
      <trkpt lat="38.376439" lon="-119.636187"/>
      <trkpt lat="38.376454" lon="-119.636142"/>
      <trkpt lat="38.376479" lon="-119.636124"/>
      <trkpt lat="38.376517" lon="-119.636120"/>
      <trkpt lat="38.376665" lon="-119.636150"/>
      <trkpt lat="38.376728" lon="-119.636200"/>
      <trkpt lat="38.376787" lon="-119.636218"/>
      <trkpt lat="38.376813" lon="-119.636197"/>
      <trkpt lat="38.376863" lon="-119.636166"/>
      <trkpt lat="38.377077" lon="-119.636238"/>
      <trkpt lat="38.377276" lon="-119.636277"/>
      <trkpt lat="38.377382" lon="-119.636358"/>
      <trkpt lat="38.377491" lon="-119.636378"/>
      <trkpt lat="38.377655" lon="-119.636335"/>
      <trkpt lat="38.377820" lon="-119.636283"/>
      <trkpt lat="38.377969" lon="-119.636280"/>
      <trkpt lat="38.378195" lon="-119.636297"/>
      <trkpt lat="38.378337" lon="-119.636321"/>
      <trkpt lat="38.378425" lon="-119.636271"/>
      <trkpt lat="38.378726" lon="-119.636331"/>
      <trkpt lat="38.379033" lon="-119.636508"/>
      <trkpt lat="38.379301" lon="-119.636645"/>
      <trkpt lat="38.379442" lon="-119.636747"/>
      <trkpt lat="38.379547" lon="-119.636838"/>
      <trkpt lat="38.379663" lon="-119.636877"/>
      <trkpt lat="38.379797" lon="-119.636905"/>
      <trkpt lat="38.379867" lon="-119.636959"/>
      <trkpt lat="38.379920" lon="-119.637017"/>
      <trkpt lat="38.379990" lon="-119.637051"/>
      <trkpt lat="38.380037" lon="-119.637062"/>
      <trkpt lat="38.380162" lon="-119.637079"/>
      <trkpt lat="38.380343" lon="-119.637063"/>
      <trkpt lat="38.380659" lon="-119.637130"/>
      <trkpt lat="38.380698" lon="-119.637157"/>
      <trkpt lat="38.380838" lon="-119.637271"/>
      <trkpt lat="38.380917" lon="-119.637360"/>
      <trkpt lat="38.380969" lon="-119.637400"/>
      <trkpt lat="38.381037" lon="-119.637401"/>
      <trkpt lat="38.381083" lon="-119.637431"/>
      <trkpt lat="38.381179" lon="-119.637569"/>
      <trkpt lat="38.381271" lon="-119.637726"/>
      <trkpt lat="38.381495" lon="-119.637931"/>
      <trkpt lat="38.381589" lon="-119.638011"/>
      <trkpt lat="38.381664" lon="-119.638038"/>
      <trkpt lat="38.381747" lon="-119.638048"/>
      <trkpt lat="38.381853" lon="-119.638109"/>
      <trkpt lat="38.382027" lon="-119.638257"/>
      <trkpt lat="38.382108" lon="-119.638360"/>
      <trkpt lat="38.382180" lon="-119.638489"/>
      <trkpt lat="38.382368" lon="-119.638786"/>
      <trkpt lat="38.382522" lon="-119.639060"/>
      <trkpt lat="38.382643" lon="-119.639241"/>
      <trkpt lat="38.382711" lon="-119.639318"/>
      <trkpt lat="38.382773" lon="-119.639410"/>
      <trkpt lat="38.382845" lon="-119.639480"/>
      <trkpt lat="38.382950" lon="-119.639525"/>
      <trkpt lat="38.383181" lon="-119.639590"/>
      <trkpt lat="38.383257" lon="-119.639618"/>
      <trkpt lat="38.383320" lon="-119.639651"/>
      <trkpt lat="38.383370" lon="-119.639739"/>
      <trkpt lat="38.383432" lon="-119.639798"/>
      <trkpt lat="38.383522" lon="-119.639815"/>
      <trkpt lat="38.383725" lon="-119.639842"/>
      <trkpt lat="38.383827" lon="-119.639800"/>
      <trkpt lat="38.383924" lon="-119.639806"/>
      <trkpt lat="38.384000" lon="-119.639850"/>
      <trkpt lat="38.384061" lon="-119.639922"/>
      <trkpt lat="38.384131" lon="-119.640046"/>
      <trkpt lat="38.384256" lon="-119.640138"/>
      <trkpt lat="38.384398" lon="-119.640195"/>
      <trkpt lat="38.384509" lon="-119.640256"/>
      <trkpt lat="38.384595" lon="-119.640314"/>
      <trkpt lat="38.384647" lon="-119.640382"/>
      <trkpt lat="38.384700" lon="-119.640495"/>
      <trkpt lat="38.384743" lon="-119.640558"/>
      <trkpt lat="38.384781" lon="-119.640584"/>
      <trkpt lat="38.384842" lon="-119.640602"/>
      <trkpt lat="38.384957" lon="-119.640708"/>
      <trkpt lat="38.385023" lon="-119.640801"/>
      <trkpt lat="38.385140" lon="-119.641029"/>
      <trkpt lat="38.385302" lon="-119.641300"/>
      <trkpt lat="38.385352" lon="-119.641425"/>
      <trkpt lat="38.385322" lon="-119.641540"/>
      <trkpt lat="38.385336" lon="-119.641627"/>
      <trkpt lat="38.385330" lon="-119.641693"/>
      <trkpt lat="38.385309" lon="-119.641707"/>
      <trkpt lat="38.385255" lon="-119.641628"/>
      <trkpt lat="38.385220" lon="-119.641617"/>
      <trkpt lat="38.385159" lon="-119.641683"/>
      <trkpt lat="38.385135" lon="-119.641818"/>
      <trkpt lat="38.385204" lon="-119.642052"/>
      <trkpt lat="38.385300" lon="-119.642332"/>
      <trkpt lat="38.385436" lon="-119.642496"/>
      <trkpt lat="38.385520" lon="-119.642530"/>
      <trkpt lat="38.385684" lon="-119.642727"/>
      <trkpt lat="38.385721" lon="-119.642795"/>
      <trkpt lat="38.385830" lon="-119.642876"/>
      <trkpt lat="38.385964" lon="-119.643000"/>
      <trkpt lat="38.386068" lon="-119.643110"/>
      <trkpt lat="38.386218" lon="-119.643242"/>
      <trkpt lat="38.386436" lon="-119.643498"/>
      <trkpt lat="38.386570" lon="-119.643535"/>
      <trkpt lat="38.386708" lon="-119.643600"/>
      <trkpt lat="38.386831" lon="-119.643664"/>
      <trkpt lat="38.386958" lon="-119.643757"/>
      <trkpt lat="38.387096" lon="-119.643879"/>
      <trkpt lat="38.387341" lon="-119.644111"/>
      <trkpt lat="38.387473" lon="-119.644167"/>
      <trkpt lat="38.387577" lon="-119.644261"/>
      <trkpt lat="38.387715" lon="-119.644524"/>
      <trkpt lat="38.387755" lon="-119.644552"/>
      <trkpt lat="38.387970" lon="-119.644615"/>
      <trkpt lat="38.388026" lon="-119.644592"/>
      <trkpt lat="38.388095" lon="-119.644651"/>
      <trkpt lat="38.388129" lon="-119.644740"/>
      <trkpt lat="38.388212" lon="-119.644817"/>
      <trkpt lat="38.388419" lon="-119.644992"/>
      <trkpt lat="38.388493" lon="-119.645146"/>
      <trkpt lat="38.388590" lon="-119.645425"/>
      <trkpt lat="38.388779" lon="-119.645528"/>
      <trkpt lat="38.388833" lon="-119.645609"/>
      <trkpt lat="38.388829" lon="-119.645697"/>
      <trkpt lat="38.388873" lon="-119.645799"/>
      <trkpt lat="38.388929" lon="-119.645862"/>
      <trkpt lat="38.389046" lon="-119.645917"/>
      <trkpt lat="38.389149" lon="-119.646055"/>
      <trkpt lat="38.389248" lon="-119.646265"/>
      <trkpt lat="38.389417" lon="-119.646552"/>
      <trkpt lat="38.389490" lon="-119.646645"/>
      <trkpt lat="38.389593" lon="-119.646746"/>
      <trkpt lat="38.389716" lon="-119.646814"/>
      <trkpt lat="38.389819" lon="-119.646828"/>
      <trkpt lat="38.389970" lon="-119.646810"/>
      <trkpt lat="38.390048" lon="-119.646834"/>
      <trkpt lat="38.390157" lon="-119.647005"/>
      <trkpt lat="38.390186" lon="-119.647119"/>
      <trkpt lat="38.390206" lon="-119.647266"/>
      <trkpt lat="38.390210" lon="-119.647367"/>
      <trkpt lat="38.390254" lon="-119.647462"/>
      <trkpt lat="38.390306" lon="-119.647512"/>
      <trkpt lat="38.390406" lon="-119.647547"/>
      <trkpt lat="38.390475" lon="-119.647678"/>
      <trkpt lat="38.390515" lon="-119.647774"/>
      <trkpt lat="38.390559" lon="-119.647777"/>
      <trkpt lat="38.390639" lon="-119.647793"/>
      <trkpt lat="38.390692" lon="-119.647855"/>
      <trkpt lat="38.390817" lon="-119.647941"/>
      <trkpt lat="38.390861" lon="-119.648049"/>
      <trkpt lat="38.390936" lon="-119.648125"/>
      <trkpt lat="38.391000" lon="-119.648225"/>
      <trkpt lat="38.391027" lon="-119.648335"/>
      <trkpt lat="38.391031" lon="-119.648440"/>
      <trkpt lat="38.391058" lon="-119.648538"/>
      <trkpt lat="38.391109" lon="-119.648613"/>
      <trkpt lat="38.391211" lon="-119.648684"/>
      <trkpt lat="38.391271" lon="-119.648737"/>
      <trkpt lat="38.391366" lon="-119.648998"/>
      <trkpt lat="38.391376" lon="-119.649104"/>
      <trkpt lat="38.391422" lon="-119.649214"/>
      <trkpt lat="38.391569" lon="-119.649413"/>
      <trkpt lat="38.391632" lon="-119.649565"/>
      <trkpt lat="38.391710" lon="-119.649664"/>
      <trkpt lat="38.391763" lon="-119.649802"/>
      <trkpt lat="38.391798" lon="-119.649958"/>
      <trkpt lat="38.391874" lon="-119.650091"/>
      <trkpt lat="38.392083" lon="-119.650610"/>
      <trkpt lat="38.392135" lon="-119.650816"/>
      <trkpt lat="38.392167" lon="-119.651036"/>
      <trkpt lat="38.392194" lon="-119.651166"/>
      <trkpt lat="38.392377" lon="-119.651637"/>
      <trkpt lat="38.392388" lon="-119.651744"/>
      <trkpt lat="38.392393" lon="-119.651842"/>
      <trkpt lat="38.392449" lon="-119.651897"/>
      <trkpt lat="38.392538" lon="-119.651929"/>
      <trkpt lat="38.392632" lon="-119.651995"/>
      <trkpt lat="38.392730" lon="-119.652057"/>
      <trkpt lat="38.392885" lon="-119.652045"/>
      <trkpt lat="38.392974" lon="-119.652065"/>
      <trkpt lat="38.393063" lon="-119.652128"/>
      <trkpt lat="38.393193" lon="-119.652260"/>
      <trkpt lat="38.393335" lon="-119.652358"/>
      <trkpt lat="38.393430" lon="-119.652390"/>
      <trkpt lat="38.393523" lon="-119.652501"/>
      <trkpt lat="38.393534" lon="-119.652558"/>
      <trkpt lat="38.393575" lon="-119.652611"/>
      <trkpt lat="38.393654" lon="-119.652647"/>
      <trkpt lat="38.393719" lon="-119.652700"/>
      <trkpt lat="38.393740" lon="-119.652739"/>
      <trkpt lat="38.393740" lon="-119.652879"/>
      <trkpt lat="38.393758" lon="-119.653046"/>
      <trkpt lat="38.393797" lon="-119.653183"/>
      <trkpt lat="38.393921" lon="-119.653392"/>
      <trkpt lat="38.393942" lon="-119.653456"/>
      <trkpt lat="38.393916" lon="-119.653599"/>
      <trkpt lat="38.393954" lon="-119.653675"/>
      <trkpt lat="38.394125" lon="-119.653815"/>
      <trkpt lat="38.394355" lon="-119.653952"/>
      <trkpt lat="38.394498" lon="-119.654098"/>
      <trkpt lat="38.394667" lon="-119.654247"/>
      <trkpt lat="38.394765" lon="-119.654326"/>
      <trkpt lat="38.394875" lon="-119.654353"/>
      <trkpt lat="38.395047" lon="-119.654345"/>
      <trkpt lat="38.395343" lon="-119.654420"/>
      <trkpt lat="38.395558" lon="-119.654385"/>
      <trkpt lat="38.395672" lon="-119.654418"/>
      <trkpt lat="38.395765" lon="-119.654544"/>
      <trkpt lat="38.395893" lon="-119.654642"/>
      <trkpt lat="38.395888" lon="-119.654750"/>
      <trkpt lat="38.395982" lon="-119.654900"/>
      <trkpt lat="38.396052" lon="-119.655025"/>
      <trkpt lat="38.396122" lon="-119.655096"/>
      <trkpt lat="38.396188" lon="-119.655109"/>
      <trkpt lat="38.396267" lon="-119.655095"/>
      <trkpt lat="38.396388" lon="-119.655140"/>
      <trkpt lat="38.396501" lon="-119.655147"/>
      <trkpt lat="38.396547" lon="-119.655186"/>
      <trkpt lat="38.396603" lon="-119.655160"/>
      <trkpt lat="38.396642" lon="-119.655074"/>
      <trkpt lat="38.396694" lon="-119.655004"/>
      <trkpt lat="38.396697" lon="-119.654968"/>
      <trkpt lat="38.396745" lon="-119.654973"/>
      <trkpt lat="38.396769" lon="-119.655058"/>
      <trkpt lat="38.396837" lon="-119.655243"/>
      <trkpt lat="38.396940" lon="-119.655322"/>
      <trkpt lat="38.397021" lon="-119.655396"/>
      <trkpt lat="38.397073" lon="-119.655535"/>
      <trkpt lat="38.397088" lon="-119.655646"/>
      <trkpt lat="38.397145" lon="-119.655781"/>
      <trkpt lat="38.397206" lon="-119.655868"/>
      <trkpt lat="38.397271" lon="-119.655945"/>
      <trkpt lat="38.397394" lon="-119.655989"/>
      <trkpt lat="38.397482" lon="-119.656005"/>
      <trkpt lat="38.397522" lon="-119.656037"/>
      <trkpt lat="38.397567" lon="-119.656084"/>
      <trkpt lat="38.397626" lon="-119.656193"/>
      <trkpt lat="38.397727" lon="-119.656273"/>
      <trkpt lat="38.397774" lon="-119.656341"/>
      <trkpt lat="38.397814" lon="-119.656430"/>
      <trkpt lat="38.397851" lon="-119.656454"/>
      <trkpt lat="38.397890" lon="-119.656449"/>
      <trkpt lat="38.397922" lon="-119.656421"/>
      <trkpt lat="38.397963" lon="-119.656425"/>
      <trkpt lat="38.398008" lon="-119.656481"/>
      <trkpt lat="38.398101" lon="-119.656527"/>
      <trkpt lat="38.398136" lon="-119.656583"/>
      <trkpt lat="38.398169" lon="-119.656594"/>
      <trkpt lat="38.398202" lon="-119.656582"/>
      <trkpt lat="38.398336" lon="-119.656582"/>
      <trkpt lat="38.398423" lon="-119.656625"/>
      <trkpt lat="38.398482" lon="-119.656697"/>
      <trkpt lat="38.398540" lon="-119.656785"/>
      <trkpt lat="38.398604" lon="-119.656822"/>
      <trkpt lat="38.398689" lon="-119.656799"/>
      <trkpt lat="38.398781" lon="-119.656717"/>
      <trkpt lat="38.398820" lon="-119.656718"/>
      <trkpt lat="38.398846" lon="-119.656760"/>
      <trkpt lat="38.398851" lon="-119.656831"/>
      <trkpt lat="38.398875" lon="-119.656877"/>
      <trkpt lat="38.399024" lon="-119.656860"/>
      <trkpt lat="38.399157" lon="-119.656899"/>
      <trkpt lat="38.399227" lon="-119.656847"/>
      <trkpt lat="38.399283" lon="-119.656843"/>
      <trkpt lat="38.399371" lon="-119.656917"/>
      <trkpt lat="38.399423" lon="-119.656954"/>
      <trkpt lat="38.399698" lon="-119.656961"/>
      <trkpt lat="38.399801" lon="-119.656992"/>
      <trkpt lat="38.399833" lon="-119.657033"/>
      <trkpt lat="38.399888" lon="-119.657040"/>
      <trkpt lat="38.399966" lon="-119.657001"/>
      <trkpt lat="38.400044" lon="-119.657052"/>
      <trkpt lat="38.400197" lon="-119.657099"/>
      <trkpt lat="38.400394" lon="-119.657307"/>
      <trkpt lat="38.400595" lon="-119.657410"/>
      <trkpt lat="38.400793" lon="-119.657440"/>
      <trkpt lat="38.400934" lon="-119.657502"/>
      <trkpt lat="38.401131" lon="-119.657630"/>
      <trkpt lat="38.401255" lon="-119.657703"/>
      <trkpt lat="38.401344" lon="-119.657764"/>
      <trkpt lat="38.401459" lon="-119.657864"/>
      <trkpt lat="38.401482" lon="-119.657942"/>
      <trkpt lat="38.401528" lon="-119.657942"/>
      <trkpt lat="38.401571" lon="-119.657869"/>
      <trkpt lat="38.401632" lon="-119.657609"/>
      <trkpt lat="38.401611" lon="-119.657389"/>
      <trkpt lat="38.401640" lon="-119.657381"/>
      <trkpt lat="38.401714" lon="-119.657496"/>
      <trkpt lat="38.401827" lon="-119.657571"/>
      <trkpt lat="38.401913" lon="-119.657582"/>
      <trkpt lat="38.401991" lon="-119.657700"/>
      <trkpt lat="38.401995" lon="-119.657810"/>
      <trkpt lat="38.402029" lon="-119.657874"/>
      <trkpt lat="38.402176" lon="-119.657982"/>
      <trkpt lat="38.402443" lon="-119.658081"/>
      <trkpt lat="38.402582" lon="-119.658156"/>
      <trkpt lat="38.402672" lon="-119.658269"/>
      <trkpt lat="38.402733" lon="-119.658422"/>
      <trkpt lat="38.402805" lon="-119.658515"/>
      <trkpt lat="38.402933" lon="-119.658577"/>
      <trkpt lat="38.403072" lon="-119.658671"/>
      <trkpt lat="38.403191" lon="-119.658765"/>
      <trkpt lat="38.403250" lon="-119.658863"/>
      <trkpt lat="38.403393" lon="-119.658998"/>
      <trkpt lat="38.403563" lon="-119.659122"/>
      <trkpt lat="38.403680" lon="-119.659235"/>
      <trkpt lat="38.403805" lon="-119.659411"/>
      <trkpt lat="38.403870" lon="-119.659567"/>
      <trkpt lat="38.404019" lon="-119.659744"/>
      <trkpt lat="38.404213" lon="-119.659859"/>
      <trkpt lat="38.404474" lon="-119.660050"/>
      <trkpt lat="38.404595" lon="-119.660184"/>
      <trkpt lat="38.404768" lon="-119.660248"/>
      <trkpt lat="38.404890" lon="-119.660412"/>
      <trkpt lat="38.405024" lon="-119.660573"/>
      <trkpt lat="38.405178" lon="-119.660651"/>
      <trkpt lat="38.405304" lon="-119.660656"/>
      <trkpt lat="38.405398" lon="-119.660622"/>
      <trkpt lat="38.405434" lon="-119.660677"/>
      <trkpt lat="38.405470" lon="-119.660836"/>
      <trkpt lat="38.405535" lon="-119.660935"/>
      <trkpt lat="38.405615" lon="-119.661010"/>
      <trkpt lat="38.405703" lon="-119.661034"/>
      <trkpt lat="38.405810" lon="-119.661107"/>
      <trkpt lat="38.405878" lon="-119.661255"/>
      <trkpt lat="38.406128" lon="-119.661538"/>
      <trkpt lat="38.406174" lon="-119.661624"/>
      <trkpt lat="38.406365" lon="-119.661683"/>
      <trkpt lat="38.406603" lon="-119.661911"/>
      <trkpt lat="38.406674" lon="-119.662069"/>
      <trkpt lat="38.406813" lon="-119.662236"/>
      <trkpt lat="38.407022" lon="-119.662357"/>
      <trkpt lat="38.407094" lon="-119.662413"/>
      <trkpt lat="38.407271" lon="-119.662445"/>
      <trkpt lat="38.407420" lon="-119.662522"/>
      <trkpt lat="38.407481" lon="-119.662686"/>
      <trkpt lat="38.407572" lon="-119.662989"/>
      <trkpt lat="38.407645" lon="-119.663252"/>
      <trkpt lat="38.407718" lon="-119.663360"/>
      <trkpt lat="38.407874" lon="-119.663574"/>
      <trkpt lat="38.407939" lon="-119.663714"/>
      <trkpt lat="38.407963" lon="-119.663840"/>
      <trkpt lat="38.408036" lon="-119.664001"/>
      <trkpt lat="38.408267" lon="-119.664400"/>
      <trkpt lat="38.408524" lon="-119.664894"/>
      <trkpt lat="38.408692" lon="-119.665122"/>
      <trkpt lat="38.408786" lon="-119.665143"/>
      <trkpt lat="38.409041" lon="-119.664988"/>
      <trkpt lat="38.409143" lon="-119.664952"/>
      <trkpt lat="38.409283" lon="-119.664993"/>
      <trkpt lat="38.409413" lon="-119.665022"/>
      <trkpt lat="38.409533" lon="-119.665039"/>
      <trkpt lat="38.409655" lon="-119.665039"/>
      <trkpt lat="38.409745" lon="-119.665020"/>
      <trkpt lat="38.409850" lon="-119.664942"/>
      <trkpt lat="38.409961" lon="-119.664918"/>
      <trkpt lat="38.410020" lon="-119.664980"/>
      <trkpt lat="38.410117" lon="-119.665020"/>
      <trkpt lat="38.410224" lon="-119.665009"/>
      <trkpt lat="38.410378" lon="-119.665060"/>
    </trkseg>
  </trk>
</gpx>
