<?xml version="1.0" encoding="UTF-8"?>
<gpx version="1.1" creator="unburnt" xmlns="http://www.topografix.com/GPX/1/1">
  <metadata><name>PCT - Washington Section J</name><copyright author="OpenStreetMap contributors"><license>https://opendatacommons.org/licenses/odbl/</license></copyright></metadata>
  <trk><name>PCT - Washington Section J</name>
    <trkseg>
      <trkpt lat="47.427129" lon="-121.415303"/>
      <trkpt lat="47.427277" lon="-121.415205"/>
      <trkpt lat="47.427404" lon="-121.415170"/>
      <trkpt lat="47.427488" lon="-121.415077"/>
      <trkpt lat="47.427668" lon="-121.414974"/>
      <trkpt lat="47.427709" lon="-121.414793"/>
      <trkpt lat="47.427636" lon="-121.414690"/>
      <trkpt lat="47.427554" lon="-121.414623"/>
      <trkpt lat="47.427445" lon="-121.414463"/>
      <trkpt lat="47.427431" lon="-121.414228"/>
      <trkpt lat="47.427515" lon="-121.414085"/>
      <trkpt lat="47.427663" lon="-121.414045"/>
      <trkpt lat="47.427750" lon="-121.413994"/>
      <trkpt lat="47.427762" lon="-121.413859"/>
      <trkpt lat="47.427735" lon="-121.413783"/>
      <trkpt lat="47.427621" lon="-121.413748"/>
      <trkpt lat="47.427452" lon="-121.413797"/>
      <trkpt lat="47.427371" lon="-121.413703"/>
      <trkpt lat="47.427415" lon="-121.413588"/>
      <trkpt lat="47.427538" lon="-121.413432"/>
      <trkpt lat="47.427563" lon="-121.413167"/>
      <trkpt lat="47.427514" lon="-121.413121"/>
      <trkpt lat="47.427410" lon="-121.412988"/>
      <trkpt lat="47.427326" lon="-121.412845"/>
      <trkpt lat="47.427222" lon="-121.412690"/>
      <trkpt lat="47.427169" lon="-121.412457"/>
      <trkpt lat="47.427165" lon="-121.412209"/>
      <trkpt lat="47.427121" lon="-121.412038"/>
      <trkpt lat="47.427147" lon="-121.411864"/>
      <trkpt lat="47.427202" lon="-121.411771"/>
      <trkpt lat="47.427255" lon="-121.411719"/>
      <trkpt lat="47.427280" lon="-121.411648"/>
      <trkpt lat="47.427223" lon="-121.411543"/>
      <trkpt lat="47.427087" lon="-121.411437"/>
      <trkpt lat="47.427038" lon="-121.411296"/>
      <trkpt lat="47.427009" lon="-121.410915"/>
      <trkpt lat="47.427042" lon="-121.410674"/>
      <trkpt lat="47.426972" lon="-121.410488"/>
      <trkpt lat="47.426857" lon="-121.410325"/>
      <trkpt lat="47.426810" lon="-121.409966"/>
      <trkpt lat="47.426812" lon="-121.409758"/>
      <trkpt lat="47.426824" lon="-121.409585"/>
      <trkpt lat="47.426873" lon="-121.409425"/>
      <trkpt lat="47.426913" lon="-121.409156"/>
      <trkpt lat="47.426911" lon="-121.408979"/>
      <trkpt lat="47.426906" lon="-121.408893"/>
      <trkpt lat="47.426882" lon="-121.408815"/>
      <trkpt lat="47.426848" lon="-121.408732"/>
      <trkpt lat="47.426759" lon="-121.408662"/>
      <trkpt lat="47.426672" lon="-121.408625"/>
      <trkpt lat="47.426583" lon="-121.408576"/>
      <trkpt lat="47.426463" lon="-121.408504"/>
      <trkpt lat="47.426403" lon="-121.408453"/>
      <trkpt lat="47.426329" lon="-121.408365"/>
      <trkpt lat="47.426229" lon="-121.408220"/>
      <trkpt lat="47.426164" lon="-121.407984"/>
      <trkpt lat="47.426120" lon="-121.407906"/>
      <trkpt lat="47.426048" lon="-121.407828"/>
      <trkpt lat="47.426001" lon="-121.407740"/>
      <trkpt lat="47.425902" lon="-121.407517"/>
      <trkpt lat="47.425716" lon="-121.407187"/>
      <trkpt lat="47.425652" lon="-121.407112"/>
      <trkpt lat="47.425578" lon="-121.407061"/>
      <trkpt lat="47.425451" lon="-121.406962"/>
      <trkpt lat="47.425385" lon="-121.406892"/>
      <trkpt lat="47.425244" lon="-121.406819"/>
      <trkpt lat="47.425046" lon="-121.406610"/>
      <trkpt lat="47.425013" lon="-121.406527"/>
      <trkpt lat="47.424988" lon="-121.406482"/>
      <trkpt lat="47.424926" lon="-121.406431"/>
      <trkpt lat="47.424854" lon="-121.406407"/>
      <trkpt lat="47.424659" lon="-121.406256"/>
      <trkpt lat="47.424554" lon="-121.406141"/>
      <trkpt lat="47.424445" lon="-121.406004"/>
      <trkpt lat="47.424347" lon="-121.405924"/>
      <trkpt lat="47.424204" lon="-121.405760"/>
      <trkpt lat="47.424052" lon="-121.405599"/>
      <trkpt lat="47.423975" lon="-121.405486"/>
      <trkpt lat="47.423800" lon="-121.405324"/>
      <trkpt lat="47.423703" lon="-121.405154"/>
      <trkpt lat="47.423603" lon="-121.405073"/>
      <trkpt lat="47.423585" lon="-121.404998"/>
      <trkpt lat="47.423601" lon="-121.404972"/>
      <trkpt lat="47.423665" lon="-121.404972"/>
      <trkpt lat="47.423884" lon="-121.405087"/>
      <trkpt lat="47.424005" lon="-121.405110"/>
      <trkpt lat="47.424068" lon="-121.405068"/>
      <trkpt lat="47.424117" lon="-121.405081"/>
      <trkpt lat="47.424175" lon="-121.405151"/>
      <trkpt lat="47.424244" lon="-121.405191"/>
      <trkpt lat="47.424306" lon="-121.405218"/>
      <trkpt lat="47.424413" lon="-121.405283"/>
      <trkpt lat="47.424647" lon="-121.405288"/>
      <trkpt lat="47.424768" lon="-121.405272"/>
      <trkpt lat="47.424982" lon="-121.405283"/>
      <trkpt lat="47.425269" lon="-121.405320"/>
      <trkpt lat="47.425699" lon="-121.405358"/>
      <trkpt lat="47.425835" lon="-121.405358"/>
      <trkpt lat="47.426007" lon="-121.405334"/>
      <trkpt lat="47.426066" lon="-121.405368"/>
      <trkpt lat="47.426158" lon="-121.405446"/>
      <trkpt lat="47.426242" lon="-121.405556"/>
      <trkpt lat="47.426298" lon="-121.405658"/>
      <trkpt lat="47.426369" lon="-121.405722"/>
      <trkpt lat="47.426587" lon="-121.405849"/>
      <trkpt lat="47.426876" lon="-121.405998"/>
      <trkpt lat="47.427017" lon="-121.406047"/>
      <trkpt lat="47.427078" lon="-121.406039"/>
      <trkpt lat="47.427124" lon="-121.406023"/>
      <trkpt lat="47.427160" lon="-121.406018"/>
      <trkpt lat="47.427204" lon="-121.406060"/>
      <trkpt lat="47.427253" lon="-121.406063"/>
      <trkpt lat="47.427307" lon="-121.406082"/>
      <trkpt lat="47.427349" lon="-121.406138"/>
      <trkpt lat="47.427499" lon="-121.406245"/>
      <trkpt lat="47.427588" lon="-121.406283"/>
      <trkpt lat="47.427866" lon="-121.406329"/>
      <trkpt lat="47.428053" lon="-121.406398"/>
      <trkpt lat="47.428173" lon="-121.406468"/>
      <trkpt lat="47.428361" lon="-121.406519"/>
      <trkpt lat="47.428486" lon="-121.406610"/>
      <trkpt lat="47.428610" lon="-121.406720"/>
      <trkpt lat="47.428769" lon="-121.406840"/>
      <trkpt lat="47.428868" lon="-121.406892"/>
      <trkpt lat="47.429167" lon="-121.407026"/>
      <trkpt lat="47.429312" lon="-121.407064"/>
      <trkpt lat="47.429544" lon="-121.407155"/>
      <trkpt lat="47.429664" lon="-121.407208"/>
      <trkpt lat="47.429791" lon="-121.407281"/>
      <trkpt lat="47.429893" lon="-121.407356"/>
      <trkpt lat="47.429947" lon="-121.407404"/>
      <trkpt lat="47.430027" lon="-121.407447"/>
      <trkpt lat="47.430167" lon="-121.407458"/>
      <trkpt lat="47.430394" lon="-121.407436"/>
      <trkpt lat="47.430649" lon="-121.407392"/>
      <trkpt lat="47.430874" lon="-121.407389"/>
      <trkpt lat="47.431012" lon="-121.407370"/>
      <trkpt lat="47.431079" lon="-121.407308"/>
      <trkpt lat="47.431125" lon="-121.407278"/>
      <trkpt lat="47.431185" lon="-121.407278"/>
      <trkpt lat="47.431270" lon="-121.407294"/>
      <trkpt lat="47.431346" lon="-121.407281"/>
      <trkpt lat="47.431533" lon="-121.407208"/>
      <trkpt lat="47.431707" lon="-121.407120"/>
      <trkpt lat="47.431811" lon="-121.407101"/>
      <trkpt lat="47.431916" lon="-121.407101"/>
      <trkpt lat="47.431998" lon="-121.407128"/>
      <trkpt lat="47.432068" lon="-121.407139"/>
      <trkpt lat="47.432152" lon="-121.407127"/>
      <trkpt lat="47.432226" lon="-121.407088"/>
      <trkpt lat="47.432300" lon="-121.407037"/>
      <trkpt lat="47.432400" lon="-121.406986"/>
      <trkpt lat="47.432489" lon="-121.406967"/>
      <trkpt lat="47.432616" lon="-121.406897"/>
      <trkpt lat="47.432788" lon="-121.406767"/>
      <trkpt lat="47.432932" lon="-121.406675"/>
      <trkpt lat="47.433073" lon="-121.406632"/>
      <trkpt lat="47.433101" lon="-121.406578"/>
      <trkpt lat="47.433055" lon="-121.406541"/>
      <trkpt lat="47.432935" lon="-121.406543"/>
      <trkpt lat="47.432770" lon="-121.406495"/>
      <trkpt lat="47.432643" lon="-121.406436"/>
      <trkpt lat="47.432538" lon="-121.406449"/>
      <trkpt lat="47.432397" lon="-121.406431"/>
      <trkpt lat="47.432280" lon="-121.406401"/>
      <trkpt lat="47.432037" lon="-121.406323"/>
      <trkpt lat="47.431948" lon="-121.406343"/>
      <trkpt lat="47.431876" lon="-121.406377"/>
      <trkpt lat="47.431783" lon="-121.406407"/>
      <trkpt lat="47.431691" lon="-121.406444"/>
      <trkpt lat="47.431591" lon="-121.406463"/>
      <trkpt lat="47.431504" lon="-121.406460"/>
      <trkpt lat="47.431448" lon="-121.406420"/>
      <trkpt lat="47.431389" lon="-121.406365"/>
      <trkpt lat="47.431274" lon="-121.406291"/>
      <trkpt lat="47.431216" lon="-121.406272"/>
      <trkpt lat="47.431135" lon="-121.406287"/>
      <trkpt lat="47.431074" lon="-121.406337"/>
      <trkpt lat="47.430996" lon="-121.406368"/>
      <trkpt lat="47.430907" lon="-121.406350"/>
      <trkpt lat="47.430795" lon="-121.406355"/>
      <trkpt lat="47.430573" lon="-121.406240"/>
      <trkpt lat="47.430442" lon="-121.406103"/>
      <trkpt lat="47.430348" lon="-121.405991"/>
      <trkpt lat="47.430295" lon="-121.405937"/>
      <trkpt lat="47.430019" lon="-121.405798"/>
      <trkpt lat="47.429950" lon="-121.405753"/>
      <trkpt lat="47.429856" lon="-121.405679"/>
      <trkpt lat="47.429776" lon="-121.405650"/>
      <trkpt lat="47.429662" lon="-121.405586"/>
      <trkpt lat="47.429653" lon="-121.405545"/>
      <trkpt lat="47.429715" lon="-121.405532"/>
      <trkpt lat="47.429757" lon="-121.405572"/>
      <trkpt lat="47.429831" lon="-121.405598"/>
      <trkpt lat="47.429893" lon="-121.405578"/>
      <trkpt lat="47.429961" lon="-121.405592"/>
      <trkpt lat="47.430190" lon="-121.405687"/>
      <trkpt lat="47.430291" lon="-121.405677"/>
      <trkpt lat="47.430341" lon="-121.405666"/>
      <trkpt lat="47.430417" lon="-121.405682"/>
      <trkpt lat="47.430499" lon="-121.405749"/>
      <trkpt lat="47.430583" lon="-121.405797"/>
      <trkpt lat="47.430682" lon="-121.405814"/>
      <trkpt lat="47.430825" lon="-121.405814"/>
      <trkpt lat="47.430983" lon="-121.405749"/>
      <trkpt lat="47.431058" lon="-121.405696"/>
      <trkpt lat="47.431176" lon="-121.405661"/>
      <trkpt lat="47.431297" lon="-121.405653"/>
      <trkpt lat="47.431371" lon="-121.405629"/>
      <trkpt lat="47.431415" lon="-121.405562"/>
      <trkpt lat="47.431498" lon="-121.405503"/>
      <trkpt lat="47.431655" lon="-121.405409"/>
      <trkpt lat="47.432026" lon="-121.405141"/>
      <trkpt lat="47.432270" lon="-121.405021"/>
      <trkpt lat="47.432357" lon="-121.404955"/>
      <trkpt lat="47.432435" lon="-121.404854"/>
      <trkpt lat="47.432867" lon="-121.404234"/>
      <trkpt lat="47.433226" lon="-121.403660"/>
      <trkpt lat="47.433249" lon="-121.403574"/>
      <trkpt lat="47.433268" lon="-121.403480"/>
      <trkpt lat="47.433325" lon="-121.403274"/>
      <trkpt lat="47.433375" lon="-121.403185"/>
      <trkpt lat="47.433485" lon="-121.403040"/>
      <trkpt lat="47.433552" lon="-121.402936"/>
      <trkpt lat="47.433591" lon="-121.402866"/>
      <trkpt lat="47.433636" lon="-121.402756"/>
      <trkpt lat="47.433724" lon="-121.402480"/>
      <trkpt lat="47.433776" lon="-121.402338"/>
      <trkpt lat="47.433839" lon="-121.402195"/>
      <trkpt lat="47.433872" lon="-121.402080"/>
      <trkpt lat="47.433912" lon="-121.402000"/>
      <trkpt lat="47.434015" lon="-121.401889"/>
      <trkpt lat="47.434098" lon="-121.401833"/>
      <trkpt lat="47.434147" lon="-121.401788"/>
      <trkpt lat="47.434209" lon="-121.401713"/>
      <trkpt lat="47.434260" lon="-121.401638"/>
      <trkpt lat="47.434327" lon="-121.401511"/>
      <trkpt lat="47.434365" lon="-121.401460"/>
      <trkpt lat="47.434436" lon="-121.401412"/>
      <trkpt lat="47.434548" lon="-121.401310"/>
      <trkpt lat="47.434759" lon="-121.401139"/>
      <trkpt lat="47.435116" lon="-121.400686"/>
      <trkpt lat="47.435165" lon="-121.400567"/>
      <trkpt lat="47.435207" lon="-121.400449"/>
      <trkpt lat="47.435229" lon="-121.400355"/>
      <trkpt lat="47.435298" lon="-121.400149"/>
      <trkpt lat="47.435364" lon="-121.399987"/>
      <trkpt lat="47.435405" lon="-121.399926"/>
      <trkpt lat="47.435454" lon="-121.399873"/>
      <trkpt lat="47.435576" lon="-121.399781"/>
      <trkpt lat="47.435693" lon="-121.399671"/>
      <trkpt lat="47.435817" lon="-121.399583"/>
      <trkpt lat="47.435998" lon="-121.399408"/>
      <trkpt lat="47.436225" lon="-121.399207"/>
      <trkpt lat="47.436300" lon="-121.399157"/>
      <trkpt lat="47.436396" lon="-121.399151"/>
      <trkpt lat="47.436468" lon="-121.399159"/>
      <trkpt lat="47.436530" lon="-121.399152"/>
      <trkpt lat="47.436604" lon="-121.399087"/>
      <trkpt lat="47.436775" lon="-121.398907"/>
      <trkpt lat="47.436835" lon="-121.398872"/>
      <trkpt lat="47.436945" lon="-121.398840"/>
      <trkpt lat="47.437027" lon="-121.398843"/>
      <trkpt lat="47.437103" lon="-121.398824"/>
      <trkpt lat="47.437257" lon="-121.398773"/>
      <trkpt lat="47.437359" lon="-121.398728"/>
      <trkpt lat="47.437689" lon="-121.398534"/>
      <trkpt lat="47.438110" lon="-121.398368"/>
      <trkpt lat="47.438164" lon="-121.398306"/>
      <trkpt lat="47.438225" lon="-121.398275"/>
      <trkpt lat="47.438262" lon="-121.398189"/>
      <trkpt lat="47.438313" lon="-121.398147"/>
      <trkpt lat="47.438394" lon="-121.398132"/>
      <trkpt lat="47.438463" lon="-121.398070"/>
      <trkpt lat="47.438524" lon="-121.397998"/>
      <trkpt lat="47.438657" lon="-121.397893"/>
      <trkpt lat="47.438936" lon="-121.397756"/>
      <trkpt lat="47.439185" lon="-121.397569"/>
      <trkpt lat="47.439311" lon="-121.397415"/>
      <trkpt lat="47.439391" lon="-121.397279"/>
      <trkpt lat="47.439447" lon="-121.397225"/>
      <trkpt lat="47.439543" lon="-121.397257"/>
      <trkpt lat="47.439597" lon="-121.397241"/>
      <trkpt lat="47.439897" lon="-121.397024"/>
      <trkpt lat="47.440113" lon="-121.396834"/>
      <trkpt lat="47.440274" lon="-121.396665"/>
      <trkpt lat="47.440521" lon="-121.396453"/>
      <trkpt lat="47.440766" lon="-121.396287"/>
      <trkpt lat="47.441310" lon="-121.395725"/>
      <trkpt lat="47.441622" lon="-121.395447"/>
      <trkpt lat="47.441735" lon="-121.395273"/>
      <trkpt lat="47.441880" lon="-121.395117"/>
      <trkpt lat="47.442039" lon="-121.394994"/>
      <trkpt lat="47.442137" lon="-121.394929"/>
      <trkpt lat="47.442312" lon="-121.394870"/>
      <trkpt lat="47.442636" lon="-121.394618"/>
      <trkpt lat="47.443108" lon="-121.394297"/>
      <trkpt lat="47.443322" lon="-121.394085"/>
      <trkpt lat="47.443383" lon="-121.393913"/>
      <trkpt lat="47.443460" lon="-121.393745"/>
      <trkpt lat="47.443544" lon="-121.393687"/>
      <trkpt lat="47.443743" lon="-121.393337"/>
      <trkpt lat="47.443801" lon="-121.393304"/>
      <trkpt lat="47.443931" lon="-121.393298"/>
      <trkpt lat="47.444045" lon="-121.393246"/>
      <trkpt lat="47.444050" lon="-121.393209"/>
      <trkpt lat="47.444021" lon="-121.393198"/>
      <trkpt lat="47.443901" lon="-121.393217"/>
      <trkpt lat="47.443869" lon="-121.393205"/>
      <trkpt lat="47.443839" lon="-121.393175"/>
      <trkpt lat="47.443797" lon="-121.393169"/>
      <trkpt lat="47.443695" lon="-121.393232"/>
      <trkpt lat="47.443583" lon="-121.393279"/>
      <trkpt lat="47.443394" lon="-121.393409"/>
      <trkpt lat="47.443283" lon="-121.393463"/>
      <trkpt lat="47.443169" lon="-121.393553"/>
      <trkpt lat="47.443139" lon="-121.393551"/>
      <trkpt lat="47.443052" lon="-121.393518"/>
      <trkpt lat="47.443008" lon="-121.393541"/>
      <trkpt lat="47.442927" lon="-121.393568"/>
      <trkpt lat="47.442734" lon="-121.393582"/>
      <trkpt lat="47.442339" lon="-121.393653"/>
      <trkpt lat="47.442100" lon="-121.393764"/>
      <trkpt lat="47.441931" lon="-121.393805"/>
      <trkpt lat="47.441704" lon="-121.393905"/>
      <trkpt lat="47.441608" lon="-121.393939"/>
      <trkpt lat="47.441493" lon="-121.394047"/>
      <trkpt lat="47.441150" lon="-121.394091"/>
      <trkpt lat="47.440804" lon="-121.394255"/>
      <trkpt lat="47.439834" lon="-121.394581"/>
      <trkpt lat="47.439717" lon="-121.394601"/>
      <trkpt lat="47.439597" lon="-121.394530"/>
      <trkpt lat="47.439523" lon="-121.394457"/>
      <trkpt lat="47.439440" lon="-121.394409"/>
      <trkpt lat="47.439358" lon="-121.394371"/>
      <trkpt lat="47.439173" lon="-121.394363"/>
      <trkpt lat="47.438966" lon="-121.394304"/>
      <trkpt lat="47.438747" lon="-121.394274"/>
      <trkpt lat="47.438648" lon="-121.394297"/>
      <trkpt lat="47.438551" lon="-121.394331"/>
      <trkpt lat="47.438446" lon="-121.394310"/>
      <trkpt lat="47.438330" lon="-121.394270"/>
      <trkpt lat="47.438224" lon="-121.394157"/>
      <trkpt lat="47.438095" lon="-121.393995"/>
      <trkpt lat="47.438021" lon="-121.393942"/>
      <trkpt lat="47.437806" lon="-121.393940"/>
      <trkpt lat="47.437735" lon="-121.393912"/>
      <trkpt lat="47.437603" lon="-121.393878"/>
      <trkpt lat="47.437455" lon="-121.393791"/>
      <trkpt lat="47.437375" lon="-121.393788"/>
      <trkpt lat="47.437269" lon="-121.393785"/>
      <trkpt lat="47.437147" lon="-121.393768"/>
      <trkpt lat="47.437087" lon="-121.393789"/>
      <trkpt lat="47.437050" lon="-121.393897"/>
      <trkpt lat="47.436972" lon="-121.393946"/>
      <trkpt lat="47.436823" lon="-121.393950"/>
      <trkpt lat="47.436729" lon="-121.393830"/>
      <trkpt lat="47.436726" lon="-121.393777"/>
      <trkpt lat="47.436729" lon="-121.393723"/>
      <trkpt lat="47.436722" lon="-121.393675"/>
      <trkpt lat="47.436706" lon="-121.393642"/>
      <trkpt lat="47.436682" lon="-121.393640"/>
      <trkpt lat="47.436662" lon="-121.393651"/>
      <trkpt lat="47.436635" lon="-121.393693"/>
      <trkpt lat="47.436604" lon="-121.393704"/>
      <trkpt lat="47.436582" lon="-121.393720"/>
      <trkpt lat="47.436553" lon="-121.393720"/>
      <trkpt lat="47.436519" lon="-121.393739"/>
      <trkpt lat="47.436479" lon="-121.393753"/>
      <trkpt lat="47.436414" lon="-121.393753"/>
      <trkpt lat="47.436396" lon="-121.393801"/>
      <trkpt lat="47.436368" lon="-121.393809"/>
      <trkpt lat="47.436339" lon="-121.393801"/>
      <trkpt lat="47.436298" lon="-121.393798"/>
      <trkpt lat="47.436261" lon="-121.393820"/>
      <trkpt lat="47.436221" lon="-121.393857"/>
      <trkpt lat="47.436156" lon="-121.393881"/>
      <trkpt lat="47.436078" lon="-121.393892"/>
      <trkpt lat="47.435982" lon="-121.393961"/>
      <trkpt lat="47.435840" lon="-121.394023"/>
      <trkpt lat="47.435711" lon="-121.394135"/>
      <trkpt lat="47.435575" lon="-121.394331"/>
      <trkpt lat="47.435398" lon="-121.394527"/>
      <trkpt lat="47.435169" lon="-121.394964"/>
      <trkpt lat="47.434940" lon="-121.395220"/>
      <trkpt lat="47.434844" lon="-121.395478"/>
      <trkpt lat="47.434784" lon="-121.395541"/>
      <trkpt lat="47.434742" lon="-121.395617"/>
      <trkpt lat="47.434712" lon="-121.395731"/>
      <trkpt lat="47.434692" lon="-121.395833"/>
      <trkpt lat="47.434683" lon="-121.395958"/>
      <trkpt lat="47.434716" lon="-121.396080"/>
      <trkpt lat="47.434690" lon="-121.396209"/>
      <trkpt lat="47.434634" lon="-121.396276"/>
      <trkpt lat="47.434519" lon="-121.396528"/>
      <trkpt lat="47.434523" lon="-121.396603"/>
      <trkpt lat="47.434571" lon="-121.396684"/>
      <trkpt lat="47.434538" lon="-121.396751"/>
      <trkpt lat="47.434485" lon="-121.396781"/>
      <trkpt lat="47.434421" lon="-121.396879"/>
      <trkpt lat="47.434374" lon="-121.396909"/>
      <trkpt lat="47.434260" lon="-121.396925"/>
      <trkpt lat="47.434171" lon="-121.396997"/>
      <trkpt lat="47.434139" lon="-121.397049"/>
      <trkpt lat="47.434136" lon="-121.397140"/>
      <trkpt lat="47.434104" lon="-121.397182"/>
      <trkpt lat="47.434073" lon="-121.397200"/>
      <trkpt lat="47.434006" lon="-121.397223"/>
      <trkpt lat="47.433924" lon="-121.397220"/>
      <trkpt lat="47.433812" lon="-121.397236"/>
      <trkpt lat="47.433702" lon="-121.397268"/>
      <trkpt lat="47.433603" lon="-121.397327"/>
      <trkpt lat="47.433413" lon="-121.397378"/>
      <trkpt lat="47.433077" lon="-121.397577"/>
      <trkpt lat="47.433041" lon="-121.397628"/>
      <trkpt lat="47.433023" lon="-121.397679"/>
      <trkpt lat="47.433034" lon="-121.397748"/>
      <trkpt lat="47.433097" lon="-121.397826"/>
      <trkpt lat="47.433119" lon="-121.397981"/>
      <trkpt lat="47.433155" lon="-121.398089"/>
      <trkpt lat="47.433142" lon="-121.398220"/>
      <trkpt lat="47.433101" lon="-121.398322"/>
      <trkpt lat="47.432950" lon="-121.398499"/>
      <trkpt lat="47.432897" lon="-121.398588"/>
      <trkpt lat="47.432901" lon="-121.398682"/>
      <trkpt lat="47.432876" lon="-121.398735"/>
      <trkpt lat="47.432832" lon="-121.398733"/>
      <trkpt lat="47.432830" lon="-121.398660"/>
      <trkpt lat="47.432825" lon="-121.398609"/>
      <trkpt lat="47.432843" lon="-121.398515"/>
      <trkpt lat="47.432841" lon="-121.398435"/>
      <trkpt lat="47.432796" lon="-121.398314"/>
      <trkpt lat="47.432790" lon="-121.398239"/>
      <trkpt lat="47.432774" lon="-121.398153"/>
      <trkpt lat="47.432741" lon="-121.398086"/>
      <trkpt lat="47.432714" lon="-121.398043"/>
      <trkpt lat="47.432643" lon="-121.398035"/>
      <trkpt lat="47.432602" lon="-121.397987"/>
      <trkpt lat="47.432518" lon="-121.397950"/>
      <trkpt lat="47.432459" lon="-121.397828"/>
      <trkpt lat="47.432428" lon="-121.397673"/>
      <trkpt lat="47.432417" lon="-121.397523"/>
      <trkpt lat="47.432451" lon="-121.397402"/>
      <trkpt lat="47.432559" lon="-121.397268"/>
      <trkpt lat="47.432638" lon="-121.397112"/>
      <trkpt lat="47.432728" lon="-121.397046"/>
      <trkpt lat="47.432737" lon="-121.396928"/>
      <trkpt lat="47.432772" lon="-121.396885"/>
      <trkpt lat="47.432807" lon="-121.396751"/>
      <trkpt lat="47.432791" lon="-121.396615"/>
      <trkpt lat="47.432861" lon="-121.396546"/>
      <trkpt lat="47.432866" lon="-121.396432"/>
      <trkpt lat="47.432894" lon="-121.396409"/>
      <trkpt lat="47.432910" lon="-121.396324"/>
      <trkpt lat="47.432981" lon="-121.396224"/>
      <trkpt lat="47.433016" lon="-121.396068"/>
      <trkpt lat="47.433021" lon="-121.395723"/>
      <trkpt lat="47.433036" lon="-121.395570"/>
      <trkpt lat="47.433044" lon="-121.395297"/>
      <trkpt lat="47.433122" lon="-121.395079"/>
      <trkpt lat="47.433182" lon="-121.394983"/>
      <trkpt lat="47.433236" lon="-121.394994"/>
      <trkpt lat="47.433270" lon="-121.394958"/>
      <trkpt lat="47.433253" lon="-121.394887"/>
      <trkpt lat="47.433290" lon="-121.394811"/>
      <trkpt lat="47.433355" lon="-121.394781"/>
      <trkpt lat="47.433389" lon="-121.394726"/>
      <trkpt lat="47.433435" lon="-121.394698"/>
      <trkpt lat="47.433502" lon="-121.394644"/>
      <trkpt lat="47.433555" lon="-121.394475"/>
      <trkpt lat="47.433543" lon="-121.394353"/>
      <trkpt lat="47.433477" lon="-121.394218"/>
      <trkpt lat="47.433427" lon="-121.394004"/>
      <trkpt lat="47.433411" lon="-121.393878"/>
      <trkpt lat="47.433464" lon="-121.393779"/>
      <trkpt lat="47.433451" lon="-121.393623"/>
      <trkpt lat="47.433422" lon="-121.393532"/>
      <trkpt lat="47.433444" lon="-121.393398"/>
      <trkpt lat="47.433538" lon="-121.393226"/>
      <trkpt lat="47.433729" lon="-121.393110"/>
      <trkpt lat="47.433786" lon="-121.393049"/>
      <trkpt lat="47.433809" lon="-121.392986"/>
      <trkpt lat="47.433805" lon="-121.392920"/>
      <trkpt lat="47.433772" lon="-121.392843"/>
      <trkpt lat="47.433699" lon="-121.392698"/>
      <trkpt lat="47.433691" lon="-121.392431"/>
      <trkpt lat="47.433663" lon="-121.392326"/>
      <trkpt lat="47.433678" lon="-121.392246"/>
      <trkpt lat="47.434052" lon="-121.391615"/>
      <trkpt lat="47.434088" lon="-121.391416"/>
      <trkpt lat="47.434129" lon="-121.391231"/>
      <trkpt lat="47.434129" lon="-121.391051"/>
      <trkpt lat="47.434160" lon="-121.391019"/>
      <trkpt lat="47.434207" lon="-121.390991"/>
      <trkpt lat="47.434239" lon="-121.390942"/>
      <trkpt lat="47.434227" lon="-121.390875"/>
      <trkpt lat="47.434064" lon="-121.390549"/>
      <trkpt lat="47.434034" lon="-121.390463"/>
      <trkpt lat="47.434017" lon="-121.390383"/>
      <trkpt lat="47.434044" lon="-121.390372"/>
      <trkpt lat="47.434091" lon="-121.390447"/>
      <trkpt lat="47.434258" lon="-121.390510"/>
      <trkpt lat="47.434302" lon="-121.390465"/>
      <trkpt lat="47.434301" lon="-121.390424"/>
      <trkpt lat="47.434279" lon="-121.390391"/>
      <trkpt lat="47.434187" lon="-121.390332"/>
      <trkpt lat="47.434137" lon="-121.390254"/>
      <trkpt lat="47.434095" lon="-121.390112"/>
      <trkpt lat="47.434082" lon="-121.389937"/>
      <trkpt lat="47.434109" lon="-121.389837"/>
      <trkpt lat="47.434147" lon="-121.389751"/>
      <trkpt lat="47.434315" lon="-121.389602"/>
      <trkpt lat="47.434334" lon="-121.389547"/>
      <trkpt lat="47.434334" lon="-121.389511"/>
      <trkpt lat="47.434289" lon="-121.389464"/>
      <trkpt lat="47.434220" lon="-121.389353"/>
      <trkpt lat="47.434198" lon="-121.389275"/>
      <trkpt lat="47.434144" lon="-121.389037"/>
      <trkpt lat="47.434140" lon="-121.388885"/>
      <trkpt lat="47.434126" lon="-121.388807"/>
      <trkpt lat="47.434026" lon="-121.388544"/>
      <trkpt lat="47.433996" lon="-121.388444"/>
      <trkpt lat="47.433933" lon="-121.388012"/>
      <trkpt lat="47.433936" lon="-121.387874"/>
      <trkpt lat="47.433952" lon="-121.387784"/>
      <trkpt lat="47.433988" lon="-121.387617"/>
      <trkpt lat="47.434055" lon="-121.387430"/>
      <trkpt lat="47.434133" lon="-121.387258"/>
      <trkpt lat="47.434231" lon="-121.387119"/>
      <trkpt lat="47.434282" lon="-121.387018"/>
      <trkpt lat="47.434378" lon="-121.386773"/>
      <trkpt lat="47.434612" lon="-121.386207"/>
      <trkpt lat="47.434744" lon="-121.386014"/>
      <trkpt lat="47.434815" lon="-121.385922"/>
      <trkpt lat="47.434911" lon="-121.385850"/>
      <trkpt lat="47.435085" lon="-121.385786"/>
      <trkpt lat="47.435142" lon="-121.385745"/>
      <trkpt lat="47.435178" lon="-121.385638"/>
      <trkpt lat="47.435196" lon="-121.385504"/>
      <trkpt lat="47.435222" lon="-121.385364"/>
      <trkpt lat="47.435276" lon="-121.385273"/>
      <trkpt lat="47.435418" lon="-121.385236"/>
      <trkpt lat="47.435998" lon="-121.385110"/>
      <trkpt lat="47.436223" lon="-121.385011"/>
      <trkpt lat="47.436372" lon="-121.384912"/>
      <trkpt lat="47.436613" lon="-121.384856"/>
      <trkpt lat="47.436839" lon="-121.384863"/>
      <trkpt lat="47.436922" lon="-121.384930"/>
      <trkpt lat="47.437034" lon="-121.384963"/>
      <trkpt lat="47.437095" lon="-121.384973"/>
      <trkpt lat="47.437225" lon="-121.385083"/>
      <trkpt lat="47.437479" lon="-121.385147"/>
      <trkpt lat="47.437635" lon="-121.385199"/>
      <trkpt lat="47.437699" lon="-121.385248"/>
      <trkpt lat="47.437753" lon="-121.385264"/>
      <trkpt lat="47.437951" lon="-121.385399"/>
      <trkpt lat="47.438070" lon="-121.385498"/>
      <trkpt lat="47.438183" lon="-121.385555"/>
      <trkpt lat="47.438286" lon="-121.385604"/>
      <trkpt lat="47.438393" lon="-121.385618"/>
      <trkpt lat="47.438455" lon="-121.385656"/>
      <trkpt lat="47.438539" lon="-121.385653"/>
      <trkpt lat="47.438597" lon="-121.385680"/>
      <trkpt lat="47.438712" lon="-121.385774"/>
      <trkpt lat="47.438783" lon="-121.385868"/>
      <trkpt lat="47.438866" lon="-121.385934"/>
      <trkpt lat="47.438997" lon="-121.385951"/>
      <trkpt lat="47.439148" lon="-121.385950"/>
      <trkpt lat="47.439242" lon="-121.385982"/>
      <trkpt lat="47.439315" lon="-121.386039"/>
      <trkpt lat="47.439384" lon="-121.386143"/>
      <trkpt lat="47.439464" lon="-121.386286"/>
      <trkpt lat="47.439574" lon="-121.386377"/>
      <trkpt lat="47.439695" lon="-121.386440"/>
      <trkpt lat="47.439947" lon="-121.386501"/>
      <trkpt lat="47.440209" lon="-121.386553"/>
      <trkpt lat="47.440287" lon="-121.386561"/>
      <trkpt lat="47.440378" lon="-121.386556"/>
      <trkpt lat="47.440472" lon="-121.386532"/>
      <trkpt lat="47.440515" lon="-121.386528"/>
      <trkpt lat="47.440561" lon="-121.386550"/>
      <trkpt lat="47.440763" lon="-121.386741"/>
      <trkpt lat="47.440874" lon="-121.386815"/>
      <trkpt lat="47.441055" lon="-121.386870"/>
      <trkpt lat="47.441202" lon="-121.386951"/>
      <trkpt lat="47.441522" lon="-121.387162"/>
      <trkpt lat="47.441605" lon="-121.387270"/>
      <trkpt lat="47.441689" lon="-121.387345"/>
      <trkpt lat="47.441843" lon="-121.387431"/>
      <trkpt lat="47.442072" lon="-121.387493"/>
      <trkpt lat="47.442117" lon="-121.387516"/>
      <trkpt lat="47.442176" lon="-121.387513"/>
      <trkpt lat="47.442207" lon="-121.387537"/>
      <trkpt lat="47.442245" lon="-121.387622"/>
      <trkpt lat="47.442273" lon="-121.387642"/>
      <trkpt lat="47.442494" lon="-121.387661"/>
      <trkpt lat="47.442604" lon="-121.387635"/>
      <trkpt lat="47.442704" lon="-121.387652"/>
      <trkpt lat="47.442809" lon="-121.387700"/>
      <trkpt lat="47.442886" lon="-121.387697"/>
      <trkpt lat="47.443126" lon="-121.387752"/>
      <trkpt lat="47.443411" lon="-121.387771"/>
      <trkpt lat="47.443549" lon="-121.387754"/>
      <trkpt lat="47.443695" lon="-121.387726"/>
      <trkpt lat="47.443728" lon="-121.387702"/>
      <trkpt lat="47.443814" lon="-121.387686"/>
      <trkpt lat="47.444097" lon="-121.387694"/>
      <trkpt lat="47.444183" lon="-121.387709"/>
      <trkpt lat="47.444285" lon="-121.387717"/>
      <trkpt lat="47.444386" lon="-121.387717"/>
      <trkpt lat="47.444494" lon="-121.387689"/>
      <trkpt lat="47.444654" lon="-121.387681"/>
      <trkpt lat="47.444725" lon="-121.387728"/>
      <trkpt lat="47.444807" lon="-121.387772"/>
      <trkpt lat="47.444850" lon="-121.387770"/>
      <trkpt lat="47.444816" lon="-121.387729"/>
      <trkpt lat="47.444756" lon="-121.387682"/>
      <trkpt lat="47.444712" lon="-121.387638"/>
      <trkpt lat="47.444658" lon="-121.387621"/>
      <trkpt lat="47.444610" lon="-121.387577"/>
      <trkpt lat="47.444412" lon="-121.387464"/>
      <trkpt lat="47.444336" lon="-121.387452"/>
      <trkpt lat="47.444270" lon="-121.387419"/>
      <trkpt lat="47.444240" lon="-121.387361"/>
      <trkpt lat="47.444157" lon="-121.387328"/>
      <trkpt lat="47.444119" lon="-121.387269"/>
      <trkpt lat="47.444062" lon="-121.387229"/>
      <trkpt lat="47.443882" lon="-121.387135"/>
      <trkpt lat="47.443749" lon="-121.387121"/>
      <trkpt lat="47.443629" lon="-121.387078"/>
      <trkpt lat="47.443600" lon="-121.387049"/>
      <trkpt lat="47.443579" lon="-121.387036"/>
      <trkpt lat="47.443583" lon="-121.387014"/>
      <trkpt lat="47.443721" lon="-121.387024"/>
      <trkpt lat="47.443895" lon="-121.386928"/>
      <trkpt lat="47.443935" lon="-121.386919"/>
      <trkpt lat="47.444001" lon="-121.386920"/>
      <trkpt lat="47.444121" lon="-121.386900"/>
      <trkpt lat="47.444171" lon="-121.386931"/>
      <trkpt lat="47.444365" lon="-121.386967"/>
      <trkpt lat="47.444488" lon="-121.386971"/>
      <trkpt lat="47.444623" lon="-121.387012"/>
      <trkpt lat="47.444705" lon="-121.387046"/>
      <trkpt lat="47.444905" lon="-121.387010"/>
      <trkpt lat="47.445028" lon="-121.386965"/>
      <trkpt lat="47.445112" lon="-121.386908"/>
      <trkpt lat="47.445165" lon="-121.386824"/>
      <trkpt lat="47.445209" lon="-121.386769"/>
      <trkpt lat="47.445253" lon="-121.386704"/>
      <trkpt lat="47.445461" lon="-121.386469"/>
      <trkpt lat="47.445655" lon="-121.386145"/>
      <trkpt lat="47.445724" lon="-121.386106"/>
      <trkpt lat="47.445756" lon="-121.386038"/>
      <trkpt lat="47.445847" lon="-121.385938"/>
      <trkpt lat="47.445875" lon="-121.385879"/>
      <trkpt lat="47.445934" lon="-121.385826"/>
      <trkpt lat="47.445984" lon="-121.385773"/>
      <trkpt lat="47.446030" lon="-121.385759"/>
      <trkpt lat="47.446123" lon="-121.385718"/>
      <trkpt lat="47.446171" lon="-121.385668"/>
      <trkpt lat="47.446198" lon="-121.385655"/>
      <trkpt lat="47.446233" lon="-121.385608"/>
      <trkpt lat="47.446289" lon="-121.385589"/>
      <trkpt lat="47.446332" lon="-121.385581"/>
      <trkpt lat="47.446457" lon="-121.385570"/>
      <trkpt lat="47.446506" lon="-121.385515"/>
      <trkpt lat="47.446532" lon="-121.385502"/>
      <trkpt lat="47.446587" lon="-121.385492"/>
      <trkpt lat="47.446615" lon="-121.385497"/>
      <trkpt lat="47.446655" lon="-121.385166"/>
      <trkpt lat="47.446692" lon="-121.385063"/>
      <trkpt lat="47.446697" lon="-121.384951"/>
      <trkpt lat="47.446745" lon="-121.384714"/>
      <trkpt lat="47.446755" lon="-121.384567"/>
      <trkpt lat="47.446772" lon="-121.384502"/>
      <trkpt lat="47.446775" lon="-121.384399"/>
      <trkpt lat="47.446816" lon="-121.384323"/>
      <trkpt lat="47.446803" lon="-121.384232"/>
      <trkpt lat="47.446794" lon="-121.384027"/>
      <trkpt lat="47.446827" lon="-121.383869"/>
      <trkpt lat="47.446846" lon="-121.383711"/>
      <trkpt lat="47.446982" lon="-121.383503"/>
      <trkpt lat="47.447048" lon="-121.383449"/>
      <trkpt lat="47.447075" lon="-121.383374"/>
      <trkpt lat="47.447097" lon="-121.383283"/>
      <trkpt lat="47.447094" lon="-121.383147"/>
      <trkpt lat="47.447169" lon="-121.383076"/>
      <trkpt lat="47.447237" lon="-121.383060"/>
      <trkpt lat="47.447276" lon="-121.382990"/>
      <trkpt lat="47.447295" lon="-121.382872"/>
      <trkpt lat="47.447386" lon="-121.382768"/>
      <trkpt lat="47.447470" lon="-121.382758"/>
      <trkpt lat="47.447524" lon="-121.382720"/>
      <trkpt lat="47.447671" lon="-121.382598"/>
      <trkpt lat="47.447758" lon="-121.382543"/>
      <trkpt lat="47.447828" lon="-121.382516"/>
    </trkseg>
    <trkseg>
      <trkpt lat="47.447828" lon="-121.382516"/>
      <trkpt lat="47.447849" lon="-121.382438"/>
      <trkpt lat="47.447869" lon="-121.382226"/>
      <trkpt lat="47.447920" lon="-121.382063"/>
      <trkpt lat="47.448009" lon="-121.381899"/>
      <trkpt lat="47.448029" lon="-121.381770"/>
      <trkpt lat="47.448158" lon="-121.381289"/>
      <trkpt lat="47.448241" lon="-121.381165"/>
      <trkpt lat="47.448321" lon="-121.381120"/>
      <trkpt lat="47.448419" lon="-121.381037"/>
      <trkpt lat="47.448462" lon="-121.381044"/>
      <trkpt lat="47.448542" lon="-121.381113"/>
      <trkpt lat="47.448841" lon="-121.381122"/>
      <trkpt lat="47.449035" lon="-121.381023"/>
      <trkpt lat="47.449139" lon="-121.381013"/>
      <trkpt lat="47.449278" lon="-121.380904"/>
      <trkpt lat="47.449283" lon="-121.380821"/>
      <trkpt lat="47.449409" lon="-121.380681"/>
      <trkpt lat="47.449465" lon="-121.380546"/>
      <trkpt lat="47.449525" lon="-121.380487"/>
      <trkpt lat="47.449600" lon="-121.380317"/>
      <trkpt lat="47.449677" lon="-121.380259"/>
      <trkpt lat="47.449724" lon="-121.380306"/>
      <trkpt lat="47.449787" lon="-121.380228"/>
      <trkpt lat="47.449858" lon="-121.380214"/>
      <trkpt lat="47.449896" lon="-121.380099"/>
      <trkpt lat="47.450010" lon="-121.379994"/>
      <trkpt lat="47.450024" lon="-121.379944"/>
      <trkpt lat="47.450028" lon="-121.379860"/>
      <trkpt lat="47.450066" lon="-121.379749"/>
      <trkpt lat="47.450122" lon="-121.379663"/>
      <trkpt lat="47.450250" lon="-121.379502"/>
      <trkpt lat="47.450311" lon="-121.379460"/>
      <trkpt lat="47.450355" lon="-121.379379"/>
      <trkpt lat="47.450556" lon="-121.379344"/>
      <trkpt lat="47.450712" lon="-121.379322"/>
      <trkpt lat="47.450831" lon="-121.379317"/>
      <trkpt lat="47.450905" lon="-121.379292"/>
      <trkpt lat="47.451147" lon="-121.379249"/>
      <trkpt lat="47.451236" lon="-121.379123"/>
      <trkpt lat="47.451307" lon="-121.379096"/>
      <trkpt lat="47.451335" lon="-121.379039"/>
      <trkpt lat="47.451404" lon="-121.378973"/>
      <trkpt lat="47.451516" lon="-121.378788"/>
      <trkpt lat="47.452243" lon="-121.378385"/>
      <trkpt lat="47.452413" lon="-121.378349"/>
      <trkpt lat="47.452495" lon="-121.378338"/>
      <trkpt lat="47.452619" lon="-121.378265"/>
      <trkpt lat="47.452647" lon="-121.378232"/>
      <trkpt lat="47.452660" lon="-121.378169"/>
      <trkpt lat="47.452721" lon="-121.378153"/>
      <trkpt lat="47.452771" lon="-121.378188"/>
      <trkpt lat="47.452843" lon="-121.378162"/>
      <trkpt lat="47.452994" lon="-121.378066"/>
      <trkpt lat="47.453124" lon="-121.378038"/>
      <trkpt lat="47.453305" lon="-121.377937"/>
      <trkpt lat="47.453418" lon="-121.377888"/>
      <trkpt lat="47.453460" lon="-121.377828"/>
      <trkpt lat="47.453543" lon="-121.377781"/>
      <trkpt lat="47.453631" lon="-121.377701"/>
      <trkpt lat="47.453766" lon="-121.377628"/>
      <trkpt lat="47.453813" lon="-121.377566"/>
      <trkpt lat="47.453867" lon="-121.377503"/>
      <trkpt lat="47.453953" lon="-121.377467"/>
    </trkseg>
    <trkseg>
      <trkpt lat="47.453953" lon="-121.377467"/>
      <trkpt lat="47.454098" lon="-121.377318"/>
      <trkpt lat="47.454194" lon="-121.377265"/>
      <trkpt lat="47.454426" lon="-121.377051"/>
      <trkpt lat="47.454498" lon="-121.376933"/>
      <trkpt lat="47.454569" lon="-121.376838"/>
      <trkpt lat="47.454671" lon="-121.376635"/>
      <trkpt lat="47.454678" lon="-121.376573"/>
      <trkpt lat="47.454758" lon="-121.376431"/>
      <trkpt lat="47.454781" lon="-121.376405"/>
      <trkpt lat="47.454829" lon="-121.376372"/>
      <trkpt lat="47.454828" lon="-121.376324"/>
      <trkpt lat="47.454806" lon="-121.376283"/>
      <trkpt lat="47.454795" lon="-121.376073"/>
      <trkpt lat="47.454717" lon="-121.375915"/>
      <trkpt lat="47.454703" lon="-121.375799"/>
      <trkpt lat="47.454646" lon="-121.375704"/>
      <trkpt lat="47.454623" lon="-121.375637"/>
      <trkpt lat="47.454640" lon="-121.375560"/>
      <trkpt lat="47.454647" lon="-121.375348"/>
      <trkpt lat="47.454690" lon="-121.375242"/>
      <trkpt lat="47.454757" lon="-121.375214"/>
      <trkpt lat="47.454823" lon="-121.375067"/>
      <trkpt lat="47.454904" lon="-121.375022"/>
      <trkpt lat="47.454938" lon="-121.374939"/>
      <trkpt lat="47.455175" lon="-121.374680"/>
      <trkpt lat="47.455200" lon="-121.374597"/>
      <trkpt lat="47.455204" lon="-121.374368"/>
      <trkpt lat="47.455261" lon="-121.374306"/>
      <trkpt lat="47.455333" lon="-121.374259"/>
      <trkpt lat="47.455385" lon="-121.374107"/>
      <trkpt lat="47.455418" lon="-121.374066"/>
      <trkpt lat="47.455452" lon="-121.374055"/>
      <trkpt lat="47.455472" lon="-121.373999"/>
      <trkpt lat="47.455518" lon="-121.373955"/>
      <trkpt lat="47.455561" lon="-121.373889"/>
      <trkpt lat="47.455577" lon="-121.373840"/>
      <trkpt lat="47.455575" lon="-121.373794"/>
      <trkpt lat="47.455592" lon="-121.373741"/>
      <trkpt lat="47.455649" lon="-121.373604"/>
      <trkpt lat="47.455711" lon="-121.373540"/>
      <trkpt lat="47.455918" lon="-121.373259"/>
      <trkpt lat="47.456035" lon="-121.373088"/>
      <trkpt lat="47.456064" lon="-121.373063"/>
      <trkpt lat="47.456099" lon="-121.372988"/>
      <trkpt lat="47.456161" lon="-121.372905"/>
      <trkpt lat="47.456167" lon="-121.372847"/>
      <trkpt lat="47.456152" lon="-121.372776"/>
      <trkpt lat="47.456184" lon="-121.372720"/>
      <trkpt lat="47.456195" lon="-121.372639"/>
      <trkpt lat="47.456222" lon="-121.372587"/>
      <trkpt lat="47.456287" lon="-121.372546"/>
      <trkpt lat="47.456265" lon="-121.372445"/>
      <trkpt lat="47.456325" lon="-121.372420"/>
      <trkpt lat="47.456385" lon="-121.372430"/>
      <trkpt lat="47.456424" lon="-121.372419"/>
      <trkpt lat="47.456457" lon="-121.372392"/>
      <trkpt lat="47.456483" lon="-121.372306"/>
      <trkpt lat="47.456513" lon="-121.372245"/>
      <trkpt lat="47.456530" lon="-121.372140"/>
      <trkpt lat="47.456510" lon="-121.371973"/>
      <trkpt lat="47.456525" lon="-121.371826"/>
      <trkpt lat="47.456562" lon="-121.371739"/>
      <trkpt lat="47.456582" lon="-121.371626"/>
      <trkpt lat="47.456582" lon="-121.371457"/>
      <trkpt lat="47.456617" lon="-121.371354"/>
      <trkpt lat="47.456870" lon="-121.371113"/>
      <trkpt lat="47.456938" lon="-121.371019"/>
      <trkpt lat="47.457073" lon="-121.370781"/>
      <trkpt lat="47.457216" lon="-121.370735"/>
      <trkpt lat="47.457193" lon="-121.370658"/>
      <trkpt lat="47.457134" lon="-121.370552"/>
      <trkpt lat="47.457124" lon="-121.370488"/>
      <trkpt lat="47.457131" lon="-121.370381"/>
      <trkpt lat="47.457102" lon="-121.370336"/>
      <trkpt lat="47.457101" lon="-121.370282"/>
      <trkpt lat="47.457130" lon="-121.370208"/>
      <trkpt lat="47.457190" lon="-121.370124"/>
      <trkpt lat="47.457203" lon="-121.370059"/>
      <trkpt lat="47.457240" lon="-121.369986"/>
      <trkpt lat="47.457445" lon="-121.369838"/>
      <trkpt lat="47.457605" lon="-121.369832"/>
      <trkpt lat="47.457773" lon="-121.369807"/>
      <trkpt lat="47.457889" lon="-121.369731"/>
      <trkpt lat="47.457910" lon="-121.369584"/>
      <trkpt lat="47.457903" lon="-121.369463"/>
      <trkpt lat="47.457877" lon="-121.369342"/>
      <trkpt lat="47.457928" lon="-121.369253"/>
      <trkpt lat="47.458067" lon="-121.369173"/>
      <trkpt lat="47.458159" lon="-121.369087"/>
      <trkpt lat="47.458108" lon="-121.368924"/>
      <trkpt lat="47.458122" lon="-121.368875"/>
      <trkpt lat="47.458174" lon="-121.368757"/>
      <trkpt lat="47.458195" lon="-121.368676"/>
      <trkpt lat="47.458207" lon="-121.368649"/>
      <trkpt lat="47.458220" lon="-121.368632"/>
      <trkpt lat="47.458239" lon="-121.368637"/>
      <trkpt lat="47.458277" lon="-121.368660"/>
      <trkpt lat="47.458298" lon="-121.368729"/>
      <trkpt lat="47.458473" lon="-121.368735"/>
      <trkpt lat="47.458580" lon="-121.368830"/>
      <trkpt lat="47.458753" lon="-121.368877"/>
      <trkpt lat="47.459161" lon="-121.368857"/>
      <trkpt lat="47.459240" lon="-121.368938"/>
      <trkpt lat="47.459330" lon="-121.368946"/>
      <trkpt lat="47.459370" lon="-121.368983"/>
      <trkpt lat="47.459395" lon="-121.369045"/>
      <trkpt lat="47.459495" lon="-121.369119"/>
      <trkpt lat="47.459616" lon="-121.369146"/>
      <trkpt lat="47.459690" lon="-121.369078"/>
      <trkpt lat="47.459810" lon="-121.369056"/>
      <trkpt lat="47.459893" lon="-121.369028"/>
      <trkpt lat="47.460005" lon="-121.368903"/>
      <trkpt lat="47.460149" lon="-121.368888"/>
      <trkpt lat="47.460271" lon="-121.368896"/>
      <trkpt lat="47.460326" lon="-121.369053"/>
      <trkpt lat="47.460364" lon="-121.369098"/>
      <trkpt lat="47.460437" lon="-121.369168"/>
      <trkpt lat="47.460513" lon="-121.369207"/>
      <trkpt lat="47.460607" lon="-121.369222"/>
      <trkpt lat="47.460707" lon="-121.369184"/>
      <trkpt lat="47.460856" lon="-121.368977"/>
      <trkpt lat="47.460936" lon="-121.368938"/>
      <trkpt lat="47.460990" lon="-121.368859"/>
      <trkpt lat="47.461072" lon="-121.368825"/>
      <trkpt lat="47.461139" lon="-121.368713"/>
      <trkpt lat="47.461241" lon="-121.368629"/>
      <trkpt lat="47.461281" lon="-121.368620"/>
      <trkpt lat="47.461344" lon="-121.368528"/>
      <trkpt lat="47.461397" lon="-121.368488"/>
      <trkpt lat="47.461547" lon="-121.368341"/>
      <trkpt lat="47.461603" lon="-121.368324"/>
      <trkpt lat="47.461644" lon="-121.368232"/>
      <trkpt lat="47.461712" lon="-121.368209"/>
      <trkpt lat="47.461788" lon="-121.368144"/>
      <trkpt lat="47.461943" lon="-121.367954"/>
      <trkpt lat="47.461982" lon="-121.367877"/>
      <trkpt lat="47.462043" lon="-121.367857"/>
      <trkpt lat="47.462103" lon="-121.367768"/>
      <trkpt lat="47.462261" lon="-121.367660"/>
      <trkpt lat="47.462304" lon="-121.367511"/>
      <trkpt lat="47.462310" lon="-121.367423"/>
      <trkpt lat="47.462283" lon="-121.367194"/>
      <trkpt lat="47.462210" lon="-121.367090"/>
      <trkpt lat="47.462184" lon="-121.366995"/>
      <trkpt lat="47.462120" lon="-121.366851"/>
      <trkpt lat="47.462098" lon="-121.366757"/>
      <trkpt lat="47.462091" lon="-121.366645"/>
      <trkpt lat="47.462053" lon="-121.366493"/>
      <trkpt lat="47.461999" lon="-121.366325"/>
      <trkpt lat="47.461988" lon="-121.366182"/>
      <trkpt lat="47.461978" lon="-121.366110"/>
      <trkpt lat="47.462036" lon="-121.365851"/>
      <trkpt lat="47.462101" lon="-121.365628"/>
      <trkpt lat="47.462157" lon="-121.365531"/>
      <trkpt lat="47.462212" lon="-121.365393"/>
      <trkpt lat="47.462262" lon="-121.365292"/>
      <trkpt lat="47.462378" lon="-121.365168"/>
      <trkpt lat="47.462497" lon="-121.364942"/>
      <trkpt lat="47.462543" lon="-121.364779"/>
      <trkpt lat="47.462601" lon="-121.364647"/>
      <trkpt lat="47.462661" lon="-121.364586"/>
      <trkpt lat="47.462691" lon="-121.364515"/>
      <trkpt lat="47.462696" lon="-121.364448"/>
      <trkpt lat="47.462768" lon="-121.364240"/>
      <trkpt lat="47.462825" lon="-121.364151"/>
      <trkpt lat="47.462834" lon="-121.364117"/>
      <trkpt lat="47.462838" lon="-121.364059"/>
      <trkpt lat="47.462871" lon="-121.363991"/>
      <trkpt lat="47.462944" lon="-121.363811"/>
      <trkpt lat="47.462967" lon="-121.363774"/>
      <trkpt lat="47.463007" lon="-121.363751"/>
      <trkpt lat="47.463039" lon="-121.363705"/>
      <trkpt lat="47.463051" lon="-121.363661"/>
      <trkpt lat="47.463052" lon="-121.363584"/>
      <trkpt lat="47.463047" lon="-121.363513"/>
      <trkpt lat="47.463100" lon="-121.363460"/>
      <trkpt lat="47.463209" lon="-121.363250"/>
      <trkpt lat="47.463217" lon="-121.363174"/>
      <trkpt lat="47.463254" lon="-121.363128"/>
      <trkpt lat="47.463304" lon="-121.363118"/>
      <trkpt lat="47.463340" lon="-121.363097"/>
      <trkpt lat="47.463414" lon="-121.363007"/>
      <trkpt lat="47.463455" lon="-121.362928"/>
      <trkpt lat="47.463482" lon="-121.362826"/>
      <trkpt lat="47.463541" lon="-121.362715"/>
      <trkpt lat="47.463588" lon="-121.362610"/>
      <trkpt lat="47.463801" lon="-121.362299"/>
      <trkpt lat="47.463816" lon="-121.362245"/>
      <trkpt lat="47.463813" lon="-121.362200"/>
      <trkpt lat="47.463821" lon="-121.362141"/>
      <trkpt lat="47.463841" lon="-121.362083"/>
      <trkpt lat="47.463875" lon="-121.362054"/>
      <trkpt lat="47.463937" lon="-121.362028"/>
      <trkpt lat="47.464006" lon="-121.361913"/>
      <trkpt lat="47.464035" lon="-121.361820"/>
      <trkpt lat="47.464051" lon="-121.361701"/>
      <trkpt lat="47.464072" lon="-121.361589"/>
      <trkpt lat="47.464164" lon="-121.361301"/>
      <trkpt lat="47.464220" lon="-121.361190"/>
      <trkpt lat="47.464245" lon="-121.361131"/>
      <trkpt lat="47.464250" lon="-121.361093"/>
      <trkpt lat="47.464235" lon="-121.361036"/>
      <trkpt lat="47.464234" lon="-121.360947"/>
      <trkpt lat="47.464288" lon="-121.360680"/>
      <trkpt lat="47.464337" lon="-121.360527"/>
      <trkpt lat="47.464365" lon="-121.360348"/>
      <trkpt lat="47.464412" lon="-121.360227"/>
      <trkpt lat="47.464495" lon="-121.359886"/>
      <trkpt lat="47.464542" lon="-121.359807"/>
      <trkpt lat="47.464571" lon="-121.359794"/>
      <trkpt lat="47.464602" lon="-121.359690"/>
      <trkpt lat="47.464693" lon="-121.359533"/>
      <trkpt lat="47.464736" lon="-121.359487"/>
      <trkpt lat="47.464764" lon="-121.359428"/>
      <trkpt lat="47.464762" lon="-121.359363"/>
      <trkpt lat="47.464736" lon="-121.359332"/>
      <trkpt lat="47.464667" lon="-121.359283"/>
      <trkpt lat="47.464621" lon="-121.359214"/>
      <trkpt lat="47.464563" lon="-121.359138"/>
      <trkpt lat="47.464545" lon="-121.359052"/>
      <trkpt lat="47.464535" lon="-121.358976"/>
      <trkpt lat="47.464504" lon="-121.358851"/>
      <trkpt lat="47.464422" lon="-121.358746"/>
      <trkpt lat="47.464395" lon="-121.358668"/>
      <trkpt lat="47.464400" lon="-121.358587"/>
      <trkpt lat="47.464413" lon="-121.358534"/>
      <trkpt lat="47.464444" lon="-121.358481"/>
      <trkpt lat="47.464453" lon="-121.358411"/>
      <trkpt lat="47.464297" lon="-121.357365"/>
      <trkpt lat="47.464299" lon="-121.357185"/>
      <trkpt lat="47.464322" lon="-121.357054"/>
      <trkpt lat="47.464300" lon="-121.356920"/>
      <trkpt lat="47.464257" lon="-121.356842"/>
      <trkpt lat="47.464221" lon="-121.356711"/>
      <trkpt lat="47.464235" lon="-121.356504"/>
      <trkpt lat="47.464225" lon="-121.356287"/>
      <trkpt lat="47.464186" lon="-121.356169"/>
      <trkpt lat="47.464145" lon="-121.356072"/>
      <trkpt lat="47.464119" lon="-121.355898"/>
      <trkpt lat="47.464141" lon="-121.355748"/>
      <trkpt lat="47.464228" lon="-121.355047"/>
      <trkpt lat="47.464281" lon="-121.354803"/>
      <trkpt lat="47.464333" lon="-121.354680"/>
      <trkpt lat="47.464349" lon="-121.354406"/>
      <trkpt lat="47.464368" lon="-121.354205"/>
      <trkpt lat="47.464388" lon="-121.354082"/>
      <trkpt lat="47.464369" lon="-121.353771"/>
      <trkpt lat="47.464373" lon="-121.353647"/>
      <trkpt lat="47.464353" lon="-121.353527"/>
      <trkpt lat="47.464335" lon="-121.353427"/>
      <trkpt lat="47.464221" lon="-121.353186"/>
      <trkpt lat="47.464205" lon="-121.353049"/>
      <trkpt lat="47.464217" lon="-121.352604"/>
      <trkpt lat="47.464299" lon="-121.352365"/>
      <trkpt lat="47.464366" lon="-121.352017"/>
      <trkpt lat="47.464407" lon="-121.351715"/>
      <trkpt lat="47.464435" lon="-121.351555"/>
      <trkpt lat="47.464489" lon="-121.351411"/>
      <trkpt lat="47.464545" lon="-121.351300"/>
      <trkpt lat="47.464629" lon="-121.351196"/>
      <trkpt lat="47.464713" lon="-121.351153"/>
      <trkpt lat="47.464747" lon="-121.351126"/>
      <trkpt lat="47.464768" lon="-121.351011"/>
      <trkpt lat="47.464774" lon="-121.350858"/>
      <trkpt lat="47.464772" lon="-121.350716"/>
      <trkpt lat="47.464767" lon="-121.350625"/>
      <trkpt lat="47.464674" lon="-121.350477"/>
      <trkpt lat="47.464641" lon="-121.350308"/>
      <trkpt lat="47.464603" lon="-121.350246"/>
      <trkpt lat="47.464527" lon="-121.350204"/>
      <trkpt lat="47.464403" lon="-121.350185"/>
      <trkpt lat="47.464344" lon="-121.350190"/>
      <trkpt lat="47.464266" lon="-121.350182"/>
      <trkpt lat="47.464203" lon="-121.350161"/>
      <trkpt lat="47.464145" lon="-121.350099"/>
      <trkpt lat="47.464087" lon="-121.350008"/>
      <trkpt lat="47.463954" lon="-121.349823"/>
      <trkpt lat="47.463923" lon="-121.349694"/>
      <trkpt lat="47.463870" lon="-121.349320"/>
      <trkpt lat="47.463851" lon="-121.349235"/>
      <trkpt lat="47.463807" lon="-121.349171"/>
      <trkpt lat="47.463766" lon="-121.349147"/>
      <trkpt lat="47.463713" lon="-121.349085"/>
      <trkpt lat="47.463677" lon="-121.348980"/>
      <trkpt lat="47.463666" lon="-121.348908"/>
      <trkpt lat="47.463487" lon="-121.348557"/>
      <trkpt lat="47.463461" lon="-121.348514"/>
      <trkpt lat="47.463389" lon="-121.348433"/>
      <trkpt lat="47.463332" lon="-121.348417"/>
      <trkpt lat="47.463272" lon="-121.348428"/>
      <trkpt lat="47.463213" lon="-121.348463"/>
      <trkpt lat="47.463167" lon="-121.348455"/>
      <trkpt lat="47.463124" lon="-121.348406"/>
      <trkpt lat="47.463059" lon="-121.348322"/>
      <trkpt lat="47.463012" lon="-121.348245"/>
      <trkpt lat="47.462981" lon="-121.348176"/>
      <trkpt lat="47.462859" lon="-121.347983"/>
      <trkpt lat="47.462783" lon="-121.347924"/>
      <trkpt lat="47.462599" lon="-121.347827"/>
      <trkpt lat="47.462535" lon="-121.347811"/>
      <trkpt lat="47.462438" lon="-121.347799"/>
      <trkpt lat="47.462357" lon="-121.347765"/>
      <trkpt lat="47.462317" lon="-121.347733"/>
      <trkpt lat="47.462282" lon="-121.347663"/>
      <trkpt lat="47.462250" lon="-121.347579"/>
      <trkpt lat="47.462232" lon="-121.347481"/>
      <trkpt lat="47.462226" lon="-121.347265"/>
      <trkpt lat="47.462238" lon="-121.347180"/>
      <trkpt lat="47.462238" lon="-121.347136"/>
      <trkpt lat="47.462255" lon="-121.347138"/>
      <trkpt lat="47.462265" lon="-121.347184"/>
      <trkpt lat="47.462272" lon="-121.347255"/>
      <trkpt lat="47.462285" lon="-121.347311"/>
      <trkpt lat="47.462308" lon="-121.347360"/>
      <trkpt lat="47.462378" lon="-121.347453"/>
      <trkpt lat="47.462415" lon="-121.347490"/>
      <trkpt lat="47.462449" lon="-121.347506"/>
      <trkpt lat="47.462458" lon="-121.347490"/>
      <trkpt lat="47.462451" lon="-121.347424"/>
      <trkpt lat="47.462435" lon="-121.347372"/>
      <trkpt lat="47.462454" lon="-121.347178"/>
      <trkpt lat="47.462451" lon="-121.347118"/>
      <trkpt lat="47.462511" lon="-121.346856"/>
      <trkpt lat="47.462542" lon="-121.346691"/>
      <trkpt lat="47.462559" lon="-121.346483"/>
      <trkpt lat="47.462595" lon="-121.346286"/>
      <trkpt lat="47.462674" lon="-121.346090"/>
      <trkpt lat="47.462735" lon="-121.346006"/>
      <trkpt lat="47.462785" lon="-121.345896"/>
      <trkpt lat="47.462810" lon="-121.345821"/>
      <trkpt lat="47.462873" lon="-121.345566"/>
      <trkpt lat="47.462910" lon="-121.345295"/>
      <trkpt lat="47.462956" lon="-121.345126"/>
      <trkpt lat="47.463006" lon="-121.344981"/>
      <trkpt lat="47.463049" lon="-121.344895"/>
      <trkpt lat="47.463146" lon="-121.344802"/>
      <trkpt lat="47.463161" lon="-121.344754"/>
      <trkpt lat="47.463163" lon="-121.344515"/>
      <trkpt lat="47.463137" lon="-121.344392"/>
      <trkpt lat="47.463134" lon="-121.344347"/>
      <trkpt lat="47.463160" lon="-121.344254"/>
      <trkpt lat="47.463203" lon="-121.344158"/>
      <trkpt lat="47.463253" lon="-121.344008"/>
      <trkpt lat="47.463269" lon="-121.343986"/>
      <trkpt lat="47.463310" lon="-121.343965"/>
      <trkpt lat="47.463389" lon="-121.343959"/>
      <trkpt lat="47.463448" lon="-121.343924"/>
      <trkpt lat="47.463506" lon="-121.343844"/>
      <trkpt lat="47.463552" lon="-121.343726"/>
      <trkpt lat="47.463570" lon="-121.343656"/>
      <trkpt lat="47.463593" lon="-121.343616"/>
      <trkpt lat="47.463611" lon="-121.343568"/>
      <trkpt lat="47.463640" lon="-121.343428"/>
      <trkpt lat="47.463662" lon="-121.343203"/>
      <trkpt lat="47.463658" lon="-121.343109"/>
      <trkpt lat="47.463640" lon="-121.342974"/>
      <trkpt lat="47.463618" lon="-121.342860"/>
      <trkpt lat="47.463614" lon="-121.342780"/>
      <trkpt lat="47.463581" lon="-121.342546"/>
      <trkpt lat="47.463543" lon="-121.342465"/>
      <trkpt lat="47.463512" lon="-121.342380"/>
      <trkpt lat="47.463466" lon="-121.342302"/>
      <trkpt lat="47.463436" lon="-121.342221"/>
      <trkpt lat="47.463401" lon="-121.342159"/>
      <trkpt lat="47.463376" lon="-121.342093"/>
      <trkpt lat="47.463399" lon="-121.342066"/>
      <trkpt lat="47.463466" lon="-121.342192"/>
      <trkpt lat="47.463514" lon="-121.342245"/>
      <trkpt lat="47.463646" lon="-121.342371"/>
      <trkpt lat="47.463693" lon="-121.342425"/>
      <trkpt lat="47.463731" lon="-121.342508"/>
      <trkpt lat="47.463744" lon="-121.342559"/>
      <trkpt lat="47.463751" lon="-121.342664"/>
      <trkpt lat="47.463769" lon="-121.342744"/>
      <trkpt lat="47.463802" lon="-121.342806"/>
      <trkpt lat="47.463844" lon="-121.342857"/>
      <trkpt lat="47.463880" lon="-121.342916"/>
      <trkpt lat="47.463917" lon="-121.342996"/>
      <trkpt lat="47.463949" lon="-121.343089"/>
      <trkpt lat="47.463970" lon="-121.343193"/>
      <trkpt lat="47.463996" lon="-121.343436"/>
      <trkpt lat="47.464029" lon="-121.343487"/>
      <trkpt lat="47.464072" lon="-121.343511"/>
      <trkpt lat="47.464086" lon="-121.343537"/>
      <trkpt lat="47.464132" lon="-121.343661"/>
      <trkpt lat="47.464185" lon="-121.343715"/>
      <trkpt lat="47.464225" lon="-121.343797"/>
      <trkpt lat="47.464304" lon="-121.343872"/>
      <trkpt lat="47.464348" lon="-121.343875"/>
      <trkpt lat="47.464359" lon="-121.343890"/>
      <trkpt lat="47.464376" lon="-121.344068"/>
      <trkpt lat="47.464392" lon="-121.344116"/>
      <trkpt lat="47.464431" lon="-121.344167"/>
      <trkpt lat="47.464486" lon="-121.344199"/>
      <trkpt lat="47.464518" lon="-121.344228"/>
      <trkpt lat="47.464529" lon="-121.344274"/>
      <trkpt lat="47.464543" lon="-121.344304"/>
      <trkpt lat="47.464599" lon="-121.344341"/>
      <trkpt lat="47.464652" lon="-121.344390"/>
      <trkpt lat="47.464688" lon="-121.344427"/>
      <trkpt lat="47.464728" lon="-121.344492"/>
      <trkpt lat="47.464779" lon="-121.344536"/>
      <trkpt lat="47.464908" lon="-121.344792"/>
      <trkpt lat="47.464942" lon="-121.344835"/>
      <trkpt lat="47.465007" lon="-121.344902"/>
      <trkpt lat="47.465010" lon="-121.344889"/>
      <trkpt lat="47.464998" lon="-121.344858"/>
      <trkpt lat="47.464961" lon="-121.344815"/>
      <trkpt lat="47.464897" lon="-121.344687"/>
      <trkpt lat="47.464894" lon="-121.344639"/>
      <trkpt lat="47.464914" lon="-121.344528"/>
      <trkpt lat="47.464906" lon="-121.344477"/>
      <trkpt lat="47.464880" lon="-121.344433"/>
      <trkpt lat="47.464875" lon="-121.344383"/>
      <trkpt lat="47.464863" lon="-121.344339"/>
      <trkpt lat="47.464864" lon="-121.344280"/>
      <trkpt lat="47.464875" lon="-121.344248"/>
      <trkpt lat="47.464875" lon="-121.344162"/>
      <trkpt lat="47.464883" lon="-121.344104"/>
      <trkpt lat="47.464879" lon="-121.344052"/>
      <trkpt lat="47.464871" lon="-121.344012"/>
      <trkpt lat="47.464830" lon="-121.343888"/>
      <trkpt lat="47.464754" lon="-121.343830"/>
      <trkpt lat="47.464754" lon="-121.343810"/>
      <trkpt lat="47.464773" lon="-121.343805"/>
      <trkpt lat="47.464867" lon="-121.343830"/>
      <trkpt lat="47.464902" lon="-121.343859"/>
      <trkpt lat="47.464963" lon="-121.344009"/>
      <trkpt lat="47.464995" lon="-121.344107"/>
      <trkpt lat="47.465028" lon="-121.344167"/>
      <trkpt lat="47.465078" lon="-121.344343"/>
      <trkpt lat="47.465094" lon="-121.344370"/>
      <trkpt lat="47.465116" lon="-121.344380"/>
      <trkpt lat="47.465185" lon="-121.344350"/>
      <trkpt lat="47.465232" lon="-121.344360"/>
      <trkpt lat="47.465281" lon="-121.344406"/>
      <trkpt lat="47.465309" lon="-121.344469"/>
      <trkpt lat="47.465323" lon="-121.344525"/>
      <trkpt lat="47.465318" lon="-121.344596"/>
      <trkpt lat="47.465316" lon="-121.344720"/>
      <trkpt lat="47.465335" lon="-121.344823"/>
      <trkpt lat="47.465357" lon="-121.344872"/>
      <trkpt lat="47.465371" lon="-121.344885"/>
      <trkpt lat="47.465373" lon="-121.344862"/>
      <trkpt lat="47.465353" lon="-121.344781"/>
      <trkpt lat="47.465348" lon="-121.344673"/>
      <trkpt lat="47.465363" lon="-121.344517"/>
      <trkpt lat="47.465352" lon="-121.344452"/>
      <trkpt lat="47.465311" lon="-121.344333"/>
      <trkpt lat="47.465288" lon="-121.344207"/>
      <trkpt lat="47.465272" lon="-121.344009"/>
      <trkpt lat="47.465294" lon="-121.343852"/>
      <trkpt lat="47.465276" lon="-121.343804"/>
      <trkpt lat="47.465198" lon="-121.343716"/>
      <trkpt lat="47.465164" lon="-121.343707"/>
      <trkpt lat="47.465139" lon="-121.343667"/>
      <trkpt lat="47.465134" lon="-121.343635"/>
      <trkpt lat="47.465136" lon="-121.343589"/>
      <trkpt lat="47.465132" lon="-121.343536"/>
      <trkpt lat="47.465083" lon="-121.343420"/>
      <trkpt lat="47.465043" lon="-121.343354"/>
      <trkpt lat="47.464970" lon="-121.343267"/>
      <trkpt lat="47.464963" lon="-121.343219"/>
      <trkpt lat="47.464967" lon="-121.343170"/>
      <trkpt lat="47.464990" lon="-121.343208"/>
      <trkpt lat="47.465108" lon="-121.343329"/>
      <trkpt lat="47.465165" lon="-121.343428"/>
      <trkpt lat="47.465225" lon="-121.343493"/>
      <trkpt lat="47.465273" lon="-121.343523"/>
      <trkpt lat="47.465310" lon="-121.343531"/>
      <trkpt lat="47.465367" lon="-121.343520"/>
      <trkpt lat="47.465382" lon="-121.343541"/>
      <trkpt lat="47.465388" lon="-121.343578"/>
      <trkpt lat="47.465406" lon="-121.343651"/>
      <trkpt lat="47.465458" lon="-121.343778"/>
      <trkpt lat="47.465501" lon="-121.343834"/>
      <trkpt lat="47.465525" lon="-121.343859"/>
      <trkpt lat="47.465560" lon="-121.343879"/>
      <trkpt lat="47.465586" lon="-121.343910"/>
      <trkpt lat="47.465616" lon="-121.343982"/>
      <trkpt lat="47.465646" lon="-121.344103"/>
      <trkpt lat="47.465681" lon="-121.344293"/>
      <trkpt lat="47.465688" lon="-121.344362"/>
      <trkpt lat="47.465715" lon="-121.344415"/>
      <trkpt lat="47.465771" lon="-121.344496"/>
      <trkpt lat="47.465817" lon="-121.344600"/>
      <trkpt lat="47.465838" lon="-121.344677"/>
      <trkpt lat="47.465954" lon="-121.344938"/>
      <trkpt lat="47.466020" lon="-121.345040"/>
      <trkpt lat="47.466175" lon="-121.345231"/>
      <trkpt lat="47.466215" lon="-121.345353"/>
      <trkpt lat="47.466339" lon="-121.345569"/>
      <trkpt lat="47.466420" lon="-121.345633"/>
      <trkpt lat="47.466592" lon="-121.345690"/>
      <trkpt lat="47.466749" lon="-121.345730"/>
      <trkpt lat="47.467030" lon="-121.345752"/>
      <trkpt lat="47.467191" lon="-121.345805"/>
      <trkpt lat="47.467342" lon="-121.345876"/>
      <trkpt lat="47.467453" lon="-121.345908"/>
      <trkpt lat="47.467510" lon="-121.345866"/>
      <trkpt lat="47.467615" lon="-121.345752"/>
      <trkpt lat="47.467648" lon="-121.345738"/>
      <trkpt lat="47.467720" lon="-121.345732"/>
      <trkpt lat="47.467764" lon="-121.345755"/>
      <trkpt lat="47.467847" lon="-121.345878"/>
      <trkpt lat="47.467863" lon="-121.345916"/>
      <trkpt lat="47.467904" lon="-121.345929"/>
      <trkpt lat="47.467974" lon="-121.345893"/>
      <trkpt lat="47.468024" lon="-121.345841"/>
      <trkpt lat="47.468076" lon="-121.345740"/>
      <trkpt lat="47.468108" lon="-121.345642"/>
      <trkpt lat="47.468149" lon="-121.345613"/>
      <trkpt lat="47.468203" lon="-121.345601"/>
      <trkpt lat="47.468271" lon="-121.345612"/>
      <trkpt lat="47.468343" lon="-121.345616"/>
      <trkpt lat="47.468422" lon="-121.345610"/>
      <trkpt lat="47.468456" lon="-121.345583"/>
      <trkpt lat="47.468479" lon="-121.345524"/>
      <trkpt lat="47.468500" lon="-121.345452"/>
      <trkpt lat="47.468528" lon="-121.345410"/>
      <trkpt lat="47.468614" lon="-121.345378"/>
      <trkpt lat="47.468651" lon="-121.345349"/>
      <trkpt lat="47.468714" lon="-121.345268"/>
      <trkpt lat="47.468772" lon="-121.345220"/>
      <trkpt lat="47.468802" lon="-121.345184"/>
      <trkpt lat="47.468807" lon="-121.345135"/>
      <trkpt lat="47.468790" lon="-121.345095"/>
      <trkpt lat="47.468738" lon="-121.345023"/>
      <trkpt lat="47.468702" lon="-121.344961"/>
      <trkpt lat="47.468679" lon="-121.344911"/>
      <trkpt lat="47.468680" lon="-121.344859"/>
      <trkpt lat="47.468700" lon="-121.344814"/>
      <trkpt lat="47.468733" lon="-121.344777"/>
      <trkpt lat="47.468787" lon="-121.344777"/>
      <trkpt lat="47.468837" lon="-121.344787"/>
      <trkpt lat="47.468903" lon="-121.344775"/>
      <trkpt lat="47.468973" lon="-121.344704"/>
      <trkpt lat="47.469074" lon="-121.344647"/>
      <trkpt lat="47.469140" lon="-121.344584"/>
      <trkpt lat="47.469184" lon="-121.344529"/>
      <trkpt lat="47.469252" lon="-121.344407"/>
      <trkpt lat="47.469383" lon="-121.344222"/>
      <trkpt lat="47.469457" lon="-121.344171"/>
      <trkpt lat="47.469638" lon="-121.343992"/>
      <trkpt lat="47.469727" lon="-121.343932"/>
      <trkpt lat="47.469810" lon="-121.343859"/>
      <trkpt lat="47.469856" lon="-121.343800"/>
      <trkpt lat="47.469920" lon="-121.343692"/>
      <trkpt lat="47.469997" lon="-121.343434"/>
      <trkpt lat="47.470036" lon="-121.343337"/>
      <trkpt lat="47.470278" lon="-121.342996"/>
      <trkpt lat="47.470396" lon="-121.342788"/>
      <trkpt lat="47.470585" lon="-121.342421"/>
      <trkpt lat="47.470729" lon="-121.342131"/>
      <trkpt lat="47.470823" lon="-121.341964"/>
      <trkpt lat="47.471033" lon="-121.341619"/>
      <trkpt lat="47.471069" lon="-121.341524"/>
      <trkpt lat="47.471077" lon="-121.341467"/>
      <trkpt lat="47.471080" lon="-121.341388"/>
      <trkpt lat="47.471114" lon="-121.341183"/>
      <trkpt lat="47.471150" lon="-121.341100"/>
      <trkpt lat="47.471209" lon="-121.341024"/>
      <trkpt lat="47.471318" lon="-121.340938"/>
      <trkpt lat="47.471350" lon="-121.340894"/>
      <trkpt lat="47.471436" lon="-121.340749"/>
      <trkpt lat="47.471472" lon="-121.340679"/>
      <trkpt lat="47.471498" lon="-121.340600"/>
      <trkpt lat="47.471495" lon="-121.340547"/>
      <trkpt lat="47.471486" lon="-121.340489"/>
      <trkpt lat="47.471453" lon="-121.340416"/>
      <trkpt lat="47.471410" lon="-121.340290"/>
      <trkpt lat="47.471364" lon="-121.339986"/>
      <trkpt lat="47.471328" lon="-121.339826"/>
      <trkpt lat="47.471271" lon="-121.339621"/>
      <trkpt lat="47.471214" lon="-121.339374"/>
      <trkpt lat="47.471174" lon="-121.339219"/>
      <trkpt lat="47.471157" lon="-121.339095"/>
      <trkpt lat="47.471150" lon="-121.338923"/>
      <trkpt lat="47.471150" lon="-121.338553"/>
      <trkpt lat="47.471125" lon="-121.338338"/>
      <trkpt lat="47.471093" lon="-121.337924"/>
      <trkpt lat="47.471064" lon="-121.337704"/>
      <trkpt lat="47.471058" lon="-121.337565"/>
      <trkpt lat="47.471046" lon="-121.337399"/>
      <trkpt lat="47.471066" lon="-121.337281"/>
      <trkpt lat="47.471075" lon="-121.337173"/>
      <trkpt lat="47.471075" lon="-121.337047"/>
      <trkpt lat="47.471022" lon="-121.336642"/>
      <trkpt lat="47.471020" lon="-121.336194"/>
      <trkpt lat="47.470989" lon="-121.336057"/>
      <trkpt lat="47.470988" lon="-121.335901"/>
      <trkpt lat="47.470993" lon="-121.335744"/>
      <trkpt lat="47.470989" lon="-121.335384"/>
      <trkpt lat="47.470971" lon="-121.335280"/>
      <trkpt lat="47.470957" lon="-121.334974"/>
      <trkpt lat="47.470935" lon="-121.334722"/>
      <trkpt lat="47.470923" lon="-121.334446"/>
      <trkpt lat="47.470933" lon="-121.334215"/>
      <trkpt lat="47.470932" lon="-121.334164"/>
      <trkpt lat="47.470919" lon="-121.334110"/>
      <trkpt lat="47.470914" lon="-121.333925"/>
      <trkpt lat="47.470895" lon="-121.333884"/>
      <trkpt lat="47.470813" lon="-121.333782"/>
      <trkpt lat="47.470783" lon="-121.333728"/>
      <trkpt lat="47.470757" lon="-121.333413"/>
      <trkpt lat="47.470732" lon="-121.333002"/>
      <trkpt lat="47.470732" lon="-121.332913"/>
      <trkpt lat="47.470758" lon="-121.332757"/>
      <trkpt lat="47.470793" lon="-121.332613"/>
      <trkpt lat="47.470822" lon="-121.332520"/>
      <trkpt lat="47.470831" lon="-121.332473"/>
      <trkpt lat="47.470825" lon="-121.332442"/>
      <trkpt lat="47.470776" lon="-121.332365"/>
      <trkpt lat="47.470752" lon="-121.332276"/>
      <trkpt lat="47.470695" lon="-121.332172"/>
      <trkpt lat="47.470635" lon="-121.332084"/>
      <trkpt lat="47.470600" lon="-121.332010"/>
      <trkpt lat="47.470591" lon="-121.331959"/>
      <trkpt lat="47.470618" lon="-121.331673"/>
      <trkpt lat="47.470615" lon="-121.331546"/>
      <trkpt lat="47.470604" lon="-121.331465"/>
      <trkpt lat="47.470618" lon="-121.331199"/>
      <trkpt lat="47.470610" lon="-121.331166"/>
      <trkpt lat="47.470601" lon="-121.331153"/>
      <trkpt lat="47.470528" lon="-121.331133"/>
      <trkpt lat="47.470504" lon="-121.331104"/>
      <trkpt lat="47.470482" lon="-121.331034"/>
      <trkpt lat="47.470470" lon="-121.330961"/>
      <trkpt lat="47.470472" lon="-121.330840"/>
      <trkpt lat="47.470484" lon="-121.330696"/>
      <trkpt lat="47.470484" lon="-121.330595"/>
      <trkpt lat="47.470457" lon="-121.330495"/>
      <trkpt lat="47.470441" lon="-121.330388"/>
      <trkpt lat="47.470428" lon="-121.330253"/>
      <trkpt lat="47.470457" lon="-121.329951"/>
      <trkpt lat="47.470492" lon="-121.329827"/>
      <trkpt lat="47.470758" lon="-121.329438"/>
      <trkpt lat="47.471069" lon="-121.329215"/>
      <trkpt lat="47.471134" lon="-121.329140"/>
      <trkpt lat="47.471332" lon="-121.328992"/>
      <trkpt lat="47.471454" lon="-121.328909"/>
      <trkpt lat="47.471669" lon="-121.328829"/>
      <trkpt lat="47.471796" lon="-121.328799"/>
      <trkpt lat="47.472311" lon="-121.328515"/>
      <trkpt lat="47.472456" lon="-121.328472"/>
      <trkpt lat="47.472592" lon="-121.328423"/>
      <trkpt lat="47.472665" lon="-121.328389"/>
      <trkpt lat="47.472817" lon="-121.328287"/>
      <trkpt lat="47.473120" lon="-121.328142"/>
      <trkpt lat="47.473189" lon="-121.328105"/>
      <trkpt lat="47.473267" lon="-121.328105"/>
      <trkpt lat="47.473321" lon="-121.328078"/>
      <trkpt lat="47.473377" lon="-121.328032"/>
      <trkpt lat="47.473424" lon="-121.327952"/>
      <trkpt lat="47.473448" lon="-121.327866"/>
      <trkpt lat="47.473465" lon="-121.327743"/>
      <trkpt lat="47.473505" lon="-121.327610"/>
      <trkpt lat="47.473519" lon="-121.327582"/>
      <trkpt lat="47.473521" lon="-121.327559"/>
      <trkpt lat="47.473520" lon="-121.327539"/>
      <trkpt lat="47.473509" lon="-121.327516"/>
      <trkpt lat="47.473499" lon="-121.327473"/>
      <trkpt lat="47.473506" lon="-121.327441"/>
      <trkpt lat="47.473496" lon="-121.327397"/>
      <trkpt lat="47.473488" lon="-121.327334"/>
      <trkpt lat="47.473493" lon="-121.327265"/>
      <trkpt lat="47.473484" lon="-121.327224"/>
      <trkpt lat="47.473421" lon="-121.327120"/>
      <trkpt lat="47.473412" lon="-121.327059"/>
      <trkpt lat="47.473415" lon="-121.326996"/>
      <trkpt lat="47.473450" lon="-121.326959"/>
      <trkpt lat="47.473670" lon="-121.326835"/>
      <trkpt lat="47.473849" lon="-121.326815"/>
      <trkpt lat="47.473905" lon="-121.326840"/>
      <trkpt lat="47.473970" lon="-121.326898"/>
      <trkpt lat="47.474039" lon="-121.326920"/>
      <trkpt lat="47.474095" lon="-121.327010"/>
      <trkpt lat="47.474168" lon="-121.327104"/>
      <trkpt lat="47.474184" lon="-121.327187"/>
      <trkpt lat="47.474188" lon="-121.327265"/>
      <trkpt lat="47.474202" lon="-121.327397"/>
      <trkpt lat="47.474253" lon="-121.327568"/>
      <trkpt lat="47.474316" lon="-121.327716"/>
      <trkpt lat="47.474354" lon="-121.327756"/>
      <trkpt lat="47.474421" lon="-121.327783"/>
      <trkpt lat="47.474757" lon="-121.327812"/>
      <trkpt lat="47.474831" lon="-121.327826"/>
      <trkpt lat="47.474945" lon="-121.327909"/>
      <trkpt lat="47.475083" lon="-121.327987"/>
      <trkpt lat="47.475165" lon="-121.328059"/>
      <trkpt lat="47.475312" lon="-121.328150"/>
      <trkpt lat="47.475380" lon="-121.328164"/>
      <trkpt lat="47.475442" lon="-121.328207"/>
      <trkpt lat="47.475506" lon="-121.328298"/>
      <trkpt lat="47.475562" lon="-121.328323"/>
      <trkpt lat="47.476002" lon="-121.328462"/>
      <trkpt lat="47.476233" lon="-121.328475"/>
      <trkpt lat="47.476298" lon="-121.328419"/>
      <trkpt lat="47.476381" lon="-121.328381"/>
      <trkpt lat="47.476490" lon="-121.328322"/>
      <trkpt lat="47.476539" lon="-121.328284"/>
      <trkpt lat="47.476555" lon="-121.328271"/>
      <trkpt lat="47.476737" lon="-121.327877"/>
      <trkpt lat="47.476749" lon="-121.327777"/>
      <trkpt lat="47.476742" lon="-121.327635"/>
      <trkpt lat="47.476747" lon="-121.327571"/>
      <trkpt lat="47.476737" lon="-121.327536"/>
      <trkpt lat="47.476731" lon="-121.327496"/>
      <trkpt lat="47.476758" lon="-121.327496"/>
      <trkpt lat="47.476771" lon="-121.327539"/>
      <trkpt lat="47.476815" lon="-121.327547"/>
      <trkpt lat="47.477021" lon="-121.327531"/>
      <trkpt lat="47.477175" lon="-121.327488"/>
      <trkpt lat="47.477224" lon="-121.327458"/>
      <trkpt lat="47.477275" lon="-121.327415"/>
      <trkpt lat="47.477358" lon="-121.327303"/>
      <trkpt lat="47.477369" lon="-121.327279"/>
      <trkpt lat="47.477360" lon="-121.327253"/>
      <trkpt lat="47.477193" lon="-121.327318"/>
      <trkpt lat="47.477116" lon="-121.327312"/>
      <trkpt lat="47.477084" lon="-121.327295"/>
      <trkpt lat="47.477073" lon="-121.327263"/>
      <trkpt lat="47.477087" lon="-121.327214"/>
      <trkpt lat="47.477088" lon="-121.327142"/>
      <trkpt lat="47.477069" lon="-121.327080"/>
      <trkpt lat="47.477072" lon="-121.326996"/>
      <trkpt lat="47.477064" lon="-121.326953"/>
      <trkpt lat="47.477047" lon="-121.326891"/>
      <trkpt lat="47.476988" lon="-121.326798"/>
      <trkpt lat="47.476895" lon="-121.326699"/>
      <trkpt lat="47.476909" lon="-121.326662"/>
      <trkpt lat="47.477039" lon="-121.326682"/>
      <trkpt lat="47.477120" lon="-121.326721"/>
      <trkpt lat="47.477226" lon="-121.326795"/>
      <trkpt lat="47.477299" lon="-121.326801"/>
      <trkpt lat="47.477366" lon="-121.326832"/>
      <trkpt lat="47.477427" lon="-121.326852"/>
      <trkpt lat="47.477563" lon="-121.326858"/>
      <trkpt lat="47.477605" lon="-121.326853"/>
      <trkpt lat="47.477618" lon="-121.326829"/>
      <trkpt lat="47.477609" lon="-121.326795"/>
      <trkpt lat="47.477592" lon="-121.326766"/>
      <trkpt lat="47.477558" lon="-121.326756"/>
      <trkpt lat="47.477519" lon="-121.326733"/>
      <trkpt lat="47.477480" lon="-121.326674"/>
      <trkpt lat="47.477374" lon="-121.326569"/>
      <trkpt lat="47.477250" lon="-121.326369"/>
      <trkpt lat="47.477180" lon="-121.326312"/>
      <trkpt lat="47.477159" lon="-121.326282"/>
      <trkpt lat="47.477147" lon="-121.326243"/>
      <trkpt lat="47.477146" lon="-121.326196"/>
      <trkpt lat="47.477155" lon="-121.326159"/>
      <trkpt lat="47.477190" lon="-121.326141"/>
      <trkpt lat="47.477285" lon="-121.326131"/>
      <trkpt lat="47.477320" lon="-121.326109"/>
      <trkpt lat="47.477391" lon="-121.326019"/>
      <trkpt lat="47.477556" lon="-121.325895"/>
      <trkpt lat="47.477614" lon="-121.325845"/>
      <trkpt lat="47.477689" lon="-121.325809"/>
      <trkpt lat="47.477782" lon="-121.325675"/>
      <trkpt lat="47.477795" lon="-121.325637"/>
      <trkpt lat="47.477851" lon="-121.325553"/>
      <trkpt lat="47.477880" lon="-121.325539"/>
      <trkpt lat="47.477936" lon="-121.325530"/>
      <trkpt lat="47.478041" lon="-121.325553"/>
      <trkpt lat="47.478141" lon="-121.325593"/>
      <trkpt lat="47.478195" lon="-121.325606"/>
      <trkpt lat="47.478229" lon="-121.325602"/>
      <trkpt lat="47.478305" lon="-121.325494"/>
      <trkpt lat="47.478336" lon="-121.325463"/>
      <trkpt lat="47.478451" lon="-121.325449"/>
      <trkpt lat="47.478494" lon="-121.325412"/>
      <trkpt lat="47.478548" lon="-121.325307"/>
      <trkpt lat="47.478602" lon="-121.325243"/>
      <trkpt lat="47.478645" lon="-121.325208"/>
      <trkpt lat="47.478665" lon="-121.325165"/>
      <trkpt lat="47.478717" lon="-121.324958"/>
      <trkpt lat="47.478755" lon="-121.324698"/>
      <trkpt lat="47.478775" lon="-121.324638"/>
      <trkpt lat="47.478778" lon="-121.324525"/>
      <trkpt lat="47.478768" lon="-121.324485"/>
      <trkpt lat="47.478673" lon="-121.324331"/>
      <trkpt lat="47.478673" lon="-121.324291"/>
      <trkpt lat="47.478688" lon="-121.324242"/>
      <trkpt lat="47.478691" lon="-121.324178"/>
      <trkpt lat="47.478673" lon="-121.324110"/>
      <trkpt lat="47.478662" lon="-121.324029"/>
      <trkpt lat="47.478666" lon="-121.323930"/>
      <trkpt lat="47.478692" lon="-121.323837"/>
      <trkpt lat="47.478688" lon="-121.323762"/>
      <trkpt lat="47.478689" lon="-121.323664"/>
      <trkpt lat="47.478708" lon="-121.323491"/>
      <trkpt lat="47.478732" lon="-121.323328"/>
      <trkpt lat="47.478761" lon="-121.323216"/>
      <trkpt lat="47.478804" lon="-121.323140"/>
      <trkpt lat="47.478866" lon="-121.323055"/>
      <trkpt lat="47.479090" lon="-121.322799"/>
      <trkpt lat="47.479323" lon="-121.322596"/>
      <trkpt lat="47.479359" lon="-121.322553"/>
      <trkpt lat="47.479387" lon="-121.322488"/>
      <trkpt lat="47.479391" lon="-121.322432"/>
      <trkpt lat="47.479378" lon="-121.322392"/>
      <trkpt lat="47.479239" lon="-121.322200"/>
      <trkpt lat="47.479221" lon="-121.322138"/>
      <trkpt lat="47.479210" lon="-121.322052"/>
      <trkpt lat="47.479188" lon="-121.321996"/>
      <trkpt lat="47.479079" lon="-121.321863"/>
      <trkpt lat="47.478876" lon="-121.321583"/>
      <trkpt lat="47.478853" lon="-121.321540"/>
      <trkpt lat="47.478853" lon="-121.321490"/>
      <trkpt lat="47.478868" lon="-121.321347"/>
      <trkpt lat="47.478884" lon="-121.321297"/>
      <trkpt lat="47.478891" lon="-121.321252"/>
      <trkpt lat="47.478867" lon="-121.321171"/>
      <trkpt lat="47.478804" lon="-121.321033"/>
      <trkpt lat="47.478761" lon="-121.320973"/>
      <trkpt lat="47.478715" lon="-121.320920"/>
      <trkpt lat="47.478572" lon="-121.320855"/>
      <trkpt lat="47.478514" lon="-121.320805"/>
      <trkpt lat="47.478460" lon="-121.320746"/>
      <trkpt lat="47.478243" lon="-121.320542"/>
      <trkpt lat="47.478135" lon="-121.320454"/>
      <trkpt lat="47.478015" lon="-121.320358"/>
      <trkpt lat="47.477886" lon="-121.320285"/>
      <trkpt lat="47.477802" lon="-121.320228"/>
      <trkpt lat="47.477554" lon="-121.319974"/>
      <trkpt lat="47.477497" lon="-121.319932"/>
      <trkpt lat="47.477474" lon="-121.319868"/>
      <trkpt lat="47.477472" lon="-121.319767"/>
      <trkpt lat="47.477455" lon="-121.319727"/>
      <trkpt lat="47.477407" lon="-121.319696"/>
      <trkpt lat="47.477353" lon="-121.319716"/>
      <trkpt lat="47.477274" lon="-121.319715"/>
      <trkpt lat="47.477218" lon="-121.319692"/>
      <trkpt lat="47.477185" lon="-121.319648"/>
      <trkpt lat="47.477124" lon="-121.319636"/>
      <trkpt lat="47.477023" lon="-121.319582"/>
      <trkpt lat="47.476949" lon="-121.319526"/>
      <trkpt lat="47.476887" lon="-121.319491"/>
      <trkpt lat="47.476707" lon="-121.319471"/>
      <trkpt lat="47.476561" lon="-121.319379"/>
      <trkpt lat="47.476475" lon="-121.319350"/>
      <trkpt lat="47.476419" lon="-121.319321"/>
      <trkpt lat="47.476397" lon="-121.319314"/>
      <trkpt lat="47.476384" lon="-121.319294"/>
      <trkpt lat="47.476363" lon="-121.319294"/>
      <trkpt lat="47.476357" lon="-121.319327"/>
      <trkpt lat="47.476385" lon="-121.319346"/>
      <trkpt lat="47.476564" lon="-121.319511"/>
      <trkpt lat="47.476651" lon="-121.319609"/>
      <trkpt lat="47.476673" lon="-121.319656"/>
      <trkpt lat="47.476725" lon="-121.319695"/>
      <trkpt lat="47.476763" lon="-121.319704"/>
      <trkpt lat="47.476784" lon="-121.319729"/>
      <trkpt lat="47.476771" lon="-121.319755"/>
      <trkpt lat="47.476724" lon="-121.319736"/>
      <trkpt lat="47.476523" lon="-121.319603"/>
      <trkpt lat="47.476417" lon="-121.319579"/>
      <trkpt lat="47.476360" lon="-121.319575"/>
      <trkpt lat="47.476304" lon="-121.319550"/>
      <trkpt lat="47.476202" lon="-121.319460"/>
      <trkpt lat="47.476026" lon="-121.319274"/>
      <trkpt lat="47.475969" lon="-121.319208"/>
      <trkpt lat="47.475897" lon="-121.319097"/>
      <trkpt lat="47.475841" lon="-121.319020"/>
      <trkpt lat="47.475795" lon="-121.318984"/>
      <trkpt lat="47.475710" lon="-121.318956"/>
      <trkpt lat="47.475628" lon="-121.318894"/>
      <trkpt lat="47.475400" lon="-121.318649"/>
      <trkpt lat="47.475341" lon="-121.318573"/>
      <trkpt lat="47.475244" lon="-121.318486"/>
      <trkpt lat="47.475211" lon="-121.318443"/>
      <trkpt lat="47.475215" lon="-121.318398"/>
      <trkpt lat="47.475235" lon="-121.318339"/>
      <trkpt lat="47.475268" lon="-121.318277"/>
      <trkpt lat="47.475340" lon="-121.318079"/>
      <trkpt lat="47.475365" lon="-121.318037"/>
      <trkpt lat="47.475378" lon="-121.318002"/>
      <trkpt lat="47.475375" lon="-121.317966"/>
      <trkpt lat="47.475352" lon="-121.317918"/>
      <trkpt lat="47.475313" lon="-121.317872"/>
      <trkpt lat="47.475269" lon="-121.317875"/>
      <trkpt lat="47.475213" lon="-121.317867"/>
      <trkpt lat="47.475168" lon="-121.317817"/>
      <trkpt lat="47.475128" lon="-121.317763"/>
      <trkpt lat="47.475105" lon="-121.317722"/>
      <trkpt lat="47.475103" lon="-121.317664"/>
      <trkpt lat="47.475148" lon="-121.317573"/>
      <trkpt lat="47.475161" lon="-121.317494"/>
      <trkpt lat="47.475165" lon="-121.317407"/>
      <trkpt lat="47.475197" lon="-121.317338"/>
      <trkpt lat="47.475197" lon="-121.317291"/>
      <trkpt lat="47.475177" lon="-121.317266"/>
      <trkpt lat="47.475130" lon="-121.317257"/>
      <trkpt lat="47.475112" lon="-121.317249"/>
      <trkpt lat="47.475091" lon="-121.317223"/>
      <trkpt lat="47.475084" lon="-121.317132"/>
      <trkpt lat="47.475075" lon="-121.317073"/>
      <trkpt lat="47.475048" lon="-121.317038"/>
      <trkpt lat="47.475011" lon="-121.317037"/>
      <trkpt lat="47.474971" lon="-121.317002"/>
      <trkpt lat="47.474927" lon="-121.316918"/>
      <trkpt lat="47.474921" lon="-121.316878"/>
      <trkpt lat="47.474870" lon="-121.316803"/>
      <trkpt lat="47.474827" lon="-121.316727"/>
      <trkpt lat="47.474766" lon="-121.316605"/>
      <trkpt lat="47.474750" lon="-121.316540"/>
      <trkpt lat="47.474725" lon="-121.316522"/>
      <trkpt lat="47.474699" lon="-121.316471"/>
      <trkpt lat="47.474659" lon="-121.316457"/>
      <trkpt lat="47.474478" lon="-121.315903"/>
      <trkpt lat="47.474431" lon="-121.315852"/>
      <trkpt lat="47.474374" lon="-121.315827"/>
      <trkpt lat="47.474242" lon="-121.315828"/>
      <trkpt lat="47.474188" lon="-121.315808"/>
      <trkpt lat="47.474082" lon="-121.315669"/>
      <trkpt lat="47.474018" lon="-121.315633"/>
      <trkpt lat="47.473832" lon="-121.315611"/>
      <trkpt lat="47.473753" lon="-121.315584"/>
      <trkpt lat="47.473672" lon="-121.315508"/>
      <trkpt lat="47.473586" lon="-121.315450"/>
      <trkpt lat="47.473407" lon="-121.315379"/>
      <trkpt lat="47.473245" lon="-121.315292"/>
      <trkpt lat="47.473070" lon="-121.315233"/>
      <trkpt lat="47.473057" lon="-121.315207"/>
      <trkpt lat="47.473030" lon="-121.315183"/>
      <trkpt lat="47.472985" lon="-121.315173"/>
      <trkpt lat="47.472937" lon="-121.315132"/>
      <trkpt lat="47.472819" lon="-121.315004"/>
      <trkpt lat="47.472764" lon="-121.314934"/>
      <trkpt lat="47.472743" lon="-121.314923"/>
      <trkpt lat="47.472749" lon="-121.314973"/>
      <trkpt lat="47.472812" lon="-121.315097"/>
      <trkpt lat="47.472857" lon="-121.315211"/>
      <trkpt lat="47.472942" lon="-121.315368"/>
      <trkpt lat="47.473001" lon="-121.315433"/>
      <trkpt lat="47.473027" lon="-121.315480"/>
      <trkpt lat="47.473057" lon="-121.315508"/>
      <trkpt lat="47.473123" lon="-121.315556"/>
      <trkpt lat="47.473142" lon="-121.315588"/>
      <trkpt lat="47.473129" lon="-121.315606"/>
      <trkpt lat="47.472814" lon="-121.315451"/>
      <trkpt lat="47.472683" lon="-121.315336"/>
      <trkpt lat="47.472490" lon="-121.315104"/>
      <trkpt lat="47.472434" lon="-121.315064"/>
      <trkpt lat="47.472180" lon="-121.315037"/>
      <trkpt lat="47.472081" lon="-121.315064"/>
      <trkpt lat="47.472000" lon="-121.315073"/>
      <trkpt lat="47.471917" lon="-121.315064"/>
      <trkpt lat="47.471838" lon="-121.315029"/>
      <trkpt lat="47.471815" lon="-121.315005"/>
      <trkpt lat="47.471796" lon="-121.314954"/>
      <trkpt lat="47.471781" lon="-121.314886"/>
      <trkpt lat="47.471755" lon="-121.314830"/>
      <trkpt lat="47.471716" lon="-121.314805"/>
      <trkpt lat="47.471680" lon="-121.314824"/>
      <trkpt lat="47.471633" lon="-121.314825"/>
      <trkpt lat="47.471596" lon="-121.314794"/>
      <trkpt lat="47.471566" lon="-121.314742"/>
      <trkpt lat="47.471493" lon="-121.314670"/>
      <trkpt lat="47.471418" lon="-121.314627"/>
      <trkpt lat="47.471352" lon="-121.314597"/>
      <trkpt lat="47.471282" lon="-121.314578"/>
      <trkpt lat="47.471153" lon="-121.314521"/>
      <trkpt lat="47.471057" lon="-121.314501"/>
      <trkpt lat="47.470946" lon="-121.314495"/>
      <trkpt lat="47.470886" lon="-121.314474"/>
      <trkpt lat="47.470828" lon="-121.314439"/>
      <trkpt lat="47.470776" lon="-121.314420"/>
      <trkpt lat="47.470743" lon="-121.314364"/>
      <trkpt lat="47.470712" lon="-121.314219"/>
      <trkpt lat="47.470669" lon="-121.314147"/>
      <trkpt lat="47.470594" lon="-121.314058"/>
      <trkpt lat="47.470528" lon="-121.314003"/>
      <trkpt lat="47.470471" lon="-121.313940"/>
      <trkpt lat="47.470404" lon="-121.313819"/>
      <trkpt lat="47.470331" lon="-121.313656"/>
      <trkpt lat="47.470273" lon="-121.313597"/>
      <trkpt lat="47.470012" lon="-121.313481"/>
      <trkpt lat="47.469916" lon="-121.313422"/>
      <trkpt lat="47.469762" lon="-121.313286"/>
      <trkpt lat="47.469638" lon="-121.313198"/>
      <trkpt lat="47.469555" lon="-121.313127"/>
      <trkpt lat="47.469541" lon="-121.313057"/>
      <trkpt lat="47.469508" lon="-121.312948"/>
      <trkpt lat="47.469397" lon="-121.312632"/>
      <trkpt lat="47.469372" lon="-121.312575"/>
      <trkpt lat="47.469336" lon="-121.312545"/>
      <trkpt lat="47.469290" lon="-121.312485"/>
      <trkpt lat="47.469223" lon="-121.312433"/>
      <trkpt lat="47.469091" lon="-121.312379"/>
      <trkpt lat="47.469011" lon="-121.312323"/>
      <trkpt lat="47.468953" lon="-121.312258"/>
      <trkpt lat="47.468917" lon="-121.312202"/>
      <trkpt lat="47.468861" lon="-121.312162"/>
      <trkpt lat="47.468796" lon="-121.312138"/>
      <trkpt lat="47.468685" lon="-121.312180"/>
      <trkpt lat="47.468620" lon="-121.312167"/>
      <trkpt lat="47.468435" lon="-121.312146"/>
      <trkpt lat="47.468379" lon="-121.312116"/>
      <trkpt lat="47.468317" lon="-121.312036"/>
      <trkpt lat="47.468259" lon="-121.311928"/>
      <trkpt lat="47.468166" lon="-121.311794"/>
      <trkpt lat="47.468003" lon="-121.311617"/>
      <trkpt lat="47.467927" lon="-121.311585"/>
      <trkpt lat="47.467796" lon="-121.311507"/>
      <trkpt lat="47.467681" lon="-121.311475"/>
      <trkpt lat="47.467568" lon="-121.311427"/>
      <trkpt lat="47.467470" lon="-121.311352"/>
      <trkpt lat="47.467365" lon="-121.311282"/>
      <trkpt lat="47.467288" lon="-121.311190"/>
      <trkpt lat="47.467242" lon="-121.311121"/>
      <trkpt lat="47.467213" lon="-121.310981"/>
      <trkpt lat="47.467169" lon="-121.310805"/>
      <trkpt lat="47.467080" lon="-121.310587"/>
      <trkpt lat="47.466991" lon="-121.310472"/>
      <trkpt lat="47.466870" lon="-121.310340"/>
      <trkpt lat="47.466802" lon="-121.310257"/>
      <trkpt lat="47.466720" lon="-121.310119"/>
      <trkpt lat="47.466637" lon="-121.309941"/>
      <trkpt lat="47.466573" lon="-121.309844"/>
      <trkpt lat="47.466533" lon="-121.309757"/>
      <trkpt lat="47.466520" lon="-121.309678"/>
      <trkpt lat="47.466476" lon="-121.309506"/>
      <trkpt lat="47.466427" lon="-121.309398"/>
      <trkpt lat="47.466259" lon="-121.309162"/>
      <trkpt lat="47.466164" lon="-121.309060"/>
      <trkpt lat="47.466116" lon="-121.309026"/>
      <trkpt lat="47.466051" lon="-121.308935"/>
      <trkpt lat="47.465988" lon="-121.308801"/>
      <trkpt lat="47.465953" lon="-121.308706"/>
      <trkpt lat="47.465812" lon="-121.308439"/>
      <trkpt lat="47.465751" lon="-121.308368"/>
      <trkpt lat="47.465704" lon="-121.308282"/>
      <trkpt lat="47.465594" lon="-121.307987"/>
      <trkpt lat="47.465499" lon="-121.307747"/>
      <trkpt lat="47.465439" lon="-121.307598"/>
      <trkpt lat="47.465405" lon="-121.307536"/>
      <trkpt lat="47.465356" lon="-121.307484"/>
      <trkpt lat="47.465284" lon="-121.307470"/>
      <trkpt lat="47.465174" lon="-121.307428"/>
      <trkpt lat="47.465023" lon="-121.307340"/>
      <trkpt lat="47.464903" lon="-121.307259"/>
      <trkpt lat="47.464839" lon="-121.307224"/>
      <trkpt lat="47.464744" lon="-121.307150"/>
      <trkpt lat="47.464683" lon="-121.307120"/>
      <trkpt lat="47.464610" lon="-121.307068"/>
      <trkpt lat="47.464538" lon="-121.307031"/>
      <trkpt lat="47.464449" lon="-121.307013"/>
      <trkpt lat="47.464347" lon="-121.307008"/>
      <trkpt lat="47.464252" lon="-121.307035"/>
      <trkpt lat="47.464205" lon="-121.307076"/>
      <trkpt lat="47.464161" lon="-121.307104"/>
      <trkpt lat="47.464085" lon="-121.307129"/>
      <trkpt lat="47.463553" lon="-121.307112"/>
      <trkpt lat="47.463481" lon="-121.307158"/>
      <trkpt lat="47.463361" lon="-121.307257"/>
      <trkpt lat="47.463235" lon="-121.307378"/>
      <trkpt lat="47.463185" lon="-121.307445"/>
      <trkpt lat="47.463137" lon="-121.307461"/>
      <trkpt lat="47.463036" lon="-121.307465"/>
      <trkpt lat="47.462946" lon="-121.307496"/>
      <trkpt lat="47.462846" lon="-121.307519"/>
      <trkpt lat="47.462756" lon="-121.307524"/>
      <trkpt lat="47.462330" lon="-121.307419"/>
      <trkpt lat="47.462251" lon="-121.307416"/>
      <trkpt lat="47.462161" lon="-121.307421"/>
      <trkpt lat="47.462097" lon="-121.307414"/>
      <trkpt lat="47.462028" lon="-121.307378"/>
      <trkpt lat="47.461995" lon="-121.307320"/>
      <trkpt lat="47.461952" lon="-121.307271"/>
      <trkpt lat="47.461856" lon="-121.307190"/>
      <trkpt lat="47.461772" lon="-121.307076"/>
      <trkpt lat="47.461700" lon="-121.306988"/>
      <trkpt lat="47.461657" lon="-121.306898"/>
      <trkpt lat="47.461626" lon="-121.306852"/>
      <trkpt lat="47.461580" lon="-121.306799"/>
      <trkpt lat="47.461491" lon="-121.306726"/>
      <trkpt lat="47.461391" lon="-121.306628"/>
      <trkpt lat="47.461282" lon="-121.306474"/>
      <trkpt lat="47.461189" lon="-121.306359"/>
      <trkpt lat="47.461077" lon="-121.306250"/>
      <trkpt lat="47.460931" lon="-121.306170"/>
      <trkpt lat="47.460786" lon="-121.306168"/>
      <trkpt lat="47.460679" lon="-121.306152"/>
      <trkpt lat="47.460614" lon="-121.306131"/>
      <trkpt lat="47.460557" lon="-121.306092"/>
      <trkpt lat="47.460452" lon="-121.305983"/>
      <trkpt lat="47.460369" lon="-121.305872"/>
      <trkpt lat="47.460305" lon="-121.305805"/>
      <trkpt lat="47.460245" lon="-121.305763"/>
      <trkpt lat="47.460181" lon="-121.305758"/>
      <trkpt lat="47.460133" lon="-121.305785"/>
      <trkpt lat="47.460078" lon="-121.305830"/>
      <trkpt lat="47.460017" lon="-121.305857"/>
      <trkpt lat="47.459967" lon="-121.305887"/>
      <trkpt lat="47.459918" lon="-121.305951"/>
      <trkpt lat="47.459862" lon="-121.306006"/>
      <trkpt lat="47.459765" lon="-121.306017"/>
      <trkpt lat="47.459730" lon="-121.306039"/>
      <trkpt lat="47.459691" lon="-121.306042"/>
      <trkpt lat="47.459650" lon="-121.306006"/>
      <trkpt lat="47.459628" lon="-121.305950"/>
      <trkpt lat="47.459593" lon="-121.305908"/>
      <trkpt lat="47.459547" lon="-121.305881"/>
      <trkpt lat="47.459507" lon="-121.305888"/>
      <trkpt lat="47.459368" lon="-121.306006"/>
      <trkpt lat="47.459297" lon="-121.306017"/>
      <trkpt lat="47.459223" lon="-121.306013"/>
      <trkpt lat="47.459186" lon="-121.306019"/>
      <trkpt lat="47.459114" lon="-121.306096"/>
      <trkpt lat="47.459082" lon="-121.306116"/>
      <trkpt lat="47.459024" lon="-121.306116"/>
      <trkpt lat="47.458972" lon="-121.306064"/>
      <trkpt lat="47.458788" lon="-121.305921"/>
      <trkpt lat="47.458743" lon="-121.305901"/>
      <trkpt lat="47.458691" lon="-121.305903"/>
      <trkpt lat="47.458641" lon="-121.305927"/>
      <trkpt lat="47.458415" lon="-121.305948"/>
      <trkpt lat="47.458392" lon="-121.305927"/>
      <trkpt lat="47.458384" lon="-121.305836"/>
      <trkpt lat="47.458339" lon="-121.305749"/>
      <trkpt lat="47.458256" lon="-121.305659"/>
      <trkpt lat="47.458153" lon="-121.305564"/>
      <trkpt lat="47.458112" lon="-121.305490"/>
      <trkpt lat="47.458065" lon="-121.305463"/>
      <trkpt lat="47.458022" lon="-121.305449"/>
      <trkpt lat="47.458002" lon="-121.305427"/>
      <trkpt lat="47.457985" lon="-121.305384"/>
      <trkpt lat="47.457958" lon="-121.305353"/>
      <trkpt lat="47.457925" lon="-121.305332"/>
      <trkpt lat="47.457869" lon="-121.305317"/>
      <trkpt lat="47.457806" lon="-121.305318"/>
      <trkpt lat="47.457667" lon="-121.305374"/>
      <trkpt lat="47.457528" lon="-121.305451"/>
      <trkpt lat="47.457303" lon="-121.305543"/>
      <trkpt lat="47.457196" lon="-121.305576"/>
      <trkpt lat="47.456943" lon="-121.305622"/>
      <trkpt lat="47.456834" lon="-121.305665"/>
      <trkpt lat="47.456760" lon="-121.305715"/>
      <trkpt lat="47.456674" lon="-121.305783"/>
      <trkpt lat="47.456517" lon="-121.305958"/>
      <trkpt lat="47.456481" lon="-121.305986"/>
      <trkpt lat="47.456417" lon="-121.306005"/>
      <trkpt lat="47.456375" lon="-121.306005"/>
      <trkpt lat="47.456357" lon="-121.305982"/>
      <trkpt lat="47.456373" lon="-121.305918"/>
      <trkpt lat="47.456421" lon="-121.305771"/>
      <trkpt lat="47.456507" lon="-121.305486"/>
      <trkpt lat="47.456502" lon="-121.305437"/>
      <trkpt lat="47.456485" lon="-121.305451"/>
      <trkpt lat="47.456466" lon="-121.305504"/>
      <trkpt lat="47.456380" lon="-121.305634"/>
      <trkpt lat="47.456272" lon="-121.305779"/>
      <trkpt lat="47.455975" lon="-121.306152"/>
      <trkpt lat="47.455867" lon="-121.306254"/>
      <trkpt lat="47.455568" lon="-121.306487"/>
      <trkpt lat="47.455504" lon="-121.306555"/>
      <trkpt lat="47.455330" lon="-121.306619"/>
      <trkpt lat="47.455328" lon="-121.306597"/>
      <trkpt lat="47.455382" lon="-121.306555"/>
      <trkpt lat="47.455435" lon="-121.306505"/>
      <trkpt lat="47.455510" lon="-121.306391"/>
      <trkpt lat="47.455592" lon="-121.306247"/>
      <trkpt lat="47.455684" lon="-121.306076"/>
      <trkpt lat="47.455763" lon="-121.305896"/>
      <trkpt lat="47.455840" lon="-121.305704"/>
      <trkpt lat="47.455881" lon="-121.305577"/>
      <trkpt lat="47.455914" lon="-121.305420"/>
      <trkpt lat="47.456136" lon="-121.304659"/>
      <trkpt lat="47.456194" lon="-121.304378"/>
      <trkpt lat="47.456209" lon="-121.304267"/>
      <trkpt lat="47.456232" lon="-121.304209"/>
      <trkpt lat="47.456230" lon="-121.304118"/>
      <trkpt lat="47.456214" lon="-121.304067"/>
      <trkpt lat="47.456210" lon="-121.304017"/>
      <trkpt lat="47.456225" lon="-121.303978"/>
      <trkpt lat="47.456243" lon="-121.303891"/>
      <trkpt lat="47.456270" lon="-121.303825"/>
      <trkpt lat="47.456312" lon="-121.303742"/>
      <trkpt lat="47.456346" lon="-121.303646"/>
      <trkpt lat="47.456487" lon="-121.303309"/>
      <trkpt lat="47.456528" lon="-121.303222"/>
      <trkpt lat="47.456607" lon="-121.303074"/>
      <trkpt lat="47.456662" lon="-121.302951"/>
      <trkpt lat="47.456668" lon="-121.302870"/>
      <trkpt lat="47.456657" lon="-121.302778"/>
      <trkpt lat="47.456651" lon="-121.302632"/>
      <trkpt lat="47.456663" lon="-121.302512"/>
      <trkpt lat="47.456704" lon="-121.302382"/>
      <trkpt lat="47.456778" lon="-121.302212"/>
      <trkpt lat="47.456842" lon="-121.302081"/>
      <trkpt lat="47.456869" lon="-121.301937"/>
      <trkpt lat="47.456900" lon="-121.301849"/>
      <trkpt lat="47.456913" lon="-121.301586"/>
      <trkpt lat="47.456952" lon="-121.301291"/>
      <trkpt lat="47.456969" lon="-121.301037"/>
      <trkpt lat="47.457001" lon="-121.300713"/>
      <trkpt lat="47.457023" lon="-121.300558"/>
      <trkpt lat="47.457046" lon="-121.300274"/>
      <trkpt lat="47.457058" lon="-121.300220"/>
      <trkpt lat="47.457097" lon="-121.300115"/>
      <trkpt lat="47.457116" lon="-121.300029"/>
      <trkpt lat="47.457150" lon="-121.299923"/>
      <trkpt lat="47.457190" lon="-121.299837"/>
      <trkpt lat="47.457196" lon="-121.299781"/>
      <trkpt lat="47.457191" lon="-121.299605"/>
      <trkpt lat="47.457192" lon="-121.299489"/>
      <trkpt lat="47.457197" lon="-121.299343"/>
      <trkpt lat="47.457210" lon="-121.299219"/>
      <trkpt lat="47.457207" lon="-121.299173"/>
      <trkpt lat="47.457174" lon="-121.299150"/>
      <trkpt lat="47.457129" lon="-121.299129"/>
      <trkpt lat="47.457086" lon="-121.299081"/>
      <trkpt lat="47.457060" lon="-121.299023"/>
      <trkpt lat="47.457048" lon="-121.298961"/>
      <trkpt lat="47.457070" lon="-121.298782"/>
      <trkpt lat="47.457078" lon="-121.298670"/>
      <trkpt lat="47.457120" lon="-121.298546"/>
      <trkpt lat="47.457284" lon="-121.298183"/>
      <trkpt lat="47.457304" lon="-121.298123"/>
      <trkpt lat="47.457303" lon="-121.298079"/>
      <trkpt lat="47.457281" lon="-121.298042"/>
      <trkpt lat="47.457247" lon="-121.298010"/>
      <trkpt lat="47.457222" lon="-121.297967"/>
      <trkpt lat="47.457215" lon="-121.297916"/>
      <trkpt lat="47.457236" lon="-121.297832"/>
      <trkpt lat="47.457259" lon="-121.297571"/>
      <trkpt lat="47.457279" lon="-121.297400"/>
      <trkpt lat="47.457304" lon="-121.297226"/>
      <trkpt lat="47.457301" lon="-121.297120"/>
      <trkpt lat="47.457293" lon="-121.297017"/>
      <trkpt lat="47.457277" lon="-121.296945"/>
      <trkpt lat="47.457232" lon="-121.296867"/>
      <trkpt lat="47.457181" lon="-121.296803"/>
      <trkpt lat="47.457113" lon="-121.296765"/>
      <trkpt lat="47.457036" lon="-121.296758"/>
      <trkpt lat="47.456963" lon="-121.296779"/>
      <trkpt lat="47.456840" lon="-121.296838"/>
      <trkpt lat="47.456593" lon="-121.296881"/>
      <trkpt lat="47.456517" lon="-121.296903"/>
      <trkpt lat="47.456385" lon="-121.297021"/>
      <trkpt lat="47.456257" lon="-121.297170"/>
      <trkpt lat="47.456196" lon="-121.297259"/>
      <trkpt lat="47.456153" lon="-121.297342"/>
      <trkpt lat="47.456068" lon="-121.297434"/>
      <trkpt lat="47.455991" lon="-121.297493"/>
      <trkpt lat="47.455915" lon="-121.297529"/>
      <trkpt lat="47.455874" lon="-121.297528"/>
      <trkpt lat="47.455812" lon="-121.297541"/>
      <trkpt lat="47.455756" lon="-121.297592"/>
      <trkpt lat="47.455678" lon="-121.297609"/>
      <trkpt lat="47.455647" lon="-121.297595"/>
      <trkpt lat="47.455632" lon="-121.297549"/>
      <trkpt lat="47.455665" lon="-121.297431"/>
      <trkpt lat="47.455682" lon="-121.297280"/>
      <trkpt lat="47.455683" lon="-121.297206"/>
      <trkpt lat="47.455669" lon="-121.297139"/>
      <trkpt lat="47.455649" lon="-121.297096"/>
      <trkpt lat="47.455638" lon="-121.297093"/>
      <trkpt lat="47.455683" lon="-121.297015"/>
      <trkpt lat="47.455687" lon="-121.296951"/>
      <trkpt lat="47.455647" lon="-121.296921"/>
      <trkpt lat="47.455578" lon="-121.296935"/>
      <trkpt lat="47.455428" lon="-121.296940"/>
      <trkpt lat="47.455302" lon="-121.296951"/>
      <trkpt lat="47.455161" lon="-121.296983"/>
      <trkpt lat="47.455086" lon="-121.296994"/>
      <trkpt lat="47.455037" lon="-121.297045"/>
      <trkpt lat="47.454927" lon="-121.297055"/>
      <trkpt lat="47.454865" lon="-121.297098"/>
      <trkpt lat="47.454827" lon="-121.297163"/>
      <trkpt lat="47.454780" lon="-121.297203"/>
      <trkpt lat="47.454709" lon="-121.297224"/>
      <trkpt lat="47.454562" lon="-121.297219"/>
      <trkpt lat="47.454502" lon="-121.297243"/>
      <trkpt lat="47.454337" lon="-121.297292"/>
      <trkpt lat="47.454189" lon="-121.297281"/>
      <trkpt lat="47.454100" lon="-121.297348"/>
      <trkpt lat="47.454029" lon="-121.297364"/>
      <trkpt lat="47.453969" lon="-121.297396"/>
      <trkpt lat="47.453875" lon="-121.297503"/>
      <trkpt lat="47.453686" lon="-121.297694"/>
      <trkpt lat="47.453626" lon="-121.297721"/>
      <trkpt lat="47.453574" lon="-121.297790"/>
      <trkpt lat="47.453528" lon="-121.297876"/>
      <trkpt lat="47.453501" lon="-121.297957"/>
      <trkpt lat="47.453394" lon="-121.298193"/>
      <trkpt lat="47.453311" lon="-121.298316"/>
      <trkpt lat="47.453217" lon="-121.298418"/>
      <trkpt lat="47.453148" lon="-121.298437"/>
      <trkpt lat="47.453024" lon="-121.298415"/>
      <trkpt lat="47.452975" lon="-121.298421"/>
      <trkpt lat="47.452937" lon="-121.298453"/>
      <trkpt lat="47.452910" lon="-121.298507"/>
      <trkpt lat="47.452901" lon="-121.298563"/>
      <trkpt lat="47.453024" lon="-121.298716"/>
      <trkpt lat="47.453001" lon="-121.298756"/>
      <trkpt lat="47.452923" lon="-121.298697"/>
      <trkpt lat="47.452850" lon="-121.298651"/>
      <trkpt lat="47.452774" lon="-121.298622"/>
      <trkpt lat="47.452727" lon="-121.298541"/>
      <trkpt lat="47.452698" lon="-121.298461"/>
      <trkpt lat="47.452685" lon="-121.298362"/>
      <trkpt lat="47.452703" lon="-121.298241"/>
      <trkpt lat="47.452758" lon="-121.298136"/>
      <trkpt lat="47.452788" lon="-121.298056"/>
      <trkpt lat="47.452790" lon="-121.297986"/>
      <trkpt lat="47.452763" lon="-121.297957"/>
      <trkpt lat="47.452736" lon="-121.297884"/>
      <trkpt lat="47.452750" lon="-121.297796"/>
      <trkpt lat="47.452768" lon="-121.297726"/>
      <trkpt lat="47.452758" lon="-121.297629"/>
      <trkpt lat="47.452734" lon="-121.297490"/>
      <trkpt lat="47.452707" lon="-121.297396"/>
      <trkpt lat="47.452623" lon="-121.297195"/>
      <trkpt lat="47.452613" lon="-121.297117"/>
      <trkpt lat="47.452616" lon="-121.297015"/>
      <trkpt lat="47.452641" lon="-121.296937"/>
      <trkpt lat="47.452669" lon="-121.296884"/>
      <trkpt lat="47.452790" lon="-121.296691"/>
      <trkpt lat="47.452846" lon="-121.296597"/>
      <trkpt lat="47.452885" lon="-121.296524"/>
      <trkpt lat="47.452925" lon="-121.296481"/>
      <trkpt lat="47.452988" lon="-121.296481"/>
      <trkpt lat="47.453044" lon="-121.296420"/>
      <trkpt lat="47.453093" lon="-121.296404"/>
      <trkpt lat="47.453155" lon="-121.296404"/>
      <trkpt lat="47.453184" lon="-121.296382"/>
      <trkpt lat="47.453220" lon="-121.296315"/>
      <trkpt lat="47.453213" lon="-121.296275"/>
      <trkpt lat="47.453222" lon="-121.296205"/>
      <trkpt lat="47.453289" lon="-121.296098"/>
      <trkpt lat="47.453314" lon="-121.296047"/>
      <trkpt lat="47.453314" lon="-121.295996"/>
      <trkpt lat="47.453296" lon="-121.295950"/>
      <trkpt lat="47.453126" lon="-121.295881"/>
      <trkpt lat="47.453086" lon="-121.295824"/>
      <trkpt lat="47.453017" lon="-121.295787"/>
      <trkpt lat="47.452946" lon="-121.295728"/>
      <trkpt lat="47.452892" lon="-121.295666"/>
      <trkpt lat="47.452859" lon="-121.295618"/>
      <trkpt lat="47.452814" lon="-121.295569"/>
      <trkpt lat="47.452741" lon="-121.295562"/>
      <trkpt lat="47.452671" lon="-121.295562"/>
      <trkpt lat="47.452587" lon="-121.295486"/>
      <trkpt lat="47.452529" lon="-121.295457"/>
      <trkpt lat="47.452460" lon="-121.295468"/>
      <trkpt lat="47.452415" lon="-121.295513"/>
      <trkpt lat="47.452368" lon="-121.295535"/>
      <trkpt lat="47.452319" lon="-121.295524"/>
      <trkpt lat="47.452275" lon="-121.295486"/>
      <trkpt lat="47.452212" lon="-121.295389"/>
    </trkseg>
    <trkseg>
      <trkpt lat="47.452212" lon="-121.295389"/>
      <trkpt lat="47.452135" lon="-121.295120"/>
      <trkpt lat="47.452135" lon="-121.294972"/>
      <trkpt lat="47.452153" lon="-121.294903"/>
      <trkpt lat="47.452198" lon="-121.294864"/>
      <trkpt lat="47.452230" lon="-121.294804"/>
      <trkpt lat="47.452242" lon="-121.294733"/>
      <trkpt lat="47.452229" lon="-121.294678"/>
      <trkpt lat="47.452200" lon="-121.294613"/>
      <trkpt lat="47.452113" lon="-121.294586"/>
      <trkpt lat="47.452037" lon="-121.294538"/>
      <trkpt lat="47.451941" lon="-121.294495"/>
      <trkpt lat="47.451896" lon="-121.294450"/>
      <trkpt lat="47.451865" lon="-121.294380"/>
      <trkpt lat="47.451829" lon="-121.294159"/>
      <trkpt lat="47.451789" lon="-121.294051"/>
      <trkpt lat="47.451744" lon="-121.293964"/>
      <trkpt lat="47.451694" lon="-121.293884"/>
      <trkpt lat="47.451610" lon="-121.293793"/>
      <trkpt lat="47.451562" lon="-121.293746"/>
      <trkpt lat="47.451490" lon="-121.293709"/>
      <trkpt lat="47.451448" lon="-121.293683"/>
      <trkpt lat="47.451434" lon="-121.293641"/>
      <trkpt lat="47.451440" lon="-121.293575"/>
      <trkpt lat="47.451551" lon="-121.293523"/>
      <trkpt lat="47.451573" lon="-121.293487"/>
      <trkpt lat="47.451582" lon="-121.293444"/>
      <trkpt lat="47.451583" lon="-121.293350"/>
      <trkpt lat="47.451631" lon="-121.293244"/>
      <trkpt lat="47.451663" lon="-121.293154"/>
      <trkpt lat="47.451679" lon="-121.293087"/>
      <trkpt lat="47.451703" lon="-121.292961"/>
      <trkpt lat="47.451810" lon="-121.292808"/>
      <trkpt lat="47.451858" lon="-121.292680"/>
      <trkpt lat="47.451907" lon="-121.292313"/>
      <trkpt lat="47.451929" lon="-121.292237"/>
      <trkpt lat="47.451981" lon="-121.292163"/>
      <trkpt lat="47.452019" lon="-121.292095"/>
      <trkpt lat="47.452027" lon="-121.291943"/>
      <trkpt lat="47.452010" lon="-121.291871"/>
      <trkpt lat="47.451986" lon="-121.291821"/>
      <trkpt lat="47.451969" lon="-121.291762"/>
      <trkpt lat="47.451969" lon="-121.291717"/>
      <trkpt lat="47.452004" lon="-121.291605"/>
      <trkpt lat="47.452060" lon="-121.291497"/>
      <trkpt lat="47.452102" lon="-121.291367"/>
      <trkpt lat="47.452100" lon="-121.291325"/>
      <trkpt lat="47.452078" lon="-121.291255"/>
      <trkpt lat="47.451990" lon="-121.291106"/>
      <trkpt lat="47.451986" lon="-121.291034"/>
      <trkpt lat="47.452024" lon="-121.290943"/>
      <trkpt lat="47.452126" lon="-121.290923"/>
      <trkpt lat="47.452184" lon="-121.290886"/>
      <trkpt lat="47.452262" lon="-121.290810"/>
      <trkpt lat="47.452424" lon="-121.290567"/>
      <trkpt lat="47.452476" lon="-121.290445"/>
      <trkpt lat="47.452525" lon="-121.290304"/>
      <trkpt lat="47.452575" lon="-121.290217"/>
      <trkpt lat="47.452647" lon="-121.290129"/>
      <trkpt lat="47.452778" lon="-121.289856"/>
      <trkpt lat="47.452858" lon="-121.289724"/>
      <trkpt lat="47.452918" lon="-121.289642"/>
      <trkpt lat="47.453002" lon="-121.289569"/>
      <trkpt lat="47.453073" lon="-121.289536"/>
      <trkpt lat="47.453225" lon="-121.289492"/>
      <trkpt lat="47.453320" lon="-121.289458"/>
      <trkpt lat="47.453453" lon="-121.289383"/>
      <trkpt lat="47.453561" lon="-121.289351"/>
      <trkpt lat="47.453843" lon="-121.289289"/>
      <trkpt lat="47.454005" lon="-121.289248"/>
      <trkpt lat="47.454092" lon="-121.289245"/>
      <trkpt lat="47.454189" lon="-121.289269"/>
      <trkpt lat="47.454282" lon="-121.289253"/>
      <trkpt lat="47.454422" lon="-121.289187"/>
      <trkpt lat="47.454502" lon="-121.289112"/>
      <trkpt lat="47.454601" lon="-121.289069"/>
      <trkpt lat="47.454591" lon="-121.289033"/>
      <trkpt lat="47.454533" lon="-121.289038"/>
      <trkpt lat="47.454335" lon="-121.288981"/>
      <trkpt lat="47.454030" lon="-121.288856"/>
      <trkpt lat="47.453924" lon="-121.288826"/>
      <trkpt lat="47.453782" lon="-121.288810"/>
      <trkpt lat="47.453553" lon="-121.288713"/>
      <trkpt lat="47.453374" lon="-121.288625"/>
      <trkpt lat="47.453041" lon="-121.288360"/>
      <trkpt lat="47.452893" lon="-121.288337"/>
      <trkpt lat="47.452812" lon="-121.288302"/>
      <trkpt lat="47.452717" lon="-121.288231"/>
      <trkpt lat="47.452408" lon="-121.287976"/>
      <trkpt lat="47.452261" lon="-121.287839"/>
      <trkpt lat="47.452188" lon="-121.287766"/>
      <trkpt lat="47.452113" lon="-121.287629"/>
      <trkpt lat="47.452065" lon="-121.287554"/>
      <trkpt lat="47.452023" lon="-121.287502"/>
      <trkpt lat="47.451971" lon="-121.287468"/>
      <trkpt lat="47.451924" lon="-121.287425"/>
      <trkpt lat="47.451869" lon="-121.287347"/>
      <trkpt lat="47.451805" lon="-121.287192"/>
      <trkpt lat="47.451774" lon="-121.287135"/>
      <trkpt lat="47.451764" lon="-121.287083"/>
      <trkpt lat="47.451772" lon="-121.287018"/>
      <trkpt lat="47.451818" lon="-121.287016"/>
      <trkpt lat="47.451919" lon="-121.287055"/>
      <trkpt lat="47.452023" lon="-121.287113"/>
      <trkpt lat="47.452105" lon="-121.287143"/>
      <trkpt lat="47.452209" lon="-121.287142"/>
      <trkpt lat="47.452406" lon="-121.287119"/>
      <trkpt lat="47.452700" lon="-121.287070"/>
      <trkpt lat="47.452809" lon="-121.287095"/>
      <trkpt lat="47.452882" lon="-121.287149"/>
      <trkpt lat="47.452973" lon="-121.287173"/>
      <trkpt lat="47.453071" lon="-121.287184"/>
      <trkpt lat="47.453348" lon="-121.287157"/>
      <trkpt lat="47.453430" lon="-121.287117"/>
      <trkpt lat="47.453525" lon="-121.287046"/>
      <trkpt lat="47.453587" lon="-121.286976"/>
      <trkpt lat="47.453614" lon="-121.286914"/>
      <trkpt lat="47.453619" lon="-121.286848"/>
      <trkpt lat="47.453605" lon="-121.286785"/>
      <trkpt lat="47.453569" lon="-121.286750"/>
      <trkpt lat="47.453521" lon="-121.286725"/>
      <trkpt lat="47.453464" lon="-121.286663"/>
      <trkpt lat="47.453438" lon="-121.286608"/>
      <trkpt lat="47.453420" lon="-121.286469"/>
      <trkpt lat="47.453398" lon="-121.286417"/>
      <trkpt lat="47.453366" lon="-121.286363"/>
      <trkpt lat="47.453332" lon="-121.286331"/>
      <trkpt lat="47.453235" lon="-121.286308"/>
      <trkpt lat="47.453188" lon="-121.286288"/>
      <trkpt lat="47.453121" lon="-121.286217"/>
      <trkpt lat="47.453003" lon="-121.286104"/>
      <trkpt lat="47.452993" lon="-121.286064"/>
      <trkpt lat="47.453002" lon="-121.286012"/>
      <trkpt lat="47.453015" lon="-121.285977"/>
      <trkpt lat="47.453013" lon="-121.285928"/>
      <trkpt lat="47.452988" lon="-121.285873"/>
      <trkpt lat="47.452932" lon="-121.285817"/>
      <trkpt lat="47.452917" lon="-121.285775"/>
      <trkpt lat="47.452914" lon="-121.285704"/>
      <trkpt lat="47.452918" lon="-121.285632"/>
      <trkpt lat="47.452911" lon="-121.285569"/>
      <trkpt lat="47.452873" lon="-121.285448"/>
      <trkpt lat="47.452841" lon="-121.285369"/>
      <trkpt lat="47.452779" lon="-121.285248"/>
      <trkpt lat="47.452742" lon="-121.285195"/>
      <trkpt lat="47.452720" lon="-121.285130"/>
      <trkpt lat="47.452720" lon="-121.285043"/>
      <trkpt lat="47.452773" lon="-121.284963"/>
      <trkpt lat="47.452784" lon="-121.284916"/>
      <trkpt lat="47.452782" lon="-121.284843"/>
      <trkpt lat="47.452771" lon="-121.284741"/>
      <trkpt lat="47.452788" lon="-121.284637"/>
      <trkpt lat="47.452867" lon="-121.284478"/>
      <trkpt lat="47.452895" lon="-121.284433"/>
      <trkpt lat="47.452917" lon="-121.284375"/>
      <trkpt lat="47.452921" lon="-121.284332"/>
      <trkpt lat="47.452902" lon="-121.284264"/>
      <trkpt lat="47.452873" lon="-121.284228"/>
      <trkpt lat="47.452852" lon="-121.284155"/>
      <trkpt lat="47.452853" lon="-121.284076"/>
      <trkpt lat="47.452867" lon="-121.283957"/>
      <trkpt lat="47.452864" lon="-121.283669"/>
      <trkpt lat="47.452835" lon="-121.283564"/>
      <trkpt lat="47.452793" lon="-121.283494"/>
      <trkpt lat="47.452693" lon="-121.283390"/>
      <trkpt lat="47.452666" lon="-121.283328"/>
      <trkpt lat="47.452692" lon="-121.283329"/>
      <trkpt lat="47.452732" lon="-121.283376"/>
      <trkpt lat="47.452805" lon="-121.283417"/>
      <trkpt lat="47.452900" lon="-121.283431"/>
      <trkpt lat="47.452964" lon="-121.283475"/>
      <trkpt lat="47.453032" lon="-121.283555"/>
      <trkpt lat="47.453099" lon="-121.283710"/>
      <trkpt lat="47.453114" lon="-121.283817"/>
      <trkpt lat="47.453149" lon="-121.283811"/>
      <trkpt lat="47.453148" lon="-121.283742"/>
      <trkpt lat="47.453158" lon="-121.283642"/>
      <trkpt lat="47.453161" lon="-121.283559"/>
      <trkpt lat="47.453137" lon="-121.283493"/>
      <trkpt lat="47.453061" lon="-121.283417"/>
      <trkpt lat="47.453031" lon="-121.283375"/>
      <trkpt lat="47.453021" lon="-121.283331"/>
      <trkpt lat="47.453022" lon="-121.283289"/>
      <trkpt lat="47.453055" lon="-121.283192"/>
      <trkpt lat="47.453058" lon="-121.283136"/>
      <trkpt lat="47.453041" lon="-121.283081"/>
      <trkpt lat="47.452922" lon="-121.282951"/>
      <trkpt lat="47.452873" lon="-121.282923"/>
      <trkpt lat="47.452761" lon="-121.282877"/>
      <trkpt lat="47.452715" lon="-121.282848"/>
      <trkpt lat="47.452690" lon="-121.282797"/>
      <trkpt lat="47.452672" lon="-121.282678"/>
      <trkpt lat="47.452672" lon="-121.282577"/>
      <trkpt lat="47.452716" lon="-121.282490"/>
      <trkpt lat="47.452729" lon="-121.282445"/>
      <trkpt lat="47.452725" lon="-121.282191"/>
      <trkpt lat="47.452680" lon="-121.282109"/>
      <trkpt lat="47.452661" lon="-121.282047"/>
      <trkpt lat="47.452666" lon="-121.281963"/>
      <trkpt lat="47.452686" lon="-121.281913"/>
      <trkpt lat="47.452739" lon="-121.281859"/>
      <trkpt lat="47.452757" lon="-121.281786"/>
      <trkpt lat="47.452757" lon="-121.281720"/>
      <trkpt lat="47.452728" lon="-121.281677"/>
      <trkpt lat="47.452715" lon="-121.281641"/>
      <trkpt lat="47.452724" lon="-121.281602"/>
      <trkpt lat="47.452810" lon="-121.281475"/>
      <trkpt lat="47.452873" lon="-121.281429"/>
      <trkpt lat="47.452923" lon="-121.281330"/>
      <trkpt lat="47.452925" lon="-121.281277"/>
      <trkpt lat="47.452951" lon="-121.281196"/>
      <trkpt lat="47.453025" lon="-121.281028"/>
      <trkpt lat="47.453041" lon="-121.280970"/>
      <trkpt lat="47.453042" lon="-121.280909"/>
      <trkpt lat="47.453036" lon="-121.280856"/>
      <trkpt lat="47.453024" lon="-121.280805"/>
      <trkpt lat="47.453035" lon="-121.280736"/>
      <trkpt lat="47.453075" lon="-121.280658"/>
      <trkpt lat="47.453104" lon="-121.280583"/>
      <trkpt lat="47.453102" lon="-121.280383"/>
      <trkpt lat="47.453113" lon="-121.280310"/>
      <trkpt lat="47.453142" lon="-121.280288"/>
      <trkpt lat="47.453166" lon="-121.280294"/>
      <trkpt lat="47.453157" lon="-121.280373"/>
      <trkpt lat="47.453157" lon="-121.280439"/>
      <trkpt lat="47.453189" lon="-121.280517"/>
      <trkpt lat="47.453224" lon="-121.280553"/>
      <trkpt lat="47.453226" lon="-121.280607"/>
      <trkpt lat="47.453241" lon="-121.280636"/>
      <trkpt lat="47.453258" lon="-121.280626"/>
      <trkpt lat="47.453271" lon="-121.280580"/>
      <trkpt lat="47.453276" lon="-121.280474"/>
      <trkpt lat="47.453311" lon="-121.280365"/>
      <trkpt lat="47.453393" lon="-121.280245"/>
      <trkpt lat="47.453525" lon="-121.280153"/>
      <trkpt lat="47.453567" lon="-121.280096"/>
      <trkpt lat="47.453578" lon="-121.280042"/>
      <trkpt lat="47.453580" lon="-121.279989"/>
      <trkpt lat="47.453613" lon="-121.279942"/>
      <trkpt lat="47.453670" lon="-121.279905"/>
      <trkpt lat="47.453764" lon="-121.279793"/>
      <trkpt lat="47.453835" lon="-121.279759"/>
      <trkpt lat="47.453889" lon="-121.279758"/>
      <trkpt lat="47.453918" lon="-121.279734"/>
      <trkpt lat="47.453921" lon="-121.279702"/>
      <trkpt lat="47.453811" lon="-121.279719"/>
      <trkpt lat="47.453770" lon="-121.279741"/>
      <trkpt lat="47.453730" lon="-121.279785"/>
      <trkpt lat="47.453705" lon="-121.279766"/>
      <trkpt lat="47.453766" lon="-121.279699"/>
      <trkpt lat="47.453841" lon="-121.279652"/>
      <trkpt lat="47.453908" lon="-121.279597"/>
      <trkpt lat="47.453946" lon="-121.279535"/>
      <trkpt lat="47.454054" lon="-121.279384"/>
      <trkpt lat="47.454101" lon="-121.279364"/>
      <trkpt lat="47.454150" lon="-121.279361"/>
      <trkpt lat="47.454207" lon="-121.279376"/>
      <trkpt lat="47.454266" lon="-121.279378"/>
      <trkpt lat="47.454277" lon="-121.279369"/>
      <trkpt lat="47.454214" lon="-121.279334"/>
      <trkpt lat="47.454129" lon="-121.279311"/>
      <trkpt lat="47.454027" lon="-121.279295"/>
      <trkpt lat="47.453954" lon="-121.279303"/>
      <trkpt lat="47.453970" lon="-121.279264"/>
      <trkpt lat="47.454054" lon="-121.279224"/>
      <trkpt lat="47.454150" lon="-121.279204"/>
      <trkpt lat="47.454410" lon="-121.279212"/>
      <trkpt lat="47.454455" lon="-121.279197"/>
      <trkpt lat="47.454433" lon="-121.279180"/>
      <trkpt lat="47.454335" lon="-121.279167"/>
      <trkpt lat="47.454287" lon="-121.279120"/>
      <trkpt lat="47.454216" lon="-121.279089"/>
      <trkpt lat="47.454140" lon="-121.279087"/>
      <trkpt lat="47.454118" lon="-121.279074"/>
      <trkpt lat="47.454157" lon="-121.279040"/>
      <trkpt lat="47.454201" lon="-121.279024"/>
      <trkpt lat="47.454278" lon="-121.279042"/>
      <trkpt lat="47.454369" lon="-121.279079"/>
      <trkpt lat="47.454414" lon="-121.279073"/>
      <trkpt lat="47.454403" lon="-121.279051"/>
      <trkpt lat="47.454230" lon="-121.278973"/>
      <trkpt lat="47.454219" lon="-121.278931"/>
      <trkpt lat="47.454245" lon="-121.278920"/>
      <trkpt lat="47.454313" lon="-121.278933"/>
      <trkpt lat="47.454593" lon="-121.278926"/>
      <trkpt lat="47.454847" lon="-121.278941"/>
      <trkpt lat="47.454886" lon="-121.278918"/>
      <trkpt lat="47.454852" lon="-121.278877"/>
      <trkpt lat="47.454577" lon="-121.278815"/>
      <trkpt lat="47.454532" lon="-121.278784"/>
      <trkpt lat="47.454461" lon="-121.278712"/>
      <trkpt lat="47.454411" lon="-121.278635"/>
      <trkpt lat="47.454330" lon="-121.278554"/>
      <trkpt lat="47.454345" lon="-121.278532"/>
      <trkpt lat="47.454380" lon="-121.278532"/>
      <trkpt lat="47.454441" lon="-121.278582"/>
      <trkpt lat="47.454528" lon="-121.278626"/>
      <trkpt lat="47.454579" lon="-121.278642"/>
      <trkpt lat="47.454659" lon="-121.278648"/>
      <trkpt lat="47.454873" lon="-121.278632"/>
      <trkpt lat="47.454970" lon="-121.278692"/>
      <trkpt lat="47.455060" lon="-121.278787"/>
      <trkpt lat="47.455157" lon="-121.278807"/>
      <trkpt lat="47.455297" lon="-121.278865"/>
      <trkpt lat="47.455343" lon="-121.278898"/>
      <trkpt lat="47.455367" lon="-121.278894"/>
      <trkpt lat="47.455377" lon="-121.278857"/>
      <trkpt lat="47.455239" lon="-121.278740"/>
      <trkpt lat="47.455036" lon="-121.278539"/>
      <trkpt lat="47.455016" lon="-121.278484"/>
      <trkpt lat="47.454983" lon="-121.278440"/>
      <trkpt lat="47.454938" lon="-121.278417"/>
      <trkpt lat="47.454852" lon="-121.278352"/>
      <trkpt lat="47.454758" lon="-121.278311"/>
      <trkpt lat="47.454688" lon="-121.278301"/>
      <trkpt lat="47.454628" lon="-121.278269"/>
      <trkpt lat="47.454604" lon="-121.278217"/>
      <trkpt lat="47.454599" lon="-121.278174"/>
      <trkpt lat="47.454608" lon="-121.278141"/>
      <trkpt lat="47.454629" lon="-121.278129"/>
      <trkpt lat="47.454729" lon="-121.278111"/>
      <trkpt lat="47.454772" lon="-121.278095"/>
      <trkpt lat="47.454810" lon="-121.278065"/>
      <trkpt lat="47.454842" lon="-121.278002"/>
      <trkpt lat="47.454858" lon="-121.277952"/>
      <trkpt lat="47.454847" lon="-121.277899"/>
      <trkpt lat="47.454820" lon="-121.277879"/>
      <trkpt lat="47.454769" lon="-121.277866"/>
      <trkpt lat="47.454766" lon="-121.277836"/>
      <trkpt lat="47.454829" lon="-121.277792"/>
      <trkpt lat="47.454890" lon="-121.277824"/>
      <trkpt lat="47.454926" lon="-121.277833"/>
      <trkpt lat="47.454999" lon="-121.277821"/>
      <trkpt lat="47.455076" lon="-121.277769"/>
      <trkpt lat="47.455117" lon="-121.277723"/>
      <trkpt lat="47.455132" lon="-121.277647"/>
      <trkpt lat="47.455101" lon="-121.277560"/>
      <trkpt lat="47.455115" lon="-121.277530"/>
      <trkpt lat="47.455142" lon="-121.277560"/>
      <trkpt lat="47.455203" lon="-121.277713"/>
      <trkpt lat="47.455213" lon="-121.277760"/>
      <trkpt lat="47.455250" lon="-121.277766"/>
      <trkpt lat="47.455266" lon="-121.277732"/>
      <trkpt lat="47.455237" lon="-121.277627"/>
      <trkpt lat="47.455188" lon="-121.277554"/>
      <trkpt lat="47.455169" lon="-121.277458"/>
      <trkpt lat="47.455171" lon="-121.277420"/>
      <trkpt lat="47.455197" lon="-121.277411"/>
      <trkpt lat="47.455225" lon="-121.277431"/>
      <trkpt lat="47.455232" lon="-121.277498"/>
      <trkpt lat="47.455267" lon="-121.277556"/>
      <trkpt lat="47.455325" lon="-121.277635"/>
      <trkpt lat="47.455348" lon="-121.277723"/>
      <trkpt lat="47.455387" lon="-121.277833"/>
      <trkpt lat="47.455430" lon="-121.277854"/>
      <trkpt lat="47.455473" lon="-121.277804"/>
      <trkpt lat="47.455478" lon="-121.277761"/>
      <trkpt lat="47.455408" lon="-121.277640"/>
      <trkpt lat="47.455402" lon="-121.277609"/>
      <trkpt lat="47.455471" lon="-121.277656"/>
      <trkpt lat="47.455542" lon="-121.277736"/>
      <trkpt lat="47.455627" lon="-121.277789"/>
      <trkpt lat="47.455681" lon="-121.277851"/>
      <trkpt lat="47.455724" lon="-121.277863"/>
      <trkpt lat="47.455748" lon="-121.277839"/>
      <trkpt lat="47.455738" lon="-121.277799"/>
      <trkpt lat="47.455679" lon="-121.277770"/>
      <trkpt lat="47.455589" lon="-121.277666"/>
      <trkpt lat="47.455518" lon="-121.277536"/>
      <trkpt lat="47.455397" lon="-121.277364"/>
      <trkpt lat="47.455391" lon="-121.277327"/>
      <trkpt lat="47.455423" lon="-121.277331"/>
      <trkpt lat="47.455469" lon="-121.277382"/>
      <trkpt lat="47.455505" lon="-121.277385"/>
      <trkpt lat="47.455553" lon="-121.277415"/>
      <trkpt lat="47.455606" lon="-121.277506"/>
      <trkpt lat="47.455658" lon="-121.277541"/>
      <trkpt lat="47.455783" lon="-121.277587"/>
      <trkpt lat="47.455835" lon="-121.277638"/>
      <trkpt lat="47.455884" lon="-121.277662"/>
      <trkpt lat="47.455964" lon="-121.277753"/>
      <trkpt lat="47.456001" lon="-121.277776"/>
      <trkpt lat="47.456018" lon="-121.277737"/>
      <trkpt lat="47.456011" lon="-121.277669"/>
      <trkpt lat="47.455990" lon="-121.277625"/>
      <trkpt lat="47.455938" lon="-121.277573"/>
      <trkpt lat="47.455948" lon="-121.277548"/>
      <trkpt lat="47.455991" lon="-121.277538"/>
      <trkpt lat="47.456049" lon="-121.277544"/>
      <trkpt lat="47.456077" lon="-121.277497"/>
      <trkpt lat="47.456041" lon="-121.277416"/>
      <trkpt lat="47.455976" lon="-121.277387"/>
      <trkpt lat="47.455914" lon="-121.277408"/>
      <trkpt lat="47.455850" lon="-121.277379"/>
      <trkpt lat="47.455811" lon="-121.277277"/>
      <trkpt lat="47.455776" lon="-121.277206"/>
      <trkpt lat="47.455767" lon="-121.277167"/>
      <trkpt lat="47.455789" lon="-121.277127"/>
      <trkpt lat="47.455827" lon="-121.277151"/>
      <trkpt lat="47.455871" lon="-121.277147"/>
      <trkpt lat="47.455892" lon="-121.277111"/>
      <trkpt lat="47.455885" lon="-121.277052"/>
      <trkpt lat="47.455832" lon="-121.276993"/>
      <trkpt lat="47.455740" lon="-121.276977"/>
      <trkpt lat="47.455633" lon="-121.276934"/>
      <trkpt lat="47.455572" lon="-121.276887"/>
      <trkpt lat="47.455537" lon="-121.276789"/>
      <trkpt lat="47.455498" lon="-121.276732"/>
      <trkpt lat="47.455425" lon="-121.276665"/>
      <trkpt lat="47.455349" lon="-121.276626"/>
      <trkpt lat="47.455157" lon="-121.276593"/>
      <trkpt lat="47.455083" lon="-121.276588"/>
      <trkpt lat="47.455035" lon="-121.276562"/>
      <trkpt lat="47.455056" lon="-121.276531"/>
      <trkpt lat="47.455095" lon="-121.276528"/>
      <trkpt lat="47.455227" lon="-121.276480"/>
      <trkpt lat="47.455450" lon="-121.276366"/>
      <trkpt lat="47.455527" lon="-121.276295"/>
      <trkpt lat="47.455599" lon="-121.276287"/>
      <trkpt lat="47.455651" lon="-121.276327"/>
      <trkpt lat="47.455673" lon="-121.276295"/>
      <trkpt lat="47.455621" lon="-121.276237"/>
      <trkpt lat="47.455583" lon="-121.276213"/>
      <trkpt lat="47.455532" lon="-121.276229"/>
      <trkpt lat="47.455384" lon="-121.276297"/>
      <trkpt lat="47.455325" lon="-121.276305"/>
      <trkpt lat="47.455278" lon="-121.276305"/>
      <trkpt lat="47.455245" lon="-121.276283"/>
      <trkpt lat="47.455235" lon="-121.276243"/>
      <trkpt lat="47.455302" lon="-121.276211"/>
      <trkpt lat="47.455401" lon="-121.276183"/>
      <trkpt lat="47.455522" lon="-121.276078"/>
      <trkpt lat="47.455617" lon="-121.276030"/>
      <trkpt lat="47.455773" lon="-121.276054"/>
      <trkpt lat="47.455817" lon="-121.276055"/>
      <trkpt lat="47.455842" lon="-121.276023"/>
      <trkpt lat="47.455831" lon="-121.275980"/>
      <trkpt lat="47.455795" lon="-121.275954"/>
      <trkpt lat="47.455744" lon="-121.275928"/>
      <trkpt lat="47.455655" lon="-121.275902"/>
      <trkpt lat="47.455593" lon="-121.275902"/>
      <trkpt lat="47.455565" lon="-121.275857"/>
      <trkpt lat="47.455636" lon="-121.275838"/>
      <trkpt lat="47.455734" lon="-121.275865"/>
      <trkpt lat="47.455853" lon="-121.275885"/>
      <trkpt lat="47.455963" lon="-121.275922"/>
      <trkpt lat="47.456009" lon="-121.275961"/>
      <trkpt lat="47.456043" lon="-121.276005"/>
      <trkpt lat="47.456081" lon="-121.275998"/>
      <trkpt lat="47.456079" lon="-121.275968"/>
      <trkpt lat="47.455970" lon="-121.275768"/>
      <trkpt lat="47.455851" lon="-121.275657"/>
      <trkpt lat="47.455714" lon="-121.275625"/>
      <trkpt lat="47.455689" lon="-121.275597"/>
      <trkpt lat="47.455716" lon="-121.275559"/>
      <trkpt lat="47.455873" lon="-121.275516"/>
      <trkpt lat="47.455954" lon="-121.275511"/>
      <trkpt lat="47.456022" lon="-121.275540"/>
      <trkpt lat="47.456109" lon="-121.275600"/>
      <trkpt lat="47.456239" lon="-121.275741"/>
      <trkpt lat="47.456349" lon="-121.275820"/>
      <trkpt lat="47.456438" lon="-121.275850"/>
      <trkpt lat="47.456515" lon="-121.275849"/>
      <trkpt lat="47.456576" lon="-121.275828"/>
      <trkpt lat="47.456623" lon="-121.275834"/>
      <trkpt lat="47.456746" lon="-121.275790"/>
      <trkpt lat="47.456828" lon="-121.275748"/>
      <trkpt lat="47.456912" lon="-121.275733"/>
      <trkpt lat="47.456969" lon="-121.275733"/>
      <trkpt lat="47.456992" lon="-121.275716"/>
      <trkpt lat="47.456995" lon="-121.275682"/>
    </trkseg>
    <trkseg>
      <trkpt lat="47.456995" lon="-121.275682"/>
      <trkpt lat="47.456887" lon="-121.275609"/>
      <trkpt lat="47.456789" lon="-121.275633"/>
      <trkpt lat="47.456691" lon="-121.275633"/>
      <trkpt lat="47.456623" lon="-121.275563"/>
      <trkpt lat="47.456530" lon="-121.275407"/>
      <trkpt lat="47.456479" lon="-121.275351"/>
      <trkpt lat="47.456441" lon="-121.275249"/>
      <trkpt lat="47.456463" lon="-121.275228"/>
      <trkpt lat="47.456530" lon="-121.275292"/>
      <trkpt lat="47.456635" lon="-121.275346"/>
      <trkpt lat="47.456719" lon="-121.275348"/>
      <trkpt lat="47.456782" lon="-121.275327"/>
      <trkpt lat="47.456876" lon="-121.275260"/>
      <trkpt lat="47.456960" lon="-121.275244"/>
      <trkpt lat="47.456989" lon="-121.275201"/>
      <trkpt lat="47.456962" lon="-121.275163"/>
      <trkpt lat="47.456889" lon="-121.275161"/>
      <trkpt lat="47.456798" lon="-121.275169"/>
      <trkpt lat="47.456726" lon="-121.275144"/>
      <trkpt lat="47.456679" lon="-121.275102"/>
      <trkpt lat="47.456650" lon="-121.275059"/>
      <trkpt lat="47.456659" lon="-121.275016"/>
      <trkpt lat="47.456691" lon="-121.275013"/>
      <trkpt lat="47.456730" lon="-121.275048"/>
      <trkpt lat="47.456778" lon="-121.275045"/>
      <trkpt lat="47.456847" lon="-121.275032"/>
      <trkpt lat="47.456911" lon="-121.275005"/>
      <trkpt lat="47.456985" lon="-121.275019"/>
      <trkpt lat="47.457027" lon="-121.274994"/>
      <trkpt lat="47.457016" lon="-121.274954"/>
      <trkpt lat="47.456962" lon="-121.274922"/>
      <trkpt lat="47.456824" lon="-121.274925"/>
      <trkpt lat="47.456791" lon="-121.274890"/>
      <trkpt lat="47.456822" lon="-121.274860"/>
      <trkpt lat="47.456922" lon="-121.274868"/>
      <trkpt lat="47.456933" lon="-121.274841"/>
      <trkpt lat="47.456882" lon="-121.274793"/>
      <trkpt lat="47.456797" lon="-121.274737"/>
      <trkpt lat="47.456791" lon="-121.274686"/>
      <trkpt lat="47.456820" lon="-121.274672"/>
      <trkpt lat="47.456882" lon="-121.274656"/>
      <trkpt lat="47.456978" lon="-121.274683"/>
      <trkpt lat="47.457045" lon="-121.274691"/>
      <trkpt lat="47.457134" lon="-121.274654"/>
      <trkpt lat="47.457196" lon="-121.274662"/>
      <trkpt lat="47.457375" lon="-121.274707"/>
      <trkpt lat="47.457446" lon="-121.274715"/>
      <trkpt lat="47.457464" lon="-121.274686"/>
      <trkpt lat="47.457409" lon="-121.274634"/>
      <trkpt lat="47.457348" lon="-121.274592"/>
      <trkpt lat="47.457295" lon="-121.274538"/>
      <trkpt lat="47.457206" lon="-121.274404"/>
      <trkpt lat="47.457152" lon="-121.274337"/>
      <trkpt lat="47.457085" lon="-121.274324"/>
      <trkpt lat="47.457003" lon="-121.274265"/>
      <trkpt lat="47.456927" lon="-121.274187"/>
      <trkpt lat="47.456880" lon="-121.274088"/>
      <trkpt lat="47.456855" lon="-121.274005"/>
      <trkpt lat="47.456849" lon="-121.273892"/>
      <trkpt lat="47.456869" lon="-121.273782"/>
      <trkpt lat="47.456875" lon="-121.273667"/>
      <trkpt lat="47.456876" lon="-121.273498"/>
      <trkpt lat="47.456860" lon="-121.273385"/>
      <trkpt lat="47.456858" lon="-121.273313"/>
      <trkpt lat="47.456885" lon="-121.273272"/>
      <trkpt lat="47.456956" lon="-121.273299"/>
      <trkpt lat="47.457032" lon="-121.273385"/>
      <trkpt lat="47.457083" lon="-121.273449"/>
      <trkpt lat="47.457147" lon="-121.273511"/>
      <trkpt lat="47.457201" lon="-121.273634"/>
      <trkpt lat="47.457241" lon="-121.273645"/>
      <trkpt lat="47.457286" lon="-121.273621"/>
      <trkpt lat="47.457352" lon="-121.273632"/>
      <trkpt lat="47.457352" lon="-121.273594"/>
      <trkpt lat="47.457268" lon="-121.273511"/>
      <trkpt lat="47.457236" lon="-121.273431"/>
      <trkpt lat="47.457246" lon="-121.273323"/>
      <trkpt lat="47.457292" lon="-121.273232"/>
      <trkpt lat="47.457339" lon="-121.273160"/>
      <trkpt lat="47.457380" lon="-121.273140"/>
      <trkpt lat="47.457411" lon="-121.273189"/>
      <trkpt lat="47.457453" lon="-121.273240"/>
      <trkpt lat="47.457529" lon="-121.273267"/>
      <trkpt lat="47.457654" lon="-121.273256"/>
      <trkpt lat="47.457761" lon="-121.273280"/>
      <trkpt lat="47.457807" lon="-121.273321"/>
      <trkpt lat="47.457819" lon="-121.273412"/>
      <trkpt lat="47.457852" lon="-121.273511"/>
      <trkpt lat="47.457865" lon="-121.273586"/>
      <trkpt lat="47.457968" lon="-121.273659"/>
      <trkpt lat="47.458164" lon="-121.273785"/>
      <trkpt lat="47.458206" lon="-121.273857"/>
      <trkpt lat="47.458240" lon="-121.273884"/>
      <trkpt lat="47.458280" lon="-121.273889"/>
      <trkpt lat="47.458278" lon="-121.273852"/>
      <trkpt lat="47.458235" lon="-121.273825"/>
      <trkpt lat="47.458213" lon="-121.273696"/>
      <trkpt lat="47.458151" lon="-121.273613"/>
      <trkpt lat="47.458117" lon="-121.273533"/>
      <trkpt lat="47.458106" lon="-121.273433"/>
      <trkpt lat="47.458126" lon="-121.273404"/>
      <trkpt lat="47.458177" lon="-121.273428"/>
      <trkpt lat="47.458264" lon="-121.273575"/>
      <trkpt lat="47.458315" lon="-121.273640"/>
      <trkpt lat="47.458396" lon="-121.273648"/>
      <trkpt lat="47.458391" lon="-121.273616"/>
      <trkpt lat="47.458327" lon="-121.273551"/>
      <trkpt lat="47.458298" lon="-121.273514"/>
      <trkpt lat="47.458280" lon="-121.273398"/>
      <trkpt lat="47.458258" lon="-121.273297"/>
      <trkpt lat="47.458240" lon="-121.273237"/>
      <trkpt lat="47.458204" lon="-121.273195"/>
      <trkpt lat="47.458233" lon="-121.273162"/>
      <trkpt lat="47.458296" lon="-121.273192"/>
      <trkpt lat="47.458389" lon="-121.273254"/>
      <trkpt lat="47.458450" lon="-121.273377"/>
      <trkpt lat="47.458505" lon="-121.273377"/>
      <trkpt lat="47.458534" lon="-121.273372"/>
      <trkpt lat="47.458559" lon="-121.273339"/>
      <trkpt lat="47.458559" lon="-121.273288"/>
      <trkpt lat="47.458476" lon="-121.273262"/>
      <trkpt lat="47.458461" lon="-121.273200"/>
      <trkpt lat="47.458432" lon="-121.273122"/>
      <trkpt lat="47.458380" lon="-121.273066"/>
      <trkpt lat="47.458295" lon="-121.273004"/>
      <trkpt lat="47.458231" lon="-121.272929"/>
      <trkpt lat="47.458122" lon="-121.272747"/>
      <trkpt lat="47.458059" lon="-121.272629"/>
      <trkpt lat="47.458030" lon="-121.272546"/>
      <trkpt lat="47.458041" lon="-121.272500"/>
      <trkpt lat="47.458079" lon="-121.272500"/>
      <trkpt lat="47.458090" lon="-121.272551"/>
      <trkpt lat="47.458142" lon="-121.272642"/>
      <trkpt lat="47.458236" lon="-121.272706"/>
      <trkpt lat="47.458538" lon="-121.272838"/>
      <trkpt lat="47.458605" lon="-121.272851"/>
      <trkpt lat="47.458688" lon="-121.272848"/>
      <trkpt lat="47.458750" lon="-121.272819"/>
      <trkpt lat="47.458790" lon="-121.272725"/>
      <trkpt lat="47.458873" lon="-121.272631"/>
      <trkpt lat="47.458915" lon="-121.272623"/>
      <trkpt lat="47.458940" lon="-121.272564"/>
      <trkpt lat="47.458906" lon="-121.272513"/>
      <trkpt lat="47.458859" lon="-121.272535"/>
      <trkpt lat="47.458804" lon="-121.272580"/>
      <trkpt lat="47.458741" lon="-121.272588"/>
      <trkpt lat="47.458684" lon="-121.272575"/>
      <trkpt lat="47.458621" lon="-121.272604"/>
      <trkpt lat="47.458556" lon="-121.272575"/>
      <trkpt lat="47.458402" lon="-121.272414"/>
      <trkpt lat="47.458347" lon="-121.272299"/>
      <trkpt lat="47.458327" lon="-121.272116"/>
      <trkpt lat="47.458322" lon="-121.271969"/>
      <trkpt lat="47.458295" lon="-121.271872"/>
      <trkpt lat="47.458293" lon="-121.271805"/>
      <trkpt lat="47.458309" lon="-121.271773"/>
      <trkpt lat="47.458338" lon="-121.271805"/>
      <trkpt lat="47.458480" lon="-121.272020"/>
      <trkpt lat="47.458500" lon="-121.272130"/>
      <trkpt lat="47.458543" lon="-121.272170"/>
      <trkpt lat="47.458605" lon="-121.272170"/>
      <trkpt lat="47.458697" lon="-121.272135"/>
      <trkpt lat="47.458793" lon="-121.272057"/>
      <trkpt lat="47.459072" lon="-121.271690"/>
      <trkpt lat="47.459317" lon="-121.271408"/>
      <trkpt lat="47.459378" lon="-121.271355"/>
      <trkpt lat="47.459421" lon="-121.271349"/>
      <trkpt lat="47.459467" lon="-121.271370"/>
      <trkpt lat="47.459529" lon="-121.271458"/>
      <trkpt lat="47.459622" lon="-121.271604"/>
      <trkpt lat="47.459705" lon="-121.271647"/>
    </trkseg>
    <trkseg>
      <trkpt lat="47.459705" lon="-121.271647"/>
      <trkpt lat="47.459791" lon="-121.271574"/>
    </trkseg>
    <trkseg>
      <trkpt lat="47.459791" lon="-121.271574"/>
      <trkpt lat="47.459829" lon="-121.271558"/>
      <trkpt lat="47.459858" lon="-121.271512"/>
      <trkpt lat="47.459885" lon="-121.271422"/>
      <trkpt lat="47.459949" lon="-121.271102"/>
      <trkpt lat="47.459977" lon="-121.271065"/>
      <trkpt lat="47.460013" lon="-121.271050"/>
      <trkpt lat="47.460060" lon="-121.271047"/>
      <trkpt lat="47.460137" lon="-121.271057"/>
      <trkpt lat="47.460200" lon="-121.270995"/>
      <trkpt lat="47.460383" lon="-121.270840"/>
      <trkpt lat="47.460461" lon="-121.270699"/>
      <trkpt lat="47.460469" lon="-121.270660"/>
      <trkpt lat="47.460464" lon="-121.270624"/>
      <trkpt lat="47.460429" lon="-121.270625"/>
      <trkpt lat="47.460373" lon="-121.270665"/>
      <trkpt lat="47.460171" lon="-121.270645"/>
      <trkpt lat="47.460129" lon="-121.270634"/>
      <trkpt lat="47.460127" lon="-121.270595"/>
      <trkpt lat="47.460267" lon="-121.270533"/>
      <trkpt lat="47.460348" lon="-121.270452"/>
      <trkpt lat="47.460500" lon="-121.270284"/>
      <trkpt lat="47.460584" lon="-121.270160"/>
      <trkpt lat="47.460616" lon="-121.270078"/>
      <trkpt lat="47.460620" lon="-121.269957"/>
      <trkpt lat="47.460637" lon="-121.269944"/>
      <trkpt lat="47.460675" lon="-121.269952"/>
      <trkpt lat="47.460701" lon="-121.269985"/>
      <trkpt lat="47.460754" lon="-121.270004"/>
      <trkpt lat="47.460816" lon="-121.270015"/>
      <trkpt lat="47.460881" lon="-121.269997"/>
      <trkpt lat="47.460988" lon="-121.269879"/>
      <trkpt lat="47.461023" lon="-121.269857"/>
      <trkpt lat="47.461068" lon="-121.269863"/>
      <trkpt lat="47.461128" lon="-121.269893"/>
      <trkpt lat="47.461178" lon="-121.269863"/>
      <trkpt lat="47.461296" lon="-121.269740"/>
      <trkpt lat="47.461488" lon="-121.269554"/>
      <trkpt lat="47.461505" lon="-121.269460"/>
      <trkpt lat="47.461556" lon="-121.269326"/>
      <trkpt lat="47.461604" lon="-121.269248"/>
      <trkpt lat="47.461679" lon="-121.269205"/>
      <trkpt lat="47.461685" lon="-121.269169"/>
      <trkpt lat="47.461583" lon="-121.269151"/>
      <trkpt lat="47.461510" lon="-121.269126"/>
      <trkpt lat="47.461468" lon="-121.269091"/>
      <trkpt lat="47.461405" lon="-121.268996"/>
      <trkpt lat="47.461340" lon="-121.268943"/>
      <trkpt lat="47.461235" lon="-121.268924"/>
      <trkpt lat="47.461207" lon="-121.268876"/>
      <trkpt lat="47.461178" lon="-121.268761"/>
      <trkpt lat="47.461144" lon="-121.268680"/>
      <trkpt lat="47.461133" lon="-121.268631"/>
      <trkpt lat="47.461114" lon="-121.268586"/>
      <trkpt lat="47.461082" lon="-121.268576"/>
      <trkpt lat="47.461047" lon="-121.268613"/>
      <trkpt lat="47.461013" lon="-121.268634"/>
      <trkpt lat="47.460978" lon="-121.268625"/>
      <trkpt lat="47.460940" lon="-121.268585"/>
      <trkpt lat="47.460891" lon="-121.268568"/>
      <trkpt lat="47.460838" lon="-121.268568"/>
      <trkpt lat="47.460704" lon="-121.268607"/>
      <trkpt lat="47.460619" lon="-121.268652"/>
      <trkpt lat="47.460540" lon="-121.268651"/>
      <trkpt lat="47.460495" lon="-121.268683"/>
      <trkpt lat="47.460337" lon="-121.268871"/>
      <trkpt lat="47.460324" lon="-121.268902"/>
      <trkpt lat="47.460291" lon="-121.268914"/>
      <trkpt lat="47.460273" lon="-121.268900"/>
      <trkpt lat="47.460246" lon="-121.268898"/>
      <trkpt lat="47.460181" lon="-121.268942"/>
      <trkpt lat="47.460152" lon="-121.268947"/>
      <trkpt lat="47.460129" lon="-121.268939"/>
      <trkpt lat="47.460113" lon="-121.268920"/>
      <trkpt lat="47.460103" lon="-121.268863"/>
      <trkpt lat="47.460112" lon="-121.268800"/>
      <trkpt lat="47.460139" lon="-121.268746"/>
      <trkpt lat="47.460184" lon="-121.268690"/>
      <trkpt lat="47.460375" lon="-121.268415"/>
      <trkpt lat="47.460453" lon="-121.268349"/>
      <trkpt lat="47.460526" lon="-121.268266"/>
      <trkpt lat="47.460602" lon="-121.268199"/>
      <trkpt lat="47.460648" lon="-121.268151"/>
      <trkpt lat="47.460656" lon="-121.268117"/>
      <trkpt lat="47.460664" lon="-121.268100"/>
      <trkpt lat="47.460659" lon="-121.268073"/>
      <trkpt lat="47.460637" lon="-121.268072"/>
      <trkpt lat="47.460620" lon="-121.268112"/>
      <trkpt lat="47.460596" lon="-121.268140"/>
      <trkpt lat="47.460496" lon="-121.268206"/>
      <trkpt lat="47.460405" lon="-121.268234"/>
      <trkpt lat="47.460291" lon="-121.268250"/>
      <trkpt lat="47.460268" lon="-121.268270"/>
      <trkpt lat="47.460241" lon="-121.268271"/>
      <trkpt lat="47.460207" lon="-121.268235"/>
      <trkpt lat="47.460195" lon="-121.268179"/>
      <trkpt lat="47.460162" lon="-121.268132"/>
      <trkpt lat="47.460126" lon="-121.268093"/>
      <trkpt lat="47.459938" lon="-121.268080"/>
      <trkpt lat="47.459886" lon="-121.268102"/>
      <trkpt lat="47.459872" lon="-121.268117"/>
      <trkpt lat="47.459846" lon="-121.268102"/>
      <trkpt lat="47.459792" lon="-121.268094"/>
      <trkpt lat="47.459693" lon="-121.268104"/>
      <trkpt lat="47.459660" lon="-121.268120"/>
      <trkpt lat="47.459608" lon="-121.268180"/>
      <trkpt lat="47.459531" lon="-121.268305"/>
      <trkpt lat="47.459485" lon="-121.268360"/>
      <trkpt lat="47.459404" lon="-121.268413"/>
      <trkpt lat="47.459328" lon="-121.268474"/>
      <trkpt lat="47.459297" lon="-121.268478"/>
      <trkpt lat="47.459285" lon="-121.268473"/>
      <trkpt lat="47.459279" lon="-121.268452"/>
      <trkpt lat="47.459303" lon="-121.268412"/>
      <trkpt lat="47.459341" lon="-121.268384"/>
      <trkpt lat="47.459397" lon="-121.268320"/>
      <trkpt lat="47.459432" lon="-121.268269"/>
      <trkpt lat="47.459455" lon="-121.268208"/>
      <trkpt lat="47.459480" lon="-121.268108"/>
      <trkpt lat="47.459537" lon="-121.267943"/>
      <trkpt lat="47.459576" lon="-121.267870"/>
      <trkpt lat="47.459625" lon="-121.267809"/>
      <trkpt lat="47.459660" lon="-121.267775"/>
      <trkpt lat="47.459754" lon="-121.267738"/>
      <trkpt lat="47.460028" lon="-121.267718"/>
      <trkpt lat="47.460070" lon="-121.267695"/>
      <trkpt lat="47.460108" lon="-121.267655"/>
      <trkpt lat="47.460144" lon="-121.267640"/>
      <trkpt lat="47.460227" lon="-121.267624"/>
      <trkpt lat="47.460256" lon="-121.267606"/>
      <trkpt lat="47.460259" lon="-121.267581"/>
      <trkpt lat="47.460246" lon="-121.267555"/>
      <trkpt lat="47.460211" lon="-121.267551"/>
      <trkpt lat="47.460160" lon="-121.267556"/>
      <trkpt lat="47.459959" lon="-121.267559"/>
      <trkpt lat="47.459871" lon="-121.267549"/>
      <trkpt lat="47.459824" lon="-121.267527"/>
      <trkpt lat="47.459696" lon="-121.267448"/>
      <trkpt lat="47.459643" lon="-121.267402"/>
      <trkpt lat="47.459562" lon="-121.267368"/>
      <trkpt lat="47.459534" lon="-121.267363"/>
      <trkpt lat="47.459500" lon="-121.267374"/>
      <trkpt lat="47.459416" lon="-121.267469"/>
      <trkpt lat="47.459397" lon="-121.267503"/>
      <trkpt lat="47.459381" lon="-121.267518"/>
      <trkpt lat="47.459359" lon="-121.267518"/>
      <trkpt lat="47.459342" lon="-121.267507"/>
      <trkpt lat="47.459345" lon="-121.267473"/>
      <trkpt lat="47.459375" lon="-121.267416"/>
      <trkpt lat="47.459392" lon="-121.267371"/>
      <trkpt lat="47.459502" lon="-121.267192"/>
      <trkpt lat="47.459529" lon="-121.267168"/>
      <trkpt lat="47.459579" lon="-121.267156"/>
      <trkpt lat="47.459639" lon="-121.267173"/>
      <trkpt lat="47.459774" lon="-121.267178"/>
      <trkpt lat="47.459901" lon="-121.267160"/>
      <trkpt lat="47.459955" lon="-121.267134"/>
      <trkpt lat="47.460040" lon="-121.267066"/>
      <trkpt lat="47.460119" lon="-121.267028"/>
      <trkpt lat="47.460168" lon="-121.267023"/>
      <trkpt lat="47.460203" lon="-121.267007"/>
      <trkpt lat="47.460200" lon="-121.266977"/>
      <trkpt lat="47.460170" lon="-121.266960"/>
      <trkpt lat="47.460128" lon="-121.266956"/>
      <trkpt lat="47.460017" lon="-121.266980"/>
      <trkpt lat="47.459950" lon="-121.266984"/>
      <trkpt lat="47.459738" lon="-121.266930"/>
      <trkpt lat="47.459616" lon="-121.266890"/>
      <trkpt lat="47.459549" lon="-121.266878"/>
      <trkpt lat="47.459424" lon="-121.266898"/>
      <trkpt lat="47.459375" lon="-121.266925"/>
      <trkpt lat="47.459330" lon="-121.266950"/>
      <trkpt lat="47.459293" lon="-121.266991"/>
      <trkpt lat="47.459280" lon="-121.267021"/>
      <trkpt lat="47.459263" lon="-121.267042"/>
      <trkpt lat="47.459247" lon="-121.267023"/>
      <trkpt lat="47.459247" lon="-121.266968"/>
      <trkpt lat="47.459266" lon="-121.266928"/>
      <trkpt lat="47.459287" lon="-121.266891"/>
      <trkpt lat="47.459482" lon="-121.266683"/>
      <trkpt lat="47.459517" lon="-121.266658"/>
      <trkpt lat="47.459554" lon="-121.266643"/>
      <trkpt lat="47.459686" lon="-121.266615"/>
      <trkpt lat="47.459780" lon="-121.266606"/>
      <trkpt lat="47.459901" lon="-121.266567"/>
      <trkpt lat="47.459995" lon="-121.266565"/>
      <trkpt lat="47.460054" lon="-121.266559"/>
      <trkpt lat="47.460106" lon="-121.266532"/>
      <trkpt lat="47.460164" lon="-121.266480"/>
      <trkpt lat="47.460224" lon="-121.266443"/>
      <trkpt lat="47.460261" lon="-121.266441"/>
      <trkpt lat="47.460287" lon="-121.266457"/>
      <trkpt lat="47.460304" lon="-121.266484"/>
      <trkpt lat="47.460328" lon="-121.266508"/>
      <trkpt lat="47.460365" lon="-121.266513"/>
      <trkpt lat="47.460398" lon="-121.266504"/>
      <trkpt lat="47.460502" lon="-121.266415"/>
      <trkpt lat="47.460569" lon="-121.266367"/>
      <trkpt lat="47.460634" lon="-121.266360"/>
      <trkpt lat="47.460719" lon="-121.266370"/>
      <trkpt lat="47.460746" lon="-121.266425"/>
      <trkpt lat="47.460820" lon="-121.266507"/>
      <trkpt lat="47.460857" lon="-121.266516"/>
      <trkpt lat="47.460890" lon="-121.266505"/>
      <trkpt lat="47.460927" lon="-121.266474"/>
      <trkpt lat="47.460954" lon="-121.266398"/>
      <trkpt lat="47.461041" lon="-121.266258"/>
      <trkpt lat="47.461064" lon="-121.266244"/>
      <trkpt lat="47.461136" lon="-121.266237"/>
      <trkpt lat="47.461190" lon="-121.266253"/>
      <trkpt lat="47.461305" lon="-121.266238"/>
      <trkpt lat="47.461351" lon="-121.266218"/>
      <trkpt lat="47.461468" lon="-121.266099"/>
      <trkpt lat="47.461533" lon="-121.266045"/>
      <trkpt lat="47.461753" lon="-121.265957"/>
      <trkpt lat="47.461779" lon="-121.265940"/>
      <trkpt lat="47.461774" lon="-121.265908"/>
      <trkpt lat="47.461741" lon="-121.265900"/>
      <trkpt lat="47.461689" lon="-121.265916"/>
      <trkpt lat="47.461570" lon="-121.265938"/>
      <trkpt lat="47.461465" lon="-121.265949"/>
      <trkpt lat="47.461411" lon="-121.265940"/>
      <trkpt lat="47.461259" lon="-121.265936"/>
      <trkpt lat="47.461225" lon="-121.265920"/>
      <trkpt lat="47.461194" lon="-121.265880"/>
      <trkpt lat="47.461173" lon="-121.265813"/>
      <trkpt lat="47.461163" lon="-121.265757"/>
      <trkpt lat="47.461147" lon="-121.265727"/>
      <trkpt lat="47.461121" lon="-121.265721"/>
      <trkpt lat="47.461077" lon="-121.265764"/>
      <trkpt lat="47.461031" lon="-121.265782"/>
      <trkpt lat="47.460902" lon="-121.265810"/>
      <trkpt lat="47.460885" lon="-121.265789"/>
      <trkpt lat="47.460899" lon="-121.265766"/>
      <trkpt lat="47.460933" lon="-121.265757"/>
      <trkpt lat="47.460998" lon="-121.265721"/>
      <trkpt lat="47.461104" lon="-121.265603"/>
      <trkpt lat="47.461145" lon="-121.265598"/>
      <trkpt lat="47.461209" lon="-121.265652"/>
      <trkpt lat="47.461257" lon="-121.265663"/>
      <trkpt lat="47.461292" lon="-121.265663"/>
      <trkpt lat="47.461363" lon="-121.265611"/>
      <trkpt lat="47.461436" lon="-121.265588"/>
      <trkpt lat="47.461597" lon="-121.265523"/>
      <trkpt lat="47.461730" lon="-121.265454"/>
      <trkpt lat="47.461892" lon="-121.265355"/>
      <trkpt lat="47.461922" lon="-121.265350"/>
      <trkpt lat="47.461970" lon="-121.265376"/>
      <trkpt lat="47.461984" lon="-121.265369"/>
      <trkpt lat="47.461997" lon="-121.265349"/>
      <trkpt lat="47.462007" lon="-121.265321"/>
      <trkpt lat="47.462039" lon="-121.265285"/>
      <trkpt lat="47.462102" lon="-121.265244"/>
      <trkpt lat="47.462154" lon="-121.265204"/>
      <trkpt lat="47.462195" lon="-121.265124"/>
      <trkpt lat="47.462256" lon="-121.265066"/>
      <trkpt lat="47.462300" lon="-121.265010"/>
      <trkpt lat="47.462553" lon="-121.264823"/>
      <trkpt lat="47.462598" lon="-121.264825"/>
      <trkpt lat="47.462635" lon="-121.264860"/>
      <trkpt lat="47.462669" lon="-121.264876"/>
      <trkpt lat="47.462730" lon="-121.264890"/>
      <trkpt lat="47.462825" lon="-121.264877"/>
      <trkpt lat="47.462876" lon="-121.264849"/>
      <trkpt lat="47.462913" lon="-121.264835"/>
      <trkpt lat="47.462955" lon="-121.264835"/>
      <trkpt lat="47.462975" lon="-121.264845"/>
      <trkpt lat="47.462995" lon="-121.264831"/>
      <trkpt lat="47.463001" lon="-121.264802"/>
      <trkpt lat="47.462998" lon="-121.264701"/>
      <trkpt lat="47.463011" lon="-121.264646"/>
      <trkpt lat="47.463048" lon="-121.264579"/>
      <trkpt lat="47.463109" lon="-121.264440"/>
      <trkpt lat="47.463198" lon="-121.264343"/>
      <trkpt lat="47.463267" lon="-121.264290"/>
      <trkpt lat="47.463326" lon="-121.264256"/>
      <trkpt lat="47.463517" lon="-121.264102"/>
      <trkpt lat="47.463712" lon="-121.263978"/>
      <trkpt lat="47.463787" lon="-121.263941"/>
      <trkpt lat="47.463843" lon="-121.263924"/>
      <trkpt lat="47.463916" lon="-121.263931"/>
      <trkpt lat="47.464049" lon="-121.263933"/>
      <trkpt lat="47.464093" lon="-121.263925"/>
      <trkpt lat="47.464129" lon="-121.263911"/>
      <trkpt lat="47.464152" lon="-121.263879"/>
      <trkpt lat="47.464286" lon="-121.263785"/>
      <trkpt lat="47.464369" lon="-121.263718"/>
      <trkpt lat="47.464487" lon="-121.263606"/>
    </trkseg>
    <trkseg>
      <trkpt lat="47.464487" lon="-121.263606"/>
      <trkpt lat="47.464609" lon="-121.263555"/>
      <trkpt lat="47.464737" lon="-121.263557"/>
      <trkpt lat="47.464902" lon="-121.263552"/>
      <trkpt lat="47.465010" lon="-121.263582"/>
      <trkpt lat="47.465085" lon="-121.263588"/>
      <trkpt lat="47.465137" lon="-121.263570"/>
      <trkpt lat="47.465147" lon="-121.263587"/>
      <trkpt lat="47.465316" lon="-121.263488"/>
      <trkpt lat="47.465475" lon="-121.263434"/>
      <trkpt lat="47.465540" lon="-121.263391"/>
      <trkpt lat="47.465618" lon="-121.263368"/>
      <trkpt lat="47.465687" lon="-121.263336"/>
      <trkpt lat="47.465735" lon="-121.263297"/>
      <trkpt lat="47.465803" lon="-121.263206"/>
      <trkpt lat="47.465871" lon="-121.263175"/>
      <trkpt lat="47.465903" lon="-121.263134"/>
      <trkpt lat="47.465942" lon="-121.263058"/>
      <trkpt lat="47.465995" lon="-121.262975"/>
      <trkpt lat="47.466059" lon="-121.262906"/>
      <trkpt lat="47.466160" lon="-121.262766"/>
      <trkpt lat="47.466541" lon="-121.262322"/>
      <trkpt lat="47.466588" lon="-121.262258"/>
      <trkpt lat="47.466600" lon="-121.262176"/>
      <trkpt lat="47.466614" lon="-121.262147"/>
      <trkpt lat="47.466648" lon="-121.262135"/>
      <trkpt lat="47.466677" lon="-121.262077"/>
      <trkpt lat="47.466696" lon="-121.262066"/>
      <trkpt lat="47.466738" lon="-121.262065"/>
      <trkpt lat="47.466772" lon="-121.262045"/>
      <trkpt lat="47.466797" lon="-121.262003"/>
      <trkpt lat="47.467021" lon="-121.261696"/>
      <trkpt lat="47.467106" lon="-121.261558"/>
      <trkpt lat="47.467193" lon="-121.261392"/>
      <trkpt lat="47.467482" lon="-121.260952"/>
      <trkpt lat="47.467527" lon="-121.260893"/>
      <trkpt lat="47.467594" lon="-121.260859"/>
      <trkpt lat="47.467720" lon="-121.260867"/>
      <trkpt lat="47.467951" lon="-121.260736"/>
      <trkpt lat="47.468023" lon="-121.260716"/>
      <trkpt lat="47.468083" lon="-121.260736"/>
      <trkpt lat="47.468131" lon="-121.260722"/>
      <trkpt lat="47.468224" lon="-121.260643"/>
      <trkpt lat="47.468310" lon="-121.260548"/>
      <trkpt lat="47.468376" lon="-121.260457"/>
      <trkpt lat="47.468526" lon="-121.260272"/>
      <trkpt lat="47.468573" lon="-121.260235"/>
      <trkpt lat="47.468622" lon="-121.260239"/>
      <trkpt lat="47.468653" lon="-121.260276"/>
      <trkpt lat="47.468700" lon="-121.260280"/>
      <trkpt lat="47.468749" lon="-121.260258"/>
      <trkpt lat="47.468786" lon="-121.260168"/>
      <trkpt lat="47.468764" lon="-121.259918"/>
      <trkpt lat="47.468732" lon="-121.259730"/>
      <trkpt lat="47.468717" lon="-121.259592"/>
      <trkpt lat="47.468729" lon="-121.259340"/>
      <trkpt lat="47.468721" lon="-121.258995"/>
      <trkpt lat="47.468710" lon="-121.258897"/>
      <trkpt lat="47.468726" lon="-121.258766"/>
      <trkpt lat="47.468750" lon="-121.258585"/>
      <trkpt lat="47.468774" lon="-121.258440"/>
      <trkpt lat="47.468804" lon="-121.258336"/>
      <trkpt lat="47.468847" lon="-121.258229"/>
      <trkpt lat="47.468884" lon="-121.258099"/>
      <trkpt lat="47.468898" lon="-121.257961"/>
      <trkpt lat="47.468919" lon="-121.257812"/>
      <trkpt lat="47.468955" lon="-121.257724"/>
      <trkpt lat="47.469013" lon="-121.257683"/>
      <trkpt lat="47.469061" lon="-121.257632"/>
      <trkpt lat="47.469086" lon="-121.257576"/>
      <trkpt lat="47.469110" lon="-121.257536"/>
    </trkseg>
    <trkseg>
      <trkpt lat="47.469110" lon="-121.257536"/>
      <trkpt lat="47.469155" lon="-121.257526"/>
      <trkpt lat="47.469185" lon="-121.257493"/>
      <trkpt lat="47.469216" lon="-121.257394"/>
      <trkpt lat="47.469288" lon="-121.257253"/>
      <trkpt lat="47.469415" lon="-121.256979"/>
      <trkpt lat="47.469515" lon="-121.256816"/>
      <trkpt lat="47.469695" lon="-121.256444"/>
      <trkpt lat="47.469817" lon="-121.256285"/>
      <trkpt lat="47.470000" lon="-121.255989"/>
      <trkpt lat="47.470059" lon="-121.255918"/>
      <trkpt lat="47.470120" lon="-121.255878"/>
      <trkpt lat="47.470195" lon="-121.255867"/>
      <trkpt lat="47.470260" lon="-121.255865"/>
      <trkpt lat="47.470340" lon="-121.255924"/>
      <trkpt lat="47.470407" lon="-121.255963"/>
      <trkpt lat="47.470426" lon="-121.255984"/>
      <trkpt lat="47.470452" lon="-121.255983"/>
      <trkpt lat="47.470495" lon="-121.255944"/>
      <trkpt lat="47.470554" lon="-121.255943"/>
      <trkpt lat="47.470602" lon="-121.255964"/>
      <trkpt lat="47.470670" lon="-121.256031"/>
      <trkpt lat="47.470740" lon="-121.256114"/>
      <trkpt lat="47.470806" lon="-121.256164"/>
      <trkpt lat="47.470889" lon="-121.256188"/>
      <trkpt lat="47.470970" lon="-121.256197"/>
      <trkpt lat="47.471034" lon="-121.256172"/>
      <trkpt lat="47.471200" lon="-121.256024"/>
      <trkpt lat="47.471282" lon="-121.255963"/>
      <trkpt lat="47.471458" lon="-121.255870"/>
      <trkpt lat="47.471623" lon="-121.255861"/>
      <trkpt lat="47.471657" lon="-121.255880"/>
      <trkpt lat="47.471684" lon="-121.255908"/>
      <trkpt lat="47.471700" lon="-121.255979"/>
      <trkpt lat="47.471716" lon="-121.256070"/>
      <trkpt lat="47.471738" lon="-121.256153"/>
      <trkpt lat="47.471741" lon="-121.256270"/>
      <trkpt lat="47.471726" lon="-121.256573"/>
      <trkpt lat="47.471729" lon="-121.256677"/>
      <trkpt lat="47.471735" lon="-121.256732"/>
      <trkpt lat="47.471755" lon="-121.256771"/>
      <trkpt lat="47.471799" lon="-121.256788"/>
      <trkpt lat="47.471877" lon="-121.256786"/>
      <trkpt lat="47.471986" lon="-121.256775"/>
      <trkpt lat="47.472082" lon="-121.256792"/>
      <trkpt lat="47.472135" lon="-121.256828"/>
      <trkpt lat="47.472213" lon="-121.256906"/>
      <trkpt lat="47.472250" lon="-121.256975"/>
      <trkpt lat="47.472347" lon="-121.257053"/>
      <trkpt lat="47.472504" lon="-121.257159"/>
      <trkpt lat="47.472611" lon="-121.257253"/>
      <trkpt lat="47.472705" lon="-121.257321"/>
      <trkpt lat="47.472822" lon="-121.257376"/>
      <trkpt lat="47.472959" lon="-121.257498"/>
      <trkpt lat="47.473088" lon="-121.257564"/>
      <trkpt lat="47.473250" lon="-121.257683"/>
      <trkpt lat="47.473317" lon="-121.257750"/>
      <trkpt lat="47.473359" lon="-121.257776"/>
      <trkpt lat="47.473422" lon="-121.257788"/>
      <trkpt lat="47.473513" lon="-121.257787"/>
      <trkpt lat="47.473583" lon="-121.257776"/>
      <trkpt lat="47.473630" lon="-121.257734"/>
      <trkpt lat="47.473679" lon="-121.257682"/>
      <trkpt lat="47.473756" lon="-121.257689"/>
      <trkpt lat="47.473803" lon="-121.257722"/>
      <trkpt lat="47.473818" lon="-121.257758"/>
      <trkpt lat="47.473880" lon="-121.257860"/>
      <trkpt lat="47.473916" lon="-121.257942"/>
      <trkpt lat="47.473983" lon="-121.257997"/>
      <trkpt lat="47.474161" lon="-121.258086"/>
      <trkpt lat="47.474188" lon="-121.258149"/>
      <trkpt lat="47.474195" lon="-121.258216"/>
      <trkpt lat="47.474229" lon="-121.258343"/>
      <trkpt lat="47.474262" lon="-121.258441"/>
      <trkpt lat="47.474330" lon="-121.258538"/>
      <trkpt lat="47.474403" lon="-121.258603"/>
      <trkpt lat="47.474499" lon="-121.258661"/>
      <trkpt lat="47.474684" lon="-121.258786"/>
      <trkpt lat="47.474763" lon="-121.258845"/>
      <trkpt lat="47.474819" lon="-121.258908"/>
      <trkpt lat="47.474877" lon="-121.258999"/>
      <trkpt lat="47.474916" lon="-121.259077"/>
      <trkpt lat="47.474970" lon="-121.259261"/>
      <trkpt lat="47.474974" lon="-121.259323"/>
      <trkpt lat="47.474974" lon="-121.259405"/>
      <trkpt lat="47.474985" lon="-121.259467"/>
      <trkpt lat="47.475006" lon="-121.259515"/>
      <trkpt lat="47.475045" lon="-121.259556"/>
      <trkpt lat="47.475098" lon="-121.259584"/>
      <trkpt lat="47.475136" lon="-121.259631"/>
      <trkpt lat="47.475148" lon="-121.259722"/>
      <trkpt lat="47.475165" lon="-121.259818"/>
      <trkpt lat="47.475210" lon="-121.259915"/>
      <trkpt lat="47.475276" lon="-121.260005"/>
      <trkpt lat="47.475346" lon="-121.260197"/>
      <trkpt lat="47.475368" lon="-121.260299"/>
      <trkpt lat="47.475414" lon="-121.260404"/>
      <trkpt lat="47.475507" lon="-121.260488"/>
      <trkpt lat="47.475595" lon="-121.260589"/>
      <trkpt lat="47.475748" lon="-121.260716"/>
      <trkpt lat="47.475917" lon="-121.260876"/>
      <trkpt lat="47.475977" lon="-121.261007"/>
      <trkpt lat="47.476015" lon="-121.261127"/>
      <trkpt lat="47.476022" lon="-121.261212"/>
      <trkpt lat="47.476076" lon="-121.261287"/>
      <trkpt lat="47.476128" lon="-121.261345"/>
      <trkpt lat="47.476166" lon="-121.261422"/>
      <trkpt lat="47.476233" lon="-121.261534"/>
      <trkpt lat="47.476347" lon="-121.261638"/>
      <trkpt lat="47.476429" lon="-121.261732"/>
      <trkpt lat="47.476510" lon="-121.261807"/>
      <trkpt lat="47.476566" lon="-121.261838"/>
      <trkpt lat="47.476611" lon="-121.261825"/>
      <trkpt lat="47.476665" lon="-121.261764"/>
      <trkpt lat="47.476701" lon="-121.261735"/>
      <trkpt lat="47.476736" lon="-121.261739"/>
      <trkpt lat="47.476774" lon="-121.261764"/>
    </trkseg>
    <trkseg>
      <trkpt lat="47.476774" lon="-121.261764"/>
      <trkpt lat="47.476811" lon="-121.261759"/>
      <trkpt lat="47.476846" lon="-121.261756"/>
    </trkseg>
    <trkseg>
      <trkpt lat="47.476846" lon="-121.261756"/>
      <trkpt lat="47.476929" lon="-121.261755"/>
      <trkpt lat="47.476987" lon="-121.261736"/>
      <trkpt lat="47.476999" lon="-121.261723"/>
      <trkpt lat="47.477058" lon="-121.261691"/>
      <trkpt lat="47.477095" lon="-121.261700"/>
      <trkpt lat="47.477140" lon="-121.261779"/>
      <trkpt lat="47.477202" lon="-121.261809"/>
      <trkpt lat="47.477228" lon="-121.261811"/>
      <trkpt lat="47.477244" lon="-121.261805"/>
      <trkpt lat="47.477271" lon="-121.261741"/>
      <trkpt lat="47.477297" lon="-121.261707"/>
      <trkpt lat="47.477373" lon="-121.261709"/>
      <trkpt lat="47.477416" lon="-121.261693"/>
      <trkpt lat="47.477440" lon="-121.261669"/>
      <trkpt lat="47.477463" lon="-121.261602"/>
      <trkpt lat="47.477465" lon="-121.261578"/>
      <trkpt lat="47.477440" lon="-121.261479"/>
      <trkpt lat="47.477438" lon="-121.261412"/>
      <trkpt lat="47.477447" lon="-121.261342"/>
      <trkpt lat="47.477474" lon="-121.261295"/>
      <trkpt lat="47.477510" lon="-121.261275"/>
      <trkpt lat="47.477555" lon="-121.261259"/>
      <trkpt lat="47.477750" lon="-121.261221"/>
      <trkpt lat="47.477764" lon="-121.261213"/>
      <trkpt lat="47.477812" lon="-121.261170"/>
      <trkpt lat="47.477823" lon="-121.261154"/>
      <trkpt lat="47.477850" lon="-121.261092"/>
      <trkpt lat="47.477877" lon="-121.261055"/>
      <trkpt lat="47.477926" lon="-121.261017"/>
      <trkpt lat="47.477948" lon="-121.261007"/>
      <trkpt lat="47.478054" lon="-121.260911"/>
      <trkpt lat="47.478098" lon="-121.260891"/>
      <trkpt lat="47.478114" lon="-121.260886"/>
      <trkpt lat="47.478147" lon="-121.260886"/>
      <trkpt lat="47.478200" lon="-121.260907"/>
      <trkpt lat="47.478267" lon="-121.260910"/>
      <trkpt lat="47.478341" lon="-121.260961"/>
      <trkpt lat="47.478359" lon="-121.260961"/>
      <trkpt lat="47.478415" lon="-121.260982"/>
      <trkpt lat="47.478488" lon="-121.261020"/>
      <trkpt lat="47.478602" lon="-121.261098"/>
      <trkpt lat="47.478671" lon="-121.261092"/>
      <trkpt lat="47.478782" lon="-121.261027"/>
      <trkpt lat="47.478945" lon="-121.260835"/>
      <trkpt lat="47.479044" lon="-121.260805"/>
      <trkpt lat="47.479084" lon="-121.260787"/>
      <trkpt lat="47.479117" lon="-121.260758"/>
      <trkpt lat="47.479186" lon="-121.260663"/>
      <trkpt lat="47.479276" lon="-121.260556"/>
      <trkpt lat="47.479300" lon="-121.260492"/>
      <trkpt lat="47.479304" lon="-121.260446"/>
      <trkpt lat="47.479309" lon="-121.260425"/>
      <trkpt lat="47.479369" lon="-121.260237"/>
      <trkpt lat="47.479401" lon="-121.260111"/>
      <trkpt lat="47.479421" lon="-121.260079"/>
      <trkpt lat="47.479436" lon="-121.260070"/>
      <trkpt lat="47.479465" lon="-121.260060"/>
      <trkpt lat="47.479501" lon="-121.260063"/>
      <trkpt lat="47.479534" lon="-121.260081"/>
      <trkpt lat="47.479563" lon="-121.260108"/>
      <trkpt lat="47.479630" lon="-121.260138"/>
      <trkpt lat="47.479679" lon="-121.260113"/>
      <trkpt lat="47.479765" lon="-121.260024"/>
      <trkpt lat="47.479796" lon="-121.259999"/>
      <trkpt lat="47.479830" lon="-121.259954"/>
      <trkpt lat="47.479856" lon="-121.259931"/>
      <trkpt lat="47.479906" lon="-121.259901"/>
      <trkpt lat="47.479936" lon="-121.259903"/>
      <trkpt lat="47.479957" lon="-121.259910"/>
      <trkpt lat="47.479974" lon="-121.259927"/>
      <trkpt lat="47.479987" lon="-121.259962"/>
      <trkpt lat="47.479990" lon="-121.260049"/>
      <trkpt lat="47.480000" lon="-121.260113"/>
      <trkpt lat="47.480010" lon="-121.260135"/>
      <trkpt lat="47.480050" lon="-121.260178"/>
      <trkpt lat="47.480103" lon="-121.260197"/>
      <trkpt lat="47.480168" lon="-121.260199"/>
      <trkpt lat="47.480199" lon="-121.260188"/>
      <trkpt lat="47.480226" lon="-121.260170"/>
      <trkpt lat="47.480266" lon="-121.260097"/>
      <trkpt lat="47.480297" lon="-121.260019"/>
      <trkpt lat="47.480328" lon="-121.260001"/>
      <trkpt lat="47.480346" lon="-121.260001"/>
      <trkpt lat="47.480387" lon="-121.260025"/>
      <trkpt lat="47.480413" lon="-121.260066"/>
      <trkpt lat="47.480440" lon="-121.260087"/>
      <trkpt lat="47.480491" lon="-121.260085"/>
      <trkpt lat="47.480524" lon="-121.260068"/>
      <trkpt lat="47.480571" lon="-121.260017"/>
      <trkpt lat="47.480585" lon="-121.259979"/>
      <trkpt lat="47.480592" lon="-121.259912"/>
      <trkpt lat="47.480583" lon="-121.259789"/>
      <trkpt lat="47.480573" lon="-121.259695"/>
      <trkpt lat="47.480504" lon="-121.259513"/>
      <trkpt lat="47.480486" lon="-121.259446"/>
      <trkpt lat="47.480467" lon="-121.259408"/>
      <trkpt lat="47.480457" lon="-121.259368"/>
      <trkpt lat="47.480447" lon="-121.259298"/>
      <trkpt lat="47.480426" lon="-121.259196"/>
      <trkpt lat="47.480413" lon="-121.259084"/>
      <trkpt lat="47.480413" lon="-121.258995"/>
      <trkpt lat="47.480427" lon="-121.258898"/>
      <trkpt lat="47.480473" lon="-121.258748"/>
      <trkpt lat="47.480489" lon="-121.258711"/>
      <trkpt lat="47.480507" lon="-121.258697"/>
      <trkpt lat="47.480540" lon="-121.258689"/>
      <trkpt lat="47.480625" lon="-121.258719"/>
      <trkpt lat="47.480790" lon="-121.258705"/>
      <trkpt lat="47.480864" lon="-121.258732"/>
      <trkpt lat="47.480893" lon="-121.258762"/>
      <trkpt lat="47.480984" lon="-121.258880"/>
      <trkpt lat="47.481071" lon="-121.258955"/>
      <trkpt lat="47.481167" lon="-121.258990"/>
      <trkpt lat="47.481240" lon="-121.258995"/>
      <trkpt lat="47.481269" lon="-121.259016"/>
      <trkpt lat="47.481281" lon="-121.259033"/>
      <trkpt lat="47.481292" lon="-121.259084"/>
      <trkpt lat="47.481303" lon="-121.259102"/>
      <trkpt lat="47.481318" lon="-121.259110"/>
      <trkpt lat="47.481341" lon="-121.259102"/>
      <trkpt lat="47.481397" lon="-121.259011"/>
      <trkpt lat="47.481423" lon="-121.258982"/>
      <trkpt lat="47.481439" lon="-121.258976"/>
      <trkpt lat="47.481470" lon="-121.258987"/>
      <trkpt lat="47.481497" lon="-121.259016"/>
      <trkpt lat="47.481580" lon="-121.259086"/>
      <trkpt lat="47.481631" lon="-121.259100"/>
      <trkpt lat="47.481705" lon="-121.259100"/>
      <trkpt lat="47.481778" lon="-121.259078"/>
      <trkpt lat="47.481812" lon="-121.259078"/>
      <trkpt lat="47.481831" lon="-121.259084"/>
      <trkpt lat="47.481890" lon="-121.259124"/>
      <trkpt lat="47.481903" lon="-121.259137"/>
      <trkpt lat="47.481999" lon="-121.259306"/>
      <trkpt lat="47.482090" lon="-121.259408"/>
      <trkpt lat="47.482119" lon="-121.259432"/>
      <trkpt lat="47.482186" lon="-121.259464"/>
      <trkpt lat="47.482276" lon="-121.259472"/>
      <trkpt lat="47.482387" lon="-121.259505"/>
      <trkpt lat="47.482449" lon="-121.259553"/>
      <trkpt lat="47.482498" lon="-121.259547"/>
      <trkpt lat="47.482561" lon="-121.259523"/>
      <trkpt lat="47.482614" lon="-121.259489"/>
      <trkpt lat="47.482681" lon="-121.259424"/>
      <trkpt lat="47.482717" lon="-121.259381"/>
      <trkpt lat="47.482749" lon="-121.259373"/>
      <trkpt lat="47.482762" lon="-121.259360"/>
      <trkpt lat="47.482779" lon="-121.259322"/>
      <trkpt lat="47.482800" lon="-121.259305"/>
    </trkseg>
    <trkseg>
      <trkpt lat="47.482800" lon="-121.259305"/>
      <trkpt lat="47.482881" lon="-121.259218"/>
    </trkseg>
    <trkseg>
      <trkpt lat="47.482881" lon="-121.259218"/>
      <trkpt lat="47.482933" lon="-121.259223"/>
      <trkpt lat="47.482960" lon="-121.259260"/>
      <trkpt lat="47.483003" lon="-121.259295"/>
      <trkpt lat="47.483069" lon="-121.259330"/>
      <trkpt lat="47.483286" lon="-121.259344"/>
      <trkpt lat="47.483337" lon="-121.259352"/>
      <trkpt lat="47.483415" lon="-121.259387"/>
      <trkpt lat="47.483598" lon="-121.259529"/>
      <trkpt lat="47.483614" lon="-121.259534"/>
      <trkpt lat="47.483656" lon="-121.259574"/>
      <trkpt lat="47.483705" lon="-121.259593"/>
      <trkpt lat="47.483721" lon="-121.259593"/>
      <trkpt lat="47.483752" lon="-121.259574"/>
      <trkpt lat="47.483959" lon="-121.259510"/>
      <trkpt lat="47.484002" lon="-121.259480"/>
      <trkpt lat="47.484080" lon="-121.259454"/>
      <trkpt lat="47.484114" lon="-121.259411"/>
      <trkpt lat="47.484149" lon="-121.259336"/>
      <trkpt lat="47.484160" lon="-121.259324"/>
      <trkpt lat="47.484169" lon="-121.259317"/>
      <trkpt lat="47.484201" lon="-121.259314"/>
      <trkpt lat="47.484263" lon="-121.259362"/>
      <trkpt lat="47.484339" lon="-121.259494"/>
      <trkpt lat="47.484473" lon="-121.259601"/>
      <trkpt lat="47.484508" lon="-121.259657"/>
      <trkpt lat="47.484517" lon="-121.259735"/>
      <trkpt lat="47.484533" lon="-121.259778"/>
      <trkpt lat="47.484548" lon="-121.259789"/>
      <trkpt lat="47.484595" lon="-121.259797"/>
      <trkpt lat="47.484622" lon="-121.259770"/>
      <trkpt lat="47.484656" lon="-121.259687"/>
      <trkpt lat="47.484695" lon="-121.259617"/>
      <trkpt lat="47.484707" lon="-121.259601"/>
      <trkpt lat="47.484847" lon="-121.259486"/>
      <trkpt lat="47.484883" lon="-121.259435"/>
      <trkpt lat="47.484910" lon="-121.259376"/>
      <trkpt lat="47.484945" lon="-121.259322"/>
      <trkpt lat="47.485026" lon="-121.259258"/>
      <trkpt lat="47.485090" lon="-121.259236"/>
      <trkpt lat="47.485226" lon="-121.259218"/>
      <trkpt lat="47.485278" lon="-121.259196"/>
      <trkpt lat="47.485307" lon="-121.259175"/>
      <trkpt lat="47.485438" lon="-121.259030"/>
      <trkpt lat="47.485465" lon="-121.259006"/>
      <trkpt lat="47.485490" lon="-121.258973"/>
      <trkpt lat="47.485572" lon="-121.258915"/>
      <trkpt lat="47.485608" lon="-121.258904"/>
      <trkpt lat="47.485706" lon="-121.258906"/>
      <trkpt lat="47.485735" lon="-121.258888"/>
      <trkpt lat="47.485759" lon="-121.258829"/>
      <trkpt lat="47.485773" lon="-121.258818"/>
      <trkpt lat="47.485972" lon="-121.258826"/>
      <trkpt lat="47.486052" lon="-121.258788"/>
      <trkpt lat="47.486130" lon="-121.258735"/>
      <trkpt lat="47.486181" lon="-121.258686"/>
      <trkpt lat="47.486204" lon="-121.258654"/>
      <trkpt lat="47.486235" lon="-121.258628"/>
      <trkpt lat="47.486308" lon="-121.258515"/>
      <trkpt lat="47.486335" lon="-121.258488"/>
      <trkpt lat="47.486368" lon="-121.258442"/>
      <trkpt lat="47.486464" lon="-121.258330"/>
      <trkpt lat="47.486574" lon="-121.258126"/>
      <trkpt lat="47.486619" lon="-121.258067"/>
      <trkpt lat="47.486645" lon="-121.258016"/>
      <trkpt lat="47.486730" lon="-121.257903"/>
      <trkpt lat="47.486761" lon="-121.257876"/>
      <trkpt lat="47.486830" lon="-121.257871"/>
      <trkpt lat="47.486897" lon="-121.257911"/>
      <trkpt lat="47.487002" lon="-121.258043"/>
      <trkpt lat="47.487013" lon="-121.258061"/>
      <trkpt lat="47.487089" lon="-121.258150"/>
      <trkpt lat="47.487131" lon="-121.258185"/>
      <trkpt lat="47.487158" lon="-121.258223"/>
      <trkpt lat="47.487256" lon="-121.258316"/>
      <trkpt lat="47.487332" lon="-121.258370"/>
      <trkpt lat="47.487428" lon="-121.258424"/>
      <trkpt lat="47.487663" lon="-121.258434"/>
      <trkpt lat="47.487716" lon="-121.258421"/>
      <trkpt lat="47.487832" lon="-121.258378"/>
      <trkpt lat="47.487883" lon="-121.258367"/>
      <trkpt lat="47.488035" lon="-121.258365"/>
      <trkpt lat="47.488091" lon="-121.258373"/>
      <trkpt lat="47.488129" lon="-121.258391"/>
      <trkpt lat="47.488222" lon="-121.258405"/>
      <trkpt lat="47.488350" lon="-121.258391"/>
      <trkpt lat="47.488397" lon="-121.258370"/>
      <trkpt lat="47.488419" lon="-121.258341"/>
      <trkpt lat="47.488541" lon="-121.258223"/>
      <trkpt lat="47.488709" lon="-121.258153"/>
      <trkpt lat="47.488825" lon="-121.258145"/>
      <trkpt lat="47.488871" lon="-121.258121"/>
      <trkpt lat="47.488903" lon="-121.258112"/>
      <trkpt lat="47.489074" lon="-121.257997"/>
      <trkpt lat="47.489166" lon="-121.257927"/>
      <trkpt lat="47.489213" lon="-121.257906"/>
      <trkpt lat="47.489253" lon="-121.257879"/>
      <trkpt lat="47.489373" lon="-121.257954"/>
      <trkpt lat="47.489432" lon="-121.258003"/>
      <trkpt lat="47.489480" lon="-121.258011"/>
      <trkpt lat="47.489559" lon="-121.258037"/>
      <trkpt lat="47.489721" lon="-121.258131"/>
      <trkpt lat="47.489824" lon="-121.258198"/>
      <trkpt lat="47.489880" lon="-121.258217"/>
      <trkpt lat="47.489978" lon="-121.258273"/>
      <trkpt lat="47.490045" lon="-121.258303"/>
      <trkpt lat="47.490056" lon="-121.258319"/>
      <trkpt lat="47.490130" lon="-121.258343"/>
      <trkpt lat="47.490185" lon="-121.258389"/>
      <trkpt lat="47.490306" lon="-121.258552"/>
      <trkpt lat="47.490359" lon="-121.258587"/>
      <trkpt lat="47.490478" lon="-121.258578"/>
      <trkpt lat="47.490505" lon="-121.258590"/>
      <trkpt lat="47.490583" lon="-121.258654"/>
      <trkpt lat="47.490620" lon="-121.258705"/>
      <trkpt lat="47.490661" lon="-121.258746"/>
      <trkpt lat="47.490799" lon="-121.258845"/>
      <trkpt lat="47.490986" lon="-121.258949"/>
      <trkpt lat="47.491254" lon="-121.259145"/>
      <trkpt lat="47.491305" lon="-121.259164"/>
      <trkpt lat="47.491410" lon="-121.259169"/>
      <trkpt lat="47.491426" lon="-121.259177"/>
      <trkpt lat="47.491495" lon="-121.259191"/>
      <trkpt lat="47.491741" lon="-121.259314"/>
      <trkpt lat="47.491792" lon="-121.259330"/>
      <trkpt lat="47.491857" lon="-121.259368"/>
      <trkpt lat="47.491894" lon="-121.259373"/>
      <trkpt lat="47.491964" lon="-121.259411"/>
      <trkpt lat="47.492021" lon="-121.259432"/>
      <trkpt lat="47.492155" lon="-121.259547"/>
      <trkpt lat="47.492178" lon="-121.259585"/>
      <trkpt lat="47.492249" lon="-121.259652"/>
      <trkpt lat="47.492272" lon="-121.259690"/>
      <trkpt lat="47.492339" lon="-121.259759"/>
      <trkpt lat="47.492359" lon="-121.259797"/>
      <trkpt lat="47.492376" lon="-121.259813"/>
      <trkpt lat="47.492385" lon="-121.259832"/>
      <trkpt lat="47.492441" lon="-121.259894"/>
      <trkpt lat="47.492544" lon="-121.259969"/>
      <trkpt lat="47.492579" lon="-121.259982"/>
      <trkpt lat="47.492631" lon="-121.259985"/>
      <trkpt lat="47.492731" lon="-121.260019"/>
      <trkpt lat="47.492847" lon="-121.260105"/>
      <trkpt lat="47.492879" lon="-121.260143"/>
      <trkpt lat="47.492889" lon="-121.260151"/>
      <trkpt lat="47.492968" lon="-121.260186"/>
      <trkpt lat="47.493023" lon="-121.260183"/>
      <trkpt lat="47.493055" lon="-121.260175"/>
      <trkpt lat="47.493144" lon="-121.260226"/>
      <trkpt lat="47.493184" lon="-121.260234"/>
      <trkpt lat="47.493197" lon="-121.260248"/>
      <trkpt lat="47.493374" lon="-121.260366"/>
      <trkpt lat="47.493418" lon="-121.260368"/>
      <trkpt lat="47.493445" lon="-121.260320"/>
      <trkpt lat="47.493440" lon="-121.260111"/>
      <trkpt lat="47.493418" lon="-121.259920"/>
      <trkpt lat="47.493398" lon="-121.259856"/>
      <trkpt lat="47.493394" lon="-121.259810"/>
      <trkpt lat="47.493380" lon="-121.259725"/>
      <trkpt lat="47.493360" lon="-121.259676"/>
      <trkpt lat="47.493320" lon="-121.259609"/>
      <trkpt lat="47.493305" lon="-121.259566"/>
      <trkpt lat="47.493275" lon="-121.259515"/>
      <trkpt lat="47.493189" lon="-121.259413"/>
      <trkpt lat="47.493115" lon="-121.259244"/>
      <trkpt lat="47.493082" lon="-121.259196"/>
      <trkpt lat="47.493015" lon="-121.259057"/>
      <trkpt lat="47.492938" lon="-121.258933"/>
      <trkpt lat="47.492861" lon="-121.258799"/>
      <trkpt lat="47.492727" lon="-121.258496"/>
      <trkpt lat="47.492658" lon="-121.258324"/>
      <trkpt lat="47.492649" lon="-121.258209"/>
      <trkpt lat="47.492606" lon="-121.258024"/>
      <trkpt lat="47.492640" lon="-121.258027"/>
      <trkpt lat="47.492680" lon="-121.258083"/>
      <trkpt lat="47.492724" lon="-121.258214"/>
      <trkpt lat="47.492745" lon="-121.258249"/>
      <trkpt lat="47.492765" lon="-121.258316"/>
      <trkpt lat="47.492802" lon="-121.258378"/>
      <trkpt lat="47.492841" lon="-121.258483"/>
      <trkpt lat="47.492871" lon="-121.258507"/>
      <trkpt lat="47.492916" lon="-121.258520"/>
      <trkpt lat="47.493012" lon="-121.258571"/>
      <trkpt lat="47.493255" lon="-121.258654"/>
      <trkpt lat="47.493358" lon="-121.258703"/>
      <trkpt lat="47.493521" lon="-121.258764"/>
      <trkpt lat="47.493594" lon="-121.258783"/>
      <trkpt lat="47.493668" lon="-121.258788"/>
      <trkpt lat="47.493769" lon="-121.258839"/>
      <trkpt lat="47.493838" lon="-121.258847"/>
      <trkpt lat="47.493918" lon="-121.258874"/>
      <trkpt lat="47.494000" lon="-121.258955"/>
      <trkpt lat="47.494268" lon="-121.258941"/>
      <trkpt lat="47.494338" lon="-121.258982"/>
      <trkpt lat="47.494377" lon="-121.258960"/>
      <trkpt lat="47.494353" lon="-121.258909"/>
      <trkpt lat="47.494262" lon="-121.258821"/>
      <trkpt lat="47.494184" lon="-121.258764"/>
      <trkpt lat="47.494043" lon="-121.258611"/>
      <trkpt lat="47.493909" lon="-121.258504"/>
      <trkpt lat="47.493784" lon="-121.258365"/>
      <trkpt lat="47.493753" lon="-121.258338"/>
      <trkpt lat="47.493708" lon="-121.258273"/>
      <trkpt lat="47.493679" lon="-121.258252"/>
      <trkpt lat="47.493637" lon="-121.258193"/>
      <trkpt lat="47.493610" lon="-121.258166"/>
      <trkpt lat="47.493465" lon="-121.257986"/>
      <trkpt lat="47.493383" lon="-121.257919"/>
      <trkpt lat="47.493342" lon="-121.257858"/>
      <trkpt lat="47.493327" lon="-121.257820"/>
      <trkpt lat="47.493266" lon="-121.257506"/>
      <trkpt lat="47.493257" lon="-121.257418"/>
      <trkpt lat="47.493251" lon="-121.257305"/>
      <trkpt lat="47.493220" lon="-121.257219"/>
      <trkpt lat="47.493177" lon="-121.257150"/>
      <trkpt lat="47.493150" lon="-121.257115"/>
      <trkpt lat="47.493117" lon="-121.257056"/>
      <trkpt lat="47.493026" lon="-121.256913"/>
      <trkpt lat="47.493003" lon="-121.256833"/>
      <trkpt lat="47.492923" lon="-121.256643"/>
      <trkpt lat="47.492843" lon="-121.256501"/>
      <trkpt lat="47.492749" lon="-121.256393"/>
      <trkpt lat="47.492691" lon="-121.256358"/>
      <trkpt lat="47.492610" lon="-121.256329"/>
      <trkpt lat="47.492470" lon="-121.256221"/>
      <trkpt lat="47.492321" lon="-121.256074"/>
      <trkpt lat="47.492243" lon="-121.256015"/>
      <trkpt lat="47.492106" lon="-121.255843"/>
      <trkpt lat="47.492055" lon="-121.255755"/>
      <trkpt lat="47.492013" lon="-121.255736"/>
      <trkpt lat="47.491966" lon="-121.255696"/>
      <trkpt lat="47.491910" lon="-121.255567"/>
      <trkpt lat="47.491875" lon="-121.255513"/>
      <trkpt lat="47.491839" lon="-121.255476"/>
      <trkpt lat="47.491792" lon="-121.255414"/>
      <trkpt lat="47.491732" lon="-121.255296"/>
      <trkpt lat="47.491700" lon="-121.255221"/>
      <trkpt lat="47.491680" lon="-121.255189"/>
      <trkpt lat="47.491651" lon="-121.255098"/>
      <trkpt lat="47.491558" lon="-121.255001"/>
      <trkpt lat="47.491426" lon="-121.254958"/>
      <trkpt lat="47.491384" lon="-121.254950"/>
      <trkpt lat="47.491335" lon="-121.254910"/>
      <trkpt lat="47.491296" lon="-121.254867"/>
      <trkpt lat="47.491274" lon="-121.254835"/>
      <trkpt lat="47.491136" lon="-121.254800"/>
      <trkpt lat="47.491105" lon="-121.254787"/>
      <trkpt lat="47.491080" lon="-121.254730"/>
      <trkpt lat="47.491051" lon="-121.254722"/>
      <trkpt lat="47.491007" lon="-121.254776"/>
      <trkpt lat="47.490966" lon="-121.254811"/>
      <trkpt lat="47.490920" lon="-121.254813"/>
      <trkpt lat="47.490906" lon="-121.254805"/>
      <trkpt lat="47.490868" lon="-121.254765"/>
      <trkpt lat="47.490803" lon="-121.254650"/>
      <trkpt lat="47.490746" lon="-121.254508"/>
      <trkpt lat="47.490656" lon="-121.254247"/>
      <trkpt lat="47.490625" lon="-121.254199"/>
      <trkpt lat="47.490585" lon="-121.254170"/>
      <trkpt lat="47.490485" lon="-121.254172"/>
      <trkpt lat="47.490389" lon="-121.254199"/>
      <trkpt lat="47.490340" lon="-121.254207"/>
      <trkpt lat="47.490226" lon="-121.254213"/>
      <trkpt lat="47.490194" lon="-121.254186"/>
      <trkpt lat="47.490156" lon="-121.254081"/>
      <trkpt lat="47.490141" lon="-121.254009"/>
      <trkpt lat="47.490127" lon="-121.253963"/>
      <trkpt lat="47.490080" lon="-121.253869"/>
      <trkpt lat="47.489985" lon="-121.253767"/>
      <trkpt lat="47.489942" lon="-121.253692"/>
      <trkpt lat="47.489896" lon="-121.253652"/>
      <trkpt lat="47.489864" lon="-121.253612"/>
      <trkpt lat="47.489815" lon="-121.253566"/>
      <trkpt lat="47.489735" lon="-121.253475"/>
      <trkpt lat="47.489668" lon="-121.253437"/>
      <trkpt lat="47.489597" lon="-121.253435"/>
      <trkpt lat="47.489512" lon="-121.253424"/>
      <trkpt lat="47.489432" lon="-121.253370"/>
      <trkpt lat="47.489374" lon="-121.253301"/>
      <trkpt lat="47.489345" lon="-121.253247"/>
      <trkpt lat="47.489286" lon="-121.253234"/>
      <trkpt lat="47.489199" lon="-121.253223"/>
      <trkpt lat="47.489168" lon="-121.253201"/>
      <trkpt lat="47.489128" lon="-121.253153"/>
      <trkpt lat="47.489101" lon="-121.253134"/>
      <trkpt lat="47.489054" lon="-121.253086"/>
      <trkpt lat="47.489021" lon="-121.253075"/>
      <trkpt lat="47.488885" lon="-121.253081"/>
      <trkpt lat="47.488869" lon="-121.253073"/>
      <trkpt lat="47.488800" lon="-121.253016"/>
      <trkpt lat="47.488769" lon="-121.252971"/>
      <trkpt lat="47.488727" lon="-121.252938"/>
      <trkpt lat="47.488649" lon="-121.252917"/>
      <trkpt lat="47.488624" lon="-121.252890"/>
      <trkpt lat="47.488582" lon="-121.252807"/>
      <trkpt lat="47.488503" lon="-121.252724"/>
      <trkpt lat="47.488452" lon="-121.252737"/>
      <trkpt lat="47.488356" lon="-121.252815"/>
      <trkpt lat="47.488325" lon="-121.252823"/>
      <trkpt lat="47.488278" lon="-121.252815"/>
      <trkpt lat="47.488231" lon="-121.252759"/>
      <trkpt lat="47.488173" lon="-121.252625"/>
      <trkpt lat="47.488158" lon="-121.252614"/>
      <trkpt lat="47.488097" lon="-121.252611"/>
      <trkpt lat="47.488013" lon="-121.252563"/>
      <trkpt lat="47.487997" lon="-121.252560"/>
      <trkpt lat="47.487953" lon="-121.252601"/>
      <trkpt lat="47.487914" lon="-121.252708"/>
      <trkpt lat="47.487877" lon="-121.252753"/>
      <trkpt lat="47.487834" lon="-121.252780"/>
      <trkpt lat="47.487798" lon="-121.252780"/>
      <trkpt lat="47.487712" lon="-121.252753"/>
      <trkpt lat="47.487665" lon="-121.252748"/>
      <trkpt lat="47.487633" lon="-121.252737"/>
      <trkpt lat="47.487562" lon="-121.252681"/>
      <trkpt lat="47.487511" lon="-121.252668"/>
      <trkpt lat="47.487479" lon="-121.252665"/>
      <trkpt lat="47.487450" lon="-121.252689"/>
      <trkpt lat="47.487390" lon="-121.252769"/>
      <trkpt lat="47.487346" lon="-121.252802"/>
      <trkpt lat="47.487237" lon="-121.252804"/>
      <trkpt lat="47.487185" lon="-121.252791"/>
      <trkpt lat="47.487096" lon="-121.252753"/>
      <trkpt lat="47.486989" lon="-121.252737"/>
      <trkpt lat="47.486962" lon="-121.252719"/>
      <trkpt lat="47.486960" lon="-121.252694"/>
      <trkpt lat="47.486973" lon="-121.252684"/>
      <trkpt lat="47.487170" lon="-121.252694"/>
      <trkpt lat="47.487236" lon="-121.252681"/>
      <trkpt lat="47.487312" lon="-121.252646"/>
      <trkpt lat="47.487341" lon="-121.252598"/>
      <trkpt lat="47.487375" lon="-121.252515"/>
      <trkpt lat="47.487419" lon="-121.252448"/>
      <trkpt lat="47.487464" lon="-121.252424"/>
      <trkpt lat="47.487529" lon="-121.252434"/>
      <trkpt lat="47.487575" lon="-121.252466"/>
      <trkpt lat="47.487591" lon="-121.252485"/>
      <trkpt lat="47.487640" lon="-121.252515"/>
      <trkpt lat="47.487712" lon="-121.252512"/>
      <trkpt lat="47.487745" lon="-121.252496"/>
      <trkpt lat="47.487796" lon="-121.252359"/>
      <trkpt lat="47.487830" lon="-121.252281"/>
      <trkpt lat="47.487870" lon="-121.252244"/>
      <trkpt lat="47.487904" lon="-121.252220"/>
      <trkpt lat="47.487997" lon="-121.252220"/>
      <trkpt lat="47.488082" lon="-121.252271"/>
      <trkpt lat="47.488117" lon="-121.252276"/>
      <trkpt lat="47.488151" lon="-121.252271"/>
      <trkpt lat="47.488233" lon="-121.252273"/>
      <trkpt lat="47.488320" lon="-121.252373"/>
      <trkpt lat="47.488383" lon="-121.252386"/>
      <trkpt lat="47.488394" lon="-121.252373"/>
      <trkpt lat="47.488381" lon="-121.252335"/>
      <trkpt lat="47.488356" lon="-121.252314"/>
      <trkpt lat="47.488340" lon="-121.252311"/>
      <trkpt lat="47.488249" lon="-121.252204"/>
      <trkpt lat="47.488205" lon="-121.252177"/>
      <trkpt lat="47.488107" lon="-121.252174"/>
      <trkpt lat="47.488079" lon="-121.252179"/>
      <trkpt lat="47.488033" lon="-121.252158"/>
      <trkpt lat="47.487943" lon="-121.252080"/>
      <trkpt lat="47.487895" lon="-121.252075"/>
      <trkpt lat="47.487712" lon="-121.252169"/>
      <trkpt lat="47.487665" lon="-121.252179"/>
      <trkpt lat="47.487614" lon="-121.252179"/>
      <trkpt lat="47.487584" lon="-121.252169"/>
      <trkpt lat="47.487527" lon="-121.252131"/>
      <trkpt lat="47.487491" lon="-121.252088"/>
      <trkpt lat="47.487430" lon="-121.252075"/>
      <trkpt lat="47.487290" lon="-121.252171"/>
      <trkpt lat="47.487194" lon="-121.252212"/>
      <trkpt lat="47.487114" lon="-121.252214"/>
      <trkpt lat="47.487085" lon="-121.252201"/>
      <trkpt lat="47.487031" lon="-121.252150"/>
      <trkpt lat="47.486967" lon="-121.252134"/>
      <trkpt lat="47.486906" lon="-121.252134"/>
      <trkpt lat="47.486841" lon="-121.252158"/>
      <trkpt lat="47.486777" lon="-121.252161"/>
      <trkpt lat="47.486768" lon="-121.252147"/>
      <trkpt lat="47.486777" lon="-121.252131"/>
      <trkpt lat="47.486808" lon="-121.252115"/>
      <trkpt lat="47.486866" lon="-121.252070"/>
      <trkpt lat="47.486944" lon="-121.252043"/>
      <trkpt lat="47.486973" lon="-121.252024"/>
      <trkpt lat="47.487006" lon="-121.252019"/>
      <trkpt lat="47.487042" lon="-121.252005"/>
      <trkpt lat="47.487134" lon="-121.252002"/>
      <trkpt lat="47.487163" lon="-121.252013"/>
      <trkpt lat="47.487196" lon="-121.252010"/>
      <trkpt lat="47.487254" lon="-121.251968"/>
      <trkpt lat="47.487266" lon="-121.251922"/>
      <trkpt lat="47.487315" lon="-121.251833"/>
      <trkpt lat="47.487373" lon="-121.251793"/>
      <trkpt lat="47.487386" lon="-121.251780"/>
      <trkpt lat="47.487586" lon="-121.251788"/>
      <trkpt lat="47.487638" lon="-121.251815"/>
      <trkpt lat="47.487709" lon="-121.251820"/>
      <trkpt lat="47.487734" lon="-121.251807"/>
      <trkpt lat="47.487843" lon="-121.251726"/>
      <trkpt lat="47.488019" lon="-121.251715"/>
      <trkpt lat="47.488051" lon="-121.251729"/>
      <trkpt lat="47.488173" lon="-121.251740"/>
      <trkpt lat="47.488223" lon="-121.251740"/>
      <trkpt lat="47.488310" lon="-121.251715"/>
      <trkpt lat="47.488570" lon="-121.251726"/>
      <trkpt lat="47.488653" lon="-121.251748"/>
      <trkpt lat="47.488731" lon="-121.251796"/>
      <trkpt lat="47.488800" lon="-121.251823"/>
      <trkpt lat="47.488845" lon="-121.251858"/>
      <trkpt lat="47.488963" lon="-121.251901"/>
      <trkpt lat="47.489014" lon="-121.251911"/>
      <trkpt lat="47.489124" lon="-121.251919"/>
      <trkpt lat="47.489184" lon="-121.251935"/>
      <trkpt lat="47.489353" lon="-121.251959"/>
      <trkpt lat="47.489454" lon="-121.252000"/>
      <trkpt lat="47.489574" lon="-121.252035"/>
      <trkpt lat="47.489741" lon="-121.252112"/>
      <trkpt lat="47.489842" lon="-121.252115"/>
      <trkpt lat="47.489866" lon="-121.252110"/>
      <trkpt lat="47.490031" lon="-121.252123"/>
      <trkpt lat="47.490092" lon="-121.252150"/>
      <trkpt lat="47.490132" lon="-121.252150"/>
      <trkpt lat="47.490275" lon="-121.252222"/>
      <trkpt lat="47.490406" lon="-121.252276"/>
      <trkpt lat="47.490489" lon="-121.252300"/>
      <trkpt lat="47.490609" lon="-121.252362"/>
      <trkpt lat="47.490699" lon="-121.252378"/>
      <trkpt lat="47.490739" lon="-121.252397"/>
      <trkpt lat="47.490777" lon="-121.252407"/>
      <trkpt lat="47.490824" lon="-121.252413"/>
      <trkpt lat="47.490877" lon="-121.252437"/>
      <trkpt lat="47.490975" lon="-121.252469"/>
      <trkpt lat="47.491114" lon="-121.252473"/>
      <trkpt lat="47.491130" lon="-121.252456"/>
      <trkpt lat="47.491128" lon="-121.252410"/>
      <trkpt lat="47.491089" lon="-121.252362"/>
      <trkpt lat="47.490917" lon="-121.252300"/>
      <trkpt lat="47.490766" lon="-121.252170"/>
      <trkpt lat="47.490721" lon="-121.252155"/>
      <trkpt lat="47.490682" lon="-121.252150"/>
      <trkpt lat="47.490638" lon="-121.252130"/>
      <trkpt lat="47.490542" lon="-121.252039"/>
      <trkpt lat="47.490498" lon="-121.252005"/>
      <trkpt lat="47.490446" lon="-121.251980"/>
      <trkpt lat="47.490313" lon="-121.251901"/>
      <trkpt lat="47.490259" lon="-121.251847"/>
      <trkpt lat="47.490235" lon="-121.251817"/>
      <trkpt lat="47.490206" lon="-121.251796"/>
      <trkpt lat="47.490195" lon="-121.251780"/>
      <trkpt lat="47.490179" lon="-121.251769"/>
      <trkpt lat="47.490112" lon="-121.251750"/>
      <trkpt lat="47.490029" lon="-121.251694"/>
      <trkpt lat="47.489996" lon="-121.251648"/>
      <trkpt lat="47.489947" lon="-121.251600"/>
      <trkpt lat="47.489936" lon="-121.251584"/>
      <trkpt lat="47.489887" lon="-121.251544"/>
      <trkpt lat="47.489759" lon="-121.251503"/>
      <trkpt lat="47.489724" lon="-121.251482"/>
      <trkpt lat="47.489612" lon="-121.251391"/>
      <trkpt lat="47.489552" lon="-121.251378"/>
      <trkpt lat="47.489427" lon="-121.251324"/>
      <trkpt lat="47.489384" lon="-121.251289"/>
      <trkpt lat="47.489340" lon="-121.251235"/>
      <trkpt lat="47.489331" lon="-121.251216"/>
      <trkpt lat="47.489298" lon="-121.251179"/>
      <trkpt lat="47.489184" lon="-121.251171"/>
      <trkpt lat="47.489088" lon="-121.251139"/>
      <trkpt lat="47.488988" lon="-121.251085"/>
      <trkpt lat="47.488736" lon="-121.250919"/>
      <trkpt lat="47.488697" lon="-121.250887"/>
      <trkpt lat="47.488633" lon="-121.250884"/>
      <trkpt lat="47.488562" lon="-121.250868"/>
      <trkpt lat="47.488555" lon="-121.250849"/>
      <trkpt lat="47.488561" lon="-121.250828"/>
      <trkpt lat="47.488577" lon="-121.250820"/>
      <trkpt lat="47.488610" lon="-121.250817"/>
      <trkpt lat="47.488664" lon="-121.250804"/>
      <trkpt lat="47.488742" lon="-121.250814"/>
      <trkpt lat="47.488843" lon="-121.250871"/>
      <trkpt lat="47.488934" lon="-121.250881"/>
      <trkpt lat="47.489211" lon="-121.250892"/>
      <trkpt lat="47.489258" lon="-121.250876"/>
      <trkpt lat="47.489327" lon="-121.250876"/>
      <trkpt lat="47.489402" lon="-121.250887"/>
      <trkpt lat="47.489432" lon="-121.250903"/>
      <trkpt lat="47.489552" lon="-121.250935"/>
      <trkpt lat="47.490078" lon="-121.250973"/>
      <trkpt lat="47.490378" lon="-121.251061"/>
      <trkpt lat="47.490451" lon="-121.251096"/>
      <trkpt lat="47.490502" lon="-121.251107"/>
      <trkpt lat="47.490580" lon="-121.251112"/>
      <trkpt lat="47.490645" lon="-121.251144"/>
      <trkpt lat="47.490705" lon="-121.251158"/>
      <trkpt lat="47.490737" lon="-121.251182"/>
      <trkpt lat="47.490841" lon="-121.251241"/>
      <trkpt lat="47.490868" lon="-121.251270"/>
      <trkpt lat="47.490946" lon="-121.251313"/>
      <trkpt lat="47.491040" lon="-121.251316"/>
      <trkpt lat="47.491111" lon="-121.251343"/>
      <trkpt lat="47.491167" lon="-121.251351"/>
      <trkpt lat="47.491265" lon="-121.251407"/>
      <trkpt lat="47.491344" lon="-121.251423"/>
      <trkpt lat="47.491602" lon="-121.251496"/>
      <trkpt lat="47.491785" lon="-121.251533"/>
      <trkpt lat="47.491821" lon="-121.251533"/>
      <trkpt lat="47.491821" lon="-121.251493"/>
      <trkpt lat="47.491799" lon="-121.251461"/>
      <trkpt lat="47.491707" lon="-121.251394"/>
      <trkpt lat="47.491605" lon="-121.251343"/>
      <trkpt lat="47.491486" lon="-121.251270"/>
      <trkpt lat="47.491343" lon="-121.251206"/>
      <trkpt lat="47.491328" lon="-121.251203"/>
      <trkpt lat="47.491263" lon="-121.251171"/>
      <trkpt lat="47.491227" lon="-121.251144"/>
      <trkpt lat="47.491158" lon="-121.251117"/>
      <trkpt lat="47.491100" lon="-121.251069"/>
      <trkpt lat="47.491054" lon="-121.251042"/>
      <trkpt lat="47.490966" lon="-121.250973"/>
      <trkpt lat="47.490922" lon="-121.250959"/>
      <trkpt lat="47.490846" lon="-121.250903"/>
      <trkpt lat="47.490799" lon="-121.250852"/>
      <trkpt lat="47.490630" lon="-121.250720"/>
      <trkpt lat="47.490583" lon="-121.250648"/>
      <trkpt lat="47.490485" lon="-121.250567"/>
      <trkpt lat="47.490431" lon="-121.250541"/>
      <trkpt lat="47.490331" lon="-121.250471"/>
      <trkpt lat="47.490239" lon="-121.250433"/>
      <trkpt lat="47.490117" lon="-121.250329"/>
      <trkpt lat="47.490067" lon="-121.250313"/>
      <trkpt lat="47.489983" lon="-121.250262"/>
      <trkpt lat="47.489670" lon="-121.250031"/>
      <trkpt lat="47.489655" lon="-121.250028"/>
      <trkpt lat="47.489646" lon="-121.250020"/>
      <trkpt lat="47.489530" lon="-121.249988"/>
      <trkpt lat="47.489476" lon="-121.249956"/>
      <trkpt lat="47.489441" lon="-121.249943"/>
      <trkpt lat="47.489358" lon="-121.249875"/>
      <trkpt lat="47.489211" lon="-121.249862"/>
      <trkpt lat="47.489181" lon="-121.249851"/>
      <trkpt lat="47.489072" lon="-121.249798"/>
      <trkpt lat="47.488936" lon="-121.249787"/>
      <trkpt lat="47.488869" lon="-121.249747"/>
      <trkpt lat="47.488804" lon="-121.249690"/>
      <trkpt lat="47.488709" lon="-121.249599"/>
      <trkpt lat="47.488655" lon="-121.249594"/>
      <trkpt lat="47.488595" lon="-121.249564"/>
      <trkpt lat="47.488528" lon="-121.249551"/>
      <trkpt lat="47.488495" lon="-121.249538"/>
      <trkpt lat="47.488388" lon="-121.249511"/>
      <trkpt lat="47.488272" lon="-121.249454"/>
      <trkpt lat="47.488249" lon="-121.249438"/>
      <trkpt lat="47.488218" lon="-121.249433"/>
      <trkpt lat="47.488106" lon="-121.249395"/>
      <trkpt lat="47.488028" lon="-121.249390"/>
      <trkpt lat="47.487997" lon="-121.249371"/>
      <trkpt lat="47.487948" lon="-121.249369"/>
      <trkpt lat="47.487917" lon="-121.249352"/>
      <trkpt lat="47.487885" lon="-121.249350"/>
      <trkpt lat="47.487823" lon="-121.249371"/>
      <trkpt lat="47.487792" lon="-121.249371"/>
      <trkpt lat="47.487745" lon="-121.249350"/>
      <trkpt lat="47.487738" lon="-121.249328"/>
      <trkpt lat="47.487745" lon="-121.249307"/>
      <trkpt lat="47.487783" lon="-121.249293"/>
      <trkpt lat="47.487814" lon="-121.249275"/>
      <trkpt lat="47.487946" lon="-121.249275"/>
      <trkpt lat="47.487988" lon="-121.249245"/>
      <trkpt lat="47.488024" lon="-121.249237"/>
      <trkpt lat="47.488253" lon="-121.249218"/>
      <trkpt lat="47.488343" lon="-121.249205"/>
      <trkpt lat="47.488468" lon="-121.249200"/>
      <trkpt lat="47.488620" lon="-121.249218"/>
      <trkpt lat="47.488702" lon="-121.249189"/>
      <trkpt lat="47.488778" lon="-121.249173"/>
      <trkpt lat="47.488840" lon="-121.249173"/>
      <trkpt lat="47.488887" lon="-121.249194"/>
      <trkpt lat="47.488943" lon="-121.249229"/>
      <trkpt lat="47.488994" lon="-121.249234"/>
      <trkpt lat="47.489097" lon="-121.249218"/>
      <trkpt lat="47.489128" lon="-121.249205"/>
      <trkpt lat="47.489240" lon="-121.249173"/>
      <trkpt lat="47.489342" lon="-121.249167"/>
      <trkpt lat="47.489389" lon="-121.249151"/>
      <trkpt lat="47.489460" lon="-121.249151"/>
      <trkpt lat="47.489655" lon="-121.249216"/>
      <trkpt lat="47.489831" lon="-121.249296"/>
      <trkpt lat="47.490001" lon="-121.249309"/>
      <trkpt lat="47.490038" lon="-121.249318"/>
      <trkpt lat="47.490070" lon="-121.249336"/>
      <trkpt lat="47.490250" lon="-121.249387"/>
      <trkpt lat="47.490350" lon="-121.249452"/>
      <trkpt lat="47.490413" lon="-121.249500"/>
      <trkpt lat="47.490464" lon="-121.249503"/>
      <trkpt lat="47.490465" lon="-121.249481"/>
      <trkpt lat="47.490460" lon="-121.249462"/>
      <trkpt lat="47.490440" lon="-121.249430"/>
      <trkpt lat="47.490378" lon="-121.249385"/>
      <trkpt lat="47.490311" lon="-121.249350"/>
      <trkpt lat="47.490261" lon="-121.249301"/>
      <trkpt lat="47.490188" lon="-121.249269"/>
      <trkpt lat="47.490114" lon="-121.249205"/>
      <trkpt lat="47.490051" lon="-121.249175"/>
      <trkpt lat="47.490025" lon="-121.249149"/>
      <trkpt lat="47.489969" lon="-121.249108"/>
      <trkpt lat="47.489920" lon="-121.249089"/>
      <trkpt lat="47.489817" lon="-121.249017"/>
      <trkpt lat="47.489757" lon="-121.248969"/>
      <trkpt lat="47.489630" lon="-121.248907"/>
      <trkpt lat="47.489556" lon="-121.248853"/>
      <trkpt lat="47.489536" lon="-121.248797"/>
      <trkpt lat="47.489505" lon="-121.248744"/>
      <trkpt lat="47.489436" lon="-121.248701"/>
      <trkpt lat="47.489405" lon="-121.248687"/>
      <trkpt lat="47.489247" lon="-121.248684"/>
      <trkpt lat="47.489226" lon="-121.248677"/>
      <trkpt lat="47.489157" lon="-121.248684"/>
      <trkpt lat="47.489110" lon="-121.248668"/>
      <trkpt lat="47.489010" lon="-121.248660"/>
      <trkpt lat="47.488997" lon="-121.248652"/>
      <trkpt lat="47.488930" lon="-121.248559"/>
      <trkpt lat="47.488789" lon="-121.248430"/>
      <trkpt lat="47.488717" lon="-121.248416"/>
      <trkpt lat="47.488631" lon="-121.248448"/>
      <trkpt lat="47.488568" lon="-121.248446"/>
      <trkpt lat="47.488430" lon="-121.248395"/>
      <trkpt lat="47.488401" lon="-121.248368"/>
      <trkpt lat="47.488312" lon="-121.248336"/>
      <trkpt lat="47.488280" lon="-121.248333"/>
      <trkpt lat="47.488251" lon="-121.248314"/>
      <trkpt lat="47.488180" lon="-121.248293"/>
      <trkpt lat="47.488117" lon="-121.248282"/>
      <trkpt lat="47.487921" lon="-121.248277"/>
      <trkpt lat="47.487836" lon="-121.248242"/>
      <trkpt lat="47.487778" lon="-121.248207"/>
      <trkpt lat="47.487725" lon="-121.248196"/>
      <trkpt lat="47.487596" lon="-121.248188"/>
      <trkpt lat="47.487586" lon="-121.248175"/>
      <trkpt lat="47.487538" lon="-121.248154"/>
      <trkpt lat="47.487522" lon="-121.248154"/>
      <trkpt lat="47.487491" lon="-121.248172"/>
      <trkpt lat="47.487446" lon="-121.248180"/>
      <trkpt lat="47.487419" lon="-121.248161"/>
      <trkpt lat="47.487397" lon="-121.248154"/>
      <trkpt lat="47.487134" lon="-121.248154"/>
      <trkpt lat="47.487118" lon="-121.248159"/>
      <trkpt lat="47.487053" lon="-121.248154"/>
      <trkpt lat="47.486966" lon="-121.248170"/>
      <trkpt lat="47.486821" lon="-121.248170"/>
      <trkpt lat="47.486761" lon="-121.248145"/>
      <trkpt lat="47.486734" lon="-121.248127"/>
      <trkpt lat="47.486741" lon="-121.248105"/>
      <trkpt lat="47.486886" lon="-121.248057"/>
      <trkpt lat="47.486976" lon="-121.248038"/>
      <trkpt lat="47.487045" lon="-121.248017"/>
      <trkpt lat="47.487227" lon="-121.247942"/>
      <trkpt lat="47.487279" lon="-121.247915"/>
      <trkpt lat="47.487297" lon="-121.247912"/>
      <trkpt lat="47.487359" lon="-121.247885"/>
      <trkpt lat="47.487428" lon="-121.247877"/>
      <trkpt lat="47.487486" lon="-121.247848"/>
      <trkpt lat="47.487549" lon="-121.247832"/>
      <trkpt lat="47.487602" lon="-121.247810"/>
      <trkpt lat="47.487741" lon="-121.247783"/>
      <trkpt lat="47.487758" lon="-121.247775"/>
      <trkpt lat="47.487866" lon="-121.247767"/>
      <trkpt lat="47.488247" lon="-121.247778"/>
      <trkpt lat="47.488267" lon="-121.247783"/>
      <trkpt lat="47.488541" lon="-121.247778"/>
      <trkpt lat="47.488633" lon="-121.247823"/>
      <trkpt lat="47.488736" lon="-121.247823"/>
      <trkpt lat="47.488778" lon="-121.247791"/>
      <trkpt lat="47.488807" lon="-121.247738"/>
      <trkpt lat="47.488865" lon="-121.247687"/>
      <trkpt lat="47.488918" lon="-121.247679"/>
      <trkpt lat="47.489008" lon="-121.247708"/>
      <trkpt lat="47.489077" lon="-121.247711"/>
      <trkpt lat="47.489217" lon="-121.247759"/>
      <trkpt lat="47.489434" lon="-121.247765"/>
      <trkpt lat="47.489456" lon="-121.247756"/>
      <trkpt lat="47.489534" lon="-121.247746"/>
      <trkpt lat="47.489679" lon="-121.247735"/>
      <trkpt lat="47.489786" lon="-121.247754"/>
      <trkpt lat="47.489858" lon="-121.247797"/>
      <trkpt lat="47.489875" lon="-121.247816"/>
      <trkpt lat="47.489954" lon="-121.247874"/>
      <trkpt lat="47.490036" lon="-121.247944"/>
      <trkpt lat="47.490208" lon="-121.248030"/>
      <trkpt lat="47.490281" lon="-121.248035"/>
      <trkpt lat="47.490404" lon="-121.248060"/>
      <trkpt lat="47.490563" lon="-121.248081"/>
      <trkpt lat="47.490803" lon="-121.248073"/>
      <trkpt lat="47.490819" lon="-121.248062"/>
      <trkpt lat="47.490924" lon="-121.248081"/>
      <trkpt lat="47.491158" lon="-121.248086"/>
      <trkpt lat="47.491214" lon="-121.248100"/>
      <trkpt lat="47.491299" lon="-121.248135"/>
      <trkpt lat="47.491339" lon="-121.248143"/>
      <trkpt lat="47.491461" lon="-121.248202"/>
      <trkpt lat="47.491531" lon="-121.248215"/>
      <trkpt lat="47.491548" lon="-121.248231"/>
      <trkpt lat="47.491582" lon="-121.248250"/>
      <trkpt lat="47.491596" lon="-121.248263"/>
      <trkpt lat="47.491678" lon="-121.248306"/>
      <trkpt lat="47.491763" lon="-121.248344"/>
      <trkpt lat="47.491828" lon="-121.248381"/>
      <trkpt lat="47.491948" lon="-121.248416"/>
      <trkpt lat="47.492002" lon="-121.248419"/>
      <trkpt lat="47.492017" lon="-121.248384"/>
      <trkpt lat="47.491903" lon="-121.248325"/>
      <trkpt lat="47.491836" lon="-121.248306"/>
      <trkpt lat="47.491720" lon="-121.248231"/>
      <trkpt lat="47.491473" lon="-121.248035"/>
      <trkpt lat="47.491413" lon="-121.247998"/>
      <trkpt lat="47.491370" lon="-121.247960"/>
      <trkpt lat="47.491325" lon="-121.247942"/>
      <trkpt lat="47.491234" lon="-121.247888"/>
      <trkpt lat="47.491178" lon="-121.247845"/>
      <trkpt lat="47.491080" lon="-121.247770"/>
      <trkpt lat="47.491040" lon="-121.247719"/>
      <trkpt lat="47.490930" lon="-121.247625"/>
      <trkpt lat="47.490841" lon="-121.247593"/>
      <trkpt lat="47.490672" lon="-121.247555"/>
      <trkpt lat="47.490456" lon="-121.247448"/>
      <trkpt lat="47.490368" lon="-121.247394"/>
      <trkpt lat="47.490069" lon="-121.247166"/>
      <trkpt lat="47.490054" lon="-121.247161"/>
      <trkpt lat="47.490014" lon="-121.247131"/>
      <trkpt lat="47.489945" lon="-121.247062"/>
      <trkpt lat="47.489951" lon="-121.247038"/>
      <trkpt lat="47.490052" lon="-121.247054"/>
      <trkpt lat="47.490114" lon="-121.247083"/>
      <trkpt lat="47.490371" lon="-121.247158"/>
      <trkpt lat="47.490478" lon="-121.247177"/>
      <trkpt lat="47.490560" lon="-121.247212"/>
      <trkpt lat="47.490746" lon="-121.247239"/>
      <trkpt lat="47.490882" lon="-121.247282"/>
      <trkpt lat="47.491287" lon="-121.247480"/>
      <trkpt lat="47.491499" lon="-121.247496"/>
      <trkpt lat="47.491566" lon="-121.247518"/>
      <trkpt lat="47.491622" lon="-121.247529"/>
      <trkpt lat="47.491674" lon="-121.247555"/>
      <trkpt lat="47.491779" lon="-121.247585"/>
      <trkpt lat="47.491863" lon="-121.247630"/>
      <trkpt lat="47.491999" lon="-121.247647"/>
      <trkpt lat="47.492126" lon="-121.247679"/>
      <trkpt lat="47.492455" lon="-121.247703"/>
      <trkpt lat="47.492522" lon="-121.247727"/>
      <trkpt lat="47.492642" lon="-121.247746"/>
      <trkpt lat="47.492657" lon="-121.247762"/>
      <trkpt lat="47.492709" lon="-121.247794"/>
      <trkpt lat="47.492744" lon="-121.247799"/>
      <trkpt lat="47.492802" lon="-121.247821"/>
      <trkpt lat="47.492887" lon="-121.247869"/>
      <trkpt lat="47.492961" lon="-121.247928"/>
      <trkpt lat="47.492977" lon="-121.247947"/>
      <trkpt lat="47.493015" lon="-121.247971"/>
      <trkpt lat="47.493028" lon="-121.247985"/>
      <trkpt lat="47.493050" lon="-121.247992"/>
      <trkpt lat="47.493077" lon="-121.248017"/>
      <trkpt lat="47.493226" lon="-121.248094"/>
      <trkpt lat="47.493282" lon="-121.248105"/>
      <trkpt lat="47.493325" lon="-121.248135"/>
      <trkpt lat="47.493376" lon="-121.248154"/>
      <trkpt lat="47.493476" lon="-121.248215"/>
      <trkpt lat="47.493519" lon="-121.248263"/>
      <trkpt lat="47.493594" lon="-121.248312"/>
      <trkpt lat="47.493646" lon="-121.248373"/>
      <trkpt lat="47.493708" lon="-121.248422"/>
      <trkpt lat="47.493760" lon="-121.248502"/>
      <trkpt lat="47.493835" lon="-121.248569"/>
      <trkpt lat="47.493882" lon="-121.248599"/>
      <trkpt lat="47.493934" lon="-121.248615"/>
      <trkpt lat="47.493991" lon="-121.248677"/>
      <trkpt lat="47.494050" lon="-121.248770"/>
      <trkpt lat="47.494137" lon="-121.248870"/>
      <trkpt lat="47.494279" lon="-121.248971"/>
      <trkpt lat="47.494395" lon="-121.249044"/>
      <trkpt lat="47.494431" lon="-121.249079"/>
      <trkpt lat="47.494496" lon="-121.249127"/>
      <trkpt lat="47.494541" lon="-121.249186"/>
      <trkpt lat="47.494619" lon="-121.249251"/>
      <trkpt lat="47.494636" lon="-121.249245"/>
      <trkpt lat="47.494634" lon="-121.249221"/>
      <trkpt lat="47.494608" lon="-121.249162"/>
      <trkpt lat="47.494507" lon="-121.249028"/>
      <trkpt lat="47.494494" lon="-121.249017"/>
      <trkpt lat="47.494469" lon="-121.248966"/>
      <trkpt lat="47.494440" lon="-121.248923"/>
      <trkpt lat="47.494415" lon="-121.248896"/>
      <trkpt lat="47.494386" lon="-121.248843"/>
      <trkpt lat="47.494353" lon="-121.248797"/>
      <trkpt lat="47.494324" lon="-121.248768"/>
      <trkpt lat="47.494304" lon="-121.248735"/>
      <trkpt lat="47.494277" lon="-121.248682"/>
      <trkpt lat="47.494261" lon="-121.248639"/>
      <trkpt lat="47.494248" lon="-121.248620"/>
      <trkpt lat="47.494188" lon="-121.248451"/>
      <trkpt lat="47.494184" lon="-121.248427"/>
      <trkpt lat="47.494172" lon="-121.248387"/>
      <trkpt lat="47.494161" lon="-121.248371"/>
      <trkpt lat="47.494139" lon="-121.248312"/>
      <trkpt lat="47.494016" lon="-121.248266"/>
      <trkpt lat="47.493976" lon="-121.248231"/>
      <trkpt lat="47.493969" lon="-121.248212"/>
      <trkpt lat="47.493978" lon="-121.248196"/>
      <trkpt lat="47.494085" lon="-121.248231"/>
      <trkpt lat="47.494116" lon="-121.248226"/>
      <trkpt lat="47.494152" lon="-121.248229"/>
      <trkpt lat="47.494219" lon="-121.248250"/>
      <trkpt lat="47.494257" lon="-121.248298"/>
      <trkpt lat="47.494293" lon="-121.248376"/>
      <trkpt lat="47.494342" lon="-121.248513"/>
      <trkpt lat="47.494387" lon="-121.248585"/>
      <trkpt lat="47.494431" lon="-121.248634"/>
      <trkpt lat="47.494507" lon="-121.248682"/>
      <trkpt lat="47.494643" lon="-121.248719"/>
      <trkpt lat="47.494781" lon="-121.248816"/>
      <trkpt lat="47.494821" lon="-121.248867"/>
      <trkpt lat="47.494864" lon="-121.248904"/>
      <trkpt lat="47.494904" lon="-121.248974"/>
      <trkpt lat="47.494967" lon="-121.249031"/>
      <trkpt lat="47.495031" lon="-121.249122"/>
      <trkpt lat="47.495078" lon="-121.249181"/>
      <trkpt lat="47.495094" lon="-121.249194"/>
      <trkpt lat="47.495116" lon="-121.249232"/>
      <trkpt lat="47.495168" lon="-121.249291"/>
      <trkpt lat="47.495219" lon="-121.249360"/>
      <trkpt lat="47.495272" lon="-121.249409"/>
      <trkpt lat="47.495391" lon="-121.249540"/>
      <trkpt lat="47.495442" lon="-121.249562"/>
      <trkpt lat="47.495478" lon="-121.249570"/>
      <trkpt lat="47.495556" lon="-121.249613"/>
      <trkpt lat="47.495587" lon="-121.249637"/>
      <trkpt lat="47.495683" lon="-121.249680"/>
      <trkpt lat="47.495768" lon="-121.249701"/>
      <trkpt lat="47.495790" lon="-121.249701"/>
      <trkpt lat="47.495810" lon="-121.249688"/>
      <trkpt lat="47.495844" lon="-121.249680"/>
      <trkpt lat="47.495844" lon="-121.249656"/>
      <trkpt lat="47.495815" lon="-121.249580"/>
      <trkpt lat="47.495785" lon="-121.249529"/>
      <trkpt lat="47.495739" lon="-121.249476"/>
      <trkpt lat="47.495723" lon="-121.249436"/>
      <trkpt lat="47.495703" lon="-121.249403"/>
      <trkpt lat="47.495672" lon="-121.249379"/>
      <trkpt lat="47.495598" lon="-121.249277"/>
      <trkpt lat="47.495529" lon="-121.249226"/>
      <trkpt lat="47.495515" lon="-121.249221"/>
      <trkpt lat="47.495467" lon="-121.249178"/>
      <trkpt lat="47.495437" lon="-121.249162"/>
      <trkpt lat="47.495346" lon="-121.249076"/>
      <trkpt lat="47.495274" lon="-121.248974"/>
      <trkpt lat="47.495252" lon="-121.248937"/>
      <trkpt lat="47.495074" lon="-121.248711"/>
      <trkpt lat="47.494962" lon="-121.248529"/>
      <trkpt lat="47.494889" lon="-121.248357"/>
      <trkpt lat="47.494839" lon="-121.248266"/>
      <trkpt lat="47.494802" lon="-121.248180"/>
      <trkpt lat="47.494810" lon="-121.248137"/>
      <trkpt lat="47.494860" lon="-121.248170"/>
      <trkpt lat="47.494878" lon="-121.248207"/>
      <trkpt lat="47.494900" lon="-121.248288"/>
      <trkpt lat="47.494918" lon="-121.248320"/>
      <trkpt lat="47.494933" lon="-121.248357"/>
      <trkpt lat="47.494973" lon="-121.248427"/>
      <trkpt lat="47.495027" lon="-121.248481"/>
      <trkpt lat="47.495111" lon="-121.248534"/>
      <trkpt lat="47.495132" lon="-121.248561"/>
      <trkpt lat="47.495187" lon="-121.248599"/>
      <trkpt lat="47.495245" lon="-121.248626"/>
      <trkpt lat="47.495303" lon="-121.248674"/>
      <trkpt lat="47.495364" lon="-121.248695"/>
      <trkpt lat="47.495448" lon="-121.248738"/>
      <trkpt lat="47.495549" lon="-121.248808"/>
      <trkpt lat="47.495614" lon="-121.248824"/>
      <trkpt lat="47.495748" lon="-121.248910"/>
      <trkpt lat="47.495832" lon="-121.248953"/>
      <trkpt lat="47.495890" lon="-121.248974"/>
      <trkpt lat="47.495962" lon="-121.249028"/>
      <trkpt lat="47.495984" lon="-121.249055"/>
      <trkpt lat="47.496140" lon="-121.249200"/>
      <trkpt lat="47.496263" lon="-121.249269"/>
      <trkpt lat="47.496296" lon="-121.249275"/>
      <trkpt lat="47.496321" lon="-121.249253"/>
      <trkpt lat="47.496307" lon="-121.249205"/>
      <trkpt lat="47.496278" lon="-121.249162"/>
      <trkpt lat="47.496223" lon="-121.249098"/>
      <trkpt lat="47.496194" lon="-121.249076"/>
      <trkpt lat="47.496096" lon="-121.248926"/>
      <trkpt lat="47.496057" lon="-121.248846"/>
      <trkpt lat="47.496002" lon="-121.248781"/>
      <trkpt lat="47.495941" lon="-121.248733"/>
      <trkpt lat="47.495908" lon="-121.248722"/>
      <trkpt lat="47.495846" lon="-121.248684"/>
      <trkpt lat="47.495821" lon="-121.248658"/>
      <trkpt lat="47.495698" lon="-121.248572"/>
      <trkpt lat="47.495640" lon="-121.248524"/>
      <trkpt lat="47.495556" lon="-121.248427"/>
      <trkpt lat="47.495466" lon="-121.248347"/>
      <trkpt lat="47.495422" lon="-121.248288"/>
      <trkpt lat="47.495390" lon="-121.248202"/>
      <trkpt lat="47.495382" lon="-121.248148"/>
      <trkpt lat="47.495335" lon="-121.248068"/>
      <trkpt lat="47.495324" lon="-121.248019"/>
      <trkpt lat="47.495266" lon="-121.247896"/>
      <trkpt lat="47.495245" lon="-121.247864"/>
      <trkpt lat="47.495212" lon="-121.247853"/>
      <trkpt lat="47.495179" lon="-121.247826"/>
      <trkpt lat="47.495147" lon="-121.247778"/>
      <trkpt lat="47.495063" lon="-121.247698"/>
      <trkpt lat="47.495034" lon="-121.247676"/>
      <trkpt lat="47.495013" lon="-121.247644"/>
      <trkpt lat="47.494904" lon="-121.247520"/>
      <trkpt lat="47.494875" lon="-121.247499"/>
      <trkpt lat="47.494799" lon="-121.247456"/>
      <trkpt lat="47.494741" lon="-121.247413"/>
      <trkpt lat="47.494712" lon="-121.247381"/>
      <trkpt lat="47.494560" lon="-121.247279"/>
      <trkpt lat="47.494498" lon="-121.247252"/>
      <trkpt lat="47.494440" lon="-121.247236"/>
      <trkpt lat="47.494378" lon="-121.247204"/>
      <trkpt lat="47.494349" lon="-121.247182"/>
      <trkpt lat="47.494194" lon="-121.247000"/>
      <trkpt lat="47.494125" lon="-121.246898"/>
      <trkpt lat="47.494096" lon="-121.246877"/>
      <trkpt lat="47.494045" lon="-121.246818"/>
      <trkpt lat="47.494020" lon="-121.246780"/>
      <trkpt lat="47.493991" lon="-121.246759"/>
      <trkpt lat="47.493936" lon="-121.246705"/>
      <trkpt lat="47.493918" lon="-121.246662"/>
      <trkpt lat="47.493918" lon="-121.246614"/>
      <trkpt lat="47.493951" lon="-121.246614"/>
      <trkpt lat="47.494012" lon="-121.246630"/>
      <trkpt lat="47.494059" lon="-121.246684"/>
      <trkpt lat="47.494078" lon="-121.246716"/>
      <trkpt lat="47.494099" lon="-121.246743"/>
      <trkpt lat="47.494128" lon="-121.246764"/>
      <trkpt lat="47.494270" lon="-121.246925"/>
      <trkpt lat="47.494342" lon="-121.246995"/>
      <trkpt lat="47.494444" lon="-121.247059"/>
      <trkpt lat="47.494574" lon="-121.247081"/>
      <trkpt lat="47.494632" lon="-121.247102"/>
      <trkpt lat="47.494694" lon="-121.247102"/>
      <trkpt lat="47.494777" lon="-121.247129"/>
      <trkpt lat="47.494806" lon="-121.247145"/>
      <trkpt lat="47.494871" lon="-121.247166"/>
      <trkpt lat="47.494926" lon="-121.247204"/>
      <trkpt lat="47.494955" lon="-121.247215"/>
      <trkpt lat="47.494976" lon="-121.247236"/>
      <trkpt lat="47.495034" lon="-121.247252"/>
      <trkpt lat="47.495092" lon="-121.247290"/>
      <trkpt lat="47.495154" lon="-121.247349"/>
      <trkpt lat="47.495183" lon="-121.247424"/>
      <trkpt lat="47.495201" lon="-121.247456"/>
      <trkpt lat="47.495227" lon="-121.247478"/>
      <trkpt lat="47.495295" lon="-121.247504"/>
      <trkpt lat="47.495324" lon="-121.247504"/>
      <trkpt lat="47.495350" lon="-121.247515"/>
      <trkpt lat="47.495448" lon="-121.247601"/>
      <trkpt lat="47.495549" lon="-121.247676"/>
      <trkpt lat="47.495607" lon="-121.247708"/>
      <trkpt lat="47.495626" lon="-121.247740"/>
      <trkpt lat="47.495720" lon="-121.247789"/>
      <trkpt lat="47.495771" lon="-121.247828"/>
      <trkpt lat="47.495849" lon="-121.247906"/>
      <trkpt lat="47.495959" lon="-121.247928"/>
      <trkpt lat="47.496062" lon="-121.247922"/>
      <trkpt lat="47.496149" lon="-121.247908"/>
      <trkpt lat="47.496231" lon="-121.247907"/>
      <trkpt lat="47.496237" lon="-121.247923"/>
      <trkpt lat="47.496237" lon="-121.247956"/>
      <trkpt lat="47.496250" lon="-121.247998"/>
      <trkpt lat="47.496316" lon="-121.248101"/>
      <trkpt lat="47.496474" lon="-121.248267"/>
      <trkpt lat="47.496538" lon="-121.248273"/>
      <trkpt lat="47.496591" lon="-121.248285"/>
      <trkpt lat="47.496657" lon="-121.248276"/>
      <trkpt lat="47.496717" lon="-121.248262"/>
      <trkpt lat="47.496833" lon="-121.248180"/>
      <trkpt lat="47.496875" lon="-121.248176"/>
      <trkpt lat="47.496910" lon="-121.248180"/>
      <trkpt lat="47.496955" lon="-121.248210"/>
      <trkpt lat="47.497011" lon="-121.248235"/>
      <trkpt lat="47.497262" lon="-121.248270"/>
      <trkpt lat="47.497315" lon="-121.248272"/>
      <trkpt lat="47.497388" lon="-121.248262"/>
      <trkpt lat="47.497585" lon="-121.248276"/>
      <trkpt lat="47.497750" lon="-121.248325"/>
      <trkpt lat="47.497792" lon="-121.248329"/>
      <trkpt lat="47.497852" lon="-121.248348"/>
      <trkpt lat="47.497885" lon="-121.248349"/>
      <trkpt lat="47.497933" lon="-121.248341"/>
      <trkpt lat="47.497982" lon="-121.248322"/>
      <trkpt lat="47.498086" lon="-121.248333"/>
      <trkpt lat="47.498207" lon="-121.248276"/>
      <trkpt lat="47.498376" lon="-121.248253"/>
      <trkpt lat="47.498428" lon="-121.248255"/>
      <trkpt lat="47.498465" lon="-121.248267"/>
      <trkpt lat="47.498513" lon="-121.248268"/>
      <trkpt lat="47.498567" lon="-121.248251"/>
      <trkpt lat="47.498662" lon="-121.248237"/>
      <trkpt lat="47.498779" lon="-121.248243"/>
      <trkpt lat="47.498812" lon="-121.248255"/>
      <trkpt lat="47.498937" lon="-121.248328"/>
      <trkpt lat="47.498946" lon="-121.248317"/>
      <trkpt lat="47.498947" lon="-121.248302"/>
      <trkpt lat="47.498844" lon="-121.248196"/>
      <trkpt lat="47.498807" lon="-121.248172"/>
      <trkpt lat="47.498747" lon="-121.248112"/>
      <trkpt lat="47.498665" lon="-121.248100"/>
      <trkpt lat="47.498422" lon="-121.248021"/>
      <trkpt lat="47.498011" lon="-121.247954"/>
      <trkpt lat="47.497998" lon="-121.247940"/>
      <trkpt lat="47.498010" lon="-121.247928"/>
      <trkpt lat="47.498131" lon="-121.247925"/>
      <trkpt lat="47.498461" lon="-121.247897"/>
      <trkpt lat="47.498774" lon="-121.247781"/>
      <trkpt lat="47.498919" lon="-121.247778"/>
      <trkpt lat="47.499030" lon="-121.247758"/>
      <trkpt lat="47.499228" lon="-121.247618"/>
      <trkpt lat="47.499299" lon="-121.247581"/>
      <trkpt lat="47.499409" lon="-121.247469"/>
      <trkpt lat="47.499440" lon="-121.247385"/>
      <trkpt lat="47.499477" lon="-121.247323"/>
      <trkpt lat="47.499539" lon="-121.247280"/>
      <trkpt lat="47.499647" lon="-121.247163"/>
      <trkpt lat="47.499713" lon="-121.247026"/>
      <trkpt lat="47.499769" lon="-121.246875"/>
      <trkpt lat="47.499805" lon="-121.246762"/>
      <trkpt lat="47.499822" lon="-121.246681"/>
      <trkpt lat="47.499833" lon="-121.246612"/>
      <trkpt lat="47.499827" lon="-121.246535"/>
      <trkpt lat="47.499815" lon="-121.246487"/>
      <trkpt lat="47.499796" lon="-121.246480"/>
      <trkpt lat="47.499774" lon="-121.246505"/>
      <trkpt lat="47.499730" lon="-121.246584"/>
      <trkpt lat="47.499688" lon="-121.246648"/>
      <trkpt lat="47.499620" lon="-121.246719"/>
      <trkpt lat="47.499573" lon="-121.246752"/>
      <trkpt lat="47.499528" lon="-121.246768"/>
      <trkpt lat="47.499501" lon="-121.246799"/>
      <trkpt lat="47.499442" lon="-121.246832"/>
      <trkpt lat="47.499414" lon="-121.246862"/>
      <trkpt lat="47.499375" lon="-121.246878"/>
      <trkpt lat="47.499323" lon="-121.246847"/>
      <trkpt lat="47.499308" lon="-121.246824"/>
      <trkpt lat="47.499297" lon="-121.246747"/>
      <trkpt lat="47.499285" lon="-121.246700"/>
      <trkpt lat="47.499253" lon="-121.246684"/>
      <trkpt lat="47.499228" lon="-121.246692"/>
      <trkpt lat="47.499022" lon="-121.246795"/>
      <trkpt lat="47.498791" lon="-121.246851"/>
      <trkpt lat="47.498768" lon="-121.246816"/>
      <trkpt lat="47.498758" lon="-121.246768"/>
      <trkpt lat="47.498753" lon="-121.246709"/>
      <trkpt lat="47.498715" lon="-121.246607"/>
      <trkpt lat="47.498704" lon="-121.246512"/>
      <trkpt lat="47.498647" lon="-121.246459"/>
      <trkpt lat="47.498570" lon="-121.246439"/>
      <trkpt lat="47.498540" lon="-121.246412"/>
      <trkpt lat="47.498516" lon="-121.246370"/>
      <trkpt lat="47.498497" lon="-121.246307"/>
      <trkpt lat="47.498464" lon="-121.246260"/>
      <trkpt lat="47.498430" lon="-121.246247"/>
      <trkpt lat="47.498400" lon="-121.246225"/>
      <trkpt lat="47.498361" lon="-121.246206"/>
      <trkpt lat="47.498232" lon="-121.246201"/>
      <trkpt lat="47.498202" lon="-121.246183"/>
      <trkpt lat="47.498078" lon="-121.246171"/>
      <trkpt lat="47.498002" lon="-121.246180"/>
      <trkpt lat="47.497962" lon="-121.246161"/>
      <trkpt lat="47.497937" lon="-121.246138"/>
      <trkpt lat="47.497871" lon="-121.246122"/>
      <trkpt lat="47.497795" lon="-121.246144"/>
      <trkpt lat="47.497739" lon="-121.246145"/>
      <trkpt lat="47.497681" lon="-121.246130"/>
      <trkpt lat="47.497643" lon="-121.246117"/>
      <trkpt lat="47.497597" lon="-121.246080"/>
      <trkpt lat="47.497562" lon="-121.246038"/>
      <trkpt lat="47.497551" lon="-121.245991"/>
      <trkpt lat="47.497538" lon="-121.245966"/>
      <trkpt lat="47.497480" lon="-121.245983"/>
      <trkpt lat="47.497427" lon="-121.246018"/>
      <trkpt lat="47.497356" lon="-121.246046"/>
      <trkpt lat="47.497307" lon="-121.246056"/>
      <trkpt lat="47.497286" lon="-121.246040"/>
      <trkpt lat="47.497235" lon="-121.245972"/>
      <trkpt lat="47.497213" lon="-121.245831"/>
      <trkpt lat="47.497167" lon="-121.245778"/>
      <trkpt lat="47.497067" lon="-121.245683"/>
      <trkpt lat="47.497008" lon="-121.245680"/>
      <trkpt lat="47.496982" lon="-121.245690"/>
      <trkpt lat="47.496953" lon="-121.245712"/>
      <trkpt lat="47.496903" lon="-121.245717"/>
      <trkpt lat="47.496827" lon="-121.245672"/>
      <trkpt lat="47.496772" lon="-121.245655"/>
      <trkpt lat="47.496676" lon="-121.245656"/>
      <trkpt lat="47.496616" lon="-121.245676"/>
      <trkpt lat="47.496579" lon="-121.245672"/>
      <trkpt lat="47.496572" lon="-121.245683"/>
      <trkpt lat="47.496555" lon="-121.245672"/>
      <trkpt lat="47.496547" lon="-121.245654"/>
      <trkpt lat="47.496488" lon="-121.245636"/>
      <trkpt lat="47.496451" lon="-121.245603"/>
      <trkpt lat="47.496437" lon="-121.245537"/>
      <trkpt lat="47.496430" lon="-121.245431"/>
      <trkpt lat="47.496373" lon="-121.245251"/>
      <trkpt lat="47.496363" lon="-121.245188"/>
      <trkpt lat="47.496342" lon="-121.245129"/>
      <trkpt lat="47.496319" lon="-121.245084"/>
      <trkpt lat="47.496228" lon="-121.245066"/>
      <trkpt lat="47.496148" lon="-121.244995"/>
      <trkpt lat="47.496009" lon="-121.244739"/>
      <trkpt lat="47.495929" lon="-121.244633"/>
      <trkpt lat="47.495866" lon="-121.244531"/>
      <trkpt lat="47.495818" lon="-121.244422"/>
      <trkpt lat="47.495797" lon="-121.244292"/>
      <trkpt lat="47.495758" lon="-121.244213"/>
      <trkpt lat="47.495719" lon="-121.244109"/>
      <trkpt lat="47.495700" lon="-121.244005"/>
      <trkpt lat="47.495660" lon="-121.243842"/>
      <trkpt lat="47.495629" lon="-121.243742"/>
      <trkpt lat="47.495521" lon="-121.243533"/>
      <trkpt lat="47.495493" lon="-121.243442"/>
      <trkpt lat="47.495390" lon="-121.243156"/>
      <trkpt lat="47.495388" lon="-121.243084"/>
      <trkpt lat="47.495405" lon="-121.242853"/>
      <trkpt lat="47.495425" lon="-121.242743"/>
      <trkpt lat="47.495477" lon="-121.242563"/>
      <trkpt lat="47.495508" lon="-121.242515"/>
      <trkpt lat="47.495609" lon="-121.242416"/>
      <trkpt lat="47.495678" lon="-121.242282"/>
      <trkpt lat="47.495708" lon="-121.242196"/>
      <trkpt lat="47.495729" lon="-121.242065"/>
      <trkpt lat="47.495752" lon="-121.241952"/>
      <trkpt lat="47.495828" lon="-121.241863"/>
      <trkpt lat="47.495911" lon="-121.241832"/>
      <trkpt lat="47.495950" lon="-121.241769"/>
      <trkpt lat="47.495988" lon="-121.241721"/>
      <trkpt lat="47.496035" lon="-121.241649"/>
      <trkpt lat="47.496124" lon="-121.241532"/>
      <trkpt lat="47.496153" lon="-121.241511"/>
      <trkpt lat="47.496221" lon="-121.241527"/>
      <trkpt lat="47.496294" lon="-121.241490"/>
      <trkpt lat="47.496406" lon="-121.241463"/>
      <trkpt lat="47.496445" lon="-121.241427"/>
      <trkpt lat="47.496476" lon="-121.241361"/>
      <trkpt lat="47.496498" lon="-121.241331"/>
      <trkpt lat="47.496538" lon="-121.241341"/>
      <trkpt lat="47.496695" lon="-121.241315"/>
      <trkpt lat="47.496748" lon="-121.241319"/>
      <trkpt lat="47.496790" lon="-121.241286"/>
      <trkpt lat="47.496865" lon="-121.241166"/>
      <trkpt lat="47.496857" lon="-121.241147"/>
      <trkpt lat="47.496901" lon="-121.241067"/>
      <trkpt lat="47.496975" lon="-121.241013"/>
      <trkpt lat="47.497028" lon="-121.240938"/>
      <trkpt lat="47.497039" lon="-121.240844"/>
      <trkpt lat="47.497100" lon="-121.240635"/>
      <trkpt lat="47.497097" lon="-121.240477"/>
      <trkpt lat="47.497091" lon="-121.240410"/>
      <trkpt lat="47.496993" lon="-121.240123"/>
      <trkpt lat="47.496953" lon="-121.239992"/>
      <trkpt lat="47.496903" lon="-121.239509"/>
      <trkpt lat="47.496852" lon="-121.239291"/>
      <trkpt lat="47.496845" lon="-121.239045"/>
      <trkpt lat="47.496830" lon="-121.238841"/>
      <trkpt lat="47.496803" lon="-121.238698"/>
      <trkpt lat="47.496702" lon="-121.238479"/>
      <trkpt lat="47.496664" lon="-121.238307"/>
      <trkpt lat="47.496676" lon="-121.238283"/>
      <trkpt lat="47.496789" lon="-121.238267"/>
      <trkpt lat="47.496821" lon="-121.238253"/>
      <trkpt lat="47.496968" lon="-121.238087"/>
      <trkpt lat="47.497015" lon="-121.238028"/>
      <trkpt lat="47.497057" lon="-121.237993"/>
      <trkpt lat="47.497120" lon="-121.237992"/>
      <trkpt lat="47.497198" lon="-121.238031"/>
      <trkpt lat="47.497321" lon="-121.238034"/>
      <trkpt lat="47.497443" lon="-121.238106"/>
      <trkpt lat="47.497539" lon="-121.238154"/>
      <trkpt lat="47.497680" lon="-121.238258"/>
      <trkpt lat="47.497742" lon="-121.238291"/>
      <trkpt lat="47.497878" lon="-121.238280"/>
      <trkpt lat="47.497977" lon="-121.238285"/>
      <trkpt lat="47.498023" lon="-121.238328"/>
      <trkpt lat="47.498080" lon="-121.238422"/>
      <trkpt lat="47.498144" lon="-121.238439"/>
      <trkpt lat="47.498347" lon="-121.238440"/>
      <trkpt lat="47.498400" lon="-121.238446"/>
      <trkpt lat="47.498438" lon="-121.238412"/>
      <trkpt lat="47.498548" lon="-121.238406"/>
      <trkpt lat="47.498607" lon="-121.238358"/>
      <trkpt lat="47.498650" lon="-121.238286"/>
      <trkpt lat="47.498684" lon="-121.238208"/>
      <trkpt lat="47.498695" lon="-121.238165"/>
      <trkpt lat="47.498722" lon="-121.238125"/>
      <trkpt lat="47.498776" lon="-121.238127"/>
      <trkpt lat="47.498842" lon="-121.238181"/>
      <trkpt lat="47.498903" lon="-121.238197"/>
      <trkpt lat="47.498956" lon="-121.238237"/>
      <trkpt lat="47.499003" lon="-121.238259"/>
      <trkpt lat="47.499043" lon="-121.238240"/>
      <trkpt lat="47.499201" lon="-121.237985"/>
      <trkpt lat="47.499222" lon="-121.237932"/>
      <trkpt lat="47.499306" lon="-121.237840"/>
      <trkpt lat="47.499308" lon="-121.237787"/>
      <trkpt lat="47.499335" lon="-121.237717"/>
      <trkpt lat="47.499389" lon="-121.237671"/>
      <trkpt lat="47.499501" lon="-121.237502"/>
      <trkpt lat="47.499530" lon="-121.237390"/>
      <trkpt lat="47.499612" lon="-121.237352"/>
      <trkpt lat="47.499639" lon="-121.237291"/>
      <trkpt lat="47.499663" lon="-121.237180"/>
      <trkpt lat="47.499675" lon="-121.237038"/>
      <trkpt lat="47.499668" lon="-121.236939"/>
      <trkpt lat="47.499688" lon="-121.236915"/>
      <trkpt lat="47.499741" lon="-121.236910"/>
      <trkpt lat="47.499762" lon="-121.236869"/>
      <trkpt lat="47.499759" lon="-121.236794"/>
      <trkpt lat="47.499737" lon="-121.236711"/>
      <trkpt lat="47.499730" lon="-121.236639"/>
      <trkpt lat="47.499733" lon="-121.236596"/>
      <trkpt lat="47.499746" lon="-121.236569"/>
      <trkpt lat="47.499784" lon="-121.236551"/>
      <trkpt lat="47.499828" lon="-121.236569"/>
      <trkpt lat="47.499895" lon="-121.236580"/>
      <trkpt lat="47.499945" lon="-121.236557"/>
      <trkpt lat="47.499967" lon="-121.236540"/>
      <trkpt lat="47.499982" lon="-121.236440"/>
      <trkpt lat="47.500007" lon="-121.236371"/>
      <trkpt lat="47.500096" lon="-121.236261"/>
      <trkpt lat="47.500143" lon="-121.236247"/>
      <trkpt lat="47.500288" lon="-121.236250"/>
      <trkpt lat="47.500427" lon="-121.236263"/>
      <trkpt lat="47.500581" lon="-121.236263"/>
      <trkpt lat="47.500641" lon="-121.236253"/>
      <trkpt lat="47.500667" lon="-121.236207"/>
      <trkpt lat="47.500688" lon="-121.236137"/>
      <trkpt lat="47.500724" lon="-121.236075"/>
      <trkpt lat="47.500764" lon="-121.236046"/>
      <trkpt lat="47.500817" lon="-121.236024"/>
      <trkpt lat="47.500898" lon="-121.236027"/>
      <trkpt lat="47.501033" lon="-121.235979"/>
      <trkpt lat="47.501150" lon="-121.235944"/>
      <trkpt lat="47.501212" lon="-121.235896"/>
      <trkpt lat="47.501266" lon="-121.235813"/>
      <trkpt lat="47.501290" lon="-121.235740"/>
      <trkpt lat="47.501317" lon="-121.235740"/>
      <trkpt lat="47.501384" lon="-121.235799"/>
      <trkpt lat="47.501469" lon="-121.235802"/>
      <trkpt lat="47.501571" lon="-121.235748"/>
      <trkpt lat="47.501656" lon="-121.235727"/>
      <trkpt lat="47.501717" lon="-121.235705"/>
      <trkpt lat="47.501826" lon="-121.235695"/>
      <trkpt lat="47.502029" lon="-121.235719"/>
      <trkpt lat="47.502158" lon="-121.235713"/>
      <trkpt lat="47.502236" lon="-121.235686"/>
      <trkpt lat="47.502300" lon="-121.235653"/>
      <trkpt lat="47.502337" lon="-121.235652"/>
      <trkpt lat="47.502460" lon="-121.235713"/>
      <trkpt lat="47.502555" lon="-121.235727"/>
      <trkpt lat="47.502589" lon="-121.235713"/>
      <trkpt lat="47.502622" lon="-121.235579"/>
      <trkpt lat="47.502636" lon="-121.235547"/>
      <trkpt lat="47.502663" lon="-121.235561"/>
      <trkpt lat="47.502774" lon="-121.235858"/>
      <trkpt lat="47.502839" lon="-121.235971"/>
      <trkpt lat="47.502912" lon="-121.236053"/>
      <trkpt lat="47.502941" lon="-121.236113"/>
      <trkpt lat="47.502966" lon="-121.236328"/>
      <trkpt lat="47.502999" lon="-121.236389"/>
      <trkpt lat="47.503058" lon="-121.236483"/>
      <trkpt lat="47.503104" lon="-121.236590"/>
      <trkpt lat="47.503131" lon="-121.236709"/>
      <trkpt lat="47.503160" lon="-121.236945"/>
      <trkpt lat="47.503187" lon="-121.237084"/>
      <trkpt lat="47.503243" lon="-121.237231"/>
      <trkpt lat="47.503283" lon="-121.237366"/>
      <trkpt lat="47.503328" lon="-121.237448"/>
      <trkpt lat="47.503375" lon="-121.237467"/>
      <trkpt lat="47.503430" lon="-121.237467"/>
      <trkpt lat="47.503464" lon="-121.237462"/>
      <trkpt lat="47.503495" lon="-121.237433"/>
      <trkpt lat="47.503526" lon="-121.237366"/>
      <trkpt lat="47.503572" lon="-121.237321"/>
      <trkpt lat="47.503609" lon="-121.237299"/>
      <trkpt lat="47.503627" lon="-121.237261"/>
      <trkpt lat="47.503638" lon="-121.237089"/>
      <trkpt lat="47.503718" lon="-121.236860"/>
      <trkpt lat="47.503774" lon="-121.236837"/>
      <trkpt lat="47.503825" lon="-121.236861"/>
      <trkpt lat="47.503932" lon="-121.236835"/>
      <trkpt lat="47.503961" lon="-121.236792"/>
      <trkpt lat="47.503975" lon="-121.236762"/>
      <trkpt lat="47.503991" lon="-121.236695"/>
      <trkpt lat="47.503981" lon="-121.236617"/>
      <trkpt lat="47.503926" lon="-121.236408"/>
      <trkpt lat="47.503917" lon="-121.236311"/>
      <trkpt lat="47.503899" lon="-121.236228"/>
      <trkpt lat="47.503847" lon="-121.236159"/>
      <trkpt lat="47.503828" lon="-121.236075"/>
      <trkpt lat="47.503827" lon="-121.235960"/>
      <trkpt lat="47.503778" lon="-121.235780"/>
      <trkpt lat="47.503771" lon="-121.235700"/>
      <trkpt lat="47.503783" lon="-121.235579"/>
      <trkpt lat="47.503778" lon="-121.235485"/>
      <trkpt lat="47.503760" lon="-121.235363"/>
      <trkpt lat="47.503732" lon="-121.235260"/>
      <trkpt lat="47.503680" lon="-121.235099"/>
      <trkpt lat="47.503582" lon="-121.234906"/>
      <trkpt lat="47.503562" lon="-121.234823"/>
      <trkpt lat="47.503555" lon="-121.234649"/>
      <trkpt lat="47.503555" lon="-121.234549"/>
      <trkpt lat="47.503517" lon="-121.234383"/>
      <trkpt lat="47.503477" lon="-121.234101"/>
      <trkpt lat="47.503477" lon="-121.233975"/>
      <trkpt lat="47.503488" lon="-121.233771"/>
      <trkpt lat="47.503482" lon="-121.233672"/>
      <trkpt lat="47.503461" lon="-121.233600"/>
      <trkpt lat="47.503426" lon="-121.233543"/>
      <trkpt lat="47.503330" lon="-121.233425"/>
      <trkpt lat="47.503305" lon="-121.233356"/>
      <trkpt lat="47.503287" lon="-121.233270"/>
      <trkpt lat="47.503285" lon="-121.233169"/>
      <trkpt lat="47.503288" lon="-121.233069"/>
      <trkpt lat="47.503281" lon="-121.232883"/>
      <trkpt lat="47.503276" lon="-121.232849"/>
      <trkpt lat="47.503256" lon="-121.232782"/>
      <trkpt lat="47.503185" lon="-121.232583"/>
      <trkpt lat="47.503078" lon="-121.232310"/>
      <trkpt lat="47.503017" lon="-121.232165"/>
      <trkpt lat="47.502950" lon="-121.231932"/>
      <trkpt lat="47.502937" lon="-121.231703"/>
      <trkpt lat="47.502906" lon="-121.231631"/>
      <trkpt lat="47.502823" lon="-121.231478"/>
      <trkpt lat="47.502817" lon="-121.231411"/>
      <trkpt lat="47.502821" lon="-121.231360"/>
      <trkpt lat="47.502841" lon="-121.231325"/>
      <trkpt lat="47.502841" lon="-121.231261"/>
      <trkpt lat="47.502830" lon="-121.231191"/>
      <trkpt lat="47.502826" lon="-121.231132"/>
      <trkpt lat="47.502792" lon="-121.231084"/>
      <trkpt lat="47.502767" lon="-121.231038"/>
      <trkpt lat="47.502750" lon="-121.230983"/>
      <trkpt lat="47.502756" lon="-121.230912"/>
      <trkpt lat="47.502821" lon="-121.230770"/>
      <trkpt lat="47.502832" lon="-121.230708"/>
      <trkpt lat="47.502834" lon="-121.230622"/>
      <trkpt lat="47.502814" lon="-121.230521"/>
      <trkpt lat="47.502801" lon="-121.230360"/>
      <trkpt lat="47.502774" lon="-121.230239"/>
      <trkpt lat="47.502761" lon="-121.230159"/>
      <trkpt lat="47.502750" lon="-121.230038"/>
      <trkpt lat="47.502754" lon="-121.229923"/>
      <trkpt lat="47.502767" lon="-121.229839"/>
      <trkpt lat="47.502749" lon="-121.229703"/>
      <trkpt lat="47.502734" lon="-121.229636"/>
      <trkpt lat="47.502694" lon="-121.229590"/>
      <trkpt lat="47.502633" lon="-121.229434"/>
      <trkpt lat="47.502457" lon="-121.229059"/>
      <trkpt lat="47.502395" lon="-121.228968"/>
      <trkpt lat="47.502297" lon="-121.228791"/>
      <trkpt lat="47.502203" lon="-121.228592"/>
      <trkpt lat="47.502109" lon="-121.228423"/>
      <trkpt lat="47.502058" lon="-121.228308"/>
      <trkpt lat="47.502024" lon="-121.228190"/>
      <trkpt lat="47.501995" lon="-121.228053"/>
      <trkpt lat="47.501973" lon="-121.227895"/>
      <trkpt lat="47.501911" lon="-121.227651"/>
      <trkpt lat="47.501861" lon="-121.227551"/>
      <trkpt lat="47.501826" lon="-121.227452"/>
      <trkpt lat="47.501732" lon="-121.227226"/>
      <trkpt lat="47.501681" lon="-121.226991"/>
      <trkpt lat="47.501638" lon="-121.226881"/>
      <trkpt lat="47.501540" lon="-121.226694"/>
      <trkpt lat="47.501489" lon="-121.226581"/>
      <trkpt lat="47.501484" lon="-121.226511"/>
      <trkpt lat="47.501440" lon="-121.226393"/>
      <trkpt lat="47.501357" lon="-121.226063"/>
      <trkpt lat="47.501342" lon="-121.225966"/>
      <trkpt lat="47.501275" lon="-121.225776"/>
      <trkpt lat="47.501252" lon="-121.225652"/>
      <trkpt lat="47.501243" lon="-121.225553"/>
      <trkpt lat="47.501221" lon="-121.225489"/>
      <trkpt lat="47.501188" lon="-121.225419"/>
      <trkpt lat="47.501109" lon="-121.225357"/>
      <trkpt lat="47.501027" lon="-121.225263"/>
      <trkpt lat="47.500853" lon="-121.225033"/>
      <trkpt lat="47.500572" lon="-121.224703"/>
      <trkpt lat="47.500501" lon="-121.224645"/>
      <trkpt lat="47.500482" lon="-121.224577"/>
      <trkpt lat="47.500478" lon="-121.224523"/>
      <trkpt lat="47.500435" lon="-121.224416"/>
      <trkpt lat="47.500402" lon="-121.224357"/>
      <trkpt lat="47.500346" lon="-121.224314"/>
      <trkpt lat="47.500244" lon="-121.224180"/>
      <trkpt lat="47.499998" lon="-121.223872"/>
      <trkpt lat="47.499960" lon="-121.223831"/>
      <trkpt lat="47.499885" lon="-121.223775"/>
      <trkpt lat="47.499828" lon="-121.223694"/>
      <trkpt lat="47.499779" lon="-121.223592"/>
      <trkpt lat="47.499721" lon="-121.223434"/>
      <trkpt lat="47.499663" lon="-121.223099"/>
      <trkpt lat="47.499621" lon="-121.222957"/>
      <trkpt lat="47.499574" lon="-121.222836"/>
      <trkpt lat="47.499541" lon="-121.222726"/>
      <trkpt lat="47.499425" lon="-121.222294"/>
      <trkpt lat="47.499361" lon="-121.222006"/>
      <trkpt lat="47.499318" lon="-121.221903"/>
      <trkpt lat="47.499260" lon="-121.221798"/>
      <trkpt lat="47.499231" lon="-121.221715"/>
      <trkpt lat="47.499204" lon="-121.221610"/>
      <trkpt lat="47.499199" lon="-121.221447"/>
      <trkpt lat="47.499168" lon="-121.221218"/>
      <trkpt lat="47.499168" lon="-121.221093"/>
      <trkpt lat="47.499173" lon="-121.220958"/>
      <trkpt lat="47.499222" lon="-121.220806"/>
      <trkpt lat="47.499257" lon="-121.220749"/>
      <trkpt lat="47.499299" lon="-121.220730"/>
      <trkpt lat="47.499358" lon="-121.220749"/>
      <trkpt lat="47.499454" lon="-121.220854"/>
      <trkpt lat="47.499514" lon="-121.220875"/>
      <trkpt lat="47.499574" lon="-121.220883"/>
      <trkpt lat="47.499724" lon="-121.220951"/>
      <trkpt lat="47.500128" lon="-121.221050"/>
      <trkpt lat="47.500397" lon="-121.221087"/>
      <trkpt lat="47.500451" lon="-121.221106"/>
      <trkpt lat="47.500473" lon="-121.221129"/>
      <trkpt lat="47.500532" lon="-121.221254"/>
      <trkpt lat="47.500572" lon="-121.221308"/>
      <trkpt lat="47.500653" lon="-121.221352"/>
      <trkpt lat="47.500825" lon="-121.221397"/>
      <trkpt lat="47.500907" lon="-121.221407"/>
      <trkpt lat="47.501205" lon="-121.221329"/>
      <trkpt lat="47.501342" lon="-121.221203"/>
      <trkpt lat="47.501431" lon="-121.221165"/>
      <trkpt lat="47.501515" lon="-121.221095"/>
      <trkpt lat="47.501583" lon="-121.221018"/>
      <trkpt lat="47.501701" lon="-121.220768"/>
      <trkpt lat="47.501739" lon="-121.220733"/>
      <trkpt lat="47.501875" lon="-121.220709"/>
      <trkpt lat="47.502178" lon="-121.220546"/>
      <trkpt lat="47.502250" lon="-121.220481"/>
      <trkpt lat="47.502344" lon="-121.220465"/>
      <trkpt lat="47.502370" lon="-121.220441"/>
      <trkpt lat="47.502373" lon="-121.220393"/>
      <trkpt lat="47.502352" lon="-121.220307"/>
      <trkpt lat="47.502346" lon="-121.220216"/>
      <trkpt lat="47.502363" lon="-121.220159"/>
      <trkpt lat="47.502419" lon="-121.220057"/>
      <trkpt lat="47.502448" lon="-121.219939"/>
      <trkpt lat="47.502524" lon="-121.219746"/>
      <trkpt lat="47.502587" lon="-121.219612"/>
      <trkpt lat="47.502645" lon="-121.219510"/>
      <trkpt lat="47.502665" lon="-121.219389"/>
      <trkpt lat="47.502663" lon="-121.219221"/>
      <trkpt lat="47.502602" lon="-121.219027"/>
      <trkpt lat="47.502556" lon="-121.218834"/>
      <trkpt lat="47.502526" lon="-121.218775"/>
      <trkpt lat="47.502428" lon="-121.218668"/>
      <trkpt lat="47.502328" lon="-121.218550"/>
      <trkpt lat="47.502200" lon="-121.218386"/>
      <trkpt lat="47.502100" lon="-121.218239"/>
      <trkpt lat="47.502040" lon="-121.218118"/>
      <trkpt lat="47.501962" lon="-121.217987"/>
      <trkpt lat="47.501864" lon="-121.217861"/>
      <trkpt lat="47.501785" lon="-121.217734"/>
      <trkpt lat="47.501687" lon="-121.217598"/>
      <trkpt lat="47.501618" lon="-121.217512"/>
      <trkpt lat="47.501560" lon="-121.217397"/>
      <trkpt lat="47.501489" lon="-121.217273"/>
      <trkpt lat="47.501464" lon="-121.217198"/>
      <trkpt lat="47.501453" lon="-121.217131"/>
      <trkpt lat="47.501460" lon="-121.217067"/>
      <trkpt lat="47.501496" lon="-121.216978"/>
      <trkpt lat="47.501525" lon="-121.216927"/>
      <trkpt lat="47.501542" lon="-121.216887"/>
      <trkpt lat="47.501545" lon="-121.216831"/>
      <trkpt lat="47.501534" lon="-121.216734"/>
      <trkpt lat="47.501506" lon="-121.216651"/>
      <trkpt lat="47.501469" lon="-121.216562"/>
      <trkpt lat="47.501299" lon="-121.216391"/>
      <trkpt lat="47.501279" lon="-121.216332"/>
      <trkpt lat="47.501194" lon="-121.216190"/>
      <trkpt lat="47.501145" lon="-121.216163"/>
      <trkpt lat="47.501100" lon="-121.216147"/>
      <trkpt lat="47.500937" lon="-121.216120"/>
      <trkpt lat="47.500873" lon="-121.216141"/>
      <trkpt lat="47.500717" lon="-121.216122"/>
      <trkpt lat="47.500634" lon="-121.216149"/>
      <trkpt lat="47.500549" lon="-121.216216"/>
      <trkpt lat="47.500502" lon="-121.216233"/>
      <trkpt lat="47.500395" lon="-121.216173"/>
      <trkpt lat="47.500304" lon="-121.216074"/>
      <trkpt lat="47.500094" lon="-121.215825"/>
      <trkpt lat="47.500018" lon="-121.215696"/>
      <trkpt lat="47.499915" lon="-121.215503"/>
      <trkpt lat="47.499802" lon="-121.215291"/>
      <trkpt lat="47.499722" lon="-121.215130"/>
      <trkpt lat="47.499663" lon="-121.215034"/>
      <trkpt lat="47.499597" lon="-121.214961"/>
      <trkpt lat="47.499532" lon="-121.214926"/>
      <trkpt lat="47.499458" lon="-121.214902"/>
      <trkpt lat="47.499384" lon="-121.214846"/>
      <trkpt lat="47.499289" lon="-121.214720"/>
      <trkpt lat="47.499253" lon="-121.214653"/>
      <trkpt lat="47.499235" lon="-121.214575"/>
      <trkpt lat="47.499235" lon="-121.214505"/>
      <trkpt lat="47.499251" lon="-121.214417"/>
      <trkpt lat="47.499244" lon="-121.214304"/>
      <trkpt lat="47.499246" lon="-121.214186"/>
      <trkpt lat="47.499260" lon="-121.214057"/>
      <trkpt lat="47.499262" lon="-121.213928"/>
      <trkpt lat="47.499253" lon="-121.213843"/>
      <trkpt lat="47.499224" lon="-121.213743"/>
      <trkpt lat="47.499193" lon="-121.213647"/>
      <trkpt lat="47.499126" lon="-121.213518"/>
      <trkpt lat="47.499068" lon="-121.213454"/>
      <trkpt lat="47.498958" lon="-121.213293"/>
      <trkpt lat="47.498887" lon="-121.213215"/>
      <trkpt lat="47.498836" lon="-121.213172"/>
      <trkpt lat="47.498786" lon="-121.213102"/>
      <trkpt lat="47.498757" lon="-121.213051"/>
      <trkpt lat="47.498751" lon="-121.212976"/>
    </trkseg>
    <trkseg>
      <trkpt lat="47.498751" lon="-121.212976"/>
      <trkpt lat="47.498785" lon="-121.212915"/>
      <trkpt lat="47.498813" lon="-121.212890"/>
      <trkpt lat="47.498853" lon="-121.212900"/>
      <trkpt lat="47.498890" lon="-121.212944"/>
      <trkpt lat="47.498986" lon="-121.213104"/>
      <trkpt lat="47.499109" lon="-121.213224"/>
      <trkpt lat="47.499174" lon="-121.213263"/>
      <trkpt lat="47.499242" lon="-121.213314"/>
      <trkpt lat="47.499355" lon="-121.213364"/>
      <trkpt lat="47.499566" lon="-121.213397"/>
      <trkpt lat="47.499746" lon="-121.213456"/>
      <trkpt lat="47.499881" lon="-121.213532"/>
      <trkpt lat="47.500017" lon="-121.213660"/>
      <trkpt lat="47.500095" lon="-121.213796"/>
      <trkpt lat="47.500143" lon="-121.213906"/>
      <trkpt lat="47.500214" lon="-121.214122"/>
      <trkpt lat="47.500234" lon="-121.214206"/>
      <trkpt lat="47.500278" lon="-121.214296"/>
      <trkpt lat="47.500343" lon="-121.214477"/>
      <trkpt lat="47.500391" lon="-121.214551"/>
      <trkpt lat="47.500483" lon="-121.214626"/>
      <trkpt lat="47.500549" lon="-121.214645"/>
      <trkpt lat="47.500650" lon="-121.214685"/>
      <trkpt lat="47.500768" lon="-121.214716"/>
      <trkpt lat="47.500930" lon="-121.214798"/>
      <trkpt lat="47.500973" lon="-121.214835"/>
      <trkpt lat="47.501017" lon="-121.214836"/>
      <trkpt lat="47.501070" lon="-121.214850"/>
      <trkpt lat="47.501135" lon="-121.214965"/>
      <trkpt lat="47.501277" lon="-121.215070"/>
      <trkpt lat="47.501331" lon="-121.215142"/>
      <trkpt lat="47.501371" lon="-121.215227"/>
      <trkpt lat="47.501418" lon="-121.215307"/>
      <trkpt lat="47.501506" lon="-121.215381"/>
      <trkpt lat="47.501654" lon="-121.215410"/>
      <trkpt lat="47.501896" lon="-121.215566"/>
      <trkpt lat="47.501956" lon="-121.215593"/>
      <trkpt lat="47.501994" lon="-121.215628"/>
      <trkpt lat="47.502056" lon="-121.215672"/>
      <trkpt lat="47.502073" lon="-121.215640"/>
      <trkpt lat="47.502070" lon="-121.215594"/>
      <trkpt lat="47.502035" lon="-121.215563"/>
      <trkpt lat="47.502007" lon="-121.215445"/>
      <trkpt lat="47.501961" lon="-121.215338"/>
      <trkpt lat="47.501798" lon="-121.215122"/>
      <trkpt lat="47.501702" lon="-121.214937"/>
      <trkpt lat="47.501652" lon="-121.214826"/>
      <trkpt lat="47.501582" lon="-121.214760"/>
      <trkpt lat="47.501484" lon="-121.214698"/>
      <trkpt lat="47.501366" lon="-121.214657"/>
      <trkpt lat="47.501292" lon="-121.214647"/>
      <trkpt lat="47.501218" lon="-121.214587"/>
      <trkpt lat="47.501145" lon="-121.214516"/>
      <trkpt lat="47.501023" lon="-121.214340"/>
      <trkpt lat="47.500926" lon="-121.214236"/>
      <trkpt lat="47.500811" lon="-121.214130"/>
      <trkpt lat="47.500765" lon="-121.214079"/>
      <trkpt lat="47.500724" lon="-121.214017"/>
      <trkpt lat="47.500619" lon="-121.213763"/>
      <trkpt lat="47.500538" lon="-121.213594"/>
      <trkpt lat="47.500500" lon="-121.213470"/>
      <trkpt lat="47.500469" lon="-121.213312"/>
      <trkpt lat="47.500430" lon="-121.213141"/>
      <trkpt lat="47.500393" lon="-121.213022"/>
      <trkpt lat="47.500335" lon="-121.212935"/>
      <trkpt lat="47.500264" lon="-121.212842"/>
      <trkpt lat="47.500229" lon="-121.212756"/>
      <trkpt lat="47.500150" lon="-121.212637"/>
      <trkpt lat="47.500098" lon="-121.212526"/>
      <trkpt lat="47.500052" lon="-121.212452"/>
      <trkpt lat="47.499997" lon="-121.212401"/>
      <trkpt lat="47.499933" lon="-121.212375"/>
      <trkpt lat="47.499863" lon="-121.212299"/>
      <trkpt lat="47.499784" lon="-121.212259"/>
      <trkpt lat="47.499693" lon="-121.212155"/>
      <trkpt lat="47.499680" lon="-121.212109"/>
      <trkpt lat="47.499713" lon="-121.212097"/>
      <trkpt lat="47.499746" lon="-121.212146"/>
      <trkpt lat="47.499802" lon="-121.212181"/>
      <trkpt lat="47.499880" lon="-121.212208"/>
      <trkpt lat="47.499923" lon="-121.212247"/>
      <trkpt lat="47.500009" lon="-121.212299"/>
      <trkpt lat="47.500121" lon="-121.212330"/>
      <trkpt lat="47.500328" lon="-121.212545"/>
      <trkpt lat="47.500430" lon="-121.212666"/>
      <trkpt lat="47.500462" lon="-121.212729"/>
      <trkpt lat="47.500534" lon="-121.212818"/>
      <trkpt lat="47.500639" lon="-121.212886"/>
      <trkpt lat="47.500715" lon="-121.212928"/>
      <trkpt lat="47.500799" lon="-121.212991"/>
      <trkpt lat="47.500878" lon="-121.213037"/>
      <trkpt lat="47.500896" lon="-121.213025"/>
      <trkpt lat="47.500898" lon="-121.212986"/>
      <trkpt lat="47.500863" lon="-121.212932"/>
      <trkpt lat="47.500690" lon="-121.212799"/>
      <trkpt lat="47.500639" lon="-121.212743"/>
      <trkpt lat="47.500563" lon="-121.212609"/>
      <trkpt lat="47.500500" lon="-121.212436"/>
      <trkpt lat="47.500452" lon="-121.212357"/>
      <trkpt lat="47.500408" lon="-121.212272"/>
      <trkpt lat="47.500378" lon="-121.212227"/>
      <trkpt lat="47.500371" lon="-121.212200"/>
      <trkpt lat="47.500387" lon="-121.212186"/>
      <trkpt lat="47.500413" lon="-121.212209"/>
      <trkpt lat="47.500490" lon="-121.212303"/>
      <trkpt lat="47.500544" lon="-121.212355"/>
      <trkpt lat="47.500625" lon="-121.212416"/>
      <trkpt lat="47.500685" lon="-121.212445"/>
      <trkpt lat="47.500782" lon="-121.212445"/>
      <trkpt lat="47.500882" lon="-121.212414"/>
      <trkpt lat="47.500926" lon="-121.212414"/>
      <trkpt lat="47.500982" lon="-121.212453"/>
      <trkpt lat="47.501025" lon="-121.212465"/>
      <trkpt lat="47.501076" lon="-121.212437"/>
      <trkpt lat="47.501111" lon="-121.212369"/>
      <trkpt lat="47.501136" lon="-121.212276"/>
      <trkpt lat="47.501133" lon="-121.212190"/>
      <trkpt lat="47.501124" lon="-121.212117"/>
      <trkpt lat="47.501121" lon="-121.212032"/>
      <trkpt lat="47.501137" lon="-121.211974"/>
      <trkpt lat="47.501167" lon="-121.211930"/>
      <trkpt lat="47.501231" lon="-121.211907"/>
      <trkpt lat="47.501267" lon="-121.211917"/>
      <trkpt lat="47.501327" lon="-121.211970"/>
      <trkpt lat="47.501364" lon="-121.212016"/>
      <trkpt lat="47.501397" lon="-121.212072"/>
      <trkpt lat="47.501423" lon="-121.212177"/>
      <trkpt lat="47.501430" lon="-121.212244"/>
      <trkpt lat="47.501429" lon="-121.212311"/>
      <trkpt lat="47.501409" lon="-121.212402"/>
      <trkpt lat="47.501381" lon="-121.212441"/>
      <trkpt lat="47.501355" lon="-121.212490"/>
      <trkpt lat="47.501355" lon="-121.212542"/>
      <trkpt lat="47.501366" lon="-121.212599"/>
      <trkpt lat="47.501405" lon="-121.212662"/>
      <trkpt lat="47.501462" lon="-121.212784"/>
      <trkpt lat="47.501577" lon="-121.212919"/>
      <trkpt lat="47.501615" lon="-121.212992"/>
      <trkpt lat="47.501633" lon="-121.213078"/>
      <trkpt lat="47.501684" lon="-121.213148"/>
      <trkpt lat="47.501742" lon="-121.213210"/>
      <trkpt lat="47.501784" lon="-121.213291"/>
      <trkpt lat="47.501886" lon="-121.213375"/>
      <trkpt lat="47.501968" lon="-121.213396"/>
      <trkpt lat="47.502122" lon="-121.213475"/>
      <trkpt lat="47.502187" lon="-121.213472"/>
      <trkpt lat="47.502263" lon="-121.213454"/>
      <trkpt lat="47.502340" lon="-121.213470"/>
      <trkpt lat="47.502438" lon="-121.213526"/>
      <trkpt lat="47.502505" lon="-121.213589"/>
      <trkpt lat="47.502549" lon="-121.213682"/>
      <trkpt lat="47.502583" lon="-121.213734"/>
      <trkpt lat="47.502618" lon="-121.213742"/>
      <trkpt lat="47.502650" lon="-121.213706"/>
      <trkpt lat="47.502657" lon="-121.213621"/>
      <trkpt lat="47.502672" lon="-121.213560"/>
      <trkpt lat="47.502694" lon="-121.213501"/>
      <trkpt lat="47.502719" lon="-121.213476"/>
      <trkpt lat="47.502767" lon="-121.213456"/>
      <trkpt lat="47.502824" lon="-121.213467"/>
      <trkpt lat="47.502870" lon="-121.213462"/>
      <trkpt lat="47.502912" lon="-121.213424"/>
      <trkpt lat="47.502961" lon="-121.213400"/>
      <trkpt lat="47.502993" lon="-121.213415"/>
      <trkpt lat="47.503033" lon="-121.213423"/>
      <trkpt lat="47.503069" lon="-121.213414"/>
      <trkpt lat="47.503143" lon="-121.213251"/>
      <trkpt lat="47.503185" lon="-121.213199"/>
      <trkpt lat="47.503232" lon="-121.213156"/>
      <trkpt lat="47.503269" lon="-121.213137"/>
      <trkpt lat="47.503317" lon="-121.213137"/>
      <trkpt lat="47.503423" lon="-121.213180"/>
      <trkpt lat="47.503549" lon="-121.213210"/>
      <trkpt lat="47.503655" lon="-121.213220"/>
      <trkpt lat="47.503730" lon="-121.213262"/>
      <trkpt lat="47.503790" lon="-121.213249"/>
      <trkpt lat="47.503856" lon="-121.213267"/>
      <trkpt lat="47.503915" lon="-121.213302"/>
      <trkpt lat="47.503973" lon="-121.213325"/>
      <trkpt lat="47.504022" lon="-121.213350"/>
      <trkpt lat="47.504061" lon="-121.213399"/>
      <trkpt lat="47.504080" lon="-121.213456"/>
      <trkpt lat="47.504110" lon="-121.213522"/>
      <trkpt lat="47.504244" lon="-121.213553"/>
      <trkpt lat="47.504300" lon="-121.213588"/>
      <trkpt lat="47.504390" lon="-121.213592"/>
      <trkpt lat="47.504615" lon="-121.213589"/>
      <trkpt lat="47.504722" lon="-121.213613"/>
      <trkpt lat="47.505370" lon="-121.213623"/>
      <trkpt lat="47.505439" lon="-121.213645"/>
      <trkpt lat="47.505485" lon="-121.213684"/>
      <trkpt lat="47.505588" lon="-121.213789"/>
      <trkpt lat="47.505784" lon="-121.214048"/>
      <trkpt lat="47.505867" lon="-121.214186"/>
      <trkpt lat="47.505963" lon="-121.214380"/>
      <trkpt lat="47.506000" lon="-121.214486"/>
      <trkpt lat="47.506068" lon="-121.214654"/>
      <trkpt lat="47.506141" lon="-121.214953"/>
      <trkpt lat="47.506165" lon="-121.215007"/>
      <trkpt lat="47.506176" lon="-121.215079"/>
      <trkpt lat="47.506172" lon="-121.215137"/>
      <trkpt lat="47.506179" lon="-121.215208"/>
      <trkpt lat="47.506223" lon="-121.215326"/>
      <trkpt lat="47.506256" lon="-121.215392"/>
      <trkpt lat="47.506305" lon="-121.215436"/>
      <trkpt lat="47.506327" lon="-121.215508"/>
      <trkpt lat="47.506331" lon="-121.215566"/>
      <trkpt lat="47.506349" lon="-121.215605"/>
      <trkpt lat="47.506378" lon="-121.215606"/>
      <trkpt lat="47.506380" lon="-121.215536"/>
      <trkpt lat="47.506365" lon="-121.215456"/>
      <trkpt lat="47.506298" lon="-121.215270"/>
      <trkpt lat="47.506266" lon="-121.215122"/>
      <trkpt lat="47.506250" lon="-121.214995"/>
      <trkpt lat="47.506230" lon="-121.214714"/>
      <trkpt lat="47.506234" lon="-121.214658"/>
      <trkpt lat="47.506248" lon="-121.214630"/>
      <trkpt lat="47.506274" lon="-121.214645"/>
      <trkpt lat="47.506293" lon="-121.214840"/>
      <trkpt lat="47.506311" lon="-121.214917"/>
      <trkpt lat="47.506357" lon="-121.215005"/>
      <trkpt lat="47.506438" lon="-121.215107"/>
      <trkpt lat="47.506478" lon="-121.215204"/>
      <trkpt lat="47.506515" lon="-121.215341"/>
      <trkpt lat="47.506542" lon="-121.215515"/>
      <trkpt lat="47.506568" lon="-121.215644"/>
      <trkpt lat="47.506591" lon="-121.215797"/>
      <trkpt lat="47.506614" lon="-121.216010"/>
      <trkpt lat="47.506599" lon="-121.216195"/>
      <trkpt lat="47.506594" lon="-121.216344"/>
      <trkpt lat="47.506601" lon="-121.216587"/>
      <trkpt lat="47.506621" lon="-121.216645"/>
      <trkpt lat="47.506655" lon="-121.216674"/>
      <trkpt lat="47.506709" lon="-121.216674"/>
      <trkpt lat="47.506738" lon="-121.216647"/>
      <trkpt lat="47.506784" lon="-121.216638"/>
      <trkpt lat="47.506830" lon="-121.216663"/>
      <trkpt lat="47.506894" lon="-121.216725"/>
      <trkpt lat="47.506961" lon="-121.216801"/>
      <trkpt lat="47.506990" lon="-121.216793"/>
      <trkpt lat="47.507024" lon="-121.216742"/>
      <trkpt lat="47.507049" lon="-121.216631"/>
      <trkpt lat="47.507064" lon="-121.216483"/>
      <trkpt lat="47.507096" lon="-121.216294"/>
      <trkpt lat="47.507133" lon="-121.216100"/>
      <trkpt lat="47.507163" lon="-121.215984"/>
      <trkpt lat="47.507209" lon="-121.215932"/>
      <trkpt lat="47.507287" lon="-121.215896"/>
      <trkpt lat="47.507367" lon="-121.215877"/>
      <trkpt lat="47.507458" lon="-121.215841"/>
      <trkpt lat="47.507501" lon="-121.215834"/>
      <trkpt lat="47.507552" lon="-121.215783"/>
      <trkpt lat="47.507574" lon="-121.215735"/>
      <trkpt lat="47.507559" lon="-121.215610"/>
      <trkpt lat="47.507565" lon="-121.215574"/>
      <trkpt lat="47.507589" lon="-121.215557"/>
      <trkpt lat="47.507621" lon="-121.215559"/>
      <trkpt lat="47.507653" lon="-121.215582"/>
      <trkpt lat="47.507744" lon="-121.215680"/>
      <trkpt lat="47.507851" lon="-121.215778"/>
      <trkpt lat="47.507930" lon="-121.215883"/>
      <trkpt lat="47.508068" lon="-121.216094"/>
      <trkpt lat="47.508259" lon="-121.216419"/>
      <trkpt lat="47.508313" lon="-121.216522"/>
      <trkpt lat="47.508384" lon="-121.216613"/>
      <trkpt lat="47.508504" lon="-121.216707"/>
      <trkpt lat="47.508568" lon="-121.216807"/>
      <trkpt lat="47.508638" lon="-121.216965"/>
      <trkpt lat="47.508691" lon="-121.217096"/>
      <trkpt lat="47.508731" lon="-121.217253"/>
      <trkpt lat="47.508748" lon="-121.217399"/>
      <trkpt lat="47.508788" lon="-121.217555"/>
      <trkpt lat="47.508804" lon="-121.217678"/>
      <trkpt lat="47.508778" lon="-121.217763"/>
      <trkpt lat="47.508786" lon="-121.217827"/>
      <trkpt lat="47.508831" lon="-121.217887"/>
      <trkpt lat="47.508913" lon="-121.218013"/>
      <trkpt lat="47.508937" lon="-121.218009"/>
      <trkpt lat="47.508956" lon="-121.217987"/>
      <trkpt lat="47.508950" lon="-121.217941"/>
      <trkpt lat="47.508914" lon="-121.217902"/>
      <trkpt lat="47.508870" lon="-121.217828"/>
      <trkpt lat="47.508849" lon="-121.217748"/>
      <trkpt lat="47.508856" lon="-121.217594"/>
      <trkpt lat="47.508851" lon="-121.217352"/>
      <trkpt lat="47.508874" lon="-121.217190"/>
      <trkpt lat="47.508875" lon="-121.217097"/>
      <trkpt lat="47.508871" lon="-121.217014"/>
      <trkpt lat="47.508848" lon="-121.216947"/>
      <trkpt lat="47.508834" lon="-121.216804"/>
      <trkpt lat="47.508821" lon="-121.216467"/>
      <trkpt lat="47.508804" lon="-121.216373"/>
      <trkpt lat="47.508798" lon="-121.216321"/>
      <trkpt lat="47.508810" lon="-121.216250"/>
      <trkpt lat="47.508809" lon="-121.216110"/>
      <trkpt lat="47.508797" lon="-121.215991"/>
      <trkpt lat="47.508773" lon="-121.215888"/>
      <trkpt lat="47.508735" lon="-121.215789"/>
      <trkpt lat="47.508691" lon="-121.215689"/>
      <trkpt lat="47.508615" lon="-121.215582"/>
      <trkpt lat="47.508592" lon="-121.215503"/>
      <trkpt lat="47.508556" lon="-121.215436"/>
      <trkpt lat="47.508513" lon="-121.215379"/>
      <trkpt lat="47.508396" lon="-121.215311"/>
      <trkpt lat="47.508289" lon="-121.215213"/>
      <trkpt lat="47.508220" lon="-121.215117"/>
      <trkpt lat="47.508133" lon="-121.214948"/>
      <trkpt lat="47.508080" lon="-121.214836"/>
      <trkpt lat="47.508015" lon="-121.214760"/>
      <trkpt lat="47.507962" lon="-121.214708"/>
      <trkpt lat="47.507938" lon="-121.214634"/>
      <trkpt lat="47.507901" lon="-121.214490"/>
      <trkpt lat="47.507885" lon="-121.214415"/>
      <trkpt lat="47.507844" lon="-121.214309"/>
      <trkpt lat="47.507789" lon="-121.214236"/>
      <trkpt lat="47.507731" lon="-121.214134"/>
      <trkpt lat="47.507676" lon="-121.214050"/>
      <trkpt lat="47.507645" lon="-121.213979"/>
      <trkpt lat="47.507628" lon="-121.213922"/>
      <trkpt lat="47.507640" lon="-121.213881"/>
      <trkpt lat="47.507730" lon="-121.213892"/>
      <trkpt lat="47.507760" lon="-121.213930"/>
      <trkpt lat="47.507787" lon="-121.213977"/>
      <trkpt lat="47.507847" lon="-121.214038"/>
      <trkpt lat="47.507894" lon="-121.214104"/>
      <trkpt lat="47.507950" lon="-121.214241"/>
      <trkpt lat="47.508003" lon="-121.214354"/>
      <trkpt lat="47.508045" lon="-121.214417"/>
      <trkpt lat="47.508114" lon="-121.214472"/>
      <trkpt lat="47.508200" lon="-121.214521"/>
      <trkpt lat="47.508284" lon="-121.214584"/>
      <trkpt lat="47.508357" lon="-121.214661"/>
      <trkpt lat="47.508419" lon="-121.214684"/>
      <trkpt lat="47.508550" lon="-121.214647"/>
      <trkpt lat="47.508636" lon="-121.214684"/>
      <trkpt lat="47.508718" lon="-121.214742"/>
      <trkpt lat="47.508798" lon="-121.214836"/>
      <trkpt lat="47.508833" lon="-121.214901"/>
      <trkpt lat="47.508865" lon="-121.215023"/>
      <trkpt lat="47.508989" lon="-121.215165"/>
      <trkpt lat="47.509079" lon="-121.215236"/>
      <trkpt lat="47.509183" lon="-121.215298"/>
      <trkpt lat="47.509262" lon="-121.215366"/>
      <trkpt lat="47.509315" lon="-121.215440"/>
      <trkpt lat="47.509344" lon="-121.215731"/>
      <trkpt lat="47.509330" lon="-121.215928"/>
      <trkpt lat="47.509344" lon="-121.215958"/>
      <trkpt lat="47.509370" lon="-121.215951"/>
      <trkpt lat="47.509411" lon="-121.215768"/>
      <trkpt lat="47.509447" lon="-121.215650"/>
      <trkpt lat="47.509496" lon="-121.215566"/>
      <trkpt lat="47.509510" lon="-121.215496"/>
      <trkpt lat="47.509492" lon="-121.215401"/>
      <trkpt lat="47.509419" lon="-121.215221"/>
      <trkpt lat="47.509398" lon="-121.214999"/>
      <trkpt lat="47.509347" lon="-121.214886"/>
      <trkpt lat="47.509330" lon="-121.214834"/>
      <trkpt lat="47.509327" lon="-121.214740"/>
      <trkpt lat="47.509305" lon="-121.214683"/>
      <trkpt lat="47.509276" lon="-121.214651"/>
      <trkpt lat="47.509231" lon="-121.214634"/>
      <trkpt lat="47.509199" lon="-121.214612"/>
      <trkpt lat="47.509181" lon="-121.214512"/>
      <trkpt lat="47.509096" lon="-121.214250"/>
      <trkpt lat="47.509035" lon="-121.214069"/>
      <trkpt lat="47.509016" lon="-121.214044"/>
      <trkpt lat="47.508997" lon="-121.213990"/>
      <trkpt lat="47.509005" lon="-121.213971"/>
      <trkpt lat="47.509033" lon="-121.213993"/>
      <trkpt lat="47.509113" lon="-121.214171"/>
      <trkpt lat="47.509156" lon="-121.214256"/>
      <trkpt lat="47.509226" lon="-121.214348"/>
      <trkpt lat="47.509288" lon="-121.214398"/>
      <trkpt lat="47.509363" lon="-121.214439"/>
      <trkpt lat="47.509417" lon="-121.214484"/>
      <trkpt lat="47.509454" lon="-121.214541"/>
      <trkpt lat="47.509474" lon="-121.214610"/>
      <trkpt lat="47.509504" lon="-121.214680"/>
      <trkpt lat="47.509605" lon="-121.214807"/>
      <trkpt lat="47.509667" lon="-121.214916"/>
      <trkpt lat="47.509716" lon="-121.215052"/>
      <trkpt lat="47.509750" lon="-121.215350"/>
      <trkpt lat="47.509767" lon="-121.215378"/>
      <trkpt lat="47.509797" lon="-121.215393"/>
      <trkpt lat="47.509823" lon="-121.215375"/>
      <trkpt lat="47.509816" lon="-121.215339"/>
      <trkpt lat="47.509794" lon="-121.215304"/>
      <trkpt lat="47.509775" lon="-121.215228"/>
      <trkpt lat="47.509779" lon="-121.215119"/>
      <trkpt lat="47.509802" lon="-121.215046"/>
      <trkpt lat="47.509814" lon="-121.214964"/>
      <trkpt lat="47.509810" lon="-121.214858"/>
      <trkpt lat="47.509799" lon="-121.214755"/>
      <trkpt lat="47.509823" lon="-121.214749"/>
      <trkpt lat="47.509842" lon="-121.214777"/>
      <trkpt lat="47.509862" lon="-121.214891"/>
      <trkpt lat="47.509898" lon="-121.215000"/>
      <trkpt lat="47.509915" lon="-121.215076"/>
      <trkpt lat="47.509908" lon="-121.215166"/>
      <trkpt lat="47.509890" lon="-121.215229"/>
      <trkpt lat="47.509906" lon="-121.215333"/>
      <trkpt lat="47.509922" lon="-121.215423"/>
      <trkpt lat="47.509951" lon="-121.215475"/>
      <trkpt lat="47.509966" lon="-121.215516"/>
      <trkpt lat="47.509986" lon="-121.215515"/>
      <trkpt lat="47.509993" lon="-121.215481"/>
      <trkpt lat="47.509978" lon="-121.215425"/>
      <trkpt lat="47.509970" lon="-121.215337"/>
      <trkpt lat="47.509967" lon="-121.215244"/>
      <trkpt lat="47.509976" lon="-121.215184"/>
      <trkpt lat="47.510005" lon="-121.215097"/>
      <trkpt lat="47.510018" lon="-121.214981"/>
      <trkpt lat="47.510009" lon="-121.214898"/>
      <trkpt lat="47.509991" lon="-121.214801"/>
      <trkpt lat="47.509958" lon="-121.214709"/>
      <trkpt lat="47.509908" lon="-121.214543"/>
      <trkpt lat="47.509873" lon="-121.214443"/>
      <trkpt lat="47.509597" lon="-121.213944"/>
      <trkpt lat="47.509468" lon="-121.213615"/>
      <trkpt lat="47.509388" lon="-121.213451"/>
      <trkpt lat="47.509231" lon="-121.213235"/>
      <trkpt lat="47.509240" lon="-121.213222"/>
      <trkpt lat="47.509268" lon="-121.213235"/>
      <trkpt lat="47.509354" lon="-121.213312"/>
      <trkpt lat="47.509428" lon="-121.213371"/>
      <trkpt lat="47.509484" lon="-121.213436"/>
      <trkpt lat="47.509659" lon="-121.213723"/>
      <trkpt lat="47.509788" lon="-121.213870"/>
      <trkpt lat="47.509842" lon="-121.213922"/>
      <trkpt lat="47.509896" lon="-121.213983"/>
      <trkpt lat="47.509970" lon="-121.214084"/>
      <trkpt lat="47.510065" lon="-121.214261"/>
      <trkpt lat="47.510144" lon="-121.214366"/>
      <trkpt lat="47.510208" lon="-121.214435"/>
      <trkpt lat="47.510336" lon="-121.214629"/>
      <trkpt lat="47.510433" lon="-121.214741"/>
      <trkpt lat="47.510467" lon="-121.214792"/>
      <trkpt lat="47.510519" lon="-121.214877"/>
      <trkpt lat="47.510564" lon="-121.214985"/>
      <trkpt lat="47.510590" lon="-121.214984"/>
      <trkpt lat="47.510566" lon="-121.214810"/>
      <trkpt lat="47.510511" lon="-121.214658"/>
      <trkpt lat="47.510500" lon="-121.214602"/>
      <trkpt lat="47.510520" lon="-121.214596"/>
      <trkpt lat="47.510545" lon="-121.214603"/>
      <trkpt lat="47.510559" lon="-121.214645"/>
      <trkpt lat="47.510593" lon="-121.214710"/>
      <trkpt lat="47.510676" lon="-121.214827"/>
      <trkpt lat="47.510766" lon="-121.214933"/>
      <trkpt lat="47.510806" lon="-121.215003"/>
      <trkpt lat="47.510826" lon="-121.215227"/>
      <trkpt lat="47.510860" lon="-121.215404"/>
      <trkpt lat="47.510863" lon="-121.215548"/>
      <trkpt lat="47.510881" lon="-121.215649"/>
      <trkpt lat="47.510879" lon="-121.215704"/>
      <trkpt lat="47.510858" lon="-121.215766"/>
      <trkpt lat="47.510835" lon="-121.215813"/>
      <trkpt lat="47.510838" lon="-121.215842"/>
      <trkpt lat="47.510856" lon="-121.215861"/>
      <trkpt lat="47.510879" lon="-121.215842"/>
      <trkpt lat="47.510943" lon="-121.215685"/>
      <trkpt lat="47.510972" lon="-121.215600"/>
      <trkpt lat="47.511006" lon="-121.215488"/>
      <trkpt lat="47.511025" lon="-121.215393"/>
      <trkpt lat="47.511037" lon="-121.215302"/>
      <trkpt lat="47.511025" lon="-121.215184"/>
      <trkpt lat="47.511001" lon="-121.215090"/>
      <trkpt lat="47.510985" lon="-121.214976"/>
      <trkpt lat="47.510926" lon="-121.214776"/>
      <trkpt lat="47.510806" lon="-121.214451"/>
      <trkpt lat="47.510761" lon="-121.214296"/>
      <trkpt lat="47.510718" lon="-121.214182"/>
      <trkpt lat="47.510624" lon="-121.214025"/>
      <trkpt lat="47.510516" lon="-121.213873"/>
      <trkpt lat="47.510382" lon="-121.213663"/>
      <trkpt lat="47.510330" lon="-121.213574"/>
      <trkpt lat="47.510267" lon="-121.213444"/>
      <trkpt lat="47.510145" lon="-121.213283"/>
      <trkpt lat="47.510089" lon="-121.213175"/>
      <trkpt lat="47.510070" lon="-121.213066"/>
      <trkpt lat="47.510029" lon="-121.212967"/>
      <trkpt lat="47.509976" lon="-121.212881"/>
      <trkpt lat="47.509884" lon="-121.212715"/>
      <trkpt lat="47.509848" lon="-121.212598"/>
      <trkpt lat="47.509797" lon="-121.212469"/>
      <trkpt lat="47.509756" lon="-121.212408"/>
      <trkpt lat="47.509701" lon="-121.212353"/>
      <trkpt lat="47.509664" lon="-121.212284"/>
      <trkpt lat="47.509638" lon="-121.212181"/>
      <trkpt lat="47.509598" lon="-121.212064"/>
      <trkpt lat="47.509539" lon="-121.211938"/>
      <trkpt lat="47.509456" lon="-121.211811"/>
      <trkpt lat="47.509343" lon="-121.211566"/>
      <trkpt lat="47.509303" lon="-121.211457"/>
      <trkpt lat="47.509142" lon="-121.211203"/>
      <trkpt lat="47.509005" lon="-121.211014"/>
      <trkpt lat="47.509005" lon="-121.210977"/>
      <trkpt lat="47.509027" lon="-121.210966"/>
      <trkpt lat="47.509054" lon="-121.210979"/>
      <trkpt lat="47.509075" lon="-121.211000"/>
      <trkpt lat="47.509296" lon="-121.211267"/>
      <trkpt lat="47.509430" lon="-121.211398"/>
      <trkpt lat="47.509554" lon="-121.211553"/>
      <trkpt lat="47.509671" lon="-121.211661"/>
      <trkpt lat="47.509781" lon="-121.211824"/>
      <trkpt lat="47.509926" lon="-121.212016"/>
      <trkpt lat="47.510104" lon="-121.212278"/>
      <trkpt lat="47.510425" lon="-121.212658"/>
      <trkpt lat="47.510607" lon="-121.212866"/>
      <trkpt lat="47.510833" lon="-121.213191"/>
      <trkpt lat="47.510907" lon="-121.213289"/>
      <trkpt lat="47.511181" lon="-121.213594"/>
      <trkpt lat="47.511268" lon="-121.213683"/>
      <trkpt lat="47.511360" lon="-121.213742"/>
      <trkpt lat="47.511412" lon="-121.213762"/>
      <trkpt lat="47.511438" lon="-121.213751"/>
      <trkpt lat="47.511440" lon="-121.213725"/>
      <trkpt lat="47.511312" lon="-121.213629"/>
      <trkpt lat="47.511183" lon="-121.213498"/>
      <trkpt lat="47.510927" lon="-121.213035"/>
      <trkpt lat="47.510834" lon="-121.212819"/>
      <trkpt lat="47.510752" lon="-121.212566"/>
      <trkpt lat="47.510662" lon="-121.212334"/>
      <trkpt lat="47.510589" lon="-121.212134"/>
      <trkpt lat="47.510565" lon="-121.212019"/>
      <trkpt lat="47.510544" lon="-121.211708"/>
      <trkpt lat="47.510508" lon="-121.211618"/>
      <trkpt lat="47.510430" lon="-121.211524"/>
      <trkpt lat="47.510349" lon="-121.211407"/>
      <trkpt lat="47.510264" lon="-121.211266"/>
      <trkpt lat="47.510107" lon="-121.210978"/>
      <trkpt lat="47.510082" lon="-121.210889"/>
      <trkpt lat="47.510074" lon="-121.210808"/>
      <trkpt lat="47.510047" lon="-121.210707"/>
      <trkpt lat="47.509963" lon="-121.210523"/>
      <trkpt lat="47.509879" lon="-121.210401"/>
      <trkpt lat="47.509716" lon="-121.210149"/>
      <trkpt lat="47.509653" lon="-121.210105"/>
      <trkpt lat="47.509614" lon="-121.210065"/>
      <trkpt lat="47.509570" lon="-121.209996"/>
      <trkpt lat="47.509483" lon="-121.209821"/>
      <trkpt lat="47.509390" lon="-121.209711"/>
      <trkpt lat="47.509354" lon="-121.209662"/>
      <trkpt lat="47.509269" lon="-121.209574"/>
      <trkpt lat="47.509191" lon="-121.209524"/>
      <trkpt lat="47.509136" lon="-121.209464"/>
      <trkpt lat="47.509094" lon="-121.209397"/>
      <trkpt lat="47.509046" lon="-121.209299"/>
      <trkpt lat="47.509023" lon="-121.209280"/>
      <trkpt lat="47.508950" lon="-121.209320"/>
      <trkpt lat="47.508915" lon="-121.209311"/>
      <trkpt lat="47.508880" lon="-121.209271"/>
      <trkpt lat="47.508859" lon="-121.209219"/>
      <trkpt lat="47.508833" lon="-121.209197"/>
      <trkpt lat="47.508790" lon="-121.209215"/>
      <trkpt lat="47.508752" lon="-121.209217"/>
      <trkpt lat="47.508723" lon="-121.209196"/>
      <trkpt lat="47.508707" lon="-121.209157"/>
      <trkpt lat="47.508717" lon="-121.209099"/>
      <trkpt lat="47.508712" lon="-121.209036"/>
      <trkpt lat="47.508702" lon="-121.208960"/>
      <trkpt lat="47.508669" lon="-121.208875"/>
      <trkpt lat="47.508538" lon="-121.208712"/>
      <trkpt lat="47.508507" lon="-121.208615"/>
      <trkpt lat="47.508452" lon="-121.208509"/>
      <trkpt lat="47.508342" lon="-121.208378"/>
      <trkpt lat="47.508288" lon="-121.208285"/>
      <trkpt lat="47.508192" lon="-121.208190"/>
      <trkpt lat="47.508122" lon="-121.208069"/>
      <trkpt lat="47.507958" lon="-121.207806"/>
      <trkpt lat="47.507905" lon="-121.207710"/>
      <trkpt lat="47.507874" lon="-121.207617"/>
      <trkpt lat="47.507790" lon="-121.207475"/>
      <trkpt lat="47.507748" lon="-121.207375"/>
      <trkpt lat="47.507630" lon="-121.207066"/>
      <trkpt lat="47.507570" lon="-121.206944"/>
      <trkpt lat="47.507461" lon="-121.206839"/>
      <trkpt lat="47.507388" lon="-121.206743"/>
      <trkpt lat="47.507331" lon="-121.206684"/>
      <trkpt lat="47.507244" lon="-121.206627"/>
      <trkpt lat="47.507075" lon="-121.206499"/>
      <trkpt lat="47.507046" lon="-121.206465"/>
      <trkpt lat="47.507050" lon="-121.206428"/>
      <trkpt lat="47.507063" lon="-121.206417"/>
      <trkpt lat="47.507086" lon="-121.206420"/>
      <trkpt lat="47.507135" lon="-121.206458"/>
      <trkpt lat="47.507207" lon="-121.206473"/>
      <trkpt lat="47.507285" lon="-121.206504"/>
      <trkpt lat="47.507514" lon="-121.206648"/>
      <trkpt lat="47.507667" lon="-121.206776"/>
      <trkpt lat="47.507767" lon="-121.206898"/>
      <trkpt lat="47.507867" lon="-121.207032"/>
      <trkpt lat="47.507967" lon="-121.207150"/>
      <trkpt lat="47.508022" lon="-121.207188"/>
      <trkpt lat="47.508094" lon="-121.207282"/>
      <trkpt lat="47.508153" lon="-121.207338"/>
      <trkpt lat="47.508231" lon="-121.207387"/>
      <trkpt lat="47.508288" lon="-121.207413"/>
      <trkpt lat="47.508375" lon="-121.207440"/>
      <trkpt lat="47.508544" lon="-121.207555"/>
      <trkpt lat="47.508643" lon="-121.207659"/>
      <trkpt lat="47.508741" lon="-121.207737"/>
      <trkpt lat="47.508863" lon="-121.207816"/>
      <trkpt lat="47.508925" lon="-121.207880"/>
      <trkpt lat="47.508953" lon="-121.207954"/>
      <trkpt lat="47.508980" lon="-121.207998"/>
      <trkpt lat="47.509000" lon="-121.207977"/>
      <trkpt lat="47.508979" lon="-121.207885"/>
      <trkpt lat="47.508953" lon="-121.207847"/>
      <trkpt lat="47.508913" lon="-121.207792"/>
      <trkpt lat="47.508691" lon="-121.207529"/>
      <trkpt lat="47.508653" lon="-121.207462"/>
      <trkpt lat="47.508652" lon="-121.207404"/>
      <trkpt lat="47.508645" lon="-121.207314"/>
      <trkpt lat="47.508612" lon="-121.207247"/>
      <trkpt lat="47.508547" lon="-121.207159"/>
      <trkpt lat="47.508485" lon="-121.207053"/>
      <trkpt lat="47.508403" lon="-121.206992"/>
      <trkpt lat="47.508227" lon="-121.206740"/>
      <trkpt lat="47.508017" lon="-121.206418"/>
      <trkpt lat="47.507824" lon="-121.206050"/>
      <trkpt lat="47.507801" lon="-121.205976"/>
      <trkpt lat="47.507792" lon="-121.205883"/>
      <trkpt lat="47.507790" lon="-121.205780"/>
      <trkpt lat="47.507750" lon="-121.205624"/>
      <trkpt lat="47.507676" lon="-121.205442"/>
      <trkpt lat="47.507598" lon="-121.205284"/>
      <trkpt lat="47.507521" lon="-121.205201"/>
      <trkpt lat="47.507527" lon="-121.205171"/>
      <trkpt lat="47.507586" lon="-121.205203"/>
      <trkpt lat="47.507655" lon="-121.205280"/>
      <trkpt lat="47.507714" lon="-121.205371"/>
      <trkpt lat="47.507788" lon="-121.205443"/>
      <trkpt lat="47.507920" lon="-121.205545"/>
      <trkpt lat="47.507973" lon="-121.205577"/>
      <trkpt lat="47.508021" lon="-121.205561"/>
      <trkpt lat="47.508066" lon="-121.205579"/>
      <trkpt lat="47.508097" lon="-121.205639"/>
      <trkpt lat="47.508147" lon="-121.205691"/>
      <trkpt lat="47.508345" lon="-121.205969"/>
      <trkpt lat="47.508403" lon="-121.206068"/>
      <trkpt lat="47.508479" lon="-121.206153"/>
      <trkpt lat="47.508589" lon="-121.206240"/>
      <trkpt lat="47.508696" lon="-121.206304"/>
      <trkpt lat="47.508747" lon="-121.206371"/>
      <trkpt lat="47.508813" lon="-121.206518"/>
      <trkpt lat="47.508838" lon="-121.206559"/>
      <trkpt lat="47.508856" lon="-121.206547"/>
      <trkpt lat="47.508862" lon="-121.206509"/>
      <trkpt lat="47.508820" lon="-121.206306"/>
      <trkpt lat="47.508791" lon="-121.206216"/>
      <trkpt lat="47.508730" lon="-121.206131"/>
      <trkpt lat="47.508655" lon="-121.205975"/>
      <trkpt lat="47.508623" lon="-121.205840"/>
      <trkpt lat="47.508589" lon="-121.205663"/>
      <trkpt lat="47.508558" lon="-121.205549"/>
      <trkpt lat="47.508449" lon="-121.205303"/>
      <trkpt lat="47.508403" lon="-121.205185"/>
      <trkpt lat="47.508360" lon="-121.205049"/>
      <trkpt lat="47.508296" lon="-121.204896"/>
      <trkpt lat="47.508214" lon="-121.204743"/>
      <trkpt lat="47.508134" lon="-121.204537"/>
      <trkpt lat="47.508098" lon="-121.204273"/>
      <trkpt lat="47.508105" lon="-121.204254"/>
      <trkpt lat="47.508167" lon="-121.204479"/>
      <trkpt lat="47.508182" lon="-121.204467"/>
      <trkpt lat="47.508123" lon="-121.204228"/>
      <trkpt lat="47.508138" lon="-121.204230"/>
      <trkpt lat="47.508173" lon="-121.204270"/>
      <trkpt lat="47.508249" lon="-121.204451"/>
      <trkpt lat="47.508287" lon="-121.204515"/>
      <trkpt lat="47.508333" lon="-121.204570"/>
      <trkpt lat="47.508401" lon="-121.204608"/>
      <trkpt lat="47.508486" lon="-121.204682"/>
      <trkpt lat="47.508770" lon="-121.204965"/>
      <trkpt lat="47.508866" lon="-121.205096"/>
      <trkpt lat="47.508938" lon="-121.205168"/>
      <trkpt lat="47.509057" lon="-121.205246"/>
      <trkpt lat="47.509135" lon="-121.205288"/>
      <trkpt lat="47.509208" lon="-121.205309"/>
      <trkpt lat="47.509296" lon="-121.205375"/>
      <trkpt lat="47.509346" lon="-121.205469"/>
      <trkpt lat="47.509448" lon="-121.205559"/>
      <trkpt lat="47.509580" lon="-121.205701"/>
      <trkpt lat="47.509646" lon="-121.205763"/>
      <trkpt lat="47.509718" lon="-121.205803"/>
      <trkpt lat="47.509779" lon="-121.205879"/>
      <trkpt lat="47.509805" lon="-121.205953"/>
      <trkpt lat="47.509872" lon="-121.206041"/>
      <trkpt lat="47.509996" lon="-121.206173"/>
      <trkpt lat="47.510103" lon="-121.206255"/>
      <trkpt lat="47.510184" lon="-121.206307"/>
      <trkpt lat="47.510311" lon="-121.206322"/>
      <trkpt lat="47.510403" lon="-121.206324"/>
      <trkpt lat="47.510479" lon="-121.206347"/>
      <trkpt lat="47.510539" lon="-121.206386"/>
      <trkpt lat="47.510695" lon="-121.206540"/>
      <trkpt lat="47.510810" lon="-121.206705"/>
      <trkpt lat="47.510818" lon="-121.206779"/>
      <trkpt lat="47.510817" lon="-121.206858"/>
      <trkpt lat="47.510849" lon="-121.206888"/>
      <trkpt lat="47.511012" lon="-121.206998"/>
      <trkpt lat="47.511146" lon="-121.207042"/>
      <trkpt lat="47.511351" lon="-121.207179"/>
      <trkpt lat="47.511454" lon="-121.207295"/>
      <trkpt lat="47.511537" lon="-121.207399"/>
      <trkpt lat="47.511613" lon="-121.207432"/>
      <trkpt lat="47.511713" lon="-121.207515"/>
      <trkpt lat="47.511792" lon="-121.207659"/>
      <trkpt lat="47.511905" lon="-121.207726"/>
      <trkpt lat="47.512071" lon="-121.207745"/>
      <trkpt lat="47.512157" lon="-121.207778"/>
      <trkpt lat="47.512258" lon="-121.207849"/>
      <trkpt lat="47.512428" lon="-121.208018"/>
      <trkpt lat="47.512483" lon="-121.208062"/>
      <trkpt lat="47.512588" lon="-121.208054"/>
      <trkpt lat="47.512627" lon="-121.208030"/>
      <trkpt lat="47.512669" lon="-121.208040"/>
      <trkpt lat="47.512732" lon="-121.208151"/>
      <trkpt lat="47.512862" lon="-121.208363"/>
      <trkpt lat="47.513459" lon="-121.209066"/>
      <trkpt lat="47.513540" lon="-121.209125"/>
      <trkpt lat="47.513690" lon="-121.209181"/>
      <trkpt lat="47.513820" lon="-121.209184"/>
      <trkpt lat="47.513882" lon="-121.209228"/>
      <trkpt lat="47.513923" lon="-121.209236"/>
      <trkpt lat="47.513932" lon="-121.209204"/>
      <trkpt lat="47.513890" lon="-121.209048"/>
      <trkpt lat="47.513900" lon="-121.208947"/>
      <trkpt lat="47.513893" lon="-121.208901"/>
      <trkpt lat="47.513913" lon="-121.208859"/>
      <trkpt lat="47.513938" lon="-121.208859"/>
      <trkpt lat="47.513964" lon="-121.208901"/>
      <trkpt lat="47.514018" lon="-121.209028"/>
      <trkpt lat="47.514054" lon="-121.209097"/>
      <trkpt lat="47.514090" lon="-121.209189"/>
      <trkpt lat="47.514120" lon="-121.209294"/>
      <trkpt lat="47.514169" lon="-121.209365"/>
      <trkpt lat="47.514265" lon="-121.209471"/>
      <trkpt lat="47.514315" lon="-121.209590"/>
      <trkpt lat="47.514376" lon="-121.209671"/>
      <trkpt lat="47.514441" lon="-121.209787"/>
      <trkpt lat="47.514476" lon="-121.209916"/>
      <trkpt lat="47.514536" lon="-121.210015"/>
      <trkpt lat="47.514604" lon="-121.210069"/>
      <trkpt lat="47.514671" lon="-121.210098"/>
      <trkpt lat="47.514783" lon="-121.210114"/>
      <trkpt lat="47.514943" lon="-121.210109"/>
      <trkpt lat="47.515006" lon="-121.210116"/>
      <trkpt lat="47.515086" lon="-121.210164"/>
      <trkpt lat="47.515452" lon="-121.210459"/>
      <trkpt lat="47.515553" lon="-121.210557"/>
      <trkpt lat="47.515613" lon="-121.210621"/>
      <trkpt lat="47.515684" lon="-121.210710"/>
      <trkpt lat="47.515752" lon="-121.210755"/>
      <trkpt lat="47.515857" lon="-121.210757"/>
      <trkpt lat="47.515928" lon="-121.210688"/>
      <trkpt lat="47.515997" lon="-121.210662"/>
      <trkpt lat="47.516037" lon="-121.210611"/>
      <trkpt lat="47.516090" lon="-121.210517"/>
      <trkpt lat="47.516121" lon="-121.210392"/>
      <trkpt lat="47.516131" lon="-121.210322"/>
      <trkpt lat="47.516130" lon="-121.210236"/>
      <trkpt lat="47.516119" lon="-121.210155"/>
      <trkpt lat="47.516132" lon="-121.210080"/>
      <trkpt lat="47.516156" lon="-121.210046"/>
      <trkpt lat="47.516199" lon="-121.210011"/>
      <trkpt lat="47.516230" lon="-121.209974"/>
      <trkpt lat="47.516299" lon="-121.209727"/>
      <trkpt lat="47.516324" lon="-121.209678"/>
      <trkpt lat="47.516373" lon="-121.209656"/>
      <trkpt lat="47.516411" lon="-121.209696"/>
      <trkpt lat="47.516454" lon="-121.209695"/>
      <trkpt lat="47.516496" lon="-121.209648"/>
      <trkpt lat="47.516506" lon="-121.209551"/>
      <trkpt lat="47.516530" lon="-121.209449"/>
      <trkpt lat="47.516561" lon="-121.209365"/>
      <trkpt lat="47.516614" lon="-121.209294"/>
      <trkpt lat="47.516681" lon="-121.209248"/>
      <trkpt lat="47.516755" lon="-121.209212"/>
      <trkpt lat="47.516820" lon="-121.209201"/>
      <trkpt lat="47.516889" lon="-121.209219"/>
      <trkpt lat="47.516924" lon="-121.209208"/>
      <trkpt lat="47.516958" lon="-121.209161"/>
      <trkpt lat="47.516965" lon="-121.209098"/>
      <trkpt lat="47.516953" lon="-121.209020"/>
      <trkpt lat="47.516925" lon="-121.208961"/>
      <trkpt lat="47.516918" lon="-121.208902"/>
      <trkpt lat="47.516914" lon="-121.208848"/>
      <trkpt lat="47.516921" lon="-121.208784"/>
    </trkseg>
    <trkseg>
      <trkpt lat="47.516921" lon="-121.208784"/>
      <trkpt lat="47.517045" lon="-121.208559"/>
    </trkseg>
    <trkseg>
      <trkpt lat="47.517045" lon="-121.208559"/>
      <trkpt lat="47.517081" lon="-121.208523"/>
      <trkpt lat="47.517128" lon="-121.208539"/>
      <trkpt lat="47.517167" lon="-121.208559"/>
      <trkpt lat="47.517210" lon="-121.208541"/>
      <trkpt lat="47.517250" lon="-121.208490"/>
      <trkpt lat="47.517261" lon="-121.208424"/>
      <trkpt lat="47.517244" lon="-121.208377"/>
      <trkpt lat="47.517055" lon="-121.208006"/>
      <trkpt lat="47.517029" lon="-121.207931"/>
      <trkpt lat="47.516989" lon="-121.207872"/>
      <trkpt lat="47.516941" lon="-121.207860"/>
      <trkpt lat="47.516882" lon="-121.207859"/>
      <trkpt lat="47.516783" lon="-121.207810"/>
      <trkpt lat="47.516763" lon="-121.207770"/>
      <trkpt lat="47.516760" lon="-121.207687"/>
      <trkpt lat="47.516784" lon="-121.207576"/>
      <trkpt lat="47.516834" lon="-121.207479"/>
      <trkpt lat="47.516855" lon="-121.207412"/>
      <trkpt lat="47.516867" lon="-121.207350"/>
      <trkpt lat="47.516974" lon="-121.207290"/>
      <trkpt lat="47.517023" lon="-121.207239"/>
      <trkpt lat="47.517037" lon="-121.207216"/>
      <trkpt lat="47.517046" lon="-121.207183"/>
      <trkpt lat="47.517021" lon="-121.207125"/>
      <trkpt lat="47.516924" lon="-121.207024"/>
      <trkpt lat="47.516906" lon="-121.206950"/>
      <trkpt lat="47.516909" lon="-121.206873"/>
      <trkpt lat="47.516965" lon="-121.206803"/>
      <trkpt lat="47.517060" lon="-121.206638"/>
      <trkpt lat="47.517072" lon="-121.206499"/>
      <trkpt lat="47.517099" lon="-121.206358"/>
      <trkpt lat="47.517144" lon="-121.206304"/>
      <trkpt lat="47.517200" lon="-121.206305"/>
      <trkpt lat="47.517316" lon="-121.206127"/>
      <trkpt lat="47.517345" lon="-121.206041"/>
      <trkpt lat="47.517340" lon="-121.205938"/>
      <trkpt lat="47.517355" lon="-121.205862"/>
      <trkpt lat="47.517504" lon="-121.205632"/>
      <trkpt lat="47.517529" lon="-121.205572"/>
      <trkpt lat="47.517539" lon="-121.205379"/>
      <trkpt lat="47.517579" lon="-121.205285"/>
      <trkpt lat="47.517657" lon="-121.205160"/>
      <trkpt lat="47.517831" lon="-121.204973"/>
      <trkpt lat="47.517952" lon="-121.204911"/>
      <trkpt lat="47.518006" lon="-121.204864"/>
      <trkpt lat="47.518047" lon="-121.204773"/>
      <trkpt lat="47.518172" lon="-121.204307"/>
      <trkpt lat="47.518204" lon="-121.204222"/>
      <trkpt lat="47.518248" lon="-121.204192"/>
      <trkpt lat="47.518302" lon="-121.204192"/>
      <trkpt lat="47.518366" lon="-121.204140"/>
      <trkpt lat="47.518427" lon="-121.204066"/>
      <trkpt lat="47.518480" lon="-121.203987"/>
      <trkpt lat="47.518529" lon="-121.203874"/>
      <trkpt lat="47.518559" lon="-121.203779"/>
      <trkpt lat="47.518574" lon="-121.203673"/>
      <trkpt lat="47.518565" lon="-121.203518"/>
      <trkpt lat="47.518525" lon="-121.203414"/>
      <trkpt lat="47.518439" lon="-121.203261"/>
      <trkpt lat="47.518422" lon="-121.203182"/>
      <trkpt lat="47.518421" lon="-121.203074"/>
      <trkpt lat="47.518452" lon="-121.202919"/>
      <trkpt lat="47.518500" lon="-121.202773"/>
      <trkpt lat="47.518552" lon="-121.202675"/>
      <trkpt lat="47.518593" lon="-121.202564"/>
      <trkpt lat="47.518616" lon="-121.202437"/>
      <trkpt lat="47.518619" lon="-121.202314"/>
      <trkpt lat="47.518605" lon="-121.202230"/>
      <trkpt lat="47.518528" lon="-121.202111"/>
      <trkpt lat="47.518513" lon="-121.202011"/>
      <trkpt lat="47.518517" lon="-121.201909"/>
      <trkpt lat="47.518535" lon="-121.201763"/>
      <trkpt lat="47.518559" lon="-121.201718"/>
      <trkpt lat="47.518576" lon="-121.201649"/>
      <trkpt lat="47.518561" lon="-121.201553"/>
      <trkpt lat="47.518514" lon="-121.201495"/>
      <trkpt lat="47.518461" lon="-121.201439"/>
      <trkpt lat="47.518413" lon="-121.201357"/>
      <trkpt lat="47.518383" lon="-121.201255"/>
      <trkpt lat="47.518348" lon="-121.201197"/>
      <trkpt lat="47.518284" lon="-121.201148"/>
      <trkpt lat="47.518203" lon="-121.201110"/>
      <trkpt lat="47.518111" lon="-121.201036"/>
      <trkpt lat="47.518081" lon="-121.200953"/>
      <trkpt lat="47.518073" lon="-121.200857"/>
      <trkpt lat="47.518042" lon="-121.200784"/>
      <trkpt lat="47.517982" lon="-121.200704"/>
      <trkpt lat="47.517905" lon="-121.200625"/>
      <trkpt lat="47.517725" lon="-121.200383"/>
      <trkpt lat="47.517715" lon="-121.200314"/>
      <trkpt lat="47.517715" lon="-121.200220"/>
      <trkpt lat="47.517676" lon="-121.200138"/>
      <trkpt lat="47.517629" lon="-121.200100"/>
      <trkpt lat="47.517559" lon="-121.199986"/>
      <trkpt lat="47.517411" lon="-121.199709"/>
      <trkpt lat="47.517356" lon="-121.199567"/>
      <trkpt lat="47.517269" lon="-121.199406"/>
      <trkpt lat="47.517219" lon="-121.199339"/>
      <trkpt lat="47.517137" lon="-121.199151"/>
      <trkpt lat="47.517096" lon="-121.199037"/>
      <trkpt lat="47.517047" lon="-121.198865"/>
      <trkpt lat="47.517026" lon="-121.198770"/>
      <trkpt lat="47.516996" lon="-121.198718"/>
      <trkpt lat="47.516922" lon="-121.198633"/>
      <trkpt lat="47.516859" lon="-121.198589"/>
      <trkpt lat="47.516770" lon="-121.198554"/>
      <trkpt lat="47.516724" lon="-121.198515"/>
      <trkpt lat="47.516716" lon="-121.198467"/>
      <trkpt lat="47.516718" lon="-121.198393"/>
      <trkpt lat="47.516714" lon="-121.198334"/>
      <trkpt lat="47.516701" lon="-121.198306"/>
      <trkpt lat="47.516660" lon="-121.198284"/>
      <trkpt lat="47.516586" lon="-121.198272"/>
      <trkpt lat="47.516481" lon="-121.198247"/>
      <trkpt lat="47.516405" lon="-121.198217"/>
      <trkpt lat="47.516347" lon="-121.198172"/>
      <trkpt lat="47.516288" lon="-121.198077"/>
      <trkpt lat="47.516200" lon="-121.197853"/>
      <trkpt lat="47.516000" lon="-121.197501"/>
      <trkpt lat="47.515969" lon="-121.197436"/>
      <trkpt lat="47.515956" lon="-121.197378"/>
      <trkpt lat="47.515968" lon="-121.197323"/>
      <trkpt lat="47.515992" lon="-121.197254"/>
      <trkpt lat="47.516006" lon="-121.197187"/>
      <trkpt lat="47.515993" lon="-121.197092"/>
      <trkpt lat="47.515909" lon="-121.197060"/>
      <trkpt lat="47.515904" lon="-121.197010"/>
      <trkpt lat="47.515939" lon="-121.196933"/>
      <trkpt lat="47.515951" lon="-121.196875"/>
      <trkpt lat="47.515945" lon="-121.196685"/>
      <trkpt lat="47.515917" lon="-121.196549"/>
      <trkpt lat="47.515923" lon="-121.196444"/>
      <trkpt lat="47.515916" lon="-121.196367"/>
      <trkpt lat="47.515878" lon="-121.196298"/>
      <trkpt lat="47.515847" lon="-121.196262"/>
      <trkpt lat="47.515815" lon="-121.196207"/>
      <trkpt lat="47.515799" lon="-121.196149"/>
      <trkpt lat="47.515810" lon="-121.196070"/>
      <trkpt lat="47.515837" lon="-121.196018"/>
      <trkpt lat="47.515848" lon="-121.195927"/>
      <trkpt lat="47.515827" lon="-121.195844"/>
      <trkpt lat="47.515790" lon="-121.195775"/>
      <trkpt lat="47.515789" lon="-121.195685"/>
      <trkpt lat="47.515755" lon="-121.195550"/>
      <trkpt lat="47.515706" lon="-121.195427"/>
      <trkpt lat="47.515646" lon="-121.195330"/>
      <trkpt lat="47.515560" lon="-121.195238"/>
      <trkpt lat="47.515550" lon="-121.195185"/>
      <trkpt lat="47.515597" lon="-121.195043"/>
      <trkpt lat="47.515597" lon="-121.194997"/>
      <trkpt lat="47.515584" lon="-121.194952"/>
      <trkpt lat="47.515523" lon="-121.194877"/>
      <trkpt lat="47.515452" lon="-121.194812"/>
      <trkpt lat="47.515385" lon="-121.194694"/>
      <trkpt lat="47.515303" lon="-121.194532"/>
      <trkpt lat="47.515223" lon="-121.194401"/>
      <trkpt lat="47.515157" lon="-121.194256"/>
      <trkpt lat="47.515114" lon="-121.194138"/>
      <trkpt lat="47.515073" lon="-121.194068"/>
      <trkpt lat="47.514955" lon="-121.193977"/>
      <trkpt lat="47.514907" lon="-121.193887"/>
      <trkpt lat="47.514872" lon="-121.193806"/>
      <trkpt lat="47.514794" lon="-121.193694"/>
      <trkpt lat="47.514706" lon="-121.193596"/>
      <trkpt lat="47.514551" lon="-121.193400"/>
      <trkpt lat="47.514398" lon="-121.193251"/>
      <trkpt lat="47.514311" lon="-121.193136"/>
      <trkpt lat="47.514274" lon="-121.193049"/>
      <trkpt lat="47.514223" lon="-121.192966"/>
      <trkpt lat="47.514164" lon="-121.192921"/>
      <trkpt lat="47.514103" lon="-121.192884"/>
      <trkpt lat="47.514052" lon="-121.192841"/>
      <trkpt lat="47.514012" lon="-121.192791"/>
      <trkpt lat="47.513982" lon="-121.192704"/>
      <trkpt lat="47.513962" lon="-121.192498"/>
      <trkpt lat="47.513925" lon="-121.192400"/>
      <trkpt lat="47.513864" lon="-121.192271"/>
      <trkpt lat="47.513828" lon="-121.192134"/>
      <trkpt lat="47.513801" lon="-121.192062"/>
      <trkpt lat="47.513682" lon="-121.191874"/>
      <trkpt lat="47.513642" lon="-121.191782"/>
      <trkpt lat="47.513613" lon="-121.191647"/>
      <trkpt lat="47.513597" lon="-121.191472"/>
      <trkpt lat="47.513544" lon="-121.191291"/>
      <trkpt lat="47.513541" lon="-121.191206"/>
      <trkpt lat="47.513564" lon="-121.191106"/>
      <trkpt lat="47.513674" lon="-121.190906"/>
      <trkpt lat="47.513695" lon="-121.190833"/>
      <trkpt lat="47.513706" lon="-121.190713"/>
      <trkpt lat="47.513698" lon="-121.190613"/>
      <trkpt lat="47.513646" lon="-121.190511"/>
      <trkpt lat="47.513598" lon="-121.190431"/>
      <trkpt lat="47.513518" lon="-121.190324"/>
      <trkpt lat="47.513441" lon="-121.190243"/>
      <trkpt lat="47.513375" lon="-121.190145"/>
      <trkpt lat="47.513329" lon="-121.190049"/>
      <trkpt lat="47.513293" lon="-121.189928"/>
      <trkpt lat="47.513288" lon="-121.189799"/>
      <trkpt lat="47.513278" lon="-121.189704"/>
      <trkpt lat="47.513249" lon="-121.189607"/>
      <trkpt lat="47.513207" lon="-121.189522"/>
      <trkpt lat="47.513168" lon="-121.189426"/>
      <trkpt lat="47.513114" lon="-121.189386"/>
      <trkpt lat="47.513067" lon="-121.189315"/>
      <trkpt lat="47.513000" lon="-121.189182"/>
      <trkpt lat="47.512940" lon="-121.189005"/>
      <trkpt lat="47.512812" lon="-121.188749"/>
      <trkpt lat="47.512756" lon="-121.188582"/>
      <trkpt lat="47.512654" lon="-121.188308"/>
      <trkpt lat="47.512624" lon="-121.188179"/>
      <trkpt lat="47.512588" lon="-121.188098"/>
      <trkpt lat="47.512543" lon="-121.188010"/>
      <trkpt lat="47.512468" lon="-121.187836"/>
      <trkpt lat="47.512416" lon="-121.187702"/>
      <trkpt lat="47.512370" lon="-121.187608"/>
      <trkpt lat="47.512320" lon="-121.187539"/>
      <trkpt lat="47.512281" lon="-121.187446"/>
      <trkpt lat="47.512258" lon="-121.187325"/>
      <trkpt lat="47.512271" lon="-121.187203"/>
      <trkpt lat="47.512266" lon="-121.187104"/>
      <trkpt lat="47.512226" lon="-121.186988"/>
      <trkpt lat="47.512190" lon="-121.186840"/>
      <trkpt lat="47.512172" lon="-121.186632"/>
      <trkpt lat="47.512140" lon="-121.186519"/>
      <trkpt lat="47.512135" lon="-121.186436"/>
      <trkpt lat="47.512135" lon="-121.186345"/>
      <trkpt lat="47.512122" lon="-121.186267"/>
      <trkpt lat="47.512089" lon="-121.186204"/>
      <trkpt lat="47.512055" lon="-121.186106"/>
      <trkpt lat="47.511992" lon="-121.185976"/>
      <trkpt lat="47.511954" lon="-121.185877"/>
      <trkpt lat="47.511908" lon="-121.185695"/>
      <trkpt lat="47.511856" lon="-121.185576"/>
      <trkpt lat="47.511832" lon="-121.185477"/>
      <trkpt lat="47.511802" lon="-121.185380"/>
      <trkpt lat="47.511788" lon="-121.185269"/>
      <trkpt lat="47.511770" lon="-121.185171"/>
      <trkpt lat="47.511744" lon="-121.185092"/>
      <trkpt lat="47.511675" lon="-121.184983"/>
      <trkpt lat="47.511603" lon="-121.184700"/>
      <trkpt lat="47.511561" lon="-121.184558"/>
      <trkpt lat="47.511472" lon="-121.184417"/>
      <trkpt lat="47.511387" lon="-121.184252"/>
      <trkpt lat="47.511363" lon="-121.184144"/>
      <trkpt lat="47.511362" lon="-121.183958"/>
      <trkpt lat="47.511350" lon="-121.183802"/>
      <trkpt lat="47.511328" lon="-121.183704"/>
      <trkpt lat="47.511313" lon="-121.183602"/>
      <trkpt lat="47.511288" lon="-121.183516"/>
      <trkpt lat="47.511204" lon="-121.183329"/>
      <trkpt lat="47.511005" lon="-121.183015"/>
      <trkpt lat="47.510957" lon="-121.182885"/>
      <trkpt lat="47.510913" lon="-121.182746"/>
      <trkpt lat="47.510880" lon="-121.182615"/>
      <trkpt lat="47.510820" lon="-121.182489"/>
      <trkpt lat="47.510766" lon="-121.182354"/>
      <trkpt lat="47.510630" lon="-121.182136"/>
      <trkpt lat="47.510596" lon="-121.182060"/>
      <trkpt lat="47.510597" lon="-121.181989"/>
      <trkpt lat="47.510604" lon="-121.181947"/>
      <trkpt lat="47.510538" lon="-121.181816"/>
      <trkpt lat="47.510456" lon="-121.181616"/>
      <trkpt lat="47.510405" lon="-121.181554"/>
      <trkpt lat="47.510342" lon="-121.181514"/>
      <trkpt lat="47.510288" lon="-121.181460"/>
      <trkpt lat="47.510261" lon="-121.181407"/>
      <trkpt lat="47.510250" lon="-121.181278"/>
      <trkpt lat="47.510217" lon="-121.181146"/>
      <trkpt lat="47.510208" lon="-121.181004"/>
      <trkpt lat="47.510179" lon="-121.180970"/>
      <trkpt lat="47.510126" lon="-121.180935"/>
      <trkpt lat="47.510041" lon="-121.180794"/>
      <trkpt lat="47.510009" lon="-121.180707"/>
      <trkpt lat="47.509994" lon="-121.180581"/>
      <trkpt lat="47.509956" lon="-121.180465"/>
      <trkpt lat="47.509922" lon="-121.180377"/>
      <trkpt lat="47.509900" lon="-121.180221"/>
      <trkpt lat="47.509815" lon="-121.180001"/>
      <trkpt lat="47.509779" lon="-121.179897"/>
      <trkpt lat="47.509695" lon="-121.179789"/>
      <trkpt lat="47.509616" lon="-121.179647"/>
      <trkpt lat="47.509536" lon="-121.179484"/>
      <trkpt lat="47.509409" lon="-121.179307"/>
      <trkpt lat="47.509369" lon="-121.179210"/>
      <trkpt lat="47.509346" lon="-121.179089"/>
      <trkpt lat="47.509342" lon="-121.178977"/>
      <trkpt lat="47.509355" lon="-121.178757"/>
      <trkpt lat="47.509416" lon="-121.178652"/>
      <trkpt lat="47.509436" lon="-121.178582"/>
      <trkpt lat="47.509433" lon="-121.178521"/>
      <trkpt lat="47.509385" lon="-121.178488"/>
      <trkpt lat="47.509213" lon="-121.178325"/>
      <trkpt lat="47.508916" lon="-121.177952"/>
      <trkpt lat="47.508884" lon="-121.177866"/>
      <trkpt lat="47.508887" lon="-121.177778"/>
      <trkpt lat="47.508956" lon="-121.177655"/>
      <trkpt lat="47.508956" lon="-121.177603"/>
      <trkpt lat="47.508949" lon="-121.177555"/>
      <trkpt lat="47.508920" lon="-121.177531"/>
      <trkpt lat="47.508795" lon="-121.177488"/>
      <trkpt lat="47.508724" lon="-121.177428"/>
      <trkpt lat="47.508675" lon="-121.177367"/>
      <trkpt lat="47.508603" lon="-121.177290"/>
      <trkpt lat="47.508534" lon="-121.177190"/>
      <trkpt lat="47.508507" lon="-121.177110"/>
      <trkpt lat="47.508485" lon="-121.177024"/>
      <trkpt lat="47.508443" lon="-121.176965"/>
      <trkpt lat="47.508297" lon="-121.176783"/>
      <trkpt lat="47.508025" lon="-121.176286"/>
      <trkpt lat="47.507961" lon="-121.176139"/>
      <trkpt lat="47.507887" lon="-121.176040"/>
      <trkpt lat="47.507787" lon="-121.175919"/>
      <trkpt lat="47.507717" lon="-121.175774"/>
      <trkpt lat="47.507597" lon="-121.175592"/>
      <trkpt lat="47.507572" lon="-121.175492"/>
      <trkpt lat="47.507536" lon="-121.175074"/>
      <trkpt lat="47.507483" lon="-121.174814"/>
      <trkpt lat="47.507427" lon="-121.174669"/>
      <trkpt lat="47.507311" lon="-121.174442"/>
      <trkpt lat="47.507153" lon="-121.174100"/>
      <trkpt lat="47.506970" lon="-121.173725"/>
      <trkpt lat="47.506923" lon="-121.173577"/>
      <trkpt lat="47.506903" lon="-121.173454"/>
      <trkpt lat="47.506892" lon="-121.173322"/>
      <trkpt lat="47.506901" lon="-121.172869"/>
      <trkpt lat="47.506887" lon="-121.172762"/>
      <trkpt lat="47.506871" lon="-121.172676"/>
      <trkpt lat="47.506814" lon="-121.172612"/>
      <trkpt lat="47.506789" lon="-121.172545"/>
      <trkpt lat="47.506757" lon="-121.172258"/>
      <trkpt lat="47.506758" lon="-121.172038"/>
      <trkpt lat="47.506735" lon="-121.171725"/>
    </trkseg>
    <trkseg>
      <trkpt lat="47.506735" lon="-121.171725"/>
      <trkpt lat="47.506737" lon="-121.171520"/>
      <trkpt lat="47.506731" lon="-121.171359"/>
      <trkpt lat="47.506742" lon="-121.171238"/>
      <trkpt lat="47.506760" lon="-121.171137"/>
      <trkpt lat="47.506764" lon="-121.171032"/>
      <trkpt lat="47.506731" lon="-121.170976"/>
      <trkpt lat="47.506673" lon="-121.170927"/>
      <trkpt lat="47.506555" lon="-121.170841"/>
      <trkpt lat="47.506515" lon="-121.170801"/>
      <trkpt lat="47.506492" lon="-121.170737"/>
      <trkpt lat="47.506492" lon="-121.170672"/>
      <trkpt lat="47.506510" lon="-121.170600"/>
      <trkpt lat="47.506546" lon="-121.170549"/>
      <trkpt lat="47.506566" lon="-121.170450"/>
      <trkpt lat="47.506574" lon="-121.170353"/>
      <trkpt lat="47.506564" lon="-121.170254"/>
      <trkpt lat="47.506512" lon="-121.170138"/>
      <trkpt lat="47.506488" lon="-121.170058"/>
      <trkpt lat="47.506478" lon="-121.169978"/>
      <trkpt lat="47.506506" lon="-121.169938"/>
      <trkpt lat="47.506519" lon="-121.169895"/>
      <trkpt lat="47.506501" lon="-121.169830"/>
      <trkpt lat="47.506506" lon="-121.169766"/>
      <trkpt lat="47.506546" lon="-121.169637"/>
      <trkpt lat="47.506526" lon="-121.169584"/>
      <trkpt lat="47.506483" lon="-121.169506"/>
      <trkpt lat="47.506427" lon="-121.169436"/>
      <trkpt lat="47.506396" lon="-121.169385"/>
      <trkpt lat="47.506405" lon="-121.169321"/>
      <trkpt lat="47.506407" lon="-121.169251"/>
      <trkpt lat="47.506394" lon="-121.169173"/>
      <trkpt lat="47.506356" lon="-121.169117"/>
      <trkpt lat="47.506295" lon="-121.168945"/>
      <trkpt lat="47.506296" lon="-121.168771"/>
      <trkpt lat="47.506284" lon="-121.168744"/>
      <trkpt lat="47.506180" lon="-121.168674"/>
      <trkpt lat="47.506115" lon="-121.168596"/>
      <trkpt lat="47.506082" lon="-121.168529"/>
      <trkpt lat="47.506061" lon="-121.168431"/>
      <trkpt lat="47.506059" lon="-121.168374"/>
      <trkpt lat="47.506072" lon="-121.168283"/>
      <trkpt lat="47.506102" lon="-121.168234"/>
      <trkpt lat="47.506121" lon="-121.168197"/>
      <trkpt lat="47.506113" lon="-121.168149"/>
      <trkpt lat="47.506090" lon="-121.168122"/>
      <trkpt lat="47.506030" lon="-121.168106"/>
      <trkpt lat="47.505976" lon="-121.168103"/>
      <trkpt lat="47.505934" lon="-121.168095"/>
      <trkpt lat="47.505860" lon="-121.167996"/>
      <trkpt lat="47.505785" lon="-121.167934"/>
      <trkpt lat="47.505735" lon="-121.167835"/>
      <trkpt lat="47.505646" lon="-121.167438"/>
      <trkpt lat="47.505602" lon="-121.167384"/>
      <trkpt lat="47.505542" lon="-121.167322"/>
      <trkpt lat="47.505494" lon="-121.167245"/>
      <trkpt lat="47.505359" lon="-121.166974"/>
      <trkpt lat="47.505307" lon="-121.166880"/>
      <trkpt lat="47.505235" lon="-121.166797"/>
      <trkpt lat="47.505173" lon="-121.166687"/>
      <trkpt lat="47.505122" lon="-121.166617"/>
      <trkpt lat="47.505044" lon="-121.166566"/>
      <trkpt lat="47.504984" lon="-121.166515"/>
      <trkpt lat="47.504966" lon="-121.166421"/>
      <trkpt lat="47.504963" lon="-121.166351"/>
      <trkpt lat="47.504956" lon="-121.166301"/>
      <trkpt lat="47.504841" lon="-121.166150"/>
      <trkpt lat="47.504725" lon="-121.165936"/>
      <trkpt lat="47.504682" lon="-121.165834"/>
      <trkpt lat="47.504627" lon="-121.165751"/>
      <trkpt lat="47.504580" lon="-121.165654"/>
      <trkpt lat="47.504555" lon="-121.165571"/>
      <trkpt lat="47.504539" lon="-121.165498"/>
      <trkpt lat="47.504503" lon="-121.165461"/>
      <trkpt lat="47.504443" lon="-121.165426"/>
      <trkpt lat="47.504379" lon="-121.165362"/>
      <trkpt lat="47.504357" lon="-121.165289"/>
      <trkpt lat="47.504348" lon="-121.165220"/>
      <trkpt lat="47.504309" lon="-121.165163"/>
      <trkpt lat="47.504269" lon="-121.165093"/>
      <trkpt lat="47.504221" lon="-121.164965"/>
      <trkpt lat="47.504138" lon="-121.164648"/>
      <trkpt lat="47.504073" lon="-121.164482"/>
      <trkpt lat="47.504001" lon="-121.164337"/>
      <trkpt lat="47.503948" lon="-121.164243"/>
      <trkpt lat="47.503892" lon="-121.164069"/>
      <trkpt lat="47.503821" lon="-121.163938"/>
      <trkpt lat="47.503725" lon="-121.163736"/>
      <trkpt lat="47.503664" lon="-121.163581"/>
      <trkpt lat="47.503557" lon="-121.163235"/>
      <trkpt lat="47.503526" lon="-121.163114"/>
      <trkpt lat="47.503491" lon="-121.163033"/>
      <trkpt lat="47.503441" lon="-121.162942"/>
      <trkpt lat="47.503375" lon="-121.162800"/>
      <trkpt lat="47.503339" lon="-121.162679"/>
      <trkpt lat="47.503243" lon="-121.162414"/>
      <trkpt lat="47.503227" lon="-121.162301"/>
      <trkpt lat="47.503229" lon="-121.162189"/>
      <trkpt lat="47.503207" lon="-121.162071"/>
      <trkpt lat="47.503207" lon="-121.161955"/>
      <trkpt lat="47.503191" lon="-121.161829"/>
      <trkpt lat="47.503196" lon="-121.161714"/>
      <trkpt lat="47.503220" lon="-121.161609"/>
      <trkpt lat="47.503216" lon="-121.161524"/>
      <trkpt lat="47.503162" lon="-121.161381"/>
      <trkpt lat="47.503064" lon="-121.161070"/>
      <trkpt lat="47.502968" lon="-121.160856"/>
      <trkpt lat="47.502952" lon="-121.160721"/>
      <trkpt lat="47.502942" lon="-121.160510"/>
      <trkpt lat="47.502944" lon="-121.160351"/>
      <trkpt lat="47.502941" lon="-121.160223"/>
      <trkpt lat="47.502944" lon="-121.160147"/>
      <trkpt lat="47.502957" lon="-121.160064"/>
      <trkpt lat="47.503002" lon="-121.159997"/>
      <trkpt lat="47.503064" lon="-121.159954"/>
      <trkpt lat="47.503136" lon="-121.159962"/>
      <trkpt lat="47.503200" lon="-121.159941"/>
      <trkpt lat="47.503241" lon="-121.159901"/>
      <trkpt lat="47.503265" lon="-121.159804"/>
      <trkpt lat="47.503283" lon="-121.159673"/>
      <trkpt lat="47.503298" lon="-121.159496"/>
      <trkpt lat="47.503285" lon="-121.159150"/>
      <trkpt lat="47.503332" lon="-121.158837"/>
      <trkpt lat="47.503354" lon="-121.158774"/>
      <trkpt lat="47.503408" lon="-121.158715"/>
      <trkpt lat="47.503493" lon="-121.158672"/>
      <trkpt lat="47.503653" lon="-121.158517"/>
      <trkpt lat="47.503720" lon="-121.158399"/>
      <trkpt lat="47.503760" lon="-121.158350"/>
      <trkpt lat="47.503854" lon="-121.158278"/>
      <trkpt lat="47.503970" lon="-121.158243"/>
      <trkpt lat="47.504162" lon="-121.158109"/>
      <trkpt lat="47.504202" lon="-121.158072"/>
      <trkpt lat="47.504245" lon="-121.157994"/>
      <trkpt lat="47.504274" lon="-121.157913"/>
      <trkpt lat="47.504323" lon="-121.157865"/>
      <trkpt lat="47.504408" lon="-121.157792"/>
      <trkpt lat="47.504515" lon="-121.157747"/>
      <trkpt lat="47.504615" lon="-121.157750"/>
      <trkpt lat="47.504740" lon="-121.157704"/>
      <trkpt lat="47.504921" lon="-121.157648"/>
      <trkpt lat="47.505053" lon="-121.157575"/>
      <trkpt lat="47.505176" lon="-121.157492"/>
      <trkpt lat="47.505263" lon="-121.157417"/>
      <trkpt lat="47.505323" lon="-121.157291"/>
      <trkpt lat="47.505407" lon="-121.157184"/>
      <trkpt lat="47.505570" lon="-121.157025"/>
      <trkpt lat="47.505711" lon="-121.156859"/>
      <trkpt lat="47.505820" lon="-121.156768"/>
      <trkpt lat="47.505878" lon="-121.156685"/>
      <trkpt lat="47.505950" lon="-121.156553"/>
      <trkpt lat="47.506003" lon="-121.156441"/>
      <trkpt lat="47.506093" lon="-121.156323"/>
      <trkpt lat="47.506151" lon="-121.156290"/>
      <trkpt lat="47.506240" lon="-121.156264"/>
      <trkpt lat="47.506329" lon="-121.156218"/>
      <trkpt lat="47.506389" lon="-121.156172"/>
      <trkpt lat="47.506496" lon="-121.156036"/>
      <trkpt lat="47.506662" lon="-121.155864"/>
      <trkpt lat="47.506744" lon="-121.155773"/>
      <trkpt lat="47.506892" lon="-121.155513"/>
      <trkpt lat="47.507016" lon="-121.155376"/>
      <trkpt lat="47.507121" lon="-121.155196"/>
      <trkpt lat="47.507275" lon="-121.155030"/>
      <trkpt lat="47.507476" lon="-121.154746"/>
      <trkpt lat="47.507548" lon="-121.154670"/>
      <trkpt lat="47.507646" lon="-121.154504"/>
      <trkpt lat="47.507695" lon="-121.154332"/>
      <trkpt lat="47.507722" lon="-121.154265"/>
      <trkpt lat="47.508177" lon="-121.153675"/>
      <trkpt lat="47.508247" lon="-121.153598"/>
      <trkpt lat="47.508293" lon="-121.153538"/>
      <trkpt lat="47.508362" lon="-121.153418"/>
      <trkpt lat="47.508425" lon="-121.153321"/>
      <trkpt lat="47.508514" lon="-121.153238"/>
      <trkpt lat="47.508594" lon="-121.153198"/>
      <trkpt lat="47.508655" lon="-121.153155"/>
      <trkpt lat="47.508706" lon="-121.153080"/>
      <trkpt lat="47.508766" lon="-121.152857"/>
      <trkpt lat="47.508813" lon="-121.152750"/>
      <trkpt lat="47.508900" lon="-121.152624"/>
      <trkpt lat="47.508974" lon="-121.152492"/>
      <trkpt lat="47.509061" lon="-121.152369"/>
      <trkpt lat="47.509141" lon="-121.152197"/>
      <trkpt lat="47.509201" lon="-121.152090"/>
      <trkpt lat="47.509525" lon="-121.151665"/>
      <trkpt lat="47.509577" lon="-121.151575"/>
      <trkpt lat="47.509628" lon="-121.151444"/>
      <trkpt lat="47.509668" lon="-121.151326"/>
      <trkpt lat="47.509740" lon="-121.151218"/>
      <trkpt lat="47.509853" lon="-121.151010"/>
      <trkpt lat="47.509900" lon="-121.150934"/>
      <trkpt lat="47.509942" lon="-121.150789"/>
      <trkpt lat="47.509958" lon="-121.150687"/>
      <trkpt lat="47.509965" lon="-121.150598"/>
      <trkpt lat="47.509965" lon="-121.150395"/>
      <trkpt lat="47.509985" lon="-121.150306"/>
      <trkpt lat="47.510045" lon="-121.150151"/>
      <trkpt lat="47.510145" lon="-121.149979"/>
      <trkpt lat="47.510288" lon="-121.149872"/>
      <trkpt lat="47.510335" lon="-121.149829"/>
      <trkpt lat="47.510378" lon="-121.149762"/>
      <trkpt lat="47.510405" lon="-121.149674"/>
      <trkpt lat="47.510438" lon="-121.149515"/>
      <trkpt lat="47.510451" lon="-121.149411"/>
      <trkpt lat="47.510425" lon="-121.149282"/>
      <trkpt lat="47.510393" lon="-121.149150"/>
      <trkpt lat="47.510375" lon="-121.149040"/>
      <trkpt lat="47.510382" lon="-121.148952"/>
      <trkpt lat="47.510458" lon="-121.148799"/>
      <trkpt lat="47.510489" lon="-121.148670"/>
      <trkpt lat="47.510552" lon="-121.148450"/>
      <trkpt lat="47.510608" lon="-121.148357"/>
      <trkpt lat="47.510632" lon="-121.148244"/>
      <trkpt lat="47.510686" lon="-121.148123"/>
      <trkpt lat="47.510853" lon="-121.147882"/>
      <trkpt lat="47.510931" lon="-121.147756"/>
      <trkpt lat="47.511012" lon="-121.147672"/>
      <trkpt lat="47.511072" lon="-121.147624"/>
      <trkpt lat="47.511143" lon="-121.147517"/>
      <trkpt lat="47.511242" lon="-121.147396"/>
      <trkpt lat="47.511300" lon="-121.147367"/>
      <trkpt lat="47.511433" lon="-121.147375"/>
      <trkpt lat="47.511474" lon="-121.147361"/>
      <trkpt lat="47.511485" lon="-121.147316"/>
      <trkpt lat="47.511494" lon="-121.147254"/>
      <trkpt lat="47.511532" lon="-121.147214"/>
      <trkpt lat="47.511565" lon="-121.147152"/>
      <trkpt lat="47.511596" lon="-121.147112"/>
      <trkpt lat="47.511635" lon="-121.147074"/>
      <trkpt lat="47.511688" lon="-121.147061"/>
      <trkpt lat="47.511764" lon="-121.147061"/>
      <trkpt lat="47.511878" lon="-121.147098"/>
      <trkpt lat="47.512027" lon="-121.147103"/>
      <trkpt lat="47.512068" lon="-121.147085"/>
      <trkpt lat="47.512123" lon="-121.147029"/>
      <trkpt lat="47.512161" lon="-121.146956"/>
      <trkpt lat="47.512177" lon="-121.146793"/>
      <trkpt lat="47.512204" lon="-121.146659"/>
      <trkpt lat="47.512255" lon="-121.146503"/>
      <trkpt lat="47.512300" lon="-121.146420"/>
      <trkpt lat="47.512373" lon="-121.146348"/>
      <trkpt lat="47.512465" lon="-121.146272"/>
      <trkpt lat="47.512545" lon="-121.146248"/>
      <trkpt lat="47.512643" lon="-121.146230"/>
      <trkpt lat="47.512728" lon="-121.146230"/>
      <trkpt lat="47.512842" lon="-121.146283"/>
      <trkpt lat="47.512944" lon="-121.146318"/>
      <trkpt lat="47.512974" lon="-121.146307"/>
      <trkpt lat="47.512997" lon="-121.146271"/>
      <trkpt lat="47.512999" lon="-121.146212"/>
      <trkpt lat="47.512972" lon="-121.146077"/>
      <trkpt lat="47.512945" lon="-121.145996"/>
      <trkpt lat="47.512940" lon="-121.145878"/>
      <trkpt lat="47.512926" lon="-121.145751"/>
      <trkpt lat="47.512904" lon="-121.145680"/>
      <trkpt lat="47.512858" lon="-121.145618"/>
      <trkpt lat="47.512771" lon="-121.145527"/>
      <trkpt lat="47.512762" lon="-121.145481"/>
      <trkpt lat="47.512773" lon="-121.145427"/>
      <trkpt lat="47.512810" lon="-121.145390"/>
      <trkpt lat="47.512867" lon="-121.145387"/>
      <trkpt lat="47.512931" lon="-121.145363"/>
      <trkpt lat="47.512982" lon="-121.145331"/>
      <trkpt lat="47.513067" lon="-121.145221"/>
      <trkpt lat="47.513192" lon="-121.145025"/>
      <trkpt lat="47.513331" lon="-121.144792"/>
      <trkpt lat="47.513396" lon="-121.144701"/>
      <trkpt lat="47.513483" lon="-121.144634"/>
      <trkpt lat="47.513550" lon="-121.144601"/>
      <trkpt lat="47.513610" lon="-121.144560"/>
      <trkpt lat="47.513634" lon="-121.144518"/>
      <trkpt lat="47.513652" lon="-121.144443"/>
      <trkpt lat="47.513648" lon="-121.144231"/>
      <trkpt lat="47.513657" lon="-121.144148"/>
      <trkpt lat="47.513677" lon="-121.144049"/>
      <trkpt lat="47.513697" lon="-121.143998"/>
      <trkpt lat="47.513737" lon="-121.144001"/>
      <trkpt lat="47.513806" lon="-121.144143"/>
      <trkpt lat="47.513848" lon="-121.144220"/>
      <trkpt lat="47.513891" lon="-121.144288"/>
      <trkpt lat="47.513951" lon="-121.144344"/>
      <trkpt lat="47.513987" lon="-121.144355"/>
      <trkpt lat="47.514030" lon="-121.144336"/>
      <trkpt lat="47.514069" lon="-121.144263"/>
      <trkpt lat="47.514074" lon="-121.144017"/>
      <trkpt lat="47.514093" lon="-121.143880"/>
      <trkpt lat="47.514119" lon="-121.143826"/>
      <trkpt lat="47.514147" lon="-121.143783"/>
      <trkpt lat="47.514175" lon="-121.143754"/>
      <trkpt lat="47.514208" lon="-121.143759"/>
      <trkpt lat="47.514261" lon="-121.143867"/>
      <trkpt lat="47.514315" lon="-121.143920"/>
      <trkpt lat="47.514367" lon="-121.144006"/>
      <trkpt lat="47.514413" lon="-121.144036"/>
      <trkpt lat="47.514442" lon="-121.144025"/>
      <trkpt lat="47.514456" lon="-121.143942"/>
      <trkpt lat="47.514456" lon="-121.143874"/>
      <trkpt lat="47.514444" lon="-121.143778"/>
      <trkpt lat="47.514440" lon="-121.143692"/>
      <trkpt lat="47.514505" lon="-121.143485"/>
      <trkpt lat="47.514524" lon="-121.143443"/>
      <trkpt lat="47.514546" lon="-121.143366"/>
      <trkpt lat="47.514564" lon="-121.143345"/>
      <trkpt lat="47.514589" lon="-121.143353"/>
      <trkpt lat="47.514601" lon="-121.143385"/>
      <trkpt lat="47.514601" lon="-121.143455"/>
      <trkpt lat="47.514609" lon="-121.143539"/>
      <trkpt lat="47.514626" lon="-121.143602"/>
      <trkpt lat="47.514646" lon="-121.143618"/>
      <trkpt lat="47.514691" lon="-121.143617"/>
      <trkpt lat="47.514742" lon="-121.143557"/>
      <trkpt lat="47.514773" lon="-121.143506"/>
      <trkpt lat="47.514840" lon="-121.143444"/>
      <trkpt lat="47.514893" lon="-121.143385"/>
      <trkpt lat="47.514929" lon="-121.143376"/>
      <trkpt lat="47.514969" lon="-121.143381"/>
      <trkpt lat="47.515004" lon="-121.143394"/>
      <trkpt lat="47.515038" lon="-121.143384"/>
      <trkpt lat="47.515075" lon="-121.143333"/>
      <trkpt lat="47.515104" lon="-121.143272"/>
      <trkpt lat="47.515161" lon="-121.143120"/>
      <trkpt lat="47.515200" lon="-121.143106"/>
      <trkpt lat="47.515228" lon="-121.143125"/>
      <trkpt lat="47.515259" lon="-121.143200"/>
      <trkpt lat="47.515269" lon="-121.143264"/>
      <trkpt lat="47.515288" lon="-121.143290"/>
      <trkpt lat="47.515310" lon="-121.143309"/>
      <trkpt lat="47.515351" lon="-121.143311"/>
      <trkpt lat="47.515434" lon="-121.143286"/>
      <trkpt lat="47.515494" lon="-121.143319"/>
      <trkpt lat="47.515523" lon="-121.143314"/>
      <trkpt lat="47.515547" lon="-121.143275"/>
      <trkpt lat="47.515640" lon="-121.143259"/>
      <trkpt lat="47.515664" lon="-121.143276"/>
      <trkpt lat="47.515645" lon="-121.143316"/>
      <trkpt lat="47.515613" lon="-121.143496"/>
      <trkpt lat="47.515639" lon="-121.143504"/>
      <trkpt lat="47.515714" lon="-121.143455"/>
      <trkpt lat="47.515732" lon="-121.143484"/>
      <trkpt lat="47.515741" lon="-121.143522"/>
      <trkpt lat="47.515748" lon="-121.143574"/>
      <trkpt lat="47.515791" lon="-121.143570"/>
      <trkpt lat="47.515831" lon="-121.143515"/>
      <trkpt lat="47.515847" lon="-121.143437"/>
      <trkpt lat="47.515865" lon="-121.143290"/>
      <trkpt lat="47.515884" lon="-121.143221"/>
      <trkpt lat="47.515988" lon="-121.143039"/>
      <trkpt lat="47.516067" lon="-121.142924"/>
      <trkpt lat="47.516253" lon="-121.142735"/>
      <trkpt lat="47.516321" lon="-121.142688"/>
      <trkpt lat="47.516359" lon="-121.142669"/>
      <trkpt lat="47.516405" lon="-121.142666"/>
      <trkpt lat="47.516450" lon="-121.142639"/>
      <trkpt lat="47.516506" lon="-121.142559"/>
      <trkpt lat="47.516561" lon="-121.142493"/>
      <trkpt lat="47.516612" lon="-121.142450"/>
      <trkpt lat="47.516655" lon="-121.142436"/>
      <trkpt lat="47.516708" lon="-121.142390"/>
      <trkpt lat="47.516760" lon="-121.142310"/>
      <trkpt lat="47.516799" lon="-121.142236"/>
      <trkpt lat="47.516962" lon="-121.142032"/>
      <trkpt lat="47.517102" lon="-121.141891"/>
      <trkpt lat="47.517215" lon="-121.141852"/>
      <trkpt lat="47.517353" lon="-121.141769"/>
      <trkpt lat="47.517410" lon="-121.141718"/>
      <trkpt lat="47.517432" lon="-121.141726"/>
      <trkpt lat="47.517436" lon="-121.141753"/>
      <trkpt lat="47.517106" lon="-121.142021"/>
      <trkpt lat="47.517102" lon="-121.142062"/>
      <trkpt lat="47.517123" lon="-121.142075"/>
      <trkpt lat="47.517203" lon="-121.142016"/>
      <trkpt lat="47.517293" lon="-121.141973"/>
      <trkpt lat="47.517474" lon="-121.141923"/>
      <trkpt lat="47.517549" lon="-121.141896"/>
      <trkpt lat="47.517676" lon="-121.141821"/>
      <trkpt lat="47.517768" lon="-121.141836"/>
      <trkpt lat="47.517812" lon="-121.141820"/>
      <trkpt lat="47.517868" lon="-121.141780"/>
      <trkpt lat="47.517930" lon="-121.141778"/>
      <trkpt lat="47.517936" lon="-121.141809"/>
      <trkpt lat="47.517885" lon="-121.141828"/>
      <trkpt lat="47.517826" lon="-121.141860"/>
      <trkpt lat="47.517777" lon="-121.141931"/>
      <trkpt lat="47.517701" lon="-121.141993"/>
      <trkpt lat="47.517631" lon="-121.142063"/>
      <trkpt lat="47.517501" lon="-121.142163"/>
      <trkpt lat="47.517403" lon="-121.142253"/>
      <trkpt lat="47.517317" lon="-121.142305"/>
      <trkpt lat="47.517190" lon="-121.142448"/>
      <trkpt lat="47.517153" lon="-121.142512"/>
      <trkpt lat="47.517186" lon="-121.142504"/>
      <trkpt lat="47.517309" lon="-121.142393"/>
      <trkpt lat="47.517381" lon="-121.142355"/>
      <trkpt lat="47.517472" lon="-121.142354"/>
      <trkpt lat="47.517630" lon="-121.142317"/>
      <trkpt lat="47.517775" lon="-121.142305"/>
      <trkpt lat="47.517881" lon="-121.142279"/>
      <trkpt lat="47.518008" lon="-121.142211"/>
      <trkpt lat="47.518054" lon="-121.142193"/>
      <trkpt lat="47.518088" lon="-121.142185"/>
      <trkpt lat="47.518101" lon="-121.142203"/>
      <trkpt lat="47.518034" lon="-121.142265"/>
      <trkpt lat="47.517811" lon="-121.142437"/>
      <trkpt lat="47.517402" lon="-121.142696"/>
      <trkpt lat="47.517341" lon="-121.142740"/>
      <trkpt lat="47.517310" lon="-121.142740"/>
      <trkpt lat="47.517305" lon="-121.142777"/>
      <trkpt lat="47.517397" lon="-121.142749"/>
      <trkpt lat="47.517658" lon="-121.142693"/>
      <trkpt lat="47.517877" lon="-121.142677"/>
      <trkpt lat="47.518009" lon="-121.142646"/>
      <trkpt lat="47.518149" lon="-121.142567"/>
      <trkpt lat="47.518226" lon="-121.142513"/>
      <trkpt lat="47.518344" lon="-121.142462"/>
      <trkpt lat="47.518572" lon="-121.142414"/>
      <trkpt lat="47.518797" lon="-121.142291"/>
      <trkpt lat="47.518980" lon="-121.142261"/>
      <trkpt lat="47.519030" lon="-121.142240"/>
      <trkpt lat="47.519086" lon="-121.142175"/>
      <trkpt lat="47.519166" lon="-121.142094"/>
      <trkpt lat="47.519295" lon="-121.141990"/>
      <trkpt lat="47.519437" lon="-121.141951"/>
      <trkpt lat="47.519520" lon="-121.141898"/>
      <trkpt lat="47.519648" lon="-121.141772"/>
      <trkpt lat="47.519833" lon="-121.141663"/>
      <trkpt lat="47.519949" lon="-121.141650"/>
      <trkpt lat="47.520048" lon="-121.141631"/>
      <trkpt lat="47.520099" lon="-121.141681"/>
      <trkpt lat="47.520148" lon="-121.141715"/>
      <trkpt lat="47.520212" lon="-121.141721"/>
      <trkpt lat="47.520236" lon="-121.141697"/>
      <trkpt lat="47.520254" lon="-121.141510"/>
      <trkpt lat="47.520296" lon="-121.141391"/>
      <trkpt lat="47.520334" lon="-121.141326"/>
      <trkpt lat="47.520413" lon="-121.141263"/>
      <trkpt lat="47.520478" lon="-121.141226"/>
      <trkpt lat="47.520524" lon="-121.141155"/>
      <trkpt lat="47.520696" lon="-121.141031"/>
      <trkpt lat="47.520845" lon="-121.140934"/>
      <trkpt lat="47.520948" lon="-121.140925"/>
      <trkpt lat="47.521065" lon="-121.140891"/>
      <trkpt lat="47.521245" lon="-121.140805"/>
      <trkpt lat="47.521524" lon="-121.140618"/>
      <trkpt lat="47.521667" lon="-121.140555"/>
      <trkpt lat="47.522030" lon="-121.140416"/>
      <trkpt lat="47.522150" lon="-121.140388"/>
      <trkpt lat="47.522223" lon="-121.140409"/>
      <trkpt lat="47.522264" lon="-121.140455"/>
      <trkpt lat="47.522323" lon="-121.140498"/>
      <trkpt lat="47.522411" lon="-121.140515"/>
      <trkpt lat="47.522551" lon="-121.140507"/>
      <trkpt lat="47.522620" lon="-121.140488"/>
      <trkpt lat="47.522725" lon="-121.140378"/>
      <trkpt lat="47.522775" lon="-121.140355"/>
      <trkpt lat="47.522813" lon="-121.140313"/>
      <trkpt lat="47.522829" lon="-121.140225"/>
      <trkpt lat="47.522823" lon="-121.140137"/>
      <trkpt lat="47.522830" lon="-121.140042"/>
      <trkpt lat="47.522869" lon="-121.139890"/>
      <trkpt lat="47.522893" lon="-121.139694"/>
      <trkpt lat="47.522944" lon="-121.139466"/>
      <trkpt lat="47.522983" lon="-121.139312"/>
      <trkpt lat="47.523021" lon="-121.139206"/>
      <trkpt lat="47.523089" lon="-121.139083"/>
      <trkpt lat="47.523141" lon="-121.138970"/>
      <trkpt lat="47.523197" lon="-121.138825"/>
      <trkpt lat="47.523260" lon="-121.138682"/>
      <trkpt lat="47.523311" lon="-121.138576"/>
      <trkpt lat="47.523352" lon="-121.138431"/>
      <trkpt lat="47.523365" lon="-121.138257"/>
      <trkpt lat="47.523353" lon="-121.138108"/>
      <trkpt lat="47.523359" lon="-121.137995"/>
      <trkpt lat="47.523352" lon="-121.137875"/>
      <trkpt lat="47.523343" lon="-121.137801"/>
      <trkpt lat="47.523314" lon="-121.137680"/>
      <trkpt lat="47.523241" lon="-121.137440"/>
      <trkpt lat="47.523180" lon="-121.137334"/>
      <trkpt lat="47.523117" lon="-121.137130"/>
      <trkpt lat="47.523068" lon="-121.137017"/>
      <trkpt lat="47.523034" lon="-121.136917"/>
      <trkpt lat="47.522967" lon="-121.136790"/>
      <trkpt lat="47.522963" lon="-121.136730"/>
      <trkpt lat="47.523000" lon="-121.136733"/>
      <trkpt lat="47.523182" lon="-121.136940"/>
      <trkpt lat="47.523353" lon="-121.137245"/>
      <trkpt lat="47.523465" lon="-121.137377"/>
      <trkpt lat="47.523541" lon="-121.137478"/>
      <trkpt lat="47.523588" lon="-121.137593"/>
      <trkpt lat="47.523647" lon="-121.137714"/>
      <trkpt lat="47.523676" lon="-121.137858"/>
      <trkpt lat="47.523676" lon="-121.138018"/>
      <trkpt lat="47.523680" lon="-121.138113"/>
      <trkpt lat="47.523706" lon="-121.138132"/>
      <trkpt lat="47.523728" lon="-121.138117"/>
      <trkpt lat="47.523724" lon="-121.138039"/>
      <trkpt lat="47.523735" lon="-121.137789"/>
      <trkpt lat="47.523736" lon="-121.137565"/>
      <trkpt lat="47.523724" lon="-121.137468"/>
      <trkpt lat="47.523693" lon="-121.137316"/>
      <trkpt lat="47.523630" lon="-121.137203"/>
      <trkpt lat="47.523536" lon="-121.137062"/>
      <trkpt lat="47.523520" lon="-121.136973"/>
      <trkpt lat="47.523539" lon="-121.136959"/>
      <trkpt lat="47.523567" lon="-121.137028"/>
      <trkpt lat="47.523616" lon="-121.137110"/>
      <trkpt lat="47.523696" lon="-121.137213"/>
      <trkpt lat="47.523826" lon="-121.137460"/>
      <trkpt lat="47.523921" lon="-121.137632"/>
      <trkpt lat="47.523957" lon="-121.137727"/>
      <trkpt lat="47.524001" lon="-121.137909"/>
      <trkpt lat="47.524016" lon="-121.138059"/>
      <trkpt lat="47.524016" lon="-121.138147"/>
      <trkpt lat="47.524029" lon="-121.138157"/>
      <trkpt lat="47.524041" lon="-121.138140"/>
      <trkpt lat="47.524048" lon="-121.138047"/>
      <trkpt lat="47.524029" lon="-121.137691"/>
      <trkpt lat="47.523988" lon="-121.137420"/>
      <trkpt lat="47.523961" lon="-121.137311"/>
      <trkpt lat="47.523940" lon="-121.137208"/>
      <trkpt lat="47.523844" lon="-121.137078"/>
      <trkpt lat="47.523833" lon="-121.137051"/>
      <trkpt lat="47.523811" lon="-121.136929"/>
      <trkpt lat="47.523785" lon="-121.136871"/>
      <trkpt lat="47.523726" lon="-121.136781"/>
      <trkpt lat="47.523578" lon="-121.136508"/>
      <trkpt lat="47.523598" lon="-121.136496"/>
      <trkpt lat="47.523623" lon="-121.136510"/>
      <trkpt lat="47.523787" lon="-121.136669"/>
      <trkpt lat="47.523836" lon="-121.136742"/>
      <trkpt lat="47.523884" lon="-121.136891"/>
      <trkpt lat="47.523917" lon="-121.136948"/>
      <trkpt lat="47.523924" lon="-121.136922"/>
      <trkpt lat="47.523917" lon="-121.136858"/>
      <trkpt lat="47.523875" lon="-121.136702"/>
      <trkpt lat="47.523832" lon="-121.136592"/>
      <trkpt lat="47.523784" lon="-121.136524"/>
      <trkpt lat="47.523783" lon="-121.136493"/>
      <trkpt lat="47.523820" lon="-121.136508"/>
      <trkpt lat="47.523905" lon="-121.136635"/>
      <trkpt lat="47.523966" lon="-121.136808"/>
      <trkpt lat="47.523997" lon="-121.136989"/>
      <trkpt lat="47.524012" lon="-121.136959"/>
      <trkpt lat="47.524016" lon="-121.136871"/>
      <trkpt lat="47.523978" lon="-121.136631"/>
      <trkpt lat="47.523950" lon="-121.136525"/>
      <trkpt lat="47.523912" lon="-121.136425"/>
      <trkpt lat="47.523879" lon="-121.136356"/>
      <trkpt lat="47.523860" lon="-121.136270"/>
      <trkpt lat="47.523861" lon="-121.136202"/>
      <trkpt lat="47.523876" lon="-121.136131"/>
      <trkpt lat="47.523939" lon="-121.136055"/>
      <trkpt lat="47.524042" lon="-121.135953"/>
      <trkpt lat="47.524095" lon="-121.135856"/>
      <trkpt lat="47.524173" lon="-121.135751"/>
      <trkpt lat="47.524315" lon="-121.135644"/>
      <trkpt lat="47.524398" lon="-121.135593"/>
      <trkpt lat="47.524483" lon="-121.135561"/>
      <trkpt lat="47.524541" lon="-121.135530"/>
      <trkpt lat="47.524636" lon="-121.135460"/>
      <trkpt lat="47.524656" lon="-121.135424"/>
      <trkpt lat="47.524667" lon="-121.135375"/>
      <trkpt lat="47.524667" lon="-121.135332"/>
      <trkpt lat="47.524651" lon="-121.135287"/>
      <trkpt lat="47.524604" lon="-121.135192"/>
      <trkpt lat="47.524565" lon="-121.135147"/>
      <trkpt lat="47.524509" lon="-121.135057"/>
      <trkpt lat="47.524475" lon="-121.134990"/>
      <trkpt lat="47.524461" lon="-121.134923"/>
      <trkpt lat="47.524458" lon="-121.134857"/>
      <trkpt lat="47.524473" lon="-121.134809"/>
      <trkpt lat="47.524502" lon="-121.134768"/>
      <trkpt lat="47.524583" lon="-121.134766"/>
      <trkpt lat="47.524658" lon="-121.134787"/>
      <trkpt lat="47.524728" lon="-121.134774"/>
      <trkpt lat="47.524766" lon="-121.134751"/>
      <trkpt lat="47.524806" lon="-121.134766"/>
      <trkpt lat="47.524851" lon="-121.134794"/>
      <trkpt lat="47.524872" lon="-121.134853"/>
      <trkpt lat="47.524884" lon="-121.134923"/>
      <trkpt lat="47.524890" lon="-121.135022"/>
      <trkpt lat="47.524909" lon="-121.135135"/>
      <trkpt lat="47.524939" lon="-121.135159"/>
      <trkpt lat="47.525058" lon="-121.135200"/>
      <trkpt lat="47.525105" lon="-121.135235"/>
      <trkpt lat="47.525163" lon="-121.135261"/>
      <trkpt lat="47.525222" lon="-121.135273"/>
      <trkpt lat="47.525271" lon="-121.135270"/>
      <trkpt lat="47.525326" lon="-121.135255"/>
      <trkpt lat="47.525381" lon="-121.135285"/>
      <trkpt lat="47.525478" lon="-121.135324"/>
      <trkpt lat="47.525518" lon="-121.135351"/>
      <trkpt lat="47.525572" lon="-121.135344"/>
      <trkpt lat="47.525716" lon="-121.135240"/>
      <trkpt lat="47.525769" lon="-121.135210"/>
      <trkpt lat="47.525819" lon="-121.135202"/>
      <trkpt lat="47.525869" lon="-121.135206"/>
      <trkpt lat="47.526050" lon="-121.135345"/>
      <trkpt lat="47.526133" lon="-121.135401"/>
      <trkpt lat="47.526183" lon="-121.135419"/>
      <trkpt lat="47.526223" lon="-121.135419"/>
      <trkpt lat="47.526323" lon="-121.135364"/>
      <trkpt lat="47.526381" lon="-121.135362"/>
      <trkpt lat="47.526433" lon="-121.135377"/>
      <trkpt lat="47.526472" lon="-121.135434"/>
      <trkpt lat="47.526508" lon="-121.135497"/>
      <trkpt lat="47.526550" lon="-121.135545"/>
      <trkpt lat="47.526600" lon="-121.135580"/>
      <trkpt lat="47.526652" lon="-121.135597"/>
      <trkpt lat="47.526722" lon="-121.135597"/>
      <trkpt lat="47.526797" lon="-121.135578"/>
      <trkpt lat="47.526922" lon="-121.135524"/>
      <trkpt lat="47.526998" lon="-121.135475"/>
      <trkpt lat="47.527116" lon="-121.135440"/>
      <trkpt lat="47.527257" lon="-121.135411"/>
      <trkpt lat="47.527318" lon="-121.135381"/>
      <trkpt lat="47.527456" lon="-121.135255"/>
      <trkpt lat="47.527529" lon="-121.135172"/>
      <trkpt lat="47.527589" lon="-121.135131"/>
      <trkpt lat="47.527643" lon="-121.135102"/>
      <trkpt lat="47.527871" lon="-121.135098"/>
      <trkpt lat="47.528014" lon="-121.135160"/>
      <trkpt lat="47.528091" lon="-121.135160"/>
      <trkpt lat="47.528165" lon="-121.135148"/>
      <trkpt lat="47.528233" lon="-121.135145"/>
      <trkpt lat="47.528313" lon="-121.135173"/>
      <trkpt lat="47.528375" lon="-121.135204"/>
      <trkpt lat="47.528461" lon="-121.135226"/>
      <trkpt lat="47.528576" lon="-121.135235"/>
      <trkpt lat="47.528765" lon="-121.135235"/>
      <trkpt lat="47.528839" lon="-121.135243"/>
      <trkpt lat="47.528927" lon="-121.135265"/>
      <trkpt lat="47.529009" lon="-121.135305"/>
      <trkpt lat="47.529075" lon="-121.135360"/>
      <trkpt lat="47.529226" lon="-121.135475"/>
      <trkpt lat="47.529339" lon="-121.135549"/>
      <trkpt lat="47.529606" lon="-121.135805"/>
      <trkpt lat="47.529676" lon="-121.135867"/>
      <trkpt lat="47.529721" lon="-121.135887"/>
      <trkpt lat="47.529975" lon="-121.135949"/>
      <trkpt lat="47.530110" lon="-121.136005"/>
      <trkpt lat="47.530288" lon="-121.136099"/>
      <trkpt lat="47.530329" lon="-121.136104"/>
      <trkpt lat="47.530405" lon="-121.136151"/>
      <trkpt lat="47.530461" lon="-121.136165"/>
      <trkpt lat="47.530498" lon="-121.136194"/>
      <trkpt lat="47.530535" lon="-121.136258"/>
      <trkpt lat="47.530582" lon="-121.136300"/>
      <trkpt lat="47.530733" lon="-121.136355"/>
      <trkpt lat="47.530867" lon="-121.136386"/>
      <trkpt lat="47.531028" lon="-121.136393"/>
      <trkpt lat="47.531226" lon="-121.136483"/>
      <trkpt lat="47.531348" lon="-121.136523"/>
      <trkpt lat="47.531439" lon="-121.136533"/>
      <trkpt lat="47.531544" lon="-121.136499"/>
      <trkpt lat="47.531611" lon="-121.136485"/>
      <trkpt lat="47.531680" lon="-121.136501"/>
      <trkpt lat="47.531875" lon="-121.136737"/>
      <trkpt lat="47.531935" lon="-121.136775"/>
      <trkpt lat="47.532024" lon="-121.136810"/>
      <trkpt lat="47.532107" lon="-121.136890"/>
      <trkpt lat="47.532203" lon="-121.136944"/>
      <trkpt lat="47.532321" lon="-121.137067"/>
      <trkpt lat="47.532562" lon="-121.137370"/>
      <trkpt lat="47.532620" lon="-121.137413"/>
      <trkpt lat="47.532683" lon="-121.137413"/>
      <trkpt lat="47.532748" lon="-121.137421"/>
      <trkpt lat="47.532815" lon="-121.137461"/>
      <trkpt lat="47.532869" lon="-121.137555"/>
      <trkpt lat="47.532947" lon="-121.137657"/>
      <trkpt lat="47.533031" lon="-121.137724"/>
      <trkpt lat="47.533200" lon="-121.137807"/>
      <trkpt lat="47.533317" lon="-121.137837"/>
      <trkpt lat="47.533384" lon="-121.137861"/>
      <trkpt lat="47.533507" lon="-121.137974"/>
      <trkpt lat="47.533744" lon="-121.138220"/>
      <trkpt lat="47.533876" lon="-121.138387"/>
      <trkpt lat="47.533949" lon="-121.138497"/>
      <trkpt lat="47.534030" lon="-121.138575"/>
      <trkpt lat="47.534083" lon="-121.138612"/>
      <trkpt lat="47.534146" lon="-121.138600"/>
      <trkpt lat="47.534231" lon="-121.138647"/>
      <trkpt lat="47.534309" lon="-121.138706"/>
      <trkpt lat="47.534369" lon="-121.138738"/>
      <trkpt lat="47.534610" lon="-121.138819"/>
      <trkpt lat="47.534780" lon="-121.138845"/>
      <trkpt lat="47.534898" lon="-121.138837"/>
      <trkpt lat="47.534937" lon="-121.138778"/>
      <trkpt lat="47.534952" lon="-121.138668"/>
      <trkpt lat="47.534979" lon="-121.138553"/>
      <trkpt lat="47.534990" lon="-121.138462"/>
      <trkpt lat="47.534972" lon="-121.138328"/>
      <trkpt lat="47.534979" lon="-121.138212"/>
      <trkpt lat="47.534970" lon="-121.138046"/>
      <trkpt lat="47.534974" lon="-121.137874"/>
      <trkpt lat="47.534996" lon="-121.137821"/>
      <trkpt lat="47.535063" lon="-121.137770"/>
      <trkpt lat="47.535172" lon="-121.137703"/>
      <trkpt lat="47.535345" lon="-121.137652"/>
      <trkpt lat="47.535494" lon="-121.137574"/>
      <trkpt lat="47.535623" lon="-121.137572"/>
      <trkpt lat="47.535714" lon="-121.137579"/>
      <trkpt lat="47.535865" lon="-121.137555"/>
      <trkpt lat="47.535933" lon="-121.137526"/>
      <trkpt lat="47.535988" lon="-121.137459"/>
      <trkpt lat="47.536010" lon="-121.137373"/>
      <trkpt lat="47.536011" lon="-121.137276"/>
      <trkpt lat="47.535968" lon="-121.137172"/>
      <trkpt lat="47.535908" lon="-121.137097"/>
      <trkpt lat="47.535850" lon="-121.137038"/>
      <trkpt lat="47.535825" lon="-121.136973"/>
      <trkpt lat="47.535830" lon="-121.136930"/>
      <trkpt lat="47.535870" lon="-121.136904"/>
      <trkpt lat="47.535923" lon="-121.136930"/>
      <trkpt lat="47.535984" lon="-121.136979"/>
      <trkpt lat="47.536083" lon="-121.137010"/>
      <trkpt lat="47.536187" lon="-121.137121"/>
      <trkpt lat="47.536234" lon="-121.137153"/>
      <trkpt lat="47.536268" lon="-121.137212"/>
      <trkpt lat="47.536283" lon="-121.137287"/>
      <trkpt lat="47.536285" lon="-121.137373"/>
      <trkpt lat="47.536305" lon="-121.137443"/>
      <trkpt lat="47.536341" lon="-121.137491"/>
      <trkpt lat="47.536386" lon="-121.137510"/>
      <trkpt lat="47.536446" lon="-121.137510"/>
      <trkpt lat="47.536499" lon="-121.137480"/>
      <trkpt lat="47.536551" lon="-121.137507"/>
      <trkpt lat="47.536600" lon="-121.137558"/>
      <trkpt lat="47.536660" lon="-121.137598"/>
      <trkpt lat="47.536768" lon="-121.137633"/>
      <trkpt lat="47.536867" lon="-121.137722"/>
      <trkpt lat="47.537181" lon="-121.137941"/>
      <trkpt lat="47.537248" lon="-121.137971"/>
      <trkpt lat="47.537416" lon="-121.138025"/>
      <trkpt lat="47.537511" lon="-121.138037"/>
      <trkpt lat="47.537599" lon="-121.138116"/>
      <trkpt lat="47.537654" lon="-121.138172"/>
      <trkpt lat="47.537737" lon="-121.138191"/>
      <trkpt lat="47.537822" lon="-121.138195"/>
      <trkpt lat="47.537976" lon="-121.138306"/>
      <trkpt lat="47.538083" lon="-121.138422"/>
      <trkpt lat="47.538134" lon="-121.138505"/>
      <trkpt lat="47.538175" lon="-121.138604"/>
      <trkpt lat="47.538206" lon="-121.138693"/>
      <trkpt lat="47.538237" lon="-121.138730"/>
      <trkpt lat="47.538318" lon="-121.138778"/>
      <trkpt lat="47.538387" lon="-121.138805"/>
      <trkpt lat="47.538458" lon="-121.138819"/>
      <trkpt lat="47.538523" lon="-121.138851"/>
      <trkpt lat="47.538597" lon="-121.138920"/>
      <trkpt lat="47.538653" lon="-121.138982"/>
      <trkpt lat="47.538713" lon="-121.139022"/>
      <trkpt lat="47.538813" lon="-121.139060"/>
      <trkpt lat="47.538891" lon="-121.139057"/>
      <trkpt lat="47.538954" lon="-121.139063"/>
      <trkpt lat="47.539122" lon="-121.139156"/>
      <trkpt lat="47.539360" lon="-121.139355"/>
      <trkpt lat="47.539446" lon="-121.139452"/>
      <trkpt lat="47.539522" lon="-121.139527"/>
      <trkpt lat="47.539593" lon="-121.139551"/>
      <trkpt lat="47.539747" lon="-121.139545"/>
      <trkpt lat="47.539819" lon="-121.139503"/>
      <trkpt lat="47.539886" lon="-121.139443"/>
      <trkpt lat="47.539964" lon="-121.139406"/>
      <trkpt lat="47.540129" lon="-121.139363"/>
      <trkpt lat="47.540269" lon="-121.139301"/>
      <trkpt lat="47.540348" lon="-121.139256"/>
      <trkpt lat="47.540349" lon="-121.139008"/>
      <trkpt lat="47.540335" lon="-121.138652"/>
      <trkpt lat="47.540299" lon="-121.138438"/>
      <trkpt lat="47.540239" lon="-121.138242"/>
      <trkpt lat="47.540119" lon="-121.137948"/>
      <trkpt lat="47.540075" lon="-121.137798"/>
      <trkpt lat="47.540049" lon="-121.137676"/>
      <trkpt lat="47.540004" lon="-121.137512"/>
      <trkpt lat="47.539991" lon="-121.137434"/>
      <trkpt lat="47.539997" lon="-121.137367"/>
      <trkpt lat="47.540022" lon="-121.137311"/>
      <trkpt lat="47.540087" lon="-121.137233"/>
      <trkpt lat="47.540143" lon="-121.137180"/>
      <trkpt lat="47.540156" lon="-121.137099"/>
      <trkpt lat="47.540191" lon="-121.136981"/>
      <trkpt lat="47.540252" lon="-121.136879"/>
      <trkpt lat="47.540296" lon="-121.136793"/>
      <trkpt lat="47.540381" lon="-121.136394"/>
      <trkpt lat="47.540415" lon="-121.136257"/>
      <trkpt lat="47.540448" lon="-121.136203"/>
      <trkpt lat="47.540459" lon="-121.136144"/>
      <trkpt lat="47.540448" lon="-121.136053"/>
      <trkpt lat="47.540294" lon="-121.135785"/>
      <trkpt lat="47.540211" lon="-121.135624"/>
      <trkpt lat="47.540111" lon="-121.135391"/>
      <trkpt lat="47.540058" lon="-121.135240"/>
      <trkpt lat="47.540006" lon="-121.135157"/>
      <trkpt lat="47.539943" lon="-121.135147"/>
      <trkpt lat="47.539897" lon="-121.135101"/>
      <trkpt lat="47.539785" lon="-121.134833"/>
      <trkpt lat="47.539702" lon="-121.134720"/>
      <trkpt lat="47.539613" lon="-121.134666"/>
      <trkpt lat="47.539550" lon="-121.134573"/>
      <trkpt lat="47.539457" lon="-121.134511"/>
      <trkpt lat="47.539354" lon="-121.134430"/>
      <trkpt lat="47.539226" lon="-121.134372"/>
      <trkpt lat="47.539189" lon="-121.134312"/>
      <trkpt lat="47.539260" lon="-121.134304"/>
      <trkpt lat="47.539365" lon="-121.134333"/>
      <trkpt lat="47.539481" lon="-121.134323"/>
      <trkpt lat="47.539553" lon="-121.134259"/>
      <trkpt lat="47.539595" lon="-121.134237"/>
      <trkpt lat="47.539673" lon="-121.134245"/>
      <trkpt lat="47.539736" lon="-121.134299"/>
      <trkpt lat="47.539812" lon="-121.134312"/>
      <trkpt lat="47.539908" lon="-121.134385"/>
      <trkpt lat="47.540089" lon="-121.134481"/>
      <trkpt lat="47.540158" lon="-121.134511"/>
      <trkpt lat="47.540218" lon="-121.134511"/>
      <trkpt lat="47.540303" lon="-121.134455"/>
      <trkpt lat="47.540361" lon="-121.134433"/>
      <trkpt lat="47.540408" lon="-121.134463"/>
      <trkpt lat="47.540472" lon="-121.134562"/>
      <trkpt lat="47.540578" lon="-121.134629"/>
      <trkpt lat="47.540613" lon="-121.134621"/>
      <trkpt lat="47.540623" lon="-121.134578"/>
      <trkpt lat="47.540620" lon="-121.134508"/>
      <trkpt lat="47.540583" lon="-121.134404"/>
      <trkpt lat="47.540578" lon="-121.134304"/>
      <trkpt lat="47.540551" lon="-121.134216"/>
      <trkpt lat="47.540502" lon="-121.134130"/>
      <trkpt lat="47.540381" lon="-121.134012"/>
      <trkpt lat="47.540314" lon="-121.134001"/>
      <trkpt lat="47.540211" lon="-121.134007"/>
      <trkpt lat="47.540124" lon="-121.133999"/>
      <trkpt lat="47.540044" lon="-121.133953"/>
      <trkpt lat="47.539944" lon="-121.133867"/>
      <trkpt lat="47.539756" lon="-121.133631"/>
      <trkpt lat="47.539691" lon="-121.133567"/>
      <trkpt lat="47.539637" lon="-121.133527"/>
      <trkpt lat="47.539483" lon="-121.133553"/>
      <trkpt lat="47.539423" lon="-121.133551"/>
      <trkpt lat="47.539350" lon="-121.133513"/>
      <trkpt lat="47.539300" lon="-121.133468"/>
      <trkpt lat="47.539309" lon="-121.133427"/>
      <trkpt lat="47.539361" lon="-121.133430"/>
      <trkpt lat="47.539417" lon="-121.133411"/>
      <trkpt lat="47.539468" lon="-121.133333"/>
      <trkpt lat="47.539569" lon="-121.133197"/>
      <trkpt lat="47.539637" lon="-121.133170"/>
      <trkpt lat="47.539723" lon="-121.133178"/>
      <trkpt lat="47.539823" lon="-121.133221"/>
      <trkpt lat="47.539892" lon="-121.133226"/>
      <trkpt lat="47.539946" lon="-121.133223"/>
      <trkpt lat="47.539993" lon="-121.133183"/>
      <trkpt lat="47.540042" lon="-121.133124"/>
      <trkpt lat="47.540098" lon="-121.133089"/>
      <trkpt lat="47.540174" lon="-121.133081"/>
      <trkpt lat="47.540274" lon="-121.133089"/>
      <trkpt lat="47.540337" lon="-121.133130"/>
      <trkpt lat="47.540417" lon="-121.133191"/>
      <trkpt lat="47.540506" lon="-121.133215"/>
      <trkpt lat="47.540909" lon="-121.133194"/>
      <trkpt lat="47.540973" lon="-121.133202"/>
      <trkpt lat="47.541007" lon="-121.133178"/>
      <trkpt lat="47.541014" lon="-121.133132"/>
      <trkpt lat="47.540948" lon="-121.133079"/>
      <trkpt lat="47.540859" lon="-121.132996"/>
      <trkpt lat="47.540786" lon="-121.132883"/>
      <trkpt lat="47.540710" lon="-121.132805"/>
      <trkpt lat="47.540605" lon="-121.132751"/>
      <trkpt lat="47.540500" lon="-121.132666"/>
      <trkpt lat="47.540330" lon="-121.132537"/>
      <trkpt lat="47.540256" lon="-121.132422"/>
      <trkpt lat="47.540218" lon="-121.132373"/>
      <trkpt lat="47.540185" lon="-121.132413"/>
      <trkpt lat="47.540135" lon="-121.132448"/>
      <trkpt lat="47.540069" lon="-121.132440"/>
      <trkpt lat="47.540019" lon="-121.132397"/>
      <trkpt lat="47.539941" lon="-121.132282"/>
      <trkpt lat="47.539877" lon="-121.132261"/>
      <trkpt lat="47.539787" lon="-121.132148"/>
      <trkpt lat="47.539722" lon="-121.132054"/>
      <trkpt lat="47.539651" lon="-121.131896"/>
      <trkpt lat="47.539580" lon="-121.131791"/>
      <trkpt lat="47.539510" lon="-121.131711"/>
      <trkpt lat="47.539426" lon="-121.131625"/>
      <trkpt lat="47.539305" lon="-121.131558"/>
      <trkpt lat="47.539242" lon="-121.131504"/>
      <trkpt lat="47.539200" lon="-121.131459"/>
      <trkpt lat="47.539177" lon="-121.131400"/>
      <trkpt lat="47.539200" lon="-121.131335"/>
      <trkpt lat="47.539263" lon="-121.131341"/>
      <trkpt lat="47.539349" lon="-121.131410"/>
      <trkpt lat="47.539419" lon="-121.131443"/>
      <trkpt lat="47.539522" lon="-121.131448"/>
      <trkpt lat="47.539655" lon="-121.131472"/>
      <trkpt lat="47.539816" lon="-121.131539"/>
      <trkpt lat="47.539926" lon="-121.131622"/>
      <trkpt lat="47.540044" lon="-121.131662"/>
      <trkpt lat="47.540156" lon="-121.131676"/>
      <trkpt lat="47.540297" lon="-121.131654"/>
      <trkpt lat="47.540518" lon="-121.131649"/>
      <trkpt lat="47.540632" lon="-121.131670"/>
      <trkpt lat="47.540780" lon="-121.131783"/>
      <trkpt lat="47.540819" lon="-121.131837"/>
      <trkpt lat="47.540848" lon="-121.131818"/>
      <trkpt lat="47.540850" lon="-121.131783"/>
      <trkpt lat="47.540835" lon="-121.131730"/>
      <trkpt lat="47.540783" lon="-121.131652"/>
      <trkpt lat="47.540486" lon="-121.131354"/>
      <trkpt lat="47.540359" lon="-121.131332"/>
      <trkpt lat="47.540111" lon="-121.131239"/>
      <trkpt lat="47.539953" lon="-121.131139"/>
      <trkpt lat="47.539859" lon="-121.131088"/>
      <trkpt lat="47.539690" lon="-121.130963"/>
      <trkpt lat="47.539510" lon="-121.130847"/>
      <trkpt lat="47.539493" lon="-121.130799"/>
      <trkpt lat="47.539589" lon="-121.130815"/>
      <trkpt lat="47.539729" lon="-121.130847"/>
      <trkpt lat="47.539870" lon="-121.130901"/>
      <trkpt lat="47.539972" lon="-121.130952"/>
      <trkpt lat="47.540160" lon="-121.130978"/>
      <trkpt lat="47.540361" lon="-121.131032"/>
      <trkpt lat="47.540589" lon="-121.131070"/>
      <trkpt lat="47.540757" lon="-121.131113"/>
      <trkpt lat="47.540913" lon="-121.131190"/>
      <trkpt lat="47.541435" lon="-121.131402"/>
      <trkpt lat="47.541525" lon="-121.131402"/>
      <trkpt lat="47.541655" lon="-121.131413"/>
      <trkpt lat="47.541757" lon="-121.131464"/>
      <trkpt lat="47.541889" lon="-121.131571"/>
      <trkpt lat="47.542133" lon="-121.131695"/>
      <trkpt lat="47.542302" lon="-121.131802"/>
      <trkpt lat="47.542378" lon="-121.131839"/>
      <trkpt lat="47.542454" lon="-121.131939"/>
      <trkpt lat="47.542496" lon="-121.132030"/>
      <trkpt lat="47.542494" lon="-121.132116"/>
      <trkpt lat="47.542472" lon="-121.132175"/>
      <trkpt lat="47.542441" lon="-121.132183"/>
      <trkpt lat="47.542430" lon="-121.132215"/>
      <trkpt lat="47.542463" lon="-121.132274"/>
      <trkpt lat="47.542570" lon="-121.132397"/>
      <trkpt lat="47.542631" lon="-121.132424"/>
      <trkpt lat="47.542706" lon="-121.132387"/>
      <trkpt lat="47.542769" lon="-121.132325"/>
      <trkpt lat="47.542867" lon="-121.132186"/>
      <trkpt lat="47.542957" lon="-121.132033"/>
      <trkpt lat="47.542994" lon="-121.131984"/>
      <trkpt lat="47.543001" lon="-121.131896"/>
      <trkpt lat="47.542983" lon="-121.131856"/>
      <trkpt lat="47.542946" lon="-121.131815"/>
      <trkpt lat="47.542845" lon="-121.131681"/>
      <trkpt lat="47.542783" lon="-121.131590"/>
      <trkpt lat="47.542807" lon="-121.131577"/>
      <trkpt lat="47.542876" lon="-121.131654"/>
      <trkpt lat="47.542954" lon="-121.131715"/>
      <trkpt lat="47.543091" lon="-121.131802"/>
      <trkpt lat="47.543162" lon="-121.131874"/>
      <trkpt lat="47.543200" lon="-121.131960"/>
      <trkpt lat="47.543280" lon="-121.132325"/>
      <trkpt lat="47.543330" lon="-121.132400"/>
      <trkpt lat="47.543397" lon="-121.132456"/>
      <trkpt lat="47.543481" lon="-121.132497"/>
      <trkpt lat="47.543549" lon="-121.132502"/>
      <trkpt lat="47.543585" lon="-121.132480"/>
      <trkpt lat="47.543618" lon="-121.132424"/>
      <trkpt lat="47.543618" lon="-121.132368"/>
      <trkpt lat="47.543585" lon="-121.132304"/>
      <trkpt lat="47.543549" lon="-121.132212"/>
      <trkpt lat="47.543513" lon="-121.131976"/>
      <trkpt lat="47.543443" lon="-121.131756"/>
      <trkpt lat="47.543410" lon="-121.131713"/>
      <trkpt lat="47.543399" lon="-121.131657"/>
      <trkpt lat="47.543413" lon="-121.131628"/>
      <trkpt lat="47.543453" lon="-121.131670"/>
      <trkpt lat="47.543515" lon="-121.131751"/>
      <trkpt lat="47.543571" lon="-121.131807"/>
      <trkpt lat="47.543756" lon="-121.131944"/>
      <trkpt lat="47.543824" lon="-121.131955"/>
      <trkpt lat="47.543897" lon="-121.131984"/>
      <trkpt lat="47.543977" lon="-121.132083"/>
      <trkpt lat="47.544094" lon="-121.132191"/>
      <trkpt lat="47.544176" lon="-121.132242"/>
      <trkpt lat="47.544446" lon="-121.132368"/>
      <trkpt lat="47.544505" lon="-121.132368"/>
      <trkpt lat="47.544527" lon="-121.132325"/>
      <trkpt lat="47.544469" lon="-121.132148"/>
      <trkpt lat="47.544409" lon="-121.132033"/>
      <trkpt lat="47.544281" lon="-121.131928"/>
      <trkpt lat="47.543955" lon="-121.131585"/>
      <trkpt lat="47.543864" lon="-121.131531"/>
      <trkpt lat="47.543873" lon="-121.131491"/>
      <trkpt lat="47.543910" lon="-121.131494"/>
      <trkpt lat="47.544004" lon="-121.131539"/>
      <trkpt lat="47.544056" lon="-121.131612"/>
      <trkpt lat="47.544165" lon="-121.131662"/>
      <trkpt lat="47.544281" lon="-121.131732"/>
      <trkpt lat="47.544960" lon="-121.132030"/>
      <trkpt lat="47.545105" lon="-121.132110"/>
      <trkpt lat="47.545240" lon="-121.132110"/>
      <trkpt lat="47.545510" lon="-121.132183"/>
      <trkpt lat="47.545794" lon="-121.132239"/>
      <trkpt lat="47.545928" lon="-121.132282"/>
      <trkpt lat="47.546073" lon="-121.132301"/>
      <trkpt lat="47.546153" lon="-121.132298"/>
      <trkpt lat="47.546224" lon="-121.132279"/>
      <trkpt lat="47.546281" lon="-121.132287"/>
      <trkpt lat="47.546321" lon="-121.132360"/>
      <trkpt lat="47.546401" lon="-121.132403"/>
      <trkpt lat="47.546537" lon="-121.132433"/>
      <trkpt lat="47.546676" lon="-121.132497"/>
      <trkpt lat="47.546774" lon="-121.132553"/>
      <trkpt lat="47.546888" lon="-121.132599"/>
      <trkpt lat="47.546975" lon="-121.132673"/>
      <trkpt lat="47.547024" lon="-121.132749"/>
      <trkpt lat="47.547087" lon="-121.132805"/>
      <trkpt lat="47.547170" lon="-121.132810"/>
      <trkpt lat="47.547328" lon="-121.132859"/>
      <trkpt lat="47.547451" lon="-121.132944"/>
      <trkpt lat="47.547686" lon="-121.133135"/>
      <trkpt lat="47.547972" lon="-121.133328"/>
      <trkpt lat="47.548133" lon="-121.133489"/>
      <trkpt lat="47.548327" lon="-121.133629"/>
      <trkpt lat="47.548441" lon="-121.133725"/>
      <trkpt lat="47.548590" lon="-121.133905"/>
      <trkpt lat="47.548611" lon="-121.133964"/>
      <trkpt lat="47.548664" lon="-121.133988"/>
      <trkpt lat="47.548684" lon="-121.133956"/>
      <trkpt lat="47.548677" lon="-121.133918"/>
      <trkpt lat="47.548642" lon="-121.133870"/>
      <trkpt lat="47.548579" lon="-121.133730"/>
      <trkpt lat="47.548519" lon="-121.133567"/>
      <trkpt lat="47.548470" lon="-121.133452"/>
      <trkpt lat="47.548325" lon="-121.133253"/>
      <trkpt lat="47.548242" lon="-121.133122"/>
      <trkpt lat="47.548068" lon="-121.132867"/>
      <trkpt lat="47.547681" lon="-121.132507"/>
      <trkpt lat="47.547630" lon="-121.132440"/>
      <trkpt lat="47.547580" lon="-121.132323"/>
      <trkpt lat="47.547522" lon="-121.132258"/>
      <trkpt lat="47.547437" lon="-121.132186"/>
      <trkpt lat="47.547353" lon="-121.132078"/>
      <trkpt lat="47.547313" lon="-121.131968"/>
      <trkpt lat="47.547284" lon="-121.131912"/>
      <trkpt lat="47.547058" lon="-121.131834"/>
      <trkpt lat="47.546870" lon="-121.131660"/>
      <trkpt lat="47.546832" lon="-121.131593"/>
      <trkpt lat="47.546819" lon="-121.131547"/>
      <trkpt lat="47.546924" lon="-121.131590"/>
      <trkpt lat="47.547038" lon="-121.131657"/>
      <trkpt lat="47.547179" lon="-121.131695"/>
      <trkpt lat="47.547358" lon="-121.131708"/>
      <trkpt lat="47.547400" lon="-121.131746"/>
      <trkpt lat="47.547449" lon="-121.131839"/>
      <trkpt lat="47.547498" lon="-121.131888"/>
      <trkpt lat="47.547569" lon="-121.131917"/>
      <trkpt lat="47.547628" lon="-121.131931"/>
      <trkpt lat="47.547694" lon="-121.131979"/>
      <trkpt lat="47.547737" lon="-121.132057"/>
      <trkpt lat="47.547788" lon="-121.132100"/>
      <trkpt lat="47.547851" lon="-121.132137"/>
      <trkpt lat="47.548191" lon="-121.132236"/>
      <trkpt lat="47.548310" lon="-121.132258"/>
      <trkpt lat="47.548459" lon="-121.132301"/>
      <trkpt lat="47.548626" lon="-121.132341"/>
      <trkpt lat="47.548738" lon="-121.132416"/>
      <trkpt lat="47.548916" lon="-121.132489"/>
      <trkpt lat="47.548999" lon="-121.132539"/>
      <trkpt lat="47.549088" lon="-121.132604"/>
      <trkpt lat="47.549151" lon="-121.132709"/>
      <trkpt lat="47.549187" lon="-121.132797"/>
      <trkpt lat="47.549253" lon="-121.132985"/>
      <trkpt lat="47.549312" lon="-121.133274"/>
      <trkpt lat="47.549372" lon="-121.133376"/>
      <trkpt lat="47.549410" lon="-121.133384"/>
      <trkpt lat="47.549413" lon="-121.133355"/>
      <trkpt lat="47.549375" lon="-121.133285"/>
      <trkpt lat="47.549357" lon="-121.133213"/>
      <trkpt lat="47.549363" lon="-121.133122"/>
      <trkpt lat="47.549365" lon="-121.132907"/>
      <trkpt lat="47.549372" lon="-121.132647"/>
      <trkpt lat="47.549357" lon="-121.132529"/>
      <trkpt lat="47.549307" lon="-121.132397"/>
      <trkpt lat="47.549107" lon="-121.132164"/>
      <trkpt lat="47.549039" lon="-121.132059"/>
      <trkpt lat="47.548957" lon="-121.132038"/>
      <trkpt lat="47.548903" lon="-121.131998"/>
      <trkpt lat="47.548687" lon="-121.131818"/>
      <trkpt lat="47.548391" lon="-121.131617"/>
      <trkpt lat="47.548222" lon="-121.131462"/>
      <trkpt lat="47.548090" lon="-121.131314"/>
      <trkpt lat="47.547670" lon="-121.130901"/>
      <trkpt lat="47.547690" lon="-121.130874"/>
      <trkpt lat="47.547766" lon="-121.130887"/>
      <trkpt lat="47.547827" lon="-121.130933"/>
      <trkpt lat="47.547903" lon="-121.130974"/>
      <trkpt lat="47.548026" lon="-121.131015"/>
      <trkpt lat="47.548315" lon="-121.131158"/>
      <trkpt lat="47.548546" lon="-121.131223"/>
      <trkpt lat="47.548928" lon="-121.131295"/>
      <trkpt lat="47.549193" lon="-121.131327"/>
      <trkpt lat="47.549365" lon="-121.131429"/>
      <trkpt lat="47.549743" lon="-121.131625"/>
      <trkpt lat="47.549826" lon="-121.131676"/>
      <trkpt lat="47.550000" lon="-121.131754"/>
      <trkpt lat="47.550052" lon="-121.131815"/>
      <trkpt lat="47.550074" lon="-121.131882"/>
      <trkpt lat="47.550076" lon="-121.131955"/>
      <trkpt lat="47.550127" lon="-121.132065"/>
      <trkpt lat="47.550157" lon="-121.132167"/>
      <trkpt lat="47.550261" lon="-121.132655"/>
      <trkpt lat="47.550340" lon="-121.133137"/>
      <trkpt lat="47.550670" lon="-121.133929"/>
      <trkpt lat="47.550738" lon="-121.134035"/>
    </trkseg>
    <trkseg>
      <trkpt lat="47.550738" lon="-121.134035"/>
      <trkpt lat="47.550726" lon="-121.133948"/>
      <trkpt lat="47.550686" lon="-121.133867"/>
      <trkpt lat="47.550637" lon="-121.133575"/>
      <trkpt lat="47.550606" lon="-121.133505"/>
      <trkpt lat="47.550538" lon="-121.133017"/>
      <trkpt lat="47.550520" lon="-121.132961"/>
      <trkpt lat="47.550520" lon="-121.132835"/>
      <trkpt lat="47.550556" lon="-121.132640"/>
      <trkpt lat="47.550550" lon="-121.132413"/>
      <trkpt lat="47.550587" lon="-121.132210"/>
      <trkpt lat="47.550585" lon="-121.132065"/>
      <trkpt lat="47.550605" lon="-121.131971"/>
      <trkpt lat="47.550599" lon="-121.131789"/>
      <trkpt lat="47.550608" lon="-121.131609"/>
      <trkpt lat="47.550631" lon="-121.131514"/>
      <trkpt lat="47.550627" lon="-121.131422"/>
      <trkpt lat="47.550608" lon="-121.131357"/>
      <trkpt lat="47.550529" lon="-121.131253"/>
      <trkpt lat="47.550467" lon="-121.131098"/>
      <trkpt lat="47.550447" lon="-121.131009"/>
      <trkpt lat="47.550415" lon="-121.130923"/>
      <trkpt lat="47.550382" lon="-121.130897"/>
      <trkpt lat="47.550353" lon="-121.130844"/>
      <trkpt lat="47.550393" lon="-121.130771"/>
      <trkpt lat="47.550527" lon="-121.130696"/>
      <trkpt lat="47.550595" lon="-121.130682"/>
      <trkpt lat="47.550692" lon="-121.130717"/>
      <trkpt lat="47.550758" lon="-121.130737"/>
      <trkpt lat="47.550869" lon="-121.130702"/>
      <trkpt lat="47.550897" lon="-121.130674"/>
      <trkpt lat="47.550946" lon="-121.130674"/>
      <trkpt lat="47.550991" lon="-121.130687"/>
      <trkpt lat="47.551139" lon="-121.130793"/>
      <trkpt lat="47.551153" lon="-121.130778"/>
      <trkpt lat="47.551153" lon="-121.130751"/>
      <trkpt lat="47.551121" lon="-121.130721"/>
      <trkpt lat="47.551093" lon="-121.130663"/>
      <trkpt lat="47.550949" lon="-121.130254"/>
      <trkpt lat="47.550858" lon="-121.129981"/>
      <trkpt lat="47.550746" lon="-121.129822"/>
      <trkpt lat="47.550691" lon="-121.129691"/>
      <trkpt lat="47.550567" lon="-121.129586"/>
      <trkpt lat="47.550504" lon="-121.129454"/>
    </trkseg>
    <trkseg>
      <trkpt lat="47.550504" lon="-121.129454"/>
      <trkpt lat="47.550683" lon="-121.129300"/>
      <trkpt lat="47.550720" lon="-121.129254"/>
      <trkpt lat="47.550751" lon="-121.129165"/>
      <trkpt lat="47.550739" lon="-121.129053"/>
      <trkpt lat="47.550739" lon="-121.128932"/>
      <trkpt lat="47.550746" lon="-121.128862"/>
      <trkpt lat="47.550771" lon="-121.128779"/>
      <trkpt lat="47.550809" lon="-121.128736"/>
      <trkpt lat="47.550865" lon="-121.128717"/>
      <trkpt lat="47.550934" lon="-121.128752"/>
      <trkpt lat="47.551026" lon="-121.128774"/>
      <trkpt lat="47.551111" lon="-121.128782"/>
      <trkpt lat="47.551182" lon="-121.128771"/>
      <trkpt lat="47.551302" lon="-121.128728"/>
      <trkpt lat="47.551399" lon="-121.128715"/>
      <trkpt lat="47.551517" lon="-121.128725"/>
      <trkpt lat="47.551651" lon="-121.128768"/>
      <trkpt lat="47.551772" lon="-121.128817"/>
      <trkpt lat="47.551899" lon="-121.128889"/>
      <trkpt lat="47.551935" lon="-121.128902"/>
      <trkpt lat="47.551993" lon="-121.128889"/>
      <trkpt lat="47.552085" lon="-121.128817"/>
      <trkpt lat="47.552174" lon="-121.128811"/>
      <trkpt lat="47.552279" lon="-121.128854"/>
      <trkpt lat="47.552370" lon="-121.128854"/>
      <trkpt lat="47.552502" lon="-121.128766"/>
      <trkpt lat="47.552627" lon="-121.128755"/>
      <trkpt lat="47.552684" lon="-121.128708"/>
      <trkpt lat="47.552757" lon="-121.128669"/>
      <trkpt lat="47.552894" lon="-121.128622"/>
      <trkpt lat="47.553019" lon="-121.128535"/>
      <trkpt lat="47.553247" lon="-121.128442"/>
      <trkpt lat="47.553377" lon="-121.128442"/>
      <trkpt lat="47.553506" lon="-121.128422"/>
      <trkpt lat="47.553619" lon="-121.128388"/>
      <trkpt lat="47.553733" lon="-121.128374"/>
      <trkpt lat="47.553825" lon="-121.128327"/>
      <trkpt lat="47.553961" lon="-121.128274"/>
      <trkpt lat="47.554040" lon="-121.128275"/>
      <trkpt lat="47.554109" lon="-121.128265"/>
      <trkpt lat="47.554169" lon="-121.128244"/>
      <trkpt lat="47.554281" lon="-121.128184"/>
      <trkpt lat="47.554360" lon="-121.128194"/>
      <trkpt lat="47.554405" lon="-121.128208"/>
      <trkpt lat="47.554445" lon="-121.128213"/>
      <trkpt lat="47.554486" lon="-121.128206"/>
      <trkpt lat="47.554511" lon="-121.128209"/>
      <trkpt lat="47.554540" lon="-121.128237"/>
      <trkpt lat="47.554564" lon="-121.128296"/>
      <trkpt lat="47.554576" lon="-121.128342"/>
      <trkpt lat="47.554586" lon="-121.128408"/>
      <trkpt lat="47.554612" lon="-121.128452"/>
      <trkpt lat="47.554682" lon="-121.128528"/>
      <trkpt lat="47.554749" lon="-121.128582"/>
      <trkpt lat="47.554871" lon="-121.128657"/>
      <trkpt lat="47.554899" lon="-121.128689"/>
      <trkpt lat="47.554924" lon="-121.128764"/>
      <trkpt lat="47.554967" lon="-121.128839"/>
      <trkpt lat="47.555067" lon="-121.128959"/>
      <trkpt lat="47.555136" lon="-121.129050"/>
      <trkpt lat="47.555212" lon="-121.129134"/>
      <trkpt lat="47.555315" lon="-121.129273"/>
      <trkpt lat="47.555364" lon="-121.129321"/>
      <trkpt lat="47.555404" lon="-121.129340"/>
      <trkpt lat="47.555486" lon="-121.129354"/>
      <trkpt lat="47.555681" lon="-121.129321"/>
      <trkpt lat="47.555805" lon="-121.129321"/>
      <trkpt lat="47.555906" lon="-121.129291"/>
      <trkpt lat="47.556104" lon="-121.129176"/>
      <trkpt lat="47.556167" lon="-121.129152"/>
      <trkpt lat="47.556303" lon="-121.129136"/>
      <trkpt lat="47.556429" lon="-121.129200"/>
      <trkpt lat="47.556481" lon="-121.129222"/>
      <trkpt lat="47.556524" lon="-121.129218"/>
      <trkpt lat="47.556625" lon="-121.129155"/>
      <trkpt lat="47.556652" lon="-121.129152"/>
      <trkpt lat="47.556699" lon="-121.129175"/>
      <trkpt lat="47.556728" lon="-121.129164"/>
      <trkpt lat="47.556734" lon="-121.129129"/>
      <trkpt lat="47.556734" lon="-121.129085"/>
      <trkpt lat="47.556689" lon="-121.129007"/>
      <trkpt lat="47.556684" lon="-121.128980"/>
      <trkpt lat="47.556697" lon="-121.128955"/>
      <trkpt lat="47.556725" lon="-121.128963"/>
      <trkpt lat="47.556758" lon="-121.128987"/>
      <trkpt lat="47.556854" lon="-121.128992"/>
      <trkpt lat="47.557030" lon="-121.128977"/>
      <trkpt lat="47.557094" lon="-121.128961"/>
      <trkpt lat="47.557135" lon="-121.128935"/>
      <trkpt lat="47.557234" lon="-121.128800"/>
      <trkpt lat="47.557293" lon="-121.128733"/>
      <trkpt lat="47.557325" lon="-121.128711"/>
      <trkpt lat="47.557351" lon="-121.128700"/>
      <trkpt lat="47.557408" lon="-121.128701"/>
      <trkpt lat="47.557461" lon="-121.128742"/>
      <trkpt lat="47.557496" lon="-121.128803"/>
      <trkpt lat="47.557561" lon="-121.128972"/>
      <trkpt lat="47.557610" lon="-121.129128"/>
      <trkpt lat="47.557658" lon="-121.129207"/>
      <trkpt lat="47.557748" lon="-121.129289"/>
      <trkpt lat="47.557894" lon="-121.129389"/>
      <trkpt lat="47.557912" lon="-121.129423"/>
      <trkpt lat="47.557912" lon="-121.129472"/>
      <trkpt lat="47.557879" lon="-121.129601"/>
      <trkpt lat="47.557876" lon="-121.129679"/>
      <trkpt lat="47.557876" lon="-121.129753"/>
      <trkpt lat="47.557885" lon="-121.129809"/>
      <trkpt lat="47.557898" lon="-121.129843"/>
      <trkpt lat="47.557934" lon="-121.129863"/>
      <trkpt lat="47.557985" lon="-121.129868"/>
      <trkpt lat="47.558025" lon="-121.129879"/>
      <trkpt lat="47.558073" lon="-121.129935"/>
      <trkpt lat="47.558112" lon="-121.130017"/>
      <trkpt lat="47.558187" lon="-121.130119"/>
      <trkpt lat="47.558238" lon="-121.130214"/>
      <trkpt lat="47.558255" lon="-121.130281"/>
      <trkpt lat="47.558278" lon="-121.130480"/>
      <trkpt lat="47.558266" lon="-121.130528"/>
      <trkpt lat="47.558244" lon="-121.130555"/>
      <trkpt lat="47.558215" lon="-121.130569"/>
      <trkpt lat="47.558083" lon="-121.130620"/>
      <trkpt lat="47.558073" lon="-121.130650"/>
      <trkpt lat="47.558079" lon="-121.130694"/>
      <trkpt lat="47.558096" lon="-121.130721"/>
      <trkpt lat="47.558134" lon="-121.130751"/>
      <trkpt lat="47.558217" lon="-121.130768"/>
      <trkpt lat="47.558263" lon="-121.130765"/>
      <trkpt lat="47.558302" lon="-121.130751"/>
      <trkpt lat="47.558360" lon="-121.130716"/>
      <trkpt lat="47.558406" lon="-121.130674"/>
      <trkpt lat="47.558453" lon="-121.130623"/>
      <trkpt lat="47.558511" lon="-121.130536"/>
      <trkpt lat="47.558544" lon="-121.130410"/>
      <trkpt lat="47.558563" lon="-121.130374"/>
      <trkpt lat="47.558588" lon="-121.130353"/>
      <trkpt lat="47.558684" lon="-121.130356"/>
      <trkpt lat="47.558705" lon="-121.130343"/>
      <trkpt lat="47.558713" lon="-121.130298"/>
      <trkpt lat="47.558706" lon="-121.130240"/>
      <trkpt lat="47.558714" lon="-121.130005"/>
      <trkpt lat="47.558732" lon="-121.129898"/>
      <trkpt lat="47.558751" lon="-121.129844"/>
      <trkpt lat="47.558773" lon="-121.129820"/>
      <trkpt lat="47.558800" lon="-121.129817"/>
      <trkpt lat="47.558837" lon="-121.129829"/>
      <trkpt lat="47.558886" lon="-121.129877"/>
      <trkpt lat="47.558942" lon="-121.129959"/>
      <trkpt lat="47.558960" lon="-121.130038"/>
      <trkpt lat="47.558980" lon="-121.130112"/>
      <trkpt lat="47.559008" lon="-121.130167"/>
      <trkpt lat="47.559051" lon="-121.130211"/>
      <trkpt lat="47.559062" lon="-121.130321"/>
      <trkpt lat="47.559076" lon="-121.130370"/>
      <trkpt lat="47.559134" lon="-121.130461"/>
      <trkpt lat="47.559145" lon="-121.130492"/>
      <trkpt lat="47.559146" lon="-121.130537"/>
      <trkpt lat="47.559118" lon="-121.130578"/>
      <trkpt lat="47.559077" lon="-121.130657"/>
      <trkpt lat="47.559064" lon="-121.130694"/>
      <trkpt lat="47.559057" lon="-121.130732"/>
      <trkpt lat="47.559063" lon="-121.130769"/>
      <trkpt lat="47.559081" lon="-121.130803"/>
      <trkpt lat="47.559088" lon="-121.130843"/>
      <trkpt lat="47.559081" lon="-121.130878"/>
      <trkpt lat="47.559068" lon="-121.130914"/>
      <trkpt lat="47.559064" lon="-121.130962"/>
      <trkpt lat="47.559067" lon="-121.131005"/>
      <trkpt lat="47.559078" lon="-121.131045"/>
      <trkpt lat="47.559080" lon="-121.131078"/>
      <trkpt lat="47.559065" lon="-121.131142"/>
      <trkpt lat="47.559046" lon="-121.131162"/>
      <trkpt lat="47.559036" lon="-121.131196"/>
      <trkpt lat="47.559046" lon="-121.131208"/>
      <trkpt lat="47.559144" lon="-121.131208"/>
      <trkpt lat="47.559167" lon="-121.131186"/>
      <trkpt lat="47.559175" lon="-121.131145"/>
      <trkpt lat="47.559167" lon="-121.131117"/>
      <trkpt lat="47.559167" lon="-121.131076"/>
      <trkpt lat="47.559175" lon="-121.131038"/>
      <trkpt lat="47.559205" lon="-121.131005"/>
      <trkpt lat="47.559250" lon="-121.130992"/>
      <trkpt lat="47.559286" lon="-121.130952"/>
      <trkpt lat="47.559340" lon="-121.130866"/>
      <trkpt lat="47.559386" lon="-121.130851"/>
      <trkpt lat="47.559436" lon="-121.130851"/>
      <trkpt lat="47.559478" lon="-121.130863"/>
      <trkpt lat="47.559550" lon="-121.130932"/>
      <trkpt lat="47.559568" lon="-121.130976"/>
      <trkpt lat="47.559594" lon="-121.131012"/>
      <trkpt lat="47.559620" lon="-121.131028"/>
      <trkpt lat="47.559655" lon="-121.131028"/>
      <trkpt lat="47.559691" lon="-121.131012"/>
      <trkpt lat="47.559733" lon="-121.130969"/>
      <trkpt lat="47.559813" lon="-121.130855"/>
      <trkpt lat="47.559845" lon="-121.130834"/>
      <trkpt lat="47.559883" lon="-121.130848"/>
      <trkpt lat="47.559913" lon="-121.130870"/>
      <trkpt lat="47.559939" lon="-121.130870"/>
      <trkpt lat="47.560007" lon="-121.130836"/>
      <trkpt lat="47.560048" lon="-121.130828"/>
      <trkpt lat="47.560086" lon="-121.130828"/>
      <trkpt lat="47.560108" lon="-121.130847"/>
      <trkpt lat="47.560110" lon="-121.130878"/>
      <trkpt lat="47.560100" lon="-121.130902"/>
      <trkpt lat="47.560028" lon="-121.130996"/>
      <trkpt lat="47.560015" lon="-121.131043"/>
      <trkpt lat="47.560033" lon="-121.131143"/>
      <trkpt lat="47.560024" lon="-121.131202"/>
      <trkpt lat="47.560010" lon="-121.131247"/>
      <trkpt lat="47.559974" lon="-121.131326"/>
      <trkpt lat="47.559979" lon="-121.131339"/>
      <trkpt lat="47.560016" lon="-121.131341"/>
      <trkpt lat="47.560049" lon="-121.131326"/>
      <trkpt lat="47.560065" lon="-121.131310"/>
      <trkpt lat="47.560107" lon="-121.131247"/>
      <trkpt lat="47.560228" lon="-121.131122"/>
      <trkpt lat="47.560317" lon="-121.131041"/>
      <trkpt lat="47.560352" lon="-121.130992"/>
      <trkpt lat="47.560370" lon="-121.130941"/>
      <trkpt lat="47.560369" lon="-121.130862"/>
      <trkpt lat="47.560376" lon="-121.130737"/>
      <trkpt lat="47.560387" lon="-121.130702"/>
      <trkpt lat="47.560409" lon="-121.130703"/>
      <trkpt lat="47.560428" lon="-121.130726"/>
      <trkpt lat="47.560419" lon="-121.130839"/>
      <trkpt lat="47.560428" lon="-121.130889"/>
      <trkpt lat="47.560482" lon="-121.130952"/>
      <trkpt lat="47.560494" lon="-121.130981"/>
      <trkpt lat="47.560498" lon="-121.131123"/>
      <trkpt lat="47.560511" lon="-121.131129"/>
      <trkpt lat="47.560530" lon="-121.131103"/>
      <trkpt lat="47.560562" lon="-121.130980"/>
      <trkpt lat="47.560664" lon="-121.130767"/>
      <trkpt lat="47.560678" lon="-121.130683"/>
      <trkpt lat="47.560671" lon="-121.130639"/>
      <trkpt lat="47.560629" lon="-121.130611"/>
      <trkpt lat="47.560586" lon="-121.130564"/>
      <trkpt lat="47.560544" lon="-121.130505"/>
      <trkpt lat="47.560513" lon="-121.130429"/>
      <trkpt lat="47.560453" lon="-121.130242"/>
      <trkpt lat="47.560418" lon="-121.130081"/>
      <trkpt lat="47.560406" lon="-121.129971"/>
      <trkpt lat="47.560368" lon="-121.129848"/>
      <trkpt lat="47.560321" lon="-121.129629"/>
      <trkpt lat="47.560315" lon="-121.129566"/>
      <trkpt lat="47.560320" lon="-121.129361"/>
      <trkpt lat="47.560314" lon="-121.129273"/>
      <trkpt lat="47.560298" lon="-121.129180"/>
      <trkpt lat="47.560274" lon="-121.129112"/>
      <trkpt lat="47.560250" lon="-121.129066"/>
      <trkpt lat="47.560072" lon="-121.128854"/>
      <trkpt lat="47.560079" lon="-121.128806"/>
      <trkpt lat="47.560106" lon="-121.128799"/>
      <trkpt lat="47.560158" lon="-121.128850"/>
      <trkpt lat="47.560197" lon="-121.128880"/>
      <trkpt lat="47.560253" lon="-121.128935"/>
      <trkpt lat="47.560345" lon="-121.129051"/>
      <trkpt lat="47.560423" lon="-121.129130"/>
      <trkpt lat="47.560609" lon="-121.129516"/>
      <trkpt lat="47.560665" lon="-121.129615"/>
      <trkpt lat="47.560734" lon="-121.129686"/>
      <trkpt lat="47.560877" lon="-121.129820"/>
      <trkpt lat="47.560953" lon="-121.129903"/>
      <trkpt lat="47.561101" lon="-121.130018"/>
      <trkpt lat="47.561428" lon="-121.130194"/>
      <trkpt lat="47.561503" lon="-121.130281"/>
      <trkpt lat="47.561603" lon="-121.130421"/>
      <trkpt lat="47.561634" lon="-121.130450"/>
      <trkpt lat="47.561711" lon="-121.130501"/>
      <trkpt lat="47.561799" lon="-121.130528"/>
      <trkpt lat="47.561883" lon="-121.130540"/>
      <trkpt lat="47.562014" lon="-121.130544"/>
      <trkpt lat="47.562139" lon="-121.130506"/>
      <trkpt lat="47.562331" lon="-121.130434"/>
      <trkpt lat="47.562426" lon="-121.130374"/>
      <trkpt lat="47.562479" lon="-121.130329"/>
      <trkpt lat="47.562542" lon="-121.130315"/>
      <trkpt lat="47.562646" lon="-121.130311"/>
      <trkpt lat="47.562733" lon="-121.130337"/>
      <trkpt lat="47.562766" lon="-121.130315"/>
      <trkpt lat="47.562733" lon="-121.130264"/>
      <trkpt lat="47.562637" lon="-121.130225"/>
      <trkpt lat="47.562570" lon="-121.130178"/>
      <trkpt lat="47.562508" lon="-121.130150"/>
      <trkpt lat="47.562421" lon="-121.130158"/>
      <trkpt lat="47.562330" lon="-121.130128"/>
      <trkpt lat="47.562223" lon="-121.130109"/>
      <trkpt lat="47.562150" lon="-121.130084"/>
      <trkpt lat="47.562094" lon="-121.130025"/>
      <trkpt lat="47.562017" lon="-121.129971"/>
      <trkpt lat="47.561960" lon="-121.129919"/>
      <trkpt lat="47.561907" lon="-121.129855"/>
      <trkpt lat="47.561867" lon="-121.129785"/>
      <trkpt lat="47.561812" lon="-121.129619"/>
      <trkpt lat="47.561629" lon="-121.129285"/>
      <trkpt lat="47.561566" lon="-121.129147"/>
      <trkpt lat="47.561510" lon="-121.129010"/>
      <trkpt lat="47.561484" lon="-121.128936"/>
      <trkpt lat="47.561474" lon="-121.128862"/>
      <trkpt lat="47.561487" lon="-121.128771"/>
      <trkpt lat="47.561511" lon="-121.128665"/>
      <trkpt lat="47.561541" lon="-121.128599"/>
      <trkpt lat="47.561557" lon="-121.128518"/>
      <trkpt lat="47.561564" lon="-121.128429"/>
      <trkpt lat="47.561554" lon="-121.128343"/>
      <trkpt lat="47.561537" lon="-121.128280"/>
      <trkpt lat="47.561533" lon="-121.128229"/>
      <trkpt lat="47.561558" lon="-121.128240"/>
      <trkpt lat="47.561581" lon="-121.128277"/>
      <trkpt lat="47.561588" lon="-121.128312"/>
      <trkpt lat="47.561613" lon="-121.128377"/>
      <trkpt lat="47.561621" lon="-121.128476"/>
      <trkpt lat="47.561633" lon="-121.128538"/>
      <trkpt lat="47.561656" lon="-121.128624"/>
      <trkpt lat="47.561675" lon="-121.128735"/>
      <trkpt lat="47.561679" lon="-121.128790"/>
      <trkpt lat="47.561696" lon="-121.128818"/>
      <trkpt lat="47.561796" lon="-121.128883"/>
      <trkpt lat="47.561882" lon="-121.128986"/>
      <trkpt lat="47.561970" lon="-121.129118"/>
      <trkpt lat="47.562027" lon="-121.129169"/>
      <trkpt lat="47.562148" lon="-121.129239"/>
      <trkpt lat="47.562302" lon="-121.129263"/>
      <trkpt lat="47.562401" lon="-121.129293"/>
      <trkpt lat="47.562806" lon="-121.129346"/>
      <trkpt lat="47.562892" lon="-121.129409"/>
      <trkpt lat="47.562962" lon="-121.129468"/>
      <trkpt lat="47.563062" lon="-121.129510"/>
      <trkpt lat="47.563142" lon="-121.129532"/>
      <trkpt lat="47.563224" lon="-121.129589"/>
      <trkpt lat="47.563281" lon="-121.129651"/>
      <trkpt lat="47.563305" lon="-121.129688"/>
      <trkpt lat="47.563328" lon="-121.129759"/>
      <trkpt lat="47.563344" lon="-121.129985"/>
      <trkpt lat="47.563376" lon="-121.130184"/>
      <trkpt lat="47.563407" lon="-121.130830"/>
      <trkpt lat="47.563419" lon="-121.130902"/>
      <trkpt lat="47.563467" lon="-121.130988"/>
      <trkpt lat="47.563547" lon="-121.131111"/>
      <trkpt lat="47.563581" lon="-121.131197"/>
      <trkpt lat="47.563635" lon="-121.131264"/>
      <trkpt lat="47.563676" lon="-121.131302"/>
      <trkpt lat="47.563713" lon="-121.131320"/>
      <trkpt lat="47.563763" lon="-121.131334"/>
      <trkpt lat="47.563813" lon="-121.131363"/>
      <trkpt lat="47.563892" lon="-121.131447"/>
      <trkpt lat="47.563941" lon="-121.131520"/>
      <trkpt lat="47.564044" lon="-121.131612"/>
      <trkpt lat="47.564132" lon="-121.131672"/>
      <trkpt lat="47.564160" lon="-121.131751"/>
      <trkpt lat="47.564157" lon="-121.131835"/>
      <trkpt lat="47.564159" lon="-121.131890"/>
      <trkpt lat="47.564189" lon="-121.131968"/>
      <trkpt lat="47.564207" lon="-121.132054"/>
      <trkpt lat="47.564235" lon="-121.132122"/>
      <trkpt lat="47.564285" lon="-121.132184"/>
      <trkpt lat="47.564340" lon="-121.132222"/>
      <trkpt lat="47.564412" lon="-121.132244"/>
      <trkpt lat="47.564480" lon="-121.132305"/>
      <trkpt lat="47.564618" lon="-121.132483"/>
      <trkpt lat="47.564644" lon="-121.132529"/>
      <trkpt lat="47.564651" lon="-121.132592"/>
      <trkpt lat="47.564629" lon="-121.132655"/>
      <trkpt lat="47.564586" lon="-121.132710"/>
      <trkpt lat="47.564556" lon="-121.132758"/>
      <trkpt lat="47.564530" lon="-121.132833"/>
      <trkpt lat="47.564464" lon="-121.132914"/>
      <trkpt lat="47.564418" lon="-121.132947"/>
      <trkpt lat="47.564349" lon="-121.133020"/>
      <trkpt lat="47.564327" lon="-121.133061"/>
      <trkpt lat="47.564315" lon="-121.133124"/>
      <trkpt lat="47.564311" lon="-121.133181"/>
      <trkpt lat="47.564280" lon="-121.133304"/>
      <trkpt lat="47.564235" lon="-121.133434"/>
      <trkpt lat="47.564132" lon="-121.133724"/>
      <trkpt lat="47.564029" lon="-121.133898"/>
      <trkpt lat="47.563978" lon="-121.134007"/>
      <trkpt lat="47.563945" lon="-121.134152"/>
      <trkpt lat="47.563965" lon="-121.134240"/>
      <trkpt lat="47.563997" lon="-121.134283"/>
      <trkpt lat="47.564035" lon="-121.134316"/>
      <trkpt lat="47.564053" lon="-121.134343"/>
      <trkpt lat="47.564054" lon="-121.134378"/>
      <trkpt lat="47.564045" lon="-121.134417"/>
      <trkpt lat="47.564013" lon="-121.134477"/>
      <trkpt lat="47.563738" lon="-121.134962"/>
      <trkpt lat="47.563703" lon="-121.135053"/>
      <trkpt lat="47.563691" lon="-121.135101"/>
      <trkpt lat="47.563681" lon="-121.135163"/>
      <trkpt lat="47.563684" lon="-121.135210"/>
      <trkpt lat="47.563694" lon="-121.135244"/>
      <trkpt lat="47.563714" lon="-121.135285"/>
      <trkpt lat="47.563748" lon="-121.135322"/>
      <trkpt lat="47.563778" lon="-121.135345"/>
      <trkpt lat="47.563809" lon="-121.135360"/>
      <trkpt lat="47.563855" lon="-121.135360"/>
      <trkpt lat="47.563905" lon="-121.135337"/>
      <trkpt lat="47.563946" lon="-121.135338"/>
      <trkpt lat="47.564001" lon="-121.135376"/>
      <trkpt lat="47.564039" lon="-121.135392"/>
      <trkpt lat="47.564066" lon="-121.135411"/>
      <trkpt lat="47.564090" lon="-121.135456"/>
      <trkpt lat="47.564122" lon="-121.135471"/>
      <trkpt lat="47.564147" lon="-121.135462"/>
      <trkpt lat="47.564173" lon="-121.135466"/>
      <trkpt lat="47.564200" lon="-121.135491"/>
      <trkpt lat="47.564224" lon="-121.135532"/>
      <trkpt lat="47.564254" lon="-121.135550"/>
      <trkpt lat="47.564293" lon="-121.135549"/>
      <trkpt lat="47.564313" lon="-121.135529"/>
      <trkpt lat="47.564354" lon="-121.135470"/>
      <trkpt lat="47.564381" lon="-121.135447"/>
      <trkpt lat="47.564469" lon="-121.135425"/>
      <trkpt lat="47.564525" lon="-121.135403"/>
      <trkpt lat="47.564567" lon="-121.135413"/>
      <trkpt lat="47.564644" lon="-121.135411"/>
      <trkpt lat="47.564725" lon="-121.135373"/>
      <trkpt lat="47.564801" lon="-121.135359"/>
      <trkpt lat="47.564924" lon="-121.135370"/>
      <trkpt lat="47.565016" lon="-121.135352"/>
      <trkpt lat="47.565102" lon="-121.135367"/>
      <trkpt lat="47.565256" lon="-121.135401"/>
      <trkpt lat="47.565497" lon="-121.135491"/>
      <trkpt lat="47.565600" lon="-121.135499"/>
      <trkpt lat="47.565880" lon="-121.135488"/>
      <trkpt lat="47.566193" lon="-121.135413"/>
      <trkpt lat="47.566311" lon="-121.135357"/>
      <trkpt lat="47.566510" lon="-121.135313"/>
      <trkpt lat="47.566660" lon="-121.135290"/>
      <trkpt lat="47.566779" lon="-121.135296"/>
      <trkpt lat="47.566861" lon="-121.135342"/>
      <trkpt lat="47.566939" lon="-121.135371"/>
      <trkpt lat="47.567035" lon="-121.135379"/>
      <trkpt lat="47.567160" lon="-121.135362"/>
      <trkpt lat="47.567592" lon="-121.135378"/>
      <trkpt lat="47.567653" lon="-121.135417"/>
      <trkpt lat="47.567708" lon="-121.135508"/>
      <trkpt lat="47.567744" lon="-121.135513"/>
      <trkpt lat="47.567774" lon="-121.135476"/>
      <trkpt lat="47.567918" lon="-121.135418"/>
      <trkpt lat="47.567907" lon="-121.135392"/>
      <trkpt lat="47.567840" lon="-121.135392"/>
      <trkpt lat="47.567789" lon="-121.135381"/>
      <trkpt lat="47.567740" lon="-121.135411"/>
      <trkpt lat="47.567719" lon="-121.135330"/>
      <trkpt lat="47.567691" lon="-121.135259"/>
      <trkpt lat="47.567633" lon="-121.135198"/>
      <trkpt lat="47.567493" lon="-121.135135"/>
      <trkpt lat="47.567463" lon="-121.135108"/>
      <trkpt lat="47.567395" lon="-121.134986"/>
      <trkpt lat="47.567292" lon="-121.134838"/>
      <trkpt lat="47.567227" lon="-121.134813"/>
      <trkpt lat="47.567235" lon="-121.134774"/>
      <trkpt lat="47.567615" lon="-121.134857"/>
      <trkpt lat="47.567745" lon="-121.134865"/>
      <trkpt lat="47.567786" lon="-121.134884"/>
      <trkpt lat="47.567855" lon="-121.134983"/>
      <trkpt lat="47.567875" lon="-121.134979"/>
      <trkpt lat="47.567901" lon="-121.134928"/>
      <trkpt lat="47.567949" lon="-121.134880"/>
      <trkpt lat="47.568010" lon="-121.134889"/>
      <trkpt lat="47.568033" lon="-121.134941"/>
      <trkpt lat="47.568106" lon="-121.135038"/>
      <trkpt lat="47.568181" lon="-121.135125"/>
      <trkpt lat="47.568239" lon="-121.135171"/>
      <trkpt lat="47.568290" lon="-121.135187"/>
      <trkpt lat="47.568333" lon="-121.135188"/>
      <trkpt lat="47.568365" lon="-121.135177"/>
      <trkpt lat="47.568400" lon="-121.135133"/>
      <trkpt lat="47.568494" lon="-121.134992"/>
      <trkpt lat="47.568601" lon="-121.134821"/>
      <trkpt lat="47.568645" lon="-121.134791"/>
      <trkpt lat="47.568710" lon="-121.134775"/>
      <trkpt lat="47.568764" lon="-121.134731"/>
      <trkpt lat="47.568827" lon="-121.134723"/>
      <trkpt lat="47.568903" lon="-121.134728"/>
      <trkpt lat="47.568933" lon="-121.134755"/>
      <trkpt lat="47.568982" lon="-121.134825"/>
      <trkpt lat="47.569047" lon="-121.134943"/>
      <trkpt lat="47.569073" lon="-121.134960"/>
      <trkpt lat="47.569104" lon="-121.134970"/>
      <trkpt lat="47.569149" lon="-121.134968"/>
      <trkpt lat="47.569200" lon="-121.134937"/>
      <trkpt lat="47.569237" lon="-121.134899"/>
      <trkpt lat="47.569291" lon="-121.134806"/>
      <trkpt lat="47.569349" lon="-121.134739"/>
      <trkpt lat="47.569394" lon="-121.134709"/>
      <trkpt lat="47.569476" lon="-121.134687"/>
      <trkpt lat="47.569599" lon="-121.134664"/>
      <trkpt lat="47.569718" lon="-121.134666"/>
      <trkpt lat="47.569820" lon="-121.134693"/>
      <trkpt lat="47.569893" lon="-121.134705"/>
      <trkpt lat="47.570051" lon="-121.134713"/>
      <trkpt lat="47.570126" lon="-121.134712"/>
      <trkpt lat="47.570379" lon="-121.134625"/>
      <trkpt lat="47.570472" lon="-121.134622"/>
      <trkpt lat="47.570585" lon="-121.134636"/>
      <trkpt lat="47.570636" lon="-121.134649"/>
      <trkpt lat="47.570826" lon="-121.134736"/>
      <trkpt lat="47.570938" lon="-121.134824"/>
      <trkpt lat="47.570986" lon="-121.134889"/>
      <trkpt lat="47.571058" lon="-121.134919"/>
      <trkpt lat="47.571158" lon="-121.135026"/>
      <trkpt lat="47.571222" lon="-121.135105"/>
      <trkpt lat="47.571503" lon="-121.135673"/>
      <trkpt lat="47.571545" lon="-121.135721"/>
      <trkpt lat="47.571572" lon="-121.135824"/>
      <trkpt lat="47.571623" lon="-121.135934"/>
      <trkpt lat="47.571797" lon="-121.136194"/>
      <trkpt lat="47.571991" lon="-121.136405"/>
      <trkpt lat="47.572038" lon="-121.136470"/>
      <trkpt lat="47.572168" lon="-121.136627"/>
      <trkpt lat="47.572310" lon="-121.136759"/>
      <trkpt lat="47.572358" lon="-121.136835"/>
      <trkpt lat="47.572398" lon="-121.136972"/>
      <trkpt lat="47.572457" lon="-121.137032"/>
      <trkpt lat="47.572565" lon="-121.137110"/>
      <trkpt lat="47.572594" lon="-121.137145"/>
      <trkpt lat="47.572663" lon="-121.137276"/>
      <trkpt lat="47.572670" lon="-121.137362"/>
      <trkpt lat="47.572711" lon="-121.137444"/>
      <trkpt lat="47.572795" lon="-121.137510"/>
      <trkpt lat="47.572818" lon="-121.137574"/>
      <trkpt lat="47.572827" lon="-121.137652"/>
      <trkpt lat="47.572896" lon="-121.137745"/>
      <trkpt lat="47.572964" lon="-121.137785"/>
      <trkpt lat="47.573010" lon="-121.137863"/>
      <trkpt lat="47.573100" lon="-121.137962"/>
      <trkpt lat="47.573154" lon="-121.137995"/>
      <trkpt lat="47.573279" lon="-121.137990"/>
      <trkpt lat="47.573470" lon="-121.138180"/>
      <trkpt lat="47.573587" lon="-121.138397"/>
      <trkpt lat="47.573670" lon="-121.138727"/>
      <trkpt lat="47.573695" lon="-121.138791"/>
      <trkpt lat="47.573730" lon="-121.138845"/>
      <trkpt lat="47.573849" lon="-121.138921"/>
      <trkpt lat="47.573938" lon="-121.139023"/>
      <trkpt lat="47.573982" lon="-121.139149"/>
      <trkpt lat="47.574000" lon="-121.139272"/>
      <trkpt lat="47.574051" lon="-121.139357"/>
      <trkpt lat="47.574113" lon="-121.139406"/>
      <trkpt lat="47.574206" lon="-121.139492"/>
      <trkpt lat="47.574300" lon="-121.139530"/>
      <trkpt lat="47.574358" lon="-121.139583"/>
      <trkpt lat="47.574578" lon="-121.139833"/>
      <trkpt lat="47.574684" lon="-121.139996"/>
      <trkpt lat="47.574775" lon="-121.140087"/>
      <trkpt lat="47.575051" lon="-121.140323"/>
      <trkpt lat="47.575124" lon="-121.140419"/>
      <trkpt lat="47.575216" lon="-121.140468"/>
      <trkpt lat="47.575389" lon="-121.140530"/>
      <trkpt lat="47.575483" lon="-121.140578"/>
      <trkpt lat="47.575540" lon="-121.140613"/>
      <trkpt lat="47.575675" lon="-121.140755"/>
      <trkpt lat="47.575856" lon="-121.140924"/>
      <trkpt lat="47.575938" lon="-121.141017"/>
      <trkpt lat="47.576203" lon="-121.141494"/>
      <trkpt lat="47.576267" lon="-121.141764"/>
      <trkpt lat="47.576312" lon="-121.141868"/>
      <trkpt lat="47.576345" lon="-121.141957"/>
      <trkpt lat="47.576374" lon="-121.141992"/>
      <trkpt lat="47.576435" lon="-121.142021"/>
      <trkpt lat="47.576488" lon="-121.142061"/>
      <trkpt lat="47.576513" lon="-121.142142"/>
      <trkpt lat="47.576819" lon="-121.142518"/>
      <trkpt lat="47.576895" lon="-121.142670"/>
      <trkpt lat="47.576927" lon="-121.142772"/>
      <trkpt lat="47.576956" lon="-121.142906"/>
      <trkpt lat="47.577002" lon="-121.143038"/>
      <trkpt lat="47.577013" lon="-121.143148"/>
      <trkpt lat="47.577002" lon="-121.143211"/>
      <trkpt lat="47.576974" lon="-121.143317"/>
      <trkpt lat="47.576962" lon="-121.143419"/>
      <trkpt lat="47.576956" lon="-121.143504"/>
      <trkpt lat="47.576974" lon="-121.143762"/>
      <trkpt lat="47.576998" lon="-121.143881"/>
      <trkpt lat="47.577041" lon="-121.144029"/>
      <trkpt lat="47.577100" lon="-121.144174"/>
      <trkpt lat="47.577123" lon="-121.144190"/>
      <trkpt lat="47.577130" lon="-121.144170"/>
      <trkpt lat="47.577126" lon="-121.144090"/>
      <trkpt lat="47.577114" lon="-121.144049"/>
      <trkpt lat="47.577103" lon="-121.143976"/>
      <trkpt lat="47.577095" lon="-121.143692"/>
      <trkpt lat="47.577142" lon="-121.143584"/>
      <trkpt lat="47.577191" lon="-121.143424"/>
      <trkpt lat="47.577206" lon="-121.143452"/>
      <trkpt lat="47.577173" lon="-121.143602"/>
      <trkpt lat="47.577224" lon="-121.143625"/>
      <trkpt lat="47.577266" lon="-121.143668"/>
      <trkpt lat="47.577320" lon="-121.143656"/>
      <trkpt lat="47.577391" lon="-121.143665"/>
      <trkpt lat="47.577478" lon="-121.143813"/>
      <trkpt lat="47.577560" lon="-121.143884"/>
      <trkpt lat="47.577709" lon="-121.143893"/>
      <trkpt lat="47.577790" lon="-121.143887"/>
      <trkpt lat="47.577830" lon="-121.143876"/>
      <trkpt lat="47.577841" lon="-121.143846"/>
      <trkpt lat="47.577868" lon="-121.143850"/>
      <trkpt lat="47.577894" lon="-121.143881"/>
      <trkpt lat="47.578048" lon="-121.143977"/>
      <trkpt lat="47.578266" lon="-121.144243"/>
      <trkpt lat="47.578374" lon="-121.144268"/>
      <trkpt lat="47.578489" lon="-121.144366"/>
      <trkpt lat="47.578536" lon="-121.144466"/>
      <trkpt lat="47.578663" lon="-121.144590"/>
      <trkpt lat="47.578742" lon="-121.144725"/>
      <trkpt lat="47.578812" lon="-121.144866"/>
      <trkpt lat="47.578876" lon="-121.144942"/>
      <trkpt lat="47.578954" lon="-121.145057"/>
      <trkpt lat="47.578986" lon="-121.145095"/>
      <trkpt lat="47.579046" lon="-121.145092"/>
      <trkpt lat="47.579098" lon="-121.145079"/>
      <trkpt lat="47.579146" lon="-121.145102"/>
      <trkpt lat="47.579287" lon="-121.145084"/>
      <trkpt lat="47.579471" lon="-121.145118"/>
      <trkpt lat="47.579781" lon="-121.145108"/>
      <trkpt lat="47.579855" lon="-121.145181"/>
      <trkpt lat="47.579935" lon="-121.145280"/>
      <trkpt lat="47.580011" lon="-121.145350"/>
      <trkpt lat="47.580062" lon="-121.145447"/>
      <trkpt lat="47.580099" lon="-121.145470"/>
      <trkpt lat="47.580154" lon="-121.145462"/>
      <trkpt lat="47.580215" lon="-121.145484"/>
      <trkpt lat="47.580368" lon="-121.145623"/>
      <trkpt lat="47.580393" lon="-121.145689"/>
      <trkpt lat="47.580411" lon="-121.145782"/>
      <trkpt lat="47.580499" lon="-121.145820"/>
      <trkpt lat="47.580539" lon="-121.145875"/>
      <trkpt lat="47.580546" lon="-121.145945"/>
      <trkpt lat="47.580562" lon="-121.146012"/>
      <trkpt lat="47.580620" lon="-121.146090"/>
      <trkpt lat="47.580684" lon="-121.146192"/>
      <trkpt lat="47.580761" lon="-121.146264"/>
      <trkpt lat="47.580862" lon="-121.146310"/>
      <trkpt lat="47.580881" lon="-121.146377"/>
      <trkpt lat="47.580904" lon="-121.146417"/>
      <trkpt lat="47.580928" lon="-121.146415"/>
      <trkpt lat="47.580944" lon="-121.146361"/>
      <trkpt lat="47.580995" lon="-121.146270"/>
      <trkpt lat="47.581040" lon="-121.146243"/>
      <trkpt lat="47.581148" lon="-121.146248"/>
      <trkpt lat="47.581205" lon="-121.146138"/>
      <trkpt lat="47.581255" lon="-121.146090"/>
      <trkpt lat="47.581343" lon="-121.146020"/>
      <trkpt lat="47.581467" lon="-121.145983"/>
      <trkpt lat="47.581588" lon="-121.145956"/>
      <trkpt lat="47.581680" lon="-121.145905"/>
      <trkpt lat="47.581758" lon="-121.145883"/>
      <trkpt lat="47.581889" lon="-121.145862"/>
      <trkpt lat="47.582018" lon="-121.145830"/>
      <trkpt lat="47.582071" lon="-121.145784"/>
      <trkpt lat="47.582151" lon="-121.145677"/>
      <trkpt lat="47.582276" lon="-121.145545"/>
      <trkpt lat="47.582591" lon="-121.145256"/>
      <trkpt lat="47.582694" lon="-121.145122"/>
      <trkpt lat="47.582889" lon="-121.144937"/>
      <trkpt lat="47.582954" lon="-121.144897"/>
      <trkpt lat="47.583043" lon="-121.144859"/>
      <trkpt lat="47.583148" lon="-121.144792"/>
      <trkpt lat="47.583238" lon="-121.144698"/>
      <trkpt lat="47.583446" lon="-121.144591"/>
      <trkpt lat="47.583496" lon="-121.144548"/>
      <trkpt lat="47.583584" lon="-121.144451"/>
      <trkpt lat="47.583669" lon="-121.144403"/>
      <trkpt lat="47.583745" lon="-121.144403"/>
      <trkpt lat="47.583833" lon="-121.144446"/>
      <trkpt lat="47.583897" lon="-121.144455"/>
      <trkpt lat="47.583982" lon="-121.144430"/>
      <trkpt lat="47.584105" lon="-121.144379"/>
      <trkpt lat="47.584224" lon="-121.144360"/>
      <trkpt lat="47.584559" lon="-121.144329"/>
      <trkpt lat="47.584742" lon="-121.144363"/>
      <trkpt lat="47.584928" lon="-121.144411"/>
      <trkpt lat="47.585596" lon="-121.144931"/>
      <trkpt lat="47.585661" lon="-121.144998"/>
      <trkpt lat="47.585709" lon="-121.145076"/>
      <trkpt lat="47.585771" lon="-121.145113"/>
      <trkpt lat="47.585824" lon="-121.145182"/>
      <trkpt lat="47.585940" lon="-121.145255"/>
      <trkpt lat="47.586229" lon="-121.145572"/>
      <trkpt lat="47.586288" lon="-121.145725"/>
      <trkpt lat="47.586398" lon="-121.145776"/>
      <trkpt lat="47.586512" lon="-121.145891"/>
      <trkpt lat="47.586639" lon="-121.146133"/>
      <trkpt lat="47.586752" lon="-121.146240"/>
      <trkpt lat="47.586822" lon="-121.146289"/>
      <trkpt lat="47.586941" lon="-121.146345"/>
      <trkpt lat="47.587055" lon="-121.146538"/>
      <trkpt lat="47.587094" lon="-121.146653"/>
      <trkpt lat="47.587141" lon="-121.146736"/>
      <trkpt lat="47.587233" lon="-121.146790"/>
      <trkpt lat="47.587332" lon="-121.146867"/>
      <trkpt lat="47.587417" lon="-121.146967"/>
      <trkpt lat="47.587549" lon="-121.147152"/>
      <trkpt lat="47.587758" lon="-121.147375"/>
      <trkpt lat="47.587971" lon="-121.147587"/>
      <trkpt lat="47.588114" lon="-121.147705"/>
      <trkpt lat="47.588213" lon="-121.147828"/>
      <trkpt lat="47.588306" lon="-121.147986"/>
      <trkpt lat="47.588371" lon="-121.148161"/>
      <trkpt lat="47.588435" lon="-121.148262"/>
      <trkpt lat="47.588615" lon="-121.148504"/>
      <trkpt lat="47.588747" lon="-121.148601"/>
      <trkpt lat="47.588825" lon="-121.148641"/>
      <trkpt lat="47.588887" lon="-121.148624"/>
      <trkpt lat="47.588937" lon="-121.148584"/>
      <trkpt lat="47.588984" lon="-121.148515"/>
      <trkpt lat="47.589049" lon="-121.148453"/>
      <trkpt lat="47.589091" lon="-121.148432"/>
      <trkpt lat="47.589154" lon="-121.148426"/>
      <trkpt lat="47.589301" lon="-121.148475"/>
      <trkpt lat="47.589395" lon="-121.148480"/>
      <trkpt lat="47.589472" lon="-121.148477"/>
      <trkpt lat="47.589542" lon="-121.148456"/>
      <trkpt lat="47.589590" lon="-121.148388"/>
      <trkpt lat="47.589594" lon="-121.148204"/>
      <trkpt lat="47.589583" lon="-121.148139"/>
      <trkpt lat="47.589601" lon="-121.148080"/>
      <trkpt lat="47.589737" lon="-121.147898"/>
      <trkpt lat="47.589803" lon="-121.147758"/>
      <trkpt lat="47.589917" lon="-121.147576"/>
      <trkpt lat="47.590024" lon="-121.147423"/>
      <trkpt lat="47.590074" lon="-121.147314"/>
      <trkpt lat="47.590116" lon="-121.147153"/>
      <trkpt lat="47.590152" lon="-121.146874"/>
      <trkpt lat="47.590225" lon="-121.146425"/>
      <trkpt lat="47.590214" lon="-121.146352"/>
      <trkpt lat="47.590209" lon="-121.146270"/>
      <trkpt lat="47.590171" lon="-121.146123"/>
      <trkpt lat="47.590160" lon="-121.145996"/>
      <trkpt lat="47.590170" lon="-121.145905"/>
      <trkpt lat="47.590201" lon="-121.145730"/>
      <trkpt lat="47.590214" lon="-121.145360"/>
      <trkpt lat="47.590251" lon="-121.145174"/>
      <trkpt lat="47.590286" lon="-121.145111"/>
      <trkpt lat="47.590291" lon="-121.145074"/>
      <trkpt lat="47.590263" lon="-121.145025"/>
      <trkpt lat="47.590236" lon="-121.144993"/>
      <trkpt lat="47.590187" lon="-121.144880"/>
      <trkpt lat="47.590122" lon="-121.144676"/>
      <trkpt lat="47.590089" lon="-121.144553"/>
      <trkpt lat="47.590039" lon="-121.144172"/>
      <trkpt lat="47.589987" lon="-121.144017"/>
      <trkpt lat="47.589974" lon="-121.143900"/>
      <trkpt lat="47.589923" lon="-121.143707"/>
      <trkpt lat="47.589862" lon="-121.143535"/>
      <trkpt lat="47.589805" lon="-121.143343"/>
      <trkpt lat="47.589726" lon="-121.143196"/>
      <trkpt lat="47.589712" lon="-121.143077"/>
      <trkpt lat="47.589720" lon="-121.142944"/>
      <trkpt lat="47.589717" lon="-121.142791"/>
      <trkpt lat="47.589704" lon="-121.142668"/>
      <trkpt lat="47.589704" lon="-121.142444"/>
      <trkpt lat="47.589714" lon="-121.142353"/>
      <trkpt lat="47.589755" lon="-121.142276"/>
      <trkpt lat="47.589765" lon="-121.142217"/>
      <trkpt lat="47.589774" lon="-121.142128"/>
      <trkpt lat="47.589765" lon="-121.142064"/>
      <trkpt lat="47.589700" lon="-121.141925"/>
      <trkpt lat="47.589682" lon="-121.141835"/>
      <trkpt lat="47.589677" lon="-121.141782"/>
      <trkpt lat="47.589626" lon="-121.141691"/>
      <trkpt lat="47.589556" lon="-121.141595"/>
      <trkpt lat="47.589507" lon="-121.141509"/>
      <trkpt lat="47.589494" lon="-121.141402"/>
      <trkpt lat="47.589492" lon="-121.141286"/>
      <trkpt lat="47.589500" lon="-121.141160"/>
      <trkpt lat="47.589519" lon="-121.141048"/>
      <trkpt lat="47.589545" lon="-121.141005"/>
      <trkpt lat="47.589579" lon="-121.140978"/>
      <trkpt lat="47.589650" lon="-121.140946"/>
      <trkpt lat="47.589744" lon="-121.140959"/>
      <trkpt lat="47.589800" lon="-121.140972"/>
      <trkpt lat="47.589874" lon="-121.140956"/>
      <trkpt lat="47.589982" lon="-121.140873"/>
      <trkpt lat="47.590057" lon="-121.140865"/>
      <trkpt lat="47.590122" lon="-121.140882"/>
      <trkpt lat="47.590238" lon="-121.140983"/>
      <trkpt lat="47.590303" lon="-121.141010"/>
      <trkpt lat="47.590399" lon="-121.141007"/>
      <trkpt lat="47.590480" lon="-121.141013"/>
      <trkpt lat="47.590545" lon="-121.141042"/>
      <trkpt lat="47.590640" lon="-121.141112"/>
      <trkpt lat="47.590728" lon="-121.141243"/>
      <trkpt lat="47.590789" lon="-121.141262"/>
      <trkpt lat="47.590869" lon="-121.141259"/>
      <trkpt lat="47.590945" lon="-121.141211"/>
      <trkpt lat="47.591043" lon="-121.141104"/>
      <trkpt lat="47.591111" lon="-121.141013"/>
      <trkpt lat="47.591202" lon="-121.140927"/>
      <trkpt lat="47.591260" lon="-121.140881"/>
      <trkpt lat="47.591316" lon="-121.140846"/>
      <trkpt lat="47.591384" lon="-121.140822"/>
      <trkpt lat="47.591511" lon="-121.140846"/>
      <trkpt lat="47.591614" lon="-121.140849"/>
      <trkpt lat="47.591705" lon="-121.140838"/>
      <trkpt lat="47.591786" lon="-121.140801"/>
      <trkpt lat="47.591842" lon="-121.140782"/>
      <trkpt lat="47.591934" lon="-121.140779"/>
      <trkpt lat="47.592039" lon="-121.140793"/>
      <trkpt lat="47.592238" lon="-121.140803"/>
      <trkpt lat="47.592350" lon="-121.140828"/>
      <trkpt lat="47.592446" lon="-121.140817"/>
      <trkpt lat="47.592560" lon="-121.140777"/>
      <trkpt lat="47.592865" lon="-121.140694"/>
      <trkpt lat="47.592913" lon="-121.140651"/>
      <trkpt lat="47.592938" lon="-121.140558"/>
      <trkpt lat="47.592956" lon="-121.140514"/>
      <trkpt lat="47.592986" lon="-121.140496"/>
      <trkpt lat="47.593048" lon="-121.140475"/>
      <trkpt lat="47.593094" lon="-121.140500"/>
      <trkpt lat="47.593141" lon="-121.140541"/>
      <trkpt lat="47.593170" lon="-121.140586"/>
      <trkpt lat="47.593205" lon="-121.140594"/>
      <trkpt lat="47.593298" lon="-121.140567"/>
      <trkpt lat="47.593422" lon="-121.140520"/>
      <trkpt lat="47.593630" lon="-121.140536"/>
    </trkseg>
    <trkseg>
      <trkpt lat="47.593630" lon="-121.140536"/>
      <trkpt lat="47.593697" lon="-121.140542"/>
      <trkpt lat="47.593752" lon="-121.140559"/>
      <trkpt lat="47.593863" lon="-121.140688"/>
      <trkpt lat="47.593943" lon="-121.140727"/>
    </trkseg>
    <trkseg>
      <trkpt lat="47.593943" lon="-121.140727"/>
      <trkpt lat="47.594006" lon="-121.140749"/>
      <trkpt lat="47.594159" lon="-121.140806"/>
      <trkpt lat="47.594237" lon="-121.140892"/>
      <trkpt lat="47.594302" lon="-121.140946"/>
      <trkpt lat="47.594384" lon="-121.140964"/>
      <trkpt lat="47.594602" lon="-121.140959"/>
      <trkpt lat="47.594772" lon="-121.140962"/>
      <trkpt lat="47.594834" lon="-121.140962"/>
      <trkpt lat="47.594892" lon="-121.140948"/>
      <trkpt lat="47.594924" lon="-121.140905"/>
      <trkpt lat="47.594964" lon="-121.140763"/>
      <trkpt lat="47.594968" lon="-121.140634"/>
      <trkpt lat="47.594982" lon="-121.140570"/>
      <trkpt lat="47.595028" lon="-121.140506"/>
      <trkpt lat="47.595108" lon="-121.140417"/>
      <trkpt lat="47.595185" lon="-121.140353"/>
      <trkpt lat="47.595368" lon="-121.140326"/>
      <trkpt lat="47.595454" lon="-121.140326"/>
      <trkpt lat="47.595529" lon="-121.140318"/>
      <trkpt lat="47.595632" lon="-121.140275"/>
      <trkpt lat="47.595713" lon="-121.140224"/>
      <trkpt lat="47.595802" lon="-121.140181"/>
      <trkpt lat="47.595919" lon="-121.140050"/>
      <trkpt lat="47.595945" lon="-121.139977"/>
      <trkpt lat="47.595952" lon="-121.139873"/>
      <trkpt lat="47.595932" lon="-121.139725"/>
      <trkpt lat="47.595946" lon="-121.139680"/>
      <trkpt lat="47.595997" lon="-121.139629"/>
      <trkpt lat="47.596185" lon="-121.139599"/>
      <trkpt lat="47.596337" lon="-121.139588"/>
      <trkpt lat="47.596402" lon="-121.139567"/>
      <trkpt lat="47.596462" lon="-121.139529"/>
      <trkpt lat="47.596534" lon="-121.139503"/>
      <trkpt lat="47.596639" lon="-121.139527"/>
      <trkpt lat="47.596740" lon="-121.139559"/>
      <trkpt lat="47.596835" lon="-121.139561"/>
      <trkpt lat="47.596949" lon="-121.139556"/>
      <trkpt lat="47.597064" lon="-121.139481"/>
      <trkpt lat="47.597129" lon="-121.139403"/>
      <trkpt lat="47.597187" lon="-121.139301"/>
      <trkpt lat="47.597236" lon="-121.139191"/>
      <trkpt lat="47.597268" lon="-121.139100"/>
      <trkpt lat="47.597281" lon="-121.139017"/>
      <trkpt lat="47.597270" lon="-121.138961"/>
      <trkpt lat="47.597222" lon="-121.138918"/>
      <trkpt lat="47.597100" lon="-121.138851"/>
      <trkpt lat="47.597037" lon="-121.138786"/>
      <trkpt lat="47.596865" lon="-121.138529"/>
      <trkpt lat="47.596769" lon="-121.138457"/>
      <trkpt lat="47.596664" lon="-121.138282"/>
      <trkpt lat="47.596608" lon="-121.138234"/>
      <trkpt lat="47.596527" lon="-121.138116"/>
      <trkpt lat="47.596435" lon="-121.137974"/>
      <trkpt lat="47.596397" lon="-121.137896"/>
      <trkpt lat="47.596359" lon="-121.137789"/>
      <trkpt lat="47.596346" lon="-121.137697"/>
      <trkpt lat="47.596363" lon="-121.137640"/>
      <trkpt lat="47.596440" lon="-121.137622"/>
      <trkpt lat="47.596596" lon="-121.137622"/>
      <trkpt lat="47.596672" lon="-121.137654"/>
      <trkpt lat="47.596880" lon="-121.137654"/>
      <trkpt lat="47.597113" lon="-121.137700"/>
      <trkpt lat="47.597341" lon="-121.137695"/>
      <trkpt lat="47.597580" lon="-121.137725"/>
      <trkpt lat="47.597760" lon="-121.137815"/>
      <trkpt lat="47.597996" lon="-121.137794"/>
      <trkpt lat="47.598102" lon="-121.137815"/>
      <trkpt lat="47.598194" lon="-121.137870"/>
      <trkpt lat="47.598412" lon="-121.137960"/>
      <trkpt lat="47.598515" lon="-121.138104"/>
      <trkpt lat="47.598554" lon="-121.138137"/>
      <trkpt lat="47.598620" lon="-121.138167"/>
      <trkpt lat="47.598690" lon="-121.138161"/>
      <trkpt lat="47.598811" lon="-121.138124"/>
      <trkpt lat="47.599203" lon="-121.138033"/>
      <trkpt lat="47.599356" lon="-121.138019"/>
      <trkpt lat="47.599495" lon="-121.137966"/>
      <trkpt lat="47.599551" lon="-121.137890"/>
      <trkpt lat="47.599602" lon="-121.137832"/>
      <trkpt lat="47.599727" lon="-121.137802"/>
      <trkpt lat="47.599857" lon="-121.137806"/>
      <trkpt lat="47.600161" lon="-121.137845"/>
      <trkpt lat="47.600325" lon="-121.137845"/>
      <trkpt lat="47.600420" lon="-121.137819"/>
      <trkpt lat="47.600712" lon="-121.137601"/>
      <trkpt lat="47.600873" lon="-121.137402"/>
      <trkpt lat="47.600904" lon="-121.137354"/>
      <trkpt lat="47.600931" lon="-121.137341"/>
      <trkpt lat="47.600971" lon="-121.137359"/>
      <trkpt lat="47.601054" lon="-121.137451"/>
      <trkpt lat="47.601161" lon="-121.137494"/>
      <trkpt lat="47.601249" lon="-121.137540"/>
      <trkpt lat="47.601755" lon="-121.137860"/>
      <trkpt lat="47.601917" lon="-121.137922"/>
      <trkpt lat="47.602202" lon="-121.137995"/>
      <trkpt lat="47.602421" lon="-121.138090"/>
      <trkpt lat="47.602604" lon="-121.138113"/>
      <trkpt lat="47.602821" lon="-121.138097"/>
      <trkpt lat="47.602926" lon="-121.138135"/>
      <trkpt lat="47.603034" lon="-121.138188"/>
      <trkpt lat="47.603280" lon="-121.138344"/>
      <trkpt lat="47.603490" lon="-121.138339"/>
      <trkpt lat="47.603660" lon="-121.138258"/>
      <trkpt lat="47.603805" lon="-121.138204"/>
      <trkpt lat="47.603910" lon="-121.138183"/>
      <trkpt lat="47.604000" lon="-121.138194"/>
      <trkpt lat="47.604248" lon="-121.138278"/>
      <trkpt lat="47.604572" lon="-121.138426"/>
      <trkpt lat="47.604752" lon="-121.138473"/>
      <trkpt lat="47.604904" lon="-121.138505"/>
      <trkpt lat="47.605009" lon="-121.138505"/>
      <trkpt lat="47.605154" lon="-121.138478"/>
      <trkpt lat="47.605259" lon="-121.138440"/>
      <trkpt lat="47.605371" lon="-121.138424"/>
      <trkpt lat="47.605461" lon="-121.138462"/>
      <trkpt lat="47.605559" lon="-121.138542"/>
      <trkpt lat="47.605697" lon="-121.138698"/>
      <trkpt lat="47.605780" lon="-121.138768"/>
      <trkpt lat="47.605921" lon="-121.138805"/>
      <trkpt lat="47.606069" lon="-121.138800"/>
      <trkpt lat="47.606188" lon="-121.138773"/>
      <trkpt lat="47.606456" lon="-121.138660"/>
      <trkpt lat="47.606563" lon="-121.138601"/>
      <trkpt lat="47.606662" lon="-121.138505"/>
      <trkpt lat="47.606738" lon="-121.138467"/>
      <trkpt lat="47.606809" lon="-121.138513"/>
      <trkpt lat="47.606879" lon="-121.138513"/>
      <trkpt lat="47.606999" lon="-121.138473"/>
      <trkpt lat="47.607234" lon="-121.138457"/>
      <trkpt lat="47.607278" lon="-121.138434"/>
      <trkpt lat="47.607313" lon="-121.138397"/>
      <trkpt lat="47.607348" lon="-121.138325"/>
      <trkpt lat="47.607371" lon="-121.138175"/>
      <trkpt lat="47.607398" lon="-121.138052"/>
      <trkpt lat="47.607427" lon="-121.137963"/>
      <trkpt lat="47.607467" lon="-121.137883"/>
      <trkpt lat="47.607510" lon="-121.137840"/>
      <trkpt lat="47.607559" lon="-121.137805"/>
      <trkpt lat="47.607613" lon="-121.137783"/>
      <trkpt lat="47.607639" lon="-121.137740"/>
      <trkpt lat="47.607650" lon="-121.137649"/>
      <trkpt lat="47.607648" lon="-121.137561"/>
      <trkpt lat="47.607622" lon="-121.137496"/>
      <trkpt lat="47.607570" lon="-121.137427"/>
      <trkpt lat="47.607420" lon="-121.137260"/>
      <trkpt lat="47.607357" lon="-121.137177"/>
      <trkpt lat="47.607322" lon="-121.137086"/>
      <trkpt lat="47.607317" lon="-121.136989"/>
      <trkpt lat="47.607342" lon="-121.136844"/>
      <trkpt lat="47.607338" lon="-121.136764"/>
      <trkpt lat="47.607286" lon="-121.136638"/>
      <trkpt lat="47.607281" lon="-121.136560"/>
      <trkpt lat="47.607253" lon="-121.136485"/>
      <trkpt lat="47.607221" lon="-121.136429"/>
      <trkpt lat="47.607203" lon="-121.136343"/>
      <trkpt lat="47.607217" lon="-121.136265"/>
      <trkpt lat="47.607243" lon="-121.136206"/>
      <trkpt lat="47.607253" lon="-121.136144"/>
      <trkpt lat="47.607154" lon="-121.136005"/>
      <trkpt lat="47.607123" lon="-121.135935"/>
      <trkpt lat="47.607130" lon="-121.135769"/>
      <trkpt lat="47.607123" lon="-121.135705"/>
      <trkpt lat="47.607073" lon="-121.135627"/>
      <trkpt lat="47.607022" lon="-121.135584"/>
      <trkpt lat="47.607002" lon="-121.135549"/>
      <trkpt lat="47.606995" lon="-121.135482"/>
      <trkpt lat="47.607015" lon="-121.135305"/>
      <trkpt lat="47.607056" lon="-121.135214"/>
      <trkpt lat="47.607062" lon="-121.135173"/>
      <trkpt lat="47.607006" lon="-121.135004"/>
      <trkpt lat="47.606995" lon="-121.134951"/>
      <trkpt lat="47.607007" lon="-121.134844"/>
      <trkpt lat="47.607006" lon="-121.134777"/>
      <trkpt lat="47.606960" lon="-121.134723"/>
      <trkpt lat="47.606930" lon="-121.134626"/>
      <trkpt lat="47.606928" lon="-121.134527"/>
      <trkpt lat="47.606937" lon="-121.134409"/>
      <trkpt lat="47.606975" lon="-121.134256"/>
      <trkpt lat="47.607013" lon="-121.134152"/>
      <trkpt lat="47.607093" lon="-121.133972"/>
      <trkpt lat="47.607217" lon="-121.133747"/>
      <trkpt lat="47.607519" lon="-121.133349"/>
      <trkpt lat="47.607588" lon="-121.133304"/>
      <trkpt lat="47.607771" lon="-121.133269"/>
      <trkpt lat="47.608071" lon="-121.133274"/>
      <trkpt lat="47.608176" lon="-121.133307"/>
      <trkpt lat="47.608276" lon="-121.133355"/>
      <trkpt lat="47.608391" lon="-121.133374"/>
      <trkpt lat="47.608467" lon="-121.133374"/>
      <trkpt lat="47.608616" lon="-121.133341"/>
      <trkpt lat="47.608659" lon="-121.133312"/>
      <trkpt lat="47.608713" lon="-121.133312"/>
      <trkpt lat="47.608785" lon="-121.133358"/>
      <trkpt lat="47.608861" lon="-121.133430"/>
      <trkpt lat="47.608928" lon="-121.133503"/>
      <trkpt lat="47.609017" lon="-121.133586"/>
      <trkpt lat="47.609098" lon="-121.133631"/>
      <trkpt lat="47.609196" lon="-121.133701"/>
      <trkpt lat="47.609272" lon="-121.133773"/>
      <trkpt lat="47.609337" lon="-121.133859"/>
      <trkpt lat="47.609422" lon="-121.134007"/>
      <trkpt lat="47.609485" lon="-121.134085"/>
      <trkpt lat="47.609669" lon="-121.134184"/>
      <trkpt lat="47.609742" lon="-121.134256"/>
      <trkpt lat="47.609830" lon="-121.134366"/>
      <trkpt lat="47.609896" lon="-121.134476"/>
      <trkpt lat="47.609930" lon="-121.134589"/>
      <trkpt lat="47.609959" lon="-121.134709"/>
      <trkpt lat="47.610015" lon="-121.134827"/>
      <trkpt lat="47.610058" lon="-121.134900"/>
      <trkpt lat="47.610226" lon="-121.135018"/>
      <trkpt lat="47.610295" lon="-121.135082"/>
      <trkpt lat="47.610396" lon="-121.135219"/>
      <trkpt lat="47.610463" lon="-121.135344"/>
      <trkpt lat="47.610510" lon="-121.135466"/>
      <trkpt lat="47.610566" lon="-121.135581"/>
      <trkpt lat="47.610608" lon="-121.135640"/>
      <trkpt lat="47.610669" lon="-121.135683"/>
      <trkpt lat="47.610732" lon="-121.135702"/>
      <trkpt lat="47.610807" lon="-121.135672"/>
      <trkpt lat="47.610895" lon="-121.135662"/>
      <trkpt lat="47.610955" lon="-121.135683"/>
      <trkpt lat="47.611111" lon="-121.135852"/>
      <trkpt lat="47.611192" lon="-121.135960"/>
      <trkpt lat="47.611214" lon="-121.136018"/>
      <trkpt lat="47.611272" lon="-121.136244"/>
      <trkpt lat="47.611317" lon="-121.136327"/>
      <trkpt lat="47.611362" lon="-121.136392"/>
      <trkpt lat="47.611429" lon="-121.136445"/>
      <trkpt lat="47.611496" lon="-121.136474"/>
      <trkpt lat="47.611595" lon="-121.136501"/>
      <trkpt lat="47.611690" lon="-121.136516"/>
      <trkpt lat="47.611776" lon="-121.136509"/>
      <trkpt lat="47.611807" lon="-121.136525"/>
      <trkpt lat="47.611814" lon="-121.136575"/>
      <trkpt lat="47.611841" lon="-121.136649"/>
      <trkpt lat="47.611857" lon="-121.136756"/>
      <trkpt lat="47.611931" lon="-121.136855"/>
      <trkpt lat="47.611993" lon="-121.136898"/>
      <trkpt lat="47.612063" lon="-121.136930"/>
      <trkpt lat="47.612225" lon="-121.136966"/>
      <trkpt lat="47.612266" lon="-121.136949"/>
      <trkpt lat="47.612313" lon="-121.136946"/>
      <trkpt lat="47.612356" lon="-121.136987"/>
      <trkpt lat="47.612389" lon="-121.137043"/>
      <trkpt lat="47.612465" lon="-121.137126"/>
      <trkpt lat="47.612548" lon="-121.137204"/>
      <trkpt lat="47.612689" lon="-121.137268"/>
      <trkpt lat="47.612801" lon="-121.137291"/>
      <trkpt lat="47.612942" lon="-121.137312"/>
      <trkpt lat="47.613002" lon="-121.137284"/>
      <trkpt lat="47.613083" lon="-121.137274"/>
      <trkpt lat="47.613192" lon="-121.137311"/>
      <trkpt lat="47.613304" lon="-121.137386"/>
      <trkpt lat="47.613429" lon="-121.137448"/>
      <trkpt lat="47.613713" lon="-121.137697"/>
      <trkpt lat="47.613832" lon="-121.137754"/>
      <trkpt lat="47.613924" lon="-121.137807"/>
      <trkpt lat="47.614011" lon="-121.137840"/>
      <trkpt lat="47.614232" lon="-121.137947"/>
      <trkpt lat="47.614585" lon="-121.138178"/>
      <trkpt lat="47.614696" lon="-121.138231"/>
      <trkpt lat="47.614855" lon="-121.138263"/>
      <trkpt lat="47.615313" lon="-121.138301"/>
      <trkpt lat="47.615437" lon="-121.138336"/>
      <trkpt lat="47.615552" lon="-121.138403"/>
      <trkpt lat="47.615703" lon="-121.138464"/>
      <trkpt lat="47.615975" lon="-121.138642"/>
      <trkpt lat="47.616367" lon="-121.138926"/>
      <trkpt lat="47.616464" lon="-121.139025"/>
      <trkpt lat="47.616530" lon="-121.139076"/>
      <trkpt lat="47.616718" lon="-121.139154"/>
      <trkpt lat="47.616897" lon="-121.139248"/>
      <trkpt lat="47.617137" lon="-121.139395"/>
      <trkpt lat="47.617271" lon="-121.139433"/>
      <trkpt lat="47.617428" lon="-121.139492"/>
      <trkpt lat="47.617580" lon="-121.139572"/>
      <trkpt lat="47.617728" lon="-121.139672"/>
      <trkpt lat="47.617830" lon="-121.139760"/>
      <trkpt lat="47.617947" lon="-121.139854"/>
      <trkpt lat="47.618056" lon="-121.139913"/>
      <trkpt lat="47.618184" lon="-121.139999"/>
      <trkpt lat="47.618287" lon="-121.140079"/>
      <trkpt lat="47.618520" lon="-121.140213"/>
      <trkpt lat="47.618665" lon="-121.140334"/>
      <trkpt lat="47.618785" lon="-121.140415"/>
      <trkpt lat="47.618911" lon="-121.140511"/>
      <trkpt lat="47.619014" lon="-121.140567"/>
      <trkpt lat="47.619187" lon="-121.140562"/>
      <trkpt lat="47.619270" lon="-121.140618"/>
      <trkpt lat="47.619321" lon="-121.140685"/>
      <trkpt lat="47.619394" lon="-121.140734"/>
      <trkpt lat="47.619478" lon="-121.140747"/>
      <trkpt lat="47.619547" lon="-121.140766"/>
      <trkpt lat="47.619651" lon="-121.140833"/>
      <trkpt lat="47.619694" lon="-121.140849"/>
      <trkpt lat="47.619777" lon="-121.140849"/>
      <trkpt lat="47.619832" lon="-121.140869"/>
      <trkpt lat="47.619905" lon="-121.140972"/>
      <trkpt lat="47.620002" lon="-121.141151"/>
      <trkpt lat="47.620053" lon="-121.141216"/>
      <trkpt lat="47.620132" lon="-121.141229"/>
      <trkpt lat="47.620198" lon="-121.141226"/>
      <trkpt lat="47.620261" lon="-121.141242"/>
      <trkpt lat="47.620368" lon="-121.141329"/>
      <trkpt lat="47.620641" lon="-121.141495"/>
      <trkpt lat="47.620780" lon="-121.141550"/>
      <trkpt lat="47.621158" lon="-121.141650"/>
      <trkpt lat="47.621335" lon="-121.141712"/>
      <trkpt lat="47.621389" lon="-121.141790"/>
      <trkpt lat="47.621435" lon="-121.141844"/>
      <trkpt lat="47.621476" lon="-121.141882"/>
      <trkpt lat="47.621536" lon="-121.141898"/>
      <trkpt lat="47.621722" lon="-121.141852"/>
      <trkpt lat="47.621785" lon="-121.141852"/>
      <trkpt lat="47.621841" lon="-121.141865"/>
      <trkpt lat="47.621876" lon="-121.141938"/>
      <trkpt lat="47.621877" lon="-121.142016"/>
      <trkpt lat="47.621867" lon="-121.142080"/>
      <trkpt lat="47.621876" lon="-121.142169"/>
      <trkpt lat="47.621895" lon="-121.142256"/>
      <trkpt lat="47.621905" lon="-121.142338"/>
      <trkpt lat="47.621929" lon="-121.142385"/>
      <trkpt lat="47.621966" lon="-121.142424"/>
      <trkpt lat="47.622104" lon="-121.142499"/>
      <trkpt lat="47.622340" lon="-121.142601"/>
      <trkpt lat="47.622480" lon="-121.142721"/>
      <trkpt lat="47.622615" lon="-121.142823"/>
      <trkpt lat="47.622709" lon="-121.142912"/>
      <trkpt lat="47.622910" lon="-121.143059"/>
      <trkpt lat="47.623120" lon="-121.143193"/>
      <trkpt lat="47.623246" lon="-121.143295"/>
      <trkpt lat="47.623382" lon="-121.143432"/>
      <trkpt lat="47.623470" lon="-121.143534"/>
      <trkpt lat="47.623519" lon="-121.143601"/>
      <trkpt lat="47.623573" lon="-121.143625"/>
      <trkpt lat="47.623720" lon="-121.143625"/>
      <trkpt lat="47.623765" lon="-121.143657"/>
      <trkpt lat="47.623850" lon="-121.143773"/>
      <trkpt lat="47.624146" lon="-121.144076"/>
      <trkpt lat="47.624286" lon="-121.144183"/>
      <trkpt lat="47.624410" lon="-121.144333"/>
      <trkpt lat="47.624475" lon="-121.144424"/>
      <trkpt lat="47.624533" lon="-121.144478"/>
      <trkpt lat="47.624613" lon="-121.144526"/>
      <trkpt lat="47.624701" lon="-121.144545"/>
      <trkpt lat="47.624824" lon="-121.144591"/>
      <trkpt lat="47.624916" lon="-121.144660"/>
      <trkpt lat="47.625160" lon="-121.144730"/>
      <trkpt lat="47.625260" lon="-121.144789"/>
      <trkpt lat="47.625415" lon="-121.144832"/>
      <trkpt lat="47.625513" lon="-121.144848"/>
      <trkpt lat="47.625585" lon="-121.144870"/>
      <trkpt lat="47.625672" lon="-121.144972"/>
      <trkpt lat="47.625842" lon="-121.145047"/>
      <trkpt lat="47.625903" lon="-121.145111"/>
      <trkpt lat="47.626014" lon="-121.145194"/>
      <trkpt lat="47.626285" lon="-121.145350"/>
      <trkpt lat="47.626417" lon="-121.145411"/>
      <trkpt lat="47.626524" lon="-121.145487"/>
      <trkpt lat="47.626800" lon="-121.145849"/>
      <trkpt lat="47.626905" lon="-121.145948"/>
      <trkpt lat="47.627024" lon="-121.146101"/>
      <trkpt lat="47.627151" lon="-121.146286"/>
      <trkpt lat="47.627263" lon="-121.146476"/>
      <trkpt lat="47.627322" lon="-121.146637"/>
      <trkpt lat="47.627393" lon="-121.146787"/>
      <trkpt lat="47.627491" lon="-121.146954"/>
      <trkpt lat="47.627603" lon="-121.147082"/>
      <trkpt lat="47.627702" lon="-121.147223"/>
      <trkpt lat="47.627926" lon="-121.147450"/>
      <trkpt lat="47.628009" lon="-121.147498"/>
      <trkpt lat="47.628147" lon="-121.147514"/>
      <trkpt lat="47.628301" lon="-121.147498"/>
      <trkpt lat="47.628422" lon="-121.147504"/>
      <trkpt lat="47.628498" lon="-121.147544"/>
      <trkpt lat="47.628590" lon="-121.147678"/>
      <trkpt lat="47.628657" lon="-121.147788"/>
      <trkpt lat="47.628675" lon="-121.147887"/>
      <trkpt lat="47.628680" lon="-121.148058"/>
      <trkpt lat="47.628673" lon="-121.148110"/>
      <trkpt lat="47.628682" lon="-121.148204"/>
      <trkpt lat="47.628714" lon="-121.148257"/>
      <trkpt lat="47.628778" lon="-121.148273"/>
      <trkpt lat="47.628828" lon="-121.148271"/>
      <trkpt lat="47.628902" lon="-121.148257"/>
      <trkpt lat="47.628984" lon="-121.148228"/>
      <trkpt lat="47.629081" lon="-121.148161"/>
      <trkpt lat="47.629143" lon="-121.148094"/>
      <trkpt lat="47.629195" lon="-121.147987"/>
      <trkpt lat="47.629253" lon="-121.147884"/>
      <trkpt lat="47.629311" lon="-121.147707"/>
      <trkpt lat="47.629380" lon="-121.147369"/>
      <trkpt lat="47.629398" lon="-121.147195"/>
      <trkpt lat="47.629418" lon="-121.147077"/>
      <trkpt lat="47.629445" lon="-121.146975"/>
      <trkpt lat="47.629484" lon="-121.146916"/>
      <trkpt lat="47.629714" lon="-121.146771"/>
      <trkpt lat="47.629752" lon="-121.146688"/>
      <trkpt lat="47.629757" lon="-121.146592"/>
      <trkpt lat="47.629774" lon="-121.146466"/>
      <trkpt lat="47.629813" lon="-121.146377"/>
      <trkpt lat="47.629864" lon="-121.146313"/>
      <trkpt lat="47.629945" lon="-121.146283"/>
      <trkpt lat="47.630009" lon="-121.146230"/>
      <trkpt lat="47.630047" lon="-121.146213"/>
      <trkpt lat="47.630081" lon="-121.146243"/>
      <trkpt lat="47.630128" lon="-121.146246"/>
      <trkpt lat="47.630189" lon="-121.146160"/>
      <trkpt lat="47.630247" lon="-121.146036"/>
      <trkpt lat="47.630312" lon="-121.145873"/>
      <trkpt lat="47.630420" lon="-121.145739"/>
      <trkpt lat="47.630484" lon="-121.145725"/>
      <trkpt lat="47.630636" lon="-121.145387"/>
      <trkpt lat="47.630697" lon="-121.145350"/>
      <trkpt lat="47.630746" lon="-121.145307"/>
      <trkpt lat="47.630799" lon="-121.145285"/>
      <trkpt lat="47.630869" lon="-121.145293"/>
      <trkpt lat="47.630905" lon="-121.145277"/>
      <trkpt lat="47.630960" lon="-121.145218"/>
      <trkpt lat="47.631012" lon="-121.145210"/>
      <trkpt lat="47.631056" lon="-121.145189"/>
      <trkpt lat="47.631120" lon="-121.145197"/>
      <trkpt lat="47.631175" lon="-121.145197"/>
      <trkpt lat="47.631218" lon="-121.145162"/>
      <trkpt lat="47.631252" lon="-121.145114"/>
      <trkpt lat="47.631343" lon="-121.144964"/>
      <trkpt lat="47.631397" lon="-121.144886"/>
      <trkpt lat="47.631474" lon="-121.144797"/>
      <trkpt lat="47.631812" lon="-121.144587"/>
      <trkpt lat="47.631879" lon="-121.144526"/>
      <trkpt lat="47.631928" lon="-121.144490"/>
      <trkpt lat="47.632055" lon="-121.144506"/>
      <trkpt lat="47.632100" lon="-121.144478"/>
      <trkpt lat="47.632167" lon="-121.144381"/>
      <trkpt lat="47.632239" lon="-121.144298"/>
      <trkpt lat="47.632391" lon="-121.144210"/>
      <trkpt lat="47.632649" lon="-121.144100"/>
      <trkpt lat="47.632821" lon="-121.144001"/>
      <trkpt lat="47.632877" lon="-121.143929"/>
      <trkpt lat="47.632917" lon="-121.143810"/>
      <trkpt lat="47.633016" lon="-121.143598"/>
      <trkpt lat="47.633119" lon="-121.143469"/>
      <trkpt lat="47.633242" lon="-121.143373"/>
      <trkpt lat="47.633295" lon="-121.143303"/>
      <trkpt lat="47.633335" lon="-121.143189"/>
      <trkpt lat="47.633449" lon="-121.143062"/>
      <trkpt lat="47.633564" lon="-121.142965"/>
      <trkpt lat="47.633700" lon="-121.142818"/>
      <trkpt lat="47.633924" lon="-121.142735"/>
      <trkpt lat="47.634020" lon="-121.142715"/>
      <trkpt lat="47.634067" lon="-121.142721"/>
      <trkpt lat="47.634079" lon="-121.142767"/>
      <trkpt lat="47.634057" lon="-121.142834"/>
      <trkpt lat="47.634065" lon="-121.142894"/>
      <trkpt lat="47.634121" lon="-121.142963"/>
      <trkpt lat="47.634313" lon="-121.143162"/>
      <trkpt lat="47.634368" lon="-121.143191"/>
      <trkpt lat="47.634403" lon="-121.143252"/>
      <trkpt lat="47.634426" lon="-121.143311"/>
      <trkpt lat="47.634433" lon="-121.143428"/>
      <trkpt lat="47.634458" lon="-121.143738"/>
      <trkpt lat="47.634490" lon="-121.143921"/>
      <trkpt lat="47.634535" lon="-121.144025"/>
      <trkpt lat="47.634636" lon="-121.144167"/>
      <trkpt lat="47.634658" lon="-121.144249"/>
      <trkpt lat="47.634678" lon="-121.144355"/>
      <trkpt lat="47.634697" lon="-121.144387"/>
      <trkpt lat="47.634739" lon="-121.144371"/>
      <trkpt lat="47.634779" lon="-121.144320"/>
      <trkpt lat="47.634845" lon="-121.144255"/>
      <trkpt lat="47.634897" lon="-121.144254"/>
      <trkpt lat="47.634997" lon="-121.144317"/>
      <trkpt lat="47.635063" lon="-121.144373"/>
      <trkpt lat="47.635145" lon="-121.144522"/>
      <trkpt lat="47.635194" lon="-121.144631"/>
      <trkpt lat="47.635214" lon="-121.144690"/>
      <trkpt lat="47.635238" lon="-121.144918"/>
      <trkpt lat="47.635399" lon="-121.145210"/>
      <trkpt lat="47.635491" lon="-121.145352"/>
      <trkpt lat="47.635540" lon="-121.145414"/>
      <trkpt lat="47.635605" lon="-121.145613"/>
      <trkpt lat="47.635681" lon="-121.145765"/>
      <trkpt lat="47.635762" lon="-121.145959"/>
      <trkpt lat="47.635831" lon="-121.146181"/>
      <trkpt lat="47.635850" lon="-121.146326"/>
      <trkpt lat="47.635892" lon="-121.146495"/>
      <trkpt lat="47.635952" lon="-121.146597"/>
      <trkpt lat="47.636011" lon="-121.146669"/>
      <trkpt lat="47.636080" lon="-121.146822"/>
      <trkpt lat="47.636118" lon="-121.146989"/>
      <trkpt lat="47.636183" lon="-121.147093"/>
      <trkpt lat="47.636214" lon="-121.147190"/>
      <trkpt lat="47.636278" lon="-121.147340"/>
      <trkpt lat="47.636331" lon="-121.147396"/>
      <trkpt lat="47.636465" lon="-121.147399"/>
      <trkpt lat="47.636521" lon="-121.147434"/>
      <trkpt lat="47.636573" lon="-121.147439"/>
      <trkpt lat="47.636658" lon="-121.147477"/>
      <trkpt lat="47.636731" lon="-121.147517"/>
      <trkpt lat="47.636770" lon="-121.147568"/>
      <trkpt lat="47.636792" lon="-121.147630"/>
      <trkpt lat="47.636819" lon="-121.147659"/>
      <trkpt lat="47.636875" lon="-121.147675"/>
      <trkpt lat="47.637016" lon="-121.147659"/>
      <trkpt lat="47.637110" lon="-121.147686"/>
      <trkpt lat="47.637201" lon="-121.147724"/>
      <trkpt lat="47.637267" lon="-121.147729"/>
      <trkpt lat="47.637334" lon="-121.147714"/>
      <trkpt lat="47.637459" lon="-121.147748"/>
      <trkpt lat="47.637553" lon="-121.147758"/>
      <trkpt lat="47.637670" lon="-121.147726"/>
      <trkpt lat="47.637951" lon="-121.147662"/>
      <trkpt lat="47.638101" lon="-121.147648"/>
      <trkpt lat="47.638191" lon="-121.147656"/>
      <trkpt lat="47.638252" lon="-121.147682"/>
      <trkpt lat="47.638381" lon="-121.147825"/>
      <trkpt lat="47.638551" lon="-121.147943"/>
      <trkpt lat="47.638634" lon="-121.147968"/>
      <trkpt lat="47.638738" lon="-121.148011"/>
      <trkpt lat="47.638865" lon="-121.148099"/>
      <trkpt lat="47.639100" lon="-121.148217"/>
      <trkpt lat="47.639185" lon="-121.148295"/>
      <trkpt lat="47.639281" lon="-121.148316"/>
      <trkpt lat="47.639375" lon="-121.148373"/>
      <trkpt lat="47.639411" lon="-121.148415"/>
      <trkpt lat="47.639465" lon="-121.148456"/>
      <trkpt lat="47.639575" lon="-121.148455"/>
      <trkpt lat="47.639660" lon="-121.148475"/>
      <trkpt lat="47.639866" lon="-121.148442"/>
      <trkpt lat="47.639960" lon="-121.148461"/>
      <trkpt lat="47.640040" lon="-121.148507"/>
      <trkpt lat="47.640147" lon="-121.148590"/>
      <trkpt lat="47.640271" lon="-121.148644"/>
      <trkpt lat="47.640408" lon="-121.148635"/>
      <trkpt lat="47.640528" lon="-121.148635"/>
      <trkpt lat="47.640656" lon="-121.148668"/>
      <trkpt lat="47.640763" lon="-121.148716"/>
      <trkpt lat="47.640826" lon="-121.148764"/>
      <trkpt lat="47.640864" lon="-121.148814"/>
      <trkpt lat="47.640936" lon="-121.148925"/>
      <trkpt lat="47.641016" lon="-121.149019"/>
      <trkpt lat="47.641160" lon="-121.149107"/>
      <trkpt lat="47.641328" lon="-121.149250"/>
      <trkpt lat="47.641500" lon="-121.149413"/>
      <trkpt lat="47.641592" lon="-121.149550"/>
      <trkpt lat="47.641641" lon="-121.149635"/>
      <trkpt lat="47.641751" lon="-121.149704"/>
      <trkpt lat="47.641891" lon="-121.149855"/>
      <trkpt lat="47.641922" lon="-121.149927"/>
      <trkpt lat="47.641945" lon="-121.150006"/>
      <trkpt lat="47.641993" lon="-121.150007"/>
      <trkpt lat="47.642077" lon="-121.149996"/>
      <trkpt lat="47.642174" lon="-121.150006"/>
      <trkpt lat="47.642257" lon="-121.150073"/>
      <trkpt lat="47.642445" lon="-121.150097"/>
      <trkpt lat="47.642534" lon="-121.150129"/>
      <trkpt lat="47.642642" lon="-121.150135"/>
      <trkpt lat="47.642781" lon="-121.150242"/>
      <trkpt lat="47.642861" lon="-121.150349"/>
      <trkpt lat="47.642969" lon="-121.150467"/>
      <trkpt lat="47.643027" lon="-121.150556"/>
      <trkpt lat="47.643094" lon="-121.150623"/>
      <trkpt lat="47.643184" lon="-121.150663"/>
      <trkpt lat="47.643285" lon="-121.150722"/>
      <trkpt lat="47.643348" lon="-121.150779"/>
      <trkpt lat="47.643417" lon="-121.150890"/>
      <trkpt lat="47.643437" lon="-121.150954"/>
      <trkpt lat="47.643467" lon="-121.151017"/>
      <trkpt lat="47.643475" lon="-121.150992"/>
      <trkpt lat="47.643450" lon="-121.150903"/>
      <trkpt lat="47.643440" lon="-121.150827"/>
      <trkpt lat="47.643422" lon="-121.150745"/>
      <trkpt lat="47.643388" lon="-121.150648"/>
      <trkpt lat="47.643361" lon="-121.150588"/>
      <trkpt lat="47.643322" lon="-121.150540"/>
      <trkpt lat="47.643182" lon="-121.150403"/>
      <trkpt lat="47.643165" lon="-121.150369"/>
      <trkpt lat="47.643155" lon="-121.150325"/>
      <trkpt lat="47.643201" lon="-121.150375"/>
      <trkpt lat="47.643239" lon="-121.150399"/>
      <trkpt lat="47.643351" lon="-121.150420"/>
      <trkpt lat="47.643390" lon="-121.150445"/>
      <trkpt lat="47.643423" lon="-121.150477"/>
      <trkpt lat="47.643486" lon="-121.150514"/>
      <trkpt lat="47.643615" lon="-121.150650"/>
      <trkpt lat="47.643688" lon="-121.150716"/>
      <trkpt lat="47.643731" lon="-121.150775"/>
      <trkpt lat="47.643769" lon="-121.150805"/>
      <trkpt lat="47.643831" lon="-121.150832"/>
      <trkpt lat="47.643987" lon="-121.150844"/>
      <trkpt lat="47.644096" lon="-121.150895"/>
      <trkpt lat="47.644210" lon="-121.150899"/>
      <trkpt lat="47.644276" lon="-121.150913"/>
      <trkpt lat="47.644337" lon="-121.150936"/>
      <trkpt lat="47.644367" lon="-121.150940"/>
      <trkpt lat="47.644389" lon="-121.150938"/>
      <trkpt lat="47.644460" lon="-121.150895"/>
      <trkpt lat="47.644478" lon="-121.150895"/>
      <trkpt lat="47.644507" lon="-121.150903"/>
      <trkpt lat="47.644547" lon="-121.150942"/>
      <trkpt lat="47.644689" lon="-121.150966"/>
      <trkpt lat="47.644788" lon="-121.151013"/>
      <trkpt lat="47.644921" lon="-121.151104"/>
      <trkpt lat="47.644983" lon="-121.151134"/>
      <trkpt lat="47.645026" lon="-121.151140"/>
      <trkpt lat="47.645151" lon="-121.151137"/>
      <trkpt lat="47.645362" lon="-121.151122"/>
      <trkpt lat="47.645496" lon="-121.151103"/>
      <trkpt lat="47.645565" lon="-121.151063"/>
      <trkpt lat="47.645621" lon="-121.151037"/>
      <trkpt lat="47.645680" lon="-121.151024"/>
      <trkpt lat="47.645790" lon="-121.151029"/>
      <trkpt lat="47.645862" lon="-121.151071"/>
      <trkpt lat="47.646000" lon="-121.151084"/>
      <trkpt lat="47.646177" lon="-121.151130"/>
      <trkpt lat="47.646437" lon="-121.151208"/>
      <trkpt lat="47.646558" lon="-121.151256"/>
      <trkpt lat="47.646901" lon="-121.151428"/>
      <trkpt lat="47.646986" lon="-121.151497"/>
      <trkpt lat="47.647131" lon="-121.151513"/>
      <trkpt lat="47.647248" lon="-121.151556"/>
      <trkpt lat="47.647491" lon="-121.151680"/>
      <trkpt lat="47.647566" lon="-121.151758"/>
      <trkpt lat="47.647622" lon="-121.151784"/>
      <trkpt lat="47.647675" lon="-121.151795"/>
      <trkpt lat="47.647736" lon="-121.151782"/>
      <trkpt lat="47.647724" lon="-121.151739"/>
      <trkpt lat="47.647651" lon="-121.151709"/>
      <trkpt lat="47.647601" lon="-121.151658"/>
      <trkpt lat="47.647484" lon="-121.151520"/>
      <trkpt lat="47.647336" lon="-121.151361"/>
      <trkpt lat="47.647182" lon="-121.151228"/>
      <trkpt lat="47.647104" lon="-121.151138"/>
      <trkpt lat="47.647053" lon="-121.151090"/>
      <trkpt lat="47.647024" lon="-121.151036"/>
      <trkpt lat="47.647071" lon="-121.151044"/>
      <trkpt lat="47.647123" lon="-121.151073"/>
      <trkpt lat="47.647196" lon="-121.151141"/>
      <trkpt lat="47.647323" lon="-121.151200"/>
      <trkpt lat="47.647500" lon="-121.151251"/>
      <trkpt lat="47.647622" lon="-121.151299"/>
      <trkpt lat="47.647738" lon="-121.151371"/>
      <trkpt lat="47.647846" lon="-121.151456"/>
      <trkpt lat="47.647931" lon="-121.151489"/>
      <trkpt lat="47.648001" lon="-121.151497"/>
      <trkpt lat="47.648273" lon="-121.151605"/>
      <trkpt lat="47.648517" lon="-121.151610"/>
      <trkpt lat="47.648613" lon="-121.151597"/>
      <trkpt lat="47.648737" lon="-121.151618"/>
      <trkpt lat="47.648898" lon="-121.151664"/>
      <trkpt lat="47.649083" lon="-121.151773"/>
      <trkpt lat="47.649147" lon="-121.151819"/>
      <trkpt lat="47.649198" lon="-121.151892"/>
      <trkpt lat="47.649223" lon="-121.151860"/>
      <trkpt lat="47.649155" lon="-121.151731"/>
      <trkpt lat="47.649083" lon="-121.151652"/>
      <trkpt lat="47.648969" lon="-121.151511"/>
      <trkpt lat="47.648779" lon="-121.151256"/>
      <trkpt lat="47.648618" lon="-121.151117"/>
      <trkpt lat="47.648584" lon="-121.151079"/>
      <trkpt lat="47.648598" lon="-121.151047"/>
      <trkpt lat="47.648694" lon="-121.151084"/>
      <trkpt lat="47.648916" lon="-121.151138"/>
      <trkpt lat="47.649023" lon="-121.151186"/>
      <trkpt lat="47.649384" lon="-121.151471"/>
      <trkpt lat="47.649474" lon="-121.151524"/>
      <trkpt lat="47.649576" lon="-121.151559"/>
      <trkpt lat="47.649704" lon="-121.151554"/>
      <trkpt lat="47.649914" lon="-121.151570"/>
      <trkpt lat="47.650300" lon="-121.151613"/>
      <trkpt lat="47.650421" lon="-121.151615"/>
      <trkpt lat="47.650510" lon="-121.151597"/>
      <trkpt lat="47.650597" lon="-121.151538"/>
      <trkpt lat="47.650712" lon="-121.151449"/>
      <trkpt lat="47.650785" lon="-121.151406"/>
      <trkpt lat="47.651001" lon="-121.151366"/>
      <trkpt lat="47.651254" lon="-121.151355"/>
      <trkpt lat="47.651325" lon="-121.151342"/>
      <trkpt lat="47.651395" lon="-121.151299"/>
      <trkpt lat="47.651459" lon="-121.151235"/>
      <trkpt lat="47.651525" lon="-121.151187"/>
      <trkpt lat="47.651714" lon="-121.151140"/>
      <trkpt lat="47.651799" lon="-121.151109"/>
      <trkpt lat="47.651890" lon="-121.151037"/>
      <trkpt lat="47.651964" lon="-121.151000"/>
      <trkpt lat="47.652081" lon="-121.150967"/>
      <trkpt lat="47.652231" lon="-121.150882"/>
      <trkpt lat="47.652238" lon="-121.150863"/>
      <trkpt lat="47.652228" lon="-121.150858"/>
      <trkpt lat="47.652125" lon="-121.150881"/>
      <trkpt lat="47.651999" lon="-121.150840"/>
      <trkpt lat="47.651880" lon="-121.150825"/>
      <trkpt lat="47.651781" lon="-121.150825"/>
      <trkpt lat="47.651721" lon="-121.150832"/>
      <trkpt lat="47.651645" lon="-121.150805"/>
      <trkpt lat="47.651625" lon="-121.150790"/>
      <trkpt lat="47.651636" lon="-121.150779"/>
      <trkpt lat="47.651722" lon="-121.150769"/>
      <trkpt lat="47.651831" lon="-121.150713"/>
      <trkpt lat="47.652088" lon="-121.150509"/>
      <trkpt lat="47.652187" lon="-121.150436"/>
      <trkpt lat="47.652271" lon="-121.150395"/>
      <trkpt lat="47.652279" lon="-121.150367"/>
      <trkpt lat="47.652010" lon="-121.150358"/>
      <trkpt lat="47.651680" lon="-121.150320"/>
      <trkpt lat="47.651587" lon="-121.150292"/>
      <trkpt lat="47.651488" lon="-121.150255"/>
      <trkpt lat="47.651498" lon="-121.150229"/>
      <trkpt lat="47.651643" lon="-121.150173"/>
      <trkpt lat="47.651793" lon="-121.150062"/>
      <trkpt lat="47.651897" lon="-121.150006"/>
      <trkpt lat="47.652016" lon="-121.149894"/>
      <trkpt lat="47.651977" lon="-121.149875"/>
      <trkpt lat="47.651808" lon="-121.149903"/>
      <trkpt lat="47.651664" lon="-121.149896"/>
      <trkpt lat="47.651553" lon="-121.149875"/>
      <trkpt lat="47.651236" lon="-121.149752"/>
      <trkpt lat="47.651189" lon="-121.149724"/>
      <trkpt lat="47.651120" lon="-121.149656"/>
      <trkpt lat="47.651111" lon="-121.149636"/>
      <trkpt lat="47.651117" lon="-121.149621"/>
      <trkpt lat="47.651132" lon="-121.149611"/>
      <trkpt lat="47.651200" lon="-121.149642"/>
      <trkpt lat="47.651233" lon="-121.149642"/>
      <trkpt lat="47.651318" lon="-121.149623"/>
      <trkpt lat="47.651418" lon="-121.149577"/>
      <trkpt lat="47.651481" lon="-121.149543"/>
      <trkpt lat="47.651533" lon="-121.149490"/>
      <trkpt lat="47.651554" lon="-121.149461"/>
      <trkpt lat="47.651558" lon="-121.149443"/>
      <trkpt lat="47.651549" lon="-121.149427"/>
      <trkpt lat="47.651472" lon="-121.149425"/>
      <trkpt lat="47.651401" lon="-121.149399"/>
      <trkpt lat="47.651346" lon="-121.149374"/>
      <trkpt lat="47.651286" lon="-121.149326"/>
      <trkpt lat="47.651219" lon="-121.149285"/>
      <trkpt lat="47.651106" lon="-121.149290"/>
      <trkpt lat="47.650978" lon="-121.149269"/>
      <trkpt lat="47.650835" lon="-121.149207"/>
      <trkpt lat="47.650642" lon="-121.149173"/>
      <trkpt lat="47.650515" lon="-121.149177"/>
      <trkpt lat="47.650465" lon="-121.149185"/>
      <trkpt lat="47.650421" lon="-121.149171"/>
      <trkpt lat="47.650300" lon="-121.149161"/>
      <trkpt lat="47.650275" lon="-121.149129"/>
      <trkpt lat="47.650318" lon="-121.149085"/>
      <trkpt lat="47.650360" lon="-121.149075"/>
      <trkpt lat="47.650444" lon="-121.149009"/>
      <trkpt lat="47.650493" lon="-121.148957"/>
      <trkpt lat="47.650539" lon="-121.148877"/>
      <trkpt lat="47.650591" lon="-121.148812"/>
      <trkpt lat="47.650705" lon="-121.148689"/>
      <trkpt lat="47.650794" lon="-121.148647"/>
      <trkpt lat="47.650926" lon="-121.148652"/>
      <trkpt lat="47.651139" lon="-121.148690"/>
      <trkpt lat="47.651245" lon="-121.148660"/>
      <trkpt lat="47.651356" lon="-121.148599"/>
      <trkpt lat="47.651424" lon="-121.148548"/>
      <trkpt lat="47.651462" lon="-121.148475"/>
      <trkpt lat="47.651507" lon="-121.148343"/>
      <trkpt lat="47.651553" lon="-121.148264"/>
      <trkpt lat="47.651554" lon="-121.148233"/>
      <trkpt lat="47.651547" lon="-121.148197"/>
      <trkpt lat="47.651518" lon="-121.148135"/>
      <trkpt lat="47.651506" lon="-121.148066"/>
      <trkpt lat="47.651517" lon="-121.147899"/>
      <trkpt lat="47.651511" lon="-121.147775"/>
      <trkpt lat="47.651495" lon="-121.147665"/>
      <trkpt lat="47.651482" lon="-121.147501"/>
      <trkpt lat="47.651472" lon="-121.147284"/>
      <trkpt lat="47.651477" lon="-121.147165"/>
      <trkpt lat="47.651500" lon="-121.147056"/>
      <trkpt lat="47.651554" lon="-121.146921"/>
      <trkpt lat="47.651678" lon="-121.146754"/>
      <trkpt lat="47.651692" lon="-121.146710"/>
      <trkpt lat="47.651693" lon="-121.146666"/>
      <trkpt lat="47.651650" lon="-121.146471"/>
      <trkpt lat="47.651630" lon="-121.146327"/>
      <trkpt lat="47.651620" lon="-121.146067"/>
      <trkpt lat="47.651610" lon="-121.146005"/>
      <trkpt lat="47.651589" lon="-121.145953"/>
      <trkpt lat="47.651548" lon="-121.145933"/>
      <trkpt lat="47.651501" lon="-121.145939"/>
      <trkpt lat="47.651468" lon="-121.145964"/>
      <trkpt lat="47.651346" lon="-121.145941"/>
      <trkpt lat="47.651271" lon="-121.145874"/>
      <trkpt lat="47.651202" lon="-121.145709"/>
      <trkpt lat="47.651152" lon="-121.145529"/>
      <trkpt lat="47.651097" lon="-121.145414"/>
      <trkpt lat="47.650913" lon="-121.145155"/>
      <trkpt lat="47.650871" lon="-121.145130"/>
      <trkpt lat="47.650565" lon="-121.145097"/>
      <trkpt lat="47.650460" lon="-121.145075"/>
      <trkpt lat="47.650395" lon="-121.145035"/>
      <trkpt lat="47.650375" lon="-121.145013"/>
      <trkpt lat="47.650358" lon="-121.144988"/>
      <trkpt lat="47.650353" lon="-121.144960"/>
      <trkpt lat="47.650358" lon="-121.144935"/>
      <trkpt lat="47.650405" lon="-121.144888"/>
      <trkpt lat="47.650423" lon="-121.144860"/>
      <trkpt lat="47.650361" lon="-121.144862"/>
      <trkpt lat="47.650147" lon="-121.144853"/>
      <trkpt lat="47.650105" lon="-121.144837"/>
      <trkpt lat="47.650026" lon="-121.144738"/>
      <trkpt lat="47.649982" lon="-121.144702"/>
      <trkpt lat="47.649888" lon="-121.144677"/>
      <trkpt lat="47.649850" lon="-121.144694"/>
      <trkpt lat="47.649824" lon="-121.144733"/>
      <trkpt lat="47.649805" lon="-121.144728"/>
      <trkpt lat="47.649812" lon="-121.144659"/>
      <trkpt lat="47.649839" lon="-121.144592"/>
      <trkpt lat="47.649887" lon="-121.144524"/>
      <trkpt lat="47.649985" lon="-121.144475"/>
      <trkpt lat="47.649998" lon="-121.144462"/>
      <trkpt lat="47.650009" lon="-121.144434"/>
      <trkpt lat="47.649999" lon="-121.144410"/>
      <trkpt lat="47.649952" lon="-121.144428"/>
      <trkpt lat="47.649880" lon="-121.144439"/>
      <trkpt lat="47.649840" lon="-121.144406"/>
      <trkpt lat="47.649733" lon="-121.144400"/>
      <trkpt lat="47.649672" lon="-121.144387"/>
      <trkpt lat="47.649641" lon="-121.144376"/>
      <trkpt lat="47.649616" lon="-121.144349"/>
      <trkpt lat="47.649598" lon="-121.144353"/>
      <trkpt lat="47.649578" lon="-121.144370"/>
      <trkpt lat="47.649557" lon="-121.144380"/>
      <trkpt lat="47.649535" lon="-121.144383"/>
      <trkpt lat="47.649514" lon="-121.144378"/>
      <trkpt lat="47.649481" lon="-121.144352"/>
      <trkpt lat="47.649361" lon="-121.144170"/>
      <trkpt lat="47.649327" lon="-121.144109"/>
      <trkpt lat="47.649173" lon="-121.143543"/>
      <trkpt lat="47.648996" lon="-121.143085"/>
      <trkpt lat="47.648883" lon="-121.142892"/>
      <trkpt lat="47.648774" lon="-121.142777"/>
      <trkpt lat="47.648766" lon="-121.142748"/>
      <trkpt lat="47.648805" lon="-121.142749"/>
      <trkpt lat="47.648857" lon="-121.142776"/>
      <trkpt lat="47.648903" lon="-121.142781"/>
      <trkpt lat="47.649011" lon="-121.142819"/>
      <trkpt lat="47.649034" lon="-121.142813"/>
      <trkpt lat="47.649006" lon="-121.142768"/>
      <trkpt lat="47.648927" lon="-121.142682"/>
      <trkpt lat="47.648752" lon="-121.142516"/>
      <trkpt lat="47.648750" lon="-121.142498"/>
      <trkpt lat="47.648792" lon="-121.142499"/>
      <trkpt lat="47.649017" lon="-121.142538"/>
      <trkpt lat="47.649111" lon="-121.142575"/>
      <trkpt lat="47.649162" lon="-121.142603"/>
      <trkpt lat="47.649195" lon="-121.142612"/>
      <trkpt lat="47.649194" lon="-121.142587"/>
      <trkpt lat="47.649147" lon="-121.142554"/>
      <trkpt lat="47.649078" lon="-121.142441"/>
      <trkpt lat="47.648902" lon="-121.142248"/>
      <trkpt lat="47.648864" lon="-121.142221"/>
      <trkpt lat="47.648844" lon="-121.142175"/>
      <trkpt lat="47.648865" lon="-121.142170"/>
      <trkpt lat="47.648934" lon="-121.142191"/>
      <trkpt lat="47.649037" lon="-121.142200"/>
      <trkpt lat="47.649098" lon="-121.142213"/>
      <trkpt lat="47.649198" lon="-121.142224"/>
      <trkpt lat="47.649289" lon="-121.142252"/>
      <trkpt lat="47.649357" lon="-121.142299"/>
      <trkpt lat="47.649455" lon="-121.142398"/>
      <trkpt lat="47.649548" lon="-121.142458"/>
      <trkpt lat="47.649586" lon="-121.142497"/>
      <trkpt lat="47.649618" lon="-121.142544"/>
      <trkpt lat="47.649790" lon="-121.142709"/>
      <trkpt lat="47.649813" lon="-121.142706"/>
      <trkpt lat="47.649775" lon="-121.142626"/>
      <trkpt lat="47.649710" lon="-121.142532"/>
      <trkpt lat="47.649659" lon="-121.142390"/>
      <trkpt lat="47.649605" lon="-121.142343"/>
      <trkpt lat="47.649566" lon="-121.142246"/>
      <trkpt lat="47.649468" lon="-121.142070"/>
      <trkpt lat="47.649350" lon="-121.141884"/>
      <trkpt lat="47.649231" lon="-121.141747"/>
      <trkpt lat="47.649154" lon="-121.141686"/>
      <trkpt lat="47.649064" lon="-121.141593"/>
      <trkpt lat="47.649075" lon="-121.141575"/>
      <trkpt lat="47.649152" lon="-121.141608"/>
      <trkpt lat="47.649263" lon="-121.141643"/>
      <trkpt lat="47.649464" lon="-121.141746"/>
      <trkpt lat="47.649626" lon="-121.141839"/>
      <trkpt lat="47.649742" lon="-121.141930"/>
      <trkpt lat="47.649850" lon="-121.142033"/>
      <trkpt lat="47.649927" lon="-121.142126"/>
      <trkpt lat="47.649989" lon="-121.142191"/>
      <trkpt lat="47.650008" lon="-121.142173"/>
      <trkpt lat="47.650006" lon="-121.142137"/>
      <trkpt lat="47.649963" lon="-121.142059"/>
      <trkpt lat="47.649885" lon="-121.141894"/>
      <trkpt lat="47.649791" lon="-121.141747"/>
      <trkpt lat="47.649764" lon="-121.141658"/>
      <trkpt lat="47.649730" lon="-121.141605"/>
      <trkpt lat="47.649697" lon="-121.141530"/>
      <trkpt lat="47.649493" lon="-121.141157"/>
      <trkpt lat="47.649472" lon="-121.141104"/>
      <trkpt lat="47.649466" lon="-121.141038"/>
      <trkpt lat="47.649471" lon="-121.140929"/>
      <trkpt lat="47.649484" lon="-121.140856"/>
      <trkpt lat="47.649499" lon="-121.140801"/>
      <trkpt lat="47.649517" lon="-121.140753"/>
      <trkpt lat="47.649535" lon="-121.140750"/>
      <trkpt lat="47.649594" lon="-121.140769"/>
      <trkpt lat="47.649659" lon="-121.140842"/>
      <trkpt lat="47.649720" lon="-121.140897"/>
      <trkpt lat="47.649813" lon="-121.140907"/>
      <trkpt lat="47.649906" lon="-121.140934"/>
      <trkpt lat="47.650013" lon="-121.140938"/>
      <trkpt lat="47.650039" lon="-121.140944"/>
      <trkpt lat="47.650331" lon="-121.141184"/>
      <trkpt lat="47.650476" lon="-121.141290"/>
      <trkpt lat="47.650528" lon="-121.141312"/>
      <trkpt lat="47.650637" lon="-121.141338"/>
      <trkpt lat="47.650751" lon="-121.141346"/>
      <trkpt lat="47.650771" lon="-121.141340"/>
      <trkpt lat="47.650813" lon="-121.141308"/>
      <trkpt lat="47.650853" lon="-121.141243"/>
      <trkpt lat="47.650913" lon="-121.141227"/>
      <trkpt lat="47.650951" lon="-121.141208"/>
      <trkpt lat="47.651003" lon="-121.141141"/>
      <trkpt lat="47.651048" lon="-121.141107"/>
      <trkpt lat="47.651083" lon="-121.141102"/>
      <trkpt lat="47.651384" lon="-121.141152"/>
      <trkpt lat="47.651424" lon="-121.141144"/>
      <trkpt lat="47.651457" lon="-121.141145"/>
      <trkpt lat="47.651573" lon="-121.141214"/>
      <trkpt lat="47.651672" lon="-121.141235"/>
      <trkpt lat="47.651842" lon="-121.141258"/>
      <trkpt lat="47.651917" lon="-121.141304"/>
      <trkpt lat="47.651959" lon="-121.141359"/>
      <trkpt lat="47.651955" lon="-121.141533"/>
      <trkpt lat="47.651959" lon="-121.141635"/>
      <trkpt lat="47.651997" lon="-121.141874"/>
      <trkpt lat="47.652101" lon="-121.142025"/>
      <trkpt lat="47.652100" lon="-121.142091"/>
      <trkpt lat="47.652125" lon="-121.142163"/>
      <trkpt lat="47.652160" lon="-121.142190"/>
      <trkpt lat="47.652262" lon="-121.142193"/>
      <trkpt lat="47.652304" lon="-121.142169"/>
      <trkpt lat="47.652331" lon="-121.142123"/>
      <trkpt lat="47.652340" lon="-121.142061"/>
      <trkpt lat="47.652338" lon="-121.141939"/>
      <trkpt lat="47.652409" lon="-121.141764"/>
      <trkpt lat="47.652483" lon="-121.141664"/>
      <trkpt lat="47.652600" lon="-121.141563"/>
      <trkpt lat="47.652629" lon="-121.141482"/>
      <trkpt lat="47.652619" lon="-121.141399"/>
      <trkpt lat="47.652619" lon="-121.141329"/>
      <trkpt lat="47.652633" lon="-121.141298"/>
      <trkpt lat="47.652674" lon="-121.141289"/>
      <trkpt lat="47.652793" lon="-121.141291"/>
      <trkpt lat="47.652851" lon="-121.141267"/>
      <trkpt lat="47.652870" lon="-121.141227"/>
      <trkpt lat="47.652875" lon="-121.141168"/>
      <trkpt lat="47.652922" lon="-121.140980"/>
      <trkpt lat="47.652978" lon="-121.140948"/>
      <trkpt lat="47.653052" lon="-121.140919"/>
      <trkpt lat="47.653097" lon="-121.140857"/>
      <trkpt lat="47.653135" lon="-121.140795"/>
      <trkpt lat="47.653195" lon="-121.140720"/>
      <trkpt lat="47.653247" lon="-121.140685"/>
      <trkpt lat="47.653320" lon="-121.140667"/>
      <trkpt lat="47.653516" lon="-121.140661"/>
      <trkpt lat="47.653607" lon="-121.140673"/>
      <trkpt lat="47.653774" lon="-121.140729"/>
      <trkpt lat="47.653846" lon="-121.140739"/>
      <trkpt lat="47.653950" lon="-121.140747"/>
      <trkpt lat="47.654104" lon="-121.140735"/>
      <trkpt lat="47.654224" lon="-121.140738"/>
      <trkpt lat="47.654277" lon="-121.140718"/>
      <trkpt lat="47.654310" lon="-121.140696"/>
      <trkpt lat="47.654384" lon="-121.140616"/>
      <trkpt lat="47.654416" lon="-121.140598"/>
      <trkpt lat="47.654479" lon="-121.140593"/>
      <trkpt lat="47.654559" lon="-121.140600"/>
      <trkpt lat="47.654660" lon="-121.140651"/>
      <trkpt lat="47.654696" lon="-121.140683"/>
      <trkpt lat="47.654824" lon="-121.140667"/>
      <trkpt lat="47.655145" lon="-121.140468"/>
      <trkpt lat="47.655260" lon="-121.140425"/>
      <trkpt lat="47.655368" lon="-121.140337"/>
      <trkpt lat="47.655444" lon="-121.140299"/>
      <trkpt lat="47.655509" lon="-121.140310"/>
      <trkpt lat="47.655576" lon="-121.140344"/>
      <trkpt lat="47.655654" lon="-121.140420"/>
      <trkpt lat="47.655887" lon="-121.140516"/>
      <trkpt lat="47.656004" lon="-121.140533"/>
      <trkpt lat="47.656169" lon="-121.140543"/>
      <trkpt lat="47.656366" lon="-121.140530"/>
      <trkpt lat="47.656517" lon="-121.140538"/>
      <trkpt lat="47.656638" lon="-121.140563"/>
      <trkpt lat="47.656716" lon="-121.140600"/>
      <trkpt lat="47.656795" lon="-121.140646"/>
      <trkpt lat="47.656946" lon="-121.140693"/>
      <trkpt lat="47.657021" lon="-121.140695"/>
      <trkpt lat="47.657149" lon="-121.140681"/>
      <trkpt lat="47.657211" lon="-121.140653"/>
      <trkpt lat="47.657269" lon="-121.140664"/>
      <trkpt lat="47.657415" lon="-121.140814"/>
      <trkpt lat="47.657515" lon="-121.140880"/>
      <trkpt lat="47.657663" lon="-121.140959"/>
      <trkpt lat="47.657831" lon="-121.141010"/>
      <trkpt lat="47.657899" lon="-121.141007"/>
      <trkpt lat="47.657961" lon="-121.140991"/>
      <trkpt lat="47.658016" lon="-121.140913"/>
      <trkpt lat="47.658096" lon="-121.140764"/>
      <trkpt lat="47.658174" lon="-121.140684"/>
      <trkpt lat="47.658277" lon="-121.140645"/>
      <trkpt lat="47.658338" lon="-121.140589"/>
      <trkpt lat="47.658411" lon="-121.140503"/>
      <trkpt lat="47.658529" lon="-121.140396"/>
      <trkpt lat="47.658703" lon="-121.140280"/>
      <trkpt lat="47.658939" lon="-121.140042"/>
      <trkpt lat="47.659060" lon="-121.139998"/>
      <trkpt lat="47.659157" lon="-121.139977"/>
      <trkpt lat="47.659280" lon="-121.139977"/>
      <trkpt lat="47.659377" lon="-121.139969"/>
      <trkpt lat="47.659462" lon="-121.139978"/>
      <trkpt lat="47.659683" lon="-121.140092"/>
      <trkpt lat="47.659733" lon="-121.140144"/>
      <trkpt lat="47.659816" lon="-121.140168"/>
      <trkpt lat="47.659896" lon="-121.140135"/>
      <trkpt lat="47.659978" lon="-121.140067"/>
      <trkpt lat="47.660042" lon="-121.140023"/>
      <trkpt lat="47.660094" lon="-121.140006"/>
      <trkpt lat="47.660232" lon="-121.139988"/>
      <trkpt lat="47.660393" lon="-121.139993"/>
      <trkpt lat="47.660501" lon="-121.140016"/>
      <trkpt lat="47.660795" lon="-121.140164"/>
      <trkpt lat="47.660882" lon="-121.140167"/>
      <trkpt lat="47.660992" lon="-121.140160"/>
      <trkpt lat="47.661088" lon="-121.140126"/>
      <trkpt lat="47.661230" lon="-121.140087"/>
      <trkpt lat="47.661375" lon="-121.140071"/>
      <trkpt lat="47.661536" lon="-121.140036"/>
      <trkpt lat="47.662062" lon="-121.139996"/>
      <trkpt lat="47.662199" lon="-121.139975"/>
      <trkpt lat="47.662499" lon="-121.139945"/>
      <trkpt lat="47.662642" lon="-121.139889"/>
      <trkpt lat="47.662896" lon="-121.139841"/>
      <trkpt lat="47.663417" lon="-121.139775"/>
    </trkseg>
    <trkseg>
      <trkpt lat="47.663417" lon="-121.139775"/>
      <trkpt lat="47.663465" lon="-121.139599"/>
      <trkpt lat="47.663494" lon="-121.139540"/>
      <trkpt lat="47.663496" lon="-121.139500"/>
      <trkpt lat="47.663462" lon="-121.139458"/>
      <trkpt lat="47.663414" lon="-121.139411"/>
      <trkpt lat="47.663335" lon="-121.139381"/>
      <trkpt lat="47.663278" lon="-121.139338"/>
      <trkpt lat="47.663227" lon="-121.139277"/>
      <trkpt lat="47.663193" lon="-121.139202"/>
      <trkpt lat="47.663180" lon="-121.139068"/>
      <trkpt lat="47.663137" lon="-121.138947"/>
      <trkpt lat="47.663120" lon="-121.138738"/>
      <trkpt lat="47.663075" lon="-121.138625"/>
      <trkpt lat="47.663021" lon="-121.138537"/>
      <trkpt lat="47.662985" lon="-121.138491"/>
      <trkpt lat="47.662925" lon="-121.138446"/>
      <trkpt lat="47.662895" lon="-121.138352"/>
      <trkpt lat="47.662819" lon="-121.138183"/>
      <trkpt lat="47.662616" lon="-121.138038"/>
      <trkpt lat="47.662578" lon="-121.137995"/>
      <trkpt lat="47.662542" lon="-121.137928"/>
      <trkpt lat="47.662463" lon="-121.137821"/>
      <trkpt lat="47.662383" lon="-121.137676"/>
      <trkpt lat="47.662297" lon="-121.137553"/>
      <trkpt lat="47.662188" lon="-121.137365"/>
      <trkpt lat="47.662107" lon="-121.137266"/>
      <trkpt lat="47.662033" lon="-121.137110"/>
      <trkpt lat="47.661997" lon="-121.136971"/>
      <trkpt lat="47.661943" lon="-121.136791"/>
      <trkpt lat="47.661934" lon="-121.136673"/>
      <trkpt lat="47.661944" lon="-121.136533"/>
      <trkpt lat="47.661984" lon="-121.136372"/>
      <trkpt lat="47.662035" lon="-121.136262"/>
      <trkpt lat="47.662118" lon="-121.136120"/>
      <trkpt lat="47.662203" lon="-121.135994"/>
      <trkpt lat="47.662241" lon="-121.135919"/>
      <trkpt lat="47.662290" lon="-121.135797"/>
      <trkpt lat="47.662331" lon="-121.135662"/>
      <trkpt lat="47.662367" lon="-121.135589"/>
      <trkpt lat="47.662439" lon="-121.135527"/>
      <trkpt lat="47.662515" lon="-121.135487"/>
      <trkpt lat="47.662588" lon="-121.135431"/>
      <trkpt lat="47.662647" lon="-121.135364"/>
      <trkpt lat="47.662702" lon="-121.135313"/>
      <trkpt lat="47.662816" lon="-121.135192"/>
      <trkpt lat="47.662934" lon="-121.134998"/>
      <trkpt lat="47.663025" lon="-121.134874"/>
      <trkpt lat="47.663075" lon="-121.134841"/>
      <trkpt lat="47.663285" lon="-121.134734"/>
      <trkpt lat="47.663413" lon="-121.134613"/>
      <trkpt lat="47.663474" lon="-121.134597"/>
      <trkpt lat="47.663555" lon="-121.134562"/>
      <trkpt lat="47.663753" lon="-121.134511"/>
      <trkpt lat="47.663900" lon="-121.134527"/>
      <trkpt lat="47.664170" lon="-121.134606"/>
      <trkpt lat="47.664238" lon="-121.134606"/>
      <trkpt lat="47.664333" lon="-121.134593"/>
      <trkpt lat="47.664401" lon="-121.134562"/>
      <trkpt lat="47.664477" lon="-121.134490"/>
      <trkpt lat="47.664547" lon="-121.134433"/>
      <trkpt lat="47.664580" lon="-121.134417"/>
      <trkpt lat="47.664649" lon="-121.134426"/>
      <trkpt lat="47.664708" lon="-121.134447"/>
      <trkpt lat="47.664779" lon="-121.134449"/>
      <trkpt lat="47.664826" lon="-121.134428"/>
      <trkpt lat="47.664869" lon="-121.134363"/>
      <trkpt lat="47.664910" lon="-121.134331"/>
      <trkpt lat="47.664979" lon="-121.134308"/>
      <trkpt lat="47.665041" lon="-121.134337"/>
      <trkpt lat="47.665115" lon="-121.134321"/>
      <trkpt lat="47.665174" lon="-121.134272"/>
      <trkpt lat="47.665310" lon="-121.134192"/>
      <trkpt lat="47.665644" lon="-121.134143"/>
      <trkpt lat="47.665808" lon="-121.134090"/>
      <trkpt lat="47.666090" lon="-121.134031"/>
      <trkpt lat="47.666191" lon="-121.133966"/>
      <trkpt lat="47.666271" lon="-121.133929"/>
      <trkpt lat="47.666579" lon="-121.133902"/>
      <trkpt lat="47.666679" lon="-121.133867"/>
      <trkpt lat="47.666733" lon="-121.133814"/>
      <trkpt lat="47.666786" lon="-121.133728"/>
      <trkpt lat="47.666825" lon="-121.133626"/>
      <trkpt lat="47.666838" lon="-121.133537"/>
      <trkpt lat="47.666867" lon="-121.133414"/>
      <trkpt lat="47.666905" lon="-121.133333"/>
      <trkpt lat="47.666946" lon="-121.133266"/>
      <trkpt lat="47.667058" lon="-121.133173"/>
      <trkpt lat="47.667150" lon="-121.133116"/>
      <trkpt lat="47.667309" lon="-121.133060"/>
      <trkpt lat="47.667395" lon="-121.133032"/>
      <trkpt lat="47.667533" lon="-121.133014"/>
      <trkpt lat="47.667650" lon="-121.132978"/>
      <trkpt lat="47.667840" lon="-121.132845"/>
      <trkpt lat="47.667927" lon="-121.132800"/>
      <trkpt lat="47.668016" lon="-121.132800"/>
      <trkpt lat="47.668086" lon="-121.132789"/>
      <trkpt lat="47.668162" lon="-121.132730"/>
      <trkpt lat="47.668236" lon="-121.132722"/>
      <trkpt lat="47.668326" lon="-121.132733"/>
      <trkpt lat="47.668548" lon="-121.132818"/>
      <trkpt lat="47.668666" lon="-121.132840"/>
      <trkpt lat="47.668783" lon="-121.132832"/>
      <trkpt lat="47.668926" lon="-121.132800"/>
      <trkpt lat="47.669074" lon="-121.132794"/>
      <trkpt lat="47.669186" lon="-121.132837"/>
      <trkpt lat="47.669262" lon="-121.132891"/>
      <trkpt lat="47.669329" lon="-121.132920"/>
      <trkpt lat="47.669396" lon="-121.132910"/>
      <trkpt lat="47.669459" lon="-121.132891"/>
      <trkpt lat="47.669531" lon="-121.132843"/>
      <trkpt lat="47.669596" lon="-121.132736"/>
      <trkpt lat="47.669668" lon="-121.132717"/>
      <trkpt lat="47.669816" lon="-121.132700"/>
      <trkpt lat="47.669910" lon="-121.132709"/>
      <trkpt lat="47.670031" lon="-121.132786"/>
      <trkpt lat="47.670140" lon="-121.132878"/>
      <trkpt lat="47.670250" lon="-121.132920"/>
      <trkpt lat="47.670382" lon="-121.132955"/>
      <trkpt lat="47.670530" lon="-121.132961"/>
      <trkpt lat="47.670638" lon="-121.133001"/>
      <trkpt lat="47.670730" lon="-121.133052"/>
      <trkpt lat="47.670963" lon="-121.132990"/>
      <trkpt lat="47.671032" lon="-121.133004"/>
      <trkpt lat="47.671106" lon="-121.133041"/>
      <trkpt lat="47.671373" lon="-121.133223"/>
      <trkpt lat="47.671500" lon="-121.133253"/>
      <trkpt lat="47.671736" lon="-121.133347"/>
      <trkpt lat="47.671839" lon="-121.133376"/>
      <trkpt lat="47.671946" lon="-121.133368"/>
      <trkpt lat="47.672020" lon="-121.133347"/>
      <trkpt lat="47.672087" lon="-121.133349"/>
      <trkpt lat="47.672141" lon="-121.133382"/>
      <trkpt lat="47.672208" lon="-121.133400"/>
      <trkpt lat="47.672354" lon="-121.133379"/>
      <trkpt lat="47.672396" lon="-121.133342"/>
      <trkpt lat="47.672500" lon="-121.133339"/>
      <trkpt lat="47.672509" lon="-121.133299"/>
      <trkpt lat="47.672399" lon="-121.133261"/>
      <trkpt lat="47.672329" lon="-121.133218"/>
      <trkpt lat="47.672226" lon="-121.133167"/>
      <trkpt lat="47.672159" lon="-121.133087"/>
      <trkpt lat="47.672201" lon="-121.133071"/>
      <trkpt lat="47.672296" lon="-121.133116"/>
      <trkpt lat="47.672390" lon="-121.133105"/>
      <trkpt lat="47.672457" lon="-121.133071"/>
      <trkpt lat="47.672432" lon="-121.133038"/>
      <trkpt lat="47.672359" lon="-121.133028"/>
      <trkpt lat="47.672246" lon="-121.132936"/>
      <trkpt lat="47.672152" lon="-121.132875"/>
      <trkpt lat="47.672158" lon="-121.132823"/>
      <trkpt lat="47.672264" lon="-121.132845"/>
      <trkpt lat="47.672396" lon="-121.132840"/>
      <trkpt lat="47.672477" lon="-121.132828"/>
      <trkpt lat="47.672589" lon="-121.132770"/>
      <trkpt lat="47.672745" lon="-121.132700"/>
      <trkpt lat="47.672860" lon="-121.132690"/>
      <trkpt lat="47.672954" lon="-121.132700"/>
      <trkpt lat="47.672966" lon="-121.132671"/>
      <trkpt lat="47.672894" lon="-121.132596"/>
      <trkpt lat="47.672802" lon="-121.132537"/>
      <trkpt lat="47.672724" lon="-121.132499"/>
      <trkpt lat="47.672670" lon="-121.132413"/>
      <trkpt lat="47.672567" lon="-121.132395"/>
      <trkpt lat="47.672455" lon="-121.132333"/>
      <trkpt lat="47.672331" lon="-121.132234"/>
      <trkpt lat="47.672278" lon="-121.132167"/>
      <trkpt lat="47.672162" lon="-121.132065"/>
      <trkpt lat="47.672208" lon="-121.132035"/>
      <trkpt lat="47.672323" lon="-121.132094"/>
      <trkpt lat="47.672419" lon="-121.132094"/>
      <trkpt lat="47.672538" lon="-121.132081"/>
      <trkpt lat="47.672627" lon="-121.132033"/>
      <trkpt lat="47.672677" lon="-121.131974"/>
      <trkpt lat="47.672728" lon="-121.131966"/>
      <trkpt lat="47.672802" lon="-121.131945"/>
      <trkpt lat="47.672952" lon="-121.131945"/>
      <trkpt lat="47.673094" lon="-121.131984"/>
      <trkpt lat="47.673196" lon="-121.131987"/>
      <trkpt lat="47.673203" lon="-121.131955"/>
      <trkpt lat="47.673169" lon="-121.131888"/>
      <trkpt lat="47.673017" lon="-121.131783"/>
      <trkpt lat="47.673026" lon="-121.131759"/>
      <trkpt lat="47.673116" lon="-121.131759"/>
      <trkpt lat="47.673219" lon="-121.131780"/>
      <trkpt lat="47.673467" lon="-121.131774"/>
      <trkpt lat="47.673595" lon="-121.131799"/>
      <trkpt lat="47.673638" lon="-121.131845"/>
      <trkpt lat="47.673685" lon="-121.131866"/>
      <trkpt lat="47.673667" lon="-121.131770"/>
      <trkpt lat="47.673596" lon="-121.131668"/>
      <trkpt lat="47.673573" lon="-121.131609"/>
      <trkpt lat="47.673416" lon="-121.131544"/>
      <trkpt lat="47.673416" lon="-121.131515"/>
      <trkpt lat="47.673490" lon="-121.131496"/>
      <trkpt lat="47.673600" lon="-121.131504"/>
      <trkpt lat="47.673668" lon="-121.131555"/>
      <trkpt lat="47.673682" lon="-121.131501"/>
      <trkpt lat="47.673671" lon="-121.131459"/>
      <trkpt lat="47.673597" lon="-121.131394"/>
      <trkpt lat="47.673447" lon="-121.131332"/>
      <trkpt lat="47.673333" lon="-121.131298"/>
      <trkpt lat="47.673286" lon="-121.131263"/>
      <trkpt lat="47.673248" lon="-121.131223"/>
      <trkpt lat="47.673057" lon="-121.131048"/>
      <trkpt lat="47.673071" lon="-121.131011"/>
      <trkpt lat="47.673237" lon="-121.131036"/>
      <trkpt lat="47.673383" lon="-121.131032"/>
      <trkpt lat="47.673480" lon="-121.131018"/>
      <trkpt lat="47.673589" lon="-121.131011"/>
      <trkpt lat="47.673597" lon="-121.130965"/>
      <trkpt lat="47.673497" lon="-121.130902"/>
      <trkpt lat="47.673386" lon="-121.130843"/>
      <trkpt lat="47.673418" lon="-121.130809"/>
      <trkpt lat="47.673524" lon="-121.130785"/>
      <trkpt lat="47.673655" lon="-121.130745"/>
      <trkpt lat="47.673772" lon="-121.130649"/>
      <trkpt lat="47.673842" lon="-121.130651"/>
      <trkpt lat="47.673868" lon="-121.130608"/>
      <trkpt lat="47.673755" lon="-121.130576"/>
      <trkpt lat="47.673383" lon="-121.130431"/>
      <trkpt lat="47.673322" lon="-121.130346"/>
      <trkpt lat="47.673237" lon="-121.130308"/>
      <trkpt lat="47.673244" lon="-121.130268"/>
      <trkpt lat="47.673300" lon="-121.130247"/>
      <trkpt lat="47.673375" lon="-121.130233"/>
      <trkpt lat="47.673434" lon="-121.130202"/>
      <trkpt lat="47.673559" lon="-121.130115"/>
      <trkpt lat="47.673657" lon="-121.130085"/>
      <trkpt lat="47.673790" lon="-121.130013"/>
      <trkpt lat="47.673949" lon="-121.129970"/>
      <trkpt lat="47.673985" lon="-121.129908"/>
      <trkpt lat="47.674057" lon="-121.129763"/>
      <trkpt lat="47.674184" lon="-121.129592"/>
      <trkpt lat="47.674305" lon="-121.129479"/>
      <trkpt lat="47.674388" lon="-121.129476"/>
      <trkpt lat="47.674455" lon="-121.129506"/>
      <trkpt lat="47.674491" lon="-121.129487"/>
      <trkpt lat="47.674435" lon="-121.129420"/>
      <trkpt lat="47.674370" lon="-121.129372"/>
      <trkpt lat="47.674290" lon="-121.129280"/>
      <trkpt lat="47.674214" lon="-121.129278"/>
      <trkpt lat="47.674157" lon="-121.129238"/>
      <trkpt lat="47.674101" lon="-121.129147"/>
      <trkpt lat="47.674070" lon="-121.128995"/>
      <trkpt lat="47.674088" lon="-121.128933"/>
      <trkpt lat="47.674173" lon="-121.128907"/>
      <trkpt lat="47.674281" lon="-121.128984"/>
      <trkpt lat="47.674384" lon="-121.128993"/>
      <trkpt lat="47.674446" lon="-121.128946"/>
      <trkpt lat="47.674460" lon="-121.128910"/>
      <trkpt lat="47.674390" lon="-121.128904"/>
      <trkpt lat="47.674267" lon="-121.128785"/>
      <trkpt lat="47.674210" lon="-121.128777"/>
      <trkpt lat="47.674180" lon="-121.128742"/>
      <trkpt lat="47.674439" lon="-121.128719"/>
      <trkpt lat="47.674476" lon="-121.128695"/>
      <trkpt lat="47.674370" lon="-121.128639"/>
      <trkpt lat="47.674498" lon="-121.128599"/>
      <trkpt lat="47.674577" lon="-121.128523"/>
      <trkpt lat="47.674800" lon="-121.128381"/>
      <trkpt lat="47.674895" lon="-121.128251"/>
      <trkpt lat="47.674955" lon="-121.128189"/>
      <trkpt lat="47.675013" lon="-121.128162"/>
      <trkpt lat="47.675088" lon="-121.128036"/>
      <trkpt lat="47.675190" lon="-121.128001"/>
      <trkpt lat="47.675265" lon="-121.127910"/>
      <trkpt lat="47.675330" lon="-121.127784"/>
      <trkpt lat="47.675392" lon="-121.127693"/>
      <trkpt lat="47.675446" lon="-121.127569"/>
      <trkpt lat="47.675522" lon="-121.127360"/>
      <trkpt lat="47.675603" lon="-121.127257"/>
      <trkpt lat="47.675677" lon="-121.127124"/>
      <trkpt lat="47.675702" lon="-121.127060"/>
      <trkpt lat="47.675742" lon="-121.127009"/>
      <trkpt lat="47.675795" lon="-121.126974"/>
      <trkpt lat="47.675872" lon="-121.126853"/>
      <trkpt lat="47.676045" lon="-121.126640"/>
      <trkpt lat="47.676116" lon="-121.126572"/>
      <trkpt lat="47.676197" lon="-121.126515"/>
      <trkpt lat="47.676280" lon="-121.126480"/>
      <trkpt lat="47.676322" lon="-121.126429"/>
      <trkpt lat="47.676241" lon="-121.126437"/>
      <trkpt lat="47.675955" lon="-121.126448"/>
      <trkpt lat="47.675907" lon="-121.126497"/>
      <trkpt lat="47.675876" lon="-121.126480"/>
      <trkpt lat="47.675964" lon="-121.126373"/>
      <trkpt lat="47.676064" lon="-121.126317"/>
      <trkpt lat="47.676192" lon="-121.126223"/>
      <trkpt lat="47.676246" lon="-121.126196"/>
      <trkpt lat="47.676262" lon="-121.126164"/>
      <trkpt lat="47.676233" lon="-121.126142"/>
      <trkpt lat="47.676176" lon="-121.126153"/>
      <trkpt lat="47.675954" lon="-121.126144"/>
      <trkpt lat="47.675843" lon="-121.126175"/>
      <trkpt lat="47.675764" lon="-121.126204"/>
      <trkpt lat="47.675708" lon="-121.126193"/>
      <trkpt lat="47.675728" lon="-121.126153"/>
      <trkpt lat="47.675814" lon="-121.126116"/>
      <trkpt lat="47.675939" lon="-121.126008"/>
      <trkpt lat="47.676093" lon="-121.125944"/>
      <trkpt lat="47.676194" lon="-121.125893"/>
      <trkpt lat="47.676210" lon="-121.125858"/>
      <trkpt lat="47.676168" lon="-121.125829"/>
      <trkpt lat="47.676109" lon="-121.125839"/>
      <trkpt lat="47.676013" lon="-121.125821"/>
      <trkpt lat="47.675897" lon="-121.125815"/>
      <trkpt lat="47.675825" lon="-121.125842"/>
      <trkpt lat="47.675776" lon="-121.125888"/>
      <trkpt lat="47.675749" lon="-121.125863"/>
      <trkpt lat="47.675834" lon="-121.125786"/>
      <trkpt lat="47.676033" lon="-121.125646"/>
      <trkpt lat="47.676183" lon="-121.125598"/>
      <trkpt lat="47.676306" lon="-121.125542"/>
      <trkpt lat="47.676466" lon="-121.125477"/>
      <trkpt lat="47.676587" lon="-121.125402"/>
      <trkpt lat="47.676667" lon="-121.125252"/>
      <trkpt lat="47.676746" lon="-121.125201"/>
      <trkpt lat="47.676846" lon="-121.125155"/>
      <trkpt lat="47.677261" lon="-121.124833"/>
      <trkpt lat="47.677378" lon="-121.124713"/>
      <trkpt lat="47.677402" lon="-121.124619"/>
      <trkpt lat="47.677470" lon="-121.124455"/>
      <trkpt lat="47.677557" lon="-121.124327"/>
      <trkpt lat="47.677629" lon="-121.124179"/>
      <trkpt lat="47.677709" lon="-121.124032"/>
      <trkpt lat="47.677756" lon="-121.123763"/>
      <trkpt lat="47.677835" lon="-121.123490"/>
      <trkpt lat="47.677852" lon="-121.123377"/>
      <trkpt lat="47.677943" lon="-121.123147"/>
      <trkpt lat="47.677974" lon="-121.123050"/>
      <trkpt lat="47.677983" lon="-121.122873"/>
      <trkpt lat="47.678014" lon="-121.122698"/>
      <trkpt lat="47.678016" lon="-121.122532"/>
      <trkpt lat="47.678166" lon="-121.122175"/>
      <trkpt lat="47.678216" lon="-121.122049"/>
      <trkpt lat="47.678256" lon="-121.121910"/>
      <trkpt lat="47.678314" lon="-121.121824"/>
      <trkpt lat="47.678404" lon="-121.121744"/>
      <trkpt lat="47.678505" lon="-121.121607"/>
      <trkpt lat="47.678805" lon="-121.121381"/>
      <trkpt lat="47.679027" lon="-121.121178"/>
      <trkpt lat="47.679192" lon="-121.120982"/>
      <trkpt lat="47.679403" lon="-121.120665"/>
      <trkpt lat="47.679509" lon="-121.120585"/>
      <trkpt lat="47.679665" lon="-121.120531"/>
      <trkpt lat="47.679789" lon="-121.120523"/>
      <trkpt lat="47.680028" lon="-121.120460"/>
      <trkpt lat="47.680306" lon="-121.120507"/>
      <trkpt lat="47.680389" lon="-121.120513"/>
      <trkpt lat="47.680450" lon="-121.120478"/>
      <trkpt lat="47.680530" lon="-121.120411"/>
      <trkpt lat="47.680614" lon="-121.120397"/>
      <trkpt lat="47.680696" lon="-121.120411"/>
      <trkpt lat="47.680766" lon="-121.120376"/>
      <trkpt lat="47.680822" lon="-121.120309"/>
      <trkpt lat="47.680867" lon="-121.120233"/>
      <trkpt lat="47.680934" lon="-121.120105"/>
      <trkpt lat="47.680994" lon="-121.120081"/>
      <trkpt lat="47.681059" lon="-121.120000"/>
      <trkpt lat="47.681117" lon="-121.119904"/>
      <trkpt lat="47.681214" lon="-121.119811"/>
      <trkpt lat="47.681368" lon="-121.119728"/>
      <trkpt lat="47.681521" lon="-121.119676"/>
      <trkpt lat="47.681628" lon="-121.119654"/>
      <trkpt lat="47.681722" lon="-121.119597"/>
      <trkpt lat="47.681827" lon="-121.119513"/>
      <trkpt lat="47.681886" lon="-121.119418"/>
      <trkpt lat="47.681955" lon="-121.119325"/>
      <trkpt lat="47.682059" lon="-121.119268"/>
      <trkpt lat="47.682153" lon="-121.119268"/>
      <trkpt lat="47.682200" lon="-121.119249"/>
      <trkpt lat="47.682238" lon="-121.119193"/>
      <trkpt lat="47.682294" lon="-121.119088"/>
      <trkpt lat="47.682355" lon="-121.118986"/>
      <trkpt lat="47.682415" lon="-121.118920"/>
      <trkpt lat="47.682579" lon="-121.118951"/>
      <trkpt lat="47.682632" lon="-121.118951"/>
      <trkpt lat="47.682704" lon="-121.118903"/>
      <trkpt lat="47.682854" lon="-121.118686"/>
      <trkpt lat="47.682944" lon="-121.118562"/>
      <trkpt lat="47.683007" lon="-121.118335"/>
      <trkpt lat="47.683058" lon="-121.118249"/>
      <trkpt lat="47.683105" lon="-121.118190"/>
      <trkpt lat="47.683225" lon="-121.117930"/>
      <trkpt lat="47.683235" lon="-121.117790"/>
      <trkpt lat="47.683260" lon="-121.117605"/>
      <trkpt lat="47.683269" lon="-121.117487"/>
      <trkpt lat="47.683236" lon="-121.117286"/>
      <trkpt lat="47.683222" lon="-121.117009"/>
      <trkpt lat="47.683177" lon="-121.116884"/>
      <trkpt lat="47.683128" lon="-121.116763"/>
      <trkpt lat="47.683119" lon="-121.116661"/>
      <trkpt lat="47.683116" lon="-121.116524"/>
      <trkpt lat="47.683123" lon="-121.116403"/>
      <trkpt lat="47.683163" lon="-121.116248"/>
      <trkpt lat="47.683213" lon="-121.116082"/>
      <trkpt lat="47.683251" lon="-121.116001"/>
      <trkpt lat="47.683258" lon="-121.115899"/>
      <trkpt lat="47.683296" lon="-121.115754"/>
      <trkpt lat="47.683439" lon="-121.115333"/>
      <trkpt lat="47.683498" lon="-121.115053"/>
      <trkpt lat="47.683574" lon="-121.114840"/>
      <trkpt lat="47.683654" lon="-121.114330"/>
      <trkpt lat="47.683695" lon="-121.114169"/>
      <trkpt lat="47.683738" lon="-121.113783"/>
      <trkpt lat="47.683748" lon="-121.113622"/>
      <trkpt lat="47.683740" lon="-121.113482"/>
      <trkpt lat="47.683746" lon="-121.113370"/>
      <trkpt lat="47.683805" lon="-121.113067"/>
      <trkpt lat="47.683829" lon="-121.112793"/>
      <trkpt lat="47.683876" lon="-121.112600"/>
      <trkpt lat="47.683959" lon="-121.111833"/>
      <trkpt lat="47.683968" lon="-121.111626"/>
      <trkpt lat="47.683957" lon="-121.111428"/>
      <trkpt lat="47.683933" lon="-121.111308"/>
      <trkpt lat="47.683901" lon="-121.111216"/>
      <trkpt lat="47.683872" lon="-121.111111"/>
      <trkpt lat="47.683890" lon="-121.110961"/>
      <trkpt lat="47.683915" lon="-121.110838"/>
      <trkpt lat="47.683948" lon="-121.110728"/>
      <trkpt lat="47.684015" lon="-121.110564"/>
      <trkpt lat="47.684055" lon="-121.110427"/>
      <trkpt lat="47.684109" lon="-121.110167"/>
      <trkpt lat="47.684154" lon="-121.109738"/>
      <trkpt lat="47.684167" lon="-121.109510"/>
      <trkpt lat="47.684206" lon="-121.109314"/>
      <trkpt lat="47.684268" lon="-121.109129"/>
      <trkpt lat="47.684315" lon="-121.108893"/>
      <trkpt lat="47.684415" lon="-121.108472"/>
      <trkpt lat="47.684430" lon="-121.108346"/>
      <trkpt lat="47.684452" lon="-121.108231"/>
      <trkpt lat="47.684520" lon="-121.108097"/>
      <trkpt lat="47.684605" lon="-121.107946"/>
      <trkpt lat="47.684636" lon="-121.107861"/>
      <trkpt lat="47.684625" lon="-121.107796"/>
      <trkpt lat="47.684580" lon="-121.107710"/>
      <trkpt lat="47.684548" lon="-121.107630"/>
      <trkpt lat="47.684522" lon="-121.107528"/>
      <trkpt lat="47.684537" lon="-121.107423"/>
      <trkpt lat="47.684591" lon="-121.107313"/>
      <trkpt lat="47.684679" lon="-121.107182"/>
      <trkpt lat="47.684771" lon="-121.107078"/>
      <trkpt lat="47.684853" lon="-121.107008"/>
      <trkpt lat="47.684965" lon="-121.106957"/>
      <trkpt lat="47.685075" lon="-121.106938"/>
      <trkpt lat="47.685165" lon="-121.106994"/>
      <trkpt lat="47.685326" lon="-121.106989"/>
      <trkpt lat="47.685380" lon="-121.106962"/>
      <trkpt lat="47.685485" lon="-121.106975"/>
      <trkpt lat="47.685512" lon="-121.106959"/>
      <trkpt lat="47.685561" lon="-121.106959"/>
      <trkpt lat="47.685600" lon="-121.106935"/>
      <trkpt lat="47.685538" lon="-121.106868"/>
      <trkpt lat="47.685476" lon="-121.106825"/>
      <trkpt lat="47.685436" lon="-121.106734"/>
      <trkpt lat="47.685387" lon="-121.106702"/>
      <trkpt lat="47.685290" lon="-121.106683"/>
      <trkpt lat="47.685173" lon="-121.106625"/>
      <trkpt lat="47.685022" lon="-121.106611"/>
      <trkpt lat="47.685013" lon="-121.106578"/>
      <trkpt lat="47.685035" lon="-121.106546"/>
      <trkpt lat="47.685096" lon="-121.106541"/>
      <trkpt lat="47.685212" lon="-121.106482"/>
      <trkpt lat="47.685333" lon="-121.106393"/>
      <trkpt lat="47.685458" lon="-121.106364"/>
      <trkpt lat="47.685597" lon="-121.106342"/>
      <trkpt lat="47.685772" lon="-121.106358"/>
      <trkpt lat="47.685922" lon="-121.106345"/>
      <trkpt lat="47.686019" lon="-121.106300"/>
      <trkpt lat="47.686111" lon="-121.106181"/>
      <trkpt lat="47.686173" lon="-121.106082"/>
      <trkpt lat="47.686200" lon="-121.105994"/>
      <trkpt lat="47.686207" lon="-121.105838"/>
      <trkpt lat="47.686219" lon="-121.105693"/>
      <trkpt lat="47.686308" lon="-121.105109"/>
      <trkpt lat="47.686304" lon="-121.104969"/>
      <trkpt lat="47.686342" lon="-121.104822"/>
      <trkpt lat="47.686364" lon="-121.104720"/>
      <trkpt lat="47.686378" lon="-121.104516"/>
      <trkpt lat="47.686418" lon="-121.104374"/>
      <trkpt lat="47.686478" lon="-121.104258"/>
      <trkpt lat="47.686541" lon="-121.104116"/>
      <trkpt lat="47.686611" lon="-121.104006"/>
      <trkpt lat="47.686658" lon="-121.103902"/>
      <trkpt lat="47.686682" lon="-121.103800"/>
      <trkpt lat="47.686734" lon="-121.103660"/>
      <trkpt lat="47.686734" lon="-121.103483"/>
      <trkpt lat="47.686749" lon="-121.103250"/>
      <trkpt lat="47.686774" lon="-121.103094"/>
      <trkpt lat="47.686897" lon="-121.102847"/>
      <trkpt lat="47.686973" lon="-121.102585"/>
      <trkpt lat="47.687016" lon="-121.102365"/>
      <trkpt lat="47.687041" lon="-121.102209"/>
      <trkpt lat="47.687030" lon="-121.102123"/>
      <trkpt lat="47.687030" lon="-121.102021"/>
      <trkpt lat="47.687039" lon="-121.101871"/>
      <trkpt lat="47.687084" lon="-121.101472"/>
      <trkpt lat="47.687128" lon="-121.101230"/>
      <trkpt lat="47.687191" lon="-121.100959"/>
      <trkpt lat="47.687236" lon="-121.100801"/>
      <trkpt lat="47.687285" lon="-121.100723"/>
      <trkpt lat="47.687402" lon="-121.100594"/>
      <trkpt lat="47.687740" lon="-121.100171"/>
      <trkpt lat="47.687828" lon="-121.100031"/>
      <trkpt lat="47.688007" lon="-121.099656"/>
      <trkpt lat="47.688319" lon="-121.099194"/>
      <trkpt lat="47.688401" lon="-121.099084"/>
      <trkpt lat="47.688487" lon="-121.099004"/>
      <trkpt lat="47.688554" lon="-121.098964"/>
      <trkpt lat="47.688630" lon="-121.098950"/>
      <trkpt lat="47.688773" lon="-121.098942"/>
      <trkpt lat="47.688947" lon="-121.098902"/>
      <trkpt lat="47.689090" lon="-121.098832"/>
      <trkpt lat="47.689204" lon="-121.098760"/>
      <trkpt lat="47.689289" lon="-121.098679"/>
      <trkpt lat="47.689338" lon="-121.098594"/>
      <trkpt lat="47.689464" lon="-121.098435"/>
      <trkpt lat="47.689596" lon="-121.098320"/>
      <trkpt lat="47.689688" lon="-121.098229"/>
      <trkpt lat="47.689930" lon="-121.098068"/>
      <trkpt lat="47.689981" lon="-121.098020"/>
      <trkpt lat="47.690003" lon="-121.097965"/>
      <trkpt lat="47.690038" lon="-121.097735"/>
      <trkpt lat="47.690091" lon="-121.097534"/>
      <trkpt lat="47.690139" lon="-121.097293"/>
      <trkpt lat="47.690201" lon="-121.097038"/>
      <trkpt lat="47.690208" lon="-121.096904"/>
      <trkpt lat="47.690199" lon="-121.096711"/>
      <trkpt lat="47.690177" lon="-121.096563"/>
      <trkpt lat="47.690174" lon="-121.096429"/>
      <trkpt lat="47.690195" lon="-121.096319"/>
      <trkpt lat="47.690241" lon="-121.096190"/>
      <trkpt lat="47.690246" lon="-121.096064"/>
      <trkpt lat="47.690268" lon="-121.095914"/>
      <trkpt lat="47.690298" lon="-121.095766"/>
      <trkpt lat="47.690311" lon="-121.095595"/>
      <trkpt lat="47.690313" lon="-121.095442"/>
      <trkpt lat="47.690347" lon="-121.095262"/>
      <trkpt lat="47.690399" lon="-121.094712"/>
      <trkpt lat="47.690390" lon="-121.094482"/>
      <trkpt lat="47.690410" lon="-121.094388"/>
      <trkpt lat="47.690537" lon="-121.094138"/>
      <trkpt lat="47.690638" lon="-121.093961"/>
      <trkpt lat="47.690714" lon="-121.093867"/>
      <trkpt lat="47.690762" lon="-121.093862"/>
      <trkpt lat="47.690786" lon="-121.093916"/>
      <trkpt lat="47.690780" lon="-121.093996"/>
      <trkpt lat="47.690786" lon="-121.094060"/>
      <trkpt lat="47.690811" lon="-121.094129"/>
      <trkpt lat="47.690844" lon="-121.094192"/>
      <trkpt lat="47.690885" lon="-121.094232"/>
      <trkpt lat="47.690918" lon="-121.094232"/>
      <trkpt lat="47.690950" lon="-121.094195"/>
      <trkpt lat="47.690983" lon="-121.094095"/>
      <trkpt lat="47.690992" lon="-121.093881"/>
      <trkpt lat="47.691008" lon="-121.093704"/>
      <trkpt lat="47.691096" lon="-121.093535"/>
      <trkpt lat="47.691113" lon="-121.093428"/>
      <trkpt lat="47.691156" lon="-121.093336"/>
      <trkpt lat="47.691161" lon="-121.093419"/>
      <trkpt lat="47.691149" lon="-121.093511"/>
      <trkpt lat="47.691147" lon="-121.093613"/>
      <trkpt lat="47.691161" lon="-121.093690"/>
      <trkpt lat="47.691192" lon="-121.093741"/>
      <trkpt lat="47.691248" lon="-121.093749"/>
      <trkpt lat="47.691306" lon="-121.093747"/>
      <trkpt lat="47.691340" lon="-121.093763"/>
      <trkpt lat="47.691373" lon="-121.093862"/>
      <trkpt lat="47.691418" lon="-121.093953"/>
      <trkpt lat="47.691470" lon="-121.094044"/>
      <trkpt lat="47.691537" lon="-121.094077"/>
      <trkpt lat="47.692012" lon="-121.094122"/>
      <trkpt lat="47.692077" lon="-121.094069"/>
      <trkpt lat="47.692142" lon="-121.094053"/>
      <trkpt lat="47.692351" lon="-121.094109"/>
      <trkpt lat="47.692517" lon="-121.094105"/>
      <trkpt lat="47.692647" lon="-121.094144"/>
      <trkpt lat="47.692787" lon="-121.094208"/>
      <trkpt lat="47.692844" lon="-121.094203"/>
      <trkpt lat="47.692903" lon="-121.094148"/>
      <trkpt lat="47.692965" lon="-121.094082"/>
      <trkpt lat="47.693093" lon="-121.093830"/>
      <trkpt lat="47.693169" lon="-121.093701"/>
      <trkpt lat="47.693196" lon="-121.093637"/>
      <trkpt lat="47.693227" lon="-121.093508"/>
      <trkpt lat="47.693225" lon="-121.093176"/>
      <trkpt lat="47.693232" lon="-121.092995"/>
      <trkpt lat="47.693258" lon="-121.092784"/>
      <trkpt lat="47.693310" lon="-121.092505"/>
      <trkpt lat="47.693340" lon="-121.092387"/>
      <trkpt lat="47.693348" lon="-121.092280"/>
      <trkpt lat="47.693348" lon="-121.092124"/>
      <trkpt lat="47.693239" lon="-121.092386"/>
      <trkpt lat="47.693167" lon="-121.092537"/>
      <trkpt lat="47.693109" lon="-121.092596"/>
      <trkpt lat="47.693086" lon="-121.092558"/>
      <trkpt lat="47.693113" lon="-121.092489"/>
      <trkpt lat="47.693172" lon="-121.092281"/>
      <trkpt lat="47.693176" lon="-121.092129"/>
      <trkpt lat="47.693156" lon="-121.091953"/>
      <trkpt lat="47.693137" lon="-121.091840"/>
      <trkpt lat="47.693132" lon="-121.091748"/>
      <trkpt lat="47.693137" lon="-121.091609"/>
      <trkpt lat="47.693120" lon="-121.091491"/>
      <trkpt lat="47.693046" lon="-121.091328"/>
      <trkpt lat="47.693014" lon="-121.091292"/>
      <trkpt lat="47.692994" lon="-121.091220"/>
      <trkpt lat="47.693002" lon="-121.091146"/>
      <trkpt lat="47.693019" lon="-121.091086"/>
      <trkpt lat="47.693019" lon="-121.090989"/>
      <trkpt lat="47.692987" lon="-121.090928"/>
      <trkpt lat="47.692940" lon="-121.090912"/>
      <trkpt lat="47.692857" lon="-121.090933"/>
      <trkpt lat="47.692766" lon="-121.090925"/>
      <trkpt lat="47.692719" lon="-121.090896"/>
      <trkpt lat="47.692678" lon="-121.090834"/>
      <trkpt lat="47.692662" lon="-121.090759"/>
      <trkpt lat="47.692680" lon="-121.090673"/>
      <trkpt lat="47.692867" lon="-121.090273"/>
      <trkpt lat="47.692886" lon="-121.090255"/>
      <trkpt lat="47.692961" lon="-121.090255"/>
      <trkpt lat="47.693017" lon="-121.090238"/>
      <trkpt lat="47.692988" lon="-121.090163"/>
      <trkpt lat="47.692958" lon="-121.090128"/>
      <trkpt lat="47.692895" lon="-121.090096"/>
      <trkpt lat="47.692902" lon="-121.090061"/>
      <trkpt lat="47.692985" lon="-121.090061"/>
      <trkpt lat="47.693077" lon="-121.090008"/>
      <trkpt lat="47.693171" lon="-121.089927"/>
      <trkpt lat="47.693283" lon="-121.089914"/>
      <trkpt lat="47.693351" lon="-121.089949"/>
      <trkpt lat="47.693422" lon="-121.089922"/>
      <trkpt lat="47.693485" lon="-121.089919"/>
      <trkpt lat="47.693541" lon="-121.089868"/>
      <trkpt lat="47.693626" lon="-121.089863"/>
      <trkpt lat="47.693615" lon="-121.089807"/>
      <trkpt lat="47.693546" lon="-121.089780"/>
      <trkpt lat="47.693391" lon="-121.089782"/>
      <trkpt lat="47.693348" lon="-121.089721"/>
      <trkpt lat="47.693239" lon="-121.089670"/>
      <trkpt lat="47.693275" lon="-121.089643"/>
      <trkpt lat="47.693425" lon="-121.089648"/>
      <trkpt lat="47.693498" lon="-121.089608"/>
      <trkpt lat="47.693670" lon="-121.089560"/>
      <trkpt lat="47.693767" lon="-121.089501"/>
      <trkpt lat="47.693727" lon="-121.089477"/>
      <trkpt lat="47.693668" lon="-121.089505"/>
      <trkpt lat="47.693590" lon="-121.089471"/>
      <trkpt lat="47.693483" lon="-121.089461"/>
      <trkpt lat="47.693519" lon="-121.089393"/>
      <trkpt lat="47.693548" lon="-121.089351"/>
      <trkpt lat="47.693579" lon="-121.089321"/>
      <trkpt lat="47.693642" lon="-121.089321"/>
      <trkpt lat="47.693705" lon="-121.089283"/>
      <trkpt lat="47.693786" lon="-121.089278"/>
      <trkpt lat="47.694046" lon="-121.089332"/>
      <trkpt lat="47.694140" lon="-121.089377"/>
      <trkpt lat="47.694193" lon="-121.089332"/>
      <trkpt lat="47.694108" lon="-121.089275"/>
      <trkpt lat="47.693999" lon="-121.089243"/>
      <trkpt lat="47.693969" lon="-121.089165"/>
      <trkpt lat="47.693844" lon="-121.089074"/>
      <trkpt lat="47.693799" lon="-121.089018"/>
      <trkpt lat="47.693640" lon="-121.088980"/>
      <trkpt lat="47.693599" lon="-121.088938"/>
      <trkpt lat="47.693539" lon="-121.088916"/>
      <trkpt lat="47.693465" lon="-121.088951"/>
      <trkpt lat="47.693317" lon="-121.088967"/>
      <trkpt lat="47.693319" lon="-121.088916"/>
      <trkpt lat="47.693409" lon="-121.088873"/>
      <trkpt lat="47.693480" lon="-121.088806"/>
      <trkpt lat="47.693551" lon="-121.088713"/>
      <trkpt lat="47.693675" lon="-121.088629"/>
      <trkpt lat="47.693803" lon="-121.088594"/>
      <trkpt lat="47.693900" lon="-121.088613"/>
      <trkpt lat="47.693981" lon="-121.088653"/>
      <trkpt lat="47.694202" lon="-121.088656"/>
      <trkpt lat="47.694338" lon="-121.088687"/>
      <trkpt lat="47.694491" lon="-121.088744"/>
      <trkpt lat="47.694595" lon="-121.088793"/>
      <trkpt lat="47.694649" lon="-121.088790"/>
      <trkpt lat="47.694709" lon="-121.088728"/>
      <trkpt lat="47.694760" lon="-121.088728"/>
      <trkpt lat="47.694801" lon="-121.088763"/>
      <trkpt lat="47.694821" lon="-121.088870"/>
      <trkpt lat="47.694844" lon="-121.088956"/>
      <trkpt lat="47.694884" lon="-121.088988"/>
      <trkpt lat="47.694936" lon="-121.088988"/>
      <trkpt lat="47.694962" lon="-121.088921"/>
      <trkpt lat="47.694964" lon="-121.088817"/>
      <trkpt lat="47.694983" lon="-121.088643"/>
      <trkpt lat="47.695016" lon="-121.088541"/>
      <trkpt lat="47.695056" lon="-121.088516"/>
      <trkpt lat="47.695106" lon="-121.088525"/>
      <trkpt lat="47.695140" lon="-121.088632"/>
      <trkpt lat="47.695142" lon="-121.088782"/>
      <trkpt lat="47.695157" lon="-121.088836"/>
      <trkpt lat="47.695214" lon="-121.088905"/>
      <trkpt lat="47.695290" lon="-121.088948"/>
      <trkpt lat="47.695335" lon="-121.088967"/>
      <trkpt lat="47.695366" lon="-121.088935"/>
      <trkpt lat="47.695354" lon="-121.088842"/>
      <trkpt lat="47.695363" lon="-121.088812"/>
      <trkpt lat="47.695422" lon="-121.088691"/>
      <trkpt lat="47.695464" lon="-121.088688"/>
      <trkpt lat="47.695467" lon="-121.088782"/>
      <trkpt lat="47.695518" lon="-121.088884"/>
      <trkpt lat="47.695615" lon="-121.088991"/>
      <trkpt lat="47.695677" lon="-121.089032"/>
      <trkpt lat="47.695913" lon="-121.089219"/>
      <trkpt lat="47.696003" lon="-121.089243"/>
      <trkpt lat="47.696054" lon="-121.089316"/>
      <trkpt lat="47.696081" lon="-121.089426"/>
      <trkpt lat="47.696170" lon="-121.089603"/>
      <trkpt lat="47.696242" lon="-121.089726"/>
      <trkpt lat="47.696362" lon="-121.089915"/>
      <trkpt lat="47.696575" lon="-121.090155"/>
      <trkpt lat="47.696751" lon="-121.090415"/>
      <trkpt lat="47.696886" lon="-121.090665"/>
      <trkpt lat="47.696990" lon="-121.090788"/>
      <trkpt lat="47.697065" lon="-121.090869"/>
      <trkpt lat="47.697139" lon="-121.090920"/>
      <trkpt lat="47.697222" lon="-121.090963"/>
      <trkpt lat="47.697583" lon="-121.090928"/>
      <trkpt lat="47.697764" lon="-121.090820"/>
      <trkpt lat="47.697820" lon="-121.090840"/>
      <trkpt lat="47.697875" lon="-121.090909"/>
      <trkpt lat="47.697872" lon="-121.091005"/>
      <trkpt lat="47.697861" lon="-121.091083"/>
      <trkpt lat="47.697899" lon="-121.091126"/>
      <trkpt lat="47.697958" lon="-121.091118"/>
      <trkpt lat="47.698038" lon="-121.091059"/>
      <trkpt lat="47.698132" lon="-121.091059"/>
      <trkpt lat="47.698240" lon="-121.091027"/>
      <trkpt lat="47.698359" lon="-121.091030"/>
      <trkpt lat="47.698687" lon="-121.091107"/>
      <trkpt lat="47.698799" lon="-121.091101"/>
      <trkpt lat="47.698829" lon="-121.091062"/>
      <trkpt lat="47.698904" lon="-121.091035"/>
      <trkpt lat="47.698998" lon="-121.091032"/>
      <trkpt lat="47.699049" lon="-121.091065"/>
      <trkpt lat="47.699108" lon="-121.091116"/>
      <trkpt lat="47.699176" lon="-121.091146"/>
      <trkpt lat="47.699314" lon="-121.091153"/>
      <trkpt lat="47.699336" lon="-121.091110"/>
      <trkpt lat="47.699324" lon="-121.091053"/>
      <trkpt lat="47.699336" lon="-121.090971"/>
      <trkpt lat="47.699372" lon="-121.090871"/>
      <trkpt lat="47.699428" lon="-121.090853"/>
      <trkpt lat="47.699493" lon="-121.090815"/>
      <trkpt lat="47.699547" lon="-121.090729"/>
      <trkpt lat="47.699608" lon="-121.090590"/>
      <trkpt lat="47.699874" lon="-121.090327"/>
      <trkpt lat="47.700026" lon="-121.090298"/>
      <trkpt lat="47.700127" lon="-121.090311"/>
      <trkpt lat="47.700235" lon="-121.090343"/>
      <trkpt lat="47.700314" lon="-121.090311"/>
      <trkpt lat="47.700387" lon="-121.090217"/>
      <trkpt lat="47.700437" lon="-121.090136"/>
      <trkpt lat="47.700533" lon="-121.090120"/>
      <trkpt lat="47.700602" lon="-121.090157"/>
      <trkpt lat="47.700715" lon="-121.090196"/>
      <trkpt lat="47.700798" lon="-121.090187"/>
      <trkpt lat="47.700854" lon="-121.090147"/>
      <trkpt lat="47.700876" lon="-121.090115"/>
      <trkpt lat="47.700901" lon="-121.090037"/>
      <trkpt lat="47.700888" lon="-121.089965"/>
      <trkpt lat="47.700897" lon="-121.089855"/>
      <trkpt lat="47.700921" lon="-121.089791"/>
      <trkpt lat="47.700998" lon="-121.089774"/>
      <trkpt lat="47.701085" lon="-121.089820"/>
      <trkpt lat="47.701148" lon="-121.089892"/>
      <trkpt lat="47.701240" lon="-121.089946"/>
      <trkpt lat="47.701300" lon="-121.089990"/>
      <trkpt lat="47.701329" lon="-121.089933"/>
      <trkpt lat="47.701330" lon="-121.089804"/>
      <trkpt lat="47.701327" lon="-121.089415"/>
      <trkpt lat="47.701323" lon="-121.089345"/>
      <trkpt lat="47.701359" lon="-121.089308"/>
      <trkpt lat="47.701428" lon="-121.089316"/>
      <trkpt lat="47.701502" lon="-121.089289"/>
      <trkpt lat="47.701589" lon="-121.089222"/>
      <trkpt lat="47.701637" lon="-121.089165"/>
      <trkpt lat="47.701686" lon="-121.089034"/>
      <trkpt lat="47.701762" lon="-121.088946"/>
      <trkpt lat="47.701814" lon="-121.088921"/>
      <trkpt lat="47.701847" lon="-121.088782"/>
      <trkpt lat="47.701827" lon="-121.088570"/>
      <trkpt lat="47.701793" lon="-121.088409"/>
      <trkpt lat="47.701834" lon="-121.088339"/>
      <trkpt lat="47.701865" lon="-121.088369"/>
      <trkpt lat="47.701906" lon="-121.088441"/>
      <trkpt lat="47.701932" lon="-121.088664"/>
      <trkpt lat="47.701962" lon="-121.088846"/>
      <trkpt lat="47.702027" lon="-121.088967"/>
      <trkpt lat="47.702114" lon="-121.089082"/>
      <trkpt lat="47.702152" lon="-121.089259"/>
      <trkpt lat="47.702184" lon="-121.089359"/>
      <trkpt lat="47.702184" lon="-121.089431"/>
      <trkpt lat="47.702139" lon="-121.089549"/>
      <trkpt lat="47.702127" lon="-121.089619"/>
      <trkpt lat="47.702166" lon="-121.089769"/>
      <trkpt lat="47.702185" lon="-121.089912"/>
      <trkpt lat="47.702183" lon="-121.090093"/>
      <trkpt lat="47.702206" lon="-121.090147"/>
      <trkpt lat="47.702244" lon="-121.090131"/>
      <trkpt lat="47.702302" lon="-121.089981"/>
      <trkpt lat="47.702311" lon="-121.089891"/>
      <trkpt lat="47.702349" lon="-121.089863"/>
      <trkpt lat="47.702406" lon="-121.089895"/>
      <trkpt lat="47.702450" lon="-121.089943"/>
      <trkpt lat="47.702511" lon="-121.089975"/>
      <trkpt lat="47.702587" lon="-121.089981"/>
      <trkpt lat="47.702692" lon="-121.089911"/>
      <trkpt lat="47.702763" lon="-121.089804"/>
      <trkpt lat="47.702818" lon="-121.089766"/>
      <trkpt lat="47.702867" lon="-121.089753"/>
      <trkpt lat="47.702932" lon="-121.089807"/>
      <trkpt lat="47.702980" lon="-121.089780"/>
      <trkpt lat="47.703002" lon="-121.089702"/>
      <trkpt lat="47.703040" lon="-121.089611"/>
      <trkpt lat="47.703082" lon="-121.089573"/>
      <trkpt lat="47.703172" lon="-121.089562"/>
      <trkpt lat="47.703224" lon="-121.089562"/>
      <trkpt lat="47.703269" lon="-121.089536"/>
      <trkpt lat="47.703374" lon="-121.089351"/>
      <trkpt lat="47.703410" lon="-121.089353"/>
      <trkpt lat="47.703452" lon="-121.089395"/>
      <trkpt lat="47.703547" lon="-121.089451"/>
      <trkpt lat="47.703616" lon="-121.089436"/>
      <trkpt lat="47.703684" lon="-121.089517"/>
      <trkpt lat="47.703722" lon="-121.089554"/>
      <trkpt lat="47.703796" lon="-121.089600"/>
      <trkpt lat="47.703923" lon="-121.089626"/>
      <trkpt lat="47.703951" lon="-121.089578"/>
      <trkpt lat="47.703957" lon="-121.089522"/>
      <trkpt lat="47.703897" lon="-121.089377"/>
      <trkpt lat="47.703868" lon="-121.089286"/>
      <trkpt lat="47.703888" lon="-121.089152"/>
      <trkpt lat="47.703933" lon="-121.089066"/>
      <trkpt lat="47.703958" lon="-121.088996"/>
      <trkpt lat="47.703937" lon="-121.088892"/>
      <trkpt lat="47.703950" lon="-121.088830"/>
      <trkpt lat="47.703982" lon="-121.088809"/>
      <trkpt lat="47.704049" lon="-121.088829"/>
      <trkpt lat="47.704078" lon="-121.088817"/>
      <trkpt lat="47.704112" lon="-121.088779"/>
      <trkpt lat="47.704125" lon="-121.088742"/>
      <trkpt lat="47.704121" lon="-121.088683"/>
      <trkpt lat="47.704060" lon="-121.088602"/>
      <trkpt lat="47.704024" lon="-121.088538"/>
      <trkpt lat="47.704029" lon="-121.088490"/>
      <trkpt lat="47.704076" lon="-121.088479"/>
      <trkpt lat="47.704145" lon="-121.088492"/>
      <trkpt lat="47.704202" lon="-121.088471"/>
      <trkpt lat="47.704239" lon="-121.088447"/>
      <trkpt lat="47.704284" lon="-121.088365"/>
      <trkpt lat="47.704303" lon="-121.088280"/>
      <trkpt lat="47.704322" lon="-121.087954"/>
      <trkpt lat="47.704330" lon="-121.087889"/>
      <trkpt lat="47.704352" lon="-121.087870"/>
      <trkpt lat="47.704390" lon="-121.087903"/>
      <trkpt lat="47.704437" lon="-121.087908"/>
      <trkpt lat="47.704487" lon="-121.087886"/>
      <trkpt lat="47.704616" lon="-121.087722"/>
      <trkpt lat="47.704696" lon="-121.087643"/>
      <trkpt lat="47.704714" lon="-121.087614"/>
      <trkpt lat="47.704745" lon="-121.087520"/>
      <trkpt lat="47.704771" lon="-121.087421"/>
      <trkpt lat="47.704772" lon="-121.087319"/>
      <trkpt lat="47.704765" lon="-121.087244"/>
      <trkpt lat="47.704734" lon="-121.087165"/>
      <trkpt lat="47.704663" lon="-121.087016"/>
      <trkpt lat="47.704555" lon="-121.086855"/>
      <trkpt lat="47.704493" lon="-121.086709"/>
      <trkpt lat="47.704467" lon="-121.086607"/>
      <trkpt lat="47.704436" lon="-121.086546"/>
      <trkpt lat="47.704408" lon="-121.086510"/>
      <trkpt lat="47.704411" lon="-121.086471"/>
      <trkpt lat="47.704425" lon="-121.086448"/>
      <trkpt lat="47.704451" lon="-121.086430"/>
      <trkpt lat="47.704492" lon="-121.086431"/>
      <trkpt lat="47.704547" lon="-121.086424"/>
      <trkpt lat="47.704570" lon="-121.086395"/>
      <trkpt lat="47.704589" lon="-121.086370"/>
      <trkpt lat="47.704620" lon="-121.086263"/>
      <trkpt lat="47.704631" lon="-121.086023"/>
      <trkpt lat="47.704608" lon="-121.085935"/>
      <trkpt lat="47.704571" lon="-121.085852"/>
      <trkpt lat="47.704488" lon="-121.085724"/>
      <trkpt lat="47.704394" lon="-121.085604"/>
      <trkpt lat="47.704306" lon="-121.085511"/>
      <trkpt lat="47.704210" lon="-121.085438"/>
      <trkpt lat="47.704140" lon="-121.085370"/>
      <trkpt lat="47.704073" lon="-121.085340"/>
      <trkpt lat="47.703992" lon="-121.085256"/>
      <trkpt lat="47.703843" lon="-121.084965"/>
      <trkpt lat="47.703805" lon="-121.084839"/>
      <trkpt lat="47.703802" lon="-121.084716"/>
      <trkpt lat="47.703764" lon="-121.084558"/>
      <trkpt lat="47.703677" lon="-121.084396"/>
      <trkpt lat="47.703621" lon="-121.084308"/>
      <trkpt lat="47.703625" lon="-121.084214"/>
      <trkpt lat="47.703661" lon="-121.084064"/>
      <trkpt lat="47.703652" lon="-121.083946"/>
      <trkpt lat="47.703670" lon="-121.083849"/>
      <trkpt lat="47.703755" lon="-121.083772"/>
      <trkpt lat="47.703790" lon="-121.083685"/>
      <trkpt lat="47.703784" lon="-121.083632"/>
      <trkpt lat="47.703731" lon="-121.083546"/>
      <trkpt lat="47.703719" lon="-121.083450"/>
      <trkpt lat="47.703733" lon="-121.083318"/>
      <trkpt lat="47.703758" lon="-121.083208"/>
      <trkpt lat="47.703747" lon="-121.083010"/>
      <trkpt lat="47.703686" lon="-121.082897"/>
      <trkpt lat="47.703603" lon="-121.082790"/>
      <trkpt lat="47.703498" lon="-121.082718"/>
      <trkpt lat="47.703406" lon="-121.082589"/>
      <trkpt lat="47.703280" lon="-121.082516"/>
      <trkpt lat="47.703165" lon="-121.082393"/>
      <trkpt lat="47.703041" lon="-121.082416"/>
      <trkpt lat="47.702827" lon="-121.082647"/>
      <trkpt lat="47.702740" lon="-121.082693"/>
      <trkpt lat="47.702710" lon="-121.082680"/>
      <trkpt lat="47.702704" lon="-121.082610"/>
      <trkpt lat="47.702715" lon="-121.082503"/>
      <trkpt lat="47.702742" lon="-121.082398"/>
      <trkpt lat="47.702735" lon="-121.082253"/>
      <trkpt lat="47.702683" lon="-121.082031"/>
      <trkpt lat="47.702683" lon="-121.081749"/>
      <trkpt lat="47.702692" lon="-121.081671"/>
      <trkpt lat="47.702733" lon="-121.081637"/>
      <trkpt lat="47.702903" lon="-121.081586"/>
      <trkpt lat="47.702973" lon="-121.081540"/>
      <trkpt lat="47.702946" lon="-121.081498"/>
      <trkpt lat="47.702895" lon="-121.081505"/>
      <trkpt lat="47.702892" lon="-121.081473"/>
      <trkpt lat="47.702914" lon="-121.081425"/>
      <trkpt lat="47.702964" lon="-121.081393"/>
      <trkpt lat="47.703026" lon="-121.081323"/>
      <trkpt lat="47.703091" lon="-121.081210"/>
      <trkpt lat="47.703132" lon="-121.081116"/>
      <trkpt lat="47.703159" lon="-121.080934"/>
      <trkpt lat="47.703173" lon="-121.080800"/>
      <trkpt lat="47.703276" lon="-121.080566"/>
      <trkpt lat="47.703349" lon="-121.080376"/>
      <trkpt lat="47.703378" lon="-121.080236"/>
      <trkpt lat="47.703432" lon="-121.080145"/>
      <trkpt lat="47.703470" lon="-121.080033"/>
      <trkpt lat="47.703565" lon="-121.079595"/>
      <trkpt lat="47.703625" lon="-121.079437"/>
      <trkpt lat="47.703632" lon="-121.079357"/>
      <trkpt lat="47.703618" lon="-121.079292"/>
      <trkpt lat="47.703576" lon="-121.079290"/>
      <trkpt lat="47.703556" lon="-121.079239"/>
      <trkpt lat="47.703585" lon="-121.079172"/>
      <trkpt lat="47.703681" lon="-121.079064"/>
      <trkpt lat="47.703789" lon="-121.079008"/>
      <trkpt lat="47.703861" lon="-121.078917"/>
      <trkpt lat="47.703897" lon="-121.078810"/>
      <trkpt lat="47.704006" lon="-121.078657"/>
      <trkpt lat="47.704022" lon="-121.078506"/>
      <trkpt lat="47.704022" lon="-121.078429"/>
      <trkpt lat="47.704009" lon="-121.078362"/>
      <trkpt lat="47.703948" lon="-121.078345"/>
      <trkpt lat="47.703890" lon="-121.078351"/>
      <trkpt lat="47.703843" lon="-121.078343"/>
      <trkpt lat="47.703821" lon="-121.078294"/>
      <trkpt lat="47.703838" lon="-121.078225"/>
      <trkpt lat="47.703910" lon="-121.078091"/>
      <trkpt lat="47.703928" lon="-121.078016"/>
      <trkpt lat="47.703985" lon="-121.077923"/>
      <trkpt lat="47.703979" lon="-121.077887"/>
      <trkpt lat="47.703942" lon="-121.077771"/>
      <trkpt lat="47.703944" lon="-121.077680"/>
      <trkpt lat="47.703933" lon="-121.077589"/>
      <trkpt lat="47.703937" lon="-121.077533"/>
      <trkpt lat="47.703987" lon="-121.077502"/>
      <trkpt lat="47.704008" lon="-121.077428"/>
      <trkpt lat="47.703968" lon="-121.077294"/>
      <trkpt lat="47.703863" lon="-121.077025"/>
      <trkpt lat="47.703811" lon="-121.076833"/>
      <trkpt lat="47.703769" lon="-121.076699"/>
      <trkpt lat="47.703666" lon="-121.076444"/>
      <trkpt lat="47.703614" lon="-121.076272"/>
      <trkpt lat="47.703584" lon="-121.076208"/>
      <trkpt lat="47.703504" lon="-121.076194"/>
      <trkpt lat="47.703420" lon="-121.076118"/>
      <trkpt lat="47.703361" lon="-121.075998"/>
      <trkpt lat="47.703313" lon="-121.075931"/>
      <trkpt lat="47.703280" lon="-121.075864"/>
      <trkpt lat="47.703280" lon="-121.075795"/>
      <trkpt lat="47.703285" lon="-121.075714"/>
      <trkpt lat="47.703266" lon="-121.075628"/>
      <trkpt lat="47.703173" lon="-121.075451"/>
      <trkpt lat="47.703164" lon="-121.075344"/>
      <trkpt lat="47.703166" lon="-121.075274"/>
      <trkpt lat="47.703202" lon="-121.075167"/>
      <trkpt lat="47.703204" lon="-121.075044"/>
      <trkpt lat="47.703188" lon="-121.074971"/>
      <trkpt lat="47.703193" lon="-121.074899"/>
      <trkpt lat="47.703213" lon="-121.074861"/>
      <trkpt lat="47.703262" lon="-121.074845"/>
      <trkpt lat="47.703383" lon="-121.074843"/>
      <trkpt lat="47.703414" lon="-121.074832"/>
      <trkpt lat="47.703434" lon="-121.074770"/>
      <trkpt lat="47.703430" lon="-121.074690"/>
      <trkpt lat="47.703444" lon="-121.074614"/>
      <trkpt lat="47.703486" lon="-121.074542"/>
      <trkpt lat="47.703535" lon="-121.074529"/>
      <trkpt lat="47.703677" lon="-121.074542"/>
      <trkpt lat="47.703818" lon="-121.074585"/>
      <trkpt lat="47.703926" lon="-121.074647"/>
      <trkpt lat="47.704045" lon="-121.074757"/>
      <trkpt lat="47.704118" lon="-121.074797"/>
      <trkpt lat="47.704378" lon="-121.074832"/>
      <trkpt lat="47.704587" lon="-121.074848"/>
      <trkpt lat="47.705008" lon="-121.074855"/>
      <trkpt lat="47.705154" lon="-121.074826"/>
      <trkpt lat="47.705379" lon="-121.074885"/>
      <trkpt lat="47.705551" lon="-121.074969"/>
      <trkpt lat="47.705791" lon="-121.075057"/>
      <trkpt lat="47.705905" lon="-121.075113"/>
      <trkpt lat="47.706013" lon="-121.075103"/>
      <trkpt lat="47.706121" lon="-121.075084"/>
      <trkpt lat="47.706264" lon="-121.074971"/>
      <trkpt lat="47.706323" lon="-121.074955"/>
      <trkpt lat="47.706421" lon="-121.074939"/>
      <trkpt lat="47.706587" lon="-121.074942"/>
      <trkpt lat="47.706849" lon="-121.075007"/>
      <trkpt lat="47.706964" lon="-121.075014"/>
      <trkpt lat="47.707027" lon="-121.075052"/>
      <trkpt lat="47.707074" lon="-121.075108"/>
      <trkpt lat="47.707107" lon="-121.075207"/>
      <trkpt lat="47.707148" lon="-121.075285"/>
      <trkpt lat="47.707206" lon="-121.075371"/>
      <trkpt lat="47.707457" lon="-121.075529"/>
      <trkpt lat="47.707679" lon="-121.075580"/>
      <trkpt lat="47.707758" lon="-121.075620"/>
      <trkpt lat="47.707818" lon="-121.075669"/>
      <trkpt lat="47.707893" lon="-121.075671"/>
      <trkpt lat="47.707991" lon="-121.075714"/>
      <trkpt lat="47.708063" lon="-121.075760"/>
      <trkpt lat="47.708182" lon="-121.075771"/>
      <trkpt lat="47.708272" lon="-121.075738"/>
      <trkpt lat="47.708359" lon="-121.075647"/>
      <trkpt lat="47.708410" lon="-121.075580"/>
      <trkpt lat="47.708433" lon="-121.075526"/>
      <trkpt lat="47.708439" lon="-121.075350"/>
      <trkpt lat="47.708473" lon="-121.075282"/>
      <trkpt lat="47.708531" lon="-121.075211"/>
      <trkpt lat="47.708554" lon="-121.075132"/>
      <trkpt lat="47.708570" lon="-121.075022"/>
      <trkpt lat="47.708576" lon="-121.074915"/>
      <trkpt lat="47.708608" lon="-121.074867"/>
      <trkpt lat="47.708675" lon="-121.074808"/>
      <trkpt lat="47.708731" lon="-121.074743"/>
      <trkpt lat="47.708773" lon="-121.074657"/>
      <trkpt lat="47.708794" lon="-121.074526"/>
      <trkpt lat="47.708790" lon="-121.074228"/>
      <trkpt lat="47.708805" lon="-121.073949"/>
      <trkpt lat="47.708787" lon="-121.073841"/>
      <trkpt lat="47.708756" lon="-121.073767"/>
      <trkpt lat="47.708653" lon="-121.073678"/>
      <trkpt lat="47.708574" lon="-121.073582"/>
      <trkpt lat="47.708339" lon="-121.073182"/>
      <trkpt lat="47.708291" lon="-121.073147"/>
      <trkpt lat="47.708240" lon="-121.073096"/>
      <trkpt lat="47.708227" lon="-121.073045"/>
      <trkpt lat="47.708255" lon="-121.072997"/>
      <trkpt lat="47.708300" lon="-121.072949"/>
      <trkpt lat="47.708336" lon="-121.072877"/>
      <trkpt lat="47.708356" lon="-121.072772"/>
      <trkpt lat="47.708357" lon="-121.072598"/>
      <trkpt lat="47.708336" lon="-121.072514"/>
      <trkpt lat="47.708268" lon="-121.072400"/>
      <trkpt lat="47.708220" lon="-121.072335"/>
      <trkpt lat="47.708202" lon="-121.072265"/>
      <trkpt lat="47.708229" lon="-121.072166"/>
      <trkpt lat="47.708233" lon="-121.072084"/>
      <trkpt lat="47.708215" lon="-121.072021"/>
      <trkpt lat="47.708081" lon="-121.071865"/>
      <trkpt lat="47.708042" lon="-121.071795"/>
      <trkpt lat="47.708058" lon="-121.071729"/>
      <trkpt lat="47.708099" lon="-121.071621"/>
      <trkpt lat="47.708148" lon="-121.071525"/>
      <trkpt lat="47.708206" lon="-121.071393"/>
      <trkpt lat="47.708236" lon="-121.071291"/>
      <trkpt lat="47.708258" lon="-121.071077"/>
      <trkpt lat="47.708267" lon="-121.070859"/>
      <trkpt lat="47.708282" lon="-121.070631"/>
      <trkpt lat="47.708298" lon="-121.070468"/>
      <trkpt lat="47.708386" lon="-121.070224"/>
      <trkpt lat="47.708417" lon="-121.070116"/>
      <trkpt lat="47.708433" lon="-121.069974"/>
      <trkpt lat="47.708439" lon="-121.069797"/>
      <trkpt lat="47.708462" lon="-121.069658"/>
      <trkpt lat="47.708471" lon="-121.069502"/>
      <trkpt lat="47.708493" lon="-121.069365"/>
      <trkpt lat="47.708549" lon="-121.069148"/>
      <trkpt lat="47.708610" lon="-121.068944"/>
      <trkpt lat="47.708673" lon="-121.068757"/>
      <trkpt lat="47.708756" lon="-121.068606"/>
      <trkpt lat="47.708881" lon="-121.068437"/>
      <trkpt lat="47.708962" lon="-121.068311"/>
      <trkpt lat="47.709179" lon="-121.067896"/>
      <trkpt lat="47.709336" lon="-121.067724"/>
      <trkpt lat="47.709444" lon="-121.067668"/>
      <trkpt lat="47.709503" lon="-121.067603"/>
      <trkpt lat="47.709533" lon="-121.067522"/>
      <trkpt lat="47.709424" lon="-121.067576"/>
      <trkpt lat="47.709256" lon="-121.067574"/>
      <trkpt lat="47.709180" lon="-121.067611"/>
      <trkpt lat="47.709034" lon="-121.067622"/>
      <trkpt lat="47.709067" lon="-121.067568"/>
      <trkpt lat="47.709121" lon="-121.067528"/>
      <trkpt lat="47.709215" lon="-121.067445"/>
      <trkpt lat="47.709238" lon="-121.067399"/>
      <trkpt lat="47.709276" lon="-121.067364"/>
      <trkpt lat="47.709332" lon="-121.067303"/>
      <trkpt lat="47.709381" lon="-121.067271"/>
      <trkpt lat="47.709419" lon="-121.067233"/>
      <trkpt lat="47.709381" lon="-121.067212"/>
      <trkpt lat="47.709314" lon="-121.067222"/>
      <trkpt lat="47.709274" lon="-121.067244"/>
      <trkpt lat="47.709244" lon="-121.067214"/>
      <trkpt lat="47.709283" lon="-121.067142"/>
      <trkpt lat="47.709352" lon="-121.067104"/>
      <trkpt lat="47.709404" lon="-121.067088"/>
      <trkpt lat="47.709464" lon="-121.067131"/>
      <trkpt lat="47.709536" lon="-121.067163"/>
      <trkpt lat="47.709575" lon="-121.067188"/>
      <trkpt lat="47.709633" lon="-121.067177"/>
      <trkpt lat="47.709684" lon="-121.067107"/>
      <trkpt lat="47.709666" lon="-121.067099"/>
      <trkpt lat="47.709610" lon="-121.067118"/>
      <trkpt lat="47.709585" lon="-121.067086"/>
      <trkpt lat="47.709635" lon="-121.067064"/>
      <trkpt lat="47.709711" lon="-121.066986"/>
      <trkpt lat="47.709830" lon="-121.066841"/>
      <trkpt lat="47.709893" lon="-121.066833"/>
      <trkpt lat="47.709994" lon="-121.066783"/>
      <trkpt lat="47.710155" lon="-121.066758"/>
      <trkpt lat="47.710296" lon="-121.066715"/>
      <trkpt lat="47.710388" lon="-121.066643"/>
      <trkpt lat="47.710476" lon="-121.066544"/>
      <trkpt lat="47.710527" lon="-121.066477"/>
      <trkpt lat="47.710536" lon="-121.066436"/>
      <trkpt lat="47.710525" lon="-121.066345"/>
      <trkpt lat="47.710581" lon="-121.066206"/>
      <trkpt lat="47.710590" lon="-121.066125"/>
      <trkpt lat="47.710626" lon="-121.066069"/>
      <trkpt lat="47.710704" lon="-121.066091"/>
      <trkpt lat="47.710770" lon="-121.066082"/>
      <trkpt lat="47.710812" lon="-121.066064"/>
      <trkpt lat="47.710864" lon="-121.065946"/>
      <trkpt lat="47.710908" lon="-121.065887"/>
      <trkpt lat="47.711043" lon="-121.065814"/>
      <trkpt lat="47.711146" lon="-121.065828"/>
      <trkpt lat="47.711202" lon="-121.065919"/>
      <trkpt lat="47.711222" lon="-121.065959"/>
      <trkpt lat="47.711240" lon="-121.065927"/>
      <trkpt lat="47.711238" lon="-121.065822"/>
      <trkpt lat="47.711296" lon="-121.065667"/>
      <trkpt lat="47.711335" lon="-121.065626"/>
      <trkpt lat="47.711377" lon="-121.065633"/>
      <trkpt lat="47.711413" lon="-121.065683"/>
      <trkpt lat="47.711467" lon="-121.065690"/>
      <trkpt lat="47.711516" lon="-121.065543"/>
      <trkpt lat="47.711585" lon="-121.065429"/>
      <trkpt lat="47.711647" lon="-121.065420"/>
      <trkpt lat="47.711705" lon="-121.065439"/>
      <trkpt lat="47.711747" lon="-121.065396"/>
      <trkpt lat="47.711808" lon="-121.065390"/>
      <trkpt lat="47.711866" lon="-121.065393"/>
      <trkpt lat="47.711936" lon="-121.065318"/>
      <trkpt lat="47.712014" lon="-121.065334"/>
      <trkpt lat="47.712081" lon="-121.065313"/>
      <trkpt lat="47.712083" lon="-121.065251"/>
      <trkpt lat="47.712117" lon="-121.065133"/>
      <trkpt lat="47.712205" lon="-121.064937"/>
      <trkpt lat="47.712238" lon="-121.064774"/>
      <trkpt lat="47.712267" lon="-121.064666"/>
      <trkpt lat="47.712294" lon="-121.064626"/>
      <trkpt lat="47.712341" lon="-121.064623"/>
      <trkpt lat="47.712521" lon="-121.064586"/>
      <trkpt lat="47.712597" lon="-121.064487"/>
      <trkpt lat="47.712750" lon="-121.064393"/>
      <trkpt lat="47.712810" lon="-121.064293"/>
      <trkpt lat="47.712844" lon="-121.064245"/>
      <trkpt lat="47.712891" lon="-121.064250"/>
      <trkpt lat="47.712922" lon="-121.064226"/>
      <trkpt lat="47.712947" lon="-121.064084"/>
      <trkpt lat="47.712987" lon="-121.064009"/>
      <trkpt lat="47.713039" lon="-121.063988"/>
      <trkpt lat="47.713173" lon="-121.063995"/>
      <trkpt lat="47.713223" lon="-121.064009"/>
      <trkpt lat="47.713284" lon="-121.063955"/>
      <trkpt lat="47.713409" lon="-121.063832"/>
      <trkpt lat="47.713494" lon="-121.063676"/>
      <trkpt lat="47.713579" lon="-121.063558"/>
      <trkpt lat="47.713653" lon="-121.063478"/>
      <trkpt lat="47.713656" lon="-121.063339"/>
      <trkpt lat="47.713645" lon="-121.063167"/>
      <trkpt lat="47.713633" lon="-121.063052"/>
      <trkpt lat="47.713647" lon="-121.062904"/>
      <trkpt lat="47.713647" lon="-121.062823"/>
      <trkpt lat="47.713635" lon="-121.062735"/>
      <trkpt lat="47.713634" lon="-121.062609"/>
      <trkpt lat="47.713685" lon="-121.062381"/>
      <trkpt lat="47.713707" lon="-121.062172"/>
      <trkpt lat="47.713768" lon="-121.061874"/>
      <trkpt lat="47.713799" lon="-121.061667"/>
      <trkpt lat="47.713853" lon="-121.061485"/>
      <trkpt lat="47.713851" lon="-121.061410"/>
      <trkpt lat="47.713840" lon="-121.061281"/>
      <trkpt lat="47.713867" lon="-121.061182"/>
      <trkpt lat="47.713965" lon="-121.060962"/>
      <trkpt lat="47.713996" lon="-121.060809"/>
      <trkpt lat="47.714048" lon="-121.060688"/>
      <trkpt lat="47.714048" lon="-121.060554"/>
      <trkpt lat="47.714109" lon="-121.060061"/>
      <trkpt lat="47.714125" lon="-121.059825"/>
      <trkpt lat="47.714122" lon="-121.059620"/>
      <trkpt lat="47.714143" lon="-121.059567"/>
      <trkpt lat="47.714228" lon="-121.059484"/>
      <trkpt lat="47.714375" lon="-121.059423"/>
      <trkpt lat="47.714347" lon="-121.059382"/>
      <trkpt lat="47.714308" lon="-121.059385"/>
      <trkpt lat="47.714266" lon="-121.059369"/>
      <trkpt lat="47.714187" lon="-121.059385"/>
      <trkpt lat="47.714138" lon="-121.059388"/>
      <trkpt lat="47.714183" lon="-121.059318"/>
      <trkpt lat="47.714290" lon="-121.059262"/>
      <trkpt lat="47.714449" lon="-121.059235"/>
      <trkpt lat="47.714591" lon="-121.059237"/>
      <trkpt lat="47.714674" lon="-121.059288"/>
      <trkpt lat="47.714820" lon="-121.059433"/>
      <trkpt lat="47.714851" lon="-121.059417"/>
      <trkpt lat="47.714851" lon="-121.059390"/>
      <trkpt lat="47.714828" lon="-121.059340"/>
      <trkpt lat="47.714771" lon="-121.059270"/>
      <trkpt lat="47.714730" lon="-121.059192"/>
      <trkpt lat="47.714721" lon="-121.059101"/>
      <trkpt lat="47.714725" lon="-121.059028"/>
      <trkpt lat="47.714755" lon="-121.058934"/>
      <trkpt lat="47.714791" lon="-121.058881"/>
      <trkpt lat="47.714874" lon="-121.058851"/>
      <trkpt lat="47.714925" lon="-121.058854"/>
      <trkpt lat="47.714954" lon="-121.058875"/>
      <trkpt lat="47.714990" lon="-121.058985"/>
      <trkpt lat="47.715033" lon="-121.059044"/>
      <trkpt lat="47.715105" lon="-121.059095"/>
      <trkpt lat="47.715201" lon="-121.059117"/>
      <trkpt lat="47.715252" lon="-121.059162"/>
      <trkpt lat="47.715282" lon="-121.059223"/>
      <trkpt lat="47.715362" lon="-121.059345"/>
      <trkpt lat="47.715389" lon="-121.059479"/>
      <trkpt lat="47.715430" lon="-121.059562"/>
      <trkpt lat="47.715576" lon="-121.059790"/>
      <trkpt lat="47.715649" lon="-121.059865"/>
      <trkpt lat="47.715782" lon="-121.059985"/>
      <trkpt lat="47.715977" lon="-121.060139"/>
      <trkpt lat="47.716093" lon="-121.060192"/>
      <trkpt lat="47.716175" lon="-121.060313"/>
      <trkpt lat="47.716201" lon="-121.060394"/>
      <trkpt lat="47.716235" lon="-121.060428"/>
      <trkpt lat="47.716271" lon="-121.060455"/>
      <trkpt lat="47.716405" lon="-121.060485"/>
      <trkpt lat="47.716446" lon="-121.060512"/>
      <trkpt lat="47.716457" lon="-121.060557"/>
      <trkpt lat="47.716425" lon="-121.060619"/>
      <trkpt lat="47.716414" lon="-121.060678"/>
      <trkpt lat="47.716421" lon="-121.060745"/>
      <trkpt lat="47.716461" lon="-121.060817"/>
      <trkpt lat="47.716527" lon="-121.060841"/>
      <trkpt lat="47.716692" lon="-121.060804"/>
      <trkpt lat="47.716776" lon="-121.060815"/>
      <trkpt lat="47.716876" lon="-121.060882"/>
      <trkpt lat="47.716973" lon="-121.060938"/>
      <trkpt lat="47.717060" lon="-121.060978"/>
      <trkpt lat="47.717135" lon="-121.060975"/>
      <trkpt lat="47.717197" lon="-121.060935"/>
      <trkpt lat="47.717253" lon="-121.060863"/>
      <trkpt lat="47.717455" lon="-121.060823"/>
      <trkpt lat="47.717556" lon="-121.060774"/>
      <trkpt lat="47.717698" lon="-121.060777"/>
      <trkpt lat="47.717805" lon="-121.060764"/>
      <trkpt lat="47.717863" lon="-121.060723"/>
      <trkpt lat="47.717933" lon="-121.060587"/>
      <trkpt lat="47.717957" lon="-121.060619"/>
      <trkpt lat="47.717966" lon="-121.060710"/>
      <trkpt lat="47.717987" lon="-121.060823"/>
      <trkpt lat="47.718004" lon="-121.060871"/>
      <trkpt lat="47.718043" lon="-121.060911"/>
      <trkpt lat="47.718117" lon="-121.060927"/>
      <trkpt lat="47.718220" lon="-121.061040"/>
      <trkpt lat="47.718290" lon="-121.061067"/>
      <trkpt lat="47.718373" lon="-121.061088"/>
      <trkpt lat="47.718446" lon="-121.061088"/>
      <trkpt lat="47.718512" lon="-121.061056"/>
      <trkpt lat="47.718576" lon="-121.060994"/>
      <trkpt lat="47.718633" lon="-121.060874"/>
      <trkpt lat="47.718687" lon="-121.060823"/>
      <trkpt lat="47.718779" lon="-121.060766"/>
      <trkpt lat="47.718982" lon="-121.060670"/>
      <trkpt lat="47.719069" lon="-121.060687"/>
      <trkpt lat="47.719105" lon="-121.060701"/>
      <trkpt lat="47.719133" lon="-121.060755"/>
      <trkpt lat="47.719169" lon="-121.060875"/>
    </trkseg>
    <trkseg>
      <trkpt lat="47.719169" lon="-121.060875"/>
      <trkpt lat="47.719352" lon="-121.061391"/>
      <trkpt lat="47.719463" lon="-121.061708"/>
      <trkpt lat="47.719615" lon="-121.062008"/>
      <trkpt lat="47.719691" lon="-121.062110"/>
      <trkpt lat="47.719835" lon="-121.062198"/>
      <trkpt lat="47.719904" lon="-121.062362"/>
      <trkpt lat="47.719961" lon="-121.062566"/>
      <trkpt lat="47.720098" lon="-121.063215"/>
      <trkpt lat="47.720156" lon="-121.063505"/>
      <trkpt lat="47.720214" lon="-121.063618"/>
      <trkpt lat="47.720292" lon="-121.063703"/>
      <trkpt lat="47.720387" lon="-121.063786"/>
      <trkpt lat="47.720436" lon="-121.063805"/>
      <trkpt lat="47.720461" lon="-121.063805"/>
      <trkpt lat="47.720550" lon="-121.063733"/>
      <trkpt lat="47.720586" lon="-121.063736"/>
      <trkpt lat="47.720577" lon="-121.063781"/>
      <trkpt lat="47.720465" lon="-121.063891"/>
      <trkpt lat="47.720467" lon="-121.063931"/>
      <trkpt lat="47.720600" lon="-121.063888"/>
      <trkpt lat="47.720661" lon="-121.063856"/>
      <trkpt lat="47.720741" lon="-121.063864"/>
      <trkpt lat="47.721008" lon="-121.063921"/>
      <trkpt lat="47.721109" lon="-121.063953"/>
      <trkpt lat="47.721232" lon="-121.063966"/>
      <trkpt lat="47.721506" lon="-121.064041"/>
      <trkpt lat="47.721643" lon="-121.064084"/>
      <trkpt lat="47.721908" lon="-121.064202"/>
      <trkpt lat="47.722188" lon="-121.064375"/>
      <trkpt lat="47.722243" lon="-121.064403"/>
      <trkpt lat="47.722276" lon="-121.064428"/>
      <trkpt lat="47.722318" lon="-121.064474"/>
      <trkpt lat="47.722356" lon="-121.064488"/>
      <trkpt lat="47.722391" lon="-121.064518"/>
      <trkpt lat="47.722434" lon="-121.064526"/>
      <trkpt lat="47.722477" lon="-121.064525"/>
      <trkpt lat="47.722504" lon="-121.064539"/>
      <trkpt lat="47.722510" lon="-121.064551"/>
      <trkpt lat="47.722510" lon="-121.064567"/>
      <trkpt lat="47.722501" lon="-121.064574"/>
      <trkpt lat="47.722406" lon="-121.064568"/>
      <trkpt lat="47.722319" lon="-121.064590"/>
      <trkpt lat="47.722254" lon="-121.064572"/>
      <trkpt lat="47.722208" lon="-121.064569"/>
      <trkpt lat="47.722154" lon="-121.064551"/>
      <trkpt lat="47.722140" lon="-121.064558"/>
      <trkpt lat="47.722134" lon="-121.064576"/>
      <trkpt lat="47.722146" lon="-121.064592"/>
      <trkpt lat="47.722226" lon="-121.064627"/>
      <trkpt lat="47.722271" lon="-121.064653"/>
      <trkpt lat="47.722297" lon="-121.064674"/>
      <trkpt lat="47.722306" lon="-121.064690"/>
      <trkpt lat="47.722307" lon="-121.064705"/>
      <trkpt lat="47.722302" lon="-121.064712"/>
      <trkpt lat="47.722272" lon="-121.064696"/>
      <trkpt lat="47.722232" lon="-121.064684"/>
      <trkpt lat="47.722166" lon="-121.064680"/>
      <trkpt lat="47.722125" lon="-121.064686"/>
      <trkpt lat="47.722086" lon="-121.064719"/>
      <trkpt lat="47.722062" lon="-121.064779"/>
      <trkpt lat="47.722046" lon="-121.064874"/>
      <trkpt lat="47.722063" lon="-121.065001"/>
      <trkpt lat="47.722102" lon="-121.065228"/>
      <trkpt lat="47.722110" lon="-121.065448"/>
      <trkpt lat="47.722125" lon="-121.065559"/>
      <trkpt lat="47.722149" lon="-121.065625"/>
      <trkpt lat="47.722198" lon="-121.065653"/>
      <trkpt lat="47.722243" lon="-121.065649"/>
      <trkpt lat="47.722306" lon="-121.065572"/>
      <trkpt lat="47.722369" lon="-121.065534"/>
      <trkpt lat="47.722386" lon="-121.065555"/>
      <trkpt lat="47.722374" lon="-121.065672"/>
      <trkpt lat="47.722355" lon="-121.065758"/>
      <trkpt lat="47.722312" lon="-121.065883"/>
      <trkpt lat="47.722272" lon="-121.065955"/>
      <trkpt lat="47.722240" lon="-121.066031"/>
      <trkpt lat="47.722192" lon="-121.066163"/>
      <trkpt lat="47.722154" lon="-121.066285"/>
      <trkpt lat="47.722129" lon="-121.066412"/>
      <trkpt lat="47.722134" lon="-121.066481"/>
      <trkpt lat="47.722158" lon="-121.066544"/>
      <trkpt lat="47.722163" lon="-121.066656"/>
      <trkpt lat="47.722106" lon="-121.066855"/>
      <trkpt lat="47.722088" lon="-121.066935"/>
      <trkpt lat="47.722040" lon="-121.067027"/>
      <trkpt lat="47.722021" lon="-121.067128"/>
      <trkpt lat="47.722018" lon="-121.067216"/>
      <trkpt lat="47.721994" lon="-121.067287"/>
      <trkpt lat="47.721958" lon="-121.067339"/>
      <trkpt lat="47.721915" lon="-121.067369"/>
      <trkpt lat="47.721884" lon="-121.067371"/>
      <trkpt lat="47.721879" lon="-121.067448"/>
      <trkpt lat="47.721892" lon="-121.067519"/>
      <trkpt lat="47.721884" lon="-121.067600"/>
      <trkpt lat="47.721860" lon="-121.067692"/>
      <trkpt lat="47.721863" lon="-121.067740"/>
      <trkpt lat="47.721880" lon="-121.067792"/>
      <trkpt lat="47.721908" lon="-121.067849"/>
      <trkpt lat="47.721967" lon="-121.067906"/>
      <trkpt lat="47.722114" lon="-121.068023"/>
      <trkpt lat="47.722170" lon="-121.068092"/>
      <trkpt lat="47.722188" lon="-121.068170"/>
      <trkpt lat="47.722183" lon="-121.068244"/>
      <trkpt lat="47.722183" lon="-121.068319"/>
      <trkpt lat="47.722203" lon="-121.068391"/>
      <trkpt lat="47.722222" lon="-121.068441"/>
      <trkpt lat="47.722262" lon="-121.068508"/>
      <trkpt lat="47.722321" lon="-121.068577"/>
      <trkpt lat="47.722378" lon="-121.068632"/>
      <trkpt lat="47.722492" lon="-121.068799"/>
      <trkpt lat="47.722526" lon="-121.068954"/>
      <trkpt lat="47.722556" lon="-121.069022"/>
      <trkpt lat="47.722561" lon="-121.069095"/>
      <trkpt lat="47.722557" lon="-121.069218"/>
      <trkpt lat="47.722536" lon="-121.069302"/>
      <trkpt lat="47.722486" lon="-121.069392"/>
      <trkpt lat="47.722366" lon="-121.069526"/>
      <trkpt lat="47.722269" lon="-121.069602"/>
      <trkpt lat="47.722051" lon="-121.069753"/>
      <trkpt lat="47.721997" lon="-121.069803"/>
      <trkpt lat="47.721962" lon="-121.069878"/>
      <trkpt lat="47.721945" lon="-121.069958"/>
      <trkpt lat="47.721957" lon="-121.070361"/>
      <trkpt lat="47.721953" lon="-121.070426"/>
      <trkpt lat="47.721936" lon="-121.070511"/>
      <trkpt lat="47.721949" lon="-121.070603"/>
      <trkpt lat="47.721979" lon="-121.070693"/>
      <trkpt lat="47.721997" lon="-121.070780"/>
      <trkpt lat="47.721986" lon="-121.070912"/>
      <trkpt lat="47.721989" lon="-121.071055"/>
      <trkpt lat="47.721998" lon="-121.071156"/>
      <trkpt lat="47.721991" lon="-121.071206"/>
      <trkpt lat="47.721961" lon="-121.071340"/>
      <trkpt lat="47.721961" lon="-121.071370"/>
      <trkpt lat="47.721982" lon="-121.071445"/>
      <trkpt lat="47.721992" lon="-121.071628"/>
      <trkpt lat="47.722023" lon="-121.071905"/>
      <trkpt lat="47.722030" lon="-121.072026"/>
      <trkpt lat="47.722040" lon="-121.072108"/>
      <trkpt lat="47.722153" lon="-121.072420"/>
      <trkpt lat="47.722184" lon="-121.072517"/>
      <trkpt lat="47.722203" lon="-121.072636"/>
      <trkpt lat="47.722240" lon="-121.072728"/>
      <trkpt lat="47.722257" lon="-121.072863"/>
      <trkpt lat="47.722249" lon="-121.072970"/>
      <trkpt lat="47.722257" lon="-121.073025"/>
      <trkpt lat="47.722301" lon="-121.073095"/>
      <trkpt lat="47.722308" lon="-121.073196"/>
      <trkpt lat="47.722338" lon="-121.073298"/>
      <trkpt lat="47.722344" lon="-121.073357"/>
      <trkpt lat="47.722348" lon="-121.073450"/>
      <trkpt lat="47.722369" lon="-121.073516"/>
      <trkpt lat="47.722408" lon="-121.073566"/>
      <trkpt lat="47.722455" lon="-121.073614"/>
      <trkpt lat="47.722510" lon="-121.073697"/>
      <trkpt lat="47.722530" lon="-121.073778"/>
      <trkpt lat="47.722558" lon="-121.074050"/>
      <trkpt lat="47.722591" lon="-121.074117"/>
      <trkpt lat="47.722614" lon="-121.074188"/>
      <trkpt lat="47.722613" lon="-121.074307"/>
      <trkpt lat="47.722630" lon="-121.074390"/>
      <trkpt lat="47.722683" lon="-121.074518"/>
      <trkpt lat="47.722770" lon="-121.074616"/>
      <trkpt lat="47.722803" lon="-121.074674"/>
      <trkpt lat="47.722818" lon="-121.074814"/>
      <trkpt lat="47.722815" lon="-121.074928"/>
      <trkpt lat="47.722842" lon="-121.075091"/>
      <trkpt lat="47.722863" lon="-121.075172"/>
      <trkpt lat="47.722864" lon="-121.075425"/>
      <trkpt lat="47.722875" lon="-121.075525"/>
      <trkpt lat="47.722909" lon="-121.075600"/>
      <trkpt lat="47.722975" lon="-121.075691"/>
      <trkpt lat="47.723024" lon="-121.075793"/>
      <trkpt lat="47.723092" lon="-121.076072"/>
      <trkpt lat="47.723149" lon="-121.076333"/>
      <trkpt lat="47.723195" lon="-121.076511"/>
      <trkpt lat="47.723244" lon="-121.076723"/>
      <trkpt lat="47.723287" lon="-121.076802"/>
      <trkpt lat="47.723346" lon="-121.076874"/>
      <trkpt lat="47.723415" lon="-121.076912"/>
      <trkpt lat="47.723455" lon="-121.076953"/>
      <trkpt lat="47.723518" lon="-121.077051"/>
      <trkpt lat="47.723557" lon="-121.077132"/>
      <trkpt lat="47.723613" lon="-121.077214"/>
      <trkpt lat="47.723683" lon="-121.077301"/>
      <trkpt lat="47.723779" lon="-121.077399"/>
      <trkpt lat="47.723834" lon="-121.077466"/>
      <trkpt lat="47.723946" lon="-121.077546"/>
      <trkpt lat="47.724033" lon="-121.077620"/>
      <trkpt lat="47.724185" lon="-121.077714"/>
      <trkpt lat="47.724243" lon="-121.077716"/>
      <trkpt lat="47.724302" lon="-121.077713"/>
      <trkpt lat="47.724407" lon="-121.077739"/>
      <trkpt lat="47.724519" lon="-121.077793"/>
      <trkpt lat="47.724624" lon="-121.077808"/>
      <trkpt lat="47.724714" lon="-121.077798"/>
      <trkpt lat="47.724785" lon="-121.077838"/>
      <trkpt lat="47.724878" lon="-121.077970"/>
      <trkpt lat="47.724958" lon="-121.078120"/>
      <trkpt lat="47.724979" lon="-121.078132"/>
      <trkpt lat="47.725031" lon="-121.078130"/>
      <trkpt lat="47.725104" lon="-121.078159"/>
      <trkpt lat="47.725184" lon="-121.078228"/>
      <trkpt lat="47.725291" lon="-121.078304"/>
      <trkpt lat="47.725411" lon="-121.078398"/>
      <trkpt lat="47.725502" lon="-121.078485"/>
      <trkpt lat="47.725555" lon="-121.078555"/>
      <trkpt lat="47.725614" lon="-121.078611"/>
      <trkpt lat="47.725678" lon="-121.078721"/>
      <trkpt lat="47.725705" lon="-121.078791"/>
      <trkpt lat="47.725779" lon="-121.078914"/>
      <trkpt lat="47.725876" lon="-121.079052"/>
      <trkpt lat="47.725987" lon="-121.079137"/>
      <trkpt lat="47.726078" lon="-121.079172"/>
      <trkpt lat="47.726148" lon="-121.079161"/>
      <trkpt lat="47.726230" lon="-121.079014"/>
      <trkpt lat="47.726299" lon="-121.078975"/>
      <trkpt lat="47.726356" lon="-121.079004"/>
      <trkpt lat="47.726389" lon="-121.078983"/>
      <trkpt lat="47.726404" lon="-121.079067"/>
      <trkpt lat="47.726395" lon="-121.079270"/>
      <trkpt lat="47.726407" lon="-121.079507"/>
      <trkpt lat="47.726447" lon="-121.079577"/>
      <trkpt lat="47.726495" lon="-121.079558"/>
      <trkpt lat="47.726564" lon="-121.079411"/>
      <trkpt lat="47.726612" lon="-121.079340"/>
      <trkpt lat="47.726670" lon="-121.079331"/>
      <trkpt lat="47.726720" lon="-121.079423"/>
      <trkpt lat="47.726761" lon="-121.079480"/>
      <trkpt lat="47.726805" lon="-121.079506"/>
      <trkpt lat="47.726994" lon="-121.079544"/>
      <trkpt lat="47.727130" lon="-121.079498"/>
      <trkpt lat="47.727265" lon="-121.079513"/>
      <trkpt lat="47.727283" lon="-121.079834"/>
      <trkpt lat="47.727336" lon="-121.079991"/>
      <trkpt lat="47.727380" lon="-121.080094"/>
      <trkpt lat="47.727377" lon="-121.080142"/>
      <trkpt lat="47.727410" lon="-121.080260"/>
      <trkpt lat="47.727426" lon="-121.080451"/>
      <trkpt lat="47.727417" lon="-121.080589"/>
      <trkpt lat="47.727401" lon="-121.080680"/>
      <trkpt lat="47.727364" lon="-121.080743"/>
      <trkpt lat="47.727330" lon="-121.080862"/>
      <trkpt lat="47.727433" lon="-121.080800"/>
      <trkpt lat="47.727503" lon="-121.080710"/>
      <trkpt lat="47.727530" lon="-121.080694"/>
      <trkpt lat="47.727567" lon="-121.080635"/>
      <trkpt lat="47.727636" lon="-121.080595"/>
      <trkpt lat="47.727693" lon="-121.080532"/>
      <trkpt lat="47.727769" lon="-121.080593"/>
      <trkpt lat="47.727850" lon="-121.080565"/>
      <trkpt lat="47.727914" lon="-121.080448"/>
      <trkpt lat="47.727992" lon="-121.080440"/>
      <trkpt lat="47.728413" lon="-121.080225"/>
      <trkpt lat="47.728592" lon="-121.080287"/>
      <trkpt lat="47.728649" lon="-121.080373"/>
      <trkpt lat="47.728679" lon="-121.080520"/>
      <trkpt lat="47.728761" lon="-121.080671"/>
      <trkpt lat="47.728805" lon="-121.080910"/>
      <trkpt lat="47.728790" lon="-121.081117"/>
      <trkpt lat="47.728786" lon="-121.081242"/>
      <trkpt lat="47.728846" lon="-121.081497"/>
      <trkpt lat="47.728875" lon="-121.081762"/>
      <trkpt lat="47.728905" lon="-121.081843"/>
      <trkpt lat="47.728969" lon="-121.081878"/>
      <trkpt lat="47.729044" lon="-121.081942"/>
      <trkpt lat="47.729136" lon="-121.082076"/>
      <trkpt lat="47.729223" lon="-121.082232"/>
      <trkpt lat="47.729313" lon="-121.082270"/>
      <trkpt lat="47.729405" lon="-121.082259"/>
      <trkpt lat="47.729497" lon="-121.082304"/>
      <trkpt lat="47.729562" lon="-121.082317"/>
      <trkpt lat="47.729599" lon="-121.082354"/>
      <trkpt lat="47.729630" lon="-121.082366"/>
      <trkpt lat="47.729678" lon="-121.082415"/>
      <trkpt lat="47.729753" lon="-121.082443"/>
      <trkpt lat="47.729827" lon="-121.082449"/>
      <trkpt lat="47.729916" lon="-121.082398"/>
      <trkpt lat="47.730107" lon="-121.082262"/>
      <trkpt lat="47.730181" lon="-121.082200"/>
      <trkpt lat="47.730240" lon="-121.082162"/>
      <trkpt lat="47.730292" lon="-121.082139"/>
      <trkpt lat="47.730423" lon="-121.082144"/>
      <trkpt lat="47.730560" lon="-121.082102"/>
      <trkpt lat="47.730632" lon="-121.082109"/>
      <trkpt lat="47.730675" lon="-121.082079"/>
      <trkpt lat="47.730728" lon="-121.082031"/>
      <trkpt lat="47.730813" lon="-121.082026"/>
      <trkpt lat="47.730896" lon="-121.082035"/>
      <trkpt lat="47.730971" lon="-121.082036"/>
      <trkpt lat="47.731016" lon="-121.082001"/>
      <trkpt lat="47.731048" lon="-121.081941"/>
      <trkpt lat="47.731243" lon="-121.081716"/>
      <trkpt lat="47.731308" lon="-121.081624"/>
      <trkpt lat="47.731385" lon="-121.081545"/>
      <trkpt lat="47.731586" lon="-121.081264"/>
      <trkpt lat="47.731756" lon="-121.080931"/>
      <trkpt lat="47.731819" lon="-121.080867"/>
      <trkpt lat="47.731854" lon="-121.080767"/>
      <trkpt lat="47.731925" lon="-121.080598"/>
      <trkpt lat="47.732028" lon="-121.080470"/>
      <trkpt lat="47.732068" lon="-121.080393"/>
      <trkpt lat="47.732103" lon="-121.080356"/>
      <trkpt lat="47.732162" lon="-121.080393"/>
      <trkpt lat="47.732218" lon="-121.080361"/>
      <trkpt lat="47.732261" lon="-121.080293"/>
      <trkpt lat="47.732382" lon="-121.080089"/>
      <trkpt lat="47.732533" lon="-121.079732"/>
      <trkpt lat="47.732633" lon="-121.079595"/>
      <trkpt lat="47.732749" lon="-121.079350"/>
      <trkpt lat="47.732827" lon="-121.079201"/>
      <trkpt lat="47.732924" lon="-121.079042"/>
      <trkpt lat="47.732980" lon="-121.078922"/>
      <trkpt lat="47.733038" lon="-121.078649"/>
      <trkpt lat="47.733120" lon="-121.078545"/>
      <trkpt lat="47.733260" lon="-121.078335"/>
      <trkpt lat="47.733329" lon="-121.078248"/>
      <trkpt lat="47.733402" lon="-121.078181"/>
      <trkpt lat="47.733470" lon="-121.078070"/>
      <trkpt lat="47.733558" lon="-121.078024"/>
      <trkpt lat="47.733642" lon="-121.077990"/>
      <trkpt lat="47.733755" lon="-121.077908"/>
      <trkpt lat="47.733761" lon="-121.077925"/>
      <trkpt lat="47.733755" lon="-121.077945"/>
      <trkpt lat="47.733635" lon="-121.078075"/>
      <trkpt lat="47.733603" lon="-121.078104"/>
      <trkpt lat="47.733579" lon="-121.078173"/>
      <trkpt lat="47.733571" lon="-121.078276"/>
      <trkpt lat="47.733540" lon="-121.078363"/>
      <trkpt lat="47.733514" lon="-121.078413"/>
      <trkpt lat="47.733490" lon="-121.078492"/>
      <trkpt lat="47.733475" lon="-121.078609"/>
      <trkpt lat="47.733473" lon="-121.078736"/>
      <trkpt lat="47.733441" lon="-121.078982"/>
      <trkpt lat="47.733387" lon="-121.079148"/>
      <trkpt lat="47.733360" lon="-121.079328"/>
      <trkpt lat="47.733277" lon="-121.079678"/>
      <trkpt lat="47.733262" lon="-121.079769"/>
      <trkpt lat="47.733268" lon="-121.079870"/>
      <trkpt lat="47.733233" lon="-121.079921"/>
      <trkpt lat="47.733217" lon="-121.079999"/>
      <trkpt lat="47.733127" lon="-121.080233"/>
      <trkpt lat="47.733060" lon="-121.080423"/>
      <trkpt lat="47.732979" lon="-121.080534"/>
      <trkpt lat="47.732946" lon="-121.080604"/>
      <trkpt lat="47.732857" lon="-121.080881"/>
      <trkpt lat="47.732828" lon="-121.081073"/>
      <trkpt lat="47.732779" lon="-121.081213"/>
      <trkpt lat="47.732743" lon="-121.081302"/>
      <trkpt lat="47.732687" lon="-121.081473"/>
      <trkpt lat="47.732637" lon="-121.081588"/>
      <trkpt lat="47.732591" lon="-121.081628"/>
      <trkpt lat="47.732484" lon="-121.081803"/>
      <trkpt lat="47.732449" lon="-121.081835"/>
      <trkpt lat="47.732427" lon="-121.081866"/>
      <trkpt lat="47.732429" lon="-121.081935"/>
      <trkpt lat="47.732455" lon="-121.082001"/>
      <trkpt lat="47.732475" lon="-121.082067"/>
      <trkpt lat="47.732457" lon="-121.082114"/>
      <trkpt lat="47.732420" lon="-121.082176"/>
      <trkpt lat="47.732379" lon="-121.082205"/>
      <trkpt lat="47.732354" lon="-121.082268"/>
      <trkpt lat="47.732374" lon="-121.082288"/>
      <trkpt lat="47.732455" lon="-121.082294"/>
      <trkpt lat="47.732487" lon="-121.082268"/>
      <trkpt lat="47.732605" lon="-121.082193"/>
      <trkpt lat="47.732671" lon="-121.082122"/>
      <trkpt lat="47.732745" lon="-121.082020"/>
      <trkpt lat="47.732783" lon="-121.081924"/>
      <trkpt lat="47.732838" lon="-121.081832"/>
      <trkpt lat="47.732872" lon="-121.081800"/>
      <trkpt lat="47.732905" lon="-121.081803"/>
      <trkpt lat="47.733019" lon="-121.081788"/>
      <trkpt lat="47.733069" lon="-121.081743"/>
      <trkpt lat="47.733140" lon="-121.081715"/>
      <trkpt lat="47.733180" lon="-121.081659"/>
      <trkpt lat="47.733309" lon="-121.081631"/>
      <trkpt lat="47.733414" lon="-121.081476"/>
      <trkpt lat="47.733488" lon="-121.081311"/>
      <trkpt lat="47.733511" lon="-121.081323"/>
      <trkpt lat="47.733405" lon="-121.081693"/>
      <trkpt lat="47.733388" lon="-121.081778"/>
      <trkpt lat="47.733337" lon="-121.081867"/>
      <trkpt lat="47.733306" lon="-121.081937"/>
      <trkpt lat="47.733269" lon="-121.082033"/>
      <trkpt lat="47.733192" lon="-121.082152"/>
      <trkpt lat="47.733159" lon="-121.082216"/>
      <trkpt lat="47.733162" lon="-121.082295"/>
      <trkpt lat="47.733154" lon="-121.082336"/>
      <trkpt lat="47.732884" lon="-121.083036"/>
      <trkpt lat="47.732840" lon="-121.083101"/>
      <trkpt lat="47.732789" lon="-121.083161"/>
      <trkpt lat="47.732738" lon="-121.083262"/>
      <trkpt lat="47.732726" lon="-121.083395"/>
      <trkpt lat="47.732718" lon="-121.083442"/>
      <trkpt lat="47.732687" lon="-121.083483"/>
      <trkpt lat="47.732656" lon="-121.083541"/>
      <trkpt lat="47.732539" lon="-121.083690"/>
      <trkpt lat="47.732486" lon="-121.083747"/>
      <trkpt lat="47.732447" lon="-121.083868"/>
      <trkpt lat="47.732444" lon="-121.083996"/>
      <trkpt lat="47.732405" lon="-121.084140"/>
      <trkpt lat="47.732348" lon="-121.084301"/>
      <trkpt lat="47.732301" lon="-121.084336"/>
      <trkpt lat="47.732197" lon="-121.084502"/>
      <trkpt lat="47.732197" lon="-121.084542"/>
      <trkpt lat="47.732225" lon="-121.084552"/>
      <trkpt lat="47.732293" lon="-121.084469"/>
      <trkpt lat="47.732389" lon="-121.084401"/>
      <trkpt lat="47.732426" lon="-121.084432"/>
      <trkpt lat="47.732442" lon="-121.084464"/>
      <trkpt lat="47.732440" lon="-121.084564"/>
      <trkpt lat="47.732430" lon="-121.084631"/>
      <trkpt lat="47.732401" lon="-121.084693"/>
      <trkpt lat="47.732378" lon="-121.084762"/>
      <trkpt lat="47.732386" lon="-121.084779"/>
      <trkpt lat="47.732402" lon="-121.084776"/>
      <trkpt lat="47.732440" lon="-121.084704"/>
      <trkpt lat="47.732462" lon="-121.084682"/>
      <trkpt lat="47.732479" lon="-121.084637"/>
      <trkpt lat="47.732494" lon="-121.084570"/>
      <trkpt lat="47.732510" lon="-121.084547"/>
      <trkpt lat="47.732538" lon="-121.084543"/>
      <trkpt lat="47.732540" lon="-121.084570"/>
      <trkpt lat="47.732522" lon="-121.084618"/>
      <trkpt lat="47.732520" lon="-121.084677"/>
      <trkpt lat="47.732501" lon="-121.084770"/>
      <trkpt lat="47.732498" lon="-121.084915"/>
      <trkpt lat="47.732482" lon="-121.085004"/>
      <trkpt lat="47.732443" lon="-121.085053"/>
      <trkpt lat="47.732353" lon="-121.085099"/>
      <trkpt lat="47.732309" lon="-121.085142"/>
      <trkpt lat="47.732208" lon="-121.085325"/>
      <trkpt lat="47.732070" lon="-121.085479"/>
      <trkpt lat="47.731946" lon="-121.085541"/>
      <trkpt lat="47.731766" lon="-121.085682"/>
      <trkpt lat="47.731656" lon="-121.085727"/>
      <trkpt lat="47.731592" lon="-121.085759"/>
      <trkpt lat="47.731534" lon="-121.085771"/>
      <trkpt lat="47.731481" lon="-121.085762"/>
      <trkpt lat="47.731425" lon="-121.085726"/>
      <trkpt lat="47.731377" lon="-121.085711"/>
      <trkpt lat="47.731338" lon="-121.085727"/>
      <trkpt lat="47.731309" lon="-121.085791"/>
      <trkpt lat="47.731261" lon="-121.085852"/>
      <trkpt lat="47.731155" lon="-121.085886"/>
      <trkpt lat="47.731131" lon="-121.085909"/>
      <trkpt lat="47.731089" lon="-121.085894"/>
      <trkpt lat="47.731046" lon="-121.085907"/>
      <trkpt lat="47.731046" lon="-121.085931"/>
      <trkpt lat="47.731061" lon="-121.085948"/>
      <trkpt lat="47.731163" lon="-121.086005"/>
      <trkpt lat="47.731230" lon="-121.086011"/>
      <trkpt lat="47.731282" lon="-121.086042"/>
      <trkpt lat="47.731337" lon="-121.086037"/>
      <trkpt lat="47.731379" lon="-121.086004"/>
      <trkpt lat="47.731408" lon="-121.085965"/>
      <trkpt lat="47.731457" lon="-121.085967"/>
      <trkpt lat="47.731507" lon="-121.086003"/>
      <trkpt lat="47.731743" lon="-121.086145"/>
      <trkpt lat="47.731787" lon="-121.086155"/>
      <trkpt lat="47.731840" lon="-121.086150"/>
      <trkpt lat="47.731902" lon="-121.086180"/>
      <trkpt lat="47.731931" lon="-121.086187"/>
      <trkpt lat="47.731985" lon="-121.086173"/>
      <trkpt lat="47.732022" lon="-121.086177"/>
      <trkpt lat="47.732013" lon="-121.086211"/>
      <trkpt lat="47.731970" lon="-121.086219"/>
      <trkpt lat="47.731920" lon="-121.086242"/>
      <trkpt lat="47.731835" lon="-121.086242"/>
      <trkpt lat="47.731769" lon="-121.086257"/>
      <trkpt lat="47.731551" lon="-121.086244"/>
      <trkpt lat="47.731496" lon="-121.086235"/>
      <trkpt lat="47.731466" lon="-121.086268"/>
      <trkpt lat="47.731435" lon="-121.086321"/>
      <trkpt lat="47.731407" lon="-121.086428"/>
      <trkpt lat="47.731373" lon="-121.086477"/>
      <trkpt lat="47.731328" lon="-121.086498"/>
      <trkpt lat="47.731305" lon="-121.086567"/>
      <trkpt lat="47.731241" lon="-121.086709"/>
      <trkpt lat="47.731219" lon="-121.086771"/>
      <trkpt lat="47.731197" lon="-121.086790"/>
      <trkpt lat="47.731139" lon="-121.086809"/>
      <trkpt lat="47.731143" lon="-121.086840"/>
      <trkpt lat="47.731201" lon="-121.086857"/>
      <trkpt lat="47.731235" lon="-121.086837"/>
      <trkpt lat="47.731273" lon="-121.086827"/>
      <trkpt lat="47.731279" lon="-121.086869"/>
      <trkpt lat="47.731256" lon="-121.086949"/>
      <trkpt lat="47.731275" lon="-121.086998"/>
      <trkpt lat="47.731347" lon="-121.087140"/>
      <trkpt lat="47.731368" lon="-121.087191"/>
      <trkpt lat="47.731388" lon="-121.087220"/>
      <trkpt lat="47.731407" lon="-121.087229"/>
      <trkpt lat="47.731432" lon="-121.087222"/>
      <trkpt lat="47.731493" lon="-121.087182"/>
      <trkpt lat="47.731521" lon="-121.087197"/>
      <trkpt lat="47.731533" lon="-121.087233"/>
      <trkpt lat="47.731539" lon="-121.087281"/>
      <trkpt lat="47.731536" lon="-121.087334"/>
      <trkpt lat="47.731527" lon="-121.087369"/>
      <trkpt lat="47.731502" lon="-121.087406"/>
      <trkpt lat="47.731450" lon="-121.087428"/>
      <trkpt lat="47.731412" lon="-121.087431"/>
      <trkpt lat="47.731353" lon="-121.087404"/>
      <trkpt lat="47.731257" lon="-121.087354"/>
      <trkpt lat="47.731214" lon="-121.087289"/>
      <trkpt lat="47.731185" lon="-121.087218"/>
      <trkpt lat="47.731150" lon="-121.087185"/>
      <trkpt lat="47.730989" lon="-121.087171"/>
      <trkpt lat="47.730911" lon="-121.087185"/>
      <trkpt lat="47.730861" lon="-121.087180"/>
      <trkpt lat="47.730802" lon="-121.087227"/>
      <trkpt lat="47.730773" lon="-121.087241"/>
      <trkpt lat="47.730739" lon="-121.087212"/>
      <trkpt lat="47.730697" lon="-121.087192"/>
      <trkpt lat="47.730681" lon="-121.087225"/>
      <trkpt lat="47.730700" lon="-121.087269"/>
      <trkpt lat="47.730773" lon="-121.087357"/>
      <trkpt lat="47.730826" lon="-121.087378"/>
      <trkpt lat="47.730865" lon="-121.087405"/>
      <trkpt lat="47.730912" lon="-121.087451"/>
      <trkpt lat="47.730939" lon="-121.087528"/>
      <trkpt lat="47.731015" lon="-121.087607"/>
      <trkpt lat="47.731063" lon="-121.087650"/>
      <trkpt lat="47.731063" lon="-121.087673"/>
      <trkpt lat="47.731055" lon="-121.087685"/>
      <trkpt lat="47.730992" lon="-121.087673"/>
      <trkpt lat="47.730695" lon="-121.087698"/>
      <trkpt lat="47.730695" lon="-121.087748"/>
      <trkpt lat="47.730747" lon="-121.087803"/>
      <trkpt lat="47.731016" lon="-121.088039"/>
      <trkpt lat="47.731156" lon="-121.088185"/>
      <trkpt lat="47.731352" lon="-121.088530"/>
      <trkpt lat="47.731657" lon="-121.088788"/>
      <trkpt lat="47.731771" lon="-121.088987"/>
      <trkpt lat="47.731806" lon="-121.089070"/>
      <trkpt lat="47.731865" lon="-121.089112"/>
      <trkpt lat="47.731913" lon="-121.089138"/>
      <trkpt lat="47.731940" lon="-121.089198"/>
      <trkpt lat="47.731988" lon="-121.089222"/>
      <trkpt lat="47.732023" lon="-121.089224"/>
      <trkpt lat="47.732097" lon="-121.089208"/>
      <trkpt lat="47.732107" lon="-121.089250"/>
      <trkpt lat="47.732014" lon="-121.089406"/>
      <trkpt lat="47.731955" lon="-121.089484"/>
      <trkpt lat="47.731863" lon="-121.089550"/>
      <trkpt lat="47.731712" lon="-121.089495"/>
      <trkpt lat="47.731660" lon="-121.089483"/>
      <trkpt lat="47.731617" lon="-121.089511"/>
      <trkpt lat="47.731602" lon="-121.089564"/>
      <trkpt lat="47.731643" lon="-121.089724"/>
      <trkpt lat="47.731645" lon="-121.089775"/>
      <trkpt lat="47.731620" lon="-121.089793"/>
      <trkpt lat="47.731553" lon="-121.089773"/>
      <trkpt lat="47.731498" lon="-121.089789"/>
      <trkpt lat="47.731475" lon="-121.089833"/>
      <trkpt lat="47.731463" lon="-121.089955"/>
      <trkpt lat="47.731508" lon="-121.090056"/>
      <trkpt lat="47.731569" lon="-121.090303"/>
      <trkpt lat="47.731597" lon="-121.090392"/>
      <trkpt lat="47.731603" lon="-121.090487"/>
      <trkpt lat="47.731617" lon="-121.090567"/>
      <trkpt lat="47.731667" lon="-121.090658"/>
      <trkpt lat="47.731735" lon="-121.090678"/>
      <trkpt lat="47.731829" lon="-121.090652"/>
      <trkpt lat="47.731894" lon="-121.090570"/>
      <trkpt lat="47.731934" lon="-121.090484"/>
      <trkpt lat="47.731991" lon="-121.090427"/>
      <trkpt lat="47.732036" lon="-121.090391"/>
      <trkpt lat="47.732108" lon="-121.090357"/>
      <trkpt lat="47.732153" lon="-121.090280"/>
      <trkpt lat="47.732194" lon="-121.090245"/>
      <trkpt lat="47.732215" lon="-121.090255"/>
      <trkpt lat="47.732221" lon="-121.090370"/>
      <trkpt lat="47.732194" lon="-121.090609"/>
      <trkpt lat="47.732154" lon="-121.090680"/>
      <trkpt lat="47.732155" lon="-121.090720"/>
      <trkpt lat="47.732173" lon="-121.090737"/>
      <trkpt lat="47.732251" lon="-121.090731"/>
      <trkpt lat="47.732356" lon="-121.090676"/>
      <trkpt lat="47.732451" lon="-121.090533"/>
      <trkpt lat="47.732640" lon="-121.090175"/>
      <trkpt lat="47.732675" lon="-121.090221"/>
      <trkpt lat="47.732673" lon="-121.090346"/>
      <trkpt lat="47.732634" lon="-121.090381"/>
      <trkpt lat="47.732635" lon="-121.090576"/>
      <trkpt lat="47.732607" lon="-121.090731"/>
      <trkpt lat="47.732562" lon="-121.090857"/>
      <trkpt lat="47.732578" lon="-121.090870"/>
      <trkpt lat="47.732648" lon="-121.090792"/>
      <trkpt lat="47.732833" lon="-121.090611"/>
      <trkpt lat="47.732928" lon="-121.090466"/>
      <trkpt lat="47.733080" lon="-121.090202"/>
      <trkpt lat="47.733072" lon="-121.090142"/>
      <trkpt lat="47.733053" lon="-121.090074"/>
      <trkpt lat="47.733062" lon="-121.090008"/>
      <trkpt lat="47.733091" lon="-121.089944"/>
      <trkpt lat="47.733187" lon="-121.089836"/>
      <trkpt lat="47.733384" lon="-121.089574"/>
      <trkpt lat="47.733570" lon="-121.089274"/>
      <trkpt lat="47.733932" lon="-121.088732"/>
      <trkpt lat="47.734079" lon="-121.088460"/>
      <trkpt lat="47.734300" lon="-121.088078"/>
      <trkpt lat="47.734453" lon="-121.087843"/>
      <trkpt lat="47.734569" lon="-121.087744"/>
      <trkpt lat="47.734782" lon="-121.087603"/>
      <trkpt lat="47.734905" lon="-121.087532"/>
      <trkpt lat="47.735423" lon="-121.087395"/>
      <trkpt lat="47.735616" lon="-121.087285"/>
      <trkpt lat="47.735798" lon="-121.087170"/>
      <trkpt lat="47.735860" lon="-121.087140"/>
      <trkpt lat="47.735900" lon="-121.087130"/>
      <trkpt lat="47.735984" lon="-121.087195"/>
      <trkpt lat="47.736198" lon="-121.087205"/>
      <trkpt lat="47.736465" lon="-121.087462"/>
      <trkpt lat="47.736602" lon="-121.087468"/>
      <trkpt lat="47.736828" lon="-121.087414"/>
      <trkpt lat="47.737127" lon="-121.087364"/>
      <trkpt lat="47.737348" lon="-121.087423"/>
      <trkpt lat="47.737455" lon="-121.087415"/>
      <trkpt lat="47.737645" lon="-121.087382"/>
      <trkpt lat="47.737795" lon="-121.087317"/>
      <trkpt lat="47.737902" lon="-121.087335"/>
      <trkpt lat="47.738097" lon="-121.087402"/>
      <trkpt lat="47.738509" lon="-121.087525"/>
      <trkpt lat="47.738678" lon="-121.087588"/>
      <trkpt lat="47.738808" lon="-121.087592"/>
      <trkpt lat="47.739029" lon="-121.087583"/>
      <trkpt lat="47.739225" lon="-121.087555"/>
      <trkpt lat="47.739446" lon="-121.087502"/>
      <trkpt lat="47.739635" lon="-121.087406"/>
      <trkpt lat="47.739730" lon="-121.087382"/>
      <trkpt lat="47.739901" lon="-121.087427"/>
      <trkpt lat="47.740199" lon="-121.087457"/>
      <trkpt lat="47.740275" lon="-121.087419"/>
      <trkpt lat="47.740388" lon="-121.087317"/>
      <trkpt lat="47.740680" lon="-121.087211"/>
      <trkpt lat="47.740859" lon="-121.087131"/>
      <trkpt lat="47.741022" lon="-121.087016"/>
      <trkpt lat="47.741156" lon="-121.086829"/>
      <trkpt lat="47.741235" lon="-121.086765"/>
      <trkpt lat="47.741370" lon="-121.086631"/>
      <trkpt lat="47.741455" lon="-121.086534"/>
      <trkpt lat="47.741662" lon="-121.086344"/>
      <trkpt lat="47.741897" lon="-121.086152"/>
      <trkpt lat="47.742031" lon="-121.086097"/>
      <trkpt lat="47.742335" lon="-121.086041"/>
      <trkpt lat="47.742621" lon="-121.086112"/>
      <trkpt lat="47.742709" lon="-121.086182"/>
      <trkpt lat="47.742807" lon="-121.086297"/>
      <trkpt lat="47.743005" lon="-121.086562"/>
      <trkpt lat="47.743180" lon="-121.086682"/>
      <trkpt lat="47.743270" lon="-121.086829"/>
      <trkpt lat="47.743440" lon="-121.087162"/>
      <trkpt lat="47.743499" lon="-121.087237"/>
      <trkpt lat="47.743564" lon="-121.087303"/>
      <trkpt lat="47.743803" lon="-121.087397"/>
      <trkpt lat="47.744000" lon="-121.087384"/>
      <trkpt lat="47.744046" lon="-121.087361"/>
      <trkpt lat="47.744375" lon="-121.087200"/>
      <trkpt lat="47.744505" lon="-121.087099"/>
      <trkpt lat="47.744887" lon="-121.086755"/>
      <trkpt lat="47.745040" lon="-121.086642"/>
      <trkpt lat="47.745163" lon="-121.086525"/>
      <trkpt lat="47.745432" lon="-121.086255"/>
      <trkpt lat="47.745633" lon="-121.086223"/>
      <trkpt lat="47.745694" lon="-121.086223"/>
      <trkpt lat="47.745759" lon="-121.086188"/>
      <trkpt lat="47.745793" lon="-121.086097"/>
      <trkpt lat="47.745856" lon="-121.085885"/>
      <trkpt lat="47.746173" lon="-121.085583"/>
      <trkpt lat="47.746297" lon="-121.085412"/>
      <trkpt lat="47.746380" lon="-121.085573"/>
      <trkpt lat="47.746302" lon="-121.085840"/>
      <trkpt lat="47.746338" lon="-121.086156"/>
      <trkpt lat="47.746343" lon="-121.086617"/>
      <trkpt lat="47.746434" lon="-121.086765"/>
    </trkseg>
    <trkseg>
      <trkpt lat="47.745833" lon="-121.087970"/>
      <trkpt lat="47.745886" lon="-121.087858"/>
      <trkpt lat="47.746221" lon="-121.087119"/>
      <trkpt lat="47.746434" lon="-121.086765"/>
    </trkseg>
    <trkseg>
      <trkpt lat="47.746138" lon="-121.088582"/>
      <trkpt lat="47.746057" lon="-121.088344"/>
      <trkpt lat="47.746005" lon="-121.088277"/>
      <trkpt lat="47.745833" lon="-121.087970"/>
    </trkseg>
  </trk>
</gpx>
